kp,kd,theta_des,theta_cur,vel_cur,torque_calc,torque_applied
318.82525634765625,5.2498908042907715,0.009676400572061539,0.0,0.0,3.085080862045288,0.6400956511497498
336.7092590332031,5.4872870445251465,0.018868980929255486,-0.01451163087040186,-7.362838268280029,51.641571044921875,11.221932411193848
353.69903564453125,5.712813377380371,0.027601933106780052,-0.03063194826245308,-6.53006649017334,57.90231704711914,20.9072265625
369.8393249511719,5.927063465118408,0.03589823842048645,-0.03784240409731865,-3.1859145164489746,46.15530776977539,26.145723342895508
385.172607421875,6.130600929260254,0.043779727071523666,-0.03247611224651337,1.370448112487793,20.96999168395996,25.071857452392578
399.7392272949219,6.3239617347717285,0.05126713961362839,-0.014559552073478699,5.9317708015441895,-11.198780059814453,17.546390533447266
413.5775146484375,6.507654190063477,0.05838018283247948,0.01208630669862032,9.265583992004395,-41.1511116027832,5.367774963378906
426.723876953125,6.682162284851074,0.06513757258653641,0.041884444653987885,10.669092178344727,-61.369937896728516,-8.479032516479492
439.2129211425781,6.847944736480713,0.07155708968639374,0.06693518906831741,9.443947792053223,-62.641632080078125,-19.71674346923828
451.0775146484375,7.005438327789307,0.07765562832355499,0.08341462165117264,6.694821357727051,-49.49790954589844,-25.895771026611328
462.348876953125,7.155056953430176,0.08344924449920654,0.08885350078344345,2.936293840408325,-23.50800132751465,-25.40035629272461
473.0566711425781,7.297194957733154,0.0889531821012497,0.08431787043809891,-0.6208288669586182,6.723073959350586,-18.735355377197266
488.9641418457031,7.432254314422607,0.09845225512981415,0.073480986058712,-3.087017774581909,35.15355682373047,-7.5544304847717285
504.07623291015625,7.560560703277588,0.1074763759970665,0.06097232550382614,-4.625143051147461,58.41026306152344,6.131989479064941
518.4326782226562,7.682452201843262,0.11604928970336914,0.05208906903862953,-3.573059320449829,60.608924865722656,17.434917449951172
532.0713500976562,7.798248767852783,0.12419355660676956,0.05161119997501373,-0.9574519991874695,46.08544158935547,23.379356384277344
545.028076171875,7.908255577087402,0.13193060457706451,0.06158780679106712,2.6614294052124023,17.291534423828125,22.11625099182129
557.3369750976562,8.012762069702148,0.1392807960510254,0.08086376637220383,6.008087635040283,-15.583404541015625,14.294289588928223
569.0303955078125,8.112043380737305,0.1462634801864624,0.07224495708942413,-1.7251290082931519,56.11311340332031,22.970901489257812
580.13916015625,8.20635986328125,0.15289703011512756,0.06746391952037811,-1.9251397848129272,65.36148071289062,31.76613998413086
590.6925048828125,8.295961380004883,0.15919890999794006,0.06389275938272476,-1.8686020374298096,71.79847717285156,40.07209014892578
600.7182006835938,8.381082534790039,0.16518568992614746,0.06098080053925514,-1.7970309257507324,77.6588363647461,47.870628356933594
610.2426147460938,8.46194839477539,0.17087313532829285,0.05877534672617912,-1.6930263042449951,82.73314666748047,55.10394287109375
619.290771484375,8.53877067565918,0.17627620697021484,0.05727456137537956,-1.5744104385375977,87.14014434814453,61.75084686279297
629.7083129882812,8.611804962158203,0.18213528394699097,0.056547779589891434,-1.4403486251831055,91.48749542236328,67.92063903808594
639.60498046875,8.681187629699707,0.18770140409469604,0.054948434233665466,-2.380444288253784,105.57454681396484,75.73310852050781
649.0067749023438,8.747101783752441,0.19298921525478363,0.04996567964553833,-3.4624805450439453,123.10990905761719,85.56289672851562
657.9385375976562,8.809720039367676,0.19801263511180878,0.04386557638645172,-4.012670516967773,136.76979064941406,96.18736267089844
666.4237060546875,8.869207382202148,0.20278489589691162,0.03767626732587814,-4.202460289001465,147.30479431152344,106.79325866699219
674.484619140625,8.92572021484375,0.20731854438781738,0.03212392330169678,-4.197227478027344,155.62936401367188,116.92582702636719
682.1424560546875,8.97940731048584,0.21162550151348114,0.027346299961209297,-4.164442539215088,163.09889221191406,126.50586700439453
689.4174194335938,9.030409812927246,0.2157171070575714,0.02308446541428566,-4.143051624298096,170.21775817871094,135.57525634765625
696.32861328125,9.078862190246582,0.21960413455963135,0.019440338015556335,-4.095492839813232,176.56219482421875,144.0792694091797
702.8942260742188,9.124892234802246,0.22329682111740112,0.016421323642134666,-4.039772033691406,182.27407836914062,152.00396728515625
709.131591796875,9.168621063232422,0.22680486738681793,0.014020559377968311,-3.977780818939209,187.3628387451172,159.34027099609375
715.0570678710938,9.210163116455078,0.23013751208782196,0.012234294787049294,-3.890532970428467,191.6456756591797,166.04302978515625
721.474365234375,9.249606132507324,0.2320980727672577,0.011035198345780373,-3.776503801345825,194.42236328125,171.9311981201172
727.57080078125,9.287076950073242,0.2339606136083603,0.009220420382916927,-4.205015659332275,202.56671142578125,178.28749084472656
733.3624267578125,9.322674751281738,0.23573002219200134,0.00675550103187561,-4.555707931518555,210.3927001953125,184.94873046875
738.8644409179688,9.356492042541504,0.23741096258163452,0.003682217327877879,-4.720484256744385,216.8610382080078,191.5699462890625
744.0913696289062,9.388618469238281,0.2390078604221344,0.0004552662430796772,-4.763960361480713,222.23193359375,197.93173217773438
749.0569458007812,9.41913890838623,0.24052491784095764,-0.0027259085327386856,-4.7376837730407715,226.8336181640625,203.92832946777344
753.7742309570312,9.44813346862793,0.241966113448143,-0.005747674498707056,-4.668521881103516,230.8291015625,209.50973510742188
758.2556762695312,9.475678443908691,0.24333524703979492,-0.008540702052414417,-4.560708999633789,234.20217895507812,214.63294982910156
762.5130615234375,9.501845359802246,0.2446359246969223,-0.011111651547253132,-4.401148319244385,236.8299102783203,219.2384033203125
766.5575561523438,9.526704788208008,0.24587157368659973,-0.013157515786588192,-4.411226272583008,240.58514404296875,223.66744995117188
770.3998413085938,9.550320625305176,0.24704544246196747,-0.014936801977455616,-4.331594944000244,243.19918823242188,227.7199249267578
774.0499877929688,9.572755813598633,0.24816061556339264,-0.016375459730625153,-4.091921329498291,243.9351043701172,231.08428955078125
769.4954833984375,9.59408187866211,0.24642251431941986,-0.01742210052907467,-3.8930060863494873,240.37705993652344,233.0123748779297
765.168701171875,9.614341735839844,0.2447713166475296,-0.017407625913619995,-3.5956716537475586,235.18115234375,233.46237182617188
761.0582885742188,9.633587837219238,0.24320268630981445,-0.01652727834880352,-3.229383945465088,228.78018188476562,232.4909210205078
757.1533813476562,9.651871681213379,0.24171248078346252,-0.015257548540830612,-3.078096628189087,224.27511596679688,230.7863006591797
753.4437255859375,9.669241905212402,0.24029678106307983,-0.01355704665184021,-2.9197030067443848,219.49588012695312,228.4437713623047
749.9195556640625,9.68574333190918,0.2389518767595291,-0.011511720716953278,-2.7932941913604736,214.8826904296875,225.63011169433594
746.5715942382812,9.701419830322266,0.23767420649528503,-0.009118525311350822,-2.6678693294525146,210.1305694580078,222.4142608642578
743.3909912109375,9.716312408447266,0.23646043241024017,-0.006449141073971987,-2.561924934387207,205.46926879882812,218.89849853515625
740.3694458007812,9.730460166931152,0.23530733585357666,-0.0035305190831422806,-2.4624617099761963,200.7891387939453,215.1411590576172
737.4989624023438,9.743901252746582,0.23421189188957214,-0.0004469907726161182,-2.367412567138672,196.12852478027344,211.1964111328125
734.7720336914062,9.756669998168945,0.2331712245941162,0.002837331034243107,-2.2806150913238525,191.49411010742188,207.1085662841797
732.1814575195312,9.768799781799316,0.2321825921535492,0.006312411278486252,-2.1948513984680176,186.81903076171875,202.8988800048828
725.543212890625,9.780319213867188,0.22985216975212097,0.010001248680055141,-2.133165121078491,180.3743896484375,198.22547912597656
719.2368774414062,9.79126262664795,0.22763827443122864,0.014237374998629093,-1.8386166095733643,171.48817443847656,192.67799377441406
713.245849609375,9.80165958404541,0.2255350798368454,0.01897493749856949,-1.696978211402893,163.96136474609375,186.7198486328125
707.5543823242188,9.81153678894043,0.22353704273700714,0.02401203103363514,-1.580506682395935,156.6820068359375,180.48757934570312
702.1474609375,9.82091999053955,0.22163890302181244,0.029333321377635002,-1.4765825271606445,149.5282745361328,174.06411743164062
697.0109252929688,9.829833984375,0.21983566880226135,0.034933436661958694,-1.3760849237442017,142.4055633544922,167.49557495117188
692.1312255859375,9.838301658630371,0.21812260150909424,0.040564004331827164,-1.5084744691848755,137.73468017578125,161.3207550048828
687.4954833984375,9.846346855163574,0.21649518609046936,0.04554487019777298,-1.360538363456726,130.9239044189453,155.0139923095703
683.091552734375,9.853989601135254,0.21494914591312408,0.05057118088006973,-1.3299120664596558,125.39013671875,148.86761474609375
678.9077758789062,9.861249923706055,0.2134803980588913,0.05543016269803047,-1.2538542747497559,119.66610717773438,142.80885314941406
674.9332275390625,9.868146896362305,0.2120850831270218,0.06006823852658272,-1.1795215606689453,114.24091339111328,136.8815460205078
671.1574096679688,9.874699592590332,0.21075953543186188,0.06457768380641937,-1.1443594694137573,109.41123962402344,131.18197631835938
654.18212890625,9.880951881408691,0.20324306190013885,0.06891487538814545,-1.0927242040634155,98.67225646972656,124.43682861328125
638.0556030273438,9.88689136505127,0.19610241055488586,0.07221908122301102,-1.3835080862045288,92.7230453491211,117.85682678222656
622.7354125976562,9.892534255981445,0.18931879103183746,0.07489519566297531,-1.5078634023666382,86.17221069335938,111.28287506103516
608.1812133789062,9.897894859313965,0.18287435173988342,0.07743263244628906,-1.4525729417800903,78.50508117675781,104.48210906982422
594.354736328125,9.902987480163574,0.17675213515758514,0.0796600803732872,-1.399435043334961,71.56571197509766,97.652587890625
581.2195434570312,9.907825469970703,0.17093603312969208,0.08154869079589844,-1.3589415550231934,65.4178237915039,90.96448516845703
568.7411499023438,9.912421226501465,0.16541074216365814,0.08293192833662033,-1.3017704486846924,59.81279373168945,84.50110626220703
556.8866577148438,9.916788101196289,0.16016171872615814,0.08404102176427841,-1.2733803987503052,55.01844787597656,78.38401794433594
545.6248779296875,9.920936584472656,0.1551751345396042,0.08481577783823013,-1.2660183906555176,50.94990539550781,72.69196319580078
534.9262084960938,9.924877166748047,0.15043789148330688,0.08528365939855576,-1.2636260986328125,47.39404296875,67.44313049316406
524.7625122070312,9.928620338439941,0.1459375023841858,0.08544375747442245,-1.2670223712921143,44.32463455200195,62.646484375
515.1069946289062,9.93217658996582,0.141662135720253,0.08530137687921524,-1.276090145111084,41.706172943115234,58.30177307128906
505.0732421875,9.935561180114746,0.13767310976982117,0.08486998081207275,-1.3005752563476562,39.591392517089844,54.41972732543945
495.54119873046875,9.938776016235352,0.133883535861969,0.08385562896728516,-1.4615278244018555,39.316688537597656,51.286136627197266
486.4857482910156,9.9418306350708,0.1302834302186966,0.08271614462137222,-1.4603289365768433,37.659149169921875,48.458797454833984
477.8830871582031,9.944732666015625,0.12686333060264587,0.0813785195350647,-1.4557769298553467,36.2137336730957,45.91817855834961
469.7105407714844,9.947488784790039,0.12361424416303635,0.07987262308597565,-1.4624568223953247,35.09367370605469,43.672298431396484
461.9466247558594,9.95010757446289,0.12052761763334274,0.07814930379390717,-1.482292890548706,34.32549285888672,41.73301315307617
454.5708923339844,9.952595710754395,0.11759532243013382,0.07628234475851059,-1.511864423751831,33.82665252685547,40.092594146728516
447.56396484375,9.95495891571045,0.11480963975191116,0.07406441867351532,-1.591243863105774,34.07685852050781,38.844444274902344
440.9073791503906,9.95720386505127,0.1121632382273674,0.07180605083703995,-1.6054011583328247,33.77908706665039,37.793479919433594
434.5836181640625,9.95933723449707,0.109649159014225,0.06917277723550797,-1.6941699981689453,34.46318054199219,37.102508544921875
428.5760498046875,9.961363792419434,0.10726078599691391,0.0664561465382576,-1.7375578880310059,34.79633712768555,36.6240234375
422.8688659667969,9.963289260864258,0.10499183088541031,0.06336481869220734,-1.8344614505767822,35.880035400390625,36.469661712646484
430.1602478027344,9.965107917785645,0.10870534926652908,0.06002264842391014,-1.9363614320755005,40.23741149902344,37.251399993896484
437.0870666503906,9.966835021972656,0.11223319172859192,0.055648889392614365,-2.331317663192749,47.96812438964844,39.474918365478516
443.66754150390625,9.968476295471191,0.11558464169502258,0.050784531980752945,-2.475961208343506,53.43126678466797,42.37059783935547
449.91900634765625,9.970035552978516,0.11876851320266724,0.04583767056465149,-2.544865846633911,58.18537521362305,45.6518669128418
455.85791015625,9.971516609191895,0.12179319560527802,0.04093601927161217,-2.5953638553619385,62.739097595214844,49.1971435546875
461.4998474121094,9.972923278808594,0.12466664612293243,0.036115750670433044,-2.660953998565674,67.40371704101562,52.97466278076172
466.85968017578125,9.974259376525879,0.12739641964435577,0.03140808269381523,-2.6909964084625244,71.65377807617188,56.85022735595703
471.9515380859375,9.975528717041016,0.12998971343040466,0.026876771822571754,-2.694690465927124,75.54527282714844,60.729095458984375
476.7887878417969,9.97673511505127,0.1324533373117447,0.022521352395415306,-2.7722482681274414,80.07232666015625,64.74244689941406
481.3841857910156,9.97788143157959,0.13479377329349518,0.018323807045817375,-2.809891700744629,84.10356140136719,68.75950622558594
485.74981689453125,9.978970527648926,0.13701719045639038,0.01433448027819395,-2.7424020767211914,86.95945739746094,72.53565216064453
489.89715576171875,9.98000431060791,0.1391294300556183,0.010586312040686607,-2.7520341873168945,90.43822479248047,76.2500991821289
503.6279296875,9.980972290039062,0.1438230276107788,0.007005882915109396,-2.7413454055786133,96.26622772216797,80.40306854248047
516.6721801757812,9.981891632080078,0.14828194677829742,0.0031502009369432926,-3.035914421081543,105.28971099853516,85.56657409667969
529.064208984375,9.982765197753906,0.1525179147720337,-0.0008972082287073135,-3.14658784866333,112.57809448242188,91.17095947265625
540.8366088867188,9.98359489440918,0.1565420925617218,-0.004915397148579359,-3.206110715866089,119.33062744140625,97.01355743408203
552.0204467773438,9.984383583068848,0.1603650599718094,-0.008680369704961777,-3.2487945556640625,125.75374603271484,102.97660827636719
562.6450805664062,9.985133171081543,0.1639968752861023,-0.012185633182525635,-3.254957437515259,131.62939453125,108.92152404785156
572.7384643554688,9.985844612121582,0.16744710505008698,-0.015320148319005966,-3.256333827972412,137.19508361816406,114.78775024414062
582.3272094726562,9.986520767211914,0.17072482407093048,-0.018084077164530754,-3.2362985610961914,142.26792907714844,120.48936462402344
591.4364624023438,9.987163543701172,0.17383864521980286,-0.020455079153180122,-3.2077066898345947,146.9482879638672,125.97908782958984
600.0902709960938,9.987773895263672,0.1767967790365219,-0.022427992895245552,-3.166095018386841,151.1750946044922,131.206787109375
608.3114013671875,9.988353729248047,0.17960700392723083,-0.023906443268060684,-3.1163737773895264,154.92698669433594,136.12828063964844
616.1214599609375,9.988903999328613,0.18227672576904297,-0.024965059012174606,-3.0502474308013916,158.1547393798828,140.6983642578125
626.6350708007812,9.989423751831055,0.18539512157440186,-0.025627227500081062,-2.9991822242736816,162.19410705566406,145.1583251953125
636.6229858398438,9.989916801452637,0.18835759162902832,-0.02608383446931839,-3.0794122219085693,167.2814178466797,149.74844360351562
646.1115112304688,9.990386009216309,0.19117194414138794,-0.02626444399356842,-3.042512893676758,170.884033203125,154.13368225097656
655.1256103515625,9.99083137512207,0.19384557008743286,-0.026183973997831345,-3.0005366802215576,174.12484741210938,158.28147888183594
663.6890258789062,9.991254806518555,0.19638551771640778,-0.025699850171804428,-2.930144786834717,176.67144775390625,162.0970458984375
671.8242797851562,9.991656303405762,0.19879846274852753,-0.02479969896376133,-2.8765106201171875,178.95977783203125,165.5957489013672
679.552734375,9.992037773132324,0.2010907679796219,-0.02369449846446514,-3.099024534225464,183.71902465820312,169.35598754882812
686.894775390625,9.992400169372559,0.20326845347881317,-0.0230439193546772,-3.1324543952941895,186.75352478027344,172.9656524658203
693.8697509765625,9.992744445800781,0.205337256193161,-0.021893324330449104,-2.9883363246917725,187.5301055908203,175.9875030517578
700.4959716796875,9.993071556091309,0.20730261504650116,-0.020264536142349243,-2.8788836002349854,188.1787567138672,178.5169677734375
706.7908935546875,9.993382453918457,0.20916971564292908,-0.01825241930782795,-2.7567903995513916,188.28956604003906,180.54458618164062
712.7710571289062,9.993678092956543,0.21094346046447754,-0.015894975513219833,-2.671816110610962,188.3851318359375,182.17135620117188
716.7063598632812,9.993967056274414,0.2123468667268753,-0.01327702309936285,-2.5498251914978027,187.18893432617188,183.21241760253906
720.4448852539062,9.994241714477539,0.21368010342121124,-0.010700096376240253,-2.5621721744537354,187.26052856445312,184.0523223876953
723.9964599609375,9.994503021240234,0.2149466723203659,-0.008069456554949284,-2.5791497230529785,187.24020385742188,184.71376037597656
727.3704833984375,9.9947509765625,0.21614991128444672,-0.0051841833628714085,-2.5173747539520264,186.15243530273438,185.01226806640625
730.5758056640625,9.994986534118652,0.21729299426078796,-0.002086158376187086,-2.27974271774292,183.05909729003906,184.60702514648438
733.620849609375,9.995210647583008,0.2183789312839508,0.0012093643890693784,-2.293680429458618,182.24594116210938,184.11715698242188
736.513671875,9.995423316955566,0.21941056847572327,0.004854051396250725,-2.2234530448913574,180.24815368652344,183.31442260742188
739.2618408203125,9.995625495910645,0.22039061784744263,0.008784311823546886,-2.0709407329559326,177.1328125,182.0318603515625
741.8726196289062,9.995817184448242,0.22132167220115662,0.012895681895315647,-1.9691059589385986,174.308349609375,180.42938232421875
744.3528442382812,9.995999336242676,0.22220617532730103,0.017407754436135292,-1.9167962074279785,171.60256958007812,178.59799194335938
746.7090454101562,9.996172904968262,0.2230464518070221,0.022135881707072258,-1.7570009231567383,167.58502197265625,176.31301879882812
748.9474487304688,9.996337890625,0.2238447070121765,0.02712777629494667,-1.676578402519226,164.0902862548828,173.77703857421875
736.1235961914062,9.996517181396484,0.2226307988166809,0.03234419226646423,-1.6481776237487793,156.55050659179688,170.20285034179688
723.94091796875,9.996686935424805,0.22147758305072784,0.03721604868769646,-1.6967813968658447,150.3566436767578,166.08514404296875
712.3673706054688,9.996849060058594,0.22038201987743378,0.041920728981494904,-1.5974645614624023,143.099609375,161.3160858154297
701.37255859375,9.997002601623535,0.2193412333726883,0.04656315967440605,-1.4188423156738281,135.365966796875,155.9319305419922
690.9274291992188,9.997148513793945,0.21835249662399292,0.051240816712379456,-1.1117665767669678,126.5765380859375,149.84124755859375
681.0045776367188,9.997286796569824,0.21741318702697754,0.05586904287338257,-1.2077800035476685,122.08682250976562,144.08273315429688
671.577880859375,9.997418403625488,0.21652084589004517,0.06039299815893173,-1.247327446937561,117.32205963134766,138.53041076660156
662.6224975585938,9.997543334960938,0.21567311882972717,0.0649147778749466,-1.0335510969161987,110.22883605957031,132.6583709716797
654.1149291992188,9.997662544250488,0.21486778557300568,0.06940261274576187,-0.7421615123748779,102.5708236694336,126.41577911376953
646.03271484375,9.997775077819824,0.21410271525382996,0.07373850792646408,-0.8435168266296387,99.11315155029297,120.75100708007812
638.3546142578125,9.997882843017578,0.21337589621543884,0.07787349075078964,-0.9195480346679688,95.6921157836914,115.55176544189453
631.0604248046875,9.997984886169434,0.21268542110919952,0.08206229656934738,-0.6965109705924988,89.3947982788086,110.12469482421875
612.9512939453125,9.998085021972656,0.20927076041698456,0.08598067611455917,-0.7706961035728455,83.27629852294922,104.55416870117188
595.7476196289062,9.99817943572998,0.2060268372297287,0.08958301693201065,-0.7522209882736206,76.89197540283203,98.81478881835938
579.4041137695312,9.998269081115723,0.20294509828090668,0.09300589561462402,-0.6124157905578613,69.82232666015625,92.79940795898438
563.8778076171875,9.9983549118042,0.20001745223999023,0.09622074663639069,-0.536035418510437,63.88813018798828,86.80087280273438
549.1278076171875,9.998435974121094,0.19723619520664215,0.09943365305662155,-0.4813304543495178,58.518646240234375,80.93285369873047
535.1152954101562,9.998513221740723,0.19459399580955505,0.10229271650314331,-0.4362577795982361,53.753753662109375,75.29370880126953
521.8034057617188,9.998586654663086,0.1920839101076126,0.10509229451417923,-0.38961875438690186,49.28815841674805,69.89805603027344
509.1571350097656,9.998656272888184,0.18969932198524475,0.10775171220302582,-0.39973384141921997,45.72100830078125,64.88177490234375
497.1431884765625,9.998722076416016,0.18743397295475006,0.11017342656850815,-0.3682490587234497,42.09157180786133,60.15324020385742
485.72991943359375,9.998785018920898,0.1852818876504898,0.11230674386024475,-0.34111204743385315,38.85691452026367,55.73466110229492
474.8873291015625,9.998845100402832,0.18323740363121033,0.11437655240297318,-0.3176543414592743,35.877323150634766,51.61464309692383
464.58685302734375,9.9989013671875,0.18129514157772064,0.11628534644842148,-0.2938198447227478,33.14057159423828,47.78162384033203
453.47052001953125,9.998954772949219,0.17701642215251923,0.11800704896450043,-0.2835046350955963,29.593759536743164,44.007991790771484
442.9100036621094,9.999006271362305,0.17295163869857788,0.11942349374294281,-0.2928159832954407,26.63602066040039,40.40364074707031
432.87750244140625,9.999054908752441,0.16909009218215942,0.12071438133716583,-0.2510841190814972,23.45136260986328,36.8863639831543
423.34661865234375,9.999100685119629,0.16542163491249084,0.12193355709314346,-0.21130210161209106,20.523361206054688,33.49135208129883
414.29229736328125,9.999144554138184,0.16193659603595734,0.12294042110443115,-0.211509108543396,18.27072525024414,30.333362579345703
405.690673828125,9.999186515808105,0.15862581133842468,0.12373681366443634,-0.21511614322662354,16.30512809753418,27.422771453857422
397.5191345214844,9.999226570129395,0.15548056364059448,0.12443497776985168,-0.20029117166996002,14.343971252441406,24.709169387817383
389.75616455078125,9.999263763427734,0.15249258279800415,0.12496545165777206,-0.2024604231119156,12.753324508666992,22.228559494018555
382.38134765625,9.999299049377441,0.14965400099754333,0.12535105645656586,-0.27481764554977417,12.040976524353027,20.114830017089844
375.3752746582031,9.999333381652832,0.14695733785629272,0.12553684413433075,-0.23094946146011353,10.350064277648926,18.08882713317871
368.7195129394531,9.99936580657959,0.14439551532268524,0.12556397914886475,-0.25050145387649536,9.448410034179688,16.296106338500977
362.39654541015625,9.999396324157715,0.14196178317070007,0.12549689412117004,-0.2726137340068817,8.692790985107422,14.718563079833984
359.32684326171875,9.99942398071289,0.13539732992649078,0.1251702755689621,-0.3037840723991394,6.712521076202393,13.057461738586426
356.41064453125,9.999448776245117,0.12916110455989838,0.12486210465431213,-0.15703003108501434,3.1024231910705566,10.99198055267334
353.6402587890625,9.999473571777344,0.12323667854070663,0.12468241155147552,-0.16343353688716888,1.1229798793792725,8.944351196289062
351.0083923339844,9.999496459960938,0.11760847270488739,0.1244688481092453,-0.07278996706008911,-1.6801862716674805,6.739962100982666
348.50811767578125,9.999517440795898,0.11226168274879456,0.12421482056379318,-0.06058574467897415,-3.5599374771118164,4.60292911529541
346.1328430175781,9.99953842163086,0.10718222707509995,0.12385676056146622,-0.06856226176023483,-5.086012840270996,2.592658042907715
343.8763427734375,9.999557495117188,0.10235674679279327,0.12336888164281845,-0.06149957329034805,-6.610607147216797,0.6831555366516113
341.732666015625,9.999576568603516,0.09777253866195679,0.12273234874010086,-0.16328701376914978,-6.896780967712402,-0.8895372152328491
339.6961669921875,9.999593734741211,0.09341754019260406,0.12191230803728104,-0.12672553956508636,-8.412359237670898,-2.4503798484802246
337.7615051269531,9.999610900878906,0.08928029239177704,0.12092731148004532,-0.16770941019058228,-9.012116432189941,-3.8118155002593994
335.9235534667969,9.999626159667969,0.0853499099612236,0.11975710839033127,-0.2361752688884735,-9.196523666381836,-4.92903995513916
334.1775207519531,9.999641418457031,0.08161604404449463,0.11839816719293594,-0.10087063908576965,-11.283088684082031,-6.247384548187256
331.8630676269531,9.999656677246094,0.07693597674369812,0.11668440699577332,0.6455105543136597,-19.645919799804688,-9.027326583862305
329.6643371582031,9.99967098236084,0.0724899098277092,0.11496059596538544,-0.08999565243721008,-13.101143836975098,-9.872566223144531
327.5755615234375,9.99968433380127,0.06826614588499069,0.11215102672576904,0.14804284274578094,-15.855996131896973,-11.114014625549316
325.5912170410156,9.999696731567383,0.06425357609987259,0.10949783027172089,0.10724078118801117,-15.803506851196289,-12.086996078491211
323.7060852050781,9.999709129333496,0.06044163182377815,0.10626249760389328,0.05104629695415497,-15.342941284179688,-12.762542724609375
321.91522216796875,9.999720573425293,0.05682028457522392,0.10232888162136078,-0.1896606683731079,-12.753355979919434,-12.760637283325195
320.2138977050781,9.99973201751709,0.053380005061626434,0.09744085371494293,-0.7368731498718262,-6.740362167358398,-11.511545181274414
318.5976257324219,9.99974250793457,0.050111740827560425,0.0911887139081955,-0.9383339881896973,-3.7039270401000977,-9.891613006591797
317.06219482421875,9.999752044677734,0.04700688645243645,0.08601436018943787,-0.4083330035209656,-8.284566879272461,-9.558181762695312
315.603515625,9.999761581420898,0.04405727609992027,0.08287974447011948,0.15448978543281555,-13.797368049621582,-10.437732696533203
314.2177734375,9.999770164489746,0.04125514626502991,0.08053936809301376,0.2614935338497162,-14.958675384521484,-11.375741958618164
312.90130615234375,9.999778747558594,0.038593124598264694,0.07817558199167252,0.315499871969223,-15.540331840515137,-12.239815711975098
310.3787841796875,9.999786376953125,0.033388447016477585,0.07549604773521423,0.49126920104026794,-17.98189353942871,-13.431188583374023
307.9823913574219,9.999794006347656,0.02844400331377983,0.07317070662975311,0.03915977478027344,-14.166626930236816,-13.583778381347656
305.7058410644531,9.999801635742188,0.023746781051158905,0.06924566626548767,0.5344378352165222,-19.25354766845703,-14.760148048400879
303.5430908203125,9.999808311462402,0.01928441971540451,0.0670342743396759,0.8827076554298401,-23.321044921875,-16.536373138427734
301.4884948730469,9.999814987182617,0.015045177191495895,0.06425435841083527,0.15783481299877167,-16.414321899414062,-16.511051177978516
299.53662109375,9.999821662902832,0.011017896234989166,0.058070264756679535,-1.229885458946228,-1.795271873474121,-13.457807540893555
297.6823425292969,9.99982738494873,0.007191979326307774,0.04957323893904686,-2.1584062576293945,8.967537879943848,-8.804974555969238
295.9207763671875,9.999833106994629,0.0035573584027588367,0.040974389761686325,-2.373991012573242,12.667036056518555,-4.349940299987793
294.2472839355469,9.999838829040527,0.00010446854867041111,0.03413911163806915,-1.8746212720870972,8.731308937072754,-1.6358299255371094
292.657470703125,9.99984359741211,-0.0031757766846567392,0.029974577948451042,-1.0047568082809448,0.34571170806884766,-1.2246977090835571
291.14715576171875,9.999848365783691,-0.006292009726166725,0.029660655185580254,2.378814697265625,-34.25530242919922,-8.077919960021973
289.71234130859375,9.999853134155273,-0.009252430871129036,0.037272825837135315,3.2351255416870117,-45.82971954345703,-15.910701751708984
286.56781005859375,9.999859809875488,-0.011547872796654701,0.04024503752589226,2.3822014331817627,-38.66386032104492,-20.631549835205078
283.58050537109375,9.999865531921387,-0.013728542253375053,0.025406934320926666,-7.079484939575195,59.695838928222656,-3.9651451110839844
280.7425842285156,9.999871253967285,-0.015800178050994873,0.0033025292214006186,-8.416715621948242,78.8031234741211,13.207697868347168
278.0465393066406,9.999876976013184,-0.01776823215186596,-0.009918308816850185,-5.068967342376709,48.506404876708984,20.531509399414062
275.48529052734375,9.999881744384766,-0.019637884572148323,-0.010244346223771572,-0.41492411494255066,1.5614101886749268,16.5955753326416
273.0521240234375,9.999886512756348,-0.021414052695035934,-0.0012612971477210522,2.9468460083007812,-34.97087860107422,5.896516799926758
270.7406005859375,9.99989128112793,-0.023101413622498512,0.011165793053805828,4.46218204498291,-53.89885711669922,-6.509886264801025
268.5446472167969,9.999896049499512,-0.024704406037926674,0.020927052944898605,3.869354724884033,-50.94723129272461,-15.729791641235352
266.45849609375,9.999899864196777,-0.026227248832583427,0.023839343339204788,1.6662837266921997,-30.003337860107422,-18.691280364990234
264.4766540527344,9.999903678894043,-0.02767394855618477,0.019081510603427887,-1.0170358419418335,-2.195466995239258,-15.268712997436523
262.5939025878906,9.999907493591309,-0.029048314318060875,0.008967921137809753,-3.032074451446533,20.337631225585938,-7.881072998046875
260.8052978515625,9.999911308288574,-0.030353961512446404,-0.0025783278979361057,-3.7518088817596436,30.273725509643555,0.03532266616821289
252.01905822753906,9.999916076660156,-0.031183263286948204,-0.011828629299998283,-3.16648268699646,26.786823272705078,5.585750579833984
243.67213439941406,9.999919891357422,-0.031971096992492676,-0.010949761606752872,1.2850921154022217,-17.973133087158203,0.6977300643920898
235.7425537109375,9.999923706054688,-0.03271954134106636,-0.004581566900014877,2.752941370010376,-34.16252136230469,-6.535109996795654
228.20945739746094,9.999927520751953,-0.0334305614233017,0.0008962837164290249,2.413637161254883,-31.969905853271484,-11.812347412109375
221.05300903320312,9.999931335449219,-0.03410603106021881,0.0022194369230419397,0.9475653171539307,-17.505443572998047,-12.99355697631836
214.25437927246094,9.999934196472168,-0.03474772721529007,-0.001441032043658197,-0.7784246802330017,0.6480898857116699,-10.163174629211426
207.79568481445312,9.999937057495117,-0.035357341170310974,-0.008563202805817127,-2.2409250736236572,16.841402053833008,-4.560238361358643
201.65992736816406,9.999939918518066,-0.03593647480010986,-0.01652272790670395,-2.6926965713500977,23.011829376220703,1.1604418754577637
195.83096313476562,9.999942779541016,-0.03648665174841881,-0.022755665704607964,-2.1904797554016113,19.215721130371094,4.906569480895996
190.29344177246094,9.999945640563965,-0.03700931742787361,-0.025632748380303383,-1.1104382276535034,8.939435005187988,5.743312835693359
185.0327911376953,9.999948501586914,-0.037505850195884705,-0.02516157180070877,0.08256126940250397,-3.1097047328948975,3.906480312347412
180.03517150878906,9.999951362609863,-0.03797755762934685,-0.022418398410081863,0.919645369052887,-11.997605323791504,0.606684684753418
172.95640563964844,9.999953269958496,-0.03791918233036995,-0.019165826961398125,1.173642873764038,-14.979887008666992,-2.627232789993286
166.2315673828125,9.999955177307129,-0.03786372393369675,-0.022063419222831726,-2.1110424995422363,18.483821868896484,1.7529096603393555
159.8429718017578,9.999957084655762,-0.0378110408782959,-0.026905948296189308,-2.0337321758270264,18.594131469726562,5.247143268585205
153.7738037109375,9.999958992004395,-0.03776099160313606,-0.02875710278749466,-0.708142101764679,5.696829795837402,5.340445041656494
148.0081024169922,9.999960899353027,-0.037713441997766495,-0.027260776609182358,0.4422898590564728,-5.9699602127075195,2.993751049041748
142.5306854248047,9.99996280670166,-0.037668272852897644,-0.02399892359972,1.159824252128601,-13.546501159667969,-0.4380369186401367
137.32713317871094,9.999964714050293,-0.03762536123394966,-0.02065250091254711,1.2865675687789917,-15.196464538574219,-3.5001301765441895
132.38375854492188,9.999966621398926,-0.03758459538221359,-0.01855529099702835,0.9588342905044556,-12.107481956481934,-5.28599214553833
127.68756866455078,9.999968528747559,-0.03754586726427078,-0.018365057185292244,0.3125289976596832,-5.574431419372559,-5.3458380699157715
123.22618865966797,9.999970436096191,-0.03750907629728317,-0.0200244951993227,-0.4132179915904999,1.977609634399414,-3.826362133026123
118.98787689208984,9.999971389770508,-0.037474125623703,-0.022819284349679947,-0.8517473340034485,6.773700714111328,-1.627050518989563
114.96147918701172,9.999972343444824,-0.03744092211127281,-0.02566707320511341,-0.9160705208778381,7.807140827178955,0.33036482334136963
110.42720794677734,9.99997329711914,-0.03731055557727814,-0.027666844427585602,-0.6452935338020325,5.3879899978637695,1.3797259330749512
106.1196517944336,9.999974250793457,-0.03718670830130577,-0.02640085481107235,0.8692506551742554,-9.837075233459473,-0.9475470781326294
102.02747344970703,9.999975204467773,-0.03706905245780945,-0.023573607206344604,1.2408467531204224,-13.785343170166016,-3.6111459732055664
98.13990783691406,9.99997615814209,-0.0369572788476944,-0.021458271890878677,0.9726797938346863,-11.247846603393555,-5.195616722106934
94.44671630859375,9.999977111816406,-0.03685109689831734,-0.021092984825372696,0.301562637090683,-4.5039215087890625,-5.052103519439697
90.93818664550781,9.999978065490723,-0.036750223487615585,-0.022491399198770523,-0.4046969413757324,2.750288724899292,-3.433255434036255
87.6050796508789,9.999979019165039,-0.03665439411997795,-0.024944618344306946,-0.7941538095474243,6.915685653686523,-1.2860469818115234
84.43862915039062,9.999979972839355,-0.03656335547566414,-0.02745659463107586,-0.8412061929702759,7.643083095550537,0.5665777921676636
81.43050384521484,9.999980926513672,-0.03647686913609505,-0.029204297810792923,-0.6296406984329224,5.704185485839844,1.6325337886810303
78.57278442382812,9.999981880187988,-0.03639470785856247,-0.02982575073838234,-0.26253268122673035,2.1091809272766113,1.7314289808273315
75.85794830322266,9.999982833862305,-0.0363166518509388,-0.029422782361507416,0.08993379771709442,-1.4222912788391113,1.0770920515060425
73.27885437011719,9.999983787536621,-0.03624249994754791,-0.028408033773303032,0.3185456395149231,-3.759552001953125,0.07358032464981079
71.41154479980469,9.999984741210938,-0.036217331886291504,-0.027330772951245308,0.3567849397659302,-4.202446937561035,-0.8136140704154968
69.6375961303711,9.999985694885254,-0.036193422973155975,-0.028345389291644096,-0.6429489254951477,5.882961750030518,0.5757980942726135
67.95234680175781,9.99998664855957,-0.03617070987820625,-0.029846353456377983,-0.5900380611419678,5.470617771148682,1.5913801193237305
66.35135650634766,9.999987602233887,-0.03614913299679756,-0.030394433066248894,-0.23378042876720428,1.9559693336486816,1.6670254468917847
64.83041381835938,9.999988555908203,-0.036128632724285126,-0.02995522879064083,0.1268295794725418,-1.6685186624526978,0.9749634265899658
63.385520935058594,9.999988555908203,-0.036109160631895065,-0.02886207029223442,0.3962935209274292,-4.422291278839111,-0.14486432075500488
62.01287078857422,9.999988555908203,-0.0360906608402729,-0.027666619047522545,0.45178884267807007,-5.040282249450684,-1.160570502281189
60.70885467529297,9.999988555908203,-0.03607308492064476,-0.026858944445848465,0.34796416759490967,-4.039017677307129,-1.757793664932251
59.47003936767578,9.999988555908203,-0.036056388169527054,-0.026697775349020958,0.12256529182195663,-1.7822085618972778,-1.7628593444824219
58.29316329956055,9.999988555908203,-0.0360405258834362,-0.027167614549398422,-0.10993971675634384,0.5821657776832581,-1.2763112783432007
57.175132751464844,9.999988555908203,-0.036025457084178925,-0.028021475300192833,-0.288028359413147,2.422651529312134,-0.5088468194007874
56.11300277709961,9.999988555908203,-0.036011140793561935,-0.02888762205839157,-0.29751020669937134,2.575376510620117,0.13107091188430786
55.09980392456055,9.999988555908203,-0.03569638729095459,-0.02948896773159504,-0.24010327458381653,2.05900239944458,0.5310800671577454
54.13726806640625,9.999988555908203,-0.03539736941456795,-0.028898902237415314,0.3771410584449768,-4.123215675354004,-0.43459784984588623
53.22285842895508,9.999988555908203,-0.03511330112814903,-0.02738502435386181,0.6660743355751038,-7.072056770324707,-1.8117444515228271
52.35416793823242,9.999988555908203,-0.03484343737363815,-0.025957666337490082,0.6359798312187195,-6.824997901916504,-2.8518991470336914
51.52891159057617,9.999988555908203,-0.0345870666205883,-0.025275887921452522,0.354663223028183,-4.02642297744751,-3.095590591430664
50.74491882324219,9.999988555908203,-0.03434351459145546,-0.025537602603435516,-0.009861275553703308,-0.3482426404953003,-2.5255682468414307
50.000125885009766,9.999988555908203,-0.03411214053630829,-0.026515284553170204,-0.2773633301258087,2.3937864303588867,-1.5048956871032715
49.292572021484375,9.999988555908203,-0.03389233350753784,-0.027738917618989944,-0.39863651990890503,3.6830427646636963,-0.4284970164299011
48.62039566040039,9.999988555908203,-0.033683519810438156,-0.02874874882400036,-0.34827762842178345,3.2428417205810547,0.3332359790802002
47.98183059692383,9.999988555908203,-0.03348514437675476,-0.02925383299589157,-0.19466891884803772,1.7436609268188477,0.6258723735809326
47.37519073486328,9.999988555908203,-0.03329668939113617,-0.029211318120360374,-0.011345664039254189,-0.08008872717618942,0.4793988764286041
46.798885345458984,9.999988555908203,-0.03311765566468239,-0.028761016204953194,0.1313561350107193,-1.5174458026885986,0.06509155035018921
45.03873825073242,9.999988555908203,-0.03243015706539154,-0.028166165575385094,0.18771739304065704,-2.06921648979187,-0.37773680686950684
43.36659622192383,9.999988555908203,-0.0317770317196846,-0.02768809348344803,0.21669809520244598,-2.344301700592041,-0.7857616543769836
41.77806091308594,9.999988555908203,-0.031156564131379128,-0.027225395664572716,0.2150498777627945,-2.314732789993286,-1.1029942035675049
40.268951416015625,9.999988555908203,-0.030567118898034096,-0.0268725398927927,0.16295841336250305,-1.7783591747283936,-1.2431195974349976
38.83530044555664,9.999988555908203,-0.030007146298885345,-0.026729270815849304,0.08636641502380371,-0.990960419178009,-1.1908013820648193
37.473331451416016,9.999988555908203,-0.029475172981619835,-0.02677919715642929,0.010426599532365799,-0.20529307425022125,-0.9863271713256836
36.17945861816406,9.999988555908203,-0.028969798237085342,-0.02696622721850872,-0.05250440910458565,0.4525553584098816,-0.6877864003181458
34.950279235839844,9.999988555908203,-0.028489692136645317,-0.027176082134246826,-0.07432639598846436,0.6973521113395691,-0.40039652585983276
33.782562255859375,9.999988555908203,-0.02803358994424343,-0.027317624539136887,-0.06314843893051147,0.6072965264320374,-0.19131937623023987
32.6732292175293,9.999988555908203,-0.02760029397904873,-0.027337105944752693,-0.027697723358869553,0.26837772130966187,-0.0959409698843956
31.619361877441406,9.999988555908203,-0.027188662439584732,-0.027237188071012497,0.008600924164056778,-0.08447479456663132,-0.09356196224689484
30.618186950683594,9.999988555908203,-0.026797613129019737,-0.027051255106925964,0.03297436237335205,-0.3219771683216095,-0.14095377922058105
29.873714447021484,9.999988555908203,-0.02546953409910202,-0.026838338002562523,0.0389527827501297,-0.34863612055778503,-0.18404391407966614
29.166465759277344,9.999988555908203,-0.024207858368754387,-0.026380764320492744,0.23886732757091522,-2.3252944946289062,-0.6283127069473267
28.494579315185547,9.999988555908203,-0.023009266704320908,-0.02564006857573986,0.322293758392334,-3.14797043800354,-1.15109384059906
27.85628890991211,9.999988555908203,-0.021870605647563934,-0.024933606386184692,0.30400076508522034,-2.9546804428100586,-1.525303840637207
27.24991226196289,9.999988555908203,-0.020788876339793205,-0.02449774742126465,0.21487806737422943,-2.0477118492126465,-1.6336936950683594
26.67385482788086,9.999988555908203,-0.019761234521865845,-0.024416185915470123,0.07038005441427231,-0.5796342492103577,-1.4149965047836304
26.12660026550293,9.999988555908203,-0.01878497377038002,-0.024626154452562332,-0.04623633623123169,0.6149730086326599,-0.9938164949417114
25.606708526611328,9.999988555908203,-0.01785752736032009,-0.024959150701761246,-0.10293146967887878,1.211162805557251,-0.536325216293335
25.112810134887695,9.999988555908203,-0.016976453363895416,-0.025236479938030243,-0.09974641352891922,1.2048954963684082,-0.17505501210689545
24.64360809326172,9.999988555908203,-0.016139432787895203,-0.025335343554615974,-0.051834575831890106,0.7449656128883362,0.015831783413887024
24.197864532470703,9.999988555908203,-0.015344263054430485,-0.02522163651883602,0.012525232508778572,0.11375916004180908,0.036149851977825165
23.7744083404541,9.999988555908203,-0.014588851481676102,-0.024931617081165314,0.06948395073413849,-0.4489455819129944,-0.06449823081493378
23.01154136657715,9.999988555908203,-0.015429502353072166,-0.02456062100827694,0.09500189125537872,-0.7398967146873474,-0.20463058352470398
22.28681755065918,9.999988555908203,-0.016228120774030685,-0.02355850674211979,0.5477692484855652,-5.314315319061279,-1.264793038368225
21.598329544067383,9.999988555908203,-0.01698680780827999,-0.022030465304851532,0.7202146053314209,-7.093203544616699,-2.4740774631500244
20.94426727294922,9.999988555908203,-0.01770756207406521,-0.020784756168723106,0.6154592037200928,-6.090135097503662,-3.2243409156799316
20.322906494140625,9.999988555908203,-0.018392277881503105,-0.02030501887202263,0.38161858916282654,-3.777308940887451,-3.339071273803711
19.732614517211914,9.999988555908203,-0.019042758271098137,-0.020697062835097313,-0.0025787511840462685,0.0584312379360199,-2.6341540813446045
19.171836853027344,9.999988555908203,-0.019660715013742447,-0.021667294204235077,-0.23805354535579681,2.4190025329589844,-1.5857200622558594
18.63909912109375,9.999988555908203,-0.020247774198651314,-0.02275473065674305,-0.3127601146697998,3.1743249893188477,-0.5981011390686035
18.132997512817383,9.999988555908203,-0.02080547995865345,-0.02354428917169571,-0.23928068578243256,2.442466974258423,0.03275895118713379
17.65220069885254,9.999988555908203,-0.02133530005812645,-0.023823481053113937,-0.07729531824588776,0.8168742060661316,0.19544798135757446
17.195444107055664,9.999988555908203,-0.021838629618287086,-0.023593343794345856,0.08906407654285431,-0.8604666590690613,-0.02363424003124237
16.761526107788086,9.999988555908203,-0.022316792979836464,-0.023046202957630157,0.20234869420528412,-2.011258602142334,-0.43602851033210754
16.41301918029785,9.999988555908203,-0.02266707271337509,-0.022433284670114517,0.22328849136829376,-2.2367193698883057,-0.8096376657485962
16.081937789916992,9.999988555908203,-0.0229998379945755,-0.020585371181368828,1.0114802122116089,-10.153619766235352,-2.7483365535736084
15.767409324645996,9.999988555908203,-0.02331596612930298,-0.01825709268450737,1.1050363779067993,-11.13011646270752,-4.487396240234375
15.468606948852539,9.999988555908203,-0.023616287857294083,-0.01688363589346409,0.6975165009498596,-7.079301834106445,-5.025167465209961
15.184744834899902,9.999988555908203,-0.023901592940092087,-0.017042355611920357,0.10980866104364395,-1.2022411823272705,-4.231983184814453
14.91507625579834,9.999988555908203,-0.02417263202369213,-0.018515903502702713,-0.2982809841632843,2.8984358310699463,-2.752556800842285
14.658890724182129,9.999988555908203,-0.02443012036383152,-0.020640823990106583,-0.6894475817680359,6.838921070098877,-0.7625075578689575
14.415514945983887,9.999988555908203,-0.024674734100699425,-0.02256428822875023,-0.6758027076721191,6.727596282958984,0.791546642780304
14.184308052062988,9.999988555908203,-0.02490711584687233,-0.023621590808033943,-0.40879321098327637,4.069693088531494,1.4716997146606445
13.964661598205566,9.999988555908203,-0.02512788027524948,-0.023605071008205414,-0.047643791884183884,0.4551718533039093,1.2607895135879517
13.755996704101562,9.999988555908203,-0.02533760480582714,-0.022737836465239525,0.2552184760570526,-2.5879440307617188,0.4622504711151123
13.557765007019043,9.999988555908203,-0.02553684450685978,-0.021495334804058075,0.40164482593536377,-4.071237564086914,-0.47836214303970337
13.26760482788086,9.999988555908203,-0.026533417403697968,-0.020385924726724625,0.37008386850357056,-3.7823970317840576,-1.163886547088623
12.991952896118164,9.999988555908203,-0.02748016268014908,-0.017839748412370682,1.3515394926071167,-13.64062786102295,-3.7525734901428223
12.730083465576172,9.999988555908203,-0.028379570692777634,-0.014854861423373222,1.3997435569763184,-14.16958999633789,-5.913906574249268
12.481307983398438,9.999988555908203,-0.029234010726213455,-0.013199280947446823,0.8329960107803345,-8.530084609985352,-6.456713676452637
12.24497127532959,9.999988555908203,-0.030045725405216217,-0.013676827773451805,0.2866855263710022,-3.067288637161255,-5.753472328186035
12.020451545715332,9.999988555908203,-0.030816856771707535,-0.015865258872509003,-0.6481891870498657,6.302159309387207,-3.2521579265594482
11.807157516479492,9.999988555908203,-0.03154943138360977,-0.018858542665839195,-0.8835018873214722,8.685165405273438,-0.7753903865814209
11.604528427124023,9.999988555908203,-0.03224537521600723,-0.02132994681596756,-0.8854978084564209,8.728300094604492,1.1964447498321533
11.412030220031738,9.999988555908203,-0.03290652483701706,-0.022558486089110374,-0.4817902743816376,4.69980525970459,1.923325538635254
11.229157447814941,9.999988555908203,-0.033534616231918335,-0.022346537560224533,0.008133020251989365,-0.20696282386779785,1.4813312292099
11.055428504943848,9.999988555908203,-0.03413130342960358,-0.02105100452899933,0.401263952255249,-4.157243251800537,0.311434268951416
10.890385627746582,9.999988555908203,-0.03469815477728844,-0.019338587298989296,0.5739833116531372,-5.907098293304443,-0.9787930250167847
10.713432312011719,9.999988555908203,-0.035651322454214096,-0.017911098897457123,0.590228796005249,-6.092339992523193,-2.0397567749023438
10.545326232910156,9.999988555908203,-0.03655683249235153,-0.014948208816349506,1.5613101720809937,-15.840953826904297,-4.903243064880371
10.385625839233398,9.999988555908203,-0.03741706535220146,-0.011716150678694248,1.5104482173919678,-15.371384620666504,-7.075183868408203
10.23391056060791,9.999988555908203,-0.03823428973555565,-0.010273205116391182,1.1202951669692993,-11.489089965820312,-7.990985870361328
10.089780807495117,9.999988555908203,-0.03901065140962601,-0.01119748130440712,-0.12605372071266174,0.9799069166183472,-6.129696369171143
9.952857971191406,9.999988555908203,-0.03974819555878639,-0.014172758907079697,-0.8265342712402344,8.010784149169922,-3.1958155632019043
9.82278060913086,9.999988555908203,-0.0404488630592823,-0.017482522875070572,-1.0384957790374756,10.15935230255127,-0.42487215995788574
9.699207305908203,9.999988555908203,-0.04111449420452118,-0.019882172346115112,-0.8069087862968445,7.8631415367126465,1.2947331666946411
9.581812858581543,9.999988555908203,-0.0417468436062336,-0.020699240267276764,-0.3014013171195984,2.81233549118042,1.6096067428588867
9.470288276672363,9.999988555908203,-0.04234757646918297,-0.020003054291009903,0.22496740520000458,-2.461280584335327,0.7649750113487244
9.364339828491211,9.999988555908203,-0.04291827231645584,-0.01839255541563034,0.5716512203216553,-5.946172714233398,-0.6274605393409729
9.263689041137695,9.999988555908203,-0.043460436165332794,-0.016651645302772522,0.6536714434623718,-6.785055160522461,-1.905044436454773
9.078721046447754,9.999988555908203,-0.04355381056666374,-0.015422716736793518,0.5081004500389099,-5.336393356323242,-2.6169843673706055
8.903000831604004,9.999988555908203,-0.04364251717925072,-0.012891814112663269,1.385682225227356,-14.130579948425293,-5.005836486816406
8.736066818237305,9.999988555908203,-0.043726786971092224,-0.010440587066113949,1.130712866783142,-11.597906112670898,-6.373565673828125
8.577479362487793,9.999988555908203,-0.04380684345960617,-0.009792059659957886,0.5496481657028198,-5.788236141204834,-6.2521209716796875
8.4268217086792,9.999988555908203,-0.04388289526104927,-0.010956655256450176,-0.16623054444789886,1.3848400115966797,-4.66759729385376
8.283697128295898,9.999988555908203,-0.04395514726638794,-0.013231812976300716,-0.6164965033531189,5.910455226898193,-2.4728524684906006
8.14772891998291,9.999988555908203,-0.0440237857401371,-0.015565597452223301,-0.7132628560066223,6.900750637054443,-0.528007984161377
8.018558502197266,9.999988555908203,-0.04408899322152138,-0.017111022025346756,-0.4987759292125702,4.771429061889648,0.5715245008468628
7.895846843719482,9.999988555908203,-0.0441509373486042,-0.01749318093061447,-0.12264632433652878,1.0159763097763062,0.663739800453186
7.779270648956299,9.999988555908203,-0.044209785759449005,-0.016837183386087418,0.24160301685333252,-2.6289660930633545,-0.019434094429016113
7.66852331161499,9.999988555908203,-0.04426569119095802,-0.015601062215864658,0.46672549843788147,-4.8870649337768555,-1.0293749570846558
7.5633134841918945,9.999988555908203,-0.044318802654743195,-0.01435462199151516,0.5008782744407654,-5.235405445098877,-1.9020463228225708
7.321445465087891,9.999988555908203,-0.04423286393284798,-0.013531317003071308,0.37491366267204285,-3.973912000656128,-2.3319191932678223
7.091670989990234,9.999988555908203,-0.044151220470666885,-0.012498501688241959,0.5581914782524109,-5.8063788414001465,-3.0528035163879395
6.873384952545166,9.999988555908203,-0.04407365992665291,-0.012022989802062511,0.3167262673377991,-3.3875555992126465,-3.122258424758911
6.666013240814209,9.999988555908203,-0.04399997740983963,-0.012380998581647873,-0.012181815691292286,-0.08895450830459595,-2.492905616760254
6.469010353088379,9.999988555908203,-0.04392997920513153,-0.013322168029844761,-0.24243707954883575,2.226365566253662,-1.5137465000152588
6.281857490539551,9.999988555908203,-0.043863482773303986,-0.01435225922614336,-0.30364158749580383,2.851027250289917,-0.6081389784812927
6.104062080383301,9.999988555908203,-0.04380030930042267,-0.015059844590723515,-0.21984118223190308,2.0229756832122803,-0.06223270297050476
5.93515682220459,9.999988555908203,-0.04374029487371445,-0.015266474336385727,-0.05757907032966614,0.406793475151062,0.03508131206035614
5.7746968269348145,9.999988555908203,-0.043683283030986786,-0.01498248241841793,0.11400192230939865,-1.3057563304901123,-0.24311701953411102
5.622259616851807,9.999988555908203,-0.04362912103533745,-0.014413297176361084,0.2232826054096222,-2.397082567214966,-0.6900239586830139
5.477444171905518,9.999988555908203,-0.04357766732573509,-0.013810370117425919,0.2494698166847229,-2.6577441692352295,-1.0982885360717773
5.339869499206543,9.999988555908203,-0.043528784066438675,-0.013398691080510616,0.19565360248088837,-2.117424488067627,-1.3097398281097412
5.1504364013671875,9.999988555908203,-0.043941471725702286,-0.013245262205600739,0.1100330650806427,-1.2584283351898193,-1.2990937232971191
4.970474720001221,9.999988555908203,-0.044333525002002716,-0.014326081611216068,-0.5402194261550903,5.253036975860596,0.06034886837005615
4.799511432647705,9.999988555908203,-0.04470597580075264,-0.01579858921468258,-0.5905938148498535,5.767189979553223,1.2444099187850952
4.637096405029297,9.999988555908203,-0.04505980387330055,-0.01661178283393383,-0.36023420095443726,3.470421552658081,1.7062650918960571
4.482801914215088,9.999988555908203,-0.04539594054222107,-0.016497045755386353,-0.02830548770725727,0.15350653231143951,1.3840973377227783
4.336222171783447,9.999988555908203,-0.045715272426605225,-0.015634799376130104,0.25996774435043335,-2.7301101684570312,0.5304774641990662
4.196971416473389,9.999988555908203,-0.04601863771677017,-0.01444157026708126,0.41852056980133057,-4.317728519439697,-0.4754331111907959
4.064682960510254,9.999988555908203,-0.04630683362483978,-0.013354700990021229,0.4245075285434723,-4.379010200500488,-1.2853511571884155
3.939009189605713,9.999988555908203,-0.04658062011003494,-0.012691901996731758,0.3042074143886566,-3.175558567047119,-1.6775333881378174
3.8196191787719727,9.999988555908203,-0.046840716153383255,-0.012588600628077984,0.12070316821336746,-1.337860345840454,-1.607057809829712
3.7061986923217773,9.999988555908203,-0.04708780720829964,-0.012941616587340832,-0.04381218180060387,0.3115687370300293,-1.2089793682098389
3.598449230194092,9.999988555908203,-0.04732254520058632,-0.013528499752283096,-0.14134550094604492,1.2918472290039062,-0.6901054382324219
3.4644312858581543,9.999988555908203,-0.0477835088968277,-0.014100005850195885,-0.1532595306634903,1.415899395942688,-0.25314944982528687
3.3371143341064453,9.999988555908203,-0.04822142422199249,-0.015874257311224937,-0.8811669945716858,8.703713417053223,1.605229377746582
3.216163158416748,9.999988555908203,-0.04863744601607323,-0.017550256103277206,-0.6920313835144043,6.820324420928955,2.687262535095215
3.101259708404541,9.999988555908203,-0.04903266578912735,-0.017885282635688782,-0.20545759797096252,1.9579774141311646,2.53594970703125
2.9921014308929443,9.999988555908203,-0.04940812662243843,-0.016926679760217667,0.2743653357028961,-2.8408379554748535,1.4203686714172363
2.8884010314941406,9.999988555908203,-0.049764811992645264,-0.015277417376637459,0.5635071992874146,-5.734679222106934,-0.06416773796081543
2.7898855209350586,9.999988555908203,-0.05010366439819336,-0.013653784058988094,0.6064063310623169,-6.165747165679932,-1.330129623413086
2.696295738220215,9.999988555908203,-0.05042557418346405,-0.012630212120711803,0.4367167353630066,-4.469069480895996,-1.9814000129699707
2.6073856353759766,9.999988555908203,-0.05073138698935509,-0.0124210799112916,0.16913065314292908,-1.7911943197250366,-1.9419360160827637
2.522920846939087,9.999988555908203,-0.05102191120386124,-0.012923561036586761,-0.08325261622667313,0.7364060878753662,-1.3862309455871582
2.4426794052124023,9.999988555908203,-0.051297906786203384,-0.01379670575261116,-0.23281873762607574,2.2365810871124268,-0.6345663666725159
2.366450071334839,9.999988555908203,-0.05156010389328003,-0.014656413346529007,-0.2532998323440552,2.445664644241333,0.004523038864135742
2.2861554622650146,9.999988555908203,-0.05252538621425629,-0.01521510910242796,-0.16929945349693298,1.607695460319519,0.33715084195137024
2.2098755836486816,9.999988555908203,-0.05344240367412567,-0.016051802784204483,-0.39783981442451477,3.8957650661468506,1.075495719909668
2.1374096870422363,9.999988555908203,-0.05431357026100159,-0.01649460382759571,-0.1710287183523178,1.6294505596160889,1.1904308795928955
2.0685672760009766,9.999988555908203,-0.05514117702841759,-0.01616535149514675,0.11449812352657318,-1.2256040573120117,0.6891496181488037
2.003166913986206,9.999988555908203,-0.05592740327119827,-0.01533304899930954,0.3110995888710022,-3.192309617996216,-0.11617934703826904
1.941036581993103,9.999988555908203,-0.05667432025074959,-0.014422086998820305,0.3674936592578888,-3.7569456100463867,-0.8715691566467285
1.8820127248764038,9.999988555908203,-0.05738389119505882,-0.013776923529803753,0.29783758521080017,-3.060441255569458,-1.325718641281128
1.8259400129318237,9.999988555908203,-0.058057982474565506,-0.013571184128522873,0.1550816148519516,-1.6320445537567139,-1.3892755508422852
1.7726709842681885,9.999988555908203,-0.058698371052742004,-0.013795546256005764,0.003932801540941,-0.11892590671777725,-1.1257022619247437
1.7220654487609863,9.999988555908203,-0.05930674076080322,-0.01428883895277977,-0.09996945410966873,0.9221696257591248,-0.7008078098297119
1.6739901304244995,9.999988555908203,-0.0598846897482872,-0.014826848171651363,-0.12846584618091583,1.209230661392212,-0.304511159658432
1.6283185482025146,9.999988555908203,-0.06043374165892601,-0.015211563557386398,-0.0892542153596878,0.8189049959182739,-0.07142366468906403
1.5882723331451416,9.999988555908203,-0.06026015430688858,-0.0153795862570405,-0.020678555592894554,0.13550275564193726,-0.02849036641418934
1.5502283573150635,9.999988555908203,-0.06009524688124657,-0.015925122424960136,-0.24135422706604004,2.3450655937194824,0.4639773964881897
1.5140866041183472,9.999988555908203,-0.05993858352303505,-0.016208676621317863,-0.0716690793633461,0.6504790782928467,0.5026729702949524
1.4797519445419312,9.999988555908203,-0.0597897544503212,-0.015958642587065697,0.12321540713310242,-1.2970118522644043,0.12927258014678955
1.447134017944336,9.999988555908203,-0.059648364782333374,-0.015382850542664528,0.2547498345375061,-2.611553430557251,-0.4393967390060425
1.416146993637085,9.999988555908203,-0.05951404571533203,-0.014759933575987816,0.29120171070098877,-2.9753921031951904,-0.9655675888061523
1.3867093324661255,9.999988555908203,-0.059386443346738815,-0.014342638663947582,0.23701143264770508,-2.4325742721557617,-1.2699437141418457
1.3587435483932495,9.999988555908203,-0.059265218675136566,-0.01422116905450821,0.1421210765838623,-1.4824124574661255,-1.3140270709991455
1.3321760892868042,9.999988555908203,-0.05915005877614021,-0.014388613402843475,0.04060743376612663,-0.4657039940357208,-1.1380162239074707
1.3069369792938232,9.999988555908203,-0.059040654450654984,-0.01473543606698513,-0.02899937890470028,0.2320893406867981,-0.8537454009056091
1.2829598188400269,9.999988555908203,-0.058936722576618195,-0.01511178258806467,-0.049195945262908936,0.43573325872421265,-0.5862030982971191
1.2601815462112427,9.999988555908203,-0.05883798748254776,-0.015390478074550629,-0.025484541431069374,0.2000933587551117,-0.4230615496635437
1.250056266784668,9.999988555908203,-0.05828641355037689,-0.015516520477831364,0.024450678378343582,-0.29797127842903137,-0.39710769057273865
1.2404372692108154,9.999988555908203,-0.05776241794228554,-0.017171377316117287,-0.8106652498245239,8.056293487548828,1.3568124771118164
1.2312992811203003,9.999988555908203,-0.057264622300863266,-0.01861691288650036,-0.5366659760475159,5.319066524505615,2.1789050102233887
1.2226182222366333,9.999988555908203,-0.05679171532392502,-0.01861637644469738,-0.00448585906997323,-0.0018153265118598938,1.7264469861984253
1.2143712043762207,9.999988555908203,-0.05634245276451111,-0.01734986901283264,0.4743499755859375,-4.79084587097168,0.3742326498031616
1.2065365314483643,9.999988555908203,-0.055915653705596924,-0.01550243329256773,0.737486720085144,-7.423618793487549,-1.243673324584961
1.1990935802459717,9.999988555908203,-0.05551019683480263,-0.013806842267513275,0.7409996390342712,-7.459994316101074,-2.5334420204162598
1.1920228004455566,9.999988555908203,-0.05512501299381256,-0.01281176321208477,0.5408172011375427,-5.458604335784912,-3.140357732772827
1.1853054761886597,9.999988555908203,-0.054759085178375244,-0.012669499963521957,0.2604963183403015,-2.6548492908477783,-3.0396242141723633
1.1789240837097168,9.999988555908203,-0.05441145598888397,-0.013224402442574501,0.011027608998119831,-0.1588323712348938,-2.4419147968292236
1.1728616952896118,9.999988555908203,-0.054081209003925323,-0.014115321449935436,-0.12597092986106873,1.2128334045410156,-1.6836241483688354
1.1671024560928345,9.999988555908203,-0.05376747250556946,-0.014945847913622856,-0.12965649366378784,1.251254677772522,-1.0746926069259644
1.1636637449264526,9.999988555908203,-0.04864704981446266,-0.015443982556462288,-0.03218192234635353,0.28318166732788086,-0.7929595708847046
1.160396933555603,9.999988555908203,-0.04378264769911766,-0.02217910625040531,-3.7999985218048096,37.97487258911133,7.25062894821167
1.157293438911438,9.999988555908203,-0.03916146606206894,-0.030801810324192047,-3.9253134727478027,39.24341583251953,13.888525009155273
1.154345154762268,9.999988555908203,-0.03477134555578232,-0.034644655883312225,-2.1238672733306885,21.238502502441406,15.413506507873535
1.151544213294983,9.999988555908203,-0.03060073032975197,-0.032339371740818024,0.15646770596504211,-1.5626730918884277,11.891271591186523
1.14888334274292,9.999988555908203,-0.02663864567875862,-0.025292327627539635,2.0117292404174805,-20.118816375732422,5.249786853790283
1.1463555097579956,9.999988555908203,-0.02287466451525688,-0.01654565893113613,2.846985340118408,-28.477075576782227,-1.7478961944580078
1.1439541578292847,9.999988555908203,-0.01929888315498829,-0.009198050945997238,2.590296745300293,-25.914491653442383,-6.762005805969238
1.1416728496551514,9.999988555908203,-0.01590188965201378,-0.005324036814272404,1.5613148212432861,-15.62520694732666,-8.6009521484375
1.1395056247711182,9.999988555908203,-0.012674746103584766,-0.005267198197543621,0.29191070795059204,-2.927544593811035,-7.423828125
1.1374467611312866,9.999988555908203,-0.009608959779143333,-0.007979081943631172,-0.7103418707847595,7.101556777954102,-4.410086631774902
1.1354907751083374,9.999988555908203,-0.006696462631225586,-0.011671298183500767,-1.139662504196167,11.402260780334473,-1.1293251514434814
4.759374618530273,9.999988555908203,0.007953422144055367,-0.014651351608335972,-0.9791131019592285,9.898704528808594,1.1587815284729004
8.20206356048584,9.999988555908203,0.0218708124011755,-0.022458717226982117,-4.1621413230896,41.98495864868164,9.629438400268555
11.472618103027344,9.999988555908203,0.03509233146905899,-0.028945013880729675,-2.992774486541748,30.66238784790039,13.993375778198242
14.579645156860352,9.999988555908203,0.047652777284383774,-0.02878064289689064,-0.4529854655265808,5.644221782684326,12.261085510253906
17.531320571899414,9.999988555908203,0.059585198760032654,-0.02197888121008873,2.071502923965454,-19.285079956054688,5.715856552124023
20.335412979125977,9.999988555908203,0.07092100381851196,-0.011450016871094704,3.573204517364502,-34.05695724487305,-2.5362467765808105
22.999300003051758,9.999988555908203,0.08169001340866089,-0.0012395443627610803,3.8370614051818848,-36.46324920654297,-9.575454711914062
25.529993057250977,9.999988555908203,0.09192056953907013,0.005648336373269558,2.872246503829956,-26.5199031829834,-13.091106414794922
27.93415069580078,9.999988555908203,0.10163959860801697,0.00789668783545494,1.3516895771026611,-10.8982515335083,-12.636131286621094
30.218101501464844,9.999988555908203,0.11087267845869064,0.006235632114112377,-0.041876256465911865,3.580695152282715,-9.271448135375977
32.38785171508789,9.999988555908203,0.11964410543441772,0.002671835944056511,-0.8157169818878174,11.94564151763916,-4.869305610656738
34.44911575317383,9.999988555908203,0.12797695398330688,-0.000526071700733155,-0.8170053362846375,12.596858978271484,-1.245408535003662
75.02436828613281,9.999988555908203,0.14197781682014465,-0.0016984306275844574,-0.20424704253673553,12.821687698364258,1.6732466220855713
113.57086181640625,9.999988555908203,0.15527863800525665,0.00851987674832344,5.5859270095825195,-39.191688537597656,-6.805450916290283
150.19003295898438,9.999988555908203,0.16791442036628723,-0.006897798739373684,-5.038331985473633,76.63831329345703,10.507543563842773
184.97824096679688,9.999988555908203,0.17991842329502106,-0.020990433171391487,-4.950033187866211,86.6640396118164,26.308570861816406
218.02703857421875,9.999988555908203,0.1913222223520279,-0.03307731822133064,-4.727103233337402,96.1961441040039,40.80891418457031
249.42340087890625,9.999988555908203,0.20215582847595215,-0.04374706745147705,-4.530394077301025,106.63782501220703,54.4671630859375
279.24993896484375,9.999988555908203,0.21244774758815765,-0.052998293191194534,-4.328126430511475,117.40701293945312,67.52598571777344
307.58514404296875,9.999988555908203,0.22222506999969482,-0.06094492971897125,-4.1470818519592285,128.56964111328125,80.1913833618164
334.5035705566406,9.999988555908203,0.23151353001594543,-0.06785677373409271,-4.101532936096191,141.1557159423828,92.84032440185547
360.0760803222656,9.999988555908203,0.2403375655412674,-0.07364240288734436,-3.9697442054748535,152.7540740966797,105.27128601074219
384.3699645996094,9.999988555908203,0.24872040748596191,-0.07837679982185364,-3.8330953121185303,164.0572509765625,117.46826171875
407.44915771484375,9.999988555908203,0.2566840946674347,-0.08225541561841965,-3.750653028488159,175.6071014404297,129.53097534179688
434.94915771484375,9.999988555908203,0.26192641258239746,-0.08523774892091751,-3.657468795776367,187.57339477539062,141.57366943359375
461.07415771484375,9.999988555908203,0.26690661907196045,-0.08790473639965057,-3.9162564277648926,202.7568817138672,154.26803588867188
485.8929138183594,9.999988555908203,0.27163782715797424,-0.09048933535814285,-4.058016777038574,216.53514099121094,167.18728637695312
509.4707336425781,9.999988555908203,0.2761324644088745,-0.09250380098819733,-4.115745544433594,228.966796875,180.00535583496094
531.8696899414062,9.999988555908203,0.28040236234664917,-0.09369662404060364,-4.108966827392578,240.0615234375,192.46588134765625
553.148681640625,9.999988555908203,0.28445878624916077,-0.09481483697891235,-4.048975944519043,250.284423828125,204.46212768554688
573.3637084960938,9.999988555908203,0.2883123755455017,-0.095807284116745,-3.9432790279388428,259.67303466796875,215.9173583984375
592.5679931640625,9.999988555908203,0.2919732928276062,-0.09658177942037582,-4.079737663269043,271.0426330566406,227.3548126220703
610.8120727539062,9.999988555908203,0.29545116424560547,-0.09707549959421158,-3.955389976501465,279.3138732910156,238.1353302001953
628.1439819335938,9.999988555908203,0.29875513911247253,-0.09739166498184204,-3.7555880546569824,286.39306640625,248.14788818359375
644.6092529296875,9.999988555908203,0.3018939197063446,-0.09745930135250092,-3.746497631072998,294.8916931152344,257.8463439941406
660.2512817382812,9.999988555908203,0.30487576127052307,-0.097207210958004,-3.737093210220337,302.8466796875,267.18304443359375
673.908203125,9.99998664855957,0.30371785163879395,-0.09683135896921158,-3.5338470935821533,305.27178955078125,275.08575439453125
686.8822631835938,9.999985694885254,0.3026178479194641,-0.0962262749671936,-3.661327838897705,310.5721740722656,282.4485168457031
699.2076416015625,9.999984741210938,0.3015728294849396,-0.09544289112091064,-3.446249008178711,312.0588684082031,288.59210205078125
710.916748046875,9.999983787536621,0.30058008432388306,-0.0943666622042656,-3.491499662399292,315.689208984375,294.2142333984375
722.0404052734375,9.999982833862305,0.29963696002960205,-0.09300334751605988,-3.306114673614502,316.5632629394531,298.85125732421875
732.6078491210938,9.999981880187988,0.2987409830093384,-0.09145927429199219,-3.3536288738250732,319.3999938964844,303.11474609375
742.64697265625,9.999980926513672,0.2978898286819458,-0.08995317667722702,-3.313222646713257,321.16259765625,306.8593444824219
752.18408203125,9.999979972839355,0.29708123207092285,-0.08820479363203049,-3.141209363937378,321.2180480957031,309.8385009765625
761.244384765625,9.999979019165039,0.2963130474090576,-0.08620452880859375,-3.0101959705352783,321.291259765625,312.2147216796875
769.8516235351562,9.999978065490723,0.2955832779407501,-0.08399969339370728,-2.9850316047668457,322.07281494140625,314.2601013183594
778.0285034179688,9.999977111816406,0.29488998651504517,-0.08152244985103607,-2.823472023010254,321.0942687988281,315.6780700683594
785.7965698242188,9.99997615814209,0.2942313849925995,-0.07892633229494095,-2.833646059036255,321.56243896484375,316.89898681640625
789.5068969726562,9.99997329711914,0.2912936210632324,-0.07603149861097336,-2.8375589847564697,318.3812255859375,317.20654296875
793.03173828125,9.999970436096191,0.2885027229785919,-0.07304303348064423,-2.6924655437469482,313.641845703125,316.4669494628906
796.3803100585938,9.999967575073242,0.285851389169693,-0.06978069245815277,-2.3674819469451904,306.89312744140625,314.4805603027344
799.5614624023438,9.99996566772461,0.28333261609077454,-0.06627526134252548,-2.5484800338745117,305.0177001953125,312.5172119140625
802.5835571289062,9.999963760375977,0.2809397876262665,-0.0625499039888382,-2.3441624641418457,299.1207275390625,309.7377014160156
805.4545288085938,9.999961853027344,0.27866658568382263,-0.0585968941450119,-2.368893623352051,295.3392333984375,306.75030517578125
808.1819458007812,9.999959945678711,0.27650704979896545,-0.05448399484157562,-2.231755256652832,289.8184509277344,303.2372741699219
810.7730102539062,9.999958038330078,0.2744554877281189,-0.05023275315761566,-2.1479403972625732,284.727783203125,299.39691162109375
813.2345581054688,9.999956130981445,0.2725065052509308,-0.04579339176416397,-2.1128475666046143,279.9808654785156,295.36846923828125
815.572998046875,9.999954223632812,0.27065497636795044,-0.041172247380018234,-1.9620577096939087,273.9383544921875,290.922119140625
817.7944946289062,9.99995231628418,0.2688960134983063,-0.03640970215201378,-1.8898186683654785,268.575439453125,286.2856140136719
819.9049682617188,9.999950408935547,0.2672249972820282,-0.0315326526761055,-1.8681589365005493,263.6343688964844,281.5859069824219
810.63134765625,9.999951362609863,0.26583656668663025,-0.02650192566215992,-1.784125804901123,254.81991577148438,276.032470703125
801.8214111328125,9.99995231628418,0.26451754570007324,-0.021046657115221024,-1.5884515047073364,244.85594177246094,269.5639343261719
793.4519653320312,9.999953269958496,0.2632644772529602,-0.01523372158408165,-1.4411342144012451,235.38621520996094,262.47271728515625
785.5009765625,9.999954223632812,0.2620740532875061,-0.009201650507748127,-1.333232045173645,226.41958618164062,254.99237060546875
777.947509765625,9.999955177307129,0.26094314455986023,-0.002907761372625828,-1.2116858959197998,217.3789520263672,247.1883087158203
770.771728515625,9.999956130981445,0.2598688006401062,0.0034554745070636272,-1.2814348936080933,210.450439453125,239.56591796875
763.9547729492188,9.999957084655762,0.2588481605052948,0.009646331891417503,-1.1510063409805298,201.88894653320312,231.74867248535156
757.4786376953125,9.999958038330078,0.25787854194641113,0.016054894775152206,-1.035747766494751,193.53367614746094,223.81979370117188
751.3262939453125,9.999958992004395,0.25695741176605225,0.0226642657071352,-0.9639261960983276,185.66983032226562,215.90440368652344
745.4815673828125,9.999959945678711,0.25608235597610474,0.029519129544496536,-0.8995652794837952,177.8943328857422,208.01805114746094
739.9290771484375,9.999960899353027,0.25525104999542236,0.03655051067471504,-0.8519635796546936,170.34249877929688,200.2010955810547
734.6542358398438,9.999961853027344,0.25446128845214844,0.043734047561883926,-0.7712066173553467,162.52369689941406,192.38375854492188
710.6450805664062,9.999963760375977,0.2525371313095093,0.051080454140901566,-0.723704993724823,150.40122985839844,183.67318725585938
687.8363647460938,9.99996566772461,0.2507091760635376,0.05881797522306442,-0.5866300463676453,137.8560333251953,174.16700744628906
666.1680908203125,9.999967575073242,0.24897262454032898,0.06690050661563873,-0.4449787139892578,125.74040985107422,164.11941528320312
645.583251953125,9.999969482421875,0.2473229020833969,0.0744350403547287,-0.6217293739318848,117.8307876586914,154.51541137695312
626.0276489257812,9.999970436096191,0.24575567245483398,0.08140948414802551,-0.503032922744751,107.91557312011719,144.84683227539062
607.4498291015625,9.999971389770508,0.2442668080329895,0.08808109909296036,-0.5662416815757751,100.53738403320312,135.65347290039062
589.8009033203125,9.999972343444824,0.2428523749113083,0.09419926255941391,-0.47745174169540405,92.45024871826172,126.68962860107422
573.034423828125,9.99997329711914,0.24150866270065308,0.09984071552753448,-0.49917441606521606,86.1723403930664,118.28306579589844
557.1062622070312,9.999974250793457,0.24023213982582092,0.10509911924600601,-0.5165673494338989,80.44911193847656,110.43324279785156
541.9744873046875,9.999975204467773,0.2390194535255432,0.10995703935623169,-0.5061963796615601,75.01048278808594,103.08369445800781
527.5993041992188,9.99997615814209,0.23786740005016327,0.11443972587585449,-0.5480696558952332,70.60103607177734,96.34416961669922
513.94287109375,9.999977111816406,0.23677293956279755,0.11853320151567459,-0.5597063899040222,66.36552429199219,90.12417602539062
492.4041442871094,9.999978065490723,0.23773394525051117,0.12217219173908234,-0.5561460852622986,62.464534759521484,84.38533020019531
471.9423522949219,9.999979019165039,0.23864689469337463,0.12533992528915405,-0.5925552248954773,59.399898529052734,79.20133209228516
452.5036315917969,9.999979972839355,0.23951420187950134,0.1281026154756546,-0.6125601530075073,56.53973388671875,74.49948120117188
434.036865234375,9.999980926513672,0.24033814668655396,0.1305520236492157,-0.657632052898407,54.227535247802734,70.29344177246094
416.4934387207031,9.999981880187988,0.24112088978290558,0.1326642483472824,-0.6753348112106323,51.92481231689453,66.4822998046875
399.8271789550781,9.999982833862305,0.24186448752880096,0.1344708949327469,-0.7224061489105225,50.162925720214844,63.096343994140625
383.9942321777344,9.999983787536621,0.2425709068775177,0.1360176056623459,-0.7766624689102173,48.682464599609375,60.10573959350586
368.95294189453125,9.999984741210938,0.24324201047420502,0.1372690200805664,-0.8061484098434448,47.16051483154297,57.41985321044922
354.6636962890625,9.999985694885254,0.2438795566558838,0.13821381330490112,-0.8405829668045044,45.881622314453125,55.0258903503418
341.08892822265625,9.99998664855957,0.24448522925376892,0.13892866671085358,-0.8956779837608337,44.960941314697266,52.93760681152344
328.1929016113281,9.999987602233887,0.24506062269210815,0.13937699794769287,-0.8917518258094788,43.60212326049805,51.00067138671875
315.9416809082031,9.999988555908203,0.24560724198818207,0.13961859047412872,-0.9905857443809509,43.3920783996582,49.422035217285156
306.7413024902344,9.999988555908203,0.24481934309005737,0.13960421085357666,-0.9914531111717224,42.18834686279297,47.92118453979492
298.0009460449219,9.999988555908203,0.24407082796096802,0.1393953412771225,-1.0886282920837402,42.07966613769531,46.70918273925781
289.6976013183594,9.999988555908203,0.2433597445487976,0.13899734616279602,-1.1041083335876465,41.27460479736328,45.58161163330078
281.8094177246094,9.999988555908203,0.24268421530723572,0.13842816650867462,-1.1618177890777588,40.99850082397461,44.63070297241211
274.3156433105469,9.999988555908203,0.24204246699810028,0.13771256804466248,-1.208341360092163,40.70272445678711,43.81572341918945
267.1965637207031,9.999988555908203,0.2414328008890152,0.13682612776756287,-1.2566744089126587,40.51727294921875,43.1313591003418
260.4334411621094,9.999988555908203,0.24085362255573273,0.13575859367847443,-1.3011912107467651,40.38215637207031,42.560951232910156
254.0084686279297,9.999988555908203,0.2403033971786499,0.13451427221298218,-1.3490912914276123,40.36223220825195,42.10476303100586
247.90475463867188,9.999988555908203,0.23978067934513092,0.13309556245803833,-1.3983728885650635,40.431461334228516,41.75758743286133
242.10623168945312,9.999988555908203,0.23928409814834595,0.13148625195026398,-1.4212462902069092,40.31097412109375,41.45744323730469
236.59762573242188,9.999988555908203,0.23881235718727112,0.12971259653568268,-1.4794878959655762,40.60760498046875,41.28112030029297
231.3644561767578,9.999988555908203,0.23836420476436615,0.12778468430042267,-1.5621811151504517,41.205963134765625,41.265525817871094
232.52223205566406,9.999988555908203,0.23884789645671844,0.1256752908229828,-1.6314617395401,42.62974548339844,41.54857635498047
233.6221160888672,9.999988555908203,0.23930740356445312,0.12355011701583862,-1.5759785175323486,42.80323028564453,41.80889129638672
234.66700744628906,9.999988555908203,0.2397439330816269,0.1214202418923378,-1.5882083177566528,43.64873123168945,42.19062423706055
235.65965270996094,9.999988555908203,0.24015864729881287,0.11927462369203568,-1.6339056491851807,44.82652282714844,42.737525939941406
236.6026611328125,9.999988555908203,0.240552619099617,0.11701496690511703,-1.6629515886306763,45.85883331298828,43.38513946533203
237.49851989746094,9.999988555908203,0.24092689156532288,0.11463592201471329,-1.7034748792648315,47.028648376464844,44.14109802246094
238.34959411621094,9.999988555908203,0.24128244817256927,0.11218015849590302,-1.754858136177063,48.320037841796875,45.00815200805664
239.15811157226562,9.999988555908203,0.2416202276945114,0.10963354259729385,-1.8083819150924683,49.64948272705078,45.97114181518555
239.92620849609375,9.999988555908203,0.24194112420082092,0.10698059946298599,-1.8588285446166992,50.968833923339844,47.00807189941406
240.65589904785156,9.999988555908203,0.24224597215652466,0.10422118753194809,-1.9098660945892334,52.31511688232422,48.10918426513672
241.34910583496094,9.999988555908203,0.2425355762243271,0.10134832561016083,-1.984696388244629,53.92235565185547,49.3153076171875
242.0076446533203,9.999988555908203,0.2428106963634491,0.09840594232082367,-2.0140163898468018,55.087196350097656,50.51286697387695
249.83636474609375,9.999988555908203,0.24353791773319244,0.09539899230003357,-2.059558868408203,57.606056213378906,51.98457336425781
257.2736511230469,9.999988555908203,0.2442287802696228,0.09244585782289505,-1.911011815071106,58.15984344482422,53.26582717895508
264.33905029296875,9.999988555908203,0.24488510191440582,0.089690662920475,-2.0343549251556396,61.36747741699219,54.9467658996582
271.05120849609375,9.999988555908203,0.24550861120224,0.08687683194875717,-2.0853657722473145,63.85096740722656,56.794219970703125
277.4277648925781,9.999988555908203,0.24610094726085663,0.08400307595729828,-2.141512632369995,66.38555145263672,58.78424072265625
283.4854736328125,9.999988555908203,0.2466636598110199,0.08107008039951324,-2.1933743953704834,68.87709045410156,60.878318786621094
289.24029541015625,9.999988555908203,0.24719823896884918,0.07809917628765106,-2.2307913303375244,71.21815490722656,63.02363967895508
294.7073974609375,9.999988555908203,0.2477060854434967,0.07510639727115631,-2.299067497253418,73.8570556640625,65.27136993408203
299.901123046875,9.999988555908203,0.2481885403394699,0.07213438302278519,-2.481217861175537,77.6109848022461,67.83160400390625
304.8351745605469,9.999988555908203,0.24864687025547028,0.06916861236095428,-2.3995320796966553,78.70657348632812,70.08795166015625
309.52252197265625,9.999988555908203,0.2490822821855545,0.0662110298871994,-2.434670925140381,80.94945526123047,72.34150695800781
313.9754943847656,9.999988555908203,0.24949592351913452,0.06320519000291824,-2.485090494155884,83.34159851074219,74.62381744384766
325.69842529296875,9.999988555908203,0.25147339701652527,0.06026294454932213,-2.513200044631958,87.4089126586914,77.2764892578125
336.8352355957031,9.999988555908203,0.25335198640823364,0.05759893357753754,-2.439383029937744,90.330322265625,79.98490905761719
347.4151916503906,9.999988555908203,0.2551366686820984,0.055078424513339996,-2.4831008911132812,94.3342514038086,82.96212768554688
357.4661560058594,9.999988555908203,0.256832093000412,0.05263683199882507,-2.515848398208618,98.15135192871094,86.11360168457031
367.0145568847656,9.999988555908203,0.258442759513855,0.05025887489318848,-2.5588560104370117,101.99504852294922,89.40869903564453
376.0855407714844,9.999988555908203,0.2599729001522064,0.04792970418930054,-2.5823349952697754,105.5697021484375,92.76180267333984
384.7029724121094,9.999988555908203,0.26142650842666626,0.04575449973344803,-2.625826835632324,109.2279052734375,96.17820739746094
392.8895263671875,9.999988555908203,0.2628074586391449,0.04370393231511116,-2.6450858116149902,112.53430938720703,99.57179260253906
400.6667785644531,9.999988555908203,0.26411935687065125,0.04171418026089668,-2.6028246879577637,115.13858032226562,102.8016128540039
408.0551452636719,9.999988555908203,0.2653656601905823,0.03990243375301361,-2.6786584854125977,118.78797912597656,106.11848449707031
415.0740966796875,9.999988555908203,0.26654964685440063,0.03829999268054962,-2.687305212020874,121.61354064941406,109.33341979980469
421.7420959472656,9.999988555908203,0.26767444610595703,0.03686867654323578,-2.6884360313415527,124.22483825683594,112.42311096191406
430.90374755859375,9.999988555908203,0.26930445432662964,0.03552559018135071,-2.6787421703338623,127.5235824584961,115.5561752319336
439.6072998046875,9.999988555908203,0.2708529531955719,0.034619301557540894,-2.6351096630096436,130.20111083984375,118.5947265625
447.87567138671875,9.999988555908203,0.2723240256309509,0.033805668354034424,-2.603912830352783,132.86566162109375,121.55567932128906
455.7306213378906,9.999988555908203,0.2737215459346771,0.03322788327932358,-2.6239418983459473,135.8397216796875,124.51934814453125
463.1928405761719,9.999988555908203,0.2750491797924042,0.03286634385585785,-2.6309702396392822,138.48703002929688,127.4173812866211
470.2819519042969,9.999988555908203,0.27631044387817383,0.03252740576863289,-2.596127986907959,140.60801696777344,130.15419006347656
477.0166015625,9.999988555908203,0.2775086462497711,0.03245433419942856,-2.6131021976470947,143.02597045898438,132.82484436035156
483.4145202636719,9.999988555908203,0.27864694595336914,0.03250773623585701,-2.476473808288574,143.75198364257812,135.09202575683594
489.4925231933594,9.999988555908203,0.27972832322120667,0.03278019279241562,-2.5861120223999023,146.74034118652344,137.5088348388672
495.2666320800781,9.999988555908203,0.2807556390762329,0.03327696770429611,-2.5411627292633057,147.97952270507812,139.68130493164062
500.7520446777344,9.999988555908203,0.28173157572746277,0.03389761969447136,-2.397442579269409,148.0777587890625,141.4234161376953
505.96319580078125,9.999988555908203,0.28265872597694397,0.034765858203172684,-2.5119588375091553,150.54421997070312,143.31581115722656
512.8621826171875,9.999987602233887,0.2824843227863312,0.035710111260414124,-2.5075128078460693,151.63626098632812,145.04214477539062
519.4161987304688,9.999987602233887,0.282318651676178,0.036997877061367035,-2.3988893032073975,151.41244506835938,146.36386108398438
525.6425170898438,9.999987602233887,0.28216126561164856,0.03845195472240448,-2.399874210357666,152.10269165039062,147.5545654296875
531.5575561523438,9.999987602233887,0.2820117473602295,0.03996413201093674,-2.2703030109405518,151.365234375,148.34521484375
537.1768188476562,9.999987602233887,0.28186970949172974,0.041623592376708984,-2.361325263977051,152.66786193847656,149.24208068847656
542.51513671875,9.999987602233887,0.28173476457595825,0.043169327080249786,-2.517038345336914,154.59571838378906,150.3528594970703
547.5864868164062,9.999987602233887,0.2816065549850464,0.04478369280695915,-2.5263938903808594,154.94491577148438,151.30563354492188
552.404296875,9.999987602233887,0.2814847528934479,0.04659963399171829,-2.3693435192108154,153.44496154785156,151.74951171875
556.981201171875,9.999987602233887,0.28136906027793884,0.0485352985560894,-2.3057069778442383,152.74105834960938,151.9552459716797
561.3292846679688,9.999987602233887,0.281259149312973,0.050638340413570404,-2.2798454761505127,152.2526397705078,152.01695251464844
565.4599609375,9.999987602233887,0.28115472197532654,0.05274803936481476,-2.3237709999084473,152.39251708984375,152.09487915039062
569.3840942382812,9.999987602233887,0.2810555398464203,0.05506231263279915,-2.1300418376922607,149.97735595703125,151.65553283691406
565.8345336914062,9.999988555908203,0.28022873401641846,0.05743152275681496,-2.1335599422454834,147.4019317626953,150.7729949951172
562.4624633789062,9.999988555908203,0.27944326400756836,0.05983535572886467,-2.120084047317505,144.72201538085938,149.5175323486328
559.259033203125,9.999988555908203,0.27869707345962524,0.06212848797440529,-2.118800640106201,142.30592346191406,148.02127075195312
556.2157592773438,9.999988555908203,0.2779881954193115,0.06452608853578568,-2.0826711654663086,139.55767822265625,146.26524353027344
553.3246459960938,9.999988555908203,0.2773147523403168,0.0667681023478508,-2.031602144241333,136.816650390625,144.30484008789062
550.5780639648438,9.999988555908203,0.2766749858856201,0.06912942230701447,-2.0225203037261963,134.49520874023438,142.26953125
547.9688110351562,9.999988555908203,0.27606719732284546,0.07146145403385162,-1.9946843385696411,132.06439208984375,140.15216064453125
545.4900512695312,9.999988555908203,0.27548980712890625,0.073736771941185,-1.96837317943573,129.7379913330078,137.99142456054688
543.1351928710938,9.999988555908203,0.2749412953853607,0.0759531706571579,-2.0546956062316895,128.6243896484375,136.04794311523438
540.8981323242188,9.999988555908203,0.27442020177841187,0.07814332097768784,-1.8950690031051636,125.11646270751953,133.77987670898438
538.7728881835938,9.999988555908203,0.27392515540122986,0.0803513303399086,-1.8588182926177979,122.8804931640625,131.51846313476562
536.75390625,9.999988555908203,0.273454874753952,0.08246142417192459,-1.8186620473861694,120.70308685302734,129.2744903564453
526.7486572265625,9.999988555908203,0.27121537923812866,0.0845726877450943,-1.7972419261932373,116.28618621826172,126.57966613769531
517.24365234375,9.999988555908203,0.26908785104751587,0.08630018681287766,-2.024658679962158,114.79231262207031,124.13401794433594
508.21392822265625,9.999988555908203,0.26706668734550476,0.0877942368388176,-1.9058341979980469,110.16706848144531,121.23614501953125
499.63568115234375,9.999988555908203,0.2651465833187103,0.0891481414437294,-1.9018465280532837,106.95355224609375,118.27278137207031
491.4863586425781,9.999988555908203,0.26332250237464905,0.09036190807819366,-1.6756314039230347,101.76406860351562,114.84754180908203
483.7445068359375,9.999988555908203,0.2615896165370941,0.09147374331951141,-1.842239260673523,100.7149887084961,111.9153060913086
476.3897399902344,9.999988555908203,0.2599433958530426,0.09244823455810547,-1.8756506443023682,98.5494613647461,109.14215087890625
469.4027099609375,9.999988555908203,0.2583794593811035,0.09326773881912231,-1.7540770769119263,95.04463958740234,106.2171859741211
462.7650146484375,9.999988555908203,0.25689372420310974,0.09402932226657867,-1.8684312105178833,94.05223846435547,103.69319152832031
456.459228515625,9.999988555908203,0.2554822862148285,0.09471675008535385,-1.768306851387024,91.06596374511719,101.07328033447266
450.4687194824219,9.999988555908203,0.2541414201259613,0.09534404426813126,-1.741492748260498,88.94816589355469,98.55755615234375
444.7777404785156,9.999988555908203,0.25286760926246643,0.09583858400583267,-1.7139650583267212,86.98265075683594,96.15599060058594
435.4334716796875,9.999988555908203,0.24872703850269318,0.0961810052394867,-1.6887640953063965,83.31127166748047,93.49095916748047
426.5564270019531,9.999988555908203,0.24479348957538605,0.09602522104978561,-1.9977236986160278,83.4352798461914,91.40459442138672
418.12322998046875,9.999988555908203,0.2410566210746765,0.0953352302312851,-2.025839328765869,81.1878662109375,89.28482055664062
410.1116943359375,9.999988555908203,0.23750659823417664,0.09451102465391159,-2.043268918991089,79.07682037353516,87.16685485839844
402.500732421875,9.999988555908203,0.23413407802581787,0.09356053918600082,-2.0340068340301514,76.92098999023438,85.04103088378906
395.27032470703125,9.999988555908203,0.2309301793575287,0.09249256551265717,-2.038745164871216,75.10771179199219,82.98005676269531
388.40142822265625,9.999988555908203,0.22788648307323456,0.09126215428113937,-1.9242198467254639,72.30726623535156,80.76565551757812
381.8759765625,9.999988555908203,0.2249949723482132,0.08994477987289429,-2.015918493270874,71.7315902709961,78.8912582397461
375.6767883300781,9.999988555908203,0.22224803268909454,0.0884903222322464,-1.9014853239059448,69.26449584960938,76.89389038085938
369.7875671386719,9.999988555908203,0.21963843703269958,0.08698318153619766,-1.844907283782959,67.5033187866211,74.94552612304688
364.19281005859375,9.999988555908203,0.21715933084487915,0.08537638187408447,-1.974810004234314,67.74247741699219,73.45103454589844
358.8777770996094,9.999988555908203,0.21480417251586914,0.08369364589452744,-1.9990767240524292,67.04339599609375,72.12157440185547
358.87353515625,9.999988555908203,0.21413306891918182,0.08193821460008621,-2.1007378101348877,68.4485855102539,71.3594970703125
358.8694763183594,9.999988555908203,0.21349550783634186,0.0795677974820137,-2.3036274909973145,71.09881591796875,71.30541229248047
358.8656311035156,9.999988555908203,0.21288983523845673,0.07676318287849426,-2.41829776763916,73.03412628173828,71.6640853881836
358.8619689941406,9.999988555908203,0.2123144418001175,0.07371021807193756,-2.472824811935425,74.46800231933594,72.245849609375
358.8584899902344,9.999988555908203,0.21176782250404358,0.07064232230186462,-2.4685072898864746,75.32913208007812,72.88557434082031
358.8551940917969,9.999988555908203,0.21124853193759918,0.06759428977966309,-2.4704253673553467,76.25529479980469,73.58473205566406
358.8520812988281,9.999988555908203,0.21075519919395447,0.0646914467215538,-2.480515241622925,77.22040557861328,74.33906555175781
358.84912109375,9.999988555908203,0.21028654277324677,0.061804451048374176,-2.4517056941986084,77.79969787597656,75.05708312988281
358.8462829589844,9.999988555908203,0.2098413109779358,0.05899230018258095,-2.4592089653015137,78.72367095947266,75.81783294677734
358.8435974121094,9.999988555908203,0.20941834151744843,0.05629824101924896,-2.432163953781128,79.26777648925781,76.53363037109375
358.841064453125,9.999988555908203,0.20901651680469513,0.05369061604142189,-2.41044282913208,79.84171295166016,77.2199935913086
358.8386535644531,9.999988555908203,0.20863479375839233,0.05116015300154686,-2.388911247253418,80.3970718383789,77.87918090820312
368.39691162109375,9.999987602233887,0.21053601801395416,0.04865357652306557,-2.381894588470459,83.4559097290039,79.03624725341797
377.47723388671875,9.999987602233887,0.21234217286109924,0.046036262065172195,-2.540846824645996,88.18513488769531,80.9344711303711
386.1035461425781,9.999987602233887,0.2140580266714096,0.04341031238436699,-2.5116353034973145,91.00401306152344,83.02371215820312
394.2985534667969,9.999987602233887,0.2156880795955658,0.04092983528971672,-2.503972291946411,93.94660949707031,85.29000854492188
402.08380126953125,9.999987602233887,0.21723663806915283,0.03856812044978142,-2.4531137943267822,96.37081909179688,87.58906555175781
409.47979736328125,9.999987602233887,0.21870777010917664,0.03650100156664848,-2.4742321968078613,99.35227966308594,90.02970886230469
416.5059814453125,9.999987602233887,0.2201053351163864,0.03471868112683296,-2.365004301071167,100.86466979980469,92.27775573730469
423.18084716796875,9.999987602233887,0.22143302857875824,0.033196572214365005,-2.3389108180999756,103.04714965820312,94.51219940185547
429.52197265625,9.999987602233887,0.22269433736801147,0.03187950700521469,-2.301378011703491,104.97291564941406,96.68260192871094
435.5460510253906,9.999987602233887,0.22389258444309235,0.03083210624754429,-2.272926092147827,106.81595611572266,98.78507995605469
441.2689208984375,9.999987602233887,0.22503091394901276,0.03008473478257656,-2.1742727756500244,107.76638793945312,100.64852905273438
446.7056579589844,9.999987602233887,0.22611232101917267,0.02961423061788082,-2.1260621547698975,109.03740692138672,102.38906860351562
454.20550537109375,9.99998664855957,0.2275412380695343,0.029378103092312813,-2.1111557483673096,111.11831665039062,104.20022583007812
461.33038330078125,9.999985694885254,0.22889870405197144,0.029700471088290215,-1.8227481842041016,110.12364959716797,105.42922973632812
468.0989990234375,9.999984741210938,0.2301882952451706,0.030581355094909668,-1.6834112405776978,110.2698974609375,106.43357849121094
474.5291748046875,9.999983787536621,0.23141340911388397,0.031867217272520065,-1.5511157512664795,110.20162200927734,107.21537780761719
480.6378479003906,9.999982833862305,0.23257726430892944,0.03352789953351021,-1.4894142150878906,110.56478118896484,107.91032409667969
486.44110107421875,9.999981880187988,0.23368293046951294,0.035641416907310486,-1.317305564880371,109.5085678100586,108.24193572998047
491.9541931152344,9.999980926513672,0.23473331332206726,0.03796233981847763,-1.251356601715088,109.31584167480469,108.46475219726562
497.1916198730469,9.999979972839355,0.23573118448257446,0.04060482606291771,-1.105592966079712,108.07109832763672,108.3830795288086
502.16717529296875,9.999979019165039,0.23667915165424347,0.04350126162171364,-1.0139726400375366,107.14730072021484,108.12667846679688
506.8939514160156,9.999978065490723,0.23757971823215485,0.046700261533260345,-0.8690112233161926,105.44573974609375,107.5704345703125
511.3843994140625,9.999977111816406,0.2384352684020996,0.05011190474033356,-0.8391662240028381,104.69727325439453,106.97431182861328
515.6503295898438,9.99997615814209,0.23924803733825684,0.05370108783245087,-0.7737928032875061,103.41525268554688,106.23587036132812
498.253662109375,9.999977111816406,0.23413747549057007,0.05746166408061981,-0.7062872648239136,95.09223175048828,103.92378234863281
481.7268371582031,9.999978065490723,0.2292824387550354,0.061834271997213364,0.0657452940940857,80.00682830810547,98.96147155761719
466.0263671875,9.999979019165039,0.2246701568365097,0.06684885174036026,0.08050365746021271,72.74385070800781,93.52181243896484
451.11090087890625,9.999979972839355,0.22028848528862,0.07208795100450516,0.26214978098869324,64.23339080810547,87.44502258300781
436.94122314453125,9.999980926513672,0.21612589061260223,0.07749228179454803,0.4271543622016907,56.30320358276367,80.98368835449219
423.4800109863281,9.999981880187988,0.21217143535614014,0.08289188891649246,0.5582211017608643,49.16510772705078,74.38194274902344
410.6918640136719,9.999982833862305,0.2084147036075592,0.08820176124572754,0.6028889417648315,43.34159851074219,67.94166564941406
398.5431213378906,9.999983787536621,0.20484580099582672,0.09344222396612167,0.6825721263885498,37.57341766357422,61.640830993652344
387.0018310546875,9.999984741210938,0.20145533978939056,0.09864791482686996,0.7038069367408752,32.74860382080078,55.646244049072266
376.03759765625,9.999985694885254,0.1982344090938568,0.10358422249555588,0.7566217184066772,28.02582359313965,49.91553497314453
365.62158203125,9.99998664855957,0.19517453014850616,0.10847097635269165,0.8198339939117432,23.502361297607422,44.435306549072266
355.7263488769531,9.999987602233887,0.19226764142513275,0.11304136365652084,0.855110764503479,19.631778717041016,39.28904724121094
349.1908874511719,9.999988555908203,0.1795879453420639,0.11747132986783981,0.8751957416534424,12.938608169555664,33.821834564208984
342.9822082519531,9.999988555908203,0.1675422340631485,0.1216326579451561,0.8454992175102234,7.29118537902832,28.317230224609375
337.0839538574219,9.999988555908203,0.15609879791736603,0.12562884390354156,1.0097655057907104,0.17328834533691406,22.47789764404297
331.4806213378906,9.999988555908203,0.14522753655910492,0.12947089970111847,1.013974666595459,-4.916715621948242,16.794036865234375
326.1574401855469,9.999988555908203,0.13489983975887299,0.13301168382167816,1.0038979053497314,-9.423130989074707,11.354473114013672
321.1004333496094,9.999988555908203,0.12508852779865265,0.13627438247203827,1.0082818269729614,-13.674589157104492,6.161418914794922
316.2962646484375,9.999988555908203,0.11576777696609497,0.13924410939216614,0.9781245589256287,-17.206710815429688,1.312976360321045
311.7322998046875,9.999988555908203,0.10691305994987488,0.1418355405330658,0.9086301922798157,-19.972755432128906,-3.1034083366394043
307.39654541015625,9.999988555908203,0.09850107878446579,0.14416147768497467,0.6967778205871582,-21.003618240356445,-6.817361831665039
303.2775573730469,9.999988555908203,0.09050969779491425,0.1444399058818817,1.6935971975326538,-33.29177474975586,-12.310298919677734
299.3645324707031,9.999988555908203,0.08291789144277573,0.14515992999076843,1.487487554550171,-33.50791931152344,-16.708402633666992
295.64715576171875,9.999988555908203,0.07570566982030869,0.14250200986862183,-0.2219271957874298,-17.528879165649414,-16.87863540649414
291.77862548828125,9.999988555908203,0.06743121147155762,0.1341211050748825,-2.121044158935547,1.7517318725585938,-13.013188362121582
288.103515625,9.999988555908203,0.05957047641277313,0.11825674027204514,-5.7654290199279785,40.74650573730469,-1.8590736389160156
284.61212158203125,9.999988555908203,0.05210277438163757,0.10178166627883911,-5.785158157348633,43.712303161621094,7.596120834350586
281.2952880859375,9.999988555908203,0.04500845819711685,0.09316850453615189,-2.7687625885009766,14.140398979187012,8.953934669494629
278.14434814453125,9.999988555908203,0.038268860429525375,0.09227137267589569,-0.2402629256248474,-12.617866516113281,4.478196144104004
275.15093994140625,9.999988555908203,0.03186624124646187,0.09544084221124649,1.3463679552078247,-30.956275939941406,-2.873783588409424
272.30718994140625,9.999988555908203,0.025783753022551537,0.09896837174892426,1.6892684698104858,-36.82136535644531,-9.917262077331543
269.60565185546875,9.999988555908203,0.02000538818538189,0.09945908933877945,0.8166487216949463,-29.587642669677734,-13.998493194580078
267.0391845703125,9.999988555908203,0.014515941962599754,0.09526227414608002,-0.7918748259544373,-13.643695831298828,-13.924880027770996
264.60101318359375,9.999988555908203,0.00930096860975027,0.08682521432638168,-2.326672077178955,2.753702163696289,-10.464391708374023
262.2847595214844,9.999988555908203,0.004346744157373905,0.07611744105815887,-3.2544336318969727,13.719940185546875,-5.446603298187256
260.0843200683594,9.999988555908203,-0.00035976897925138474,0.06562956422567368,-3.3395750522613525,16.23292350769043,-0.9485137462615967
254.2616729736328,9.999988555908203,-0.004919563420116901,0.05736609920859337,-2.68095064163208,10.972618103027344,1.5248944759368896
248.73016357421875,9.999988555908203,-0.0092513682320714,0.047111786901950836,-4.539615154266357,31.376882553100586,7.7186150550842285
243.47523498535156,9.999988555908203,-0.013366582803428173,0.039052195847034454,-3.1394903659820557,18.632192611694336,9.982975006103516
238.48304748535156,9.999988555908203,-0.017276037484407425,0.03651358559727669,-1.1450228691101074,-1.3776979446411133,7.625851631164551
233.740478515625,9.999988555908203,-0.02099001780152321,0.0379890576004982,0.36631709337234497,-17.448963165283203,2.423304319381714
229.2350311279297,9.999988555908203,-0.024518299847841263,0.0409240685403347,1.0188682079315186,-25.190353393554688,-3.306004762649536
224.95484924316406,9.999988555908203,-0.027870167046785355,0.04264109209179878,0.7087217569351196,-22.949058532714844,-7.381565093994141
220.88868713378906,9.999988555908203,-0.031054440885782242,0.04127754271030426,-0.30738720297813416,-12.903447151184082,-8.527251243591309
217.0258331298828,9.999988555908203,-0.034079503268003464,0.03647860139608383,-1.5257714986801147,-0.05523395538330078,-6.769468784332275
213.3561248779297,9.999988555908203,-0.036953311413526535,0.029242191463708878,-2.471290111541748,10.5896577835083,-3.1677801609039307
209.86988830566406,9.999988555908203,-0.03968342766165733,0.021336721256375313,-2.789987564086914,15.093550682067871,0.6210987567901611
206.55796813964844,9.999988555908203,-0.04227703809738159,0.01452290266752243,-2.476729154586792,13.034783363342285,3.196702480316162
196.9416046142578,9.999988555908203,-0.04287170618772507,0.009863131679594517,-1.7766022682189941,7.380319595336914,4.064723491668701
187.80606079101562,9.999988555908203,-0.04343664273619652,0.011429703794419765,1.170013427734375,-22.004352569580078,-1.3441143035888672
179.12728881835938,9.999988555908203,-0.04397333040833473,0.01561710610985756,1.784788966178894,-28.522144317626953,-6.983038902282715
170.88246154785156,9.999988555908203,-0.044483184814453125,0.017626898363232613,0.9314477443695068,-19.927989959716797,-9.66887092590332
163.04986572265625,9.999988555908203,-0.04496754705905914,0.015554513782262802,-0.5719373822212219,-4.148746013641357,-8.523550033569336
155.60890197753906,9.999988555908203,-0.04542769119143486,0.009775365702807903,-1.9726403951644897,11.1362943649292,-4.44450569152832
148.5399932861328,9.999988555908203,-0.04586482793092728,0.002218952402472496,-2.7223174571990967,20.080778121948242,0.6440246105194092
141.82452392578125,9.999988555908203,-0.04628010839223862,-0.004729692358523607,-2.620515823364258,20.312259674072266,4.724809646606445
135.44482421875,9.999988555908203,-0.04667462408542633,-0.009322931058704853,-1.8914706707000732,13.8555908203125,6.6192731857299805
129.3841094970703,9.999988555908203,-0.04704941436648369,-0.010881183668971062,-0.8478227853775024,3.798623561859131,6.0340423583984375
123.62643432617188,9.999988555908203,-0.047405462712049484,-0.009908663108944893,0.0685371607542038,-5.3209662437438965,3.6780941486358643
118.15664672851562,9.999988555908203,-0.04774370789527893,-0.0076791285537183285,0.5720807313919067,-10.454697608947754,0.7458086013793945
112.45028686523438,9.999988555908203,-0.04602484032511711,-0.005659851711243391,0.5597918033599854,-10.136966705322266,-1.512160301208496
107.02925109863281,9.999988555908203,-0.04439191520214081,-0.011331494897603989,-3.7632484436035156,34.09400939941406,5.875443458557129
101.87926483154297,9.999988555908203,-0.042840637266635895,-0.018839742988348007,-3.4520108699798584,32.07487487792969,11.31132698059082
96.98677825927734,9.999988555908203,-0.04136692360043526,-0.020661331713199615,-0.945495069026947,7.446771144866943,10.509506225585938
92.33891296386719,9.999988555908203,-0.0399668924510479,-0.01677701249718666,1.1122462749481201,-13.263778686523438,5.577001571655273
87.92344665527344,9.999988555908203,-0.038636863231658936,-0.010438266210258007,2.0928831100463867,-23.408123016357422,-0.4368605613708496
83.72875213623047,9.999988555908203,-0.037373337894678116,-0.00448326813057065,2.113057851791382,-23.8843994140625,-5.301779270172119
79.74378967285156,9.999988555908203,-0.03617298603057861,-0.0010754935210570693,1.3534573316574097,-16.333364486694336,-7.59062385559082
75.95807647705078,9.999988555908203,-0.03503265231847763,-0.00099085527472198,0.29946932196617126,-5.58043909072876,-7.173548698425293
72.36164855957031,9.999988555908203,-0.033949337899684906,-0.0037288761232048273,-0.8384853601455688,6.1980414390563965,-4.399198055267334
68.9450454711914,9.999988555908203,-0.03292018920183182,-0.00787548627704382,-1.396259069442749,12.23586654663086,-0.9477384090423584
65.69927215576172,9.999988555908203,-0.031942497938871384,-0.011730269528925419,-1.359100341796875,12.263059616088867,1.7932510375976562
62.575950622558594,9.999988555908203,-0.03191573545336723,-0.01405127439647913,-0.8710188269615173,7.592292785644531,2.9964420795440674
59.608795166015625,9.999988555908203,-0.03189031034708023,-0.00885931495577097,2.989623546600342,-31.269052505493164,-4.112997055053711
56.78999710083008,9.999988555908203,-0.0318661592900753,-6.942702748347074e-05,3.8844165802001953,-40.64985656738281,-11.693700790405273
54.11214065551758,9.999988555908203,-0.031843215227127075,0.005892774555832148,2.748445749282837,-29.52640151977539,-15.393648147583008
51.56817626953125,9.999988555908203,-0.031821418553590775,0.006301075220108032,0.6434388160705566,-8.400288581848145,-13.942659378051758
49.15140914916992,9.999988555908203,-0.031800709664821625,0.0012855319073423743,-1.0209617614746094,8.58337116241455,-9.268936157226562
46.8554801940918,9.999988555908203,-0.03178103640675545,-0.006803486961871386,-2.6841416358947754,25.671049118041992,-2.0195536613464355
44.67435073852539,9.999988555908203,-0.031762346625328064,-0.014736791141331196,-2.801295757293701,27.252321243286133,4.053804397583008
42.60227584838867,9.999988555908203,-0.031744591891765594,-0.019806712865829468,-1.9210009574890137,18.701406478881836,7.0929036140441895
40.63380432128906,9.999988555908203,-0.03172772377729416,-0.020895589143037796,-0.5780491828918457,5.340334415435791,6.729279041290283
38.763755798339844,9.999988555908203,-0.031711701303720474,-0.018508346751332283,0.6665889024734497,-7.1776933670043945,3.8438467979431152
36.987213134765625,9.999988555908203,-0.03169647976756096,-0.014289342798292637,1.369837760925293,-14.342204093933105,0.0705869197845459
35.63538360595703,9.999988555908203,-0.032552320510149,-0.010162216611206532,1.4218188524246216,-15.01605224609375,-3.0596039295196533
34.35114669799805,9.999988555908203,-0.03336536884307861,-0.014009425416588783,-3.0693633556365967,30.028697967529297,3.8055899143218994
33.13112258911133,9.999988555908203,-0.03413776308298111,-0.021050842478871346,-3.328268051147461,32.849056243896484,9.831557273864746
31.972097396850586,9.999988555908203,-0.03487154096364975,-0.023398976773023605,-1.2771472930908203,12.404656410217285,10.365427017211914
30.871023178100586,9.999988555908203,-0.03556862846016884,-0.01994171366095543,1.1015634536743164,-11.498041152954102,5.8291730880737305
29.825002670288086,9.999988555908203,-0.03623086214065552,-0.013372139073908329,2.21356463432312,-22.817380905151367,-0.11444234848022461
28.831283569335938,9.999988555908203,-0.03685998171567917,-0.00715634785592556,2.255199670791626,-23.40836524963379,-4.947488784790039
27.887250900268555,9.999988555908203,-0.037457648664712906,-0.0034873599652200937,1.4891217947006226,-15.838539123535156,-7.207175254821777
26.990419387817383,9.999988555908203,-0.03802543133497238,-0.00314643164165318,0.3556610345840454,-4.498004913330078,-6.645073890686035
26.138429641723633,9.999988555908203,-0.03856482356786728,-0.005590923596173525,-0.7203311920166016,6.3414177894592285,-3.9506237506866455
25.32904052734375,9.999988555908203,-0.03907724842429161,-0.009376578964293003,-1.216031789779663,11.408014297485352,-0.76399827003479
24.56011962890625,9.999988555908203,-0.03956405073404312,-0.01282165851444006,-1.1680837869644165,11.024027824401855,1.6817930936813354
23.538555145263672,9.999988555908203,-0.03913810849189758,-0.014830024912953377,-0.7315929532051086,6.743743896484375,2.7320518493652344
22.568069458007812,9.999988555908203,-0.03873346373438835,-0.011172217316925526,2.164436101913452,-22.266340255737305,-2.454639434814453
21.646106719970703,9.999988555908203,-0.038349051028490067,-0.005067580845206976,2.705911159515381,-27.779495239257812,-7.7090654373168945
20.77024269104004,9.999988555908203,-0.037983860820531845,-0.0009179375483654439,1.977428913116455,-20.54413604736328,-10.372098922729492
19.93817138671875,9.999988555908203,-0.037636928260326385,-0.0004990604938939214,0.48635333776474,-5.6039886474609375,-9.382806777954102
19.147705078125,9.999988555908203,-0.03730734437704086,-0.0036256799940019846,-0.6797239780426025,6.152305603027344,-6.159566402435303
18.396760940551758,9.999988555908203,-0.03699423745274544,-0.008668106980621815,-1.6045124530792236,15.523998260498047,-1.6606390476226807
17.683364868164062,9.999988555908203,-0.03669678792357445,-0.013612219132483006,-1.6835505962371826,16.427274703979492,2.092259407043457
17.005638122558594,9.999988555908203,-0.03641420975327492,-0.016748882830142975,-1.1618796586990356,11.284361839294434,3.999446153640747
16.361797332763672,9.999988555908203,-0.036145761609077454,-0.017433730885386467,-0.35183849930763245,3.2122185230255127,3.836111545562744
15.75014877319336,9.999988555908203,-0.03589073568582535,-0.016018807888031006,0.39895039796829224,-4.30248498916626,2.147507667541504
15.169082641601562,9.999988555908203,-0.03564846143126488,-0.013520954176783562,0.8377854824066162,-8.713499069213867,-0.10594487190246582
14.843148231506348,9.999988555908203,-0.0360245443880558,-0.011127033270895481,0.8637044429779053,-9.006591796875,-1.9526599645614624
14.533510208129883,9.999988555908203,-0.03638182580471039,-0.011779166758060455,-0.5811135172843933,5.45356559753418,-0.41600894927978516
14.239354133605957,9.999988555908203,-0.03672124072909355,-0.013897600583732128,-0.8182367086410522,7.857363700866699,1.3005586862564087
13.959906578063965,9.999988555908203,-0.03704368695616722,-0.015372341498732567,-0.5664892792701721,5.362356662750244,2.1433045864105225
13.69443130493164,9.999988555908203,-0.03735001012682915,-0.015576404519379139,-0.11043021827936172,0.8061238527297974,1.8658651113510132
13.442229270935059,9.999988555908203,-0.0376410186290741,-0.014651493169367313,0.3161601126194,-3.470628023147583,0.7586442828178406
13.202637672424316,9.999988555908203,-0.037917476147413254,-0.01316570583730936,0.5507971048355103,-5.834753036499023,-0.6093603372573853
12.975025177001953,9.999988555908203,-0.03818010911345482,-0.011794660240411758,0.5458278059959412,-5.800623893737793,-1.6864489316940308
12.758793830871582,9.999988555908203,-0.038429610431194305,-0.011031928472220898,0.3613440990447998,-3.962998390197754,-2.15878963470459
12.553374290466309,9.999988555908203,-0.03866663575172424,-0.011048275977373123,0.09338356554508209,-1.2805382013320923,-1.9765691757202148
12.358224868774414,9.999988555908203,-0.038891810923814774,-0.011701997369527817,-0.14055368304252625,1.0695173740386963,-1.3445641994476318
12.172833442687988,9.999988555908203,-0.03910572826862335,-0.012651653960347176,-0.2666710317134857,2.344686269760132,-0.5791149139404297
11.920597076416016,9.999988555908203,-0.03911763057112694,-0.013525932095944881,-0.2659541666507721,2.3544702529907227,0.02954825758934021
11.6809720993042,9.999988555908203,-0.03912893682718277,-0.013284546323120594,0.32014575600624084,-3.5033414363861084,-0.7034592628479004
11.453329086303711,9.999988555908203,-0.039139676839113235,-0.0122025515884161,0.5732630491256714,-6.041143894195557,-1.810927391052246
11.237068176269531,9.999988555908203,-0.03914988040924072,-0.011158282868564129,0.5518971085548401,-5.833508491516113,-2.645536422729492
11.031620025634766,9.999988555908203,-0.03915957361459732,-0.010704662650823593,0.32596394419670105,-3.5735394954681396,-2.8380794525146484
10.836443901062012,9.999988555908203,-0.03916878253221512,-0.011005918495357037,0.031012043356895447,-0.6153053641319275,-2.3768961429595947
10.651026725769043,9.999988555908203,-0.03917752951383591,-0.01187722384929657,-0.19521726667881012,1.6613942384719849,-1.5390276908874512
10.47488021850586,9.999988555908203,-0.039185840636491776,-0.012939762324094772,-0.28089621663093567,2.534034490585327,-0.6939446926116943
10.307540893554688,9.999988555908203,-0.039193734526634216,-0.013821710832417011,-0.24701502919197083,2.2086241245269775,-0.09171682596206665
10.148569107055664,9.999988555908203,-0.03920123353600502,-0.014304869808256626,-0.13048307597637177,1.0521667003631592,0.1456172615289688
9.997546195983887,9.999988555908203,-0.03920836001634598,-0.014353972859680653,0.011177022010087967,-0.3602529764175415,0.040658801794052124
9.854074478149414,9.999988555908203,-0.03921512886881828,-0.014096535742282867,0.11247723549604416,-1.3722915649414062,-0.25250154733657837
10.528525352478027,9.999988555908203,-0.03912018984556198,-0.013722630217671394,0.16032332181930542,-1.8706302642822266,-0.5882325172424316
11.1692533493042,9.999988555908203,-0.03903000056743622,-0.012317822314798832,0.7980318069458008,-8.278663635253906,-2.1838510036468506
11.777944564819336,9.999988555908203,-0.038944318890571594,-0.010639329440891743,0.8311439156532288,-8.644804954528809,-3.524376392364502
12.356201171875,9.999988555908203,-0.0388629212975502,-0.009768332354724407,0.5049129724502563,-5.4086222648620605,-3.9153218269348145
12.905545234680176,9.999988555908203,-0.03878559172153473,-0.010021112859249115,0.07052261382341385,-1.0764466524124146,-3.3263092041015625
13.427422523498535,9.999988555908203,-0.03871212899684906,-0.011208055540919304,-0.23381587862968445,1.968847393989563,-2.2276649475097656
13.923205375671387,9.999988555908203,-0.038642339408397675,-0.012786992825567722,-0.4616464376449585,4.2564697265625,-0.8823303580284119
14.39419937133789,9.999988555908203,-0.03857603669166565,-0.014198469929397106,-0.4374748468399048,4.023848056793213,0.13560843467712402
14.841643333435059,9.999988555908203,-0.038513049483299255,-0.01500004343688488,-0.25370004773139954,2.188025951385498,0.5614460706710815
15.266715049743652,9.999988555908203,-0.03845321387052536,-0.015086476691067219,-0.016174739226698875,-0.19498611986637115,0.4045007824897766
15.670533180236816,9.999988555908203,-0.03839637339115143,-0.014627117663621902,0.18044613301753998,-2.176936149597168,-0.13109830021858215
16.054161071777344,9.999988555908203,-0.038342371582984924,-0.013952231034636497,0.2698260247707367,-3.089820384979248,-0.7449768781661987
15.934191703796387,9.999988555908203,-0.03754621371626854,-0.013393308036029339,0.23593318462371826,-2.7441861629486084,-1.1597747802734375
15.820220947265625,9.999988555908203,-0.03678986430168152,-0.011981050483882427,0.843135416507721,-8.82382583618164,-2.749919891357422
15.711949348449707,9.999988555908203,-0.03607133403420448,-0.01036880724132061,0.8433403372764587,-8.837230682373047,-4.012921333312988
15.609090805053711,9.999988555908203,-0.035388730466365814,-0.009545212611556053,0.5115452408790588,-5.518840312957764,-4.325370788574219
15.511375427246094,9.999988555908203,-0.034740254282951355,-0.009923861362040043,0.11938507109880447,-1.5787856578826904,-3.755506753921509
15.418545722961426,9.999988555908203,-0.03412420302629471,-0.01121233869343996,-0.2599906027317047,2.2466354370117188,-2.510176420211792
15.330357551574707,9.999988555908203,-0.03353895619511604,-0.012881086207926273,-0.4467189311981201,4.150491714477539,-1.1282143592834473
15.24657917022705,9.999988555908203,-0.032982971519231796,-0.014311733655631542,-0.42017489671707153,3.917071580886841,-0.08141344785690308
15.16698932647705,9.999988555908203,-0.03245478495955467,-0.015097224153578281,-0.23107098042964935,2.047445058822632,0.3602842390537262
15.091379165649414,9.999988555908203,-0.031953006982803345,-0.015124871395528316,0.024772103875875473,-0.5016804933547974,0.18144294619560242
15.019549369812012,9.999988555908203,-0.03147631883621216,-0.01457455474883318,0.2281595766544342,-2.535449981689453,-0.38226068019866943
14.951311111450195,9.999988555908203,-0.03102346509695053,-0.013794579543173313,0.31824150681495667,-3.4400057792663574,-1.016684651374817
14.674220085144043,9.999988555908203,-0.030438028275966644,-0.013146627694368362,0.30844536423683167,-3.3381876945495605,-1.4983525276184082
14.410983085632324,9.999988555908203,-0.029881862923502922,-0.009715805761516094,1.980155348777771,-20.092144012451172,-5.356210708618164
14.160907745361328,9.999988555908203,-0.029353506863117218,-0.00562406936660409,1.9935745000839233,-20.271753311157227,-8.450902938842773
13.923336029052734,9.999988555908203,-0.028851568698883057,-0.0035142702981829643,1.303768515586853,-13.390449523925781,-9.475765228271484
13.697643280029297,9.999988555908203,-0.028374725952744484,-0.004365964792668819,0.11396048218011856,-1.4684669971466064,-7.814403057098389
13.483235359191895,9.999988555908203,-0.027921726927161217,-0.007561224512755871,-0.8024019002914429,7.749484062194824,-4.585192680358887
13.279547691345215,9.999988555908203,-0.027491377666592598,-0.01148135494440794,-1.1659430265426636,11.44681167602539,-1.2588565349578857
13.086044311523438,9.999988555908203,-0.027082545682787895,-0.01457206904888153,-0.9779550433158875,9.615826606750488,0.9974335432052612
12.902215957641602,9.999988555908203,-0.026694154366850853,-0.01593906618654728,-0.4424452781677246,4.2856831550598145,1.679682970046997
12.727579116821289,9.999988555908203,-0.026325182989239693,-0.015492979437112808,0.17990058660507202,-1.9368715286254883,0.9293166399002075
12.561674118041992,9.999988555908203,-0.025974661111831665,-0.013797140680253506,0.6415784955024719,-6.568747520446777,-0.6263891458511353
12.404064178466797,9.999988555908203,-0.02564166486263275,-0.011748510412871838,0.8097756505012512,-8.270078659057617,-2.2123095989227295
12.077266693115234,9.999988555908203,-0.025548556819558144,-0.010167337022721767,0.6873877048492432,-7.059632301330566,-3.2180371284484863
11.76680850982666,9.999988555908203,-0.025460103526711464,-0.007251477334648371,1.6260093450546265,-16.474332809448242,-5.968466758728027
11.47187328338623,9.999988555908203,-0.02537607215344906,-0.004763388074934483,1.1791517734527588,-12.027970314025879,-7.225698471069336
11.19168472290039,9.999988555908203,-0.025296242907643318,-0.004411781206727028,0.49360498785972595,-5.169776439666748,-6.799133777618408
10.925505638122559,9.999988555908203,-0.02522040531039238,-0.005998442880809307,-0.2873258590698242,2.663245677947998,-4.835870265960693
10.672636032104492,9.999988555908203,-0.025148360058665276,-0.008653858676552773,-0.7374677062034607,7.198628902435303,-2.3389406204223633
10.432409286499023,9.999988555908203,-0.025079917162656784,-0.011195521801710129,-0.7818654775619507,7.673798084259033,-0.2614877223968506
10.204194068908691,9.999988555908203,-0.02501489594578743,-0.012734676711261272,-0.4949343204498291,4.8240275382995605,0.793660044670105
9.98738956451416,9.999988555908203,-0.024953125044703484,-0.012930737808346748,-0.052137091755867004,0.40129801630973816,0.7122524380683899
9.781425476074219,9.999988555908203,-0.024894442409276962,-0.012004856951534748,0.34732353687286377,-3.5993099212646484,-0.18231475353240967
9.585759162902832,9.999988555908203,-0.02483869530260563,-0.010517858900129795,0.5732917189598083,-5.870186805725098,-1.3624401092529297
9.399876594543457,9.999988555908203,-0.024785734713077545,-0.009109052829444408,0.5805257558822632,-5.952610015869141,-2.3148131370544434
9.111892700195312,9.999988555908203,-0.025546204298734665,-0.008239693939685822,0.4154888987541199,-4.31257963180542,-2.72931170463562
8.83830738067627,9.999988555908203,-0.026268649846315384,-0.006739641539752483,0.8626775145530701,-8.799368858337402,-3.9887332916259766
8.578401565551758,9.999988555908203,-0.026954973116517067,-0.00568421883508563,0.6031899452209473,-6.214361667633057,-4.450509071350098
8.331491470336914,9.999988555908203,-0.027606980875134468,-0.005847641732543707,0.12646692991256714,-1.4459556341171265,-3.8271214962005615
8.09692668914795,9.999988555908203,-0.02822638861835003,-0.007016845513135195,-0.26368486881256104,2.465113401412964,-2.5216023921966553
7.87408971786499,9.999988555908203,-0.028814824298024178,-0.008554293774068356,-0.44390854239463806,4.279547214508057,-1.1104931831359863
7.662395000457764,9.999988555908203,-0.029373839497566223,-0.009826282039284706,-0.3987901508808136,3.838115692138672,-0.0837509036064148
7.461284637451172,9.999988555908203,-0.02990490384399891,-0.01043227780610323,-0.1971396952867508,1.826103925704956,0.312507688999176
7.270229816436768,9.999988555908203,-0.03040941432118416,-0.010291115380823612,0.05414736270904541,-0.6877377033233643,0.10497578978538513
7.088727951049805,9.999988555908203,-0.030888698995113373,-0.00961339008063078,0.24987664818763733,-2.649578332901001,-0.4665418267250061
6.916301250457764,9.999988555908203,-0.03134401887655258,-0.008746589533984661,0.33622685074806213,-3.518555164337158,-1.0997766256332397
6.752495765686035,9.999988555908203,-0.03177657350897789,-0.00802401639521122,0.3046729862689972,-3.207115411758423,-1.5370094776153564
6.504793643951416,9.999988555908203,-0.032252538949251175,-0.007647293619811535,0.1941128820180893,-2.1011786460876465,-1.6540639400482178
6.269476890563965,9.999988555908203,-0.03270470350980759,-0.008914628997445107,-0.6582337617874146,6.433178901672363,0.023885130882263184
6.045926094055176,9.999988555908203,-0.03313426300883293,-0.010791349224746227,-0.7603483200073242,7.468390941619873,1.5684785842895508
5.833552837371826,9.999988555908203,-0.033542342483997345,-0.011917092837393284,-0.5052490830421448,4.926332950592041,2.265169620513916
5.631798267364502,9.999988555908203,-0.03393001854419708,-0.01191853266209364,-0.11314075440168381,1.0074421167373657,2.0042152404785156
5.440131187438965,9.999988555908203,-0.03429831191897392,-0.01098389271646738,0.23731525242328644,-2.499983310699463,1.069679617881775
5.258047580718994,9.999988555908203,-0.034648191183805466,-0.00961438100785017,0.4284580945968628,-4.416204929351807,-0.06853711605072021
5.085068225860596,9.999988555908203,-0.03498057648539543,-0.008367571979761124,0.4277089834213257,-4.412413597106934,-0.9698089361190796
4.9207377433776855,9.999988555908203,-0.03529634326696396,-0.0076135676354169846,0.2869926989078522,-3.00614333152771,-1.3923096656799316
4.764623641967773,9.999988555908203,-0.035596318542957306,-0.007487809285521507,0.07945520430803299,-0.9284775853157043,-1.2960734367370605
4.6163153648376465,9.999988555908203,-0.035881295800209045,-0.007870122790336609,-0.10217154771089554,0.8924059271812439,-0.8420056104660034
4.475422382354736,9.999988555908203,-0.03615202382206917,-0.008496811613440514,-0.20240174233913422,1.9002463817596436,-0.27304044365882874
4.320462226867676,9.999988555908203,-0.03677872568368912,-0.009082661010324955,-0.204286128282547,1.9231990575790405,0.1826375126838684
4.173250198364258,9.999988555908203,-0.037374090403318405,-0.010347375646233559,-0.649819552898407,6.385398864746094,1.469592571258545
4.033398628234863,9.999988555908203,-0.037939686328172684,-0.011447356082499027,-0.5022030472755432,4.915170669555664,2.1844844818115234
3.9005396366119385,9.999988555908203,-0.03847700357437134,-0.011620908044278622,-0.16676786541938782,1.5629234313964844,2.0555224418640137
3.7743234634399414,9.999988555908203,-0.038987454026937485,-0.010917017236351967,0.1608913540840149,-1.7148586511611938,1.273240089416504
3.6544182300567627,9.999988555908203,-0.03947238251566887,-0.009742768481373787,0.36020034551620483,-3.710643768310547,0.23917901515960693
3.540508270263672,9.999988555908203,-0.03993306681513786,-0.008598691783845425,0.38818520307540894,-3.9927871227264404,-0.6388735175132751
3.432293653488159,9.999988555908203,-0.04037071391940117,-0.007867952808737755,0.2726166546344757,-2.8377223014831543,-1.0950927734375
3.3294899463653564,9.999988555908203,-0.04078647866845131,-0.007703328505158424,0.09041798114776611,-1.0143288373947144,-1.0783358812332153
3.2318263053894043,9.999988555908203,-0.04118145629763603,-0.008018884807825089,-0.07902093976736069,0.6830328702926636,-0.712885320186615
3.1390459537506104,9.999988555908203,-0.04155668616294861,-0.00858290120959282,-0.1796136498451233,1.692628264427185,-0.2137869894504547
3.0509045124053955,9.999988555908203,-0.04191315174102783,-0.009148964658379555,-0.195339173078537,1.8534290790557861,0.2151210606098175
2.938505172729492,9.999988555908203,-0.04218800738453865,-0.009507146663963795,-0.13441452383995056,1.2481108903884888,0.429446816444397
2.831725835800171,9.999988555908203,-0.04244912043213844,-0.009439921006560326,0.04822169989347458,-0.575689435005188,0.22090017795562744
2.730285406112671,9.999988555908203,-0.042697176337242126,-0.009054248221218586,0.15677614510059357,-1.6596144437789917,-0.169270858168602
2.6339170932769775,9.999988555908203,-0.04293283075094223,-0.0086044417694211,0.18962344527244568,-1.9866503477096558,-0.5463425517082214
2.5423669815063477,9.999988555908203,-0.0431567020714283,-0.008285165764391422,0.15506316721439362,-1.6392860412597656,-0.7731075882911682
2.4553945064544678,9.999988555908203,-0.04336937889456749,-0.008185801096260548,0.08341376483440399,-0.9205262064933777,-0.8036941885948181
2.3727705478668213,9.999988555908203,-0.04357142373919487,-0.008303197100758553,0.0076591395772993565,-0.1602747142314911,-0.6701968908309937
2.2942779064178467,9.999988555908203,-0.04376336559653282,-0.008559629321098328,-0.04513657093048096,0.37059804797172546,-0.4542517364025116
2.219709873199463,9.999988555908203,-0.043945711106061935,-0.008829319849610329,-0.05628142133355141,0.48486536741256714,-0.2594028115272522
2.1488702297210693,9.999988555908203,-0.04411894083023071,-0.009025643579661846,-0.038594286888837814,0.31053149700164795,-0.1411522775888443
2.0815725326538086,9.999988555908203,-0.04428350552916527,-0.009111621417105198,-0.0029941818211227655,-0.04327104985713959,-0.1208437830209732
2.017639636993408,9.999988555908203,-0.04443984478712082,-0.00908907875418663,0.03467346727848053,-0.41805940866470337,-0.1825103759765625
1.9451847076416016,9.999988555908203,-0.045284025371074677,-0.009004350751638412,0.058878786861896515,-0.6593578457832336,-0.281447172164917
1.8763525485992432,9.999988555908203,-0.04608599841594696,-0.009340883232653141,-0.15542957186698914,1.4853471517562866,0.08512908220291138
1.8109620809555054,9.999988555908203,-0.0468478724360466,-0.00964159145951271,-0.0814395621418953,0.7470155358314514,0.22245794534683228
1.7488410472869873,9.999988555908203,-0.04757165163755417,-0.00960579514503479,0.045501697808504105,-0.52141273021698,0.06811891496181488
1.6898261308670044,9.999988555908203,-0.04825924336910248,-0.009294476360082626,0.15087728202342987,-1.5746147632598877,-0.27271711826324463
1.6337618827819824,9.999988555908203,-0.04891245439648628,-0.008891643024981022,0.19642306864261627,-2.0296127796173096,-0.6372395753860474
1.580500841140747,9.999988555908203,-0.04953300580382347,-0.00856670830398798,0.1819087117910385,-1.8838322162628174,-0.8958839178085327
1.5299029350280762,9.999988555908203,-0.05012252926826477,-0.008424855768680573,0.1239672526717186,-1.3034645318984985,-0.9804491996765137
1.481834888458252,9.999988555908203,-0.05068257823586464,-0.00849173218011856,0.05272207409143448,-0.589739978313446,-0.8993844985961914
1.436170220375061,9.999988555908203,-0.05121462419629097,-0.008704785257577896,-0.0020848247222602367,-0.04020313918590546,-0.7211207151412964
1.3927887678146362,9.999988555908203,-0.051720067858695984,-0.008974962867796421,-0.02844363823533058,0.22490113973617554,-0.5248392224311829
1.3515764474868774,9.999988555908203,-0.05220023915171623,-0.009196139872074127,-0.017997385933995247,0.12185031920671463,-0.3906634449958801
1.3088176250457764,9.999988555908203,-0.05201258137822151,-0.009320619516074657,0.00979538168758154,-0.1538296937942505,-0.34152495861053467
1.268196702003479,9.999988555908203,-0.05183430761098862,-0.009503798559308052,-0.005946166347712278,0.005778178572654724,-0.2694661617279053
1.2296068668365479,9.999988555908203,-0.05166494846343994,-0.009414476342499256,0.12078643590211868,-1.2598145008087158,-0.4749446213245392
1.192946434020996,9.999988555908203,-0.05150405690073967,-0.009097815491259098,0.20511235296726227,-2.1017096042633057,-0.8124674558639526
1.1581190824508667,9.999988555908203,-0.05135120823979378,-0.008748489432036877,0.22529856860637665,-2.3023221492767334,-1.1215840578079224
1.1250331401824951,9.999988555908203,-0.05120600387454033,-0.008520795032382011,0.1904386281967163,-1.952406406402588,-1.29396390914917
1.0936014652252197,9.999988555908203,-0.051068056374788284,-0.008491262793540955,0.12615719437599182,-1.308132529258728,-1.2969036102294922
1.0637413263320923,9.999988555908203,-0.05093700811266899,-0.008637012913823128,0.06361868977546692,-0.6811824440956116,-1.1691532135009766
1.0353741645812988,9.999988555908203,-0.05081251263618469,-0.008881851099431515,0.023685524240136147,-0.28026890754699707,-0.9847266674041748
1.0084253549575806,9.999988555908203,-0.050694242119789124,-0.00912897102534771,0.0156702883541584,-0.19861817359924316,-0.8216241598129272
0.9828240275382996,9.999988555908203,-0.050581883639097214,-0.009314929135143757,0.0310498159378767,-0.35105594992637634,-0.7239902019500732
0.9585027694702148,9.999988555908203,-0.050475142896175385,-0.009404301643371582,0.06085118278861046,-0.6478776931762695,-0.7081983089447021
0.9382326006889343,9.999988555908203,-0.04985737428069115,-0.009405823424458504,0.09152641892433167,-0.9532160758972168,-0.7590348720550537
0.9189759492874146,9.999988555908203,-0.04927049204707146,-0.010641459375619888,-0.5450522303581238,5.415017127990723,0.5219635367393494
0.9006821513175964,9.999988555908203,-0.04871295392513275,-0.01163959689438343,-0.30175480246543884,2.9841532707214355,1.0328211784362793
0.8833030462265015,9.999988555908203,-0.048183295875787735,-0.011523141525685787,0.10597319900989532,-1.0921127796173096,0.591937780380249
0.8667929172515869,9.999988555908203,-0.047680120915174484,-0.010502392426133156,0.4539066255092621,-4.571286678314209,-0.47933313250541687
0.8511082530021667,9.999988555908203,-0.04720210283994675,-0.00909938383847475,0.6275355219841003,-6.3077778816223145,-1.6886247396469116
0.8362078070640564,9.999988555908203,-0.04674798622727394,-0.007892611436545849,0.6029499769210815,-6.061984062194824,-2.5960135459899902
0.8220524191856384,9.999988555908203,-0.04631657525897026,-0.007234841585159302,0.442123144865036,-4.4533538818359375,-2.9813766479492188
0.8086047768592834,9.999988555908203,-0.045906733721494675,-0.0072188894264400005,0.22782175242900848,-2.3094980716705322,-2.8419747352600098
0.7958295345306396,9.999988555908203,-0.04551738500595093,-0.007699343841522932,0.04877140372991562,-0.5178102254867554,-2.359754800796509
0.7836930751800537,9.999988555908203,-0.04514750465750694,-0.008391126058995724,-0.04286961257457733,0.3998899459838867,-1.78718101978302
0.7721633911132812,9.999988555908203,-0.04479611665010452,-0.00900738313794136,-0.03542819619178772,0.3266468048095703,-1.3486019372940063
0.7644450664520264,9.999988555908203,-0.03779509663581848,-0.009357626549899578,0.04378683120012283,-0.45960670709609985,-1.1641523838043213
0.7571126818656921,9.999988555908203,-0.03114412911236286,-0.01518185157328844,-3.260232448577881,32.59020233154297,5.839234352111816
0.7501469254493713,9.999988555908203,-0.02482570894062519,-0.022457079961895943,-3.2886571884155273,32.88475799560547,11.450666427612305
0.7435294389724731,9.999988555908203,-0.018823210150003433,-0.026104804128408432,-1.9689903259277344,19.695295333862305,13.161270141601562
0.7372428178787231,9.999988555908203,-0.013120835646986961,-0.02451757900416851,-0.025262288749217987,0.2610247731208801,10.48471450805664
0.7312705516815186,9.999988555908203,-0.007703579496592283,-0.01879303529858589,1.5886540412902832,-15.878413200378418,5.014866828918457
0.7255969047546387,9.999988555908203,-0.002557186409831047,-0.011423500254750252,2.3664374351501465,-23.657913208007812,-0.934190034866333
0.7202069163322449,9.999988555908203,0.0023318869061768055,-0.005018921103328466,2.265575647354126,-22.650436401367188,-5.439898490905762
0.7150864601135254,9.999988555908203,0.006976506672799587,-0.0014846239937469363,1.4015952348709106,-14.009885787963867,-7.218008041381836
0.7102220058441162,9.999988555908203,0.011388895101845264,-0.0012376662343740463,0.31374138593673706,-3.1284425258636475,-6.369501113891602
0.7056007385253906,9.999988555908203,0.015580663457512856,-0.0034069721587002277,-0.5537112355232239,5.550503730773926,-3.8963265419006348
0.7012105584144592,9.999988555908203,0.019562844187021255,-0.006495415233075619,-0.9457020163536072,9.475281715393066,-1.1219720840454102
3.5683748722076416,9.999988555908203,0.033725637942552567,-0.009055503644049168,-0.836427628993988,8.516925811767578,0.8779159784317017
6.292181015014648,9.999988555908203,0.04718029126524925,-0.017456695437431335,-4.535880088806152,45.76545715332031,10.191227912902832
8.879796981811523,9.999988555908203,0.05996221303939819,-0.025242049247026443,-3.6660685539245605,37.417240142822266,15.840108871459961
11.338031768798828,9.999988555908203,0.0721050351858139,-0.025910569354891777,-0.9258152842521667,10.369446754455566,14.70505142211914
13.673354148864746,9.999988555908203,0.08364071696996689,-0.01923215016722679,1.9360922574996948,-17.95428466796875,7.928859710693359
15.891910552978516,9.999988555908203,0.09459961950778961,-0.00812979694455862,3.7208175659179688,-35.575565338134766,-1.0974812507629395
17.999540328979492,9.999988555908203,0.10501057654619217,0.003073696978390217,4.1096906661987305,-39.26204299926758,-9.015902519226074
20.001789093017578,9.999988555908203,0.11490098387002945,0.01080497819930315,3.1386351585388184,-29.304210662841797,-13.225340843200684
21.9039249420166,9.999988555908203,0.12429686635732651,0.01348274014890194,1.4915425777435303,-12.488144874572754,-13.0723876953125
23.710954666137695,9.999988555908203,0.13322295248508453,0.011775219812989235,-0.058468833565711975,3.464329481124878,-9.64133358001709
25.427631378173828,9.999988555908203,0.14170274138450623,0.007789580151438713,-0.9676774740219116,13.081857681274414,-4.926703453063965
27.058475494384766,9.999988555908203,0.14975853264331818,0.003985146526247263,-1.04563307762146,14.400724411010742,-0.9166295528411865
68.79769897460938,9.999988555908203,0.16323921084403992,0.00221996963955462,-0.4421345591545105,15.499094009399414,2.489320993423462
108.44995880126953,9.999988555908203,0.17604584991931915,0.010241404175758362,4.300611972808838,-25.02458381652832,-3.2192916870117188
146.11959838867188,9.999988555908203,0.18821215629577637,0.023236293345689774,5.361345291137695,-29.507184982299805,-8.673529624938965
181.90576171875,9.999988555908203,0.19977015256881714,0.03491092473268509,4.853704452514648,-18.54814338684082,-10.72232437133789
215.90261840820312,9.999988555908203,0.21075023710727692,0.04363127052783966,3.786970615386963,-1.7882423400878906,-8.868672370910645
248.1996307373047,9.999988555908203,0.22118131816387177,0.017095467075705528,-5.821412563323975,108.86808776855469,15.559467315673828
278.88177490234375,9.999988555908203,0.23109084367752075,0.0021117229480296373,-5.51774263381958,119.03546905517578,37.028770446777344
308.02984619140625,9.999988555908203,0.2405049055814743,-0.0106800626963377,-5.256648540496826,129.9388885498047,56.30585479736328
335.72052001953125,9.999988555908203,0.2494482547044754,-0.02159862592816353,-5.000683307647705,141.00277709960938,73.87886047363281
362.026611328125,9.999988555908203,0.2579444348812103,-0.03087186999619007,-4.722345352172852,151.7825927734375,90.04240417480469
387.01739501953125,9.999988555908203,0.26601579785346985,-0.03880060091614723,-4.668069362640381,164.64988708496094,105.52204895019531
410.7586669921875,9.999988555908203,0.2736835777759552,-0.04548201709985733,-4.525874614715576,176.35873413085938,120.21932220458984
438.32177734375,9.999988555908203,0.27872079610824585,-0.05092525854706764,-4.429007053375244,188.78106689453125,134.444580078125
464.5067138671875,9.999988555908203,0.2835061550140381,-0.05562138557434082,-4.6501264572143555,204.02822875976562,148.88186645507812
489.3824157714844,9.999988555908203,0.2880522310733795,-0.06044517830014229,-4.689881801605225,217.447265625,163.10789489746094
513.0143432617188,9.999988555908203,0.29237100481987,-0.06442239135503769,-4.706196308135986,230.10203552246094,177.00790405273438
535.4646606445312,9.999988555908203,0.2964738607406616,-0.06737782806158066,-4.66005802154541,241.4302520751953,190.37432861328125
556.79248046875,9.999988555908203,0.30037155747413635,-0.06991808116436005,-4.5483856201171875,251.65829467773438,203.08958435058594
577.0538940429688,9.999988555908203,0.30407437682151794,-0.07219226658344269,-4.4819135665893555,261.9452209472656,215.301025390625
596.30224609375,9.999988555908203,0.3075920641422272,-0.07420482486486435,-4.5516228675842285,273.1825256347656,227.31033325195312
614.5881958007812,9.999988555908203,0.3109338581562042,-0.0759282335639,-4.305683612823486,280.8176574707031,238.41209411621094
631.9598388671875,9.999988555908203,0.31410855054855347,-0.07734887301921844,-4.137456893920898,288.7598876953125,248.85830688476562
648.462890625,9.999988555908203,0.31712451577186584,-0.07844575494527817,-4.270422458648682,299.216796875,259.3067321777344
664.1408081054688,9.999988555908203,0.3199896812438965,-0.07929913699626923,-4.115912914276123,306.3431091308594,269.0658874511719
678.2984619140625,9.99998664855957,0.31895074248313904,-0.07991800457239151,-3.958847999572754,310.1405029296875,277.5881042480469
691.7482299804688,9.999985694885254,0.31796374917030334,-0.08037891983985901,-4.017148971557617,315.7242431640625,285.5006408691406
704.5255126953125,9.999984741210938,0.3170261085033417,-0.0807221382856369,-3.897887945175171,319.2026062011719,292.4931640625
716.6639404296875,9.999983787536621,0.31613534688949585,-0.08079270273447037,-3.888974905014038,323.35369873046875,298.8961486816406
728.1954345703125,9.999982833862305,0.31528913974761963,-0.08058983832597733,-3.7829532623291016,326.1067199707031,304.5418395996094
739.1503295898438,9.999981880187988,0.31448522210121155,-0.08018262684345245,-3.713466167449951,328.85345458984375,309.5860595703125
749.5574951171875,9.999980926513672,0.31372150778770447,-0.07956092059612274,-3.5926032066345215,330.7137451171875,313.96966552734375
759.4442749023438,9.999979972839355,0.3129960000514984,-0.07943841814994812,-3.9098477363586426,337.1304626464844,318.77508544921875
768.8367309570312,9.999979019165039,0.3123067617416382,-0.07909734547138214,-3.6571075916290283,337.496826171875,322.65948486328125
777.7595825195312,9.999978065490723,0.31165197491645813,-0.07849624752998352,-3.815249443054199,341.59393310546875,326.5880126953125
786.2362670898438,9.999977111816406,0.31102994084358215,-0.07715951651334763,-3.0536413192749023,335.7449951171875,328.4879150390625
794.2891235351562,9.99997615814209,0.31043899059295654,-0.07494215667247772,-3.1165478229522705,337.26947021484375,330.3099365234375
799.8378295898438,9.99997329711914,0.3070325255393982,-0.07223537564277649,-2.9571399688720703,332.92413330078125,330.85235595703125
805.109130859375,9.999971389770508,0.3037963807582855,-0.06972707062959671,-3.014399528503418,330.8710632324219,330.85626220703125
810.1168212890625,9.999969482421875,0.30072203278541565,-0.06697972118854523,-2.842954158782959,326.3108215332031,329.9132080078125
814.8741455078125,9.999967575073242,0.2978014051914215,-0.06404351443052292,-2.779751777648926,322.6554870605469,328.4073791503906
819.3936157226562,9.99996566772461,0.2950268089771271,-0.060925357043743134,-2.669621706008911,318.361083984375,326.322998046875
823.6871337890625,9.999963760375977,0.29239094257354736,-0.057637546211481094,-2.608024835586548,314.39410400390625,323.8479919433594
827.7659301757812,9.999961853027344,0.28988686203956604,-0.054198697209358215,-2.4908976554870605,309.731201171875,320.9190368652344
831.6408081054688,9.999959945678711,0.2875079810619354,-0.05052844062447548,-2.410780668258667,305.2325744628906,317.6643981933594
835.3219604492188,9.999958038330078,0.2852480709552765,-0.046693217009305954,-2.3573925495147705,300.8516540527344,314.17608642578125
838.8190307617188,9.999956130981445,0.2831011414527893,-0.042711928486824036,-2.3044700622558594,296.3427734375,310.47601318359375
842.1412353515625,9.999954223632812,0.2810615599155426,-0.038567811250686646,-2.2018470764160156,291.1914367675781,306.474853515625
845.29736328125,9.99995231628418,0.2791239619255066,-0.034241389483213425,-2.1656746864318848,286.5435485839844,302.3395080566406
837.0814819335938,9.999954223632812,0.27830439805984497,-0.029750803485512733,-2.1201820373535156,279.06903076171875,297.5113525390625
829.2764282226562,9.999956130981445,0.27752581238746643,-0.02502153068780899,-1.9896883964538574,270.79217529296875,291.9676513671875
821.8616333007812,9.999958038330078,0.2767861485481262,-0.02003241516649723,-1.7590582370758057,261.5343017578125,285.6533203125
814.8175659179688,9.999959945678711,0.27608346939086914,-0.014721279963850975,-1.7018550634384155,253.97129821777344,279.0799255371094
808.1256713867188,9.999961853027344,0.27541592717170715,-0.009213807061314583,-1.5763410329818726,245.77993774414062,272.1708068847656
801.7683715820312,9.999963760375977,0.2747817635536194,-0.0034910773392766714,-1.4593778848648071,237.70408630371094,265.0196228027344
795.7289428710938,9.99996566772461,0.2741793096065521,0.0024046830367296934,-1.3417229652404785,229.67611694335938,257.6865234375
789.9915161132812,9.999967575073242,0.27360695600509644,0.008515977300703526,-1.2490018606185913,221.9095916748047,250.2635040283203
784.5409545898438,9.999969482421875,0.2730632424354553,0.014817290008068085,-1.1807076930999756,214.41156005859375,242.82492065429688
779.3629150390625,9.999970436096191,0.2725467085838318,0.021248258650302887,-1.0890939235687256,206.74359130859375,235.3387451171875
774.4437866210938,9.999971389770508,0.272055983543396,0.02759125642478466,-1.0328574180603027,199.65274047851562,227.93458557128906
769.7705688476562,9.999972343444824,0.27158981561660767,0.03410332649946213,-0.9733690023422241,192.54376220703125,220.5916748046875
746.04638671875,9.99997329711914,0.26943835616111755,0.040905557572841644,-0.9223475456237793,179.71951293945312,212.11148071289062
723.5084228515625,9.999974250793457,0.26739445328712463,0.048068661242723465,-0.7364769577980042,166.04881286621094,202.55435180664062
702.097412109375,9.999975204467773,0.2654527425765991,0.0552804060280323,-0.7375823855400085,154.93727111816406,192.67471313476562
681.7569580078125,9.99997615814209,0.2636081278324127,0.0627269595861435,-0.6861596703529358,143.813720703125,182.5369873046875
662.4334716796875,9.999977111816406,0.26185575127601624,0.07043803483247757,-0.617425799369812,132.9757537841797,172.25396728515625
644.076171875,9.999978065490723,0.2601909935474396,0.07823685556650162,-0.5530800819396973,122.7231216430664,161.97726440429688
626.63671875,9.999979019165039,0.25860947370529175,0.08578256517648697,-0.5150544047355652,113.45022583007812,151.90884399414062
610.0692138671875,9.999979972839355,0.2571070194244385,0.09295454621315002,-0.49140626192092896,105.05842590332031,142.1882781982422
594.330078125,9.999980926513672,0.2556796967983246,0.09964126348495483,-0.4284963309764862,97.0232925415039,132.81741333007812
579.3779296875,9.999981880187988,0.25432372093200684,0.10588513314723969,-0.4014987349510193,90.01702117919922,123.93714904785156
565.17333984375,9.999982833862305,0.2530355453491211,0.1117439940571785,-0.38808155059814453,83.73503112792969,115.59597778320312
551.6790771484375,9.999983787536621,0.25181177258491516,0.11730866879224777,-0.41096189618110657,78.3121566772461,107.86029815673828
526.7509765625,9.999984741210938,0.2535093128681183,0.12246488779783249,-0.400852769613266,73.03630065917969,100.63497924804688
503.06927490234375,9.999985694885254,0.25512197613716125,0.12723030149936676,-0.4208334684371948,68.54669952392578,93.9772720336914
480.5716552734375,9.99998664855957,0.2566539943218231,0.13163410127162933,-0.38479042053222656,63.928916931152344,87.74281311035156
459.19891357421875,9.999987602233887,0.2581094205379486,0.13582544028759003,-0.35223978757858276,59.67506408691406,81.9192886352539
438.8948059082031,9.999988555908203,0.25949206948280334,0.1396704763174057,-0.3410663902759552,55.999732971191406,76.54147338867188
419.6059265136719,9.999988555908203,0.260805606842041,0.14324921369552612,-0.331262469291687,52.63998031616211,71.5823745727539
401.2814636230469,9.999988555908203,0.2620534598827362,0.14654220640659332,-0.33999767899513245,49.75249481201172,67.05309295654297
383.87322998046875,9.999988555908203,0.26323890686035156,0.14954252541065216,-0.34808647632598877,47.125858306884766,62.918575286865234
367.3354187011719,9.999988555908203,0.2643650770187378,0.15224455296993256,-0.3621079623699188,44.806915283203125,59.16075134277344
351.62451171875,9.999988555908203,0.26543495059013367,0.15466074645519257,-0.38508638739585876,42.80178451538086,55.766578674316406
336.6991271972656,9.999988555908203,0.26645132899284363,0.15677659213542938,-0.4120025336742401,41.04740905761719,52.71263122558594
322.52001953125,9.999988555908203,0.26741689443588257,0.15866601467132568,-0.4535747170448303,39.610076904296875,49.994102478027344
308.99371337890625,9.999988555908203,0.26809993386268616,0.1603291630744934,-0.47297847270965576,38.030269622802734,47.51183319091797
296.14373779296875,9.999988555908203,0.26874881982803345,0.16163772344589233,-0.5776514410972595,37.496788024902344,45.43390655517578
283.936279296875,9.999988555908203,0.26936525106430054,0.16261503100395203,-0.6120319962501526,36.430572509765625,43.565887451171875
272.33917236328125,9.999988555908203,0.26995086669921875,0.16336989402770996,-0.6447744965553284,35.47391128540039,41.88695526123047
261.3218994140625,9.999988555908203,0.27050718665122986,0.16392438113689423,-0.6848582625389099,34.70099639892578,40.3960075378418
250.8555145263672,9.999988555908203,0.27103570103645325,0.16427801549434662,-0.7284047603607178,34.06479263305664,39.08240509033203
240.91244506835938,9.999988555908203,0.27153778076171875,0.16442328691482544,-0.775576651096344,33.560970306396484,37.93681335449219
231.46653747558594,9.999988555908203,0.2720147669315338,0.1643511950969696,-0.8287270069122314,33.2077751159668,36.95562744140625
222.492919921875,9.999988555908203,0.2724679112434387,0.1640673279762268,-0.8835819959640503,32.95417022705078,36.125404357910156
213.96798706054688,9.999988555908203,0.272898405790329,0.16355977952480316,-0.9416349530220032,32.81130599975586,35.43779373168945
205.8693084716797,9.999988555908203,0.27330735325813293,0.16285529732704163,-1.0021183490753174,32.759857177734375,34.88217544555664
198.17555236816406,9.999988555908203,0.27369585633277893,0.16194240748882294,-1.0625487565994263,32.77227783203125,34.44441223144531
195.5360870361328,9.999988555908203,0.27217650413513184,0.1608312427997589,-1.1240589618682861,33.01259231567383,34.1473388671875
193.02859497070312,9.999988555908203,0.270733118057251,0.15950462222099304,-1.1922399997711182,33.39266586303711,33.990760803222656
190.646484375,9.999988555908203,0.2693619132041931,0.15798716247081757,-1.2417103052139282,33.650291442871094,33.92012023925781
188.3834686279297,9.999988555908203,0.26805928349494934,0.15632328391075134,-1.2978266477584839,34.0274658203125,33.9423942565918
186.23361206054688,9.999988555908203,0.2668217718601227,0.15449465811252594,-1.361472487449646,34.53379440307617,34.065101623535156
184.19125366210938,9.999988555908203,0.2656461298465729,0.15248514711856842,-1.4296773672103882,35.14002227783203,34.28812789916992
182.25100708007812,9.999988555908203,0.264529287815094,0.15029971301555634,-1.4986385107040405,35.80482482910156,34.602813720703125
180.40777587890625,9.999988555908203,0.26346826553344727,0.14793610572814941,-1.569941759109497,36.54229736328125,35.005218505859375
178.65670776367188,9.999988555908203,0.26246029138565063,0.14540810883045197,-1.6398690938949585,37.310829162597656,35.48358917236328
176.99319458007812,9.999988555908203,0.2615027129650116,0.14269007742404938,-1.7075834274291992,38.10484313964844,36.02745056152344
175.41285705566406,9.999988555908203,0.2605930268764496,0.13980942964553833,-1.7774162292480469,38.96113586425781,36.63613510131836
173.91152954101562,9.999988555908203,0.2597288191318512,0.1367611140012741,-1.8462737798690796,39.84822082519531,37.302581787109375
180.01625061035156,9.999988555908203,0.2590189576148987,0.13356275856494904,-1.913129210472107,41.715423583984375,38.218162536621094
185.81573486328125,9.999988555908203,0.2583445906639099,0.13033685088157654,-1.908116340637207,42.86699676513672,39.182708740234375
191.3252410888672,9.999988555908203,0.257703959941864,0.12709949910640717,-1.9446028470993042,44.433937072753906,40.272239685058594
196.55926513671875,9.999988555908203,0.2570953667163849,0.12378513067960739,-2.0035736560821533,46.23907470703125,41.51024627685547
201.53158569335938,9.999988555908203,0.2565172016620636,0.12039025872945786,-2.0709002017974854,48.14285659790039,42.88638687133789
206.2552947998047,9.999988555908203,0.2559679448604584,0.11688776314258575,-2.1379783153533936,50.06578063964844,44.3759765625
210.74281311035156,9.999988555908203,0.2554461359977722,0.11324164271354675,-2.214231491088867,52.110862731933594,45.98081970214844
215.00596618652344,9.999988555908203,0.2549504339694977,0.10952117294073105,-2.25854754447937,53.853607177734375,47.61427307128906
219.0559539794922,9.999988555908203,0.2544794976711273,0.1056923121213913,-2.3283116817474365,55.87580871582031,49.32838439941406
222.9034423828125,9.999988555908203,0.25403210520744324,0.10167216509580612,-2.2308452129364014,56.26997756958008,50.76863479614258
226.55856323242188,9.999988555908203,0.2536070942878723,0.0976390615105629,-2.5163986682891846,60.499855041503906,52.787681579589844
230.0309295654297,9.999988555908203,0.2532033324241638,0.0935528576374054,-2.484959602355957,61.57411575317383,54.61070251464844
240.64451599121094,9.999988555908203,0.2550288140773773,0.08935713022947311,-2.466201066970825,64.52996063232422,56.66876220703125
250.72743225097656,9.999988555908203,0.2567630112171173,0.08538661897182465,-2.4467930793762207,67.43666076660156,58.902896881103516
260.3061828613281,9.999988555908203,0.2584105134010315,0.08160541206598282,-2.4570765495300293,70.59420013427734,61.32862091064453
269.406005859375,9.999988555908203,0.2599756419658661,0.07795041054487228,-2.5030322074890137,74.06898498535156,63.972007751464844
278.05084228515625,9.999988555908203,0.2614625096321106,0.074254110455513,-2.5703201293945312,77.75662231445312,66.8320541381836
286.263427734375,9.999988555908203,0.2628750205039978,0.07056405395269394,-2.626840114593506,81.31996154785156,69.83802032470703
294.0653991699219,9.999988555908203,0.26421692967414856,0.06697560101747513,-2.6795058250427246,84.79688262939453,72.94170379638672
301.4772644042969,9.999988555908203,0.2654917240142822,0.06327124685049057,-2.7155675888061523,88.12052154541016,76.09101867675781
308.5185546875,9.999988555908203,0.266702800989151,0.05970560386776924,-2.762645721435547,91.48889923095703,79.2857894897461
315.207763671875,9.999988555908203,0.267853319644928,0.05619888752698898,-2.8036599159240723,94.7516860961914,82.49467468261719
321.5625,9.999988555908203,0.2689463198184967,0.05280739441514015,-2.940169095993042,98.9038314819336,85.8992691040039
327.5995178222656,9.999988555908203,0.2699846625328064,0.04950753226876259,-2.884148359298706,101.06965637207031,89.04683685302734
341.1760559082031,9.999988555908203,0.272151917219162,0.046229761093854904,-2.869652032852173,105.77571868896484,92.51776123046875
354.0737609863281,9.999988555908203,0.2742108106613159,0.04325652867555618,-2.6783559322357178,108.55838775634766,95.84589385986328
366.3265686035156,9.999988555908203,0.27616673707962036,0.04061812162399292,-2.8180105686187744,114.46778869628906,99.70958709716797
377.96673583984375,9.999988555908203,0.2780248820781708,0.03810185566544533,-2.8628580570220947,119.31147003173828,103.77660369873047
389.02490234375,9.999988555908203,0.27979013323783875,0.03571474924683571,-2.7007055282592773,121.95842742919922,107.54898834228516
399.5301513671875,9.999988555908203,0.28146710991859436,0.03343883901834488,-2.9786906242370605,128.88165283203125,111.97511291503906
409.5101623535156,9.999988555908203,0.283060222864151,0.031068963930010796,-3.272996425628662,135.92291259765625,116.94383239746094
418.99114990234375,9.999988555908203,0.2845737040042877,0.028824927285313606,-3.135564088821411,138.51206970214844,121.41883850097656
427.99810791015625,9.999988555908203,0.2860114872455597,0.02676842361688614,-3.200871706008911,142.9642333984375,125.88909912109375
436.5547180175781,9.999988555908203,0.28737738728523254,0.02506839670240879,-3.156080722808838,146.072998046875,130.07687377929688
444.6835021972656,9.999988555908203,0.2886750102043152,0.023595355451107025,-3.2209129333496094,150.08563232421875,134.2283172607422
452.40582275390625,9.999988555908203,0.2899077534675598,0.02235361374914646,-3.1123101711273193,152.16610717773438,137.9500732421875
468.4420166015625,9.999987602233887,0.2901434898376465,0.021338915452361107,-3.119155168533325,157.11087036132812,141.92556762695312
483.6763916015625,9.999987602233887,0.2903674244880676,0.020691929385066032,-3.045250415802002,160.8881378173828,145.8599395751953
498.1490478515625,9.999987602233887,0.290580153465271,0.020344723016023636,-3.0746359825134277,165.3638458251953,149.90663146972656
511.8980712890625,9.999987602233887,0.29078227281570435,0.020317869260907173,-2.9263179302215576,167.7133331298828,153.60118103027344
524.9596557617188,9.999987602233887,0.2909742593765259,0.02058175578713417,-3.02908992767334,172.23602294921875,157.46755981445312
537.3681640625,9.999987602233887,0.2911566495895386,0.020942168310284615,-3.012585163116455,175.33045959472656,161.17376708984375
549.15625,9.999987602233887,0.29132992029190063,0.021308952942490578,-3.0292367935180664,178.57601928710938,164.78440856933594
560.3549194335938,9.999987602233887,0.29149454832077026,0.022139165550470352,-3.019265651702881,181.12722778320312,168.1752471923828
570.99365234375,9.999987602233887,0.2916509509086609,0.02326281927525997,-2.9704318046569824,182.9521942138672,171.24119567871094
581.1004638671875,9.999987602233887,0.29179954528808594,0.02458867058157921,-2.9891035556793213,185.1673583984375,174.130615234375
590.701904296875,9.999987602233887,0.29194068908691406,0.02618013694882393,-2.932816982269287,186.31338500976562,176.6583251953125
599.8233032226562,9.999987602233887,0.2920747995376587,0.027984222397208214,-2.724095344543457,185.6486053466797,178.5236358642578
606.0303955078125,9.999987602233887,0.2913025915622711,0.03003382682800293,-2.8130252361297607,186.46702575683594,180.1717529296875
611.9271240234375,9.999987602233887,0.2905689775943756,0.03219834342598915,-2.495609760284424,183.06007385253906,180.7710418701172
617.529052734375,9.999987602233887,0.28987205028533936,0.034471116960048676,-2.4082491397857666,181.79995727539062,180.98452758789062
622.850830078125,9.999987602233887,0.2892099618911743,0.036838095635175705,-2.398594379425049,181.1759490966797,181.0242462158203
627.906494140625,9.999987602233887,0.288580983877182,0.03932208567857742,-2.584197521209717,182.35324096679688,181.29998779296875
632.70947265625,9.999987602233887,0.2879834473133087,0.041981618851423264,-2.385042905807495,179.4980926513672,180.92613220214844
637.272216796875,9.999987602233887,0.2874158024787903,0.04472175985574722,-2.32970929145813,177.959228515625,180.31056213378906
641.6068115234375,9.999987602233887,0.28687652945518494,0.04755308851599693,-2.4713525772094727,178.26504516601562,179.88616943359375
645.7247314453125,9.999987602233887,0.28636422753334045,0.05066745728254318,-2.26100492477417,174.8052520751953,178.8319854736328
649.63671875,9.999987602233887,0.285877525806427,0.053820978850126266,-2.3225531578063965,173.97796630859375,177.8248748779297
653.3531494140625,9.999987602233887,0.2854151725769043,0.057168565690517426,-2.2948665618896484,172.07427978515625,176.63174438476562
656.8837890625,9.999987602233887,0.28497594594955444,0.06065136194229126,-2.167081117630005,169.02597045898438,175.05369567871094
649.8240966796875,9.999988555908203,0.2843209207057953,0.0642225444316864,-2.2168121337890625,165.1933135986328,173.0078582763672
643.1173706054688,9.999988555908203,0.2836986482143402,0.067865751683712,-2.1652462482452393,160.45831298828125,170.40406799316406
636.7459716796875,9.999988555908203,0.2831074893474579,0.07140091061592102,-1.9547319412231445,154.35061645507812,167.07327270507812
630.6931762695312,9.999988555908203,0.28254586458206177,0.07493077963590622,-2.0454251766204834,151.3956298828125,163.82046508789062
624.9429931640625,9.999988555908203,0.28201234340667725,0.07839635014533997,-1.855828046798706,145.80665588378906,160.08294677734375
619.4803466796875,9.999988555908203,0.2815054953098297,0.08189836144447327,-1.9103150367736816,142.75582885742188,156.48789978027344
614.2908325195312,9.999988555908203,0.2810239791870117,0.0853148028254509,-1.9083306789398193,139.30563354492188,152.92291259765625
609.3607788085938,9.999988555908203,0.280566543340683,0.08876677602529526,-1.8167463541030884,135.04269409179688,149.21311950683594
604.67724609375,9.999988555908203,0.2801319658756256,0.09214932471513748,-1.5773680210113525,129.44248962402344,145.111083984375
600.2278442382812,9.999988555908203,0.27971911430358887,0.09549660235643387,-1.6635583639144897,127.21105194091797,141.3971710205078
596.0009155273438,9.999988555908203,0.2793269157409668,0.09876479208469391,-1.7572088241577148,125.187255859375,138.033935546875
591.9853515625,9.999988555908203,0.27895432710647583,0.10199332237243652,-1.5296664237976074,120.05496978759766,134.30364990234375
574.3158569335938,9.999988555908203,0.27555760741233826,0.10518639534711838,-1.4855200052261353,112.70207214355469,129.82174682617188
557.5298461914062,9.999988555908203,0.27233073115348816,0.10796830803155899,-1.40338134765625,105.67076110839844,124.81088256835938
541.5831298828125,9.999988555908203,0.26926520466804504,0.11041370779275894,-1.370806097984314,99.73934173583984,119.60901641845703
526.4337768554688,9.999988555908203,0.26635295152664185,0.11268559098243713,-1.2982114553451538,93.87779235839844,114.27027893066406
512.0419311523438,9.999988555908203,0.2635863125324249,0.1147800087928772,-1.2318780422210693,88.51383209228516,108.92630767822266
498.36962890625,9.999988555908203,0.2609579861164093,0.11674918234348297,-1.3287925720214844,85.15719604492188,103.99467468261719
485.3809509277344,9.999988555908203,0.2584610879421234,0.1185126081109047,-1.3610413074493408,81.53872680664062,99.33549499511719
473.0417175292969,9.999988555908203,0.2560890316963196,0.12014134973287582,-1.3438067436218262,77.7469711303711,94.85629272460938
461.3194274902344,9.999988555908203,0.2538355886936188,0.1216813325881958,-1.3171464204788208,74.13677215576172,90.55738830566406
450.1832580566406,9.999988555908203,0.25169479846954346,0.12301812320947647,-1.2617707252502441,70.54578399658203,86.40536499023438
439.6039123535156,9.999988555908203,0.24966105818748474,0.1242423877120018,-1.2452425956726074,67.58694458007812,82.50090026855469
429.55352783203125,9.999988555908203,0.24772900342941284,0.12529578804969788,-1.2371071577072144,64.96267700195312,78.862060546875
415.7580261230469,9.999988555908203,0.243591770529747,0.12627269327640533,-1.2060240507125854,60.83657455444336,75.12211608886719
402.6523132324219,9.999988555908203,0.23966139554977417,0.12689532339572906,-1.1838064193725586,57.24357223510742,71.41265869140625
390.2018737792969,9.999988555908203,0.235927551984787,0.127360999584198,-1.1459687948226929,53.822547912597656,67.76304626464844
378.37396240234375,9.999988555908203,0.23238039016723633,0.1277182698249817,-1.012487769126892,49.726287841796875,64.02075958251953
367.137451171875,9.999988555908203,0.22901059687137604,0.12796969711780548,-1.0621092319488525,47.71697998046875,60.638038635253906
356.4627685546875,9.999988555908203,0.22580929100513458,0.12813341617584229,-1.0419318675994873,45.23712158203125,57.44264221191406
346.3218078613281,9.999988555908203,0.22276805341243744,0.12822119891643524,-0.9899439215660095,42.64306640625,54.372013092041016
336.6878967285156,9.999988555908203,0.21987886726856232,0.12817955017089844,-1.0120712518692017,40.9947509765625,51.59648513793945
327.5356750488281,9.999988555908203,0.21713414788246155,0.12806597352027893,-1.0679807662963867,39.85279846191406,49.15989685058594
318.841064453125,9.999988555908203,0.21452666819095612,0.1278258115053177,-1.0703108310699463,38.34688949584961,46.916404724121094
310.5812072753906,9.999988555908203,0.21204955875873566,0.12750481069087982,-1.0566694736480713,36.82469177246094,44.822566986083984
302.7343444824219,9.999988555908203,0.20969630777835846,0.12707282602787018,-1.0246347188949585,35.259300231933594,42.83837127685547
296.918701171875,9.999988555908203,0.20407286286354065,0.12662538886070251,-1.0431171655654907,33.42676544189453,40.885643005371094
291.3938293457031,9.999988555908203,0.19873058795928955,0.12633059918880463,-0.8039802312850952,29.136703491210938,38.447959899902344
286.14520263671875,9.999988555908203,0.19365543127059937,0.12622414529323578,-0.8615060448646545,27.91019058227539,36.261573791503906
281.1590270996094,9.999988555908203,0.1888340264558792,0.12618820369243622,-0.6868287324905396,24.48171615600586,33.81747817993164
276.4221496582031,9.999988555908203,0.18425369262695312,0.12585802376270294,-0.7469813227653503,23.611661911010742,31.699966430664062
271.922119140625,9.999988555908203,0.17990237474441528,0.1254715472459793,-0.6858248710632324,21.65918731689453,29.616697311401367
267.6470947265625,9.999988555908203,0.1757686287164688,0.12515096366405487,-0.6006773710250854,19.5544376373291,27.52897071838379
263.5858154296875,9.999988555908203,0.171841561794281,0.1248520091176033,-0.5573514699935913,17.959287643432617,25.543445587158203
259.72760009765625,9.999988555908203,0.16811084747314453,0.12453312426805496,-0.5067213773727417,16.38554573059082,23.643356323242188
256.0622863769531,9.999988555908203,0.16456666588783264,0.12420593947172165,-0.4849374294281006,15.184228897094727,21.888248443603516
252.58026123046875,9.999988555908203,0.16119970381259918,0.12383859604597092,-0.46510541439056396,14.087726593017578,20.26978874206543
249.2723388671875,9.999988555908203,0.15800108015537262,0.12338053435087204,-0.45850688219070435,13.215007781982422,18.80605697631836
246.51513671875,9.999988555908203,0.14839889109134674,0.12288367748260498,-0.46585676074028015,10.948448181152344,17.175752639770508
243.8957977294922,9.999988555908203,0.13927681744098663,0.12243236601352692,-0.38066476583480835,7.914934158325195,15.25430965423584
241.4074249267578,9.999988555908203,0.13061083853244781,0.12209554761648178,-0.30524539947509766,5.108104705810547,13.149165153503418
239.04347229003906,9.999988555908203,0.1223781630396843,0.12182847410440445,-0.24119868874549866,2.543383836746216,10.948667526245117
236.79771423339844,9.999988555908203,0.11455712467432022,0.12159596383571625,-0.1961137056350708,0.294353723526001,8.738100051879883
234.66424560546875,9.999988555908203,0.10712713748216629,0.12138572335243225,-0.1481023132801056,-1.8649590015411377,6.538167476654053
232.637451171875,9.999988555908203,0.10006865113973618,0.12110937386751175,-0.13508984446525574,-3.5439634323120117,4.446316719055176
230.7119903564453,9.999988555908203,0.09336308389902115,0.12075594067573547,-0.12372821569442749,-5.082579612731934,2.469251871109009
228.8828125,9.999988555908203,0.08699280023574829,0.12025164067745209,-0.13770578801631927,-6.235321044921875,0.6632184982299805
227.1450958251953,9.999988555908203,0.08094102889299393,0.11967442184686661,-0.14166827499866486,-7.3814191818237305,-1.0058908462524414
225.4942626953125,9.999988555908203,0.07519184798002243,0.11895589530467987,-0.166362926363945,-8.204914093017578,-2.499551296234131
223.92596435546875,9.999988555908203,0.06973012536764145,0.11808160692453384,-0.17368125915527344,-9.090341567993164,-3.8670151233673096
223.28196716308594,9.999988555908203,0.06195279583334923,0.11702978610992432,-0.2239796370267868,-10.057905197143555,-5.151507377624512
222.670166015625,9.999988555908203,0.054564330726861954,0.11573849618434906,-0.2951033115386963,-10.670631408691406,-6.296621322631836
222.08895874023438,9.999988555908203,0.04754529148340225,0.11420237272977829,-0.5303264260292053,-9.500543594360352,-6.961374759674072
221.5368194580078,9.999988555908203,0.04087720438838005,0.11198591440916061,0.39392566680908203,-19.69245147705078,-9.60283088684082
221.0122833251953,9.999988555908203,0.034542519599199295,0.11037696897983551,-0.3133833408355713,-13.62651538848877,-10.43766975402832
220.51397705078125,9.999988555908203,0.028524570167064667,0.10657929629087448,-0.026694953441619873,-16.945209503173828,-11.787860870361328
220.04058837890625,9.999988555908203,0.022807518020272255,0.10358778387308121,0.015225980430841446,-17.92719841003418,-13.061656951904297
219.5908660888672,9.999988555908203,0.01737631857395172,0.09985364973545074,-0.03585180640220642,-17.752750396728516,-14.0349702835083
219.1636199951172,9.999988555908203,0.012216679751873016,0.09507372230291367,-0.6084152460098267,-12.075104713439941,-13.628335952758789
218.7577362060547,9.999988555908203,0.007315022870898247,0.0883980467915535,-1.333260416984558,-4.404950141906738,-11.714658737182617
218.3721466064453,9.999988555908203,0.0026584486477077007,0.0804629921913147,-1.6356242895126343,-0.6341209411621094,-9.415657997131348
218.00584411621094,9.999988555908203,-0.001765296794474125,0.07389316707849503,-0.8994305729866028,-7.499691009521484,-9.018131256103516
214.4301300048828,9.999988555908203,-0.006045326590538025,0.07025127112865448,-0.28474414348602295,-13.512850761413574,-9.950700759887695
211.033203125,9.999988555908203,-0.010111354291439056,0.06449475139379501,-1.7584950923919678,1.8405647277832031,-7.504237651824951
207.80612182617188,9.999988555908203,-0.013974081724882126,0.057436246424913406,-2.068906307220459,5.849535942077637,-4.733583927154541
204.7404022216797,9.999988555908203,-0.017643671482801437,0.051359497010707855,-1.5708271265029907,1.5805168151855469,-3.4235281944274902
201.8279571533203,9.999988555908203,-0.021129781380295753,0.04698958992958069,-1.049042820930481,-3.257976531982422,-3.3891794681549072
199.06114196777344,9.999988555908203,-0.024441586807370186,0.04398508369922638,-0.5466410517692566,-8.154685974121094,-4.377931594848633
196.4326629638672,9.999988555908203,-0.027587801218032837,0.041826024651527405,-0.07463038712739944,-12.888839721679688,-6.1437835693359375
193.93560791015625,9.999988555908203,-0.03057670406997204,0.04062265157699585,0.40103772282600403,-17.818462371826172,-8.566057205200195
191.56341552734375,9.999988555908203,-0.03341616317629814,0.03907657042145729,0.2718505859375,-16.605457305908203,-10.23408031463623
189.30982971191406,9.999988555908203,-0.03611364960670471,0.03600127249956131,-0.28745096921920776,-10.777557373046875,-10.346841812133789
187.16891479492188,9.999988555908203,-0.03867626190185547,0.031176673248410225,-0.9606902003288269,-3.4674072265625,-8.919490814208984
185.1350555419922,9.999988555908203,-0.04111074283719063,0.02522308938205242,-1.4333324432373047,2.052591323852539,-6.6429924964904785
179.35687255859375,9.999988555908203,-0.042511507868766785,0.01914174295961857,-1.5733270645141602,4.675318717956543,-4.294658184051514
173.8675994873047,9.999988555908203,-0.04384223371744156,0.014176947996020317,-1.4921258687973022,4.833585739135742,-2.4007210731506348
168.65280151367188,9.999988555908203,-0.045106422156095505,0.009729384444653988,-1.4026049375534058,4.777820587158203,-0.9113101363182068
163.69873046875,9.999988555908203,-0.04630740359425545,0.0061511569656431675,-1.147686243057251,2.889449119567871,-0.12272483110427856
158.99237060546875,9.999988555908203,-0.047448333352804184,0.003599868854507804,-0.8202612996101379,0.08632850646972656,-0.07935024052858353
154.52133178710938,9.999988555908203,-0.04853221774101257,0.0019021928310394287,-0.5309814810752869,-2.4833836555480957,-0.5781415104866028
150.27383422851562,9.999988555908203,-0.04956190660595894,0.0006958807935006917,-0.3597480058670044,-3.954954147338867,-1.2787659168243408
146.2387237548828,9.999988555908203,-0.05054011195898056,-0.00046282861148938537,-0.3397141695022583,-3.926100015640259,-1.8280375003814697
142.40536499023438,9.999988555908203,-0.051469407975673676,-0.0018850474152714014,-0.4319300055503845,-2.741783618927002,-2.017622470855713
138.763671875,9.999988555908203,-0.052352238446474075,-0.003692973405122757,-0.578242301940918,-0.969721794128418,-1.8002030849456787
135.30406188964844,9.999988555908203,-0.053190927952528,-0.00581254530698061,-0.7014714479446411,0.6042189598083496,-1.3013312816619873
132.01744079589844,9.999988555908203,-0.05398768186569214,-0.008024278096854687,-0.760395348072052,1.5359740257263184,-0.7126443386077881
125.57221221923828,9.999988555908203,-0.05369451642036438,-0.010085918940603733,-0.7256565690040588,1.780529499053955,-0.19535818696022034
119.44924926757812,9.999988555908203,-0.05341600999236107,-0.009460336528718472,0.6793538331985474,-12.044002532958984,-2.653726577758789
113.63243103027344,9.999988555908203,-0.05315142869949341,-0.0076769813895225525,0.8452363014221191,-13.619726181030273,-4.9289631843566895
108.10645294189453,9.999988555908203,-0.052900075912475586,-0.006994660943746567,0.39352378249168396,-8.897905349731445,-5.752443313598633
102.85677337646484,9.999988555908203,-0.052661292254924774,-0.008957534097135067,0.30677902698516846,-7.563014030456543,-6.1281023025512695
97.86958312988281,9.999988555908203,-0.05243444815278053,-0.008597227744758129,0.9273071885108948,-13.563390731811523,-7.670783042907715
93.13175201416016,9.999988555908203,-0.05221894755959511,-0.007936100475490093,0.8597084283828735,-12.721213340759277,-8.71865177154541
88.63081359863281,9.999988555908203,-0.052014220505952835,-0.008121729828417301,0.22279661893844604,-6.118190765380859,-8.179105758666992
84.35491943359375,9.999988555908203,-0.051819730550050735,-0.009872114285826683,-0.1931748390197754,-1.6067417860031128,-6.815465450286865
80.29281616210938,9.999988555908203,-0.05163496360182762,-0.013018565252423286,-0.8610776662826538,5.5101470947265625,-4.2581353187561035
76.43382263183594,9.999988555908203,-0.05145943537354469,-0.01681572012603283,-1.1847482919692993,9.199517250061035,-1.465928316116333
72.76777648925781,9.999988555908203,-0.05129268392920494,-0.020179297775030136,-1.1064943075180054,8.800878524780273,0.6642389297485352
69.36531829833984,9.999988555908203,-0.05135423317551613,-0.022745398804545403,-0.9650890231132507,7.666418075561523,2.117058038711548
66.13298034667969,9.999988555908203,-0.05141270533204079,-0.029730357229709625,-3.9623513221740723,38.18954849243164,9.60141372680664
63.06226348876953,9.999988555908203,-0.05146825313568115,-0.03558488190174103,-2.5248019695281982,24.246349334716797,12.639959335327148
60.14508056640625,9.999988555908203,-0.051521025598049164,-0.0354369580745697,-0.32924947142601013,2.325113296508789,10.499825477600098
57.373756408691406,9.999988555908203,-0.051571156829595566,-0.030606675893068314,1.4531102180480957,-15.73389720916748,5.056827545166016
54.74100112915039,9.999988555908203,-0.0516187809407711,-0.023568689823150635,2.4124152660369873,-25.65961456298828,-1.3162503242492676
52.23988342285156,9.999988555908203,-0.05166402459144592,-0.017213139683008194,2.343367576599121,-25.23335838317871,-6.278595447540283
49.86381912231445,9.999988555908203,-0.051707006990909576,-0.013743067160248756,1.4794299602508545,-16.68730926513672,-8.43820571899414
47.60655975341797,9.999988555908203,-0.05174783989787102,-0.013885035179555416,0.2269706428050995,-4.072221755981445,-7.532347202301025
45.462162017822266,9.999988555908203,-0.0517866313457489,-0.016943996772170067,-0.9073507785797119,7.489476203918457,-4.415604591369629
43.424983978271484,9.999988555908203,-0.05182348191738129,-0.021292682737112045,-1.4362739324569702,13.036924362182617,-0.7945365905761719
41.48966598510742,9.999988555908203,-0.05185849219560623,-0.02518916316330433,-1.3374109268188477,12.267592430114746,1.91560697555542
39.494449615478516,9.999988555908203,-0.04978973791003227,-0.027425691485404968,-0.8082781434059143,7.199516296386719,3.01191782951355
37.59899139404297,9.999988555908203,-0.047824420034885406,-0.02532392181456089,1.1407251358032227,-12.253233909606934,-0.15531086921691895
35.79830551147461,9.999988555908203,-0.04595736786723137,-0.02106728032231331,1.7296193838119507,-18.187196731567383,-3.8965847492218018
34.08765411376953,9.999988555908203,-0.04418367147445679,-0.017636533826589584,1.4153790473937988,-15.058704376220703,-6.212512493133545
32.4625358581543,9.999988555908203,-0.04249865934252739,-0.01649526134133339,0.6024249792098999,-6.86837911605835,-6.348592758178711
30.91867446899414,9.999988555908203,-0.04089789837598801,-0.017780540511012077,-0.297198623418808,2.2572245597839355,-4.56304931640625
29.45200538635254,9.999988555908203,-0.03937717527151108,-0.020634198561310768,-0.9155206680297852,8.603178024291992,-1.8313075304031372
28.058670043945312,9.999988555908203,-0.03793248534202576,-0.023767801001667976,-1.0664767026901245,10.267313003540039,0.6789263486862183
26.735002517700195,9.999988555908203,-0.03656003251671791,-0.026063209399580956,-0.8285853862762451,8.00521183013916,2.198991298675537
25.47751808166504,9.999988555908203,-0.03525619953870773,-0.02689746767282486,-0.3455183804035187,3.242220163345337,2.4154415130615234
24.282907485961914,9.999988555908203,-0.03401755914092064,-0.02630932256579399,0.15202537178993225,-1.707430362701416,1.5600240230560303
23.148027420043945,9.999988555908203,-0.032840851694345474,-0.024813052266836166,0.4932365119457245,-5.118187427520752,0.17442214488983154
22.360910415649414,9.999988555908203,-0.0326259508728981,-0.0231449156999588,0.5858331322669983,-6.070329189300537,-1.1212451457977295
21.613149642944336,9.999988555908203,-0.03242179751396179,-0.024073747918009758,-0.6931377053260803,6.750941753387451,0.5120840072631836
20.90277671813965,9.999988555908203,-0.03222785145044327,-0.02583995647728443,-0.6955724954605103,6.822192192077637,1.821311593055725
20.227922439575195,9.999988555908203,-0.03204360231757164,-0.026568161323666573,-0.31766611337661743,3.0659005641937256,2.079540252685547
19.586811065673828,9.999988555908203,-0.03186856582760811,-0.02615704946219921,0.09636746346950531,-1.0755438804626465,1.4249203205108643
18.977754592895508,9.999988555908203,-0.031702280044555664,-0.02485218271613121,0.4433705806732178,-4.563700199127197,0.18239545822143555
18.399150848388672,9.999988555908203,-0.03154430910944939,-0.02323753759264946,0.5912437438964844,-6.065268516540527,-1.1138761043548584
17.849477767944336,9.999988555908203,-0.03139423578977585,-0.02188865654170513,0.518271267414093,-5.352376461029053,-1.9932844638824463
17.327289581298828,9.999988555908203,-0.03125166520476341,-0.02120944857597351,0.29644522070884705,-3.138453245162964,-2.2308852672576904
16.831209182739258,9.999988555908203,-0.031116222962737083,-0.021285200491547585,0.019656024873256683,-0.36202800273895264,-1.8431329727172852
16.359933853149414,9.999988555908203,-0.030987553298473358,-0.02189597859978676,-0.17122840881347656,1.5635446310043335,-1.1363121271133423
15.912221908569336,9.999988555908203,-0.030865317210555077,-0.022683212533593178,-0.25656938552856445,2.435495615005493,-0.39522993564605713
15.384112358093262,9.999988555908203,-0.03214428201317787,-0.023329677060246468,-0.2189856469631195,2.0542490482330322,0.11299040913581848
14.882408142089844,9.999988555908203,-0.03335929661989212,-0.023469137027859688,0.005067072808742523,-0.19786006212234497,0.0484948493540287
14.405789375305176,9.999988555908203,-0.03451356291770935,-0.023075448349118233,0.17384929955005646,-1.903266191482544,-0.35645848512649536
13.953001976013184,9.999988555908203,-0.03561011701822281,-0.022478012368083,0.2418275773525238,-2.6015052795410156,-0.8222630620002747
13.52285385131836,9.999988555908203,-0.036651842296123505,-0.021990567445755005,0.20619794726371765,-2.260239362716675,-1.120615839958191
13.114212989807129,9.999988555908203,-0.037641480565071106,-0.02178722806274891,0.09253265708684921,-1.1332415342330933,-1.1232354640960693
12.726003646850586,9.999988555908203,-0.03858163580298424,-0.021912476047873497,-0.0347989946603775,0.13585777580738068,-0.8619975447654724
12.357205390930176,9.999988555908203,-0.03947478532791138,-0.02226894162595272,-0.12581951916217804,1.0455775260925293,-0.4662119746208191
12.00684642791748,9.999988555908203,-0.040323276072740555,-0.022684145718812943,-0.1566133350133896,1.3543412685394287,-0.08848178386688232
11.674005508422852,9.999988555908203,-0.04112934321165085,-0.02300907112658024,-0.14148202538490295,1.2032824754714966,0.17953473329544067
11.357807159423828,9.999988555908203,-0.04189510643482208,-0.023152558133006096,-0.08566667884588242,0.6437915563583374,0.27585920691490173
11.057418823242188,9.999988555908203,-0.042622581124305725,-0.02309514582157135,-0.018772464245557785,-0.028198599815368652,0.21277299523353577
10.774466514587402,9.999988555908203,-0.04246371611952782,-0.022920968011021614,0.022520698606967926,-0.4357694387435913,0.07821277529001236
10.505661964416504,9.999988555908203,-0.04231279715895653,-0.023274514824151993,-0.24060939252376556,2.2060813903808594,0.519705057144165
10.250297546386719,9.999988555908203,-0.042169421911239624,-0.023544032126665115,-0.10908745974302292,0.899957537651062,0.5986002087593079
10.00770092010498,9.999988555908203,-0.04203321412205696,-0.023360246792435646,0.03450660780072212,-0.5319391489028931,0.3640348017215729
9.777234077453613,9.999988555908203,-0.041903819888830185,-0.022887609899044037,0.1533680260181427,-1.7196044921875,-0.06828075647354126
9.558290481567383,9.999988555908203,-0.04178089275956154,-0.022302577272057533,0.20395995676517487,-2.2257766723632812,-0.5159201622009277
9.35029411315918,9.999988555908203,-0.041664112359285355,-0.02182546816766262,0.1700068712234497,-1.8855639696121216,-0.8000952005386353
9.152697563171387,9.999988555908203,-0.04155317321419716,-0.021609418094158173,0.08064921945333481,-0.9890304207801819,-0.8392956852912903
8.964981079101562,9.999988555908203,-0.04144778102636337,-0.021668599918484688,-0.022342514246702194,0.04610489308834076,-0.6555919051170349
8.786650657653809,9.999988555908203,-0.04134765639901161,-0.021931033581495285,-0.09724094718694687,0.8018012642860413,-0.3532105088233948
8.617236137390137,9.999988555908203,-0.041252538561820984,-0.02224605344235897,-0.12793634831905365,1.1155786514282227,-0.048464685678482056
8.456293106079102,9.999988555908203,-0.04116217792034149,-0.02249346673488617,-0.11196059733629227,0.9617366194725037,0.16113288700580597
8.433512687683105,9.999988555908203,-0.041288603097200394,-0.022606654092669487,-0.06863287091255188,0.5287734866142273,0.23741132020950317
8.411870956420898,9.999988555908203,-0.041408710181713104,-0.022667979821562767,-0.11068031936883926,0.9491572380065918,0.3850850760936737
8.391310691833496,9.999988555908203,-0.041522812098264694,-0.022778352722525597,-0.119608074426651,1.0387887954711914,0.5207161903381348
8.37177848815918,9.999988555908203,-0.04163120687007904,-0.022790703922510147,-0.07538695633411407,0.5961401462554932,0.536365270614624
8.353222846984863,9.999988555908203,-0.041734181344509125,-0.02266048640012741,-0.021842576563358307,0.05909869074821472,0.4373415410518646
8.33559513092041,9.999988555908203,-0.041832007467746735,-0.02243729494512081,0.01362893357872963,-0.29795563220977783,0.2847813665866852
8.318848609924316,9.999988555908203,-0.041924942284822464,-0.022204723209142685,0.019687317311763763,-0.3609224557876587,0.150810107588768
8.302939414978027,9.999988555908203,-0.04201323166489601,-0.02203294076025486,-0.000502435490489006,-0.16087080538272858,0.08614224195480347
8.287825584411621,9.999988555908203,-0.04209710657596588,-0.02195552922785282,-0.03444742411375046,0.17754395306110382,0.10510636121034622
8.273468017578125,9.999988555908203,-0.04217678681015968,-0.021969953551888466,-0.06865142285823822,0.5193328261375427,0.1910504847764969
8.259828567504883,9.999988555908203,-0.04225248470902443,-0.022035807371139526,-0.08658376336097717,0.6988503336906433,0.2964093089103699
8.246870994567871,9.999988555908203,-0.04232439771294594,-0.022105658426880836,-0.08772717416286469,0.7105294466018677,0.38233137130737305
8.30395793914795,9.999988555908203,-0.04247477278113365,-0.022127004340291023,-0.07453808188438416,0.5764129757881165,0.4225996136665344
8.358190536499023,9.999988555908203,-0.04261763021349907,-0.021270889788866043,0.4354792833328247,-4.533207893371582,-0.6056362390518188
8.409711837768555,9.999988555908203,-0.042753346264362335,-0.02000664733350277,0.5192992091178894,-5.384279251098633,-1.597113847732544
8.458657264709473,9.999988555908203,-0.042882274836301804,-0.019207067787647247,0.3346536159515381,-3.54679274559021,-2.0016353130340576
8.505155563354492,9.999988555908203,-0.04300475865602493,-0.019221872091293335,0.032111793756484985,-0.5233947038650513,-1.694928526878357
8.549328804016113,9.999988555908203,-0.04312111809849739,-0.019956354051828384,-0.24675318598747253,2.2694859504699707,-0.8723879456520081
8.591293334960938,9.999988555908203,-0.04323165863752365,-0.02103796787559986,-0.39780449867248535,3.787368059158325,0.09442281723022461
8.631159782409668,9.999988555908203,-0.043336670845746994,-0.022032130509614944,-0.3920403718948364,3.736516237258911,0.8500880002975464
8.66903305053711,9.999988555908203,-0.043436434119939804,-0.022615039721131325,-0.2637617588043213,2.457113027572632,1.183515191078186
8.705012321472168,9.999988555908203,-0.043531209230422974,-0.02267502434551716,-0.08634302020072937,0.6818758249282837,1.0794346332550049
8.739192962646484,9.999988555908203,-0.0436212457716465,-0.022318542003631592,0.06537309288978577,-0.8398985862731934,0.6812095046043396
8.771663665771484,9.999988555908203,-0.043706778436899185,-0.021766215562820435,0.14140519499778748,-1.6065056324005127,0.20655211806297302
285.7021179199219,5.25,-0.002436332870274782,0.0,0.0,-0.6960654854774475,-0.14442035555839539
272.119140625,5.487499713897705,-0.00475084874778986,-0.011137282475829124,-5.542258262634277,32.1510124206543,6.556268215179443
259.2153015136719,5.713124752044678,-0.006949638947844505,-0.023652758449316025,-4.930615425109863,32.498924255371094,11.93887710571289
246.95663452148438,5.927468299865723,-0.009038489311933517,-0.031075308099389076,-3.0362327098846436,23.439311981201172,14.32499885559082
235.31089782714844,6.131094932556152,-0.011022897437214851,-0.03167053312063217,-0.5844886898994446,8.442169189453125,13.104424476623535
224.24745178222656,6.324540138244629,-0.01290808618068695,-0.026010481640696526,1.6983919143676758,-7.80336856842041,8.766454696655273
213.7371826171875,6.508313179016113,-0.014699013903737068,-0.01621132716536522,3.2756855487823486,-20.995948791503906,2.5913219451904297
203.75242614746094,6.682897567749023,-0.016400396823883057,-0.005218311212956905,3.844475746154785,-27.97061538696289,-3.7496988773345947
194.26690673828125,6.848752498626709,-0.01801670901477337,0.003970685880631208,3.3334712982177734,-27.101543426513672,-8.594762802124023
185.2556610107422,7.006314754486084,-0.019552206620573997,0.009096689522266388,2.1863722801208496,-20.625782012939453,-11.090970993041992
176.69497680664062,7.155998706817627,-0.021010927855968475,0.009509802795946598,0.3172142207622528,-7.662843704223633,-10.37969970703125
168.5623321533203,7.298198699951172,-0.022396713495254517,0.005306517705321312,-1.0516788959503174,3.0056405067443848,-7.602496147155762
168.65399169921875,7.433288097381592,-0.017228201031684875,-0.001515792915597558,-2.318992853164673,14.587780952453613,-2.9984357357025146
168.74105834960938,7.5616230964660645,-0.012318113818764687,-0.014846679754555225,-6.112068176269531,46.643829345703125,7.301391124725342
168.8237762451172,7.683541297912598,-0.007653531152755022,-0.02939882129430771,-6.236361503601074,51.588462829589844,16.490116119384766
168.90235900878906,7.799363613128662,-0.0032221777364611626,-0.03795541450381279,-3.9958860874176025,37.03189468383789,20.752145767211914
168.97702026367188,7.90939474105835,0.0009876079857349396,-0.037388768047094345,-0.6645378470420837,11.74081802368164,18.88246726989746
169.04794311523438,8.013924598693848,0.0049869040958583355,-0.02813912183046341,2.5771238803863525,-15.052989959716797,11.84150505065918
169.11532592773438,8.113227844238281,0.008786235004663467,-0.013301769271492958,4.780051231384277,-35.04622268676758,2.113192558288574
169.17933654785156,8.207565307617188,0.012395599856972694,0.0027678224723786116,5.446674823760986,-43.07511520385742,-7.2625226974487305
169.24014282226562,8.297185897827148,0.015824496746063232,0.015107043087482452,4.671629905700684,-38.63996124267578,-13.772745132446289
169.29791259765625,8.382326126098633,0.019081948325037956,0.02185647003352642,2.7720298767089844,-23.705780029296875,-15.833662033081055
169.352783203125,8.46320915222168,0.022176528349518776,0.02220539189875126,0.5644974708557129,-4.782348155975342,-13.540724754333496
169.40492248535156,8.540048599243164,0.02511637844145298,0.01783277839422226,-1.1558846235275269,11.105188369750977,-8.427166938781738
206.08419799804688,8.613045692443848,0.04361632838845253,0.011630300432443619,-1.9500428438186646,23.387622833251953,-1.8262028694152832
240.92950439453125,8.682393074035645,0.06119127944111824,0.016873015090823174,2.8504815101623535,-14.071422576904297,-4.3668532371521
274.0325622558594,8.748272895812988,0.07788748294115067,0.028405969962477684,5.756935119628906,-36.80369567871094,-11.096881866455078
305.48046875,8.810858726501465,0.09374888241291046,0.04200435057282448,6.125862121582031,-38.16716003417969,-16.713451385498047
335.3559875488281,8.870315551757812,0.1088172048330307,0.05226519703865051,4.682440280914307,-22.56966781616211,-17.928504943847656
363.73773193359375,8.926799774169922,0.12313210964202881,0.023559384047985077,-6.461721420288086,93.90084838867188,5.273960113525391
390.70037841796875,8.980459213256836,0.13673126697540283,0.004666474182158709,-6.941267967224121,113.93353271484375,27.818758010864258
416.31488037109375,9.0314359664917,0.1496504694223404,-0.012901600450277328,-6.822512626647949,129.28993225097656,48.872100830078125
440.648681640625,9.079864501953125,0.16192370653152466,-0.028871098533272743,-6.703622341156006,144.94146728515625,68.80467224121094
463.7657775878906,9.125870704650879,0.1735832840204239,-0.04360852390527725,-6.58319091796875,160.80348205566406,87.8926773071289
485.7270202636719,9.169576644897461,0.18465988337993622,-0.056942593306303024,-6.506088733673096,177.01092529296875,106.38301849365234
506.5902099609375,9.211097717285156,0.1951826512813568,-0.068794846534729,-6.351251602172852,192.23040771484375,124.1947250366211
530.9422607421875,9.250541687011719,0.20397840440273285,-0.07919151335954666,-6.38417387008667,209.40394592285156,141.8740234375
554.0767211914062,9.288013458251953,0.21233436465263367,-0.08859121054410934,-6.371093273162842,225.91065979003906,159.31002807617188
576.054443359375,9.32361125946045,0.22027252614498138,-0.09718572348356247,-6.433200836181641,242.85389709472656,176.643798828125
596.9332885742188,9.357429504394531,0.22781378030776978,-0.10461054742336273,-6.3123040199279785,257.5020751953125,193.4203643798828
616.7681884765625,9.389556884765625,0.23497797548770905,-0.11186975985765457,-6.389792442321777,273.9219665527344,210.1229248046875
635.611328125,9.42007827758789,0.2417839616537094,-0.11869915574789047,-6.311056613922119,288.5777893066406,226.40081787109375
653.5123291015625,9.44907283782959,0.24824963510036469,-0.1250745803117752,-6.158427715301514,302.1634216308594,242.1201171875
670.518310546875,9.476617813110352,0.25439202785491943,-0.13099272549152374,-5.988584041595459,315.1590576171875,257.2743225097656
686.6739501953125,9.502785682678223,0.2602273225784302,-0.13649201393127441,-5.915153980255127,328.6272888183594,272.0787048339844
702.0218505859375,9.527645111083984,0.2657708525657654,-0.14142659306526184,-5.69025182723999,340.0762023925781,286.1868896484375
716.6023559570312,9.551261901855469,0.27103716135025024,-0.14589646458625793,-5.611445426940918,352.3719787597656,299.9190673828125
730.4537963867188,9.573698043823242,0.2760401964187622,-0.15012504160404205,-5.493856906890869,363.8905334472656,313.19195556640625
741.2115478515625,9.59500789642334,0.2761014401912689,-0.15386803448200226,-5.203360557556152,368.6246337890625,324.69317626953125
751.431396484375,9.615252494812012,0.2761596441268921,-0.156785249710083,-4.906673431396484,372.5072937011719,334.61370849609375
761.1402587890625,9.634485244750977,0.27621492743492126,-0.15895794332027435,-4.704804420471191,376.5559387207031,343.3159484863281
770.3637084960938,9.652755737304688,0.2762674391269684,-0.16074667870998383,-4.372706413269043,378.86846923828125,350.6924133300781
779.1259765625,9.670112609863281,0.2763173282146454,-0.16207163035869598,-4.455026149749756,384.64080810546875,357.736083984375
787.4501342773438,9.686601638793945,0.2763647139072418,-0.1629890352487564,-4.27901029586792,387.4182434082031,363.89459228515625
795.3580932617188,9.702266693115234,0.27640974521636963,-0.16364268958568573,-4.213369846343994,390.8785095214844,369.4932556152344
802.87060546875,9.717148780822754,0.27645251154899597,-0.16402564942836761,-4.076121807098389,393.2552185058594,374.4234313964844
810.0075073242188,9.73128604888916,0.2764931619167328,-0.1640917807817459,-4.000982761383057,395.81182861328125,378.86114501953125
816.78759765625,9.74471664428711,0.27653175592422485,-0.16463126242160797,-4.114948749542236,400.4354553222656,383.33740234375
823.2286376953125,9.757475852966309,0.2765684425830841,-0.16483460366725922,-4.0587382316589355,402.9786376953125,387.41259765625
829.34765625,9.769597053527832,0.2766032814979553,-0.1647845357656479,-3.985640287399292,405.0020751953125,391.0621032714844
833.7489013671875,9.781111717224121,0.274326890707016,-0.16449210047721863,-3.8988635540008545,404.00006103515625,393.7464904785156
837.9301147460938,9.7920503616333,0.27216431498527527,-0.1638803333044052,-3.7936880588531494,402.5229187011719,395.56744384765625
841.9022216796875,9.802441596984863,0.2701098620891571,-0.16291747987270355,-3.7105607986450195,400.9392395019531,396.6820068359375
845.67578125,9.8123140335083,0.2681581377983093,-0.16176816821098328,-3.410254716873169,397.040771484375,396.7564697265625
849.2606201171875,9.82169246673584,0.26630398631095886,-0.1604590117931366,-3.5451459884643555,397.2523498535156,396.8593444824219
852.666259765625,9.830601692199707,0.2645425498485565,-0.15898966789245605,-3.5659396648406982,396.18695068359375,396.7198486328125
855.901611328125,9.839065551757812,0.2628691792488098,-0.15729963779449463,-3.363194704055786,392.7138671875,395.888671875
858.9751586914062,9.847105979919434,0.26127949357032776,-0.155421182513237,-3.4295318126678467,391.70648193359375,395.02093505859375
861.89501953125,9.854744911193848,0.2597692906856537,-0.15349255502223969,-3.3295741081237793,389.00042724609375,393.7718200683594
864.6688842773438,9.862001419067383,0.25833460688591003,-0.15143564343452454,-3.303309440612793,386.892822265625,392.3445739746094
867.3040771484375,9.868895530700684,0.25697165727615356,-0.149186909198761,-3.217643976211548,384.017578125,390.6169128417969
869.8074951171875,9.875445365905762,0.25567683577537537,-0.1467733532190323,-3.1529157161712646,381.1906433105469,388.6611633300781
869.4323120117188,9.881669998168945,0.2529236972332001,-0.1442374736070633,-3.07850980758667,375.7255859375,385.977294921875
869.0758666992188,9.88758373260498,0.25030821561813354,-0.14119702577590942,-2.772343158721924,367.6595458984375,382.1767272949219
868.7372436523438,9.89320182800293,0.24782352149486542,-0.1378173828125,-2.655181646347046,361.28887939453125,377.8428955078125
868.41552734375,9.898538589477539,0.2454630583524704,-0.13421276211738586,-2.6756229400634766,356.20111083984375,373.3526611328125
868.1099243164062,9.903608322143555,0.24322061240673065,-0.1305055469274521,-2.561718225479126,349.8056640625,368.4671325683594
867.819580078125,9.908425331115723,0.2410902976989746,-0.12670038640499115,-2.5444862842559814,344.3878173828125,363.47113037109375
867.5437622070312,9.91300106048584,0.2390664964914322,-0.12269852310419083,-2.3731658458709717,337.3721923828125,358.0561218261719
867.28173828125,9.91734790802002,0.2371438890695572,-0.11860465258359909,-2.4987995624542236,333.315673828125,352.9229736328125
867.0328369140625,9.921477317810059,0.2353174090385437,-0.11434805393218994,-2.3708956241607666,326.6942443847656,347.48101806640625
866.79638671875,9.925400733947754,0.2335822582244873,-0.10996055603027344,-2.1512560844421387,319.1337585449219,341.5994873046875
866.5717163085938,9.92912769317627,0.2319338619709015,-0.10542222112417221,-2.2468409538269043,314.65240478515625,336.00848388671875
866.3582763671875,9.932668685913086,0.23036788403987885,-0.10083470493555069,-2.0301713943481445,307.1051330566406,330.0115966796875
863.9341430664062,9.936033248901367,0.22884701192378998,-0.09609851241111755,-2.079150915145874,301.3900146484375,324.07318115234375
861.6312255859375,9.939229965209961,0.2274021953344345,-0.09098269045352936,-1.8861273527145386,293.0769958496094,317.64208984375
859.4434814453125,9.942266464233398,0.22602961957454681,-0.08576175570487976,-1.7413140535354614,285.2796630859375,310.927490234375
857.3651123046875,9.945151329040527,0.2247256636619568,-0.08026114106178284,-1.7023851871490479,278.41552734375,304.181884765625
855.390625,9.947892189025879,0.22348691523075104,-0.07457712292671204,-1.6321923732757568,271.19805908203125,297.33837890625
853.514892578125,9.950495719909668,0.22231009602546692,-0.06878715008497238,-1.6552590131759644,264.9264831542969,290.6135559082031
851.73291015625,9.95296859741211,0.2211921215057373,-0.06287156045436859,-1.4028434753417969,255.9088592529297,283.4129943847656
850.0400390625,9.955318450927734,0.2201300412416458,-0.05677828937768936,-1.3717743158340454,249.0396270751953,276.28118896484375
848.4318237304688,9.957550048828125,0.2191210687160492,-0.05052762106060982,-1.2979854345321655,241.7032928466797,269.10693359375
846.9039916992188,9.959670066833496,0.21816255152225494,-0.044093094766139984,-1.2146276235580444,234.20263671875,261.8649597167969
845.4525756835938,9.961684226989746,0.2172519564628601,-0.03757684677839279,-1.1192314624786377,226.59510803222656,254.54713439941406
844.07373046875,9.963598251342773,0.21638688445091248,-0.030883390456438065,-1.0369954109191895,219.04653930664062,247.1814422607422
823.3594360351562,9.965417861938477,0.2172359973192215,-0.024050168693065643,-0.9704597592353821,208.33627319335938,239.12181091308594
803.6808471679688,9.967146873474121,0.21804265677928925,-0.017380326986312866,-0.9470608830451965,198.64443969726562,230.72354125976562
784.9861450195312,9.968789100646973,0.21880897879600525,-0.010661288164556026,-0.9975222945213318,190.0750732421875,222.28976440429688
767.2261962890625,9.970349311828613,0.21953698992729187,-0.003746124217286706,-0.8973163366317749,180.25521850585938,213.5684051513672
750.354248046875,9.971831321716309,0.22022859752178192,0.0034258465748280287,-0.8508121371269226,171.16302490234375,204.7700958251953
734.325927734375,9.97323989868164,0.22088561952114105,0.010814609937369823,-0.7735992670059204,161.9758758544922,195.89111328125
719.0989990234375,9.974577903747559,0.22150979936122894,0.01843516156077385,-0.6963204145431519,152.97625732421875,186.9871063232422
704.6334228515625,9.975849151611328,0.22210276126861572,0.026241157203912735,-0.6165719032287598,144.16146850585938,178.1016082763672
690.89111328125,9.977056503295898,0.22266608476638794,0.03420953080058098,-0.5635119676589966,135.8251495361328,169.33004760742188
677.8359375,9.978203773498535,0.2232012301683426,0.04233164340257645,-0.5456947684288025,128.04495239257812,160.76417541503906
665.4335327148438,9.979293823242188,0.22370962798595428,0.050310611724853516,-0.46384239196777344,120.01434326171875,152.30935668945312
653.6512451171875,9.980328559875488,0.22419260442256927,0.05799837410449982,-0.39238184690475464,112.54916381835938,144.05987548828125
624.52294921875,9.981311798095703,0.22307680547237396,0.06542397290468216,-0.32070350646972656,101.65885162353516,135.26248168945312
596.85107421875,9.982246398925781,0.22201679646968842,0.07218889147043228,-0.3238259553909302,92.65745544433594,126.4227523803711
570.562744140625,9.983134269714355,0.22100979089736938,0.07842835783958435,-0.36135414242744446,84.95909881591797,117.81983947753906
545.5888671875,9.983977317810059,0.22005313634872437,0.08429396897554398,-0.3345797061920166,77.40913391113281,109.43539428710938
521.8636474609375,9.98477840423584,0.2191443145275116,0.08982832729816437,-0.12119492888450623,68.69541931152344,100.98262023925781
499.3247375488281,9.985539436340332,0.21828094124794006,0.09503350406885147,-0.052011504769325256,62.05985641479492,92.90689086914062
477.91278076171875,9.986262321472168,0.2174607366323471,0.09989433735609055,-0.04596322774887085,56.645484924316406,85.38333892822266
457.5714416503906,9.98694896697998,0.21668154001235962,0.104465052485466,-0.02852613478899002,51.63195037841797,78.38056945800781
438.2471618652344,9.987601280212402,0.21594129502773285,0.10873566567897797,-0.0089573934674263,47.072025299072266,71.8846435546875
419.88909912109375,9.988221168518066,0.2152380645275116,0.11271511763334274,0.033469535410404205,42.713966369628906,65.83228302001953
402.4489440917969,9.988809585571289,0.21457000076770782,0.11645099520683289,0.035228580236434937,39.1359977722168,60.293312072753906
385.8807678222656,9.98936939239502,0.21393533051013947,0.11993781477212906,0.012148629873991013,36.15047836303711,55.28413391113281
369.2637023925781,9.989900588989258,0.21059967577457428,0.12313899397850037,0.014798503369092941,32.14822006225586,50.48387145996094
353.47747802734375,9.990405082702637,0.20743080973625183,0.12560902535915375,-0.2333376109600067,31.253293991088867,46.493896484375
338.4805603027344,9.990884780883789,0.20442038774490356,0.12762382626533508,-0.2702007293701172,28.693687438964844,42.80069351196289
324.2334899902344,9.991340637207031,0.20156048238277435,0.12938019633293152,-0.2801678776741028,26.2025203704834,39.35688781738281
310.69879150390625,9.99177360534668,0.1988435685634613,0.13091111183166504,-0.26330646872520447,23.7374324798584,36.11614990234375
297.8408203125,9.99218463897705,0.19626250863075256,0.1322382390499115,-0.2376958280801773,21.444141387939453,33.07198715209961
285.625732421875,9.992575645446777,0.19381049275398254,0.13342829048633575,-0.22983676195144653,19.543371200561523,30.265056610107422
274.02142333984375,9.99294662475586,0.1914810836315155,0.13442213833332062,-0.2485118806362152,18.11874008178711,27.74492835998535
262.997314453125,9.99329948425293,0.18926814198493958,0.1350085735321045,-0.33590278029441833,17.62689781188965,25.6456298828125
252.52439880371094,9.993634223937988,0.18716584146022797,0.13541607558727264,-0.32949137687683105,16.36089515686035,23.71922492980957
242.57513427734375,9.993952751159668,0.18516866862773895,0.1356869339942932,-0.34989941120147705,15.499916076660156,22.01387596130371
233.1233367919922,9.994255065917969,0.1832713484764099,0.13575920462608337,-0.37230950593948364,14.797144889831543,20.51654052734375
228.16616821289062,9.994542121887207,0.17507106065750122,0.13574527204036713,-0.3870485723018646,12.841187477111816,18.92405128479004
223.4568634033203,9.9948148727417,0.16728079319000244,0.13530229032039642,-0.5266141891479492,12.40922737121582,17.572349548339844
218.98301696777344,9.995074272155762,0.15988004207611084,0.13456064462661743,-0.6351366639137268,11.892755508422852,16.39394187927246
214.7328643798828,9.995320320129395,0.15284931659698486,0.13358014822006226,-0.6446865797042847,10.581573486328125,15.187986373901367
210.69522094726562,9.995553970336914,0.14617013931274414,0.13243071734905243,-0.6796882152557373,9.688691139221191,14.046987533569336
206.85946655273438,9.995776176452637,0.13982491195201874,0.13117359578609467,-0.753697395324707,9.323397636413574,13.066933631896973
203.2154998779297,9.995986938476562,0.13379694521427155,0.12971656024456024,-0.7990509867668152,8.816500663757324,12.185050010681152
199.75372314453125,9.996187210083008,0.1280703842639923,0.12806500494480133,-0.8359056711196899,8.35694408416748,11.390790939331055
196.4650421142578,9.996377944946289,0.12263014167547226,0.12623384594917297,-0.8296329379081726,7.585322380065918,10.601229667663574
193.34078979492188,9.996559143066406,0.1174619123339653,0.12426024675369263,-0.8725506663322449,7.408109188079834,9.93871784210205
190.3727569580078,9.99673080444336,0.11255209147930145,0.12212303280830383,-0.9252393245697021,7.4273223876953125,9.417651176452637
187.55311584472656,9.996893882751465,0.10788776725530624,0.11978793889284134,-0.975349485874176,7.518550872802734,9.023624420166016
185.63446044921875,9.997049331665039,0.1052183210849762,0.11733563989400864,-1.024841547012329,7.995999813079834,8.81041145324707
183.81173706054688,9.997197151184082,0.10268235206604004,0.11480376124382019,-1.0190958976745605,7.960045337677002,8.633976936340332
182.0801544189453,9.997337341308594,0.10027317702770233,0.11222778260707855,-1.0251061916351318,8.071635246276855,8.517302513122559
180.43515014648438,9.997469902038574,0.09798446297645569,0.10951977223157883,-1.0548497438430786,8.46445369720459,8.506338119506836
178.8723907470703,9.997596740722656,0.0958101823925972,0.10673203319311142,-1.084385633468628,8.887632369995117,8.585450172424316
177.3877716064453,9.997716903686523,0.09374462068080902,0.10401815921068192,-1.1061992645263672,9.237067222595215,8.720648765563965
175.97738647460938,9.997831344604492,0.0917823314666748,0.10109439492225647,-1.1311372518539429,9.670207023620605,8.917664527893066
174.63751220703125,9.997940063476562,0.08991815894842148,0.09820780903100967,-1.1604784727096558,10.15471076965332,9.174328804016113
173.36463928222656,9.998043060302734,0.08814719319343567,0.09522801637649536,-1.1934314966201782,10.704414367675781,9.491792678833008
172.15541076660156,9.998140335083008,0.0864647775888443,0.09219340980052948,-1.2288233041763306,11.29973316192627,9.86690616607666
171.0066375732422,9.9982328414917,0.0848664864897728,0.08901714533567429,-1.2713515758514404,12.001479148864746,10.309789657592773
169.91529846191406,9.998321533203125,0.0833481103181839,0.08585113286972046,-1.29176926612854,12.490222930908203,10.762188911437988
167.89169311523438,9.998405456542969,0.07996487617492676,0.08270861208438873,-1.3267556428909302,12.804790496826172,11.185990333557129
165.96926879882812,9.99848461151123,0.07675080746412277,0.07968924939632416,-1.1198699474334717,10.709311485290527,11.087089538574219
164.14297485351562,9.998559951782227,0.07369744032621384,0.0769014060497284,-1.089507818222046,10.367600440979004,10.937809944152832
162.40798950195312,9.998631477355957,0.07079674303531647,0.07407140731811523,-1.0787991285324097,10.254683494567871,10.796074867248535
160.75975036621094,9.998700141906738,0.06804107874631882,0.07123655080795288,-1.0927587747573853,10.412464141845703,10.716484069824219
159.1939239501953,9.998764991760254,0.06542319804430008,0.06850796937942505,-1.08232581615448,10.33084487915039,10.636470794677734
157.70639038085938,9.99882698059082,0.0629362091422081,0.06565749645233154,-1.099605917930603,10.565605163574219,10.6217679977417
156.29324340820312,9.998885154724121,0.06057357415556908,0.06285164505243301,-1.1107569932937622,10.750285148620605,10.648433685302734
154.95074462890625,9.998940467834473,0.05832907184958458,0.0597551167011261,-1.1874723434448242,11.652499198913574,10.856758117675781
153.6753692626953,9.998992919921875,0.05619679391384125,0.05683539807796478,-1.1758512258529663,11.65919017791748,11.023247718811035
152.46376037597656,9.999043464660645,0.0541711300611496,0.05375140532851219,-1.209857702255249,12.161412239074707,11.259395599365234
151.312744140625,9.999091148376465,0.05224674940109253,0.05058538168668747,-1.2518210411071777,12.768458366394043,11.572498321533203
147.82736206054688,9.999136924743652,0.04759414121508598,0.047325730323791504,-1.3009334802627563,13.047890663146973,11.87861442565918
144.51625061035156,9.99917984008789,0.04317416250705719,0.04412393644452095,-1.2324596643447876,12.186327934265137,11.942459106445312
141.37069702148438,9.999220848083496,0.03897518292069435,0.040974002331495285,-1.2355494499206543,12.0719575881958,11.969327926635742
138.38241577148438,9.999259948730469,0.03498615324497223,0.037828605622053146,-1.2424589395523071,12.03032398223877,11.981983184814453
135.54354858398438,9.999297142028809,0.031196575611829758,0.03469924256205559,-1.240615963935852,11.930523872375488,11.971306800842285
132.8466339111328,9.999332427978516,0.027596475556492805,0.0315525084733963,-1.2597289085388184,12.070901870727539,11.991971969604492
130.28456115722656,9.99936580657959,0.024176381528377533,0.028345588594675064,-1.2793024778366089,12.249030113220215,12.045307159423828
127.85060119628906,9.999397277832031,0.020927291363477707,0.025117147713899612,-1.3058475255966187,12.522011756896973,12.144214630126953
125.53833770751953,9.99942684173584,0.017840655520558357,0.021796807646751404,-1.3339765071868896,12.842351913452148,12.28906536102295
123.34169006347656,9.999455451965332,0.014908351935446262,0.0182507261633873,-1.3848752975463867,13.435744285583496,12.526979446411133
121.25487518310547,9.999482154846191,0.012122664600610733,0.01478227786719799,-1.4222546815872192,13.899319648742676,12.811714172363281
119.27239990234375,9.999507904052734,0.009476261213421822,0.011180628091096878,-1.4650870561599731,14.44686508178711,13.15097713470459
113.82624816894531,9.999532699584961,0.006186475045979023,0.0074248299933969975,-1.5918786525726318,15.777085304260254,13.695844650268555
108.65240478515625,9.999555587768555,0.003061177907511592,0.003943622577935457,-1.2337514162063599,12.24108600616455,13.394010543823242
103.73725128173828,9.999577522277832,9.21457540243864e-05,0.0010583145776763558,-1.0501867532730103,10.401196479797363,12.773058891296387
99.06785583496094,9.999598503112793,-0.00272843474522233,-0.000909514375962317,-0.5008716583251953,4.8283185958862305,11.124676704406738
94.6319351196289,9.999618530273438,-0.005407986231148243,-0.001112692872993648,-0.01805095747113228,-0.22596922516822815,8.769633293151855
90.41780853271484,9.999637603759766,-0.00795355997979641,0.0002374453324591741,0.5762838125228882,-6.503242492675781,5.600802421569824
86.41439056396484,9.999655723571777,-0.010371855460107327,0.0029768000822514296,1.3106026649475098,-14.2590913772583,1.4802520275115967
82.61114501953125,9.999672889709473,-0.012669235467910767,0.007073421496897936,1.8719696998596191,-20.350048065185547,-3.0491201877593994
78.99805450439453,9.999689102172852,-0.014851746149361134,0.01241184864193201,2.4860990047454834,-27.013988494873047,-8.02137565612793
75.56562042236328,9.999704360961914,-0.016925131902098656,0.017221761867403984,3.803447961807251,-40.613685607910156,-14.783660888671875
72.3048095703125,9.99971866607666,-0.018894847482442856,0.02207467146217823,2.709543466567993,-30.05696678161621,-17.95258140563965
69.20703887939453,9.999732971191406,-0.02076607756316662,0.02143215574324131,0.7010467648506165,-9.930695533752441,-16.288192749023438
65.95016479492188,9.999746322631836,-0.02225767821073532,0.01638072356581688,-0.8650732040405273,6.102303504943848,-11.642590522766113
62.85613250732422,9.99975872039795,-0.023674698546528816,0.0022961737122386694,-6.248903274536133,60.855098724365234,3.3993024826049805
59.91680145263672,9.999771118164062,-0.025020867586135864,-0.012233098037540913,-5.599929332733154,55.2318115234375,14.153562545776367
57.12443542480469,9.99978256225586,-0.026299728080630302,-0.017320843413472176,-1.8746417760849,18.233097076416016,14.999988555908203
54.47168731689453,9.99979305267334,-0.02751464582979679,-0.012951330281794071,1.3900716304779053,-14.693717002868652,8.839109420776367
51.95158004760742,9.99980354309082,-0.02866881713271141,-0.003413508180528879,3.380713939666748,-35.1185302734375,-0.2812652587890625
49.55747604370117,9.999813079833984,-0.029765279963612556,0.006817243993282318,3.865866184234619,-40.47087860107422,-8.61984634399414
47.283077239990234,9.999822616577148,-0.030806919559836388,0.013740193098783493,2.9358246326446533,-31.46405029296875,-13.35958480834961
45.122398376464844,9.999831199645996,-0.03179647773504257,0.015402671881020069,1.1415241956710815,-13.544788360595703,-13.398012161254883
43.06975555419922,9.999839782714844,-0.032736558467149734,0.012195933610200882,-0.5943516492843628,4.008190155029297,-9.786556243896484
41.11974334716797,9.999847412109375,-0.033629633486270905,0.006207939703017473,-1.6832621097564697,15.194253921508789,-4.603512763977051
39.26723098754883,9.999855041503906,-0.03447805717587471,-1.2663206689467188e-05,-2.0005533695220947,18.65188217163086,0.22153973579406738
37.52067947387695,9.999861717224121,-0.03511124476790428,-0.004390209447592497,-1.4182381629943848,13.029511451721191,2.878950595855713
35.86145782470703,9.999868392944336,-0.035712774842977524,-0.00036617839941754937,2.441408157348633,-25.68134117126465,-3.046766996383667
34.28519821166992,9.99987506866455,-0.036284226924180984,0.0071785724721848965,3.215663433074951,-33.6463623046875,-9.395601272583008
32.787750244140625,9.99988079071045,-0.03682710602879524,0.012421450577676296,2.3077306747436523,-24.691781997680664,-12.569268226623535
31.365175247192383,9.999886512756348,-0.03734284266829491,0.013083627447485924,0.6807792782783508,-8.389350891113281,-11.70201587677002
30.013729095458984,9.999892234802246,-0.03783279284834862,0.009353229776024818,-0.9865041375160217,8.44870662689209,-7.521124839782715
28.729854583740234,9.999897956848145,-0.03829824551939964,0.003215450095012784,-2.035078287124634,19.15789222717285,-1.9857361316680908
27.510173797607422,9.999902725219727,-0.03874042630195618,-0.0027817257214337587,-2.093357801437378,19.94414520263672,2.5642971992492676
26.351476669311523,9.999907493591309,-0.03916049748659134,-0.006619867868721485,-1.4285027980804443,13.42740249633789,4.818184852600098
25.250715255737305,9.99991226196289,-0.03955956548452377,-0.007517760619521141,-0.44719645380973816,3.662846803665161,4.578474044799805
24.20499038696289,9.999916076660156,-0.03993867710232735,-0.005843299441039562,0.47190290689468384,-5.544267654418945,2.4781975746154785
23.2115535736084,9.999919891357422,-0.040298834443092346,-0.0027903292793780565,1.0060776472091675,-10.931325912475586,-0.3040236234664917
22.7806453704834,9.999923706054688,-0.03790954500436783,0.00638435035943985,4.37552547454834,-44.76396560668945,-9.528616905212402
22.37128257751465,9.999927520751953,-0.035639721900224686,0.008568212389945984,-0.33326080441474915,2.3435957431793213,-7.065359115600586
21.98238754272461,9.999931335449219,-0.033483389765024185,0.004237331449985504,-1.728212594985962,16.452816009521484,-2.1857848167419434
21.612937927246094,9.999934196472168,-0.03143487125635147,0.00046793260844424367,-1.2921656370162964,12.23205852508545,0.8056436777114868
21.261960983276367,9.999937057495117,-0.029488779604434967,-0.00011288347013760358,0.01249513030052185,-0.7495396733283997,0.4829726815223694
20.928531646728516,9.999939918518066,-0.02763999253511429,0.0018356762593612075,0.9747393131256104,-10.364216804504395,-1.7676129341125488
20.611774444580078,9.999942779541016,-0.025883644819259644,0.004602484405040741,1.2307194471359253,-12.935497283935547,-4.0847368240356445
20.310855865478516,9.999945640563965,-0.02421511523425579,0.006633801851421595,1.034927487373352,-10.975786209106445,-5.514498710632324
20.024982452392578,9.999948501586914,-0.022630011662840843,0.007294668350368738,0.5785702466964722,-6.384913921356201,-5.695093154907227
19.753402709960938,9.999951362609863,-0.021124163642525673,0.0065650325268507,0.06764693558216095,-1.2234218120574951,-4.767306327819824
19.49540138244629,9.999953269958496,-0.019693607464432716,0.004920382518321276,-0.2906401455402374,2.426528215408325,-3.2747225761413574
19.250301361083984,9.999955177307129,-0.018334580585360527,0.0030717693734914064,-0.4495092034339905,4.082993030548096,-1.7481365203857422
18.446794509887695,9.999957084655762,-0.01948792301118374,0.0016899729380384088,-0.3280728757381439,2.8900504112243652,-0.7858008742332458
17.683462142944336,9.999958992004395,-0.02058359794318676,0.006503146607428789,2.9606735706329346,-30.085601806640625,-6.86495304107666
16.958297729492188,9.999960899353027,-0.0216244887560606,0.012921015731990337,3.045968532562256,-31.045398712158203,-11.881937026977539
16.269390106201172,9.99996280670166,-0.02261333540081978,0.015900813043117523,1.7135854959487915,-17.762393951416016,-13.102020263671875
15.61492919921875,9.999964714050293,-0.02355273999273777,0.014181108213961124,-0.17059846222400665,1.116767168045044,-10.15189266204834
14.993191719055176,9.999966621398926,-0.024445174261927605,0.008907219395041466,-1.528916358947754,14.789052963256836,-4.977121353149414
14.402541160583496,9.999968528747559,-0.025292987003922462,0.0024720632936805487,-2.110663414001465,20.706680297851562,0.3517792224884033
13.841423034667969,9.999970436096191,-0.026098407804965973,-0.0027747482527047396,-1.8025771379470825,17.7028865814209,3.9518041610717773
13.308361053466797,9.999971389770508,-0.02686355821788311,-0.005307658109813929,-0.9781341552734375,9.494440078735352,5.1017961502075195
12.80195140838623,9.999972343444824,-0.027590451762080193,-0.004990312736481428,-0.010305932722985744,-0.18626682460308075,4.004623889923096
12.320862770080566,9.99997329711914,-0.02828099951148033,-0.0026719786692410707,0.7295648455619812,-7.611154079437256,1.5945707559585571
11.863828659057617,9.999974250793457,-0.028937021270394325,0.00028362584998831153,1.0237350463867188,-10.583992958068848,-0.9322497844696045
11.40076732635498,9.999975204467773,-0.029698191210627556,0.002584424801170826,0.856136679649353,-8.929391860961914,-2.5915048122406006
10.960858345031738,9.99997615814209,-0.03042130172252655,-0.0005932430503889918,-2.003180742263794,19.704818725585938,2.0345587730407715
10.54294490814209,9.999977111816406,-0.031108256429433823,-0.005198338069021702,-1.8900249004364014,18.627038955688477,5.4771833419799805
10.145927429199219,9.999978065490723,-0.031760863959789276,-0.007040646392852068,-0.7949301600456238,7.698474407196045,5.938059329986572
9.768760681152344,9.999979019165039,-0.0323808416724205,-0.005667149554938078,0.34774094820022583,-3.7383618354797363,3.9303860664367676
9.410451889038086,9.999979972839355,-0.032969821244478226,-0.002322735032066703,1.1338776350021362,-11.627156257629395,0.7024917602539062
9.070058822631836,9.999980926513672,-0.03352934867143631,0.0014007207937538624,1.3749436140060425,-14.066227912902832,-2.36173677444458
8.746685981750488,9.999981880187988,-0.03406090289354324,0.00407753512263298,1.0699751377105713,-11.033316612243652,-4.160924911499023
8.439481735229492,9.999982833862305,-0.03456587716937065,0.004949095658957958,0.45184263586997986,-4.85190486907959,-4.304290294647217
8.147637367248535,9.999983787536621,-0.03504560515284538,0.004084545653313398,-0.1698077768087387,1.3792567253112793,-3.1250624656677246
7.87038516998291,9.999984741210938,-0.03550134599208832,0.0021505937911570072,-0.5596707463264465,5.300363540649414,-1.3769466876983643
7.606995582580566,9.999985694885254,-0.03593429923057556,6.83098696754314e-05,-0.6523724794387817,6.249843597412109,0.20546722412109375
7.322596073150635,9.99998664855957,-0.03681417554616928,-0.0014380072243511677,-0.5063608288764954,4.804555892944336,1.1596907377243042
7.0524163246154785,9.999987602233887,-0.037650056183338165,-0.00048984115710482,0.6730580925941467,-6.992641925811768,-0.5317633748054504
6.795745372772217,9.999988555908203,-0.038444142788648605,0.0019069768022745848,1.0687227249145508,-10.961430549621582,-2.69572114944458
6.551908016204834,9.999988555908203,-0.03919852524995804,0.003924919292330742,0.9257639646530151,-9.540170669555664,-4.115814208984375
6.320262432098389,9.999988555908203,-0.039915189146995544,0.004611787851899862,0.4333712160587311,-4.615129470825195,-4.219412803649902
6.100199222564697,9.999988555908203,-0.040596019476652145,0.003816663520410657,-0.12597978115081787,0.9888701438903809,-3.1387932300567627
5.891139507293701,9.999988555908203,-0.0412428081035614,0.002043822081759572,-0.5006846189498901,4.751832485198975,-1.501638412475586
5.692532539367676,9.999988555908203,-0.04185725748538971,6.2447928939946e-05,-0.6175475120544434,5.936838626861572,0.04170417785644531
5.503856182098389,9.999988555908203,-0.0424409843981266,-0.001444566179998219,-0.5078661441802979,4.853017330169678,1.039960265159607
5.324613571166992,9.999988555908203,-0.042995527386665344,-0.0021232059225440025,-0.24959956109523773,2.2783632278442383,1.2969053983688354
5.154333114624023,9.999988555908203,-0.043522343039512634,-0.0019721488934010267,0.03150782734155655,-0.5292414426803589,0.9180147051811218
4.9925665855407715,9.999988555908203,-0.0440228171646595,-0.0012844776501879096,0.22965024411678314,-2.509873867034912,0.20679301023483276
4.912228107452393,9.999988555908203,-0.04491588473320007,-0.00047627868480049074,0.2887466847896576,-3.1057610511779785,-0.4804990291595459
4.835906505584717,9.999988555908203,-0.04576429724693298,-0.001113415346480906,-0.4292024075984955,4.076091766357422,0.4649069607257843
4.763401031494141,9.999988555908203,-0.04657028988003731,-0.0020320534240454435,-0.350454181432724,3.292384386062622,1.051554799079895
4.694520950317383,9.999988555908203,-0.04733598232269287,-0.002225210890173912,-0.07240793108940125,0.5123050212860107,0.939670741558075
4.629085063934326,9.999988555908203,-0.04806338995695114,-0.0017166957259178162,0.19875144958496094,-2.202054977416992,0.2878223657608032
4.566920757293701,9.999988555908203,-0.04875442758202553,-0.0008146932814270258,0.3581660985946655,-3.800593852996826,-0.5604462623596191
4.507864952087402,9.999988555908203,-0.04941091313958168,4.1750859963940457e-05,0.3628976047039032,-3.851897716522217,-1.243359923362732
4.451761722564697,9.999988555908203,-0.050034575164318085,0.0005161683657206595,0.2379923015832901,-2.6049602031707764,-1.525866150856018
4.398463726043701,9.999988555908203,-0.050627052783966064,0.0004953248426318169,0.05639273300766945,-0.7887866497039795,-1.3729362487792969
4.347830772399902,9.999988555908203,-0.051189906895160675,6.132374255685136e-05,-0.10316776484251022,0.8088447451591492,-0.9202582240104675
4.299729347229004,9.999988555908203,-0.051724620163440704,-0.0005598343559540808,-0.18475443124771118,1.6275473833084106,-0.3916369676589966
4.254033088684082,9.999988555908203,-0.05223259702324867,-0.0011225159978494048,-0.18044894933700562,1.5870635509490967,0.01890578866004944
4.120124816894531,9.999988555908203,-0.052428726106882095,-0.0014747916720807552,-0.11726921796798706,0.9627543091773987,0.21473641693592072
3.9929118156433105,9.999988555908203,-0.05261504650115967,-0.0009698510984890163,0.34357118606567383,-3.64192271232605,-0.5854470729827881
3.8720595836639404,9.999988555908203,-0.052792053669691086,0.00020554754883050919,0.5616413950920105,-5.821617126464844,-1.6718528270721436
3.7572498321533203,9.999988555908203,-0.05296020954847336,0.001262578065507114,0.5196208953857422,-5.399931907653809,-2.4453582763671875
3.6481804847717285,9.999988555908203,-0.053119957447052,0.0016975783510133624,0.29273563623428345,-3.1273372173309326,-2.586855888366699
3.544564723968506,9.999988555908203,-0.05327171832323074,0.0013748533092439175,0.00665206927806139,-0.26021891832351685,-2.1041228771209717
3.44612979888916,9.999988555908203,-0.05341589078307152,0.0005080700502730906,-0.21482668817043304,1.9624354839324951,-1.2603894472122192
3.352616548538208,9.999988555908203,-0.05355285480618477,-0.0005256140138953924,-0.3132305443286896,2.954521894454956,-0.38587552309036255
3.2637789249420166,9.999988555908203,-0.053682971745729446,-0.0013621299294754863,-0.2719610035419464,2.5488431453704834,0.22302278876304626
3.1793832778930664,9.999988555908203,-0.05380658060312271,-0.001777042169123888,-0.14015516638755798,1.2361282110214233,0.4332229495048523
3.0992074012756348,9.999988555908203,-0.05392400920391083,-0.0017496099462732673,0.00760890357196331,-0.23778824508190155,0.29400089383125305
3.023040294647217,9.999988555908203,-0.05403556674718857,-0.0014226246858015656,0.11250396817922592,-1.28408944606781,-0.033422842621803284
2.9384074211120605,9.999988555908203,-0.05311479791998863,-0.0010093998862430453,0.14601656794548035,-1.613270878791809,-0.36121129989624023
2.858006238937378,9.999988555908203,-0.05224006623029709,-0.0006381591665558517,0.20199428498744965,-2.167419195175171,-0.7359651327133179
2.781625270843506,9.999988555908203,-0.051409073173999786,-0.00015337951481342316,0.25075462460517883,-2.6501173973083496,-1.133115291595459
2.7090632915496826,9.999988555908203,-0.05061962828040123,0.00023865657567512244,0.22347165644168854,-2.3724923133850098,-1.390262484550476
2.640129327774048,9.999988555908203,-0.049869656562805176,0.0003893536631949246,0.13343127071857452,-1.4670014381408691,-1.406184434890747
2.5746421813964844,9.999988555908203,-0.04915718361735344,0.00024681625654920936,0.016472216695547104,-0.2919195890426636,-1.1749956607818604
2.5124292373657227,9.999988555908203,-0.048480331897735596,-0.00010977307101711631,-0.0698561891913414,0.5770334601402283,-0.8114829063415527
2.453326940536499,9.999988555908203,-0.04783732444047928,-0.0005307950195856392,-0.11360819637775421,1.0200222730636597,-0.43148040771484375
2.3971798419952393,9.999988555908203,-0.04722646623849869,-0.0008832387393340468,-0.10710801184177399,0.9599858522415161,-0.14277762174606323
2.3438401222229004,9.999988555908203,-0.046646151691675186,-0.001071619801223278,-0.06717084348201752,0.5648882985115051,0.004049606621265411
2.2931673526763916,9.999988555908203,-0.046094853430986404,-0.001079855370335281,-0.010982813313603401,0.006601080298423767,0.004578988999128342
2.245028257369995,9.999988555908203,-0.04557111859321594,-0.0009542609332129359,0.03137131407856941,-0.4138788878917694,-0.08224306255578995
2.2181923389434814,9.999988555908203,-0.04447369650006294,-0.0007862831698730588,0.042539604008197784,-0.5223026275634766,-0.17354705929756165
2.1926982402801514,9.999988555908203,-0.04343114420771599,-0.0006139224278740585,0.11471211165189743,-1.2410049438476562,-0.39502429962158203
2.1684789657592773,9.999988555908203,-0.04244071990251541,-0.00014043552801012993,0.2570101022720337,-2.66182541847229,-0.8653424978256226
2.14547061920166,9.999988555908203,-0.04149981588125229,0.00043156128958798945,0.2788759469985962,-2.878718852996826,-1.2830798625946045
2.123612642288208,9.999988555908203,-0.04060595855116844,0.0008466955623589456,0.22996681928634644,-2.387694835662842,-1.5122665166854858
2.1028475761413574,9.999988555908203,-0.03975679352879524,0.0009640244534239173,0.1229296326637268,-1.3149245977401733,-1.471321940422058
2.083120822906494,9.999988555908203,-0.03895008563995361,0.0007762482273392379,0.005759398452937603,-0.1403486728668213,-1.1951704025268555
2.064380407333374,9.999988555908203,-0.03818371519446373,0.0003907162754330784,-0.07929151505231857,0.7132819890975952,-0.7992027997970581
2.046576976776123,9.999988555908203,-0.037455663084983826,-3.353316060383804e-05,-0.11182142049074173,1.0416256189346313,-0.41726595163345337
2.0296638011932373,9.999988555908203,-0.03676401078701019,-0.0003562324563972652,-0.09408067166805267,0.8669100403785706,-0.15082386136054993
2.013596296310425,9.999988555908203,-0.03610694408416748,-0.0005218336009420455,-0.07185415178537369,0.6468866467475891,0.014685899019241333
1.9983320236206055,9.999988555908203,-0.035482730716466904,-0.0005014523630961776,-0.018429912626743317,0.11439470946788788,0.03537358343601227
2.125441789627075,9.999988555908203,-0.03576545789837837,-0.00031691897311247885,0.042676448822021484,-0.5021077990531921,-0.07614358514547348
2.2461960315704346,9.999988555908203,-0.03603404760360718,0.00042388623114675283,0.42115122079849243,-4.293398857116699,-0.9511439204216003
2.360912561416626,9.999988555908203,-0.03628920763731003,0.001690514269284904,0.5900506973266602,-5.990167140960693,-1.9966455698013306
2.469893455505371,9.999988555908203,-0.036531608551740646,0.002808019518852234,0.5357463955879211,-5.454622268676758,-2.7141098976135254
2.57342529296875,9.999988555908203,-0.03676189109683037,0.003330511972308159,0.37548717856407166,-3.8580422401428223,-2.9514541625976562
2.6717803478240967,9.999988555908203,-0.036980658769607544,0.0031070075929164886,0.04669082537293434,-0.5740131735801697,-2.4581804275512695
2.7652177810668945,9.999988555908203,-0.037188488990068436,0.0023256095591932535,-0.16658447682857513,1.5565778017044067,-1.6251945495605469
2.8539834022521973,9.999988555908203,-0.03738592565059662,0.0013597899815067649,-0.2662489712238312,2.5519068241119385,-0.7585254311561584
2.9383106231689453,9.999988555908203,-0.03757349029183388,0.0005757072358392179,-0.22642090916633606,2.1521122455596924,-0.15462347865104675
3.0184214115142822,9.999988555908203,-0.03775167837738991,0.00020027701975777745,-0.09683819115161896,0.8538258075714111,0.05461058020591736
3.094526767730713,9.999988555908203,-0.03792095556855202,0.00026300211902707815,0.05619304999709129,-0.680091142654419,-0.09782607108354568
3.1668269634246826,9.999988555908203,-0.03808176890015602,0.0005705146468244493,0.12594223022460938,-1.3818259239196777,-0.3642316460609436
3.215092658996582,9.999988555908203,-0.038073666393756866,0.0009446336189284921,0.14620855450630188,-1.587531328201294,-0.618043065071106
3.2609450817108154,9.999988555908203,-0.038065969944000244,0.002482321811839938,0.8704769611358643,-8.83698558807373,-2.323317527770996
3.304504871368408,9.999988555908203,-0.03805865719914436,0.004416554234921932,0.9275525212287903,-9.415874481201172,-3.794888496398926
3.345886707305908,9.999988555908203,-0.03805170953273773,0.0055121793411672115,0.5783022046089172,-5.928775310516357,-4.2376298904418945
3.385199546813965,9.999988555908203,-0.03804510831832886,0.005320786498486996,0.06443370878696442,-0.7911385297775269,-3.5225484371185303
3.422546625137329,9.999988555908203,-0.038038838654756546,0.004030935000628233,-0.33949753642082214,3.250985622406006,-2.11716890335083
3.45802640914917,9.999988555908203,-0.038032881915569305,0.0022716957610100508,-0.5889244675636292,5.749863624572754,-0.48490917682647705
3.491732120513916,9.999988555908203,-0.03802722319960594,0.0007532846066169441,-0.5348256230354309,5.212838649749756,0.6972651481628418
3.5237526893615723,9.999988555908203,-0.03802184760570526,-3.292355904704891e-05,-0.30848413705825806,2.950974464416504,1.1648670434951782
3.5541720390319824,9.999988555908203,-0.03801674023270607,1.6163803593371995e-05,-0.03250192105770111,0.18984337151050568,0.9625682234764099
3.5830705165863037,9.999988555908203,-0.03801188990473747,0.0006954833515919745,0.2019568681716919,-2.158257484436035,0.3150562047958374
3.6105239391326904,9.999988555908203,-0.038007281720638275,0.0016138782957568765,0.29416152834892273,-3.084665060043335,-0.39032137393951416
3.6042561531066895,9.999988555908203,-0.0372866615653038,0.002370938891544938,0.2461966872215271,-2.604900360107422,-0.8498044013977051
3.598301887512207,9.999988555908203,-0.03660207241773605,0.004516676068305969,1.1770888566970825,-11.918832778930664,-3.1464176177978516
3.5926451683044434,9.999988555908203,-0.03595171123743057,0.007082341704517603,1.212822437286377,-12.282815933227539,-5.042046546936035
3.5872714519500732,9.999988555908203,-0.035333868116140366,0.008473554626107216,0.7053219676017761,-7.210361003875732,-5.491930961608887
3.5821661949157715,9.999988555908203,-0.0347469188272953,0.008069482631981373,0.23275724053382874,-2.480945110321045,-4.867208957672119
3.5773162841796875,9.999988555908203,-0.034189317375421524,0.006159641779959202,-0.5781761407852173,5.63741397857666,-2.687699556350708
3.57270884513855,9.999988555908203,-0.033659595996141434,0.003580220276489854,-0.7727454304695129,7.594398498535156,-0.5543596744537354
3.568331718444824,9.999988555908203,-0.03315635770559311,0.001419715234078467,-0.7796887755393982,7.673500061035156,1.1527647972106934
3.564173460006714,9.999988555908203,-0.032678283751010895,0.0003188517002854496,-0.43325915932655334,4.21497917175293,1.788116216659546
3.56022310256958,9.999988555908203,-0.03222411125898361,0.0004534786567091942,-0.018521912395954132,0.06887940317392349,1.4314073324203491
3.5564703941345215,9.999988555908203,-0.03179264813661575,0.0015121486503630877,0.31398189067840576,-3.258262872695923,0.45838987827301025
3.552905321121216,9.999988555908203,-0.03138275817036629,0.0029228536877781153,0.45390594005584717,-4.6609392166137695,-0.6037735939025879
3.503864288330078,9.999988555908203,-0.03213486075401306,0.004113072995096445,0.41425931453704834,-4.269596576690674,-1.3643622398376465
3.457275152206421,9.999988555908203,-0.03284935653209686,0.007336719427257776,1.755177617073059,-17.690690994262695,-4.751765251159668
3.413015604019165,9.999988555908203,-0.03352813050150871,0.011088192462921143,1.773879051208496,-17.89104652404785,-7.477916717529297
3.37096905708313,9.999988555908203,-0.034172963351011276,0.013042662292718887,1.0429067611694336,-10.588217735290527,-8.123245239257812
3.331024646759033,9.999988555908203,-0.03478555381298065,0.012242984026670456,0.09914438426494598,-1.1480958461761475,-6.676034927368164
3.2930774688720703,9.999988555908203,-0.035367514938116074,0.009400361217558384,-0.7725583910942078,7.578150749206543,-3.718562602996826
3.2570276260375977,9.999988555908203,-0.03592037782073021,0.005848276894539595,-1.114094614982605,11.004891395568848,-0.6637258529663086
3.222780466079712,9.999988555908203,-0.03644559904932976,0.003043551929295063,-0.9479508399963379,9.352232933044434,1.4143952131271362
3.1902456283569336,9.999988555908203,-0.03694455698132515,0.0018256384646520019,-0.45397433638572693,4.416051864624023,2.037181854248047
3.1593375205993652,9.999988555908203,-0.03741856664419174,0.0022591850720345974,0.11021346598863602,-1.2274887561798096,1.359824776649475
3.129974842071533,9.999988555908203,-0.03786887601017952,0.0038251630030572414,0.5298436880111694,-5.428932189941406,-0.04871320724487305
3.1020803451538086,9.999988555908203,-0.038296669721603394,0.005705313757061958,0.6800603866577148,-6.937093734741211,-1.4779212474822998
3.0249853134155273,9.999988555908203,-0.03714948147535324,0.007163732312619686,0.5705056190490723,-5.839096546173096,-2.382782459259033
2.95174503326416,9.999988555908203,-0.036059651523828506,0.010322860442101955,1.7089617252349854,-17.22650718688965,-5.462573528289795
2.882166862487793,9.999988555908203,-0.035024311393499374,0.013451178558170795,1.4686247110366821,-14.825944900512695,-7.405295372009277
2.816067695617676,9.999988555908203,-0.03404074162244797,0.014520983211696148,0.7820026874542236,-7.956770896911621,-7.519716262817383
2.7532734870910645,9.999988555908203,-0.033106349408626556,0.013229547068476677,-0.18443430960178375,1.7167656421661377,-5.6033220291137695
2.6936190128326416,9.999988555908203,-0.032218676060438156,0.01040482148528099,-0.7821809649467468,7.706989288330078,-2.8416852951049805
2.6369471549987793,9.999988555908203,-0.03137538582086563,0.007419809699058533,-0.9375007748603821,9.272696495056152,-0.3281813859939575
2.583108901977539,9.999988555908203,-0.030574260279536247,0.0054128896445035934,-0.6694937348365784,6.601970672607422,1.1096934080123901
2.5319626331329346,9.999988555908203,-0.029813190922141075,0.004888453055173159,-0.1885080486536026,1.7972149848937988,1.2523410320281982
2.4833736419677734,9.999988555908203,-0.02909017540514469,0.0057155657559633255,0.2838955223560333,-2.9253876209259033,0.38554179668426514
2.4372141361236572,9.999988555908203,-0.028403310105204582,0.007313670124858618,0.583558201789856,-5.9226250648498535,-0.9232829213142395
2.393362522125244,9.999988555908203,-0.027750788256525993,0.00895087793469429,0.6337718367576599,-6.425551891326904,-2.064899206161499
2.416809558868408,9.999988555908203,-0.026382576674222946,0.010068807750940323,0.4829947352409363,-4.9180378913879395,-2.6568713188171387
2.43908429145813,9.999988555908203,-0.025082776322960854,0.011964461766183376,1.0623525381088257,-10.713874816894531,-4.328546524047852
2.460245370864868,9.999988555908203,-0.02384796552360058,0.013377226889133453,0.6725524067878723,-6.817099571228027,-4.844873905181885
2.4803483486175537,9.999988555908203,-0.02267489582300186,0.013258842751383781,0.16224277019500732,-1.7115540504455566,-4.194769859313965
2.499446153640747,9.999988555908203,-0.02156047895550728,0.01198549848049879,-0.2919786274433136,2.8359365463256836,-2.736032009124756
2.5175890922546387,9.999988555908203,-0.02050178311765194,0.01025161799043417,-0.5073481798171997,4.99605131149292,-1.1317716836929321
2.534824848175049,9.999988555908203,-0.019496021792292595,0.008815569803118706,-0.44582441449165344,4.386474132537842,0.013159394264221191
2.551198959350586,9.999988555908203,-0.018540550023317337,0.008185620419681072,-0.19701611995697021,1.901975154876709,0.4050527811050415
2.5667543411254883,9.999988555908203,-0.017632851377129555,0.008418840356171131,0.09446361660957336,-1.0115033388137817,0.11114433407783508
2.5815317630767822,9.999988555908203,-0.016770537942647934,0.00926086027175188,0.3183439373970032,-3.250636577606201,-0.5863613486289978
2.5955703258514404,9.999988555908203,-0.015951339155435562,0.01029607281088829,0.408969908952713,-4.1578216552734375,-1.3273714780807495
2.6089069843292236,9.999988555908203,-0.015173100866377354,0.011133764870464802,0.36191827058792114,-3.6878106594085693,-1.817117691040039
2.5217721462249756,9.999988555908203,-0.015725549310445786,0.011537120677530766,0.22152079641819,-2.2839555740356445,-1.9139776229858398
2.4389941692352295,9.999988555908203,-0.016250375658273697,0.01065895613282919,-0.4216582179069519,4.150945663452148,-0.655621349811554
2.3603551387786865,9.999988555908203,-0.016748961061239243,0.009196235798299313,-0.5592486262321472,5.531239986419678,0.6280348300933838
2.2856481075286865,9.999988555908203,-0.01722261682152748,0.008199849165976048,-0.40197014808654785,3.961589813232422,1.3196841478347778
2.2146763801574707,9.999988555908203,-0.017672590911388397,0.008086002431809902,-0.08330761641263962,0.7760282754898071,1.2068859338760376
2.1472532749176025,9.999988555908203,-0.018100064247846603,0.008825331926345825,0.23501630127429962,-2.407975912094116,0.4568708539009094
2.0832011699676514,9.999988555908203,-0.018506165593862534,0.00999149214476347,0.41627514362335205,-4.222113132476807,-0.5139293670654297
2.0223517417907715,9.999988555908203,-0.018891960382461548,0.011101140640676022,0.43409866094589233,-4.401638031005859,-1.3205549716949463
1.964544653892517,9.999988555908203,-0.019258465617895126,0.011805628426373005,0.3142700493335724,-3.203723669052124,-1.7112767696380615
1.909627914428711,9.999988555908203,-0.01960664615035057,0.011953928507864475,0.1332443356513977,-1.39271080493927,-1.6451804637908936
1.8574570417404175,9.999988555908203,-0.019937418401241302,0.011645752936601639,-0.030935853719711304,0.25069379806518555,-1.251822590827942
1.8078947067260742,9.999988555908203,-0.020251650363206863,0.011095467023551464,-0.12842921912670135,1.2276183366775513,-0.7373857498168945
1.7386670112609863,9.999988555908203,-0.019765790551900864,0.010579121299088001,-0.1310463547706604,1.257702350616455,-0.32344290614128113
1.672900676727295,9.999988555908203,-0.019304223358631134,0.008710981346666813,-0.9519485235214233,9.472607612609863,1.7090513706207275
1.6104226112365723,9.999988555908203,-0.018865734338760376,0.006848580669611692,-0.7860454320907593,7.819034576416016,2.9767568111419678
1.5510685443878174,9.999988555908203,-0.018449170514941216,0.006405557040125132,-0.2698240280151367,2.6596858501434326,2.910970687866211
1.4946821928024292,9.999988555908203,-0.018053434789180756,0.007371614687144756,0.2506062388420105,-2.5440616607666016,1.7791552543640137
1.441115140914917,9.999988555908203,-0.017677485942840576,0.009152449667453766,0.5873298645019531,-5.911956787109375,0.18339574337005615
1.3902263641357422,9.999988555908203,-0.017320333048701286,0.010967249982059002,0.6554254293441772,-6.593573093414307,-1.2226965427398682
1.3418821096420288,9.999988555908203,-0.016981039196252823,0.012168687768280506,0.48772019147872925,-4.916311740875244,-1.9890515804290771
1.2959550619125366,9.999988555908203,-0.016658710315823555,0.012494876980781555,0.20632387697696686,-2.101018190383911,-2.012282609939575
1.2523243427276611,9.999988555908203,-0.016352497041225433,0.012057189829647541,-0.064409539103508,0.6085165143013,-1.4685165882110596
1.210875153541565,9.999988555908203,-0.01606159470975399,0.011175863444805145,-0.23889218270778656,2.355937957763672,-0.6750149726867676
1.171498417854309,9.999988555908203,-0.015785235911607742,0.01027579978108406,-0.27099090814590454,2.679375410079956,0.020957231521606445
1.130593180656433,9.999988555908203,-0.013343635015189648,0.009671208448708057,-0.18949609994888306,1.8689384460449219,0.4043782353401184
1.0917332172393799,9.999988555908203,-0.011024114675819874,0.008836074732244015,-0.406236469745636,4.040678024291992,1.1588413715362549
1.0548162460327148,9.999988555908203,-0.008820570074021816,0.008401383645832539,-0.18040165305137634,1.7858484983444214,1.288933515548706
1.019745111465454,9.999988555908203,-0.006727202795445919,0.008743394166231155,0.10981658101081848,-1.1139405965805054,0.7903828620910645
0.9864275455474854,9.999988555908203,-0.004738504067063332,0.009616958908736706,0.31824350357055664,-3.196592092514038,-0.036838650703430176
0.9547758102416992,9.999988555908203,-0.0028492403216660023,0.010598410852253437,0.3851958215236664,-3.864793300628662,-0.8310664892196655
0.9247066974639893,9.999988555908203,-0.0010544396936893463,0.011307691223919392,0.31581220030784607,-3.1695499420166016,-1.3162574768066406
0.8961410522460938,9.999988555908203,0.0006506209028884768,0.011566162109375,0.17249107360839844,-1.734690546989441,-1.4030745029449463
0.8690036535263062,9.999988555908203,0.0022704284638166428,0.011379672214388847,0.016878051683306694,-0.1766963005065918,-1.1486244201660156
0.8432231545448303,9.999988555908203,0.0038092455361038446,0.010906326584517956,-0.09188622236251831,0.9128767251968384,-0.7209020853042603
0.8187316656112671,9.999988555908203,0.005271121859550476,0.010389917530119419,-0.12236641347408295,1.21947181224823,-0.3183114230632782
0.7954647541046143,9.999988555908203,0.006659904029220343,0.01000430528074503,-0.09086229652166367,0.9059615731239319,-0.06429806351661682
0.7652832269668579,9.999988555908203,0.006951226852834225,0.009853118099272251,-0.0177129115909338,0.17490814626216888,-0.014667320996522903
0.7366107702255249,9.999988555908203,0.007227983791381121,0.009390348568558693,-0.20223377645015717,2.020742654800415,0.40764155983924866
0.7093719244003296,9.999988555908203,0.007490902673453093,0.00918364804238081,-0.044445499777793884,0.44325369596481323,0.41503041982650757
0.683495044708252,9.999988555908203,0.00774067547172308,0.009456571191549301,0.1333835870027542,-1.3350070714950562,0.051930904388427734
0.6589120030403137,9.999988555908203,0.00797795969992876,0.010008049197494984,0.2469037026166916,-2.470371961593628,-0.4713990092277527
0.6355580687522888,9.999988555908203,0.008203379809856415,0.010580132715404034,0.2716539204120636,-2.7180466651916504,-0.9375357031822205
0.6133718490600586,9.999988555908203,0.008417529053986073,0.010957862250506878,0.217603400349617,-2.1775896549224854,-1.1948233842849731
0.5922949314117432,9.999988555908203,0.008620970882475376,0.011035455390810966,0.12042859941720963,-1.2057147026062012,-1.1970832347869873
0.5722718834877014,9.999988555908203,0.00881424080580473,0.010862527415156364,0.031752265989780426,-0.31869447231292725,-1.0148342847824097
0.5532499551773071,9.999988555908203,0.008997847326099873,0.01054359506815672,-0.028549399226903915,0.28463849425315857,-0.7452184557914734
0.5351791381835938,9.999988555908203,0.009172273799777031,0.010208086110651493,-0.04376370087265968,0.4370821416378021,-0.49991360306739807
0.5180118680000305,9.999988555908203,0.009337978437542915,0.009966363199055195,-0.017831973731517792,0.1779940128326416,-0.3592606484889984
0.5042572617530823,9.999988555908203,0.010959044098854065,0.009878690354526043,0.0313865952193737,-0.3133208155632019,-0.3497290015220642
0.4911903738975525,9.999988555908203,0.01249905675649643,0.00850069522857666,-0.6625537872314453,6.6274943351745605,1.097912311553955
0.47877684235572815,9.999988555908203,0.01396206859499216,0.0073750317096710205,-0.39294174313545227,3.9325666427612305,1.686049222946167
0.46698400378227234,9.999988555908203,0.01535192970186472,0.007508211303502321,0.07170402258634567,-0.713376522064209,1.1882140636444092
0.4557808041572571,9.999988555908203,0.016672296449542046,0.008681516163051128,0.46760329604148865,-4.6723856925964355,-0.027748942375183105
0.44513776898384094,9.999988555908203,0.017926644533872604,0.0102580850943923,0.6551141142845154,-6.547719955444336,-1.3805190324783325
0.4350268840789795,9.999988555908203,0.019118275493383408,0.011605478823184967,0.6203144788742065,-6.199869632720947,-2.3804426193237305
0.4254215359687805,9.999988555908203,0.02025032602250576,0.012301947921514511,0.4259190857410431,-4.255804538726807,-2.7695446014404297
0.41629645228385925,9.999988555908203,0.021325772628188133,0.012265175580978394,0.1794576644897461,-1.7908027172088623,-2.566474199295044
0.4076276123523712,9.999988555908203,0.022347448393702507,0.011679941788315773,-0.02123992145061493,0.21674734354019165,-1.9890086650848389
0.3993922173976898,9.999988555908203,0.023318039253354073,0.01088035386055708,-0.1170547753572464,1.1755139827728271,-1.332430362701416
0.3915686011314392,9.999988555908203,0.024240100756287575,0.010184981860220432,-0.1036156713962555,1.0416591167449951,-0.8398519158363342
0.40080487728118896,9.999988555908203,0.029667528346180916,0.009808788076043129,-0.006684566382318735,0.07480506598949432,-0.6500779986381531
0.409579336643219,9.999988555908203,0.03482358157634735,0.0051775239408016205,-2.5772581100463867,25.78469467163086,4.834634780883789
0.41791507601737976,9.999988555908203,0.039721835404634476,-0.0003987426753155887,-2.5231850147247314,25.24858856201172,9.07014274597168
0.4258340299129486,9.999988555908203,0.04437517374753952,-0.003026790451258421,-1.4467411041259766,14.487580299377441,10.194158554077148
0.43335703015327454,9.999988555908203,0.04879584535956383,-0.001613094937056303,0.054309651255607605,-0.52125084400177,7.970914840698242
0.440503865480423,9.999988555908203,0.052995484322309494,0.0029205193277448416,1.2809202671051025,-12.787129402160645,3.664015531539917
0.44729337096214294,9.999988555908203,0.05698513984680176,0.008725154213607311,1.896730661392212,-18.94569969177246,-1.0270705223083496
0.4537433981895447,9.999988555908203,0.06077531352639198,0.013552661053836346,1.7145330905914307,-17.123884201049805,-4.366853713989258
0.45987093448638916,9.999988555908203,0.06437597423791885,0.01607632078230381,1.0267837047576904,-10.245613098144531,-5.58658504486084
0.46569207310676575,9.999988555908203,0.06779660284519196,0.016113894060254097,0.20465226471424103,-2.0224521160125732,-4.847095489501953
0.4712221622467041,9.999988555908203,0.07104620337486267,0.01439809799194336,-0.42597052454948425,4.286394119262695,-2.9520699977874756
0.4764757454395294,9.999988555908203,0.07413332164287567,0.012087100185453892,-0.6872673034667969,6.902228832244873,-0.9074903726577759
1.6189056634902954,9.999988555908203,0.08480226248502731,0.010238385759294033,-0.5792608261108398,5.913313388824463,0.5076966881752014
2.704214096069336,9.999988555908203,0.0949377566576004,0.0021771108731627464,-4.472624778747559,44.9770393371582,9.73423957824707
3.735257148742676,9.999988555908203,0.10456646978855133,-0.006267978344112635,-3.9785897731781006,40.19984436035156,16.055274963378906
4.714747905731201,9.999988555908203,0.11371374875307083,-0.008056399412453175,-1.3636786937713623,14.21088695526123,15.672599792480469
5.645264148712158,9.999988555908203,0.12240366637706757,-0.0023603644222021103,1.5045604705810547,-14.341261863708496,9.445294380187988
6.52925443649292,9.999988555908203,0.1306590884923935,0.008097491227090359,3.43790602684021,-33.57878494262695,0.51861572265625
7.369045257568359,9.999988555908203,0.13850173354148865,0.01918126456439495,3.9455127716064453,-38.5758056640625,-7.592734336853027
8.16684627532959,9.999988555908203,0.1459522396326065,0.027096254751086235,3.1317296028137207,-30.346582412719727,-12.313725471496582
8.924757957458496,9.999988555908203,0.15303021669387817,0.030118538066744804,1.5665420293807983,-14.568445205688477,-12.781537055969238
9.644774436950684,9.999988555908203,0.15975430607795715,0.02861621044576168,-0.007960904389619827,1.3444063663482666,-9.850671768188477
10.328789710998535,9.999988555908203,0.16614218056201935,0.02451259084045887,-1.0123496055603027,11.586346626281738,-5.402897834777832
10.978604316711426,9.999988555908203,0.1722106635570526,0.020204627886414528,-1.2168149948120117,13.836949348449707,-1.4109954833984375
48.28578186035156,9.999988555908203,0.18399526178836823,0.01759813167154789,-0.7312812805175781,15.347419738769531,2.0660572052001953
83.72760009765625,9.999988555908203,0.19519062340259552,0.022463038563728333,2.789607048034668,-13.433972358703613,-1.1499042510986328
117.39732360839844,9.999988555908203,0.20582622289657593,0.0321602001786232,4.0435709953308105,-20.04773712158203,-5.070845603942871
149.38356018066406,9.999988555908203,0.2159300446510315,0.042258866131305695,4.1609086990356445,-15.66541862487793,-7.269018173217773
179.77049255371094,9.999988555908203,0.22552867233753204,0.0511152446269989,3.726785182952881,-5.913423538208008,-6.987758159637451
208.63807678222656,9.999988555908203,0.23464736342430115,0.03983534127473831,-5.003131866455078,90.67646789550781,13.275712966918945
236.06228637695312,9.999988555908203,0.2433101236820221,0.02677159570157528,-4.744222164154053,98.55874633789062,30.970321655273438
262.1152648925781,9.999988555908203,0.25153976678848267,0.01592414453625679,-4.406564712524414,105.82405090332031,46.50104904174805
286.8656005859375,9.999988555908203,0.25935789942741394,0.006789191160351038,-4.13363790512085,113.78961181640625,60.46215057373047
310.37841796875,9.999988555908203,0.2667851448059082,-0.001353234052658081,-4.148951530456543,124.71383666992188,73.79315185546875
332.7156066894531,9.999988555908203,0.2738410234451294,-0.00778514938428998,-3.8069674968719482,131.77105712890625,85.82247161865234
353.9359436035156,9.999988555908203,0.28054410219192505,-0.012608862482011318,-3.415558099746704,137.91290283203125,96.6302490234375
381.1891784667969,9.999988555908203,0.2847062647342682,-0.016353676095604897,-3.343204975128174,148.1927947998047,107.32850646972656
407.07977294921875,9.999988555908203,0.28866031765937805,-0.01927291229367256,-3.5663368701934814,161.0167236328125,118.46778869628906
431.6758117675781,9.999988555908203,0.29241666197776794,-0.022374944761395454,-3.6803457736968994,172.69134521484375,129.71815490722656
455.04205322265625,9.999988555908203,0.2959851920604706,-0.025098390877246857,-3.8963637351989746,185.07012939453125,141.20263671875
477.239990234375,9.999988555908203,0.2993752956390381,-0.028101595118641853,-3.9923079013824463,196.20809936523438,152.615234375
498.3280334472656,9.999988555908203,0.3025958836078644,-0.030328769236803055,-3.8883326053619385,204.7889862060547,163.4403076171875
518.3616943359375,9.999988555908203,0.30565544962882996,-0.03176276013255119,-3.822909116744995,213.1337127685547,173.75074768066406
537.3936767578125,9.999988555908203,0.3085620403289795,-0.03235108032822609,-3.707655906677246,220.28106689453125,183.4049072265625
555.4740600585938,9.999988555908203,0.3113233149051666,-0.03241150081157684,-3.626608371734619,227.20179748535156,192.491943359375
572.6504516601562,9.999988555908203,0.31394651532173157,-0.032202739268541336,-3.5087461471557617,233.30995178222656,200.96090698242188
588.968017578125,9.999988555908203,0.31643855571746826,-0.03179590031504631,-3.417271375656128,239.27163696289062,208.90966796875
604.4696655273438,9.999988555908203,0.318805992603302,-0.0310322605073452,-3.51946759223938,246.6612548828125,216.74241638183594
616.398681640625,9.999985694885254,0.3175501823425293,-0.030063021928071976,-3.2360284328460693,246.62857055664062,222.9432373046875
627.7312622070312,9.999983787536621,0.31635716557502747,-0.02890671417117119,-3.224839210510254,248.98126220703125,228.34564208984375
638.4971923828125,9.999981880187988,0.3152238130569458,-0.027586529031395912,-3.0902152061462402,249.78553771972656,232.79400634765625
648.724853515625,9.999979972839355,0.31414711475372314,-0.025965755805373192,-3.144068717956543,252.08029174804688,236.79554748535156
658.4411010742188,9.999978065490723,0.31312423944473267,-0.024051347747445107,-2.933145523071289,251.34164428710938,239.8135986328125
667.6715698242188,9.99997615814209,0.31215253472328186,-0.021876133978366852,-3.0150320529937744,253.17169189453125,242.5851593017578
676.4404907226562,9.999974250793457,0.311229407787323,-0.0194399431347847,-2.723341464996338,250.91146850585938,244.31271362304688
684.77099609375,9.999972343444824,0.3103524446487427,-0.016742568463087082,-2.5659961700439453,249.6450653076172,245.41909790039062
692.6849365234375,9.999970436096191,0.30951932072639465,-0.013873477466404438,-2.5692973136901855,249.7022247314453,246.3077850341797
700.2031860351562,9.999968528747559,0.30872786045074463,-0.01073200162500143,-2.6316468715667725,250.00320434570312,247.07452392578125
707.3455200195312,9.999967575073242,0.3079759478569031,-0.007388780824840069,-2.457840919494629,247.650146484375,247.1939697265625
714.1307373046875,9.999966621398926,0.3072616457939148,-0.004261717200279236,-2.546642780303955,247.93475341796875,247.34768676757812
712.21337890625,9.999967575073242,0.3048708140850067,-0.0009458172135055065,-2.416419744491577,241.97080993652344,246.2321014404297
710.3919067382812,9.999968528747559,0.30259954929351807,0.0024769750889390707,-2.3331098556518555,236.53567504882812,244.2202911376953
708.6614990234375,9.999969482421875,0.30044183135032654,0.006091617047786713,-2.1924726963043213,230.51931762695312,241.37759399414062
707.017578125,9.999969482421875,0.29839199781417847,0.009875486604869366,-2.071396589279175,224.7001495361328,237.9173583984375
705.4558715820312,9.999969482421875,0.2964446544647217,0.013877591118216515,-2.1256344318389893,220.59487915039062,234.32327270507812
703.9722290039062,9.999969482421875,0.2945946753025055,0.01807328686118126,-1.9297459125518799,213.9607696533203,230.09844970703125
702.5628051757812,9.999969482421875,0.2928372025489807,0.0224418044090271,-1.9018443822860718,208.98812866210938,225.71847534179688
701.2238159179688,9.999969482421875,0.29116761684417725,0.02703549899160862,-1.8518340587615967,203.7340087890625,221.15711975097656
699.9517822265625,9.999969482421875,0.2895815074443817,0.031751520931720734,-1.7488079071044922,197.9565887451172,216.3434600830078
698.7433471679688,9.999969482421875,0.28807470202445984,0.03664290904998779,-1.6930336952209473,192.6165771484375,211.42059326171875
697.5953369140625,9.999969482421875,0.28664323687553406,0.0417034737765789,-1.6078630685806274,186.94741821289062,206.34288024902344
696.5047607421875,9.999969482421875,0.28528332710266113,0.04689548537135124,-1.5507503747940063,181.5457305908203,201.19793701171875
678.9237060546875,9.999970436096191,0.2842482328414917,0.052267856895923615,-1.4824270009994507,172.32119750976562,195.20657348632812
662.2217407226562,9.999971389770508,0.2832648754119873,0.057957544922828674,-1.2455790042877197,161.65916442871094,188.24612426757812
646.3548583984375,9.999972343444824,0.2823306918144226,0.06397868692874908,-1.1632475852966309,152.76531982421875,180.884521484375
631.2813110351562,9.99997329711914,0.2814432382583618,0.07029251009225845,-1.1374400854110718,144.66989135742188,173.3706817626953
616.96142578125,9.999974250793457,0.2806001305580139,0.0768597349524498,-1.0454292297363281,136.1542205810547,165.64898681640625
603.3575439453125,9.999975204467773,0.2797991931438446,0.0833653137087822,-0.9590694308280945,128.11053466796875,157.8604736328125
590.433837890625,9.99997615814209,0.27903831005096436,0.08957526832818985,-0.8777732849121094,120.64310455322266,150.13858032226562
578.1563110351562,9.999977111816406,0.2783154547214508,0.09554573893547058,-0.847925066947937,114.14869689941406,142.67137145996094
566.49267578125,9.999978065490723,0.27762874960899353,0.1012006625533104,-0.7803406715393066,107.74860382080078,135.42556762695312
555.4122314453125,9.999979019165039,0.2769763767719269,0.10657546669244766,-0.7840451598167419,102.48318481445312,128.5906524658203
544.8858032226562,9.999979972839355,0.27635663747787476,0.11155316233634949,-0.7223342061042786,97.02239990234375,122.04084014892578
534.8856811523438,9.999980926513672,0.27576786279678345,0.11620208621025085,-0.7373420596122742,92.72285461425781,115.95791625976562
512.5574951171875,9.999981880187988,0.27564913034439087,0.12057993561029434,-0.7229703068733215,86.7115707397461,109.88986206054688
491.345703125,9.999982833862305,0.27553632855415344,0.1246524453163147,-0.7130749225616455,81.26688385009766,103.95114135742188
471.1944885253906,9.999983787536621,0.2754291892051697,0.1283479779958725,-0.5704953670501709,75.00880432128906,97.94615936279297
452.05084228515625,9.999984741210938,0.2753273844718933,0.13166892528533936,-0.724837064743042,72.18928527832031,92.60210418701172
433.8643798828125,9.999985694885254,0.27523067593574524,0.13468581438064575,-0.7476363778114319,68.45376586914062,87.59178924560547
416.58721923828125,9.99998664855957,0.275138795375824,0.13734392821788788,-0.7672680616378784,65.07624816894531,82.92024230957031
400.1739196777344,9.999987602233887,0.2750515341758728,0.13974730670452118,-0.8066743016242981,62.21195602416992,78.62367248535156
384.581298828125,9.999988555908203,0.27496862411499023,0.14181441068649292,-0.8285959959030151,59.494571685791016,74.65474700927734
369.768310546875,9.999988555908203,0.27488985657691956,0.14357002079486847,-0.8621836304664612,57.17974090576172,71.02901458740234
355.6959533691406,9.999988555908203,0.27481502294540405,0.1450163722038269,-0.8788685202598572,54.95752716064453,67.69448852539062
342.3272399902344,9.999988555908203,0.2747439444065094,0.14617235958576202,-0.9184616804122925,53.19816589355469,64.68677520751953
329.626953125,9.999988555908203,0.2746764123439789,0.1470891833305359,-0.9643694162368774,51.69987487792969,61.99224090576172
321.16571044921875,9.999988555908203,0.27342498302459717,0.1477639526128769,-1.0310451984405518,50.668453216552734,59.64277267456055
313.1275329589844,9.999988555908203,0.2722361385822296,0.14799410104751587,-1.1597689390182495,50.501277923583984,57.74608612060547
305.49127197265625,9.999988555908203,0.2711067199707031,0.1478842943906784,-1.1951960325241089,49.59532165527344,56.054962158203125
298.23681640625,9.999988555908203,0.2700337767601013,0.14757031202316284,-1.2285484075546265,48.8085823059082,54.55147933959961
291.3450927734375,9.999988555908203,0.26901447772979736,0.14712190628051758,-1.2864222526550293,48.377010345458984,53.2703971862793
284.7979431152344,9.999988555908203,0.26804614067077637,0.146476149559021,-1.314046025276184,47.763328552246094,52.127784729003906
278.5781555175781,9.999988555908203,0.2671262323856354,0.14563104510307312,-1.3726781606674194,47.572669982910156,51.18268585205078
272.6693420410156,9.999988555908203,0.2662523090839386,0.14456531405448914,-1.4116078615188599,47.2963752746582,50.37635040283203
267.05596923828125,9.999988555908203,0.26542210578918457,0.14333589375019073,-1.464095115661621,47.24478530883789,49.72661209106445
261.7232971191406,9.999988555908203,0.2646333873271942,0.14191976189613342,-1.503388524055481,47.150882720947266,49.19219970703125
256.6572570800781,9.999988555908203,0.26388412714004517,0.1403457671403885,-1.5527355670928955,47.234352111816406,48.785987854003906
251.84449768066406,9.999988555908203,0.26317232847213745,0.13858748972415924,-1.586058259010315,47.236572265625,48.46451187133789
250.58477783203125,9.999988555908203,0.2623867392539978,0.13666123151779175,-1.6330620050430298,47.83549880981445,48.334007263183594
249.38804626464844,9.999988555908203,0.26164042949676514,0.1345798224210739,-1.6691709756851196,48.37908935546875,48.34336471557617
248.2511444091797,9.999988555908203,0.26093143224716187,0.1323772370815277,-1.7597131729125977,49.51083755493164,48.585594177246094
247.17108154296875,9.999988555908203,0.26025786995887756,0.13002276420593262,-1.7897369861602783,50.087703704833984,48.897254943847656
246.14503479003906,9.999988555908203,0.25961798429489136,0.12758217751979828,-1.8387670516967773,50.88760757446289,49.310218811035156
245.1702880859375,9.999988555908203,0.25901010632514954,0.12500987946987152,-1.880990743637085,51.662757873535156,49.7983283996582
244.24427795410156,9.999988555908203,0.25843262672424316,0.12230981886386871,-1.928162693977356,52.5288200378418,50.36485290527344
243.36456298828125,9.999988555908203,0.25788402557373047,0.11955314129590988,-1.973578929901123,53.40060043334961,50.994712829589844
242.52883911132812,9.999988555908203,0.25736284255981445,0.11666785180568695,-2.0209741592407227,54.332313537597656,51.68720245361328
241.73489379882812,9.999988555908203,0.2568677067756653,0.11366479098796844,-2.0644888877868652,55.26200866699219,52.42890930175781
240.98065185546875,9.999988555908203,0.2563973367214203,0.1105998232960701,-2.1095659732818604,56.230018615722656,53.217567443847656
240.2641143798828,9.999988555908203,0.2559504806995392,0.10748053342103958,-2.152953863143921,57.201515197753906,54.044158935546875
246.577392578125,9.999988555908203,0.2565823197364807,0.1042804941534996,-2.195760726928711,59.51176452636719,55.178585052490234
252.57501220703125,9.999988555908203,0.2571825683116913,0.10117211937904358,-2.2845306396484375,62.2496223449707,56.645694732666016
258.27276611328125,9.999988555908203,0.25775280594825745,0.09815660864114761,-2.2804412841796875,64.02374267578125,58.1765022277832
263.68560791015625,9.999988555908203,0.2582945227622986,0.09490703791379929,-2.434939384460449,67.43229675292969,60.09690475463867
268.82781982421875,9.999988555908203,0.2588091492652893,0.09163451194763184,-2.4287405014038086,69.22856903076172,61.991554260253906
273.7129211425781,9.999988555908203,0.25929805636405945,0.08835459500551224,-2.471729040145874,71.50669860839844,63.96576690673828
278.353759765625,9.999988555908203,0.2597625255584717,0.08505026251077652,-2.534240484237671,73.97419738769531,66.04232788085938
282.7625732421875,9.999988555908203,0.2602037489414215,0.08173053711652756,-2.6259734630584717,76.72525024414062,68.25883483886719
286.950927734375,9.999988555908203,0.26062291860580444,0.0784107968211174,-2.5388801097869873,77.6747055053711,70.21244812011719
290.92987060546875,9.999988555908203,0.26102113723754883,0.07506147772073746,-2.572517156600952,79.82636260986328,72.2071533203125
294.7098388671875,9.999988555908203,0.26139944791793823,0.07176852226257324,-2.623753547668457,82.12360382080078,74.26463317871094
298.30084228515625,9.999988555908203,0.26175883412361145,0.06845565140247345,-2.6523306369781494,84.18577575683594,76.32308959960938
310.3385009765625,9.999988555908203,0.2627140283584595,0.0651431754231453,-2.692391872406006,88.23773193359375,78.79515838623047
321.7742614746094,9.999988555908203,0.26362144947052,0.062192656099796295,-2.575653314590454,90.57110595703125,81.23844909667969
332.63824462890625,9.999988555908203,0.2644834816455841,0.059443388134241104,-2.564819812774658,93.85234832763672,83.85559844970703
342.9590148925781,9.999988555908203,0.2653024196624756,0.05687950178980827,-2.598520278930664,97.46568298339844,86.67943572998047
352.7637634277344,9.999988555908203,0.26608040928840637,0.05435273051261902,-2.623121500015259,100.92103576660156,89.63429260253906
362.0782775878906,9.999988555908203,0.2668195068836212,0.051940884441137314,-2.6496782302856445,104.29962921142578,92.67707061767578
370.92706298828125,9.999988555908203,0.2675216495990753,0.04962014779448509,-2.672753095626831,107.55306243896484,95.76355743408203
379.3334045410156,9.999988555908203,0.2681886851787567,0.04736170917749405,-2.6943607330322266,110.71063232421875,98.86479187011719
387.3194274902344,9.999988555908203,0.2688223719596863,0.04529199004173279,-2.7201292514801025,113.77892303466797,101.95919036865234
394.9061584472656,9.999988555908203,0.2694243788719177,0.043289683759212494,-2.726836919784546,116.5703125,104.99072265625
402.1135559082031,9.999988555908203,0.2699962854385376,0.04151498153805733,-2.7649176120758057,119.52458190917969,108.0062255859375
408.9605712890625,9.999988555908203,0.2705395817756653,0.03981277719140053,-2.738924741744995,121.74738311767578,110.85726165771484
421.3492431640625,9.999988555908203,0.27158817648887634,0.03827006369829178,-2.767146348953247,125.97984313964844,113.99491882324219
433.11846923828125,9.999988555908203,0.27258434891700745,0.037127528339624405,-2.623701333999634,128.21768188476562,116.94586944580078
444.29925537109375,9.999988555908203,0.2735306918621063,0.03629764914512634,-2.6192448139190674,131.59487915039062,119.98526000976562
454.9209899902344,9.999988555908203,0.2744297385215759,0.03567233309149742,-2.6114232540130615,134.72994995117188,123.04450225830078
465.0116271972656,9.999988555908203,0.2752838134765625,0.03522706776857376,-2.6234891414642334,137.86404418945312,126.11927795410156
474.5977478027344,9.999988555908203,0.2760951817035675,0.03496880084276199,-2.624701499938965,140.68502807617188,129.1414031982422
483.7045593261719,9.999988555908203,0.27686598896980286,0.03485938534140587,-2.6127772331237793,143.18743896484375,132.05569458007812
492.35601806640625,9.999988555908203,0.2775982618331909,0.03488137945532799,-2.6038057804107666,145.5411376953125,134.85366821289062
500.5749206542969,9.999988555908203,0.2782939076423645,0.03516027703881264,-2.5931620597839355,147.63818359375,137.5062255859375
508.38287353515625,9.999988555908203,0.27895477414131165,0.03550327569246292,-2.509708881378174,148.86363220214844,139.8626708984375
515.8004150390625,9.999988555908203,0.27958258986473083,0.036140862852334976,-2.694568395614624,152.51300048828125,142.4873809814453
522.8471069335938,9.999988555908203,0.2801790237426758,0.036579910665750504,-2.6381099224090576,153.7461700439453,144.8233642578125
527.6209106445312,9.999988555908203,0.28079113364219666,0.03729809820652008,-2.616008996963501,154.632080078125,146.85848999023438
532.156005859375,9.999988555908203,0.28137266635894775,0.03844504803419113,-2.4616758823394775,153.89212036132812,148.31784057617188
536.46435546875,9.999988555908203,0.28192511200904846,0.03989560529589653,-2.408437490463257,153.92454528808594,149.4811248779297
540.5573120117188,9.999988555908203,0.2824499309062958,0.04153905063867569,-2.3844244480133057,154.0703582763672,150.4333038330078
544.445556640625,9.999988555908203,0.2829485237598419,0.04325888305902481,-2.3931047916412354,154.42898559570312,151.26234436035156
548.139404296875,9.999988555908203,0.28342217206954956,0.045177482068538666,-2.339355230331421,153.9848175048828,151.82720947265625
551.6485595703125,9.999988555908203,0.283872127532959,0.04703795909881592,-2.3222389221191406,153.87159729003906,152.2513885498047
554.9822387695312,9.999988555908203,0.2842995822429657,0.04908457770943642,-2.265699863433838,153.19711303710938,152.44761657714844
558.1492309570312,9.999988555908203,0.28470566868782043,0.0512222982943058,-2.209507465362549,152.4136199951172,152.44056701660156
561.1578979492188,9.999988555908203,0.28509145975112915,0.053403645753860474,-2.256519079208374,152.57861328125,152.46920776367188
564.01611328125,9.999988555908203,0.285457968711853,0.05561619997024536,-2.1837565898895264,151.4720001220703,152.26231384277344
566.7314453125,9.999988555908203,0.28580614924430847,0.057937104254961014,-2.1036393642425537,150.17691040039062,151.8296356201172
560.6472778320312,9.999988555908203,0.28486552834510803,0.06028098240494728,-1.9538295269012451,145.45098876953125,150.50619506835938
554.8673706054688,9.999988555908203,0.2839719355106354,0.06277206540107727,-2.07666015625,143.503173828125,149.05320739746094
549.37646484375,9.999988555908203,0.2831230163574219,0.0652758851647377,-2.0300114154815674,139.9801788330078,147.1707305908203
544.1600952148438,9.999988555908203,0.28231653571128845,0.06777489185333252,-2.034243106842041,137.08740234375,145.07864379882812
539.2045288085938,9.999988555908203,0.2815503776073456,0.07020782679319382,-2.0297775268554688,134.25460815429688,142.83287048339844
534.4967651367188,9.999988555908203,0.2808225452899933,0.07261648774147034,-2.0079524517059326,131.36495971679688,140.45350646972656
530.0243530273438,9.999988555908203,0.28013110160827637,0.07485593110322952,-1.995736002922058,128.7581787109375,138.02696228027344
525.7755737304688,9.999988555908203,0.2794742286205292,0.07702755928039551,-1.962674856185913,126.0682373046875,135.54576110839844
521.7392578125,9.999988555908203,0.2788501977920532,0.07911060005426407,-1.9491426944732666,123.70339965820312,133.0886993408203
517.9047241210938,9.999988555908203,0.2782573699951172,0.08112554252147675,-1.930424690246582,121.39972686767578,130.66346740722656
514.261962890625,9.999988555908203,0.2776941657066345,0.0830816850066185,-1.9129300117492676,119.21107482910156,128.28732299804688
510.80133056640625,9.999988555908203,0.2771591246128082,0.0848996564745903,-1.882776141166687,117.03413391113281,125.95249938964844
502.3493347167969,9.999988555908203,0.2746383845806122,0.08663351833820343,-1.8714195489883423,113.15829467773438,123.2979507446289
494.3199462890625,9.999988555908203,0.2722436785697937,0.08824189007282257,-1.893162727355957,109.88735961914062,120.51551055908203
486.6920166015625,9.999988555908203,0.269968718290329,0.08970516920089722,-1.8780543804168701,106.51335144042969,117.6103286743164
479.44549560546875,9.999988555908203,0.2678075134754181,0.09109273552894592,-1.854933500289917,103.27442169189453,114.63591003417969
472.561279296875,9.999988555908203,0.2657543420791626,0.09228493273258209,-1.8380295038223267,100.3552017211914,111.67294311523438
466.0212707519531,9.999988555908203,0.2638038396835327,0.0933709666132927,-1.8231971263885498,97.65728759765625,108.76496124267578
459.80828857421875,9.999988555908203,0.26195085048675537,0.09431204944849014,-1.8155744075775146,95.23743438720703,105.95825958251953
453.90594482421875,9.999988555908203,0.26019054651260376,0.09513267874717712,-1.8136403560638428,93.05712890625,103.28152465820312
448.2987060546875,9.999988555908203,0.258518248796463,0.0957954004406929,-1.789310097694397,90.8415298461914,100.70046997070312
442.9718322753906,9.999988555908203,0.25692954659461975,0.09631764888763428,-1.7923580408096313,89.07010650634766,98.28739166259766
437.91131591796875,9.999988555908203,0.2554202973842621,0.09683405607938766,-1.7882214784622192,87.32890319824219,96.01371765136719
433.10382080078125,9.999988555908203,0.25398650765419006,0.09710558503866196,-1.760912299156189,85.55482482910156,93.84369659423828
425.2936096191406,9.999988555908203,0.2510746419429779,0.09730080515146255,-1.7772223949432373,83.17123413085938,91.62936401367188
417.8739013671875,9.999988555908203,0.24830839037895203,0.09700662642717361,-1.9503450393676758,82.7284927368164,89.78260040283203
410.8251647949219,9.999988555908203,0.24568045139312744,0.09638162702322006,-1.983559012413025,81.17127990722656,87.99591827392578
404.1288757324219,9.999988555908203,0.2431839108467102,0.09562007337808609,-1.9767438173294067,79.40222930908203,86.212890625
397.76739501953125,9.999988555908203,0.24081218242645264,0.09467165172100067,-1.9929592609405518,78.05950927734375,84.52122497558594
391.7239990234375,9.999988555908203,0.2385590374469757,0.0936349555850029,-1.966691493988037,76.4371337890625,82.84393310546875
385.9827575683594,9.999988555908203,0.23641857504844666,0.09253784269094467,-2.0192956924438477,75.7284164428711,81.36759948730469
380.5285949707031,9.999988555908203,0.23438513278961182,0.09124287962913513,-2.0669851303100586,75.1395492553711,80.07540130615234
375.3471374511719,9.999988555908203,0.2324533462524414,0.0898846834897995,-2.026716709136963,73.7798843383789,78.76920318603516
370.42474365234375,9.999988555908203,0.23061814904212952,0.0884634330868721,-1.9250812530517578,71.90841674804688,77.3457260131836
365.74847412109375,9.999988555908203,0.22887471318244934,0.08697580546140671,-1.9587258100509644,71.48654174804688,76.13005828857422
361.3060302734375,9.999988555908203,0.22721844911575317,0.085319384932518,-2.0653388500213623,71.92234802246094,75.25704193115234
362.9013671875,9.999988555908203,0.2271927446126938,0.08364522457122803,-1.9337654113769531,71.43122100830078,74.4632568359375
364.41693115234375,9.999988555908203,0.22716832160949707,0.08135559409856796,-2.3700735569000244,76.83733367919922,74.9558334350586
365.8567199707031,9.999988555908203,0.22714512050151825,0.07861550897359848,-2.4140803813934326,78.48133850097656,75.68730926513672
367.2245178222656,9.999988555908203,0.22712308168411255,0.0758267268538475,-2.4467458724975586,80.02716064453125,76.58775329589844
368.52392578125,9.999988555908203,0.2271021455526352,0.07315625250339508,-2.4616856575012207,81.34957885742188,77.57574462890625
369.75836181640625,9.999988555908203,0.2270822525024414,0.07034296542406082,-2.468295097351074,82.63858795166016,78.62619018554688
