Time,Target Motor Position,Motor Position,Motor Velocity,Motor Applied Torque,Motor calculated Torque,Ankle Position,Ankle Velocity,Ankle Applied Torque,Ankle Calculated Torque,Kp,Kd
0.0,0.0,-1.037333774434046e-07,1.3382954193730257e-06,0.0,0.0,9.439190762350336e-08,-3.031298774658353e-06,0.0,0.0,1000.0,5.0
0.004166666666666667,0.0,-1.037333774434046e-07,2.0976209270884283e-05,8.996278484119102e-05,8.996278484119102e-05,9.439190762350336e-08,-2.454363766446477e-06,0.00010436898446641862,0.00010436898446641862,1000.0,5.0
0.008333333333333333,0.0,-1.037333774434046e-07,2.0907409634673968e-05,5.498753125721123e-06,5.498753125721123e-06,9.439190762350336e-08,-9.98648147287895e-07,7.552224269602448e-05,7.552224269602448e-05,1000.0,5.0
0.0125,0.0,-1.037333774434046e-07,2.0743651475640945e-05,-3.4391482017781527e-07,-3.4391482017781527e-07,9.439190762350336e-08,-9.031450076690817e-07,2.7364549168851227e-06,2.7364549168851227e-06,1000.0,5.0
0.016666666666666666,0.0,-1.037333774434046e-07,2.0745128495036624e-05,-1.1071192851375145e-08,-1.1071192851375145e-08,9.439190762350336e-08,-9.092320283343724e-07,-2.0387051336001605e-06,-2.0387051336001605e-06,1000.0,5.0
0.020833333333333332,0.0,-1.037333774434046e-07,2.074532676488161e-05,6.363076288096181e-09,6.363076288096181e-09,9.439190762350336e-08,-9.095113568946545e-07,-1.7343518265988678e-06,-1.7343518265988678e-06,1000.0,5.0
0.024999999999999998,0.0,-1.037333774434046e-07,2.0745361325680278e-05,6.7158589800442314e-09,6.7158589800442314e-09,9.439190762350336e-08,-9.095221003008191e-07,-1.7203856259584427e-06,-1.7203856259584427e-06,1000.0,5.0
0.029166666666666664,0.0,-1.037333774434046e-07,2.0745355868712068e-05,6.58139587272899e-09,6.58139587272899e-09,9.439190762350336e-08,-9.095194855035516e-07,-1.7198472050949931e-06,-1.7198472050949931e-06,1000.0,5.0
0.03333333333333333,0.0,-1.037333774434046e-07,2.0745355868712068e-05,6.596881263476462e-09,6.596881263476462e-09,9.439190762350336e-08,-9.0951806441808e-07,-1.7199781723320484e-06,-1.7199781723320484e-06,1000.0,5.0
0.0375,0.0,-1.037333774434046e-07,2.074535768770147e-05,6.59801102642632e-09,6.59801102642632e-09,9.439190762350336e-08,-9.095194286601327e-07,-1.7200509319081903e-06,-1.7200509319081903e-06,1000.0,5.0
0.041666666666666664,0.0,-1.037333774434046e-07,2.0745355868712068e-05,6.589661705191929e-09,6.589661705191929e-09,9.439190762350336e-08,-9.095199402509024e-07,-1.7199818103108555e-06,-1.7199818103108555e-06,1000.0,5.0
0.04583333333333333,0.0,-1.037333774434046e-07,2.0745355868712068e-05,6.597484336623438e-09,6.597484336623438e-09,9.439190762350336e-08,-9.095185760088498e-07,-1.7199563444592059e-06,-1.7199563444592059e-06,1000.0,5.0
0.049999999999999996,0.0,-1.037333774434046e-07,2.074535768770147e-05,6.5980549912580955e-09,6.5980549912580955e-09,9.439190762350336e-08,-9.095199402509024e-07,-1.7200254660565406e-06,-1.7200254660565406e-06,1000.0,5.0
0.05416666666666666,0.0,-1.037333774434046e-07,2.0745355868712068e-05,6.589665257905608e-09,6.589665257905608e-09,9.439190762350336e-08,-9.095204518416722e-07,-1.7199563444592059e-06,-1.7199563444592059e-06,1000.0,5.0
0.05833333333333333,0.0,-1.037333774434046e-07,2.0745355868712068e-05,6.597484336623438e-09,6.597484336623438e-09,9.439190762350336e-08,-9.095190875996195e-07,-1.7199308786075562e-06,-1.7199308786075562e-06,1000.0,5.0
0.06249999999999999,0.0,-1.037333774434046e-07,2.074535768770147e-05,6.5980549912580955e-09,6.5980549912580955e-09,9.439190762350336e-08,-9.095204518416722e-07,-1.720000000204891e-06,-1.720000000204891e-06,1000.0,5.0
0.06666666666666667,0.0,-1.037333774434046e-07,2.0745355868712068e-05,6.589665257905608e-09,6.589665257905608e-09,9.439190762350336e-08,-9.095209634324419e-07,-1.7199308786075562e-06,-1.7199308786075562e-06,1000.0,5.0
0.07083333333333333,0.0,-1.037333774434046e-07,2.0745355868712068e-05,6.597484336623438e-09,6.597484336623438e-09,9.439190762350336e-08,-9.095195991903893e-07,-1.7199054127559066e-06,-1.7199054127559066e-06,1000.0,5.0
0.075,0.0,-1.037333774434046e-07,2.0745355868712068e-05,6.5980549912580955e-09,6.5980549912580955e-09,9.439190762350336e-08,-9.095182917917555e-07,-1.7199745343532413e-06,-1.7199745343532413e-06,1000.0,5.0
0.07916666666666666,0.0,-1.037333774434046e-07,2.074535768770147e-05,6.598096735643821e-09,6.598096735643821e-09,9.439190762350336e-08,-9.095196560338081e-07,-1.720040017971769e-06,-1.720040017971769e-06,1000.0,5.0
0.08333333333333333,0.0,-1.037333774434046e-07,2.0745355868712068e-05,6.589667922440867e-09,6.589667922440867e-09,9.439190762350336e-08,-9.095201676245779e-07,-1.7199708963744342e-06,-1.7199708963744342e-06,1000.0,5.0
0.0875,0.0,-1.037333774434046e-07,2.0745355868712068e-05,6.597484780712648e-09,6.597484780712648e-09,9.439190762350336e-08,-9.095188033825252e-07,-1.7199454305227846e-06,-1.7199454305227846e-06,1000.0,5.0
0.09166666666666666,0.0,-1.037333774434046e-07,2.074535768770147e-05,6.5980549912580955e-09,6.5980549912580955e-09,9.439190762350336e-08,-9.095201676245779e-07,-1.7200145521201193e-06,-1.7200145521201193e-06,1000.0,5.0
0.09583333333333333,0.0,-1.037333774434046e-07,2.0745355868712068e-05,6.589665257905608e-09,6.589665257905608e-09,9.439190762350336e-08,-9.095206792153476e-07,-1.7199454305227846e-06,-1.7199454305227846e-06,1000.0,5.0
0.09999999999999999,0.0,-1.037333774434046e-07,2.0745355868712068e-05,6.597484336623438e-09,6.597484336623438e-09,9.439190762350336e-08,-9.09519314973295e-07,-1.719919964671135e-06,-1.719919964671135e-06,1000.0,5.0
0.10416666666666666,0.0,-1.037333774434046e-07,2.0745355868712068e-05,6.5980549912580955e-09,6.5980549912580955e-09,9.439190762350336e-08,-9.095180075746612e-07,-1.7199890862684697e-06,-1.7199890862684697e-06,1000.0,5.0
0.10833333333333332,0.0,-1.037333774434046e-07,2.074535768770147e-05,6.598096735643821e-09,6.598096735643821e-09,9.439190762350336e-08,-9.095193718167138e-07,-1.7200545698869973e-06,-1.7200545698869973e-06,1000.0,5.0
0.11249999999999999,0.0,-1.037333774434046e-07,2.0745355868712068e-05,6.589667922440867e-09,6.589667922440867e-09,9.439190762350336e-08,-9.095198834074836e-07,-1.7199854482896626e-06,-1.7199854482896626e-06,1000.0,5.0
0.11666666666666665,0.0,-1.037333774434046e-07,2.0745355868712068e-05,6.597484780712648e-09,6.597484780712648e-09,9.439190762350336e-08,-9.095185191654309e-07,-1.719959982438013e-06,-1.719959982438013e-06,1000.0,5.0
0.12083333333333332,0.0,-1.037333774434046e-07,2.074535768770147e-05,6.5980549912580955e-09,6.5980549912580955e-09,9.439190762350336e-08,-9.095198834074836e-07,-1.7200291040353477e-06,-1.7200291040353477e-06,1000.0,5.0
0.12499999999999999,0.0,-1.037333774434046e-07,2.0745355868712068e-05,6.589665257905608e-09,6.589665257905608e-09,9.439190762350336e-08,-9.095203949982533e-07,-1.719959982438013e-06,-1.719959982438013e-06,1000.0,5.0
0.12916666666666665,0.0,-1.037333774434046e-07,2.0745355868712068e-05,6.597484336623438e-09,6.597484336623438e-09,9.439190762350336e-08,-9.095190307562007e-07,-1.7199345165863633e-06,-1.7199345165863633e-06,1000.0,5.0
0.13333333333333333,0.0,-1.037333774434046e-07,2.074535768770147e-05,6.5980549912580955e-09,6.5980549912580955e-09,9.439190762350336e-08,-9.095203949982533e-07,-1.720003638183698e-06,-1.720003638183698e-06,1000.0,5.0
0.1375,0.0,-1.037333774434046e-07,2.0745355868712068e-05,6.589665257905608e-09,6.589665257905608e-09,9.439190762350336e-08,-9.095209065890231e-07,-1.7199345165863633e-06,-1.7199345165863633e-06,1000.0,5.0
0.1416666666666667,0.0,-1.037333774434046e-07,2.0745355868712068e-05,6.597484336623438e-09,6.597484336623438e-09,9.439190762350336e-08,-9.095195423469704e-07,-1.7199090507347137e-06,-1.7199090507347137e-06,1000.0,5.0
0.14583333333333337,0.0,-1.037333774434046e-07,2.0745355868712068e-05,6.5980549912580955e-09,6.5980549912580955e-09,9.439190762350336e-08,-9.095182349483366e-07,-1.7199781723320484e-06,-1.7199781723320484e-06,1000.0,5.0
0.15000000000000005,0.0,-1.037333774434046e-07,2.074535768770147e-05,6.598096735643821e-09,6.598096735643821e-09,9.439190762350336e-08,-9.095195991903893e-07,-1.720043655950576e-06,-1.720043655950576e-06,1000.0,5.0
0.15416666666666673,0.0,-1.037333774434046e-07,2.0745355868712068e-05,6.589667922440867e-09,6.589667922440867e-09,9.439190762350336e-08,-9.09520110781159e-07,-1.7199745343532413e-06,-1.7199745343532413e-06,1000.0,5.0
0.1583333333333334,0.0,-1.037333774434046e-07,2.0745355868712068e-05,6.597484780712648e-09,6.597484780712648e-09,9.439190762350336e-08,-9.095187465391064e-07,-1.7199490685015917e-06,-1.7199490685015917e-06,1000.0,5.0
0.1625000000000001,0.0,-1.037333774434046e-07,2.074535768770147e-05,6.5980549912580955e-09,6.5980549912580955e-09,9.439190762350336e-08,-9.09520110781159e-07,-1.7200181900989264e-06,-1.7200181900989264e-06,1000.0,5.0
0.16666666666666677,0.0,-1.037333774434046e-07,2.0745355868712068e-05,6.589665257905608e-09,6.589665257905608e-09,9.439190762350336e-08,-9.095206223719288e-07,-1.7199490685015917e-06,-1.7199490685015917e-06,1000.0,5.0
0.17083333333333345,0.0,-1.037333774434046e-07,2.0745355868712068e-05,6.597484336623438e-09,6.597484336623438e-09,9.439190762350336e-08,-9.095192581298761e-07,-1.719923602649942e-06,-1.719923602649942e-06,1000.0,5.0
0.17500000000000013,0.0,-1.037333774434046e-07,2.074535768770147e-05,6.5980549912580955e-09,6.5980549912580955e-09,9.439190762350336e-08,-9.095206223719288e-07,-1.7199890862684697e-06,-1.7199890862684697e-06,1000.0,5.0
0.1791666666666668,0.0,-1.037333774434046e-07,2.0745355868712068e-05,6.589665257905608e-09,6.589665257905608e-09,9.439190762350336e-08,-9.095211339626985e-07,-1.719923602649942e-06,-1.719923602649942e-06,1000.0,5.0
0.1833333333333335,0.0,-1.037333774434046e-07,2.0745354049722664e-05,6.597484336623438e-09,6.597484336623438e-09,9.439190762350336e-08,-9.095190875996195e-07,-1.7198981367982924e-06,-1.7198981367982924e-06,1000.0,5.0
0.18750000000000017,0.0,-1.037333774434046e-07,2.074535768770147e-05,6.606486468996309e-09,6.606486468996309e-09,9.439190762350336e-08,-9.095207360587665e-07,-1.720000000204891e-06,-1.720000000204891e-06,1000.0,5.0
0.19166666666666685,0.0,-1.037333774434046e-07,2.074535768770147e-05,6.5902803214612504e-09,6.5902803214612504e-09,9.439190762350336e-08,-9.09521361336374e-07,-1.7199163266923279e-06,-1.7199163266923279e-06,1000.0,5.0
0.19583333333333353,0.0,-1.037333774434046e-07,2.0745354049722664e-05,6.58909771189542e-09,6.58909771189542e-09,9.439190762350336e-08,-9.095210202758608e-07,-1.7198872228618711e-06,-1.7198872228618711e-06,1000.0,5.0
0.2000000000000002,0.0,-1.037333774434046e-07,2.0745355868712068e-05,6.605874514065135e-09,6.605874514065135e-09,9.439190762350336e-08,-9.095209065890231e-07,-1.7199017747770995e-06,-1.7199017747770995e-06,1000.0,5.0
0.20416666666666689,0.0,-1.037333774434046e-07,2.0745355868712068e-05,6.598666946189269e-09,6.598666946189269e-09,9.439190762350336e-08,-9.095196560338081e-07,-1.7199090507347137e-06,-1.7199090507347137e-06,1000.0,5.0
0.20833333333333356,0.0,-1.037333774434046e-07,2.0745355868712068e-05,6.598141144564806e-09,6.598141144564806e-09,9.439190762350336e-08,-9.095183486351743e-07,-1.7199708963744342e-06,-1.7199708963744342e-06,1000.0,5.0
0.21250000000000024,0.0,-1.037333774434046e-07,2.074535768770147e-05,6.598102952892759e-09,6.598102952892759e-09,9.439190762350336e-08,-9.09519712877227e-07,-1.7200363799929619e-06,-1.7200363799929619e-06,1000.0,5.0
0.21666666666666692,0.0,-1.037333774434046e-07,2.0745355868712068e-05,6.589668366530077e-09,6.589668366530077e-09,9.439190762350336e-08,-9.095202244679967e-07,-1.7199672583956271e-06,-1.7199672583956271e-06,1000.0,5.0
0.2208333333333336,0.0,-1.037333774434046e-07,2.0745355868712068e-05,6.597484780712648e-09,6.597484780712648e-09,9.439190762350336e-08,-9.095188602259441e-07,-1.7199417925439775e-06,-1.7199417925439775e-06,1000.0,5.0
0.22500000000000028,0.0,-1.037333774434046e-07,2.074535768770147e-05,6.5980549912580955e-09,6.5980549912580955e-09,9.439190762350336e-08,-9.095202244679967e-07,-1.7200109141413122e-06,-1.7200109141413122e-06,1000.0,5.0
0.22916666666666696,0.0,-1.037333774434046e-07,2.0745355868712068e-05,6.589665257905608e-09,6.589665257905608e-09,9.439190762350336e-08,-9.095207360587665e-07,-1.7199417925439775e-06,-1.7199417925439775e-06,1000.0,5.0
0.23333333333333364,0.0,-1.037333774434046e-07,2.0745355868712068e-05,6.597484336623438e-09,6.597484336623438e-09,9.439190762350336e-08,-9.095193718167138e-07,-1.7199163266923279e-06,-1.7199163266923279e-06,1000.0,5.0
0.23750000000000032,0.0,-1.037333774434046e-07,2.0745355868712068e-05,6.5980549912580955e-09,6.5980549912580955e-09,9.439190762350336e-08,-9.0951806441808e-07,-1.7199854482896626e-06,-1.7199854482896626e-06,1000.0,5.0
0.241666666666667,0.0,-1.037333774434046e-07,2.074535768770147e-05,6.598096735643821e-09,6.598096735643821e-09,9.439190762350336e-08,-9.095194286601327e-07,-1.7200509319081903e-06,-1.7200509319081903e-06,1000.0,5.0
0.24583333333333368,0.0,-1.037333774434046e-07,2.0745355868712068e-05,6.589667922440867e-09,6.589667922440867e-09,9.439190762350336e-08,-9.095199402509024e-07,-1.7199818103108555e-06,-1.7199818103108555e-06,1000.0,5.0
0.25000000000000033,0.0,-1.037333774434046e-07,2.0745355868712068e-05,6.597484780712648e-09,6.597484780712648e-09,9.439190762350336e-08,-9.095185760088498e-07,-1.7199563444592059e-06,-1.7199563444592059e-06,1000.0,5.0
0.254166666666667,0.0,-1.037333774434046e-07,2.074535768770147e-05,6.5980549912580955e-09,6.5980549912580955e-09,9.439190762350336e-08,-9.095199402509024e-07,-1.7200254660565406e-06,-1.7200254660565406e-06,1000.0,5.0
0.25833333333333364,0.0,-1.037333774434046e-07,2.0745355868712068e-05,6.589665257905608e-09,6.589665257905608e-09,9.439190762350336e-08,-9.095204518416722e-07,-1.7199563444592059e-06,-1.7199563444592059e-06,1000.0,5.0
0.2625000000000003,0.0,-1.037333774434046e-07,2.0745355868712068e-05,6.597484336623438e-09,6.597484336623438e-09,9.439190762350336e-08,-9.095190875996195e-07,-1.7199308786075562e-06,-1.7199308786075562e-06,1000.0,5.0
0.26666666666666694,0.0,-1.037333774434046e-07,2.074535768770147e-05,6.5980549912580955e-09,6.5980549912580955e-09,9.439190762350336e-08,-9.095204518416722e-07,-1.720000000204891e-06,-1.720000000204891e-06,1000.0,5.0
0.2708333333333336,0.0,-1.037333774434046e-07,2.0745355868712068e-05,6.589665257905608e-09,6.589665257905608e-09,9.439190762350336e-08,-9.095209634324419e-07,-1.7199308786075562e-06,-1.7199308786075562e-06,1000.0,5.0
0.27500000000000024,0.0,-1.037333774434046e-07,2.0745355868712068e-05,6.597484336623438e-09,6.597484336623438e-09,9.439190762350336e-08,-9.095195991903893e-07,-1.7199054127559066e-06,-1.7199054127559066e-06,1000.0,5.0
0.2791666666666669,0.0,-1.037333774434046e-07,2.0745355868712068e-05,6.5980549912580955e-09,6.5980549912580955e-09,9.439190762350336e-08,-9.095182917917555e-07,-1.7199745343532413e-06,-1.7199745343532413e-06,1000.0,5.0
0.28333333333333355,0.0,-1.037333774434046e-07,2.074535768770147e-05,6.598096735643821e-09,6.598096735643821e-09,9.439190762350336e-08,-9.095196560338081e-07,-1.720040017971769e-06,-1.720040017971769e-06,1000.0,5.0
0.2875000000000002,0.0,-1.037333774434046e-07,2.0745355868712068e-05,6.589667922440867e-09,6.589667922440867e-09,9.439190762350336e-08,-9.095201676245779e-07,-1.7199708963744342e-06,-1.7199708963744342e-06,1000.0,5.0
0.29166666666666685,0.0,-1.037333774434046e-07,2.0745355868712068e-05,6.597484780712648e-09,6.597484780712648e-09,9.439190762350336e-08,-9.095188033825252e-07,-1.7199454305227846e-06,-1.7199454305227846e-06,1000.0,5.0
0.2958333333333335,0.0,-1.037333774434046e-07,2.074535768770147e-05,6.5980549912580955e-09,6.5980549912580955e-09,9.439190762350336e-08,-9.095201676245779e-07,-1.7200145521201193e-06,-1.7200145521201193e-06,1000.0,5.0
0.30000000000000016,0.0,-1.037333774434046e-07,2.0745355868712068e-05,6.589665257905608e-09,6.589665257905608e-09,9.439190762350336e-08,-9.095206792153476e-07,-1.7199454305227846e-06,-1.7199454305227846e-06,1000.0,5.0
0.3041666666666668,0.0,-1.037333774434046e-07,2.0745355868712068e-05,6.597484336623438e-09,6.597484336623438e-09,9.439190762350336e-08,-9.09519314973295e-07,-1.719919964671135e-06,-1.719919964671135e-06,1000.0,5.0
0.30833333333333346,0.0,-1.037333774434046e-07,2.0745355868712068e-05,6.5980549912580955e-09,6.5980549912580955e-09,9.439190762350336e-08,-9.095180075746612e-07,-1.7199890862684697e-06,-1.7199890862684697e-06,1000.0,5.0
0.3125000000000001,0.0,-1.037333774434046e-07,2.074535768770147e-05,6.598096735643821e-09,6.598096735643821e-09,9.439190762350336e-08,-9.095193718167138e-07,-1.7200545698869973e-06,-1.7200545698869973e-06,1000.0,5.0
0.31666666666666676,0.0,-1.037333774434046e-07,2.0745355868712068e-05,6.589667922440867e-09,6.589667922440867e-09,9.439190762350336e-08,-9.095198834074836e-07,-1.7199854482896626e-06,-1.7199854482896626e-06,1000.0,5.0
0.3208333333333334,0.0,-1.037333774434046e-07,2.0745355868712068e-05,6.597484780712648e-09,6.597484780712648e-09,9.439190762350336e-08,-9.095185191654309e-07,-1.719959982438013e-06,-1.719959982438013e-06,1000.0,5.0
0.32500000000000007,0.0,-1.037333774434046e-07,2.074535768770147e-05,6.5980549912580955e-09,6.5980549912580955e-09,9.439190762350336e-08,-9.095198834074836e-07,-1.7200291040353477e-06,-1.7200291040353477e-06,1000.0,5.0
0.3291666666666667,0.0,-1.037333774434046e-07,2.0745355868712068e-05,6.589665257905608e-09,6.589665257905608e-09,9.439190762350336e-08,-9.095203949982533e-07,-1.719959982438013e-06,-1.719959982438013e-06,1000.0,5.0
0.33333333333333337,0.0,-1.037333774434046e-07,2.0745355868712068e-05,6.597484336623438e-09,6.597484336623438e-09,9.439190762350336e-08,-9.095190307562007e-07,-1.7199345165863633e-06,-1.7199345165863633e-06,1000.0,5.0
0.3375,0.0,-1.037333774434046e-07,2.074535768770147e-05,6.5980549912580955e-09,6.5980549912580955e-09,9.439190762350336e-08,-9.095203949982533e-07,-1.720003638183698e-06,-1.720003638183698e-06,1000.0,5.0
0.3416666666666667,0.0,-1.037333774434046e-07,2.0745355868712068e-05,6.589665257905608e-09,6.589665257905608e-09,9.439190762350336e-08,-9.095209065890231e-07,-1.7199345165863633e-06,-1.7199345165863633e-06,1000.0,5.0
0.3458333333333333,0.0,-1.037333774434046e-07,2.0745355868712068e-05,6.597484336623438e-09,6.597484336623438e-09,9.439190762350336e-08,-9.095195423469704e-07,-1.7199090507347137e-06,-1.7199090507347137e-06,1000.0,5.0
0.35,0.0,-1.037333774434046e-07,2.0745355868712068e-05,6.5980549912580955e-09,6.5980549912580955e-09,9.439190762350336e-08,-9.095182349483366e-07,-1.7199781723320484e-06,-1.7199781723320484e-06,1000.0,5.0
0.35416666666666663,0.0,-1.037333774434046e-07,2.074535768770147e-05,6.598096735643821e-09,6.598096735643821e-09,9.439190762350336e-08,-9.095195991903893e-07,-1.720043655950576e-06,-1.720043655950576e-06,1000.0,5.0
0.3583333333333333,0.0,-1.037333774434046e-07,2.0745355868712068e-05,6.589667922440867e-09,6.589667922440867e-09,9.439190762350336e-08,-9.09520110781159e-07,-1.7199745343532413e-06,-1.7199745343532413e-06,1000.0,5.0
0.36249999999999993,0.0,-1.037333774434046e-07,2.0745355868712068e-05,6.597484780712648e-09,6.597484780712648e-09,9.439190762350336e-08,-9.095187465391064e-07,-1.7199490685015917e-06,-1.7199490685015917e-06,1000.0,5.0
0.3666666666666666,0.0,-1.037333774434046e-07,2.074535768770147e-05,6.5980549912580955e-09,6.5980549912580955e-09,9.439190762350336e-08,-9.09520110781159e-07,-1.7200181900989264e-06,-1.7200181900989264e-06,1000.0,5.0
0.37083333333333324,0.0,-1.037333774434046e-07,2.0745355868712068e-05,6.589665257905608e-09,6.589665257905608e-09,9.439190762350336e-08,-9.095206223719288e-07,-1.7199490685015917e-06,-1.7199490685015917e-06,1000.0,5.0
0.3749999999999999,0.0,-1.037333774434046e-07,2.0745355868712068e-05,6.597484336623438e-09,6.597484336623438e-09,9.439190762350336e-08,-9.095192581298761e-07,-1.719923602649942e-06,-1.719923602649942e-06,1000.0,5.0
0.37916666666666654,0.0,-1.037333774434046e-07,2.074535768770147e-05,6.5980549912580955e-09,6.5980549912580955e-09,9.439190762350336e-08,-9.095206223719288e-07,-1.7199890862684697e-06,-1.7199890862684697e-06,1000.0,5.0
0.3833333333333332,0.0,-1.037333774434046e-07,2.0745355868712068e-05,6.589665257905608e-09,6.589665257905608e-09,9.439190762350336e-08,-9.095211339626985e-07,-1.719923602649942e-06,-1.719923602649942e-06,1000.0,5.0
0.38749999999999984,0.0,-1.037333774434046e-07,2.0745354049722664e-05,6.597484336623438e-09,6.597484336623438e-09,9.439190762350336e-08,-9.095190875996195e-07,-1.7198981367982924e-06,-1.7198981367982924e-06,1000.0,5.0
0.3916666666666665,0.0,-1.037333774434046e-07,2.074535768770147e-05,6.606486468996309e-09,6.606486468996309e-09,9.439190762350336e-08,-9.095207360587665e-07,-1.720000000204891e-06,-1.720000000204891e-06,1000.0,5.0
0.39583333333333315,0.0,-1.037333774434046e-07,2.074535768770147e-05,6.5902803214612504e-09,6.5902803214612504e-09,9.439190762350336e-08,-9.09521361336374e-07,-1.7199163266923279e-06,-1.7199163266923279e-06,1000.0,5.0
0.3999999999999998,0.0,-1.037333774434046e-07,2.0745354049722664e-05,6.58909771189542e-09,6.58909771189542e-09,9.439190762350336e-08,-9.095210202758608e-07,-1.7198872228618711e-06,-1.7198872228618711e-06,1000.0,5.0
0.40416666666666645,0.0,-1.037333774434046e-07,2.0745355868712068e-05,6.605874514065135e-09,6.605874514065135e-09,9.439190762350336e-08,-9.095209065890231e-07,-1.7199017747770995e-06,-1.7199017747770995e-06,1000.0,5.0
0.4083333333333331,0.0,-1.037333774434046e-07,2.0745355868712068e-05,6.598666946189269e-09,6.598666946189269e-09,9.439190762350336e-08,-9.095196560338081e-07,-1.7199090507347137e-06,-1.7199090507347137e-06,1000.0,5.0
0.41249999999999976,0.0,-1.037333774434046e-07,2.0745355868712068e-05,6.598141144564806e-09,6.598141144564806e-09,9.439190762350336e-08,-9.095183486351743e-07,-1.7199708963744342e-06,-1.7199708963744342e-06,1000.0,5.0
0.4166666666666664,0.0,-1.037333774434046e-07,2.074535768770147e-05,6.598102952892759e-09,6.598102952892759e-09,9.439190762350336e-08,-9.09519712877227e-07,-1.7200363799929619e-06,-1.7200363799929619e-06,1000.0,5.0
0.42083333333333306,0.0,-1.037333774434046e-07,2.0745355868712068e-05,6.589668366530077e-09,6.589668366530077e-09,9.439190762350336e-08,-9.095202244679967e-07,-1.7199672583956271e-06,-1.7199672583956271e-06,1000.0,5.0
0.4249999999999997,0.0,-1.037333774434046e-07,2.0745355868712068e-05,6.597484780712648e-09,6.597484780712648e-09,9.439190762350336e-08,-9.095188602259441e-07,-1.7199417925439775e-06,-1.7199417925439775e-06,1000.0,5.0
0.42916666666666636,0.0,-1.037333774434046e-07,2.074535768770147e-05,6.5980549912580955e-09,6.5980549912580955e-09,9.439190762350336e-08,-9.095202244679967e-07,-1.7200109141413122e-06,-1.7200109141413122e-06,1000.0,5.0
0.433333333333333,0.0,-1.037333774434046e-07,2.0745355868712068e-05,6.589665257905608e-09,6.589665257905608e-09,9.439190762350336e-08,-9.095207360587665e-07,-1.7199417925439775e-06,-1.7199417925439775e-06,1000.0,5.0
0.43749999999999967,0.0,-1.037333774434046e-07,2.0745355868712068e-05,6.597484336623438e-09,6.597484336623438e-09,9.439190762350336e-08,-9.095193718167138e-07,-1.7199163266923279e-06,-1.7199163266923279e-06,1000.0,5.0
0.4416666666666663,0.0,-1.037333774434046e-07,2.0745355868712068e-05,6.5980549912580955e-09,6.5980549912580955e-09,9.439190762350336e-08,-9.0951806441808e-07,-1.7199854482896626e-06,-1.7199854482896626e-06,1000.0,5.0
0.44583333333333297,0.0,-1.037333774434046e-07,2.074535768770147e-05,6.598096735643821e-09,6.598096735643821e-09,9.439190762350336e-08,-9.095194286601327e-07,-1.7200509319081903e-06,-1.7200509319081903e-06,1000.0,5.0
0.4499999999999996,0.0,-1.037333774434046e-07,2.0745355868712068e-05,6.589667922440867e-09,6.589667922440867e-09,9.439190762350336e-08,-9.095199402509024e-07,-1.7199818103108555e-06,-1.7199818103108555e-06,1000.0,5.0
0.4541666666666663,0.0,-1.037333774434046e-07,2.0745355868712068e-05,6.597484780712648e-09,6.597484780712648e-09,9.439190762350336e-08,-9.095185760088498e-07,-1.7199563444592059e-06,-1.7199563444592059e-06,1000.0,5.0
0.4583333333333329,0.0,-1.037333774434046e-07,2.074535768770147e-05,6.5980549912580955e-09,6.5980549912580955e-09,9.439190762350336e-08,-9.095199402509024e-07,-1.7200254660565406e-06,-1.7200254660565406e-06,1000.0,5.0
0.4624999999999996,0.0,-1.037333774434046e-07,2.0745355868712068e-05,6.589665257905608e-09,6.589665257905608e-09,9.439190762350336e-08,-9.095204518416722e-07,-1.7199563444592059e-06,-1.7199563444592059e-06,1000.0,5.0
0.46666666666666623,0.0,-1.037333774434046e-07,2.0745355868712068e-05,6.597484336623438e-09,6.597484336623438e-09,9.439190762350336e-08,-9.095190875996195e-07,-1.7199308786075562e-06,-1.7199308786075562e-06,1000.0,5.0
0.4708333333333329,0.0,-1.037333774434046e-07,2.074535768770147e-05,6.5980549912580955e-09,6.5980549912580955e-09,9.439190762350336e-08,-9.095204518416722e-07,-1.720000000204891e-06,-1.720000000204891e-06,1000.0,5.0
0.47499999999999953,0.0,-1.037333774434046e-07,2.0745355868712068e-05,6.589665257905608e-09,6.589665257905608e-09,9.439190762350336e-08,-9.095209634324419e-07,-1.7199308786075562e-06,-1.7199308786075562e-06,1000.0,5.0
0.4791666666666662,0.0,-1.037333774434046e-07,2.0745355868712068e-05,6.597484336623438e-09,6.597484336623438e-09,9.439190762350336e-08,-9.095195991903893e-07,-1.7199054127559066e-06,-1.7199054127559066e-06,1000.0,5.0
0.48333333333333284,0.0,-1.037333774434046e-07,2.0745355868712068e-05,6.5980549912580955e-09,6.5980549912580955e-09,9.439190762350336e-08,-9.095182917917555e-07,-1.7199745343532413e-06,-1.7199745343532413e-06,1000.0,5.0
0.4874999999999995,0.0,-1.037333774434046e-07,2.074535768770147e-05,6.598096735643821e-09,6.598096735643821e-09,9.439190762350336e-08,-9.095196560338081e-07,-1.720040017971769e-06,-1.720040017971769e-06,1000.0,5.0
0.49166666666666614,0.0,-1.037333774434046e-07,2.0745355868712068e-05,6.589667922440867e-09,6.589667922440867e-09,9.439190762350336e-08,-9.095201676245779e-07,-1.7199708963744342e-06,-1.7199708963744342e-06,1000.0,5.0
0.4958333333333328,0.0,-1.037333774434046e-07,2.0745355868712068e-05,6.597484780712648e-09,6.597484780712648e-09,9.439190762350336e-08,-9.095188033825252e-07,-1.7199454305227846e-06,-1.7199454305227846e-06,1000.0,5.0
0.49999999999999944,0.0,-1.037333774434046e-07,2.074535768770147e-05,6.5980549912580955e-09,6.5980549912580955e-09,9.439190762350336e-08,-9.095201676245779e-07,-1.7200145521201193e-06,-1.7200145521201193e-06,1000.0,5.0
0.5041666666666661,0.0,-1.037333774434046e-07,2.0745355868712068e-05,6.589665257905608e-09,6.589665257905608e-09,9.439190762350336e-08,-9.095206792153476e-07,-1.7199454305227846e-06,-1.7199454305227846e-06,1000.0,5.0
0.5083333333333327,0.0,-1.037333774434046e-07,2.0745355868712068e-05,6.597484336623438e-09,6.597484336623438e-09,9.439190762350336e-08,-9.09519314973295e-07,-1.719919964671135e-06,-1.719919964671135e-06,1000.0,5.0
0.5124999999999994,0.0,-1.037333774434046e-07,2.0745355868712068e-05,6.5980549912580955e-09,6.5980549912580955e-09,9.439190762350336e-08,-9.095180075746612e-07,-1.7199890862684697e-06,-1.7199890862684697e-06,1000.0,5.0
0.516666666666666,0.0,-1.037333774434046e-07,2.074535768770147e-05,6.598096735643821e-09,6.598096735643821e-09,9.439190762350336e-08,-9.095193718167138e-07,-1.7200545698869973e-06,-1.7200545698869973e-06,1000.0,5.0
0.5208333333333327,0.0,-1.037333774434046e-07,2.0745355868712068e-05,6.589667922440867e-09,6.589667922440867e-09,9.439190762350336e-08,-9.095198834074836e-07,-1.7199854482896626e-06,-1.7199854482896626e-06,1000.0,5.0
0.5249999999999994,0.0,-1.037333774434046e-07,2.0745355868712068e-05,6.597484780712648e-09,6.597484780712648e-09,9.439190762350336e-08,-9.095185191654309e-07,-1.719959982438013e-06,-1.719959982438013e-06,1000.0,5.0
0.529166666666666,0.0,-1.037333774434046e-07,2.074535768770147e-05,6.5980549912580955e-09,6.5980549912580955e-09,9.439190762350336e-08,-9.095198834074836e-07,-1.7200291040353477e-06,-1.7200291040353477e-06,1000.0,5.0
0.5333333333333327,0.0,-1.037333774434046e-07,2.0745355868712068e-05,6.589665257905608e-09,6.589665257905608e-09,9.439190762350336e-08,-9.095203949982533e-07,-1.719959982438013e-06,-1.719959982438013e-06,1000.0,5.0
0.5374999999999993,0.0,-1.037333774434046e-07,2.0745355868712068e-05,6.597484336623438e-09,6.597484336623438e-09,9.439190762350336e-08,-9.095190307562007e-07,-1.7199345165863633e-06,-1.7199345165863633e-06,1000.0,5.0
0.541666666666666,0.0,-1.037333774434046e-07,2.074535768770147e-05,6.5980549912580955e-09,6.5980549912580955e-09,9.439190762350336e-08,-9.095203949982533e-07,-1.720003638183698e-06,-1.720003638183698e-06,1000.0,5.0
0.5458333333333326,0.0,-1.037333774434046e-07,2.0745355868712068e-05,6.589665257905608e-09,6.589665257905608e-09,9.439190762350336e-08,-9.095209065890231e-07,-1.7199345165863633e-06,-1.7199345165863633e-06,1000.0,5.0
0.5499999999999993,0.0,-1.037333774434046e-07,2.0745355868712068e-05,6.597484336623438e-09,6.597484336623438e-09,9.439190762350336e-08,-9.095195423469704e-07,-1.7199090507347137e-06,-1.7199090507347137e-06,1000.0,5.0
0.5541666666666659,0.0,-1.037333774434046e-07,2.0745355868712068e-05,6.5980549912580955e-09,6.5980549912580955e-09,9.439190762350336e-08,-9.095182349483366e-07,-1.7199781723320484e-06,-1.7199781723320484e-06,1000.0,5.0
0.5583333333333326,0.0,-1.037333774434046e-07,2.074535768770147e-05,6.598096735643821e-09,6.598096735643821e-09,9.439190762350336e-08,-9.095195991903893e-07,-1.720043655950576e-06,-1.720043655950576e-06,1000.0,5.0
0.5624999999999992,0.0,-1.037333774434046e-07,2.0745355868712068e-05,6.589667922440867e-09,6.589667922440867e-09,9.439190762350336e-08,-9.09520110781159e-07,-1.7199745343532413e-06,-1.7199745343532413e-06,1000.0,5.0
0.5666666666666659,0.0,-1.037333774434046e-07,2.0745355868712068e-05,6.597484780712648e-09,6.597484780712648e-09,9.439190762350336e-08,-9.095187465391064e-07,-1.7199490685015917e-06,-1.7199490685015917e-06,1000.0,5.0
0.5708333333333325,0.0,-1.037333774434046e-07,2.074535768770147e-05,6.5980549912580955e-09,6.5980549912580955e-09,9.439190762350336e-08,-9.09520110781159e-07,-1.7200181900989264e-06,-1.7200181900989264e-06,1000.0,5.0
0.5749999999999992,0.0,-1.037333774434046e-07,2.0745355868712068e-05,6.589665257905608e-09,6.589665257905608e-09,9.439190762350336e-08,-9.095206223719288e-07,-1.7199490685015917e-06,-1.7199490685015917e-06,1000.0,5.0
0.5791666666666658,0.0,-1.037333774434046e-07,2.0745355868712068e-05,6.597484336623438e-09,6.597484336623438e-09,9.439190762350336e-08,-9.095192581298761e-07,-1.719923602649942e-06,-1.719923602649942e-06,1000.0,5.0
0.5833333333333325,0.0,-1.037333774434046e-07,2.074535768770147e-05,6.5980549912580955e-09,6.5980549912580955e-09,9.439190762350336e-08,-9.095206223719288e-07,-1.7199890862684697e-06,-1.7199890862684697e-06,1000.0,5.0
0.5874999999999991,0.0,-1.037333774434046e-07,2.0745355868712068e-05,6.589665257905608e-09,6.589665257905608e-09,9.439190762350336e-08,-9.095211339626985e-07,-1.719923602649942e-06,-1.719923602649942e-06,1000.0,5.0
0.5916666666666658,0.0,-1.037333774434046e-07,2.0745354049722664e-05,6.597484336623438e-09,6.597484336623438e-09,9.439190762350336e-08,-9.095190875996195e-07,-1.7198981367982924e-06,-1.7198981367982924e-06,1000.0,5.0
0.5958333333333324,0.0,-1.037333774434046e-07,2.074535768770147e-05,6.606486468996309e-09,6.606486468996309e-09,9.439190762350336e-08,-9.095207360587665e-07,-1.720000000204891e-06,-1.720000000204891e-06,1000.0,5.0
0.5999999999999991,0.0,-1.037333774434046e-07,2.074535768770147e-05,6.5902803214612504e-09,6.5902803214612504e-09,9.439190762350336e-08,-9.09521361336374e-07,-1.7199163266923279e-06,-1.7199163266923279e-06,1000.0,5.0
0.6041666666666657,0.0,-1.037333774434046e-07,2.0745354049722664e-05,6.58909771189542e-09,6.58909771189542e-09,9.439190762350336e-08,-9.095210202758608e-07,-1.7198872228618711e-06,-1.7198872228618711e-06,1000.0,5.0
0.6083333333333324,0.0,-1.037333774434046e-07,2.0745355868712068e-05,6.605874514065135e-09,6.605874514065135e-09,9.439190762350336e-08,-9.095209065890231e-07,-1.7199017747770995e-06,-1.7199017747770995e-06,1000.0,5.0
0.612499999999999,0.0,-1.037333774434046e-07,2.0745355868712068e-05,6.598666946189269e-09,6.598666946189269e-09,9.439190762350336e-08,-9.095196560338081e-07,-1.7199090507347137e-06,-1.7199090507347137e-06,1000.0,5.0
0.6166666666666657,0.0,-1.037333774434046e-07,2.0745355868712068e-05,6.598141144564806e-09,6.598141144564806e-09,9.439190762350336e-08,-9.095183486351743e-07,-1.7199708963744342e-06,-1.7199708963744342e-06,1000.0,5.0
0.6208333333333323,0.0,-1.037333774434046e-07,2.074535768770147e-05,6.598102952892759e-09,6.598102952892759e-09,9.439190762350336e-08,-9.09519712877227e-07,-1.7200363799929619e-06,-1.7200363799929619e-06,1000.0,5.0
0.624999999999999,0.0,-1.037333774434046e-07,2.0745355868712068e-05,6.589668366530077e-09,6.589668366530077e-09,9.439190762350336e-08,-9.095202244679967e-07,-1.7199672583956271e-06,-1.7199672583956271e-06,1000.0,5.0
0.6291666666666657,0.0,-1.037333774434046e-07,2.0745355868712068e-05,6.597484780712648e-09,6.597484780712648e-09,9.439190762350336e-08,-9.095188602259441e-07,-1.7199417925439775e-06,-1.7199417925439775e-06,1000.0,5.0
0.6333333333333323,0.0,-1.037333774434046e-07,2.074535768770147e-05,6.5980549912580955e-09,6.5980549912580955e-09,9.439190762350336e-08,-9.095202244679967e-07,-1.7200109141413122e-06,-1.7200109141413122e-06,1000.0,5.0
0.637499999999999,0.0,-1.037333774434046e-07,2.0745355868712068e-05,6.589665257905608e-09,6.589665257905608e-09,9.439190762350336e-08,-9.095207360587665e-07,-1.7199417925439775e-06,-1.7199417925439775e-06,1000.0,5.0
0.6416666666666656,0.0,-1.037333774434046e-07,2.0745355868712068e-05,6.597484336623438e-09,6.597484336623438e-09,9.439190762350336e-08,-9.095193718167138e-07,-1.7199163266923279e-06,-1.7199163266923279e-06,1000.0,5.0
0.6458333333333323,0.0,-1.037333774434046e-07,2.0745355868712068e-05,6.5980549912580955e-09,6.5980549912580955e-09,9.439190762350336e-08,-9.0951806441808e-07,-1.7199854482896626e-06,-1.7199854482896626e-06,1000.0,5.0
0.6499999999999989,0.0,-1.037333774434046e-07,2.074535768770147e-05,6.598096735643821e-09,6.598096735643821e-09,9.439190762350336e-08,-9.095194286601327e-07,-1.7200509319081903e-06,-1.7200509319081903e-06,1000.0,5.0
0.6541666666666656,0.0,-1.037333774434046e-07,2.0745355868712068e-05,6.589667922440867e-09,6.589667922440867e-09,9.439190762350336e-08,-9.095199402509024e-07,-1.7199818103108555e-06,-1.7199818103108555e-06,1000.0,5.0
0.6583333333333322,0.0,-1.037333774434046e-07,2.0745355868712068e-05,6.597484780712648e-09,6.597484780712648e-09,9.439190762350336e-08,-9.095185760088498e-07,-1.7199563444592059e-06,-1.7199563444592059e-06,1000.0,5.0
0.6624999999999989,0.0,-1.037333774434046e-07,2.074535768770147e-05,6.5980549912580955e-09,6.5980549912580955e-09,9.439190762350336e-08,-9.095199402509024e-07,-1.7200254660565406e-06,-1.7200254660565406e-06,1000.0,5.0
0.6666666666666655,0.0,-1.037333774434046e-07,2.0745355868712068e-05,6.589665257905608e-09,6.589665257905608e-09,9.439190762350336e-08,-9.095204518416722e-07,-1.7199563444592059e-06,-1.7199563444592059e-06,1000.0,5.0
0.6708333333333322,0.0,-1.037333774434046e-07,2.0745355868712068e-05,6.597484336623438e-09,6.597484336623438e-09,9.439190762350336e-08,-9.095190875996195e-07,-1.7199308786075562e-06,-1.7199308786075562e-06,1000.0,5.0
0.6749999999999988,0.0,-1.037333774434046e-07,2.074535768770147e-05,6.5980549912580955e-09,6.5980549912580955e-09,9.439190762350336e-08,-9.095204518416722e-07,-1.720000000204891e-06,-1.720000000204891e-06,1000.0,5.0
0.6791666666666655,0.0,-1.037333774434046e-07,2.0745355868712068e-05,6.589665257905608e-09,6.589665257905608e-09,9.439190762350336e-08,-9.095209634324419e-07,-1.7199308786075562e-06,-1.7199308786075562e-06,1000.0,5.0
0.6833333333333321,0.0,-1.037333774434046e-07,2.0745355868712068e-05,6.597484336623438e-09,6.597484336623438e-09,9.439190762350336e-08,-9.095195991903893e-07,-1.7199054127559066e-06,-1.7199054127559066e-06,1000.0,5.0
0.6874999999999988,0.0,-1.037333774434046e-07,2.0745355868712068e-05,6.5980549912580955e-09,6.5980549912580955e-09,9.439190762350336e-08,-9.095182917917555e-07,-1.7199745343532413e-06,-1.7199745343532413e-06,1000.0,5.0
0.6916666666666654,0.0,-1.037333774434046e-07,2.074535768770147e-05,6.598096735643821e-09,6.598096735643821e-09,9.439190762350336e-08,-9.095196560338081e-07,-1.720040017971769e-06,-1.720040017971769e-06,1000.0,5.0
0.6958333333333321,0.0,-1.037333774434046e-07,2.0745355868712068e-05,6.589667922440867e-09,6.589667922440867e-09,9.439190762350336e-08,-9.095201676245779e-07,-1.7199708963744342e-06,-1.7199708963744342e-06,1000.0,5.0
0.6999999999999987,0.0,-1.037333774434046e-07,2.0745355868712068e-05,6.597484780712648e-09,6.597484780712648e-09,9.439190762350336e-08,-9.095188033825252e-07,-1.7199454305227846e-06,-1.7199454305227846e-06,1000.0,5.0
0.7041666666666654,0.0,-1.037333774434046e-07,2.074535768770147e-05,6.5980549912580955e-09,6.5980549912580955e-09,9.439190762350336e-08,-9.095201676245779e-07,-1.7200145521201193e-06,-1.7200145521201193e-06,1000.0,5.0
0.708333333333332,0.0,-1.037333774434046e-07,2.0745355868712068e-05,6.589665257905608e-09,6.589665257905608e-09,9.439190762350336e-08,-9.095206792153476e-07,-1.7199454305227846e-06,-1.7199454305227846e-06,1000.0,5.0
0.7124999999999987,0.0,-1.037333774434046e-07,2.0745355868712068e-05,6.597484336623438e-09,6.597484336623438e-09,9.439190762350336e-08,-9.09519314973295e-07,-1.719919964671135e-06,-1.719919964671135e-06,1000.0,5.0
0.7166666666666653,0.0,-1.037333774434046e-07,2.0745355868712068e-05,6.5980549912580955e-09,6.5980549912580955e-09,9.439190762350336e-08,-9.095180075746612e-07,-1.7199890862684697e-06,-1.7199890862684697e-06,1000.0,5.0
0.720833333333332,0.0,-1.037333774434046e-07,2.074535768770147e-05,6.598096735643821e-09,6.598096735643821e-09,9.439190762350336e-08,-9.095193718167138e-07,-1.7200545698869973e-06,-1.7200545698869973e-06,1000.0,5.0
0.7249999999999986,0.0,-1.037333774434046e-07,2.0745355868712068e-05,6.589667922440867e-09,6.589667922440867e-09,9.439190762350336e-08,-9.095198834074836e-07,-1.7199854482896626e-06,-1.7199854482896626e-06,1000.0,5.0
0.7291666666666653,0.0,-1.037333774434046e-07,2.0745355868712068e-05,6.597484780712648e-09,6.597484780712648e-09,9.439190762350336e-08,-9.095185191654309e-07,-1.719959982438013e-06,-1.719959982438013e-06,1000.0,5.0
0.733333333333332,0.0,-1.037333774434046e-07,2.074535768770147e-05,6.5980549912580955e-09,6.5980549912580955e-09,9.439190762350336e-08,-9.095198834074836e-07,-1.7200291040353477e-06,-1.7200291040353477e-06,1000.0,5.0
0.7374999999999986,0.0,-1.037333774434046e-07,2.0745355868712068e-05,6.589665257905608e-09,6.589665257905608e-09,9.439190762350336e-08,-9.095203949982533e-07,-1.719959982438013e-06,-1.719959982438013e-06,1000.0,5.0
0.7416666666666653,0.0,-1.037333774434046e-07,2.0745355868712068e-05,6.597484336623438e-09,6.597484336623438e-09,9.439190762350336e-08,-9.095190307562007e-07,-1.7199345165863633e-06,-1.7199345165863633e-06,1000.0,5.0
0.7458333333333319,0.0,-1.037333774434046e-07,2.074535768770147e-05,6.5980549912580955e-09,6.5980549912580955e-09,9.439190762350336e-08,-9.095203949982533e-07,-1.720003638183698e-06,-1.720003638183698e-06,1000.0,5.0
0.7499999999999986,0.0,-1.037333774434046e-07,2.0745355868712068e-05,6.589665257905608e-09,6.589665257905608e-09,9.439190762350336e-08,-9.095209065890231e-07,-1.7199345165863633e-06,-1.7199345165863633e-06,1000.0,5.0
0.7541666666666652,0.0,-1.037333774434046e-07,2.0745355868712068e-05,6.597484336623438e-09,6.597484336623438e-09,9.439190762350336e-08,-9.095195423469704e-07,-1.7199090507347137e-06,-1.7199090507347137e-06,1000.0,5.0
0.7583333333333319,0.0,-1.037333774434046e-07,2.0745355868712068e-05,6.5980549912580955e-09,6.5980549912580955e-09,9.439190762350336e-08,-9.095182349483366e-07,-1.7199781723320484e-06,-1.7199781723320484e-06,1000.0,5.0
0.7624999999999985,0.0,-1.037333774434046e-07,2.074535768770147e-05,6.598096735643821e-09,6.598096735643821e-09,9.439190762350336e-08,-9.095195991903893e-07,-1.720043655950576e-06,-1.720043655950576e-06,1000.0,5.0
0.7666666666666652,0.0,-1.037333774434046e-07,2.0745355868712068e-05,6.589667922440867e-09,6.589667922440867e-09,9.439190762350336e-08,-9.09520110781159e-07,-1.7199745343532413e-06,-1.7199745343532413e-06,1000.0,5.0
0.7708333333333318,0.0,-1.037333774434046e-07,2.0745355868712068e-05,6.597484780712648e-09,6.597484780712648e-09,9.439190762350336e-08,-9.095187465391064e-07,-1.7199490685015917e-06,-1.7199490685015917e-06,1000.0,5.0
0.7749999999999985,0.0,-1.037333774434046e-07,2.074535768770147e-05,6.5980549912580955e-09,6.5980549912580955e-09,9.439190762350336e-08,-9.09520110781159e-07,-1.7200181900989264e-06,-1.7200181900989264e-06,1000.0,5.0
0.7791666666666651,0.0,-1.037333774434046e-07,2.0745355868712068e-05,6.589665257905608e-09,6.589665257905608e-09,9.439190762350336e-08,-9.095206223719288e-07,-1.7199490685015917e-06,-1.7199490685015917e-06,1000.0,5.0
0.7833333333333318,0.0,-1.037333774434046e-07,2.0745355868712068e-05,6.597484336623438e-09,6.597484336623438e-09,9.439190762350336e-08,-9.095192581298761e-07,-1.719923602649942e-06,-1.719923602649942e-06,1000.0,5.0
0.7874999999999984,0.0,-1.037333774434046e-07,2.074535768770147e-05,6.5980549912580955e-09,6.5980549912580955e-09,9.439190762350336e-08,-9.095206223719288e-07,-1.7199890862684697e-06,-1.7199890862684697e-06,1000.0,5.0
0.7916666666666651,0.0,-1.037333774434046e-07,2.0745355868712068e-05,6.589665257905608e-09,6.589665257905608e-09,9.439190762350336e-08,-9.095211339626985e-07,-1.719923602649942e-06,-1.719923602649942e-06,1000.0,5.0
0.7958333333333317,0.0,-1.037333774434046e-07,2.0745354049722664e-05,6.597484336623438e-09,6.597484336623438e-09,9.439190762350336e-08,-9.095190875996195e-07,-1.7198981367982924e-06,-1.7198981367982924e-06,1000.0,5.0
0.7999999999999984,0.0,-1.037333774434046e-07,2.074535768770147e-05,6.606486468996309e-09,6.606486468996309e-09,9.439190762350336e-08,-9.095207360587665e-07,-1.720000000204891e-06,-1.720000000204891e-06,1000.0,5.0
0.804166666666665,0.0,-1.037333774434046e-07,2.074535768770147e-05,6.5902803214612504e-09,6.5902803214612504e-09,9.439190762350336e-08,-9.09521361336374e-07,-1.7199163266923279e-06,-1.7199163266923279e-06,1000.0,5.0
0.8083333333333317,0.0,-1.037333774434046e-07,2.0745354049722664e-05,6.58909771189542e-09,6.58909771189542e-09,9.439190762350336e-08,-9.095210202758608e-07,-1.7198872228618711e-06,-1.7198872228618711e-06,1000.0,5.0
0.8124999999999983,0.0,-1.037333774434046e-07,2.0745355868712068e-05,6.605874514065135e-09,6.605874514065135e-09,9.439190762350336e-08,-9.095209065890231e-07,-1.7199017747770995e-06,-1.7199017747770995e-06,1000.0,5.0
0.816666666666665,0.0,-1.037333774434046e-07,2.0745355868712068e-05,6.598666946189269e-09,6.598666946189269e-09,9.439190762350336e-08,-9.095196560338081e-07,-1.7199090507347137e-06,-1.7199090507347137e-06,1000.0,5.0
0.8208333333333316,0.0,-1.037333774434046e-07,2.0745355868712068e-05,6.598141144564806e-09,6.598141144564806e-09,9.439190762350336e-08,-9.095183486351743e-07,-1.7199708963744342e-06,-1.7199708963744342e-06,1000.0,5.0
0.8249999999999983,0.0,-1.037333774434046e-07,2.074535768770147e-05,6.598102952892759e-09,6.598102952892759e-09,9.439190762350336e-08,-9.09519712877227e-07,-1.7200363799929619e-06,-1.7200363799929619e-06,1000.0,5.0
0.8291666666666649,0.0,-1.037333774434046e-07,2.0745355868712068e-05,6.589668366530077e-09,6.589668366530077e-09,9.439190762350336e-08,-9.095202244679967e-07,-1.7199672583956271e-06,-1.7199672583956271e-06,1000.0,5.0
0.8333333333333316,0.0,-1.037333774434046e-07,2.0745355868712068e-05,6.597484780712648e-09,6.597484780712648e-09,9.439190762350336e-08,-9.095188602259441e-07,-1.7199417925439775e-06,-1.7199417925439775e-06,1000.0,5.0
0.8374999999999982,0.0,-1.037333774434046e-07,2.074535768770147e-05,6.5980549912580955e-09,6.5980549912580955e-09,9.439190762350336e-08,-9.095202244679967e-07,-1.7200109141413122e-06,-1.7200109141413122e-06,1000.0,5.0
0.8416666666666649,0.0,-1.037333774434046e-07,2.0745355868712068e-05,6.589665257905608e-09,6.589665257905608e-09,9.439190762350336e-08,-9.095207360587665e-07,-1.7199417925439775e-06,-1.7199417925439775e-06,1000.0,5.0
0.8458333333333315,0.0,-1.037333774434046e-07,2.0745355868712068e-05,6.597484336623438e-09,6.597484336623438e-09,9.439190762350336e-08,-9.095193718167138e-07,-1.7199163266923279e-06,-1.7199163266923279e-06,1000.0,5.0
0.8499999999999982,0.0,-1.037333774434046e-07,2.0745355868712068e-05,6.5980549912580955e-09,6.5980549912580955e-09,9.439190762350336e-08,-9.0951806441808e-07,-1.7199854482896626e-06,-1.7199854482896626e-06,1000.0,5.0
0.8541666666666649,0.0,-1.037333774434046e-07,2.074535768770147e-05,6.598096735643821e-09,6.598096735643821e-09,9.439190762350336e-08,-9.095194286601327e-07,-1.7200509319081903e-06,-1.7200509319081903e-06,1000.0,5.0
0.8583333333333315,0.0,-1.037333774434046e-07,2.0745355868712068e-05,6.589667922440867e-09,6.589667922440867e-09,9.439190762350336e-08,-9.095199402509024e-07,-1.7199818103108555e-06,-1.7199818103108555e-06,1000.0,5.0
0.8624999999999982,0.0,-1.037333774434046e-07,2.0745355868712068e-05,6.597484780712648e-09,6.597484780712648e-09,9.439190762350336e-08,-9.095185760088498e-07,-1.7199563444592059e-06,-1.7199563444592059e-06,1000.0,5.0
0.8666666666666648,0.0,-1.037333774434046e-07,2.074535768770147e-05,6.5980549912580955e-09,6.5980549912580955e-09,9.439190762350336e-08,-9.095199402509024e-07,-1.7200254660565406e-06,-1.7200254660565406e-06,1000.0,5.0
0.8708333333333315,0.0,-1.037333774434046e-07,2.0745355868712068e-05,6.589665257905608e-09,6.589665257905608e-09,9.439190762350336e-08,-9.095204518416722e-07,-1.7199563444592059e-06,-1.7199563444592059e-06,1000.0,5.0
0.8749999999999981,0.0,-1.037333774434046e-07,2.0745355868712068e-05,6.597484336623438e-09,6.597484336623438e-09,9.439190762350336e-08,-9.095190875996195e-07,-1.7199308786075562e-06,-1.7199308786075562e-06,1000.0,5.0
0.8791666666666648,0.0,-1.037333774434046e-07,2.074535768770147e-05,6.5980549912580955e-09,6.5980549912580955e-09,9.439190762350336e-08,-9.095204518416722e-07,-1.720000000204891e-06,-1.720000000204891e-06,1000.0,5.0
0.8833333333333314,0.0,-1.037333774434046e-07,2.0745355868712068e-05,6.589665257905608e-09,6.589665257905608e-09,9.439190762350336e-08,-9.095209634324419e-07,-1.7199308786075562e-06,-1.7199308786075562e-06,1000.0,5.0
0.8874999999999981,0.0,-1.037333774434046e-07,2.0745355868712068e-05,6.597484336623438e-09,6.597484336623438e-09,9.439190762350336e-08,-9.095195991903893e-07,-1.7199054127559066e-06,-1.7199054127559066e-06,1000.0,5.0
0.8916666666666647,0.0,-1.037333774434046e-07,2.0745355868712068e-05,6.5980549912580955e-09,6.5980549912580955e-09,9.439190762350336e-08,-9.095182917917555e-07,-1.7199745343532413e-06,-1.7199745343532413e-06,1000.0,5.0
0.8958333333333314,0.0,-1.037333774434046e-07,2.074535768770147e-05,6.598096735643821e-09,6.598096735643821e-09,9.439190762350336e-08,-9.095196560338081e-07,-1.720040017971769e-06,-1.720040017971769e-06,1000.0,5.0
0.899999999999998,0.0,-1.037333774434046e-07,2.0745355868712068e-05,6.589667922440867e-09,6.589667922440867e-09,9.439190762350336e-08,-9.095201676245779e-07,-1.7199708963744342e-06,-1.7199708963744342e-06,1000.0,5.0
0.9041666666666647,0.0,-1.037333774434046e-07,2.0745355868712068e-05,6.597484780712648e-09,6.597484780712648e-09,9.439190762350336e-08,-9.095188033825252e-07,-1.7199454305227846e-06,-1.7199454305227846e-06,1000.0,5.0
0.9083333333333313,0.0,-1.037333774434046e-07,2.074535768770147e-05,6.5980549912580955e-09,6.5980549912580955e-09,9.439190762350336e-08,-9.095201676245779e-07,-1.7200145521201193e-06,-1.7200145521201193e-06,1000.0,5.0
0.912499999999998,0.0,-1.037333774434046e-07,2.0745355868712068e-05,6.589665257905608e-09,6.589665257905608e-09,9.439190762350336e-08,-9.095206792153476e-07,-1.7199454305227846e-06,-1.7199454305227846e-06,1000.0,5.0
0.9166666666666646,0.0,-1.037333774434046e-07,2.0745355868712068e-05,6.597484336623438e-09,6.597484336623438e-09,9.439190762350336e-08,-9.09519314973295e-07,-1.719919964671135e-06,-1.719919964671135e-06,1000.0,5.0
0.9208333333333313,0.0,-1.037333774434046e-07,2.0745355868712068e-05,6.5980549912580955e-09,6.5980549912580955e-09,9.439190762350336e-08,-9.095180075746612e-07,-1.7199890862684697e-06,-1.7199890862684697e-06,1000.0,5.0
0.9249999999999979,0.0,-1.037333774434046e-07,2.074535768770147e-05,6.598096735643821e-09,6.598096735643821e-09,9.439190762350336e-08,-9.095193718167138e-07,-1.7200545698869973e-06,-1.7200545698869973e-06,1000.0,5.0
0.9291666666666646,0.0,-1.037333774434046e-07,2.0745355868712068e-05,6.589667922440867e-09,6.589667922440867e-09,9.439190762350336e-08,-9.095198834074836e-07,-1.7199854482896626e-06,-1.7199854482896626e-06,1000.0,5.0
0.9333333333333312,0.0,-1.037333774434046e-07,2.0745355868712068e-05,6.597484780712648e-09,6.597484780712648e-09,9.439190762350336e-08,-9.095185191654309e-07,-1.719959982438013e-06,-1.719959982438013e-06,1000.0,5.0
0.9374999999999979,0.0,-1.037333774434046e-07,2.074535768770147e-05,6.5980549912580955e-09,6.5980549912580955e-09,9.439190762350336e-08,-9.095198834074836e-07,-1.7200291040353477e-06,-1.7200291040353477e-06,1000.0,5.0
0.9416666666666645,0.0,-1.037333774434046e-07,2.0745355868712068e-05,6.589665257905608e-09,6.589665257905608e-09,9.439190762350336e-08,-9.095203949982533e-07,-1.719959982438013e-06,-1.719959982438013e-06,1000.0,5.0
0.9458333333333312,0.0,-1.037333774434046e-07,2.0745355868712068e-05,6.597484336623438e-09,6.597484336623438e-09,9.439190762350336e-08,-9.095190307562007e-07,-1.7199345165863633e-06,-1.7199345165863633e-06,1000.0,5.0
0.9499999999999978,0.0,-1.037333774434046e-07,2.074535768770147e-05,6.5980549912580955e-09,6.5980549912580955e-09,9.439190762350336e-08,-9.095203949982533e-07,-1.720003638183698e-06,-1.720003638183698e-06,1000.0,5.0
0.9541666666666645,0.0,-1.037333774434046e-07,2.0745355868712068e-05,6.589665257905608e-09,6.589665257905608e-09,9.439190762350336e-08,-9.095209065890231e-07,-1.7199345165863633e-06,-1.7199345165863633e-06,1000.0,5.0
0.9583333333333311,0.0,-1.037333774434046e-07,2.0745355868712068e-05,6.597484336623438e-09,6.597484336623438e-09,9.439190762350336e-08,-9.095195423469704e-07,-1.7199090507347137e-06,-1.7199090507347137e-06,1000.0,5.0
0.9624999999999978,0.0,-1.037333774434046e-07,2.0745355868712068e-05,6.5980549912580955e-09,6.5980549912580955e-09,9.439190762350336e-08,-9.095182349483366e-07,-1.7199781723320484e-06,-1.7199781723320484e-06,1000.0,5.0
0.9666666666666645,0.0,-1.037333774434046e-07,2.074535768770147e-05,6.598096735643821e-09,6.598096735643821e-09,9.439190762350336e-08,-9.095195991903893e-07,-1.720043655950576e-06,-1.720043655950576e-06,1000.0,5.0
0.9708333333333311,0.0,-1.037333774434046e-07,2.0745355868712068e-05,6.589667922440867e-09,6.589667922440867e-09,9.439190762350336e-08,-9.09520110781159e-07,-1.7199745343532413e-06,-1.7199745343532413e-06,1000.0,5.0
0.9749999999999978,0.0,-1.037333774434046e-07,2.0745355868712068e-05,6.597484780712648e-09,6.597484780712648e-09,9.439190762350336e-08,-9.095187465391064e-07,-1.7199490685015917e-06,-1.7199490685015917e-06,1000.0,5.0
0.9791666666666644,0.0,-1.037333774434046e-07,2.074535768770147e-05,6.5980549912580955e-09,6.5980549912580955e-09,9.439190762350336e-08,-9.09520110781159e-07,-1.7200181900989264e-06,-1.7200181900989264e-06,1000.0,5.0
0.9833333333333311,0.0,-1.037333774434046e-07,2.0745355868712068e-05,6.589665257905608e-09,6.589665257905608e-09,9.439190762350336e-08,-9.095206223719288e-07,-1.7199490685015917e-06,-1.7199490685015917e-06,1000.0,5.0
0.9874999999999977,0.0,-1.037333774434046e-07,2.0745355868712068e-05,6.597484336623438e-09,6.597484336623438e-09,9.439190762350336e-08,-9.095192581298761e-07,-1.719923602649942e-06,-1.719923602649942e-06,1000.0,5.0
0.9916666666666644,0.0,-1.037333774434046e-07,2.074535768770147e-05,6.5980549912580955e-09,6.5980549912580955e-09,9.439190762350336e-08,-9.095206223719288e-07,-1.7199890862684697e-06,-1.7199890862684697e-06,1000.0,5.0
0.995833333333331,0.0,-1.037333774434046e-07,2.0745355868712068e-05,6.589665257905608e-09,6.589665257905608e-09,9.439190762350336e-08,-9.095211339626985e-07,-1.719923602649942e-06,-1.719923602649942e-06,1000.0,5.0
0.9999999999999977,0.0,-1.037333774434046e-07,2.0745354049722664e-05,6.597484336623438e-09,6.597484336623438e-09,9.439190762350336e-08,-9.095190875996195e-07,-1.7198981367982924e-06,-1.7198981367982924e-06,1000.0,5.0
1.0041666666666644,0.0,-1.037333774434046e-07,2.074535768770147e-05,6.606486468996309e-09,6.606486468996309e-09,9.439190762350336e-08,-9.095207360587665e-07,-1.720000000204891e-06,-1.720000000204891e-06,1000.0,5.0
1.008333333333331,0.0,-1.037333774434046e-07,2.074535768770147e-05,6.5902803214612504e-09,6.5902803214612504e-09,9.439190762350336e-08,-9.09521361336374e-07,-1.7199163266923279e-06,-1.7199163266923279e-06,1000.0,5.0
1.0124999999999977,0.0,-1.037333774434046e-07,2.0745354049722664e-05,6.58909771189542e-09,6.58909771189542e-09,9.439190762350336e-08,-9.095210202758608e-07,-1.7198872228618711e-06,-1.7198872228618711e-06,1000.0,5.0
1.0166666666666644,0.0,-1.037333774434046e-07,2.0745355868712068e-05,6.605874514065135e-09,6.605874514065135e-09,9.439190762350336e-08,-9.095209065890231e-07,-1.7199017747770995e-06,-1.7199017747770995e-06,1000.0,5.0
1.020833333333331,0.0,-1.037333774434046e-07,2.0745355868712068e-05,6.598666946189269e-09,6.598666946189269e-09,9.439190762350336e-08,-9.095196560338081e-07,-1.7199090507347137e-06,-1.7199090507347137e-06,1000.0,5.0
1.0249999999999977,0.0,-1.037333774434046e-07,2.0745355868712068e-05,6.598141144564806e-09,6.598141144564806e-09,9.439190762350336e-08,-9.095183486351743e-07,-1.7199708963744342e-06,-1.7199708963744342e-06,1000.0,5.0
1.0291666666666643,0.0,-1.037333774434046e-07,2.074535768770147e-05,6.598102952892759e-09,6.598102952892759e-09,9.439190762350336e-08,-9.09519712877227e-07,-1.7200363799929619e-06,-1.7200363799929619e-06,1000.0,5.0
1.033333333333331,0.0,-1.037333774434046e-07,2.0745355868712068e-05,6.589668366530077e-09,6.589668366530077e-09,9.439190762350336e-08,-9.095202244679967e-07,-1.7199672583956271e-06,-1.7199672583956271e-06,1000.0,5.0
1.0374999999999976,0.0,-1.037333774434046e-07,2.0745355868712068e-05,6.597484780712648e-09,6.597484780712648e-09,9.439190762350336e-08,-9.095188602259441e-07,-1.7199417925439775e-06,-1.7199417925439775e-06,1000.0,5.0
1.0416666666666643,0.0,-1.037333774434046e-07,2.074535768770147e-05,6.5980549912580955e-09,6.5980549912580955e-09,9.439190762350336e-08,-9.095202244679967e-07,-1.7200109141413122e-06,-1.7200109141413122e-06,1000.0,5.0
1.045833333333331,0.0,-1.037333774434046e-07,2.0745355868712068e-05,6.589665257905608e-09,6.589665257905608e-09,9.439190762350336e-08,-9.095207360587665e-07,-1.7199417925439775e-06,-1.7199417925439775e-06,1000.0,5.0
1.0499999999999976,0.0,-1.037333774434046e-07,2.0745355868712068e-05,6.597484336623438e-09,6.597484336623438e-09,9.439190762350336e-08,-9.095193718167138e-07,-1.7199163266923279e-06,-1.7199163266923279e-06,1000.0,5.0
1.0541666666666643,0.0,-1.037333774434046e-07,2.0745355868712068e-05,6.5980549912580955e-09,6.5980549912580955e-09,9.439190762350336e-08,-9.0951806441808e-07,-1.7199854482896626e-06,-1.7199854482896626e-06,1000.0,5.0
1.058333333333331,0.0,-1.037333774434046e-07,2.074535768770147e-05,6.598096735643821e-09,6.598096735643821e-09,9.439190762350336e-08,-9.095194286601327e-07,-1.7200509319081903e-06,-1.7200509319081903e-06,1000.0,5.0
1.0624999999999976,0.0,-1.037333774434046e-07,2.0745355868712068e-05,6.589667922440867e-09,6.589667922440867e-09,9.439190762350336e-08,-9.095199402509024e-07,-1.7199818103108555e-06,-1.7199818103108555e-06,1000.0,5.0
1.0666666666666642,0.0,-1.037333774434046e-07,2.0745355868712068e-05,6.597484780712648e-09,6.597484780712648e-09,9.439190762350336e-08,-9.095185760088498e-07,-1.7199563444592059e-06,-1.7199563444592059e-06,1000.0,5.0
1.0708333333333309,0.0,-1.037333774434046e-07,2.074535768770147e-05,6.5980549912580955e-09,6.5980549912580955e-09,9.439190762350336e-08,-9.095199402509024e-07,-1.7200254660565406e-06,-1.7200254660565406e-06,1000.0,5.0
1.0749999999999975,0.0,-1.037333774434046e-07,2.0745355868712068e-05,6.589665257905608e-09,6.589665257905608e-09,9.439190762350336e-08,-9.095204518416722e-07,-1.7199563444592059e-06,-1.7199563444592059e-06,1000.0,5.0
1.0791666666666642,0.0,-1.037333774434046e-07,2.0745355868712068e-05,6.597484336623438e-09,6.597484336623438e-09,9.439190762350336e-08,-9.095190875996195e-07,-1.7199308786075562e-06,-1.7199308786075562e-06,1000.0,5.0
1.0833333333333308,0.0,-1.037333774434046e-07,2.074535768770147e-05,6.5980549912580955e-09,6.5980549912580955e-09,9.439190762350336e-08,-9.095204518416722e-07,-1.720000000204891e-06,-1.720000000204891e-06,1000.0,5.0
1.0874999999999975,0.0,-1.037333774434046e-07,2.0745355868712068e-05,6.589665257905608e-09,6.589665257905608e-09,9.439190762350336e-08,-9.095209634324419e-07,-1.7199308786075562e-06,-1.7199308786075562e-06,1000.0,5.0
1.0916666666666641,0.0,-1.037333774434046e-07,2.0745355868712068e-05,6.597484336623438e-09,6.597484336623438e-09,9.439190762350336e-08,-9.095195991903893e-07,-1.7199054127559066e-06,-1.7199054127559066e-06,1000.0,5.0
1.0958333333333308,0.0,-1.037333774434046e-07,2.0745355868712068e-05,6.5980549912580955e-09,6.5980549912580955e-09,9.439190762350336e-08,-9.095182917917555e-07,-1.7199745343532413e-06,-1.7199745343532413e-06,1000.0,5.0
1.0999999999999974,0.0,-1.037333774434046e-07,2.074535768770147e-05,6.598096735643821e-09,6.598096735643821e-09,9.439190762350336e-08,-9.095196560338081e-07,-1.720040017971769e-06,-1.720040017971769e-06,1000.0,5.0
1.104166666666664,0.0,-1.037333774434046e-07,2.0745355868712068e-05,6.589667922440867e-09,6.589667922440867e-09,9.439190762350336e-08,-9.095201676245779e-07,-1.7199708963744342e-06,-1.7199708963744342e-06,1000.0,5.0
1.1083333333333307,0.0,-1.037333774434046e-07,2.0745355868712068e-05,6.597484780712648e-09,6.597484780712648e-09,9.439190762350336e-08,-9.095188033825252e-07,-1.7199454305227846e-06,-1.7199454305227846e-06,1000.0,5.0
1.1124999999999974,0.0,-1.037333774434046e-07,2.074535768770147e-05,6.5980549912580955e-09,6.5980549912580955e-09,9.439190762350336e-08,-9.095201676245779e-07,-1.7200145521201193e-06,-1.7200145521201193e-06,1000.0,5.0
1.116666666666664,0.0,-1.037333774434046e-07,2.0745355868712068e-05,6.589665257905608e-09,6.589665257905608e-09,9.439190762350336e-08,-9.095206792153476e-07,-1.7199454305227846e-06,-1.7199454305227846e-06,1000.0,5.0
1.1208333333333307,0.0,-1.037333774434046e-07,2.0745355868712068e-05,6.597484336623438e-09,6.597484336623438e-09,9.439190762350336e-08,-9.09519314973295e-07,-1.719919964671135e-06,-1.719919964671135e-06,1000.0,5.0
1.1249999999999973,0.0,-1.037333774434046e-07,2.0745355868712068e-05,6.5980549912580955e-09,6.5980549912580955e-09,9.439190762350336e-08,-9.095180075746612e-07,-1.7199890862684697e-06,-1.7199890862684697e-06,1000.0,5.0
1.129166666666664,0.0,-1.037333774434046e-07,2.074535768770147e-05,6.598096735643821e-09,6.598096735643821e-09,9.439190762350336e-08,-9.095193718167138e-07,-1.7200545698869973e-06,-1.7200545698869973e-06,1000.0,5.0
1.1333333333333306,0.0,-1.037333774434046e-07,2.0745355868712068e-05,6.589667922440867e-09,6.589667922440867e-09,9.439190762350336e-08,-9.095198834074836e-07,-1.7199854482896626e-06,-1.7199854482896626e-06,1000.0,5.0
1.1374999999999973,0.0,-1.037333774434046e-07,2.0745355868712068e-05,6.597484780712648e-09,6.597484780712648e-09,9.439190762350336e-08,-9.095185191654309e-07,-1.719959982438013e-06,-1.719959982438013e-06,1000.0,5.0
1.141666666666664,0.0,-1.037333774434046e-07,2.074535768770147e-05,6.5980549912580955e-09,6.5980549912580955e-09,9.439190762350336e-08,-9.095198834074836e-07,-1.7200291040353477e-06,-1.7200291040353477e-06,1000.0,5.0
1.1458333333333306,0.0,-1.037333774434046e-07,2.0745355868712068e-05,6.589665257905608e-09,6.589665257905608e-09,9.439190762350336e-08,-9.095203949982533e-07,-1.719959982438013e-06,-1.719959982438013e-06,1000.0,5.0
1.1499999999999972,0.0,-1.037333774434046e-07,2.0745355868712068e-05,6.597484336623438e-09,6.597484336623438e-09,9.439190762350336e-08,-9.095190307562007e-07,-1.7199345165863633e-06,-1.7199345165863633e-06,1000.0,5.0
1.154166666666664,0.0,-1.037333774434046e-07,2.074535768770147e-05,6.5980549912580955e-09,6.5980549912580955e-09,9.439190762350336e-08,-9.095203949982533e-07,-1.720003638183698e-06,-1.720003638183698e-06,1000.0,5.0
1.1583333333333306,0.0,-1.037333774434046e-07,2.0745355868712068e-05,6.589665257905608e-09,6.589665257905608e-09,9.439190762350336e-08,-9.095209065890231e-07,-1.7199345165863633e-06,-1.7199345165863633e-06,1000.0,5.0
1.1624999999999972,0.0,-1.037333774434046e-07,2.0745355868712068e-05,6.597484336623438e-09,6.597484336623438e-09,9.439190762350336e-08,-9.095195423469704e-07,-1.7199090507347137e-06,-1.7199090507347137e-06,1000.0,5.0
1.1666666666666639,0.0,-1.037333774434046e-07,2.0745355868712068e-05,6.5980549912580955e-09,6.5980549912580955e-09,9.439190762350336e-08,-9.095182349483366e-07,-1.7199781723320484e-06,-1.7199781723320484e-06,1000.0,5.0
1.1708333333333305,0.0,-1.037333774434046e-07,2.074535768770147e-05,6.598096735643821e-09,6.598096735643821e-09,9.439190762350336e-08,-9.095195991903893e-07,-1.720043655950576e-06,-1.720043655950576e-06,1000.0,5.0
1.1749999999999972,0.0,-1.037333774434046e-07,2.0745355868712068e-05,6.589667922440867e-09,6.589667922440867e-09,9.439190762350336e-08,-9.09520110781159e-07,-1.7199745343532413e-06,-1.7199745343532413e-06,1000.0,5.0
1.1791666666666638,0.0,-1.037333774434046e-07,2.0745355868712068e-05,6.597484780712648e-09,6.597484780712648e-09,9.439190762350336e-08,-9.095187465391064e-07,-1.7199490685015917e-06,-1.7199490685015917e-06,1000.0,5.0
1.1833333333333305,0.0,-1.037333774434046e-07,2.074535768770147e-05,6.5980549912580955e-09,6.5980549912580955e-09,9.439190762350336e-08,-9.09520110781159e-07,-1.7200181900989264e-06,-1.7200181900989264e-06,1000.0,5.0
1.1874999999999971,0.0,-1.037333774434046e-07,2.0745355868712068e-05,6.589665257905608e-09,6.589665257905608e-09,9.439190762350336e-08,-9.095206223719288e-07,-1.7199490685015917e-06,-1.7199490685015917e-06,1000.0,5.0
1.1916666666666638,0.0,-1.037333774434046e-07,2.0745355868712068e-05,6.597484336623438e-09,6.597484336623438e-09,9.439190762350336e-08,-9.095192581298761e-07,-1.719923602649942e-06,-1.719923602649942e-06,1000.0,5.0
1.1958333333333304,0.0,-1.037333774434046e-07,2.074535768770147e-05,6.5980549912580955e-09,6.5980549912580955e-09,9.439190762350336e-08,-9.095206223719288e-07,-1.7199890862684697e-06,-1.7199890862684697e-06,1000.0,5.0
1.199999999999997,0.0,-1.037333774434046e-07,2.0745355868712068e-05,6.589665257905608e-09,6.589665257905608e-09,9.439190762350336e-08,-9.095211339626985e-07,-1.719923602649942e-06,-1.719923602649942e-06,1000.0,5.0
1.2041666666666637,0.0,-1.037333774434046e-07,2.0745354049722664e-05,6.597484336623438e-09,6.597484336623438e-09,9.439190762350336e-08,-9.095190875996195e-07,-1.7198981367982924e-06,-1.7198981367982924e-06,1000.0,5.0
1.2083333333333304,0.0,-1.037333774434046e-07,2.074535768770147e-05,6.606486468996309e-09,6.606486468996309e-09,9.439190762350336e-08,-9.095207360587665e-07,-1.720000000204891e-06,-1.720000000204891e-06,1000.0,5.0
1.212499999999997,0.0,-1.037333774434046e-07,2.074535768770147e-05,6.5902803214612504e-09,6.5902803214612504e-09,9.439190762350336e-08,-9.09521361336374e-07,-1.7199163266923279e-06,-1.7199163266923279e-06,1000.0,5.0
1.2166666666666637,0.0,-1.037333774434046e-07,2.0745354049722664e-05,6.58909771189542e-09,6.58909771189542e-09,9.439190762350336e-08,-9.095210202758608e-07,-1.7198872228618711e-06,-1.7198872228618711e-06,1000.0,5.0
1.2208333333333303,0.0,-1.037333774434046e-07,2.0745355868712068e-05,6.605874514065135e-09,6.605874514065135e-09,9.439190762350336e-08,-9.095209065890231e-07,-1.7199017747770995e-06,-1.7199017747770995e-06,1000.0,5.0
1.224999999999997,0.0,-1.037333774434046e-07,2.0745355868712068e-05,6.598666946189269e-09,6.598666946189269e-09,9.439190762350336e-08,-9.095196560338081e-07,-1.7199090507347137e-06,-1.7199090507347137e-06,1000.0,5.0
1.2291666666666636,0.0,-1.037333774434046e-07,2.0745355868712068e-05,6.598141144564806e-09,6.598141144564806e-09,9.439190762350336e-08,-9.095183486351743e-07,-1.7199708963744342e-06,-1.7199708963744342e-06,1000.0,5.0
1.2333333333333303,0.0,-1.037333774434046e-07,2.074535768770147e-05,6.598102952892759e-09,6.598102952892759e-09,9.439190762350336e-08,-9.09519712877227e-07,-1.7200363799929619e-06,-1.7200363799929619e-06,1000.0,5.0
1.237499999999997,0.0,-1.037333774434046e-07,2.0745355868712068e-05,6.589668366530077e-09,6.589668366530077e-09,9.439190762350336e-08,-9.095202244679967e-07,-1.7199672583956271e-06,-1.7199672583956271e-06,1000.0,5.0
1.2416666666666636,0.0,-1.037333774434046e-07,2.0745355868712068e-05,6.597484780712648e-09,6.597484780712648e-09,9.439190762350336e-08,-9.095188602259441e-07,-1.7199417925439775e-06,-1.7199417925439775e-06,1000.0,5.0
1.2458333333333302,0.0,-1.037333774434046e-07,2.074535768770147e-05,6.5980549912580955e-09,6.5980549912580955e-09,9.439190762350336e-08,-9.095202244679967e-07,-1.7200109141413122e-06,-1.7200109141413122e-06,1000.0,5.0
1.249999999999997,0.0,-1.037333774434046e-07,2.0745355868712068e-05,6.589665257905608e-09,6.589665257905608e-09,9.439190762350336e-08,-9.095207360587665e-07,-1.7199417925439775e-06,-1.7199417925439775e-06,1000.0,5.0
1.2541666666666635,0.0,-1.037333774434046e-07,2.0745355868712068e-05,6.597484336623438e-09,6.597484336623438e-09,9.439190762350336e-08,-9.095193718167138e-07,-1.7199163266923279e-06,-1.7199163266923279e-06,1000.0,5.0
1.2583333333333302,0.0,-1.037333774434046e-07,2.0745355868712068e-05,6.5980549912580955e-09,6.5980549912580955e-09,9.439190762350336e-08,-9.0951806441808e-07,-1.7199854482896626e-06,-1.7199854482896626e-06,1000.0,5.0
1.2624999999999968,0.0,-1.037333774434046e-07,2.074535768770147e-05,6.598096735643821e-09,6.598096735643821e-09,9.439190762350336e-08,-9.095194286601327e-07,-1.7200509319081903e-06,-1.7200509319081903e-06,1000.0,5.0
1.2666666666666635,0.0,-1.037333774434046e-07,2.0745355868712068e-05,6.589667922440867e-09,6.589667922440867e-09,9.439190762350336e-08,-9.095199402509024e-07,-1.7199818103108555e-06,-1.7199818103108555e-06,1000.0,5.0
1.2708333333333302,0.0,-1.037333774434046e-07,2.0745355868712068e-05,6.597484780712648e-09,6.597484780712648e-09,9.439190762350336e-08,-9.095185760088498e-07,-1.7199563444592059e-06,-1.7199563444592059e-06,1000.0,5.0
1.2749999999999968,0.0,-1.037333774434046e-07,2.074535768770147e-05,6.5980549912580955e-09,6.5980549912580955e-09,9.439190762350336e-08,-9.095199402509024e-07,-1.7200254660565406e-06,-1.7200254660565406e-06,1000.0,5.0
1.2791666666666635,0.0,-1.037333774434046e-07,2.0745355868712068e-05,6.589665257905608e-09,6.589665257905608e-09,9.439190762350336e-08,-9.095204518416722e-07,-1.7199563444592059e-06,-1.7199563444592059e-06,1000.0,5.0
1.28333333333333,0.0,-1.037333774434046e-07,2.0745355868712068e-05,6.597484336623438e-09,6.597484336623438e-09,9.439190762350336e-08,-9.095190875996195e-07,-1.7199308786075562e-06,-1.7199308786075562e-06,1000.0,5.0
1.2874999999999968,0.0,-1.037333774434046e-07,2.074535768770147e-05,6.5980549912580955e-09,6.5980549912580955e-09,9.439190762350336e-08,-9.095204518416722e-07,-1.720000000204891e-06,-1.720000000204891e-06,1000.0,5.0
1.2916666666666634,0.0,-1.037333774434046e-07,2.0745355868712068e-05,6.589665257905608e-09,6.589665257905608e-09,9.439190762350336e-08,-9.095209634324419e-07,-1.7199308786075562e-06,-1.7199308786075562e-06,1000.0,5.0
1.29583333333333,0.0,-1.037333774434046e-07,2.0745355868712068e-05,6.597484336623438e-09,6.597484336623438e-09,9.439190762350336e-08,-9.095195991903893e-07,-1.7199054127559066e-06,-1.7199054127559066e-06,1000.0,5.0
1.2999999999999967,0.0,-1.037333774434046e-07,2.0745355868712068e-05,6.5980549912580955e-09,6.5980549912580955e-09,9.439190762350336e-08,-9.095182917917555e-07,-1.7199745343532413e-06,-1.7199745343532413e-06,1000.0,5.0
1.3041666666666634,0.0,-1.037333774434046e-07,2.074535768770147e-05,6.598096735643821e-09,6.598096735643821e-09,9.439190762350336e-08,-9.095196560338081e-07,-1.720040017971769e-06,-1.720040017971769e-06,1000.0,5.0
1.30833333333333,0.0,-1.037333774434046e-07,2.0745355868712068e-05,6.589667922440867e-09,6.589667922440867e-09,9.439190762350336e-08,-9.095201676245779e-07,-1.7199708963744342e-06,-1.7199708963744342e-06,1000.0,5.0
1.3124999999999967,0.0,-1.037333774434046e-07,2.0745355868712068e-05,6.597484780712648e-09,6.597484780712648e-09,9.439190762350336e-08,-9.095188033825252e-07,-1.7199454305227846e-06,-1.7199454305227846e-06,1000.0,5.0
1.3166666666666633,0.0,-1.037333774434046e-07,2.074535768770147e-05,6.5980549912580955e-09,6.5980549912580955e-09,9.439190762350336e-08,-9.095201676245779e-07,-1.7200145521201193e-06,-1.7200145521201193e-06,1000.0,5.0
1.32083333333333,0.0,-1.037333774434046e-07,2.0745355868712068e-05,6.589665257905608e-09,6.589665257905608e-09,9.439190762350336e-08,-9.095206792153476e-07,-1.7199454305227846e-06,-1.7199454305227846e-06,1000.0,5.0
1.3249999999999966,0.0,-1.037333774434046e-07,2.0745355868712068e-05,6.597484336623438e-09,6.597484336623438e-09,9.439190762350336e-08,-9.09519314973295e-07,-1.719919964671135e-06,-1.719919964671135e-06,1000.0,5.0
1.3291666666666633,0.0,-1.037333774434046e-07,2.0745355868712068e-05,6.5980549912580955e-09,6.5980549912580955e-09,9.439190762350336e-08,-9.095180075746612e-07,-1.7199890862684697e-06,-1.7199890862684697e-06,1000.0,5.0
1.33333333333333,0.0,-1.037333774434046e-07,2.074535768770147e-05,6.598096735643821e-09,6.598096735643821e-09,9.439190762350336e-08,-9.095193718167138e-07,-1.7200545698869973e-06,-1.7200545698869973e-06,1000.0,5.0
1.3374999999999966,0.0,-1.037333774434046e-07,2.0745355868712068e-05,6.589667922440867e-09,6.589667922440867e-09,9.439190762350336e-08,-9.095198834074836e-07,-1.7199854482896626e-06,-1.7199854482896626e-06,1000.0,5.0
1.3416666666666632,0.0,-1.037333774434046e-07,2.0745355868712068e-05,6.597484780712648e-09,6.597484780712648e-09,9.439190762350336e-08,-9.095185191654309e-07,-1.719959982438013e-06,-1.719959982438013e-06,1000.0,5.0
1.3458333333333299,0.0,-1.037333774434046e-07,2.074535768770147e-05,6.5980549912580955e-09,6.5980549912580955e-09,9.439190762350336e-08,-9.095198834074836e-07,-1.7200291040353477e-06,-1.7200291040353477e-06,1000.0,5.0
1.3499999999999965,0.0,-1.037333774434046e-07,2.0745355868712068e-05,6.589665257905608e-09,6.589665257905608e-09,9.439190762350336e-08,-9.095203949982533e-07,-1.719959982438013e-06,-1.719959982438013e-06,1000.0,5.0
1.3541666666666632,0.0,-1.037333774434046e-07,2.0745355868712068e-05,6.597484336623438e-09,6.597484336623438e-09,9.439190762350336e-08,-9.095190307562007e-07,-1.7199345165863633e-06,-1.7199345165863633e-06,1000.0,5.0
1.3583333333333298,0.0,-1.037333774434046e-07,2.074535768770147e-05,6.5980549912580955e-09,6.5980549912580955e-09,9.439190762350336e-08,-9.095203949982533e-07,-1.720003638183698e-06,-1.720003638183698e-06,1000.0,5.0
1.3624999999999965,0.0,-1.037333774434046e-07,2.0745355868712068e-05,6.589665257905608e-09,6.589665257905608e-09,9.439190762350336e-08,-9.095209065890231e-07,-1.7199345165863633e-06,-1.7199345165863633e-06,1000.0,5.0
1.3666666666666631,0.0,-1.037333774434046e-07,2.0745355868712068e-05,6.597484336623438e-09,6.597484336623438e-09,9.439190762350336e-08,-9.095195423469704e-07,-1.7199090507347137e-06,-1.7199090507347137e-06,1000.0,5.0
1.3708333333333298,0.0,-1.037333774434046e-07,2.0745355868712068e-05,6.5980549912580955e-09,6.5980549912580955e-09,9.439190762350336e-08,-9.095182349483366e-07,-1.7199781723320484e-06,-1.7199781723320484e-06,1000.0,5.0
1.3749999999999964,0.0,-1.037333774434046e-07,2.074535768770147e-05,6.598096735643821e-09,6.598096735643821e-09,9.439190762350336e-08,-9.095195991903893e-07,-1.720043655950576e-06,-1.720043655950576e-06,1000.0,5.0
1.379166666666663,0.0,-1.037333774434046e-07,2.0745355868712068e-05,6.589667922440867e-09,6.589667922440867e-09,9.439190762350336e-08,-9.09520110781159e-07,-1.7199745343532413e-06,-1.7199745343532413e-06,1000.0,5.0
1.3833333333333298,0.0,-1.037333774434046e-07,2.0745355868712068e-05,6.597484780712648e-09,6.597484780712648e-09,9.439190762350336e-08,-9.095187465391064e-07,-1.7199490685015917e-06,-1.7199490685015917e-06,1000.0,5.0
1.3874999999999964,0.0,-1.037333774434046e-07,2.074535768770147e-05,6.5980549912580955e-09,6.5980549912580955e-09,9.439190762350336e-08,-9.09520110781159e-07,-1.7200181900989264e-06,-1.7200181900989264e-06,1000.0,5.0
1.391666666666663,0.0,-1.037333774434046e-07,2.0745355868712068e-05,6.589665257905608e-09,6.589665257905608e-09,9.439190762350336e-08,-9.095206223719288e-07,-1.7199490685015917e-06,-1.7199490685015917e-06,1000.0,5.0
1.3958333333333297,0.0,-1.037333774434046e-07,2.0745355868712068e-05,6.597484336623438e-09,6.597484336623438e-09,9.439190762350336e-08,-9.095192581298761e-07,-1.719923602649942e-06,-1.719923602649942e-06,1000.0,5.0
1.3999999999999964,0.0,-1.037333774434046e-07,2.074535768770147e-05,6.5980549912580955e-09,6.5980549912580955e-09,9.439190762350336e-08,-9.095206223719288e-07,-1.7199890862684697e-06,-1.7199890862684697e-06,1000.0,5.0
1.404166666666663,0.0,-1.037333774434046e-07,2.0745355868712068e-05,6.589665257905608e-09,6.589665257905608e-09,9.439190762350336e-08,-9.095211339626985e-07,-1.719923602649942e-06,-1.719923602649942e-06,1000.0,5.0
1.4083333333333297,0.0,-1.037333774434046e-07,2.0745354049722664e-05,6.597484336623438e-09,6.597484336623438e-09,9.439190762350336e-08,-9.095190875996195e-07,-1.7198981367982924e-06,-1.7198981367982924e-06,1000.0,5.0
1.4124999999999963,0.0,-1.037333774434046e-07,2.074535768770147e-05,6.606486468996309e-09,6.606486468996309e-09,9.439190762350336e-08,-9.095207360587665e-07,-1.720000000204891e-06,-1.720000000204891e-06,1000.0,5.0
1.416666666666663,0.0,-1.037333774434046e-07,2.074535768770147e-05,6.5902803214612504e-09,6.5902803214612504e-09,9.439190762350336e-08,-9.09521361336374e-07,-1.7199163266923279e-06,-1.7199163266923279e-06,1000.0,5.0
1.4208333333333296,0.0,-1.037333774434046e-07,2.0745354049722664e-05,6.58909771189542e-09,6.58909771189542e-09,9.439190762350336e-08,-9.095210202758608e-07,-1.7198872228618711e-06,-1.7198872228618711e-06,1000.0,5.0
1.4249999999999963,0.0,-1.037333774434046e-07,2.0745355868712068e-05,6.605874514065135e-09,6.605874514065135e-09,9.439190762350336e-08,-9.095209065890231e-07,-1.7199017747770995e-06,-1.7199017747770995e-06,1000.0,5.0
1.429166666666663,0.0,-1.037333774434046e-07,2.0745355868712068e-05,6.598666946189269e-09,6.598666946189269e-09,9.439190762350336e-08,-9.095196560338081e-07,-1.7199090507347137e-06,-1.7199090507347137e-06,1000.0,5.0
1.4333333333333296,0.0,-1.037333774434046e-07,2.0745355868712068e-05,6.598141144564806e-09,6.598141144564806e-09,9.439190762350336e-08,-9.095183486351743e-07,-1.7199708963744342e-06,-1.7199708963744342e-06,1000.0,5.0
1.4374999999999962,0.0,-1.037333774434046e-07,2.074535768770147e-05,6.598102952892759e-09,6.598102952892759e-09,9.439190762350336e-08,-9.09519712877227e-07,-1.7200363799929619e-06,-1.7200363799929619e-06,1000.0,5.0
1.4416666666666629,0.0,-1.037333774434046e-07,2.0745355868712068e-05,6.589668366530077e-09,6.589668366530077e-09,9.439190762350336e-08,-9.095202244679967e-07,-1.7199672583956271e-06,-1.7199672583956271e-06,1000.0,5.0
1.4458333333333295,0.0,-1.037333774434046e-07,2.0745355868712068e-05,6.597484780712648e-09,6.597484780712648e-09,9.439190762350336e-08,-9.095188602259441e-07,-1.7199417925439775e-06,-1.7199417925439775e-06,1000.0,5.0
1.4499999999999962,0.0,-1.037333774434046e-07,2.074535768770147e-05,6.5980549912580955e-09,6.5980549912580955e-09,9.439190762350336e-08,-9.095202244679967e-07,-1.7200109141413122e-06,-1.7200109141413122e-06,1000.0,5.0
1.4541666666666628,0.0,-1.037333774434046e-07,2.0745355868712068e-05,6.589665257905608e-09,6.589665257905608e-09,9.439190762350336e-08,-9.095207360587665e-07,-1.7199417925439775e-06,-1.7199417925439775e-06,1000.0,5.0
1.4583333333333295,0.0,-1.037333774434046e-07,2.0745355868712068e-05,6.597484336623438e-09,6.597484336623438e-09,9.439190762350336e-08,-9.095193718167138e-07,-1.7199163266923279e-06,-1.7199163266923279e-06,1000.0,5.0
1.4624999999999961,0.0,-1.037333774434046e-07,2.0745355868712068e-05,6.5980549912580955e-09,6.5980549912580955e-09,9.439190762350336e-08,-9.0951806441808e-07,-1.7199854482896626e-06,-1.7199854482896626e-06,1000.0,5.0
1.4666666666666628,0.0,-1.037333774434046e-07,2.074535768770147e-05,6.598096735643821e-09,6.598096735643821e-09,9.439190762350336e-08,-9.095194286601327e-07,-1.7200509319081903e-06,-1.7200509319081903e-06,1000.0,5.0
1.4708333333333294,0.0,-1.037333774434046e-07,2.0745355868712068e-05,6.589667922440867e-09,6.589667922440867e-09,9.439190762350336e-08,-9.095199402509024e-07,-1.7199818103108555e-06,-1.7199818103108555e-06,1000.0,5.0
1.474999999999996,0.0,-1.037333774434046e-07,2.0745355868712068e-05,6.597484780712648e-09,6.597484780712648e-09,9.439190762350336e-08,-9.095185760088498e-07,-1.7199563444592059e-06,-1.7199563444592059e-06,1000.0,5.0
1.4791666666666627,0.0,-1.037333774434046e-07,2.074535768770147e-05,6.5980549912580955e-09,6.5980549912580955e-09,9.439190762350336e-08,-9.095199402509024e-07,-1.7200254660565406e-06,-1.7200254660565406e-06,1000.0,5.0
1.4833333333333294,0.0,-1.037333774434046e-07,2.0745355868712068e-05,6.589665257905608e-09,6.589665257905608e-09,9.439190762350336e-08,-9.095204518416722e-07,-1.7199563444592059e-06,-1.7199563444592059e-06,1000.0,5.0
1.487499999999996,0.0,-1.037333774434046e-07,2.0745355868712068e-05,6.597484336623438e-09,6.597484336623438e-09,9.439190762350336e-08,-9.095190875996195e-07,-1.7199308786075562e-06,-1.7199308786075562e-06,1000.0,5.0
1.4916666666666627,0.0,-1.037333774434046e-07,2.074535768770147e-05,6.5980549912580955e-09,6.5980549912580955e-09,9.439190762350336e-08,-9.095204518416722e-07,-1.720000000204891e-06,-1.720000000204891e-06,1000.0,5.0
1.4958333333333294,0.0,-1.037333774434046e-07,2.0745355868712068e-05,6.589665257905608e-09,6.589665257905608e-09,9.439190762350336e-08,-9.095209634324419e-07,-1.7199308786075562e-06,-1.7199308786075562e-06,1000.0,5.0
1.499999999999996,0.0,-1.037333774434046e-07,2.0745355868712068e-05,6.597484336623438e-09,6.597484336623438e-09,9.439190762350336e-08,-9.095195991903893e-07,-1.7199054127559066e-06,-1.7199054127559066e-06,1000.0,5.0
1.5041666666666627,0.0,-1.037333774434046e-07,2.0745355868712068e-05,6.5980549912580955e-09,6.5980549912580955e-09,9.439190762350336e-08,-9.095182917917555e-07,-1.7199745343532413e-06,-1.7199745343532413e-06,1000.0,5.0
1.5083333333333293,0.0,-1.037333774434046e-07,2.074535768770147e-05,6.598096735643821e-09,6.598096735643821e-09,9.439190762350336e-08,-9.095196560338081e-07,-1.720040017971769e-06,-1.720040017971769e-06,1000.0,5.0
1.512499999999996,0.0,-1.037333774434046e-07,2.0745355868712068e-05,6.589667922440867e-09,6.589667922440867e-09,9.439190762350336e-08,-9.095201676245779e-07,-1.7199708963744342e-06,-1.7199708963744342e-06,1000.0,5.0
1.5166666666666626,0.0,-1.037333774434046e-07,2.0745355868712068e-05,6.597484780712648e-09,6.597484780712648e-09,9.439190762350336e-08,-9.095188033825252e-07,-1.7199454305227846e-06,-1.7199454305227846e-06,1000.0,5.0
1.5208333333333293,0.0,-1.037333774434046e-07,2.074535768770147e-05,6.5980549912580955e-09,6.5980549912580955e-09,9.439190762350336e-08,-9.095201676245779e-07,-1.7200145521201193e-06,-1.7200145521201193e-06,1000.0,5.0
1.524999999999996,0.0,-1.037333774434046e-07,2.0745355868712068e-05,6.589665257905608e-09,6.589665257905608e-09,9.439190762350336e-08,-9.095206792153476e-07,-1.7199454305227846e-06,-1.7199454305227846e-06,1000.0,5.0
1.5291666666666626,0.0,-1.037333774434046e-07,2.0745355868712068e-05,6.597484336623438e-09,6.597484336623438e-09,9.439190762350336e-08,-9.09519314973295e-07,-1.719919964671135e-06,-1.719919964671135e-06,1000.0,5.0
1.5333333333333292,0.0,-1.037333774434046e-07,2.0745355868712068e-05,6.5980549912580955e-09,6.5980549912580955e-09,9.439190762350336e-08,-9.095180075746612e-07,-1.7199890862684697e-06,-1.7199890862684697e-06,1000.0,5.0
1.5374999999999959,0.0,-1.037333774434046e-07,2.074535768770147e-05,6.598096735643821e-09,6.598096735643821e-09,9.439190762350336e-08,-9.095193718167138e-07,-1.7200545698869973e-06,-1.7200545698869973e-06,1000.0,5.0
1.5416666666666625,0.0,-1.037333774434046e-07,2.0745355868712068e-05,6.589667922440867e-09,6.589667922440867e-09,9.439190762350336e-08,-9.095198834074836e-07,-1.7199854482896626e-06,-1.7199854482896626e-06,1000.0,5.0
1.5458333333333292,0.0,-1.037333774434046e-07,2.0745355868712068e-05,6.597484780712648e-09,6.597484780712648e-09,9.439190762350336e-08,-9.095185191654309e-07,-1.719959982438013e-06,-1.719959982438013e-06,1000.0,5.0
1.5499999999999958,0.0,-1.037333774434046e-07,2.074535768770147e-05,6.5980549912580955e-09,6.5980549912580955e-09,9.439190762350336e-08,-9.095198834074836e-07,-1.7200291040353477e-06,-1.7200291040353477e-06,1000.0,5.0
1.5541666666666625,0.0,-1.037333774434046e-07,2.0745355868712068e-05,6.589665257905608e-09,6.589665257905608e-09,9.439190762350336e-08,-9.095203949982533e-07,-1.719959982438013e-06,-1.719959982438013e-06,1000.0,5.0
1.5583333333333291,0.0,-1.037333774434046e-07,2.0745355868712068e-05,6.597484336623438e-09,6.597484336623438e-09,9.439190762350336e-08,-9.095190307562007e-07,-1.7199345165863633e-06,-1.7199345165863633e-06,1000.0,5.0
1.5624999999999958,0.0,-1.037333774434046e-07,2.074535768770147e-05,6.5980549912580955e-09,6.5980549912580955e-09,9.439190762350336e-08,-9.095203949982533e-07,-1.720003638183698e-06,-1.720003638183698e-06,1000.0,5.0
1.5666666666666624,0.0,-1.037333774434046e-07,2.0745355868712068e-05,6.589665257905608e-09,6.589665257905608e-09,9.439190762350336e-08,-9.095209065890231e-07,-1.7199345165863633e-06,-1.7199345165863633e-06,1000.0,5.0
1.570833333333329,0.0,-1.037333774434046e-07,2.0745355868712068e-05,6.597484336623438e-09,6.597484336623438e-09,9.439190762350336e-08,-9.095195423469704e-07,-1.7199090507347137e-06,-1.7199090507347137e-06,1000.0,5.0
1.5749999999999957,0.0,-1.037333774434046e-07,2.0745355868712068e-05,6.5980549912580955e-09,6.5980549912580955e-09,9.439190762350336e-08,-9.095182349483366e-07,-1.7199781723320484e-06,-1.7199781723320484e-06,1000.0,5.0
1.5791666666666624,0.0,-1.037333774434046e-07,2.074535768770147e-05,6.598096735643821e-09,6.598096735643821e-09,9.439190762350336e-08,-9.095195991903893e-07,-1.720043655950576e-06,-1.720043655950576e-06,1000.0,5.0
1.583333333333329,0.0,-1.037333774434046e-07,2.0745355868712068e-05,6.589667922440867e-09,6.589667922440867e-09,9.439190762350336e-08,-9.09520110781159e-07,-1.7199745343532413e-06,-1.7199745343532413e-06,1000.0,5.0
1.5874999999999957,0.0,-1.037333774434046e-07,2.0745355868712068e-05,6.597484780712648e-09,6.597484780712648e-09,9.439190762350336e-08,-9.095187465391064e-07,-1.7199490685015917e-06,-1.7199490685015917e-06,1000.0,5.0
1.5916666666666623,0.0,-1.037333774434046e-07,2.074535768770147e-05,6.5980549912580955e-09,6.5980549912580955e-09,9.439190762350336e-08,-9.09520110781159e-07,-1.7200181900989264e-06,-1.7200181900989264e-06,1000.0,5.0
1.595833333333329,0.0,-1.037333774434046e-07,2.0745355868712068e-05,6.589665257905608e-09,6.589665257905608e-09,9.439190762350336e-08,-9.095206223719288e-07,-1.7199490685015917e-06,-1.7199490685015917e-06,1000.0,5.0
1.5999999999999956,0.0,-1.037333774434046e-07,2.0745355868712068e-05,6.597484336623438e-09,6.597484336623438e-09,9.439190762350336e-08,-9.095192581298761e-07,-1.719923602649942e-06,-1.719923602649942e-06,1000.0,5.0
1.6041666666666623,0.0,-1.037333774434046e-07,2.074535768770147e-05,6.5980549912580955e-09,6.5980549912580955e-09,9.439190762350336e-08,-9.095206223719288e-07,-1.7199890862684697e-06,-1.7199890862684697e-06,1000.0,5.0
1.608333333333329,0.0,-1.037333774434046e-07,2.0745355868712068e-05,6.589665257905608e-09,6.589665257905608e-09,9.439190762350336e-08,-9.095211339626985e-07,-1.719923602649942e-06,-1.719923602649942e-06,1000.0,5.0
1.6124999999999956,0.0,-1.037333774434046e-07,2.0745354049722664e-05,6.597484336623438e-09,6.597484336623438e-09,9.439190762350336e-08,-9.095190875996195e-07,-1.7198981367982924e-06,-1.7198981367982924e-06,1000.0,5.0
1.6166666666666623,0.0,-1.037333774434046e-07,2.074535768770147e-05,6.606486468996309e-09,6.606486468996309e-09,9.439190762350336e-08,-9.095207360587665e-07,-1.720000000204891e-06,-1.720000000204891e-06,1000.0,5.0
1.620833333333329,0.0,-1.037333774434046e-07,2.074535768770147e-05,6.5902803214612504e-09,6.5902803214612504e-09,9.439190762350336e-08,-9.09521361336374e-07,-1.7199163266923279e-06,-1.7199163266923279e-06,1000.0,5.0
1.6249999999999956,0.0,-1.037333774434046e-07,2.0745354049722664e-05,6.58909771189542e-09,6.58909771189542e-09,9.439190762350336e-08,-9.095210202758608e-07,-1.7198872228618711e-06,-1.7198872228618711e-06,1000.0,5.0
1.6291666666666622,0.0,-1.037333774434046e-07,2.0745355868712068e-05,6.605874514065135e-09,6.605874514065135e-09,9.439190762350336e-08,-9.095209065890231e-07,-1.7199017747770995e-06,-1.7199017747770995e-06,1000.0,5.0
1.6333333333333289,0.0,-1.037333774434046e-07,2.0745355868712068e-05,6.598666946189269e-09,6.598666946189269e-09,9.439190762350336e-08,-9.095196560338081e-07,-1.7199090507347137e-06,-1.7199090507347137e-06,1000.0,5.0
1.6374999999999955,0.0,-1.037333774434046e-07,2.0745355868712068e-05,6.598141144564806e-09,6.598141144564806e-09,9.439190762350336e-08,-9.095183486351743e-07,-1.7199708963744342e-06,-1.7199708963744342e-06,1000.0,5.0
1.6416666666666622,0.0,-1.037333774434046e-07,2.074535768770147e-05,6.598102952892759e-09,6.598102952892759e-09,9.439190762350336e-08,-9.09519712877227e-07,-1.7200363799929619e-06,-1.7200363799929619e-06,1000.0,5.0
1.6458333333333288,0.0,-1.037333774434046e-07,2.0745355868712068e-05,6.589668366530077e-09,6.589668366530077e-09,9.439190762350336e-08,-9.095202244679967e-07,-1.7199672583956271e-06,-1.7199672583956271e-06,1000.0,5.0
1.6499999999999955,0.0,-1.037333774434046e-07,2.0745355868712068e-05,6.597484780712648e-09,6.597484780712648e-09,9.439190762350336e-08,-9.095188602259441e-07,-1.7199417925439775e-06,-1.7199417925439775e-06,1000.0,5.0
1.6541666666666621,0.0,-1.037333774434046e-07,2.074535768770147e-05,6.5980549912580955e-09,6.5980549912580955e-09,9.439190762350336e-08,-9.095202244679967e-07,-1.7200109141413122e-06,-1.7200109141413122e-06,1000.0,5.0
1.6583333333333288,0.0,-1.037333774434046e-07,2.0745355868712068e-05,6.589665257905608e-09,6.589665257905608e-09,9.439190762350336e-08,-9.095207360587665e-07,-1.7199417925439775e-06,-1.7199417925439775e-06,1000.0,5.0
1.6624999999999954,0.0,-1.037333774434046e-07,2.0745355868712068e-05,6.597484336623438e-09,6.597484336623438e-09,9.439190762350336e-08,-9.095193718167138e-07,-1.7199163266923279e-06,-1.7199163266923279e-06,1000.0,5.0
1.666666666666662,0.0,-1.037333774434046e-07,2.0745355868712068e-05,6.5980549912580955e-09,6.5980549912580955e-09,9.439190762350336e-08,-9.0951806441808e-07,-1.7199854482896626e-06,-1.7199854482896626e-06,1000.0,5.0
1.6708333333333287,0.0,-1.037333774434046e-07,2.074535768770147e-05,6.598096735643821e-09,6.598096735643821e-09,9.439190762350336e-08,-9.095194286601327e-07,-1.7200509319081903e-06,-1.7200509319081903e-06,1000.0,5.0
1.6749999999999954,0.0,-1.037333774434046e-07,2.0745355868712068e-05,6.589667922440867e-09,6.589667922440867e-09,9.439190762350336e-08,-9.095199402509024e-07,-1.7199818103108555e-06,-1.7199818103108555e-06,1000.0,5.0
1.679166666666662,0.0,-1.037333774434046e-07,2.0745355868712068e-05,6.597484780712648e-09,6.597484780712648e-09,9.439190762350336e-08,-9.095185760088498e-07,-1.7199563444592059e-06,-1.7199563444592059e-06,1000.0,5.0
1.6833333333333287,0.0,-1.037333774434046e-07,2.074535768770147e-05,6.5980549912580955e-09,6.5980549912580955e-09,9.439190762350336e-08,-9.095199402509024e-07,-1.7200254660565406e-06,-1.7200254660565406e-06,1000.0,5.0
1.6874999999999953,0.0,-1.037333774434046e-07,2.0745355868712068e-05,6.589665257905608e-09,6.589665257905608e-09,9.439190762350336e-08,-9.095204518416722e-07,-1.7199563444592059e-06,-1.7199563444592059e-06,1000.0,5.0
1.691666666666662,0.0,-1.037333774434046e-07,2.0745355868712068e-05,6.597484336623438e-09,6.597484336623438e-09,9.439190762350336e-08,-9.095190875996195e-07,-1.7199308786075562e-06,-1.7199308786075562e-06,1000.0,5.0
1.6958333333333286,0.0,-1.037333774434046e-07,2.074535768770147e-05,6.5980549912580955e-09,6.5980549912580955e-09,9.439190762350336e-08,-9.095204518416722e-07,-1.720000000204891e-06,-1.720000000204891e-06,1000.0,5.0
1.6999999999999953,0.0,-1.037333774434046e-07,2.0745355868712068e-05,6.589665257905608e-09,6.589665257905608e-09,9.439190762350336e-08,-9.095209634324419e-07,-1.7199308786075562e-06,-1.7199308786075562e-06,1000.0,5.0
1.704166666666662,0.0,-1.037333774434046e-07,2.0745355868712068e-05,6.597484336623438e-09,6.597484336623438e-09,9.439190762350336e-08,-9.095195991903893e-07,-1.7199054127559066e-06,-1.7199054127559066e-06,1000.0,5.0
1.7083333333333286,0.0,-1.037333774434046e-07,2.0745355868712068e-05,6.5980549912580955e-09,6.5980549912580955e-09,9.439190762350336e-08,-9.095182917917555e-07,-1.7199745343532413e-06,-1.7199745343532413e-06,1000.0,5.0
1.7124999999999952,0.0,-1.037333774434046e-07,2.074535768770147e-05,6.598096735643821e-09,6.598096735643821e-09,9.439190762350336e-08,-9.095196560338081e-07,-1.720040017971769e-06,-1.720040017971769e-06,1000.0,5.0
1.716666666666662,0.0,-1.037333774434046e-07,2.0745355868712068e-05,6.589667922440867e-09,6.589667922440867e-09,9.439190762350336e-08,-9.095201676245779e-07,-1.7199708963744342e-06,-1.7199708963744342e-06,1000.0,5.0
1.7208333333333286,0.0,-1.037333774434046e-07,2.0745355868712068e-05,6.597484780712648e-09,6.597484780712648e-09,9.439190762350336e-08,-9.095188033825252e-07,-1.7199454305227846e-06,-1.7199454305227846e-06,1000.0,5.0
1.7249999999999952,0.0,-1.037333774434046e-07,2.074535768770147e-05,6.5980549912580955e-09,6.5980549912580955e-09,9.439190762350336e-08,-9.095201676245779e-07,-1.7200145521201193e-06,-1.7200145521201193e-06,1000.0,5.0
1.7291666666666619,0.0,-1.037333774434046e-07,2.0745355868712068e-05,6.589665257905608e-09,6.589665257905608e-09,9.439190762350336e-08,-9.095206792153476e-07,-1.7199454305227846e-06,-1.7199454305227846e-06,1000.0,5.0
1.7333333333333285,0.0,-1.037333774434046e-07,2.0745355868712068e-05,6.597484336623438e-09,6.597484336623438e-09,9.439190762350336e-08,-9.09519314973295e-07,-1.719919964671135e-06,-1.719919964671135e-06,1000.0,5.0
1.7374999999999952,0.0,-1.037333774434046e-07,2.0745355868712068e-05,6.5980549912580955e-09,6.5980549912580955e-09,9.439190762350336e-08,-9.095180075746612e-07,-1.7199890862684697e-06,-1.7199890862684697e-06,1000.0,5.0
1.7416666666666618,0.0,-1.037333774434046e-07,2.074535768770147e-05,6.598096735643821e-09,6.598096735643821e-09,9.439190762350336e-08,-9.095193718167138e-07,-1.7200545698869973e-06,-1.7200545698869973e-06,1000.0,5.0
1.7458333333333285,0.0,-1.037333774434046e-07,2.0745355868712068e-05,6.589667922440867e-09,6.589667922440867e-09,9.439190762350336e-08,-9.095198834074836e-07,-1.7199854482896626e-06,-1.7199854482896626e-06,1000.0,5.0
1.7499999999999951,0.0,-1.037333774434046e-07,2.0745355868712068e-05,6.597484780712648e-09,6.597484780712648e-09,9.439190762350336e-08,-9.095185191654309e-07,-1.719959982438013e-06,-1.719959982438013e-06,1000.0,5.0
1.7541666666666618,0.0,-1.037333774434046e-07,2.074535768770147e-05,6.5980549912580955e-09,6.5980549912580955e-09,9.439190762350336e-08,-9.095198834074836e-07,-1.7200291040353477e-06,-1.7200291040353477e-06,1000.0,5.0
1.7583333333333284,0.0,-1.037333774434046e-07,2.0745355868712068e-05,6.589665257905608e-09,6.589665257905608e-09,9.439190762350336e-08,-9.095203949982533e-07,-1.719959982438013e-06,-1.719959982438013e-06,1000.0,5.0
1.762499999999995,0.0,-1.037333774434046e-07,2.0745355868712068e-05,6.597484336623438e-09,6.597484336623438e-09,9.439190762350336e-08,-9.095190307562007e-07,-1.7199345165863633e-06,-1.7199345165863633e-06,1000.0,5.0
1.7666666666666617,0.0,-1.037333774434046e-07,2.074535768770147e-05,6.5980549912580955e-09,6.5980549912580955e-09,9.439190762350336e-08,-9.095203949982533e-07,-1.720003638183698e-06,-1.720003638183698e-06,1000.0,5.0
1.7708333333333284,0.0,-1.037333774434046e-07,2.0745355868712068e-05,6.589665257905608e-09,6.589665257905608e-09,9.439190762350336e-08,-9.095209065890231e-07,-1.7199345165863633e-06,-1.7199345165863633e-06,1000.0,5.0
1.774999999999995,0.0,-1.037333774434046e-07,2.0745355868712068e-05,6.597484336623438e-09,6.597484336623438e-09,9.439190762350336e-08,-9.095195423469704e-07,-1.7199090507347137e-06,-1.7199090507347137e-06,1000.0,5.0
1.7791666666666617,0.0,-1.037333774434046e-07,2.0745355868712068e-05,6.5980549912580955e-09,6.5980549912580955e-09,9.439190762350336e-08,-9.095182349483366e-07,-1.7199781723320484e-06,-1.7199781723320484e-06,1000.0,5.0
1.7833333333333283,0.0,-1.037333774434046e-07,2.074535768770147e-05,6.598096735643821e-09,6.598096735643821e-09,9.439190762350336e-08,-9.095195991903893e-07,-1.720043655950576e-06,-1.720043655950576e-06,1000.0,5.0
1.787499999999995,0.0,-1.037333774434046e-07,2.0745355868712068e-05,6.589667922440867e-09,6.589667922440867e-09,9.439190762350336e-08,-9.09520110781159e-07,-1.7199745343532413e-06,-1.7199745343532413e-06,1000.0,5.0
1.7916666666666616,0.0,-1.037333774434046e-07,2.0745355868712068e-05,6.597484780712648e-09,6.597484780712648e-09,9.439190762350336e-08,-9.095187465391064e-07,-1.7199490685015917e-06,-1.7199490685015917e-06,1000.0,5.0
1.7958333333333283,0.0,-1.037333774434046e-07,2.074535768770147e-05,6.5980549912580955e-09,6.5980549912580955e-09,9.439190762350336e-08,-9.09520110781159e-07,-1.7200181900989264e-06,-1.7200181900989264e-06,1000.0,5.0
1.799999999999995,0.0,-1.037333774434046e-07,2.0745355868712068e-05,6.589665257905608e-09,6.589665257905608e-09,9.439190762350336e-08,-9.095206223719288e-07,-1.7199490685015917e-06,-1.7199490685015917e-06,1000.0,5.0
1.8041666666666616,0.0,-1.037333774434046e-07,2.0745355868712068e-05,6.597484336623438e-09,6.597484336623438e-09,9.439190762350336e-08,-9.095192581298761e-07,-1.719923602649942e-06,-1.719923602649942e-06,1000.0,5.0
1.8083333333333282,0.0,-1.037333774434046e-07,2.074535768770147e-05,6.5980549912580955e-09,6.5980549912580955e-09,9.439190762350336e-08,-9.095206223719288e-07,-1.7199890862684697e-06,-1.7199890862684697e-06,1000.0,5.0
1.812499999999995,0.0,-1.037333774434046e-07,2.0745355868712068e-05,6.589665257905608e-09,6.589665257905608e-09,9.439190762350336e-08,-9.095211339626985e-07,-1.719923602649942e-06,-1.719923602649942e-06,1000.0,5.0
1.8166666666666615,0.0,-1.037333774434046e-07,2.0745354049722664e-05,6.597484336623438e-09,6.597484336623438e-09,9.439190762350336e-08,-9.095190875996195e-07,-1.7198981367982924e-06,-1.7198981367982924e-06,1000.0,5.0
1.8208333333333282,0.0,-1.037333774434046e-07,2.074535768770147e-05,6.606486468996309e-09,6.606486468996309e-09,9.439190762350336e-08,-9.095207360587665e-07,-1.720000000204891e-06,-1.720000000204891e-06,1000.0,5.0
1.8249999999999948,0.0,-1.037333774434046e-07,2.074535768770147e-05,6.5902803214612504e-09,6.5902803214612504e-09,9.439190762350336e-08,-9.09521361336374e-07,-1.7199163266923279e-06,-1.7199163266923279e-06,1000.0,5.0
1.8291666666666615,0.0,-1.037333774434046e-07,2.0745354049722664e-05,6.58909771189542e-09,6.58909771189542e-09,9.439190762350336e-08,-9.095210202758608e-07,-1.7198872228618711e-06,-1.7198872228618711e-06,1000.0,5.0
1.8333333333333282,0.0,-1.037333774434046e-07,2.0745355868712068e-05,6.605874514065135e-09,6.605874514065135e-09,9.439190762350336e-08,-9.095209065890231e-07,-1.7199017747770995e-06,-1.7199017747770995e-06,1000.0,5.0
1.8374999999999948,0.0,-1.037333774434046e-07,2.0745355868712068e-05,6.598666946189269e-09,6.598666946189269e-09,9.439190762350336e-08,-9.095196560338081e-07,-1.7199090507347137e-06,-1.7199090507347137e-06,1000.0,5.0
1.8416666666666615,0.0,-1.037333774434046e-07,2.0745355868712068e-05,6.598141144564806e-09,6.598141144564806e-09,9.439190762350336e-08,-9.095183486351743e-07,-1.7199708963744342e-06,-1.7199708963744342e-06,1000.0,5.0
1.845833333333328,0.0,-1.037333774434046e-07,2.074535768770147e-05,6.598102952892759e-09,6.598102952892759e-09,9.439190762350336e-08,-9.09519712877227e-07,-1.7200363799929619e-06,-1.7200363799929619e-06,1000.0,5.0
1.8499999999999948,0.0,-1.037333774434046e-07,2.0745355868712068e-05,6.589668366530077e-09,6.589668366530077e-09,9.439190762350336e-08,-9.095202244679967e-07,-1.7199672583956271e-06,-1.7199672583956271e-06,1000.0,5.0
1.8541666666666614,0.0,-1.037333774434046e-07,2.0745355868712068e-05,6.597484780712648e-09,6.597484780712648e-09,9.439190762350336e-08,-9.095188602259441e-07,-1.7199417925439775e-06,-1.7199417925439775e-06,1000.0,5.0
1.858333333333328,0.0,-1.037333774434046e-07,2.074535768770147e-05,6.5980549912580955e-09,6.5980549912580955e-09,9.439190762350336e-08,-9.095202244679967e-07,-1.7200109141413122e-06,-1.7200109141413122e-06,1000.0,5.0
1.8624999999999947,0.0,-1.037333774434046e-07,2.0745355868712068e-05,6.589665257905608e-09,6.589665257905608e-09,9.439190762350336e-08,-9.095207360587665e-07,-1.7199417925439775e-06,-1.7199417925439775e-06,1000.0,5.0
1.8666666666666614,0.0,-1.037333774434046e-07,2.0745355868712068e-05,6.597484336623438e-09,6.597484336623438e-09,9.439190762350336e-08,-9.095193718167138e-07,-1.7199163266923279e-06,-1.7199163266923279e-06,1000.0,5.0
1.870833333333328,0.0,-1.037333774434046e-07,2.0745355868712068e-05,6.5980549912580955e-09,6.5980549912580955e-09,9.439190762350336e-08,-9.0951806441808e-07,-1.7199854482896626e-06,-1.7199854482896626e-06,1000.0,5.0
1.8749999999999947,0.0,-1.037333774434046e-07,2.074535768770147e-05,6.598096735643821e-09,6.598096735643821e-09,9.439190762350336e-08,-9.095194286601327e-07,-1.7200509319081903e-06,-1.7200509319081903e-06,1000.0,5.0
1.8791666666666613,0.0,-1.037333774434046e-07,2.0745355868712068e-05,6.589667922440867e-09,6.589667922440867e-09,9.439190762350336e-08,-9.095199402509024e-07,-1.7199818103108555e-06,-1.7199818103108555e-06,1000.0,5.0
1.883333333333328,0.0,-1.037333774434046e-07,2.0745355868712068e-05,6.597484780712648e-09,6.597484780712648e-09,9.439190762350336e-08,-9.095185760088498e-07,-1.7199563444592059e-06,-1.7199563444592059e-06,1000.0,5.0
1.8874999999999946,0.0,-1.037333774434046e-07,2.074535768770147e-05,6.5980549912580955e-09,6.5980549912580955e-09,9.439190762350336e-08,-9.095199402509024e-07,-1.7200254660565406e-06,-1.7200254660565406e-06,1000.0,5.0
1.8916666666666613,0.0,-1.037333774434046e-07,2.0745355868712068e-05,6.589665257905608e-09,6.589665257905608e-09,9.439190762350336e-08,-9.095204518416722e-07,-1.7199563444592059e-06,-1.7199563444592059e-06,1000.0,5.0
1.895833333333328,0.0,-1.037333774434046e-07,2.0745355868712068e-05,6.597484336623438e-09,6.597484336623438e-09,9.439190762350336e-08,-9.095190875996195e-07,-1.7199308786075562e-06,-1.7199308786075562e-06,1000.0,5.0
1.8999999999999946,0.0,-1.037333774434046e-07,2.074535768770147e-05,6.5980549912580955e-09,6.5980549912580955e-09,9.439190762350336e-08,-9.095204518416722e-07,-1.720000000204891e-06,-1.720000000204891e-06,1000.0,5.0
1.9041666666666612,0.0,-1.037333774434046e-07,2.0745355868712068e-05,6.589665257905608e-09,6.589665257905608e-09,9.439190762350336e-08,-9.095209634324419e-07,-1.7199308786075562e-06,-1.7199308786075562e-06,1000.0,5.0
1.9083333333333279,0.0,-1.037333774434046e-07,2.0745355868712068e-05,6.597484336623438e-09,6.597484336623438e-09,9.439190762350336e-08,-9.095195991903893e-07,-1.7199054127559066e-06,-1.7199054127559066e-06,1000.0,5.0
1.9124999999999945,0.0,-1.037333774434046e-07,2.0745355868712068e-05,6.5980549912580955e-09,6.5980549912580955e-09,9.439190762350336e-08,-9.095182917917555e-07,-1.7199745343532413e-06,-1.7199745343532413e-06,1000.0,5.0
1.9166666666666612,0.0,-1.037333774434046e-07,2.074535768770147e-05,6.598096735643821e-09,6.598096735643821e-09,9.439190762350336e-08,-9.095196560338081e-07,-1.720040017971769e-06,-1.720040017971769e-06,1000.0,5.0
1.9208333333333278,0.0,-1.037333774434046e-07,2.0745355868712068e-05,6.589667922440867e-09,6.589667922440867e-09,9.439190762350336e-08,-9.095201676245779e-07,-1.7199708963744342e-06,-1.7199708963744342e-06,1000.0,5.0
1.9249999999999945,0.0,-1.037333774434046e-07,2.0745355868712068e-05,6.597484780712648e-09,6.597484780712648e-09,9.439190762350336e-08,-9.095188033825252e-07,-1.7199454305227846e-06,-1.7199454305227846e-06,1000.0,5.0
1.9291666666666611,0.0,-1.037333774434046e-07,2.074535768770147e-05,6.5980549912580955e-09,6.5980549912580955e-09,9.439190762350336e-08,-9.095201676245779e-07,-1.7200145521201193e-06,-1.7200145521201193e-06,1000.0,5.0
1.9333333333333278,0.0,-1.037333774434046e-07,2.0745355868712068e-05,6.589665257905608e-09,6.589665257905608e-09,9.439190762350336e-08,-9.095206792153476e-07,-1.7199454305227846e-06,-1.7199454305227846e-06,1000.0,5.0
1.9374999999999944,0.0,-1.037333774434046e-07,2.0745355868712068e-05,6.597484336623438e-09,6.597484336623438e-09,9.439190762350336e-08,-9.09519314973295e-07,-1.719919964671135e-06,-1.719919964671135e-06,1000.0,5.0
1.941666666666661,0.0,-1.037333774434046e-07,2.0745355868712068e-05,6.5980549912580955e-09,6.5980549912580955e-09,9.439190762350336e-08,-9.095180075746612e-07,-1.7199890862684697e-06,-1.7199890862684697e-06,1000.0,5.0
1.9458333333333278,0.0,-1.037333774434046e-07,2.074535768770147e-05,6.598096735643821e-09,6.598096735643821e-09,9.439190762350336e-08,-9.095193718167138e-07,-1.7200545698869973e-06,-1.7200545698869973e-06,1000.0,5.0
1.9499999999999944,0.0,-1.037333774434046e-07,2.0745355868712068e-05,6.589667922440867e-09,6.589667922440867e-09,9.439190762350336e-08,-9.095198834074836e-07,-1.7199854482896626e-06,-1.7199854482896626e-06,1000.0,5.0
1.954166666666661,0.0,-1.037333774434046e-07,2.0745355868712068e-05,6.597484780712648e-09,6.597484780712648e-09,9.439190762350336e-08,-9.095185191654309e-07,-1.719959982438013e-06,-1.719959982438013e-06,1000.0,5.0
1.9583333333333277,0.0,-1.037333774434046e-07,2.074535768770147e-05,6.5980549912580955e-09,6.5980549912580955e-09,9.439190762350336e-08,-9.095198834074836e-07,-1.7200291040353477e-06,-1.7200291040353477e-06,1000.0,5.0
1.9624999999999944,0.0,-1.037333774434046e-07,2.0745355868712068e-05,6.589665257905608e-09,6.589665257905608e-09,9.439190762350336e-08,-9.095203949982533e-07,-1.719959982438013e-06,-1.719959982438013e-06,1000.0,5.0
1.966666666666661,0.0,-1.037333774434046e-07,2.0745355868712068e-05,6.597484336623438e-09,6.597484336623438e-09,9.439190762350336e-08,-9.095190307562007e-07,-1.7199345165863633e-06,-1.7199345165863633e-06,1000.0,5.0
1.9708333333333277,0.0,-1.037333774434046e-07,2.074535768770147e-05,6.5980549912580955e-09,6.5980549912580955e-09,9.439190762350336e-08,-9.095203949982533e-07,-1.720003638183698e-06,-1.720003638183698e-06,1000.0,5.0
1.9749999999999943,0.0,-1.037333774434046e-07,2.0745355868712068e-05,6.589665257905608e-09,6.589665257905608e-09,9.439190762350336e-08,-9.095209065890231e-07,-1.7199345165863633e-06,-1.7199345165863633e-06,1000.0,5.0
1.979166666666661,0.0,-1.037333774434046e-07,2.0745355868712068e-05,6.597484336623438e-09,6.597484336623438e-09,9.439190762350336e-08,-9.095195423469704e-07,-1.7199090507347137e-06,-1.7199090507347137e-06,1000.0,5.0
1.9833333333333276,0.0,-1.037333774434046e-07,2.0745355868712068e-05,6.5980549912580955e-09,6.5980549912580955e-09,9.439190762350336e-08,-9.095182349483366e-07,-1.7199781723320484e-06,-1.7199781723320484e-06,1000.0,5.0
1.9874999999999943,0.0,-1.037333774434046e-07,2.074535768770147e-05,6.598096735643821e-09,6.598096735643821e-09,9.439190762350336e-08,-9.095195991903893e-07,-1.720043655950576e-06,-1.720043655950576e-06,1000.0,5.0
1.991666666666661,0.0,-1.037333774434046e-07,2.0745355868712068e-05,6.589667922440867e-09,6.589667922440867e-09,9.439190762350336e-08,-9.09520110781159e-07,-1.7199745343532413e-06,-1.7199745343532413e-06,1000.0,5.0
1.9958333333333276,0.0,-1.037333774434046e-07,2.0745355868712068e-05,6.597484780712648e-09,6.597484780712648e-09,9.439190762350336e-08,-9.095187465391064e-07,-1.7199490685015917e-06,-1.7199490685015917e-06,1000.0,5.0
1.9999999999999942,0.0,-1.037333774434046e-07,2.074535768770147e-05,6.5980549912580955e-09,6.5980549912580955e-09,9.439190762350336e-08,-9.09520110781159e-07,-1.7200181900989264e-06,-1.7200181900989264e-06,1000.0,5.0
2.004166666666661,0.0,-1.037333774434046e-07,2.0745355868712068e-05,6.589665257905608e-09,6.589665257905608e-09,9.439190762350336e-08,-9.095206223719288e-07,-1.7199490685015917e-06,-1.7199490685015917e-06,1000.0,5.0
2.008333333333328,0.0,-1.037333774434046e-07,2.0745355868712068e-05,6.597484336623438e-09,6.597484336623438e-09,9.439190762350336e-08,-9.095192581298761e-07,-1.719923602649942e-06,-1.719923602649942e-06,1000.0,5.0
2.012499999999995,0.0,-1.037333774434046e-07,2.074535768770147e-05,6.5980549912580955e-09,6.5980549912580955e-09,9.439190762350336e-08,-9.095206223719288e-07,-1.7199890862684697e-06,-1.7199890862684697e-06,1000.0,5.0
2.0166666666666617,0.0,-1.037333774434046e-07,2.0745355868712068e-05,6.589665257905608e-09,6.589665257905608e-09,9.439190762350336e-08,-9.095211339626985e-07,-1.719923602649942e-06,-1.719923602649942e-06,1000.0,5.0
2.0208333333333286,0.0,-1.037333774434046e-07,2.0745354049722664e-05,6.597484336623438e-09,6.597484336623438e-09,9.439190762350336e-08,-9.095190875996195e-07,-1.7198981367982924e-06,-1.7198981367982924e-06,1000.0,5.0
2.0249999999999955,0.0,-1.037333774434046e-07,2.074535768770147e-05,6.606486468996309e-09,6.606486468996309e-09,9.439190762350336e-08,-9.095207360587665e-07,-1.720000000204891e-06,-1.720000000204891e-06,1000.0,5.0
2.0291666666666623,0.0,-1.037333774434046e-07,2.074535768770147e-05,6.5902803214612504e-09,6.5902803214612504e-09,9.439190762350336e-08,-9.09521361336374e-07,-1.7199163266923279e-06,-1.7199163266923279e-06,1000.0,5.0
2.033333333333329,0.0,-1.037333774434046e-07,2.0745354049722664e-05,6.58909771189542e-09,6.58909771189542e-09,9.439190762350336e-08,-9.095210202758608e-07,-1.7198872228618711e-06,-1.7198872228618711e-06,1000.0,5.0
2.037499999999996,0.0,-1.037333774434046e-07,2.0745355868712068e-05,6.605874514065135e-09,6.605874514065135e-09,9.439190762350336e-08,-9.095209065890231e-07,-1.7199017747770995e-06,-1.7199017747770995e-06,1000.0,5.0
2.041666666666663,0.0,-1.037333774434046e-07,2.0745355868712068e-05,6.598666946189269e-09,6.598666946189269e-09,9.439190762350336e-08,-9.095196560338081e-07,-1.7199090507347137e-06,-1.7199090507347137e-06,1000.0,5.0
2.04583333333333,0.0,-1.037333774434046e-07,2.0745355868712068e-05,6.598141144564806e-09,6.598141144564806e-09,9.439190762350336e-08,-9.095183486351743e-07,-1.7199708963744342e-06,-1.7199708963744342e-06,1000.0,5.0
2.0499999999999967,0.0,-1.037333774434046e-07,2.074535768770147e-05,6.598102952892759e-09,6.598102952892759e-09,9.439190762350336e-08,-9.09519712877227e-07,-1.7200363799929619e-06,-1.7200363799929619e-06,1000.0,5.0
2.0541666666666636,0.0,-1.037333774434046e-07,2.0745355868712068e-05,6.589668366530077e-09,6.589668366530077e-09,9.439190762350336e-08,-9.095202244679967e-07,-1.7199672583956271e-06,-1.7199672583956271e-06,1000.0,5.0
2.0583333333333305,0.0,-1.037333774434046e-07,2.0745355868712068e-05,6.597484780712648e-09,6.597484780712648e-09,9.439190762350336e-08,-9.095188602259441e-07,-1.7199417925439775e-06,-1.7199417925439775e-06,1000.0,5.0
2.0624999999999973,0.0,-1.037333774434046e-07,2.074535768770147e-05,6.5980549912580955e-09,6.5980549912580955e-09,9.439190762350336e-08,-9.095202244679967e-07,-1.7200109141413122e-06,-1.7200109141413122e-06,1000.0,5.0
2.066666666666664,0.0,-1.037333774434046e-07,2.0745355868712068e-05,6.589665257905608e-09,6.589665257905608e-09,9.439190762350336e-08,-9.095207360587665e-07,-1.7199417925439775e-06,-1.7199417925439775e-06,1000.0,5.0
2.070833333333331,0.0,-1.037333774434046e-07,2.0745355868712068e-05,6.597484336623438e-09,6.597484336623438e-09,9.439190762350336e-08,-9.095193718167138e-07,-1.7199163266923279e-06,-1.7199163266923279e-06,1000.0,5.0
2.074999999999998,0.0,-1.037333774434046e-07,2.0745355868712068e-05,6.5980549912580955e-09,6.5980549912580955e-09,9.439190762350336e-08,-9.0951806441808e-07,-1.7199854482896626e-06,-1.7199854482896626e-06,1000.0,5.0
2.079166666666665,0.0,-1.037333774434046e-07,2.074535768770147e-05,6.598096735643821e-09,6.598096735643821e-09,9.439190762350336e-08,-9.095194286601327e-07,-1.7200509319081903e-06,-1.7200509319081903e-06,1000.0,5.0
2.0833333333333317,0.0,-1.037333774434046e-07,2.0745355868712068e-05,6.589667922440867e-09,6.589667922440867e-09,9.439190762350336e-08,-9.095199402509024e-07,-1.7199818103108555e-06,-1.7199818103108555e-06,1000.0,5.0
2.0874999999999986,0.0,-1.037333774434046e-07,2.0745355868712068e-05,6.597484780712648e-09,6.597484780712648e-09,9.439190762350336e-08,-9.095185760088498e-07,-1.7199563444592059e-06,-1.7199563444592059e-06,1000.0,5.0
2.0916666666666655,0.0,-1.037333774434046e-07,2.074535768770147e-05,6.5980549912580955e-09,6.5980549912580955e-09,9.439190762350336e-08,-9.095199402509024e-07,-1.7200254660565406e-06,-1.7200254660565406e-06,1000.0,5.0
2.0958333333333323,0.0,-1.037333774434046e-07,2.0745355868712068e-05,6.589665257905608e-09,6.589665257905608e-09,9.439190762350336e-08,-9.095204518416722e-07,-1.7199563444592059e-06,-1.7199563444592059e-06,1000.0,5.0
2.099999999999999,0.0,-1.037333774434046e-07,2.0745355868712068e-05,6.597484336623438e-09,6.597484336623438e-09,9.439190762350336e-08,-9.095190875996195e-07,-1.7199308786075562e-06,-1.7199308786075562e-06,1000.0,5.0
2.104166666666666,0.0,-1.037333774434046e-07,2.074535768770147e-05,6.5980549912580955e-09,6.5980549912580955e-09,9.439190762350336e-08,-9.095204518416722e-07,-1.720000000204891e-06,-1.720000000204891e-06,1000.0,5.0
2.108333333333333,0.0,-1.037333774434046e-07,2.0745355868712068e-05,6.589665257905608e-09,6.589665257905608e-09,9.439190762350336e-08,-9.095209634324419e-07,-1.7199308786075562e-06,-1.7199308786075562e-06,1000.0,5.0
2.1125,0.0,-1.037333774434046e-07,2.0745355868712068e-05,6.597484336623438e-09,6.597484336623438e-09,9.439190762350336e-08,-9.095195991903893e-07,-1.7199054127559066e-06,-1.7199054127559066e-06,1000.0,5.0
2.1166666666666667,0.0,-1.037333774434046e-07,2.0745355868712068e-05,6.5980549912580955e-09,6.5980549912580955e-09,9.439190762350336e-08,-9.095182917917555e-07,-1.7199745343532413e-06,-1.7199745343532413e-06,1000.0,5.0
2.1208333333333336,0.0,-1.037333774434046e-07,2.074535768770147e-05,6.598096735643821e-09,6.598096735643821e-09,9.439190762350336e-08,-9.095196560338081e-07,-1.720040017971769e-06,-1.720040017971769e-06,1000.0,5.0
2.1250000000000004,0.0,-1.037333774434046e-07,2.0745355868712068e-05,6.589667922440867e-09,6.589667922440867e-09,9.439190762350336e-08,-9.095201676245779e-07,-1.7199708963744342e-06,-1.7199708963744342e-06,1000.0,5.0
2.1291666666666673,0.0,-1.037333774434046e-07,2.0745355868712068e-05,6.597484780712648e-09,6.597484780712648e-09,9.439190762350336e-08,-9.095188033825252e-07,-1.7199454305227846e-06,-1.7199454305227846e-06,1000.0,5.0
2.133333333333334,0.0,-1.037333774434046e-07,2.074535768770147e-05,6.5980549912580955e-09,6.5980549912580955e-09,9.439190762350336e-08,-9.095201676245779e-07,-1.7200145521201193e-06,-1.7200145521201193e-06,1000.0,5.0
2.137500000000001,0.0,-1.037333774434046e-07,2.0745355868712068e-05,6.589665257905608e-09,6.589665257905608e-09,9.439190762350336e-08,-9.095206792153476e-07,-1.7199454305227846e-06,-1.7199454305227846e-06,1000.0,5.0
2.141666666666668,0.0,-1.037333774434046e-07,2.0745355868712068e-05,6.597484336623438e-09,6.597484336623438e-09,9.439190762350336e-08,-9.09519314973295e-07,-1.719919964671135e-06,-1.719919964671135e-06,1000.0,5.0
2.145833333333335,0.0,-1.037333774434046e-07,2.0745355868712068e-05,6.5980549912580955e-09,6.5980549912580955e-09,9.439190762350336e-08,-9.095180075746612e-07,-1.7199890862684697e-06,-1.7199890862684697e-06,1000.0,5.0
2.1500000000000017,0.0,-1.037333774434046e-07,2.074535768770147e-05,6.598096735643821e-09,6.598096735643821e-09,9.439190762350336e-08,-9.095193718167138e-07,-1.7200545698869973e-06,-1.7200545698869973e-06,1000.0,5.0
2.1541666666666686,0.0,-1.037333774434046e-07,2.0745355868712068e-05,6.589667922440867e-09,6.589667922440867e-09,9.439190762350336e-08,-9.095198834074836e-07,-1.7199854482896626e-06,-1.7199854482896626e-06,1000.0,5.0
2.1583333333333354,0.0,-1.037333774434046e-07,2.0745355868712068e-05,6.597484780712648e-09,6.597484780712648e-09,9.439190762350336e-08,-9.095185191654309e-07,-1.719959982438013e-06,-1.719959982438013e-06,1000.0,5.0
2.1625000000000023,0.0,-1.037333774434046e-07,2.074535768770147e-05,6.5980549912580955e-09,6.5980549912580955e-09,9.439190762350336e-08,-9.095198834074836e-07,-1.7200291040353477e-06,-1.7200291040353477e-06,1000.0,5.0
2.166666666666669,0.0,-1.037333774434046e-07,2.0745355868712068e-05,6.589665257905608e-09,6.589665257905608e-09,9.439190762350336e-08,-9.095203949982533e-07,-1.719959982438013e-06,-1.719959982438013e-06,1000.0,5.0
2.170833333333336,0.0,-1.037333774434046e-07,2.0745355868712068e-05,6.597484336623438e-09,6.597484336623438e-09,9.439190762350336e-08,-9.095190307562007e-07,-1.7199345165863633e-06,-1.7199345165863633e-06,1000.0,5.0
2.175000000000003,0.0,-1.037333774434046e-07,2.074535768770147e-05,6.5980549912580955e-09,6.5980549912580955e-09,9.439190762350336e-08,-9.095203949982533e-07,-1.720003638183698e-06,-1.720003638183698e-06,1000.0,5.0
2.17916666666667,0.0,-1.037333774434046e-07,2.0745355868712068e-05,6.589665257905608e-09,6.589665257905608e-09,9.439190762350336e-08,-9.095209065890231e-07,-1.7199345165863633e-06,-1.7199345165863633e-06,1000.0,5.0
2.1833333333333367,0.0,-1.037333774434046e-07,2.0745355868712068e-05,6.597484336623438e-09,6.597484336623438e-09,9.439190762350336e-08,-9.095195423469704e-07,-1.7199090507347137e-06,-1.7199090507347137e-06,1000.0,5.0
2.1875000000000036,0.0,-1.037333774434046e-07,2.0745355868712068e-05,6.5980549912580955e-09,6.5980549912580955e-09,9.439190762350336e-08,-9.095182349483366e-07,-1.7199781723320484e-06,-1.7199781723320484e-06,1000.0,5.0
2.1916666666666704,0.0,-1.037333774434046e-07,2.074535768770147e-05,6.598096735643821e-09,6.598096735643821e-09,9.439190762350336e-08,-9.095195991903893e-07,-1.720043655950576e-06,-1.720043655950576e-06,1000.0,5.0
2.1958333333333373,0.0,-1.037333774434046e-07,2.0745355868712068e-05,6.589667922440867e-09,6.589667922440867e-09,9.439190762350336e-08,-9.09520110781159e-07,-1.7199745343532413e-06,-1.7199745343532413e-06,1000.0,5.0
2.200000000000004,0.0,-1.037333774434046e-07,2.0745355868712068e-05,6.597484780712648e-09,6.597484780712648e-09,9.439190762350336e-08,-9.095187465391064e-07,-1.7199490685015917e-06,-1.7199490685015917e-06,1000.0,5.0
2.204166666666671,0.0,-1.037333774434046e-07,2.074535768770147e-05,6.5980549912580955e-09,6.5980549912580955e-09,9.439190762350336e-08,-9.09520110781159e-07,-1.7200181900989264e-06,-1.7200181900989264e-06,1000.0,5.0
2.208333333333338,0.0,-1.037333774434046e-07,2.0745355868712068e-05,6.589665257905608e-09,6.589665257905608e-09,9.439190762350336e-08,-9.095206223719288e-07,-1.7199490685015917e-06,-1.7199490685015917e-06,1000.0,5.0
2.212500000000005,0.0,-1.037333774434046e-07,2.0745355868712068e-05,6.597484336623438e-09,6.597484336623438e-09,9.439190762350336e-08,-9.095192581298761e-07,-1.719923602649942e-06,-1.719923602649942e-06,1000.0,5.0
2.2166666666666717,0.0,-1.037333774434046e-07,2.074535768770147e-05,6.5980549912580955e-09,6.5980549912580955e-09,9.439190762350336e-08,-9.095206223719288e-07,-1.7199890862684697e-06,-1.7199890862684697e-06,1000.0,5.0
2.2208333333333385,0.0,-1.037333774434046e-07,2.0745355868712068e-05,6.589665257905608e-09,6.589665257905608e-09,9.439190762350336e-08,-9.095211339626985e-07,-1.719923602649942e-06,-1.719923602649942e-06,1000.0,5.0
2.2250000000000054,0.0,-1.037333774434046e-07,2.0745354049722664e-05,6.597484336623438e-09,6.597484336623438e-09,9.439190762350336e-08,-9.095190875996195e-07,-1.7198981367982924e-06,-1.7198981367982924e-06,1000.0,5.0
2.2291666666666723,0.0,-1.037333774434046e-07,2.074535768770147e-05,6.606486468996309e-09,6.606486468996309e-09,9.439190762350336e-08,-9.095207360587665e-07,-1.720000000204891e-06,-1.720000000204891e-06,1000.0,5.0
2.233333333333339,0.0,-1.037333774434046e-07,2.074535768770147e-05,6.5902803214612504e-09,6.5902803214612504e-09,9.439190762350336e-08,-9.09521361336374e-07,-1.7199163266923279e-06,-1.7199163266923279e-06,1000.0,5.0
2.237500000000006,0.0,-1.037333774434046e-07,2.0745354049722664e-05,6.58909771189542e-09,6.58909771189542e-09,9.439190762350336e-08,-9.095210202758608e-07,-1.7198872228618711e-06,-1.7198872228618711e-06,1000.0,5.0
2.241666666666673,0.0,-1.037333774434046e-07,2.0745355868712068e-05,6.605874514065135e-09,6.605874514065135e-09,9.439190762350336e-08,-9.095209065890231e-07,-1.7199017747770995e-06,-1.7199017747770995e-06,1000.0,5.0
2.24583333333334,0.0,-1.037333774434046e-07,2.0745355868712068e-05,6.598666946189269e-09,6.598666946189269e-09,9.439190762350336e-08,-9.095196560338081e-07,-1.7199090507347137e-06,-1.7199090507347137e-06,1000.0,5.0
2.2500000000000067,0.0,-1.037333774434046e-07,2.0745355868712068e-05,6.598141144564806e-09,6.598141144564806e-09,9.439190762350336e-08,-9.095183486351743e-07,-1.7199708963744342e-06,-1.7199708963744342e-06,1000.0,5.0
2.2541666666666735,0.0,-1.037333774434046e-07,2.074535768770147e-05,6.598102952892759e-09,6.598102952892759e-09,9.439190762350336e-08,-9.09519712877227e-07,-1.7200363799929619e-06,-1.7200363799929619e-06,1000.0,5.0
2.2583333333333404,0.0,-1.037333774434046e-07,2.0745355868712068e-05,6.589668366530077e-09,6.589668366530077e-09,9.439190762350336e-08,-9.095202244679967e-07,-1.7199672583956271e-06,-1.7199672583956271e-06,1000.0,5.0
2.2625000000000073,0.0,-1.037333774434046e-07,2.0745355868712068e-05,6.597484780712648e-09,6.597484780712648e-09,9.439190762350336e-08,-9.095188602259441e-07,-1.7199417925439775e-06,-1.7199417925439775e-06,1000.0,5.0
2.266666666666674,0.0,-1.037333774434046e-07,2.074535768770147e-05,6.5980549912580955e-09,6.5980549912580955e-09,9.439190762350336e-08,-9.095202244679967e-07,-1.7200109141413122e-06,-1.7200109141413122e-06,1000.0,5.0
2.270833333333341,0.0,-1.037333774434046e-07,2.0745355868712068e-05,6.589665257905608e-09,6.589665257905608e-09,9.439190762350336e-08,-9.095207360587665e-07,-1.7199417925439775e-06,-1.7199417925439775e-06,1000.0,5.0
2.275000000000008,0.0,-1.037333774434046e-07,2.0745355868712068e-05,6.597484336623438e-09,6.597484336623438e-09,9.439190762350336e-08,-9.095193718167138e-07,-1.7199163266923279e-06,-1.7199163266923279e-06,1000.0,5.0
2.279166666666675,0.0,-1.037333774434046e-07,2.0745355868712068e-05,6.5980549912580955e-09,6.5980549912580955e-09,9.439190762350336e-08,-9.0951806441808e-07,-1.7199854482896626e-06,-1.7199854482896626e-06,1000.0,5.0
2.2833333333333417,0.0,-1.037333774434046e-07,2.074535768770147e-05,6.598096735643821e-09,6.598096735643821e-09,9.439190762350336e-08,-9.095194286601327e-07,-1.7200509319081903e-06,-1.7200509319081903e-06,1000.0,5.0
2.2875000000000085,0.0,-1.037333774434046e-07,2.0745355868712068e-05,6.589667922440867e-09,6.589667922440867e-09,9.439190762350336e-08,-9.095199402509024e-07,-1.7199818103108555e-06,-1.7199818103108555e-06,1000.0,5.0
2.2916666666666754,0.0,-1.037333774434046e-07,2.0745355868712068e-05,6.597484780712648e-09,6.597484780712648e-09,9.439190762350336e-08,-9.095185760088498e-07,-1.7199563444592059e-06,-1.7199563444592059e-06,1000.0,5.0
2.2958333333333423,0.0,-1.037333774434046e-07,2.074535768770147e-05,6.5980549912580955e-09,6.5980549912580955e-09,9.439190762350336e-08,-9.095199402509024e-07,-1.7200254660565406e-06,-1.7200254660565406e-06,1000.0,5.0
2.300000000000009,0.0,-1.037333774434046e-07,2.0745355868712068e-05,6.589665257905608e-09,6.589665257905608e-09,9.439190762350336e-08,-9.095204518416722e-07,-1.7199563444592059e-06,-1.7199563444592059e-06,1000.0,5.0
2.304166666666676,0.0,-1.037333774434046e-07,2.0745355868712068e-05,6.597484336623438e-09,6.597484336623438e-09,9.439190762350336e-08,-9.095190875996195e-07,-1.7199308786075562e-06,-1.7199308786075562e-06,1000.0,5.0
2.308333333333343,0.0,-1.037333774434046e-07,2.074535768770147e-05,6.5980549912580955e-09,6.5980549912580955e-09,9.439190762350336e-08,-9.095204518416722e-07,-1.720000000204891e-06,-1.720000000204891e-06,1000.0,5.0
2.3125000000000098,0.0,-1.037333774434046e-07,2.0745355868712068e-05,6.589665257905608e-09,6.589665257905608e-09,9.439190762350336e-08,-9.095209634324419e-07,-1.7199308786075562e-06,-1.7199308786075562e-06,1000.0,5.0
2.3166666666666766,0.0,-1.037333774434046e-07,2.0745355868712068e-05,6.597484336623438e-09,6.597484336623438e-09,9.439190762350336e-08,-9.095195991903893e-07,-1.7199054127559066e-06,-1.7199054127559066e-06,1000.0,5.0
2.3208333333333435,0.0,-1.037333774434046e-07,2.0745355868712068e-05,6.5980549912580955e-09,6.5980549912580955e-09,9.439190762350336e-08,-9.095182917917555e-07,-1.7199745343532413e-06,-1.7199745343532413e-06,1000.0,5.0
2.3250000000000104,0.0,-1.037333774434046e-07,2.074535768770147e-05,6.598096735643821e-09,6.598096735643821e-09,9.439190762350336e-08,-9.095196560338081e-07,-1.720040017971769e-06,-1.720040017971769e-06,1000.0,5.0
2.3291666666666773,0.0,-1.037333774434046e-07,2.0745355868712068e-05,6.589667922440867e-09,6.589667922440867e-09,9.439190762350336e-08,-9.095201676245779e-07,-1.7199708963744342e-06,-1.7199708963744342e-06,1000.0,5.0
2.333333333333344,0.0,-1.037333774434046e-07,2.0745355868712068e-05,6.597484780712648e-09,6.597484780712648e-09,9.439190762350336e-08,-9.095188033825252e-07,-1.7199454305227846e-06,-1.7199454305227846e-06,1000.0,5.0
2.337500000000011,0.0,-1.037333774434046e-07,2.074535768770147e-05,6.5980549912580955e-09,6.5980549912580955e-09,9.439190762350336e-08,-9.095201676245779e-07,-1.7200145521201193e-06,-1.7200145521201193e-06,1000.0,5.0
2.341666666666678,0.0,-1.037333774434046e-07,2.0745355868712068e-05,6.589665257905608e-09,6.589665257905608e-09,9.439190762350336e-08,-9.095206792153476e-07,-1.7199454305227846e-06,-1.7199454305227846e-06,1000.0,5.0
2.3458333333333448,0.0,-1.037333774434046e-07,2.0745355868712068e-05,6.597484336623438e-09,6.597484336623438e-09,9.439190762350336e-08,-9.09519314973295e-07,-1.719919964671135e-06,-1.719919964671135e-06,1000.0,5.0
2.3500000000000116,0.0,-1.037333774434046e-07,2.0745355868712068e-05,6.5980549912580955e-09,6.5980549912580955e-09,9.439190762350336e-08,-9.095180075746612e-07,-1.7199890862684697e-06,-1.7199890862684697e-06,1000.0,5.0
2.3541666666666785,0.0,-1.037333774434046e-07,2.074535768770147e-05,6.598096735643821e-09,6.598096735643821e-09,9.439190762350336e-08,-9.095193718167138e-07,-1.7200545698869973e-06,-1.7200545698869973e-06,1000.0,5.0
2.3583333333333454,0.0,-1.037333774434046e-07,2.0745355868712068e-05,6.589667922440867e-09,6.589667922440867e-09,9.439190762350336e-08,-9.095198834074836e-07,-1.7199854482896626e-06,-1.7199854482896626e-06,1000.0,5.0
2.3625000000000123,0.0,-1.037333774434046e-07,2.0745355868712068e-05,6.597484780712648e-09,6.597484780712648e-09,9.439190762350336e-08,-9.095185191654309e-07,-1.719959982438013e-06,-1.719959982438013e-06,1000.0,5.0
2.366666666666679,0.0,-1.037333774434046e-07,2.074535768770147e-05,6.5980549912580955e-09,6.5980549912580955e-09,9.439190762350336e-08,-9.095198834074836e-07,-1.7200291040353477e-06,-1.7200291040353477e-06,1000.0,5.0
2.370833333333346,0.0,-1.037333774434046e-07,2.0745355868712068e-05,6.589665257905608e-09,6.589665257905608e-09,9.439190762350336e-08,-9.095203949982533e-07,-1.719959982438013e-06,-1.719959982438013e-06,1000.0,5.0
2.375000000000013,0.0,-1.037333774434046e-07,2.0745355868712068e-05,6.597484336623438e-09,6.597484336623438e-09,9.439190762350336e-08,-9.095190307562007e-07,-1.7199345165863633e-06,-1.7199345165863633e-06,1000.0,5.0
2.3791666666666798,0.0,-1.037333774434046e-07,2.074535768770147e-05,6.5980549912580955e-09,6.5980549912580955e-09,9.439190762350336e-08,-9.095203949982533e-07,-1.720003638183698e-06,-1.720003638183698e-06,1000.0,5.0
2.3833333333333466,0.0,-1.037333774434046e-07,2.0745355868712068e-05,6.589665257905608e-09,6.589665257905608e-09,9.439190762350336e-08,-9.095209065890231e-07,-1.7199345165863633e-06,-1.7199345165863633e-06,1000.0,5.0
2.3875000000000135,0.0,-1.037333774434046e-07,2.0745355868712068e-05,6.597484336623438e-09,6.597484336623438e-09,9.439190762350336e-08,-9.095195423469704e-07,-1.7199090507347137e-06,-1.7199090507347137e-06,1000.0,5.0
2.3916666666666804,0.0,-1.037333774434046e-07,2.0745355868712068e-05,6.5980549912580955e-09,6.5980549912580955e-09,9.439190762350336e-08,-9.095182349483366e-07,-1.7199781723320484e-06,-1.7199781723320484e-06,1000.0,5.0
2.3958333333333472,0.0,-1.037333774434046e-07,2.074535768770147e-05,6.598096735643821e-09,6.598096735643821e-09,9.439190762350336e-08,-9.095195991903893e-07,-1.720043655950576e-06,-1.720043655950576e-06,1000.0,5.0
2.400000000000014,0.0,-1.037333774434046e-07,2.0745355868712068e-05,6.589667922440867e-09,6.589667922440867e-09,9.439190762350336e-08,-9.09520110781159e-07,-1.7199745343532413e-06,-1.7199745343532413e-06,1000.0,5.0
2.404166666666681,0.0,-1.037333774434046e-07,2.0745355868712068e-05,6.597484780712648e-09,6.597484780712648e-09,9.439190762350336e-08,-9.095187465391064e-07,-1.7199490685015917e-06,-1.7199490685015917e-06,1000.0,5.0
2.408333333333348,0.0,-1.037333774434046e-07,2.074535768770147e-05,6.5980549912580955e-09,6.5980549912580955e-09,9.439190762350336e-08,-9.09520110781159e-07,-1.7200181900989264e-06,-1.7200181900989264e-06,1000.0,5.0
2.4125000000000147,0.0,-1.037333774434046e-07,2.0745355868712068e-05,6.589665257905608e-09,6.589665257905608e-09,9.439190762350336e-08,-9.095206223719288e-07,-1.7199490685015917e-06,-1.7199490685015917e-06,1000.0,5.0
2.4166666666666816,0.0,-1.037333774434046e-07,2.0745355868712068e-05,6.597484336623438e-09,6.597484336623438e-09,9.439190762350336e-08,-9.095192581298761e-07,-1.719923602649942e-06,-1.719923602649942e-06,1000.0,5.0
2.4208333333333485,0.0,-1.037333774434046e-07,2.074535768770147e-05,6.5980549912580955e-09,6.5980549912580955e-09,9.439190762350336e-08,-9.095206223719288e-07,-1.7199890862684697e-06,-1.7199890862684697e-06,1000.0,5.0
2.4250000000000154,0.0,-1.037333774434046e-07,2.0745355868712068e-05,6.589665257905608e-09,6.589665257905608e-09,9.439190762350336e-08,-9.095211339626985e-07,-1.719923602649942e-06,-1.719923602649942e-06,1000.0,5.0
2.4291666666666822,0.0,-1.037333774434046e-07,2.0745354049722664e-05,6.597484336623438e-09,6.597484336623438e-09,9.439190762350336e-08,-9.095190875996195e-07,-1.7198981367982924e-06,-1.7198981367982924e-06,1000.0,5.0
2.433333333333349,0.0,-1.037333774434046e-07,2.074535768770147e-05,6.606486468996309e-09,6.606486468996309e-09,9.439190762350336e-08,-9.095207360587665e-07,-1.720000000204891e-06,-1.720000000204891e-06,1000.0,5.0
2.437500000000016,0.0,-1.037333774434046e-07,2.074535768770147e-05,6.5902803214612504e-09,6.5902803214612504e-09,9.439190762350336e-08,-9.09521361336374e-07,-1.7199163266923279e-06,-1.7199163266923279e-06,1000.0,5.0
2.441666666666683,0.0,-1.037333774434046e-07,2.0745354049722664e-05,6.58909771189542e-09,6.58909771189542e-09,9.439190762350336e-08,-9.095210202758608e-07,-1.7198872228618711e-06,-1.7198872228618711e-06,1000.0,5.0
2.4458333333333497,0.0,-1.037333774434046e-07,2.0745355868712068e-05,6.605874514065135e-09,6.605874514065135e-09,9.439190762350336e-08,-9.095209065890231e-07,-1.7199017747770995e-06,-1.7199017747770995e-06,1000.0,5.0
2.4500000000000166,0.0,-1.037333774434046e-07,2.0745355868712068e-05,6.598666946189269e-09,6.598666946189269e-09,9.439190762350336e-08,-9.095196560338081e-07,-1.7199090507347137e-06,-1.7199090507347137e-06,1000.0,5.0
2.4541666666666835,0.0,-1.037333774434046e-07,2.0745355868712068e-05,6.598141144564806e-09,6.598141144564806e-09,9.439190762350336e-08,-9.095183486351743e-07,-1.7199708963744342e-06,-1.7199708963744342e-06,1000.0,5.0
2.4583333333333504,0.0,-1.037333774434046e-07,2.074535768770147e-05,6.598102952892759e-09,6.598102952892759e-09,9.439190762350336e-08,-9.09519712877227e-07,-1.7200363799929619e-06,-1.7200363799929619e-06,1000.0,5.0
2.4625000000000172,0.0,-1.037333774434046e-07,2.0745355868712068e-05,6.589668366530077e-09,6.589668366530077e-09,9.439190762350336e-08,-9.095202244679967e-07,-1.7199672583956271e-06,-1.7199672583956271e-06,1000.0,5.0
2.466666666666684,0.0,-1.037333774434046e-07,2.0745355868712068e-05,6.597484780712648e-09,6.597484780712648e-09,9.439190762350336e-08,-9.095188602259441e-07,-1.7199417925439775e-06,-1.7199417925439775e-06,1000.0,5.0
2.470833333333351,0.0,-1.037333774434046e-07,2.074535768770147e-05,6.5980549912580955e-09,6.5980549912580955e-09,9.439190762350336e-08,-9.095202244679967e-07,-1.7200109141413122e-06,-1.7200109141413122e-06,1000.0,5.0
2.475000000000018,0.0,-1.037333774434046e-07,2.0745355868712068e-05,6.589665257905608e-09,6.589665257905608e-09,9.439190762350336e-08,-9.095207360587665e-07,-1.7199417925439775e-06,-1.7199417925439775e-06,1000.0,5.0
2.4791666666666847,0.0,-1.037333774434046e-07,2.0745355868712068e-05,6.597484336623438e-09,6.597484336623438e-09,9.439190762350336e-08,-9.095193718167138e-07,-1.7199163266923279e-06,-1.7199163266923279e-06,1000.0,5.0
2.4833333333333516,0.0,-1.037333774434046e-07,2.0745355868712068e-05,6.5980549912580955e-09,6.5980549912580955e-09,9.439190762350336e-08,-9.0951806441808e-07,-1.7199854482896626e-06,-1.7199854482896626e-06,1000.0,5.0
2.4875000000000185,0.0,-1.037333774434046e-07,2.074535768770147e-05,6.598096735643821e-09,6.598096735643821e-09,9.439190762350336e-08,-9.095194286601327e-07,-1.7200509319081903e-06,-1.7200509319081903e-06,1000.0,5.0
2.4916666666666853,0.0,-1.037333774434046e-07,2.0745355868712068e-05,6.589667922440867e-09,6.589667922440867e-09,9.439190762350336e-08,-9.095199402509024e-07,-1.7199818103108555e-06,-1.7199818103108555e-06,1000.0,5.0
2.495833333333352,0.0,-1.037333774434046e-07,2.0745355868712068e-05,6.597484780712648e-09,6.597484780712648e-09,9.439190762350336e-08,-9.095185760088498e-07,-1.7199563444592059e-06,-1.7199563444592059e-06,1000.0,5.0
2.500000000000019,0.0,-1.037333774434046e-07,2.074535768770147e-05,6.5980549912580955e-09,6.5980549912580955e-09,9.439190762350336e-08,-9.095199402509024e-07,-1.7200254660565406e-06,-1.7200254660565406e-06,1000.0,5.0
2.504166666666686,0.0,-1.037333774434046e-07,2.0745355868712068e-05,6.589665257905608e-09,6.589665257905608e-09,9.439190762350336e-08,-9.095204518416722e-07,-1.7199563444592059e-06,-1.7199563444592059e-06,1000.0,5.0
2.508333333333353,0.0,-1.037333774434046e-07,2.0745355868712068e-05,6.597484336623438e-09,6.597484336623438e-09,9.439190762350336e-08,-9.095190875996195e-07,-1.7199308786075562e-06,-1.7199308786075562e-06,1000.0,5.0
2.5125000000000197,0.0,-1.037333774434046e-07,2.074535768770147e-05,6.5980549912580955e-09,6.5980549912580955e-09,9.439190762350336e-08,-9.095204518416722e-07,-1.720000000204891e-06,-1.720000000204891e-06,1000.0,5.0
2.5166666666666866,0.0,-1.037333774434046e-07,2.0745355868712068e-05,6.589665257905608e-09,6.589665257905608e-09,9.439190762350336e-08,-9.095209634324419e-07,-1.7199308786075562e-06,-1.7199308786075562e-06,1000.0,5.0
2.5208333333333535,0.0,-1.037333774434046e-07,2.0745355868712068e-05,6.597484336623438e-09,6.597484336623438e-09,9.439190762350336e-08,-9.095195991903893e-07,-1.7199054127559066e-06,-1.7199054127559066e-06,1000.0,5.0
2.5250000000000203,0.0,-1.037333774434046e-07,2.0745355868712068e-05,6.5980549912580955e-09,6.5980549912580955e-09,9.439190762350336e-08,-9.095182917917555e-07,-1.7199745343532413e-06,-1.7199745343532413e-06,1000.0,5.0
2.529166666666687,0.0,-1.037333774434046e-07,2.074535768770147e-05,6.598096735643821e-09,6.598096735643821e-09,9.439190762350336e-08,-9.095196560338081e-07,-1.720040017971769e-06,-1.720040017971769e-06,1000.0,5.0
2.533333333333354,0.0,-1.037333774434046e-07,2.0745355868712068e-05,6.589667922440867e-09,6.589667922440867e-09,9.439190762350336e-08,-9.095201676245779e-07,-1.7199708963744342e-06,-1.7199708963744342e-06,1000.0,5.0
2.537500000000021,0.0,-1.037333774434046e-07,2.0745355868712068e-05,6.597484780712648e-09,6.597484780712648e-09,9.439190762350336e-08,-9.095188033825252e-07,-1.7199454305227846e-06,-1.7199454305227846e-06,1000.0,5.0
2.541666666666688,0.0,-1.037333774434046e-07,2.074535768770147e-05,6.5980549912580955e-09,6.5980549912580955e-09,9.439190762350336e-08,-9.095201676245779e-07,-1.7200145521201193e-06,-1.7200145521201193e-06,1000.0,5.0
2.5458333333333547,0.0,-1.037333774434046e-07,2.0745355868712068e-05,6.589665257905608e-09,6.589665257905608e-09,9.439190762350336e-08,-9.095206792153476e-07,-1.7199454305227846e-06,-1.7199454305227846e-06,1000.0,5.0
2.5500000000000216,0.0,-1.037333774434046e-07,2.0745355868712068e-05,6.597484336623438e-09,6.597484336623438e-09,9.439190762350336e-08,-9.09519314973295e-07,-1.719919964671135e-06,-1.719919964671135e-06,1000.0,5.0
2.5541666666666885,0.0,-1.037333774434046e-07,2.0745355868712068e-05,6.5980549912580955e-09,6.5980549912580955e-09,9.439190762350336e-08,-9.095180075746612e-07,-1.7199890862684697e-06,-1.7199890862684697e-06,1000.0,5.0
2.5583333333333553,0.0,-1.037333774434046e-07,2.074535768770147e-05,6.598096735643821e-09,6.598096735643821e-09,9.439190762350336e-08,-9.095193718167138e-07,-1.7200545698869973e-06,-1.7200545698869973e-06,1000.0,5.0
2.562500000000022,0.0,-1.037333774434046e-07,2.0745355868712068e-05,6.589667922440867e-09,6.589667922440867e-09,9.439190762350336e-08,-9.095198834074836e-07,-1.7199854482896626e-06,-1.7199854482896626e-06,1000.0,5.0
2.566666666666689,0.0,-1.037333774434046e-07,2.0745355868712068e-05,6.597484780712648e-09,6.597484780712648e-09,9.439190762350336e-08,-9.095185191654309e-07,-1.719959982438013e-06,-1.719959982438013e-06,1000.0,5.0
2.570833333333356,0.0,-1.037333774434046e-07,2.074535768770147e-05,6.5980549912580955e-09,6.5980549912580955e-09,9.439190762350336e-08,-9.095198834074836e-07,-1.7200291040353477e-06,-1.7200291040353477e-06,1000.0,5.0
2.575000000000023,0.0,-1.037333774434046e-07,2.0745355868712068e-05,6.589665257905608e-09,6.589665257905608e-09,9.439190762350336e-08,-9.095203949982533e-07,-1.719959982438013e-06,-1.719959982438013e-06,1000.0,5.0
2.5791666666666897,0.0,-1.037333774434046e-07,2.0745355868712068e-05,6.597484336623438e-09,6.597484336623438e-09,9.439190762350336e-08,-9.095190307562007e-07,-1.7199345165863633e-06,-1.7199345165863633e-06,1000.0,5.0
2.5833333333333566,0.0,-1.037333774434046e-07,2.074535768770147e-05,6.5980549912580955e-09,6.5980549912580955e-09,9.439190762350336e-08,-9.095203949982533e-07,-1.720003638183698e-06,-1.720003638183698e-06,1000.0,5.0
2.5875000000000234,0.0,-1.037333774434046e-07,2.0745355868712068e-05,6.589665257905608e-09,6.589665257905608e-09,9.439190762350336e-08,-9.095209065890231e-07,-1.7199345165863633e-06,-1.7199345165863633e-06,1000.0,5.0
2.5916666666666903,0.0,-1.037333774434046e-07,2.0745355868712068e-05,6.597484336623438e-09,6.597484336623438e-09,9.439190762350336e-08,-9.095195423469704e-07,-1.7199090507347137e-06,-1.7199090507347137e-06,1000.0,5.0
2.595833333333357,0.0,-1.037333774434046e-07,2.0745355868712068e-05,6.5980549912580955e-09,6.5980549912580955e-09,9.439190762350336e-08,-9.095182349483366e-07,-1.7199781723320484e-06,-1.7199781723320484e-06,1000.0,5.0
2.600000000000024,0.0,-1.037333774434046e-07,2.074535768770147e-05,6.598096735643821e-09,6.598096735643821e-09,9.439190762350336e-08,-9.095195991903893e-07,-1.720043655950576e-06,-1.720043655950576e-06,1000.0,5.0
2.604166666666691,0.0,-1.037333774434046e-07,2.0745355868712068e-05,6.589667922440867e-09,6.589667922440867e-09,9.439190762350336e-08,-9.09520110781159e-07,-1.7199745343532413e-06,-1.7199745343532413e-06,1000.0,5.0
2.608333333333358,0.0,-1.037333774434046e-07,2.0745355868712068e-05,6.597484780712648e-09,6.597484780712648e-09,9.439190762350336e-08,-9.095187465391064e-07,-1.7199490685015917e-06,-1.7199490685015917e-06,1000.0,5.0
2.6125000000000247,0.0,-1.037333774434046e-07,2.074535768770147e-05,6.5980549912580955e-09,6.5980549912580955e-09,9.439190762350336e-08,-9.09520110781159e-07,-1.7200181900989264e-06,-1.7200181900989264e-06,1000.0,5.0
2.6166666666666916,0.0,-1.037333774434046e-07,2.0745355868712068e-05,6.589665257905608e-09,6.589665257905608e-09,9.439190762350336e-08,-9.095206223719288e-07,-1.7199490685015917e-06,-1.7199490685015917e-06,1000.0,5.0
2.6208333333333584,0.0,-1.037333774434046e-07,2.0745355868712068e-05,6.597484336623438e-09,6.597484336623438e-09,9.439190762350336e-08,-9.095192581298761e-07,-1.719923602649942e-06,-1.719923602649942e-06,1000.0,5.0
2.6250000000000253,0.0,-1.037333774434046e-07,2.074535768770147e-05,6.5980549912580955e-09,6.5980549912580955e-09,9.439190762350336e-08,-9.095206223719288e-07,-1.7199890862684697e-06,-1.7199890862684697e-06,1000.0,5.0
2.629166666666692,0.0,-1.037333774434046e-07,2.0745355868712068e-05,6.589665257905608e-09,6.589665257905608e-09,9.439190762350336e-08,-9.095211339626985e-07,-1.719923602649942e-06,-1.719923602649942e-06,1000.0,5.0
2.633333333333359,0.0,-1.037333774434046e-07,2.0745354049722664e-05,6.597484336623438e-09,6.597484336623438e-09,9.439190762350336e-08,-9.095190875996195e-07,-1.7198981367982924e-06,-1.7198981367982924e-06,1000.0,5.0
2.637500000000026,0.0,-1.037333774434046e-07,2.074535768770147e-05,6.606486468996309e-09,6.606486468996309e-09,9.439190762350336e-08,-9.095207360587665e-07,-1.720000000204891e-06,-1.720000000204891e-06,1000.0,5.0
2.641666666666693,0.0,-1.037333774434046e-07,2.074535768770147e-05,6.5902803214612504e-09,6.5902803214612504e-09,9.439190762350336e-08,-9.09521361336374e-07,-1.7199163266923279e-06,-1.7199163266923279e-06,1000.0,5.0
2.6458333333333597,0.0,-1.037333774434046e-07,2.0745354049722664e-05,6.58909771189542e-09,6.58909771189542e-09,9.439190762350336e-08,-9.095210202758608e-07,-1.7198872228618711e-06,-1.7198872228618711e-06,1000.0,5.0
2.6500000000000266,0.0,-1.037333774434046e-07,2.0745355868712068e-05,6.605874514065135e-09,6.605874514065135e-09,9.439190762350336e-08,-9.095209065890231e-07,-1.7199017747770995e-06,-1.7199017747770995e-06,1000.0,5.0
2.6541666666666934,0.0,-1.037333774434046e-07,2.0745355868712068e-05,6.598666946189269e-09,6.598666946189269e-09,9.439190762350336e-08,-9.095196560338081e-07,-1.7199090507347137e-06,-1.7199090507347137e-06,1000.0,5.0
2.6583333333333603,0.0,-1.037333774434046e-07,2.0745355868712068e-05,6.598141144564806e-09,6.598141144564806e-09,9.439190762350336e-08,-9.095183486351743e-07,-1.7199708963744342e-06,-1.7199708963744342e-06,1000.0,5.0
2.662500000000027,0.0,-1.037333774434046e-07,2.074535768770147e-05,6.598102952892759e-09,6.598102952892759e-09,9.439190762350336e-08,-9.09519712877227e-07,-1.7200363799929619e-06,-1.7200363799929619e-06,1000.0,5.0
2.666666666666694,0.0,-1.037333774434046e-07,2.0745355868712068e-05,6.589668366530077e-09,6.589668366530077e-09,9.439190762350336e-08,-9.095202244679967e-07,-1.7199672583956271e-06,-1.7199672583956271e-06,1000.0,5.0
2.670833333333361,0.0,-1.037333774434046e-07,2.0745355868712068e-05,6.597484780712648e-09,6.597484780712648e-09,9.439190762350336e-08,-9.095188602259441e-07,-1.7199417925439775e-06,-1.7199417925439775e-06,1000.0,5.0
2.675000000000028,0.0,-1.037333774434046e-07,2.074535768770147e-05,6.5980549912580955e-09,6.5980549912580955e-09,9.439190762350336e-08,-9.095202244679967e-07,-1.7200109141413122e-06,-1.7200109141413122e-06,1000.0,5.0
2.6791666666666947,0.0,-1.037333774434046e-07,2.0745355868712068e-05,6.589665257905608e-09,6.589665257905608e-09,9.439190762350336e-08,-9.095207360587665e-07,-1.7199417925439775e-06,-1.7199417925439775e-06,1000.0,5.0
2.6833333333333615,0.0,-1.037333774434046e-07,2.0745355868712068e-05,6.597484336623438e-09,6.597484336623438e-09,9.439190762350336e-08,-9.095193718167138e-07,-1.7199163266923279e-06,-1.7199163266923279e-06,1000.0,5.0
2.6875000000000284,0.0,-1.037333774434046e-07,2.0745355868712068e-05,6.5980549912580955e-09,6.5980549912580955e-09,9.439190762350336e-08,-9.0951806441808e-07,-1.7199854482896626e-06,-1.7199854482896626e-06,1000.0,5.0
2.6916666666666953,0.0,-1.037333774434046e-07,2.074535768770147e-05,6.598096735643821e-09,6.598096735643821e-09,9.439190762350336e-08,-9.095194286601327e-07,-1.7200509319081903e-06,-1.7200509319081903e-06,1000.0,5.0
2.695833333333362,0.0,-1.037333774434046e-07,2.0745355868712068e-05,6.589667922440867e-09,6.589667922440867e-09,9.439190762350336e-08,-9.095199402509024e-07,-1.7199818103108555e-06,-1.7199818103108555e-06,1000.0,5.0
2.700000000000029,0.0,-1.037333774434046e-07,2.0745355868712068e-05,6.597484780712648e-09,6.597484780712648e-09,9.439190762350336e-08,-9.095185760088498e-07,-1.7199563444592059e-06,-1.7199563444592059e-06,1000.0,5.0
2.704166666666696,0.0,-1.037333774434046e-07,2.074535768770147e-05,6.5980549912580955e-09,6.5980549912580955e-09,9.439190762350336e-08,-9.095199402509024e-07,-1.7200254660565406e-06,-1.7200254660565406e-06,1000.0,5.0
2.708333333333363,0.0,-1.037333774434046e-07,2.0745355868712068e-05,6.589665257905608e-09,6.589665257905608e-09,9.439190762350336e-08,-9.095204518416722e-07,-1.7199563444592059e-06,-1.7199563444592059e-06,1000.0,5.0
2.7125000000000297,0.0,-1.037333774434046e-07,2.0745355868712068e-05,6.597484336623438e-09,6.597484336623438e-09,9.439190762350336e-08,-9.095190875996195e-07,-1.7199308786075562e-06,-1.7199308786075562e-06,1000.0,5.0
2.7166666666666965,0.0,-1.037333774434046e-07,2.074535768770147e-05,6.5980549912580955e-09,6.5980549912580955e-09,9.439190762350336e-08,-9.095204518416722e-07,-1.720000000204891e-06,-1.720000000204891e-06,1000.0,5.0
2.7208333333333634,0.0,-1.037333774434046e-07,2.0745355868712068e-05,6.589665257905608e-09,6.589665257905608e-09,9.439190762350336e-08,-9.095209634324419e-07,-1.7199308786075562e-06,-1.7199308786075562e-06,1000.0,5.0
2.7250000000000303,0.0,-1.037333774434046e-07,2.0745355868712068e-05,6.597484336623438e-09,6.597484336623438e-09,9.439190762350336e-08,-9.095195991903893e-07,-1.7199054127559066e-06,-1.7199054127559066e-06,1000.0,5.0
2.729166666666697,0.0,-1.037333774434046e-07,2.0745355868712068e-05,6.5980549912580955e-09,6.5980549912580955e-09,9.439190762350336e-08,-9.095182917917555e-07,-1.7199745343532413e-06,-1.7199745343532413e-06,1000.0,5.0
2.733333333333364,0.0,-1.037333774434046e-07,2.074535768770147e-05,6.598096735643821e-09,6.598096735643821e-09,9.439190762350336e-08,-9.095196560338081e-07,-1.720040017971769e-06,-1.720040017971769e-06,1000.0,5.0
2.737500000000031,0.0,-1.037333774434046e-07,2.0745355868712068e-05,6.589667922440867e-09,6.589667922440867e-09,9.439190762350336e-08,-9.095201676245779e-07,-1.7199708963744342e-06,-1.7199708963744342e-06,1000.0,5.0
2.741666666666698,0.0,-1.037333774434046e-07,2.0745355868712068e-05,6.597484780712648e-09,6.597484780712648e-09,9.439190762350336e-08,-9.095188033825252e-07,-1.7199454305227846e-06,-1.7199454305227846e-06,1000.0,5.0
2.7458333333333647,0.0,-1.037333774434046e-07,2.074535768770147e-05,6.5980549912580955e-09,6.5980549912580955e-09,9.439190762350336e-08,-9.095201676245779e-07,-1.7200145521201193e-06,-1.7200145521201193e-06,1000.0,5.0
2.7500000000000315,0.0,-1.037333774434046e-07,2.0745355868712068e-05,6.589665257905608e-09,6.589665257905608e-09,9.439190762350336e-08,-9.095206792153476e-07,-1.7199454305227846e-06,-1.7199454305227846e-06,1000.0,5.0
2.7541666666666984,0.0,-1.037333774434046e-07,2.0745355868712068e-05,6.597484336623438e-09,6.597484336623438e-09,9.439190762350336e-08,-9.09519314973295e-07,-1.719919964671135e-06,-1.719919964671135e-06,1000.0,5.0
2.7583333333333653,0.0,-1.037333774434046e-07,2.0745355868712068e-05,6.5980549912580955e-09,6.5980549912580955e-09,9.439190762350336e-08,-9.095180075746612e-07,-1.7199890862684697e-06,-1.7199890862684697e-06,1000.0,5.0
2.762500000000032,0.0,-1.037333774434046e-07,2.074535768770147e-05,6.598096735643821e-09,6.598096735643821e-09,9.439190762350336e-08,-9.095193718167138e-07,-1.7200545698869973e-06,-1.7200545698869973e-06,1000.0,5.0
2.766666666666699,0.0,-1.037333774434046e-07,2.0745355868712068e-05,6.589667922440867e-09,6.589667922440867e-09,9.439190762350336e-08,-9.095198834074836e-07,-1.7199854482896626e-06,-1.7199854482896626e-06,1000.0,5.0
2.770833333333366,0.0,-1.037333774434046e-07,2.0745355868712068e-05,6.597484780712648e-09,6.597484780712648e-09,9.439190762350336e-08,-9.095185191654309e-07,-1.719959982438013e-06,-1.719959982438013e-06,1000.0,5.0
2.7750000000000328,0.0,-1.037333774434046e-07,2.074535768770147e-05,6.5980549912580955e-09,6.5980549912580955e-09,9.439190762350336e-08,-9.095198834074836e-07,-1.7200291040353477e-06,-1.7200291040353477e-06,1000.0,5.0
2.7791666666666996,0.0,-1.037333774434046e-07,2.0745355868712068e-05,6.589665257905608e-09,6.589665257905608e-09,9.439190762350336e-08,-9.095203949982533e-07,-1.719959982438013e-06,-1.719959982438013e-06,1000.0,5.0
2.7833333333333665,0.0,-1.037333774434046e-07,2.0745355868712068e-05,6.597484336623438e-09,6.597484336623438e-09,9.439190762350336e-08,-9.095190307562007e-07,-1.7199345165863633e-06,-1.7199345165863633e-06,1000.0,5.0
2.7875000000000334,0.0,-1.037333774434046e-07,2.074535768770147e-05,6.5980549912580955e-09,6.5980549912580955e-09,9.439190762350336e-08,-9.095203949982533e-07,-1.720003638183698e-06,-1.720003638183698e-06,1000.0,5.0
2.7916666666667003,0.0,-1.037333774434046e-07,2.0745355868712068e-05,6.589665257905608e-09,6.589665257905608e-09,9.439190762350336e-08,-9.095209065890231e-07,-1.7199345165863633e-06,-1.7199345165863633e-06,1000.0,5.0
2.795833333333367,0.0,-1.037333774434046e-07,2.0745355868712068e-05,6.597484336623438e-09,6.597484336623438e-09,9.439190762350336e-08,-9.095195423469704e-07,-1.7199090507347137e-06,-1.7199090507347137e-06,1000.0,5.0
2.800000000000034,0.0,-1.037333774434046e-07,2.0745355868712068e-05,6.5980549912580955e-09,6.5980549912580955e-09,9.439190762350336e-08,-9.095182349483366e-07,-1.7199781723320484e-06,-1.7199781723320484e-06,1000.0,5.0
2.804166666666701,0.0,-1.037333774434046e-07,2.074535768770147e-05,6.598096735643821e-09,6.598096735643821e-09,9.439190762350336e-08,-9.095195991903893e-07,-1.720043655950576e-06,-1.720043655950576e-06,1000.0,5.0
2.8083333333333678,0.0,-1.037333774434046e-07,2.0745355868712068e-05,6.589667922440867e-09,6.589667922440867e-09,9.439190762350336e-08,-9.09520110781159e-07,-1.7199745343532413e-06,-1.7199745343532413e-06,1000.0,5.0
2.8125000000000346,0.0,-1.037333774434046e-07,2.0745355868712068e-05,6.597484780712648e-09,6.597484780712648e-09,9.439190762350336e-08,-9.095187465391064e-07,-1.7199490685015917e-06,-1.7199490685015917e-06,1000.0,5.0
2.8166666666667015,0.0,-1.037333774434046e-07,2.074535768770147e-05,6.5980549912580955e-09,6.5980549912580955e-09,9.439190762350336e-08,-9.09520110781159e-07,-1.7200181900989264e-06,-1.7200181900989264e-06,1000.0,5.0
2.8208333333333684,0.0,-1.037333774434046e-07,2.0745355868712068e-05,6.589665257905608e-09,6.589665257905608e-09,9.439190762350336e-08,-9.095206223719288e-07,-1.7199490685015917e-06,-1.7199490685015917e-06,1000.0,5.0
2.8250000000000353,0.0,-1.037333774434046e-07,2.0745355868712068e-05,6.597484336623438e-09,6.597484336623438e-09,9.439190762350336e-08,-9.095192581298761e-07,-1.719923602649942e-06,-1.719923602649942e-06,1000.0,5.0
2.829166666666702,0.0,-1.037333774434046e-07,2.074535768770147e-05,6.5980549912580955e-09,6.5980549912580955e-09,9.439190762350336e-08,-9.095206223719288e-07,-1.7199890862684697e-06,-1.7199890862684697e-06,1000.0,5.0
2.833333333333369,0.0,-1.037333774434046e-07,2.0745355868712068e-05,6.589665257905608e-09,6.589665257905608e-09,9.439190762350336e-08,-9.095211339626985e-07,-1.719923602649942e-06,-1.719923602649942e-06,1000.0,5.0
2.837500000000036,0.0,-1.037333774434046e-07,2.0745354049722664e-05,6.597484336623438e-09,6.597484336623438e-09,9.439190762350336e-08,-9.095190875996195e-07,-1.7198981367982924e-06,-1.7198981367982924e-06,1000.0,5.0
2.8416666666667028,0.0,-1.037333774434046e-07,2.074535768770147e-05,6.606486468996309e-09,6.606486468996309e-09,9.439190762350336e-08,-9.095207360587665e-07,-1.720000000204891e-06,-1.720000000204891e-06,1000.0,5.0
2.8458333333333696,0.0,-1.037333774434046e-07,2.074535768770147e-05,6.5902803214612504e-09,6.5902803214612504e-09,9.439190762350336e-08,-9.09521361336374e-07,-1.7199163266923279e-06,-1.7199163266923279e-06,1000.0,5.0
2.8500000000000365,0.0,-1.037333774434046e-07,2.0745354049722664e-05,6.58909771189542e-09,6.58909771189542e-09,9.439190762350336e-08,-9.095210202758608e-07,-1.7198872228618711e-06,-1.7198872228618711e-06,1000.0,5.0
2.8541666666667034,0.0,-1.037333774434046e-07,2.0745355868712068e-05,6.605874514065135e-09,6.605874514065135e-09,9.439190762350336e-08,-9.095209065890231e-07,-1.7199017747770995e-06,-1.7199017747770995e-06,1000.0,5.0
2.8583333333333703,0.0,-1.037333774434046e-07,2.0745355868712068e-05,6.598666946189269e-09,6.598666946189269e-09,9.439190762350336e-08,-9.095196560338081e-07,-1.7199090507347137e-06,-1.7199090507347137e-06,1000.0,5.0
2.862500000000037,0.0,-1.037333774434046e-07,2.0745355868712068e-05,6.598141144564806e-09,6.598141144564806e-09,9.439190762350336e-08,-9.095183486351743e-07,-1.7199708963744342e-06,-1.7199708963744342e-06,1000.0,5.0
2.866666666666704,0.0,-1.037333774434046e-07,2.074535768770147e-05,6.598102952892759e-09,6.598102952892759e-09,9.439190762350336e-08,-9.09519712877227e-07,-1.7200363799929619e-06,-1.7200363799929619e-06,1000.0,5.0
2.870833333333371,0.0,-1.037333774434046e-07,2.0745355868712068e-05,6.589668366530077e-09,6.589668366530077e-09,9.439190762350336e-08,-9.095202244679967e-07,-1.7199672583956271e-06,-1.7199672583956271e-06,1000.0,5.0
2.8750000000000377,0.0,-1.037333774434046e-07,2.0745355868712068e-05,6.597484780712648e-09,6.597484780712648e-09,9.439190762350336e-08,-9.095188602259441e-07,-1.7199417925439775e-06,-1.7199417925439775e-06,1000.0,5.0
2.8791666666667046,0.0,-1.037333774434046e-07,2.074535768770147e-05,6.5980549912580955e-09,6.5980549912580955e-09,9.439190762350336e-08,-9.095202244679967e-07,-1.7200109141413122e-06,-1.7200109141413122e-06,1000.0,5.0
2.8833333333333715,0.0,-1.037333774434046e-07,2.0745355868712068e-05,6.589665257905608e-09,6.589665257905608e-09,9.439190762350336e-08,-9.095207360587665e-07,-1.7199417925439775e-06,-1.7199417925439775e-06,1000.0,5.0
2.8875000000000384,0.0,-1.037333774434046e-07,2.0745355868712068e-05,6.597484336623438e-09,6.597484336623438e-09,9.439190762350336e-08,-9.095193718167138e-07,-1.7199163266923279e-06,-1.7199163266923279e-06,1000.0,5.0
2.8916666666667052,0.0,-1.037333774434046e-07,2.0745355868712068e-05,6.5980549912580955e-09,6.5980549912580955e-09,9.439190762350336e-08,-9.0951806441808e-07,-1.7199854482896626e-06,-1.7199854482896626e-06,1000.0,5.0
2.895833333333372,0.0,-1.037333774434046e-07,2.074535768770147e-05,6.598096735643821e-09,6.598096735643821e-09,9.439190762350336e-08,-9.095194286601327e-07,-1.7200509319081903e-06,-1.7200509319081903e-06,1000.0,5.0
2.900000000000039,0.0,-1.037333774434046e-07,2.0745355868712068e-05,6.589667922440867e-09,6.589667922440867e-09,9.439190762350336e-08,-9.095199402509024e-07,-1.7199818103108555e-06,-1.7199818103108555e-06,1000.0,5.0
2.904166666666706,0.0,-1.037333774434046e-07,2.0745355868712068e-05,6.597484780712648e-09,6.597484780712648e-09,9.439190762350336e-08,-9.095185760088498e-07,-1.7199563444592059e-06,-1.7199563444592059e-06,1000.0,5.0
2.9083333333333727,0.0,-1.037333774434046e-07,2.074535768770147e-05,6.5980549912580955e-09,6.5980549912580955e-09,9.439190762350336e-08,-9.095199402509024e-07,-1.7200254660565406e-06,-1.7200254660565406e-06,1000.0,5.0
2.9125000000000396,0.0,-1.037333774434046e-07,2.0745355868712068e-05,6.589665257905608e-09,6.589665257905608e-09,9.439190762350336e-08,-9.095204518416722e-07,-1.7199563444592059e-06,-1.7199563444592059e-06,1000.0,5.0
2.9166666666667065,0.0,-1.037333774434046e-07,2.0745355868712068e-05,6.597484336623438e-09,6.597484336623438e-09,9.439190762350336e-08,-9.095190875996195e-07,-1.7199308786075562e-06,-1.7199308786075562e-06,1000.0,5.0
2.9208333333333734,0.0,-1.037333774434046e-07,2.074535768770147e-05,6.5980549912580955e-09,6.5980549912580955e-09,9.439190762350336e-08,-9.095204518416722e-07,-1.720000000204891e-06,-1.720000000204891e-06,1000.0,5.0
2.9250000000000402,0.0,-1.037333774434046e-07,2.0745355868712068e-05,6.589665257905608e-09,6.589665257905608e-09,9.439190762350336e-08,-9.095209634324419e-07,-1.7199308786075562e-06,-1.7199308786075562e-06,1000.0,5.0
2.929166666666707,0.0,-1.037333774434046e-07,2.0745355868712068e-05,6.597484336623438e-09,6.597484336623438e-09,9.439190762350336e-08,-9.095195991903893e-07,-1.7199054127559066e-06,-1.7199054127559066e-06,1000.0,5.0
2.933333333333374,0.0,-1.037333774434046e-07,2.0745355868712068e-05,6.5980549912580955e-09,6.5980549912580955e-09,9.439190762350336e-08,-9.095182917917555e-07,-1.7199745343532413e-06,-1.7199745343532413e-06,1000.0,5.0
2.937500000000041,0.0,-1.037333774434046e-07,2.074535768770147e-05,6.598096735643821e-09,6.598096735643821e-09,9.439190762350336e-08,-9.095196560338081e-07,-1.720040017971769e-06,-1.720040017971769e-06,1000.0,5.0
2.9416666666667077,0.0,-1.037333774434046e-07,2.0745355868712068e-05,6.589667922440867e-09,6.589667922440867e-09,9.439190762350336e-08,-9.095201676245779e-07,-1.7199708963744342e-06,-1.7199708963744342e-06,1000.0,5.0
2.9458333333333746,0.0,-1.037333774434046e-07,2.0745355868712068e-05,6.597484780712648e-09,6.597484780712648e-09,9.439190762350336e-08,-9.095188033825252e-07,-1.7199454305227846e-06,-1.7199454305227846e-06,1000.0,5.0
2.9500000000000415,0.0,-1.037333774434046e-07,2.074535768770147e-05,6.5980549912580955e-09,6.5980549912580955e-09,9.439190762350336e-08,-9.095201676245779e-07,-1.7200145521201193e-06,-1.7200145521201193e-06,1000.0,5.0
2.9541666666667084,0.0,-1.037333774434046e-07,2.0745355868712068e-05,6.589665257905608e-09,6.589665257905608e-09,9.439190762350336e-08,-9.095206792153476e-07,-1.7199454305227846e-06,-1.7199454305227846e-06,1000.0,5.0
2.9583333333333752,0.0,-1.037333774434046e-07,2.0745355868712068e-05,6.597484336623438e-09,6.597484336623438e-09,9.439190762350336e-08,-9.09519314973295e-07,-1.719919964671135e-06,-1.719919964671135e-06,1000.0,5.0
2.962500000000042,0.0,-1.037333774434046e-07,2.0745355868712068e-05,6.5980549912580955e-09,6.5980549912580955e-09,9.439190762350336e-08,-9.095180075746612e-07,-1.7199890862684697e-06,-1.7199890862684697e-06,1000.0,5.0
2.966666666666709,0.0,-1.037333774434046e-07,2.074535768770147e-05,6.598096735643821e-09,6.598096735643821e-09,9.439190762350336e-08,-9.095193718167138e-07,-1.7200545698869973e-06,-1.7200545698869973e-06,1000.0,5.0
2.970833333333376,0.0,-1.037333774434046e-07,2.0745355868712068e-05,6.589667922440867e-09,6.589667922440867e-09,9.439190762350336e-08,-9.095198834074836e-07,-1.7199854482896626e-06,-1.7199854482896626e-06,1000.0,5.0
2.9750000000000427,0.0,-1.037333774434046e-07,2.0745355868712068e-05,6.597484780712648e-09,6.597484780712648e-09,9.439190762350336e-08,-9.095185191654309e-07,-1.719959982438013e-06,-1.719959982438013e-06,1000.0,5.0
2.9791666666667096,0.0,-1.037333774434046e-07,2.074535768770147e-05,6.5980549912580955e-09,6.5980549912580955e-09,9.439190762350336e-08,-9.095198834074836e-07,-1.7200291040353477e-06,-1.7200291040353477e-06,1000.0,5.0
2.9833333333333765,0.0,-1.037333774434046e-07,2.0745355868712068e-05,6.589665257905608e-09,6.589665257905608e-09,9.439190762350336e-08,-9.095203949982533e-07,-1.719959982438013e-06,-1.719959982438013e-06,1000.0,5.0
2.9875000000000433,0.0,-1.037333774434046e-07,2.0745355868712068e-05,6.597484336623438e-09,6.597484336623438e-09,9.439190762350336e-08,-9.095190307562007e-07,-1.7199345165863633e-06,-1.7199345165863633e-06,1000.0,5.0
2.99166666666671,0.0,-1.037333774434046e-07,2.074535768770147e-05,6.5980549912580955e-09,6.5980549912580955e-09,9.439190762350336e-08,-9.095203949982533e-07,-1.720003638183698e-06,-1.720003638183698e-06,1000.0,5.0
2.995833333333377,0.0,-1.037333774434046e-07,2.0745355868712068e-05,6.589665257905608e-09,6.589665257905608e-09,9.439190762350336e-08,-9.095209065890231e-07,-1.7199345165863633e-06,-1.7199345165863633e-06,1000.0,5.0
3.000000000000044,0.24456909168697882,-1.037333774434046e-07,2.0745355868712068e-05,6.597484336623438e-09,6.597484336623438e-09,9.439190762350336e-08,-9.095195423469704e-07,-1.7199090507347137e-06,-1.7199090507347137e-06,1000.0,5.0
3.004166666666711,0.3894481156929679,0.12568065524101257,54.28226089477539,226.72801208496094,226.72801208496094,-0.014853546395897865,-3.9132702350616455,-1.7199781723320484e-06,-1.7199781723320484e-06,1000.0,5.0
3.0083333333333777,0.4752722541895557,0.34351322054862976,52.908302307128906,9.453362464904785,9.453362464904785,-0.016575681045651436,-0.005199099890887737,203.0902862548828,203.0902862548828,1000.0,5.0
3.0125000000000446,0.5261131733579303,0.4955347180366516,23.45064353942871,-122.40650939941406,-122.40650939941406,-0.007950293831527233,2.27301287651062,8.547796249389648,8.547796249389648,1000.0,5.0
3.0166666666667115,0.556230563490404,0.55108243227005,4.040818214416504,-89.28135681152344,-89.28135681152344,-0.0008505575242452323,1.6095317602157593,-109.67549896240234,-109.67549896240234,1000.0,5.0
3.0208333333333783,0.574071649041742,0.5619193315505981,0.5738131999969482,-20.470632553100586,-20.470632553100586,0.001200326019898057,0.35564813017845154,-80.05130767822266,-80.05130767822266,1000.0,5.0
3.025000000000045,0.584640437779746,0.5694787502288818,2.605577230453491,7.112733364105225,7.112733364105225,0.000839986780192703,-0.13567312061786652,-18.382568359375,-18.382568359375,1000.0,5.0
3.029166666666712,0.5909012280812745,0.5812908411026001,3.088937282562256,2.497009754180908,2.497009754180908,0.0005877205403521657,-0.050723280757665634,6.3636627197265625,6.3636627197265625,1000.0,5.0
3.033333333333379,0.594610025387324,0.5911096334457397,1.7970337867736816,-5.226538181304932,-5.226538181304932,0.0008877217769622803,0.08471130579710007,2.2423038482666016,2.2423038482666016,1000.0,5.0
3.037500000000046,0.5968070607127207,0.5958760380744934,0.571803867816925,-5.465938568115234,-5.465938568115234,0.0012493444373831153,0.08544672280550003,-4.679426193237305,-4.679426193237305,1000.0,5.0
3.0416666666667127,0.5981085511482234,0.5973709225654602,0.1356927454471588,-2.1860861778259277,-2.1860861778259277,0.00138184055685997,0.02533763274550438,-4.897008419036865,-4.897008419036865,1000.0,5.0
3.0458333333333796,0.5988795343609756,0.5980063080787659,0.14525358378887177,-0.10462410748004913,-0.10462410748004913,0.0013476299354806542,-0.011648855172097683,-1.9578018188476562,-1.9578018188476562,1000.0,5.0
3.0500000000000465,0.5993362531336467,0.5986855030059814,0.17722930014133453,0.1286056637763977,0.1286056637763977,0.0012844799784943461,-0.015208057127892971,-0.09137219190597534,-0.09137219190597534,1000.0,5.0
3.0541666666667133,0.5996068064140035,0.5992962121963501,0.1246793195605278,-0.20884276926517487,-0.20884276926517487,0.0012432364746928215,-0.00876017939299345,0.11816287040710449,0.11816287040710449,1000.0,5.0
3.05833333333338,0.5997670780776441,0.5996534824371338,0.05447857081890106,-0.3052186369895935,-0.3052186369895935,0.0012148706009611487,-0.006721522659063339,-0.1836092472076416,-0.1836092472076416,1000.0,5.0
3.062500000000047,0.5998620205826184,0.5998011231422424,0.01836254633963108,-0.16947852075099945,-0.16947852075099945,0.0011780005879700184,-0.00879754964262247,-0.2713591456413269,-0.2713591456413269,1000.0,5.0
3.066666666666714,0.5999182630839193,0.5998607277870178,0.010825755074620247,-0.04102334752678871,-0.04102334752678871,0.001131911762058735,-0.010650531388819218,-0.14912280440330505,-0.14912280440330505,1000.0,5.0
3.070833333333381,0.5999515802894578,0.5999025106430054,0.011093339882791042,0.00016540422802791,0.00016540422802791,0.0010904019000008702,-0.010908987373113632,-0.03342932462692261,-0.03342932462692261,1000.0,5.0
3.0750000000000477,0.5999713168971695,0.5999419093132019,0.0093146413564682,-0.00591832771897316,-0.00591832771897316,0.001050876802764833,-0.010401648469269276,0.0002484321594238281,0.0002484321594238281,1000.0,5.0
3.0791666666667146,0.5999830085645129,0.5999681353569031,0.005153054837137461,-0.01634514331817627,-0.01634514331817627,0.001020860276184976,-0.009841358289122581,-0.005356013774871826,-0.005356013774871826,1000.0,5.0
3.0833333333333814,0.5999899345310855,0.5999760627746582,0.0024448856711387634,-0.011289863847196102,-0.011289863847196102,0.000990981119684875,-0.009640408679842949,-0.01836225390434265,-0.01836225390434265,1000.0,5.0
3.0875000000000483,0.5999940373687352,0.5999760627746582,0.002530468627810478,0.0007035721209831536,0.0007035721209831536,0.0009661808726377785,-0.009559230878949165,-0.013470113277435303,-0.013470113277435303,1000.0,5.0
3.091666666666715,0.5999964678275894,0.5999760627746582,0.003499852027744055,0.004985322710126638,0.004985322710126638,0.0009420117712579668,-0.009393622167408466,-0.0051288902759552,-0.0051288902759552,1000.0,5.0
3.095833333333382,0.5999979075945863,0.5999798774719238,0.003947366029024124,0.003057492431253195,0.003057492431253195,0.0009191224235109985,-0.00912725180387497,-0.001324772834777832,-0.001324772834777832,1000.0,5.0
3.100000000000049,0.5999987604907387,0.5999831557273865,0.003378483233973384,-0.0013591635506600142,-0.0013591635506600142,0.0008976757526397705,-0.008830665610730648,-0.003198593854904175,-0.003198593854904175,1000.0,5.0
3.104166666666716,0.5999992657334957,0.5999831557273865,0.0029060766100883484,-0.0012928694486618042,-0.0012928694486618042,0.000879852450452745,-0.00862551387399435,-0.0073046088218688965,-0.0073046088218688965,1000.0,5.0
3.1083333333333827,0.5999995650316491,0.5999831557273865,0.0031011917162686586,0.0013700773706659675,0.0013700773706659675,0.0008619694854132831,-0.008499879390001297,-0.008650541305541992,-0.008650541305541992,1000.0,5.0
3.1125000000000496,0.5999997423313399,0.5999831557273865,0.0031509040854871273,0.0009373933426104486,0.0009373933426104486,0.0008439565426670015,-0.008319955319166183,-0.005990773439407349,-0.005990773439407349,1000.0,5.0
3.1166666666667164,0.5999998473609901,0.5999831557273865,0.0031829404179006815,0.0008397657657042146,0.0008397657657042146,0.0008260491886176169,-0.008144746534526348,-0.005980491638183594,-0.005980491638183594,1000.0,5.0
3.1208333333333833,0.5999999095789634,0.5999831557273865,0.00320342555642128,0.0007815152057446539,0.0007815152057446539,0.0008080360712483525,-0.007971229031682014,-0.005787283182144165,-0.005787283182144165,1000.0,5.0
3.12500000000005,0.599999946435948,0.5999831557273865,0.0032139290124177933,0.0007399913156405091,0.0007399913156405091,0.0007902126526460052,-0.007796963676810265,-0.005456596612930298,-0.005456596612930298,1000.0,5.0
3.129166666666717,0.5999999682694672,0.5999831557273865,0.0032225020695477724,0.0007224442670121789,0.0007224442670121789,0.0007721753208898008,-0.007624954450875521,-0.005258142948150635,-0.005258142948150635,1000.0,5.0
3.133333333333384,0.5999999812033132,0.5999831557273865,0.0032245067413896322,0.0007016666932031512,0.0007016666932031512,0.0007571618189103901,-0.007450813893228769,-0.0048399269580841064,-0.0048399269580841064,1000.0,5.0
3.137500000000051,0.5999999888651275,0.5999831557273865,0.00325320428237319,0.0007028491818346083,0.0007028491818346083,0.0007451368728652596,-0.007306297775357962,-0.006040215492248535,-0.006040215492248535,1000.0,5.0
3.1416666666667177,0.5999999934038702,0.5999831557273865,0.003277439158409834,0.0005770178977400064,0.0005770178977400064,0.0007332664099521935,-0.007188376970589161,-0.007253527641296387,-0.007253527641296387,1000.0,5.0
3.1458333333333846,0.5999999960925526,0.5999831557273865,0.003276766976341605,0.00045971147483214736,0.00045971147483214736,0.0007258365512825549,-0.007072002161294222,-0.007214367389678955,-0.007214367389678955,1000.0,5.0
3.1500000000000514,0.5999999976852873,0.5999831557273865,0.0033155062701553106,0.0004567623545881361,0.0004567623545881361,0.0007258365512825549,-0.0070005361922085285,-0.009318172931671143,-0.009318172931671143,1000.0,5.0
3.1541666666667183,0.5999999986287993,0.5999831557273865,0.0033755640033632517,0.00027845727163366973,0.00027845727163366973,0.0007258365512825549,-0.006997719407081604,-0.01289147138595581,-0.01289147138595581,1000.0,5.0
3.158333333333385,0.5999999991877215,0.5999831557273865,0.003368585603311658,-1.2058128959324677e-05,-1.2058128959324677e-05,0.0007258365512825549,-0.006992714945226908,-0.013032317161560059,-0.013032317161560059,1000.0,5.0
3.162500000000052,0.5999999995188185,0.5999831557273865,0.0033688852563500404,-3.861428012896795e-07,-3.861428012896795e-07,0.0007258365512825549,-0.00699293427169323,-0.013282537460327148,-0.013282537460327148,1000.0,5.0
3.166666666666719,0.5999999997149554,0.5999831557273865,0.003368933452293277,-6.167067567730555e-07,-6.167067567730555e-07,0.0007258365512825549,-0.006992930080741644,-0.013271570205688477,-0.013271570205688477,1000.0,5.0
3.170833333333386,0.5999999998311439,0.5999831557273865,0.0033689718693494797,-6.75097737712349e-07,-6.75097737712349e-07,0.0007258365512825549,-0.006992930080741644,-0.01327177882194519,-0.01327177882194519,1000.0,5.0
3.1750000000000527,0.5999999998999722,0.5999831557273865,0.003368992358446121,-7.497175147364032e-07,-7.497175147364032e-07,0.0007258365512825549,-0.006992927752435207,-0.01327177882194519,-0.01327177882194519,1000.0,5.0
3.1791666666667195,0.599999999940745,0.5999831557273865,0.003369005862623453,-7.863258133511408e-07,-7.863258133511408e-07,0.0007258365512825549,-0.006992927752435207,-0.013271898031234741,-0.013271898031234741,1000.0,5.0
3.1833333333333864,0.5999999999648983,0.5999831557273865,0.0033690128475427628,-8.137931786222907e-07,-8.137931786222907e-07,0.0007258365512825549,-0.0069929263554513454,-0.013271898031234741,-0.013271898031234741,1000.0,5.0
3.1875000000000533,0.5999999999792063,0.5999831557273865,0.0033690170384943485,-8.257824788415746e-07,-8.257824788415746e-07,0.0007258365512825549,-0.006992925889790058,-0.013271957635879517,-0.013271957635879517,1000.0,5.0
3.19166666666672,0.599999999987682,0.5999831557273865,0.003369020065292716,-8.328189551320975e-07,-8.328189551320975e-07,0.0007258365512825549,-0.0069929263554513454,-0.013271987438201904,-0.013271987438201904,1000.0,5.0
3.195833333333387,0.599999999992703,0.5999831557273865,0.0033690226264297962,-8.39504764371668e-07,-8.39504764371668e-07,0.0007258365512825549,-0.00699292728677392,-0.013271957635879517,-0.013271957635879517,1000.0,5.0
3.200000000000054,0.5999999999956774,0.5999831557273865,0.0033690216951072216,-8.472093213640619e-07,-8.472093213640619e-07,0.0007258365512825549,-0.006992925889790058,-0.013271927833557129,-0.013271927833557129,1000.0,5.0
3.204166666666721,0.5999999999974394,0.5999831557273865,0.003369024023413658,-8.406969982388546e-07,-8.406969982388546e-07,0.0007258365512825549,-0.00699292728677392,-0.013271987438201904,-0.013271987438201904,1000.0,5.0
3.2083333333333877,0.5999999999984831,0.5999831557273865,0.0033690223935991526,-8.493808536513825e-07,-8.493808536513825e-07,0.0007258365512825549,-0.006992925889790058,-0.013271927833557129,-0.013271927833557129,1000.0,5.0
3.2125000000000545,0.5999999999991014,0.5999831557273865,0.003369024256244302,-8.414921239818796e-07,-8.414921239818796e-07,0.0007258365512825549,-0.006992926821112633,-0.013271987438201904,-0.013271987438201904,1000.0,5.0
3.2166666666667214,0.5999999999994676,0.5999831557273865,0.0033690230920910835,-8.489773222208896e-07,-8.489773222208896e-07,0.0007258365512825549,-0.0069929263554513454,-0.013271957635879517,-0.013271957635879517,1000.0,5.0
3.2208333333333883,0.5999999999996847,0.5999831557273865,0.0033690230920910835,-8.437876886091544e-07,-8.437876886091544e-07,0.0007258365512825549,-0.006992926821112633,-0.013271957635879517,-0.013271957635879517,1000.0,5.0
3.225000000000055,0.5999999999998132,0.5999831557273865,0.0033690230920910835,-8.432078857367742e-07,-8.432078857367742e-07,0.0007258365512825549,-0.006992925889790058,-0.013271957635879517,-0.013271957635879517,1000.0,5.0
3.229166666666722,0.5999999999998894,0.5999831557273865,0.003369024023413658,-8.430463935837906e-07,-8.430463935837906e-07,0.0007258365512825549,-0.006992925889790058,-0.013271987438201904,-0.013271987438201904,1000.0,5.0
3.233333333333389,0.5999999999999345,0.5999831557273865,0.003369024256244302,-8.472809440718265e-07,-8.472809440718265e-07,0.0007258365512825549,-0.006992926821112633,-0.013271987438201904,-0.013271987438201904,1000.0,5.0
3.2375000000000558,0.5999999999999611,0.5999831557273865,0.003369023557752371,-8.486272804475448e-07,-8.486272804475448e-07,0.0007258365512825549,-0.006992925889790058,-0.013271957635879517,-0.013271957635879517,1000.0,5.0
3.2416666666667227,0.599999999999977,0.5999831557273865,0.0033690237905830145,-8.454630915366579e-07,-8.454630915366579e-07,0.0007258365512825549,-0.006992925889790058,-0.013271987438201904,-0.013271987438201904,1000.0,5.0
3.2458333333333895,0.5999999999999863,0.5999831557273865,0.0033690244890749454,-8.462968139610894e-07,-8.462968139610894e-07,0.0007258365512825549,-0.006992926821112633,-0.013271987438201904,-0.013271987438201904,1000.0,5.0
3.2500000000000564,0.5999999999999919,0.5999831557273865,0.00336902285926044,-8.495866268276586e-07,-8.495866268276586e-07,0.0007258365512825549,-0.006992925424128771,-0.013271957635879517,-0.013271957635879517,1000.0,5.0
3.2541666666667233,0.5999999999999952,0.5999831557273865,0.0033690249547362328,-8.422668997809524e-07,-8.422668997809524e-07,0.0007258365512825549,-0.006992925889790058,-0.013272017240524292,-0.013272017240524292,1000.0,5.0
3.25833333333339,0.5999999999999972,0.5999831557273865,0.003369024256244302,-8.514429055139772e-07,-8.514429055139772e-07,0.0007258365512825549,-0.0069929263554513454,-0.013271987438201904,-0.013271987438201904,1000.0,5.0
3.262500000000057,0.5999999999999983,0.5999831557273865,0.0033690237905830145,-8.488727303301857e-07,-8.488727303301857e-07,0.0007258365512825549,-0.006992926821112633,-0.013271957635879517,-0.013271957635879517,1000.0,5.0
3.266666666666724,0.599999999999999,0.5999831557273865,0.003369023557752371,-8.465257792522607e-07,-8.465257792522607e-07,0.0007258365512825549,-0.006992925424128771,-0.013271957635879517,-0.013271957635879517,1000.0,5.0
3.2708333333333908,0.5999999999999994,0.5999831557273865,0.003369024721905589,-8.452747124465532e-07,-8.452747124465532e-07,0.0007258365512825549,-0.0069929263554513454,-0.013272017240524292,-0.013272017240524292,1000.0,5.0
3.2750000000000576,0.5999999999999996,0.5999831557273865,0.003369024023413658,-8.505791697643872e-07,-8.505791697643872e-07,0.0007258365512825549,-0.0069929263554513454,-0.013271957635879517,-0.013271957635879517,1000.0,5.0
3.2791666666667245,0.5999999999999998,0.5999831557273865,0.003369024023413658,-8.477282449348422e-07,-8.477282449348422e-07,0.0007258365512825549,-0.006992926821112633,-0.013271957635879517,-0.013271957635879517,1000.0,5.0
3.2833333333333914,0.5999999999999999,0.5999831557273865,0.003369023324921727,-8.475201411783928e-07,-8.475201411783928e-07,0.0007258365512825549,-0.006992925889790058,-0.013271957635879517,-0.013271957635879517,1000.0,5.0
3.2875000000000583,0.5999999999999999,0.5999831557273865,0.003369024023413658,-8.442671628472453e-07,-8.442671628472453e-07,0.0007258365512825549,-0.00699292728677392,-0.013271987438201904,-0.013271987438201904,1000.0,5.0
3.291666666666725,0.5999999999999999,0.5999831557273865,0.00336902285926044,-8.472675858683942e-07,-8.472675858683942e-07,0.0007258365512825549,-0.006992925889790058,-0.013271927833557129,-0.013271927833557129,1000.0,5.0
3.295833333333392,0.5999999999999999,0.5999831557273865,0.003369024256244302,-8.420902872785518e-07,-8.420902872785518e-07,0.0007258365512825549,-0.006992925889790058,-0.013271987438201904,-0.013271987438201904,1000.0,5.0
3.300000000000059,0.5999999999999999,0.5999831557273865,0.0033690244890749454,-8.481879945065884e-07,-8.481879945065884e-07,0.0007258365512825549,-0.006992926821112633,-0.013271987438201904,-0.013271987438201904,1000.0,5.0
3.3041666666667258,0.5999999999999999,0.5999831557273865,0.0033690226264297962,-8.497120802530844e-07,-8.497120802530844e-07,0.0007258365512825549,-0.006992925424128771,-0.013271957635879517,-0.013271957635879517,1000.0,5.0
3.3083333333333926,0.5999999999999999,0.5999831557273865,0.0033690249547362328,-8.411893759330269e-07,-8.411893759330269e-07,0.0007258365512825549,-0.0069929263554513454,-0.013272017240524292,-0.013272017240524292,1000.0,5.0
3.3125000000000595,0.5999999999999999,0.5999831557273865,0.003369024023413658,-8.513599709658592e-07,-8.513599709658592e-07,0.0007258365512825549,-0.0069929263554513454,-0.013271957635879517,-0.013271957635879517,1000.0,5.0
3.3166666666667264,0.5999999999999999,0.5999831557273865,0.003369024023413658,-8.477849746668653e-07,-8.477849746668653e-07,0.0007258365512825549,-0.006992926821112633,-0.013271957635879517,-0.013271957635879517,1000.0,5.0
3.3208333333333933,0.5999999999999999,0.5999831557273865,0.003369023324921727,-8.475241770611319e-07,-8.475241770611319e-07,0.0007258365512825549,-0.006992925889790058,-0.013271957635879517,-0.013271957635879517,1000.0,5.0
3.32500000000006,0.5999999999999999,0.5999831557273865,0.003369024023413658,-8.442675039077585e-07,-8.442675039077585e-07,0.0007258365512825549,-0.00699292728677392,-0.013271987438201904,-0.013271987438201904,1000.0,5.0
3.329166666666727,0.5999999999999999,0.5999831557273865,0.00336902285926044,-8.472675858683942e-07,-8.472675858683942e-07,0.0007258365512825549,-0.006992925889790058,-0.013271927833557129,-0.013271927833557129,1000.0,5.0
3.333333333333394,0.5999999999999999,0.5999831557273865,0.003369024256244302,-8.420902872785518e-07,-8.420902872785518e-07,0.0007258365512825549,-0.006992925889790058,-0.013271987438201904,-0.013271987438201904,1000.0,5.0
3.3375000000000608,0.5999999999999999,0.5999831557273865,0.0033690244890749454,-8.481879945065884e-07,-8.481879945065884e-07,0.0007258365512825549,-0.006992926821112633,-0.013271987438201904,-0.013271987438201904,1000.0,5.0
3.3416666666667276,0.5999999999999999,0.5999831557273865,0.0033690226264297962,-8.497120802530844e-07,-8.497120802530844e-07,0.0007258365512825549,-0.006992925424128771,-0.013271957635879517,-0.013271957635879517,1000.0,5.0
3.3458333333333945,0.5999999999999999,0.5999831557273865,0.0033690249547362328,-8.411893759330269e-07,-8.411893759330269e-07,0.0007258365512825549,-0.0069929263554513454,-0.013272017240524292,-0.013272017240524292,1000.0,5.0
3.3500000000000614,0.5999999999999999,0.5999831557273865,0.003369024023413658,-8.513599709658592e-07,-8.513599709658592e-07,0.0007258365512825549,-0.0069929263554513454,-0.013271957635879517,-0.013271957635879517,1000.0,5.0
3.3541666666667282,0.5999999999999999,0.5999831557273865,0.003369024023413658,-8.477849746668653e-07,-8.477849746668653e-07,0.0007258365512825549,-0.006992926821112633,-0.013271957635879517,-0.013271957635879517,1000.0,5.0
3.358333333333395,0.5999999999999999,0.5999831557273865,0.003369023324921727,-8.475241770611319e-07,-8.475241770611319e-07,0.0007258365512825549,-0.006992925889790058,-0.013271957635879517,-0.013271957635879517,1000.0,5.0
3.362500000000062,0.5999999999999999,0.5999831557273865,0.003369024023413658,-8.442675039077585e-07,-8.442675039077585e-07,0.0007258365512825549,-0.00699292728677392,-0.013271987438201904,-0.013271987438201904,1000.0,5.0
3.366666666666729,0.5999999999999999,0.5999831557273865,0.00336902285926044,-8.472675858683942e-07,-8.472675858683942e-07,0.0007258365512825549,-0.006992925889790058,-0.013271927833557129,-0.013271927833557129,1000.0,5.0
3.3708333333333957,0.5999999999999999,0.5999831557273865,0.003369024256244302,-8.420902872785518e-07,-8.420902872785518e-07,0.0007258365512825549,-0.006992925889790058,-0.013271987438201904,-0.013271987438201904,1000.0,5.0
3.3750000000000626,0.5999999999999999,0.5999831557273865,0.0033690244890749454,-8.481879945065884e-07,-8.481879945065884e-07,0.0007258365512825549,-0.006992926821112633,-0.013271987438201904,-0.013271987438201904,1000.0,5.0
3.3791666666667295,0.5999999999999999,0.5999831557273865,0.0033690226264297962,-8.497120802530844e-07,-8.497120802530844e-07,0.0007258365512825549,-0.006992925424128771,-0.013271957635879517,-0.013271957635879517,1000.0,5.0
3.3833333333333964,0.5999999999999999,0.5999831557273865,0.0033690249547362328,-8.411893759330269e-07,-8.411893759330269e-07,0.0007258365512825549,-0.0069929263554513454,-0.013272017240524292,-0.013272017240524292,1000.0,5.0
3.3875000000000632,0.5999999999999999,0.5999831557273865,0.003369024023413658,-8.513599709658592e-07,-8.513599709658592e-07,0.0007258365512825549,-0.0069929263554513454,-0.013271957635879517,-0.013271957635879517,1000.0,5.0
3.39166666666673,0.5999999999999999,0.5999831557273865,0.003369024023413658,-8.477849746668653e-07,-8.477849746668653e-07,0.0007258365512825549,-0.006992926821112633,-0.013271957635879517,-0.013271957635879517,1000.0,5.0
3.395833333333397,0.5999999999999999,0.5999831557273865,0.003369023324921727,-8.475241770611319e-07,-8.475241770611319e-07,0.0007258365512825549,-0.006992925889790058,-0.013271957635879517,-0.013271957635879517,1000.0,5.0
3.400000000000064,0.5999999999999999,0.5999831557273865,0.003369024023413658,-8.442675039077585e-07,-8.442675039077585e-07,0.0007258365512825549,-0.00699292728677392,-0.013271987438201904,-0.013271987438201904,1000.0,5.0
3.4041666666667307,0.5999999999999999,0.5999831557273865,0.00336902285926044,-8.472675858683942e-07,-8.472675858683942e-07,0.0007258365512825549,-0.006992925889790058,-0.013271927833557129,-0.013271927833557129,1000.0,5.0
3.4083333333333976,0.5999999999999999,0.5999831557273865,0.003369024256244302,-8.420902872785518e-07,-8.420902872785518e-07,0.0007258365512825549,-0.006992925889790058,-0.013271987438201904,-0.013271987438201904,1000.0,5.0
3.4125000000000645,0.5999999999999999,0.5999831557273865,0.0033690244890749454,-8.481879945065884e-07,-8.481879945065884e-07,0.0007258365512825549,-0.006992926821112633,-0.013271987438201904,-0.013271987438201904,1000.0,5.0
3.4166666666667314,0.5999999999999999,0.5999831557273865,0.0033690226264297962,-8.497120802530844e-07,-8.497120802530844e-07,0.0007258365512825549,-0.006992925424128771,-0.013271957635879517,-0.013271957635879517,1000.0,5.0
3.4208333333333982,0.5999999999999999,0.5999831557273865,0.0033690249547362328,-8.411893759330269e-07,-8.411893759330269e-07,0.0007258365512825549,-0.0069929263554513454,-0.013272017240524292,-0.013272017240524292,1000.0,5.0
3.425000000000065,0.5999999999999999,0.5999831557273865,0.003369024023413658,-8.513599709658592e-07,-8.513599709658592e-07,0.0007258365512825549,-0.0069929263554513454,-0.013271957635879517,-0.013271957635879517,1000.0,5.0
3.429166666666732,0.5999999999999999,0.5999831557273865,0.003369024023413658,-8.477849746668653e-07,-8.477849746668653e-07,0.0007258365512825549,-0.006992926821112633,-0.013271957635879517,-0.013271957635879517,1000.0,5.0
3.433333333333399,0.5999999999999999,0.5999831557273865,0.003369023324921727,-8.475241770611319e-07,-8.475241770611319e-07,0.0007258365512825549,-0.006992925889790058,-0.013271957635879517,-0.013271957635879517,1000.0,5.0
3.4375000000000657,0.5999999999999999,0.5999831557273865,0.003369024023413658,-8.442675039077585e-07,-8.442675039077585e-07,0.0007258365512825549,-0.00699292728677392,-0.013271987438201904,-0.013271987438201904,1000.0,5.0
3.4416666666667326,0.5999999999999999,0.5999831557273865,0.00336902285926044,-8.472675858683942e-07,-8.472675858683942e-07,0.0007258365512825549,-0.006992925889790058,-0.013271927833557129,-0.013271927833557129,1000.0,5.0
3.4458333333333995,0.5999999999999999,0.5999831557273865,0.003369024256244302,-8.420902872785518e-07,-8.420902872785518e-07,0.0007258365512825549,-0.006992925889790058,-0.013271987438201904,-0.013271987438201904,1000.0,5.0
3.4500000000000663,0.5999999999999999,0.5999831557273865,0.0033690244890749454,-8.481879945065884e-07,-8.481879945065884e-07,0.0007258365512825549,-0.006992926821112633,-0.013271987438201904,-0.013271987438201904,1000.0,5.0
3.454166666666733,0.5999999999999999,0.5999831557273865,0.0033690226264297962,-8.497120802530844e-07,-8.497120802530844e-07,0.0007258365512825549,-0.006992925424128771,-0.013271957635879517,-0.013271957635879517,1000.0,5.0
3.4583333333334,0.5999999999999999,0.5999831557273865,0.0033690249547362328,-8.411893759330269e-07,-8.411893759330269e-07,0.0007258365512825549,-0.0069929263554513454,-0.013272017240524292,-0.013272017240524292,1000.0,5.0
3.462500000000067,0.5999999999999999,0.5999831557273865,0.003369024023413658,-8.513599709658592e-07,-8.513599709658592e-07,0.0007258365512825549,-0.0069929263554513454,-0.013271957635879517,-0.013271957635879517,1000.0,5.0
3.466666666666734,0.5999999999999999,0.5999831557273865,0.003369024023413658,-8.477849746668653e-07,-8.477849746668653e-07,0.0007258365512825549,-0.006992926821112633,-0.013271957635879517,-0.013271957635879517,1000.0,5.0
3.4708333333334007,0.5999999999999999,0.5999831557273865,0.003369023324921727,-8.475241770611319e-07,-8.475241770611319e-07,0.0007258365512825549,-0.006992925889790058,-0.013271957635879517,-0.013271957635879517,1000.0,5.0
3.4750000000000676,0.5999999999999999,0.5999831557273865,0.003369024023413658,-8.442675039077585e-07,-8.442675039077585e-07,0.0007258365512825549,-0.00699292728677392,-0.013271987438201904,-0.013271987438201904,1000.0,5.0
3.4791666666667345,0.5999999999999999,0.5999831557273865,0.00336902285926044,-8.472675858683942e-07,-8.472675858683942e-07,0.0007258365512825549,-0.006992925889790058,-0.013271927833557129,-0.013271927833557129,1000.0,5.0
3.4833333333334013,0.5999999999999999,0.5999831557273865,0.003369024256244302,-8.420902872785518e-07,-8.420902872785518e-07,0.0007258365512825549,-0.006992925889790058,-0.013271987438201904,-0.013271987438201904,1000.0,5.0
3.487500000000068,0.5999999999999999,0.5999831557273865,0.0033690244890749454,-8.481879945065884e-07,-8.481879945065884e-07,0.0007258365512825549,-0.006992926821112633,-0.013271987438201904,-0.013271987438201904,1000.0,5.0
3.491666666666735,0.5999999999999999,0.5999831557273865,0.0033690226264297962,-8.497120802530844e-07,-8.497120802530844e-07,0.0007258365512825549,-0.006992925424128771,-0.013271957635879517,-0.013271957635879517,1000.0,5.0
3.495833333333402,0.5999999999999999,0.5999831557273865,0.0033690249547362328,-8.411893759330269e-07,-8.411893759330269e-07,0.0007258365512825549,-0.0069929263554513454,-0.013272017240524292,-0.013272017240524292,1000.0,5.0
3.500000000000069,0.5999999999999999,0.5999831557273865,0.003369024023413658,-8.513599709658592e-07,-8.513599709658592e-07,0.0007258365512825549,-0.0069929263554513454,-0.013271957635879517,-0.013271957635879517,1000.0,5.0
3.5041666666667357,0.5999999999999999,0.5999831557273865,0.003369024023413658,-8.477849746668653e-07,-8.477849746668653e-07,0.0007258365512825549,-0.006992926821112633,-0.013271957635879517,-0.013271957635879517,1000.0,5.0
3.5083333333334026,0.5999999999999999,0.5999831557273865,0.003369023324921727,-8.475241770611319e-07,-8.475241770611319e-07,0.0007258365512825549,-0.006992925889790058,-0.013271957635879517,-0.013271957635879517,1000.0,5.0
3.5125000000000695,0.5999999999999999,0.5999831557273865,0.003369024023413658,-8.442675039077585e-07,-8.442675039077585e-07,0.0007258365512825549,-0.00699292728677392,-0.013271987438201904,-0.013271987438201904,1000.0,5.0
3.5166666666667363,0.5999999999999999,0.5999831557273865,0.00336902285926044,-8.472675858683942e-07,-8.472675858683942e-07,0.0007258365512825549,-0.006992925889790058,-0.013271927833557129,-0.013271927833557129,1000.0,5.0
3.520833333333403,0.5999999999999999,0.5999831557273865,0.003369024256244302,-8.420902872785518e-07,-8.420902872785518e-07,0.0007258365512825549,-0.006992925889790058,-0.013271987438201904,-0.013271987438201904,1000.0,5.0
3.52500000000007,0.5999999999999999,0.5999831557273865,0.0033690244890749454,-8.481879945065884e-07,-8.481879945065884e-07,0.0007258365512825549,-0.006992926821112633,-0.013271987438201904,-0.013271987438201904,1000.0,5.0
3.529166666666737,0.5999999999999999,0.5999831557273865,0.0033690226264297962,-8.497120802530844e-07,-8.497120802530844e-07,0.0007258365512825549,-0.006992925424128771,-0.013271957635879517,-0.013271957635879517,1000.0,5.0
3.533333333333404,0.5999999999999999,0.5999831557273865,0.0033690249547362328,-8.411893759330269e-07,-8.411893759330269e-07,0.0007258365512825549,-0.0069929263554513454,-0.013272017240524292,-0.013272017240524292,1000.0,5.0
3.5375000000000707,0.5999999999999999,0.5999831557273865,0.003369024023413658,-8.513599709658592e-07,-8.513599709658592e-07,0.0007258365512825549,-0.0069929263554513454,-0.013271957635879517,-0.013271957635879517,1000.0,5.0
3.5416666666667376,0.5999999999999999,0.5999831557273865,0.003369024023413658,-8.477849746668653e-07,-8.477849746668653e-07,0.0007258365512825549,-0.006992926821112633,-0.013271957635879517,-0.013271957635879517,1000.0,5.0
3.5458333333334044,0.5999999999999999,0.5999831557273865,0.003369023324921727,-8.475241770611319e-07,-8.475241770611319e-07,0.0007258365512825549,-0.006992925889790058,-0.013271957635879517,-0.013271957635879517,1000.0,5.0
3.5500000000000713,0.5999999999999999,0.5999831557273865,0.003369024023413658,-8.442675039077585e-07,-8.442675039077585e-07,0.0007258365512825549,-0.00699292728677392,-0.013271987438201904,-0.013271987438201904,1000.0,5.0
3.554166666666738,0.5999999999999999,0.5999831557273865,0.00336902285926044,-8.472675858683942e-07,-8.472675858683942e-07,0.0007258365512825549,-0.006992925889790058,-0.013271927833557129,-0.013271927833557129,1000.0,5.0
3.558333333333405,0.5999999999999999,0.5999831557273865,0.003369024256244302,-8.420902872785518e-07,-8.420902872785518e-07,0.0007258365512825549,-0.006992925889790058,-0.013271987438201904,-0.013271987438201904,1000.0,5.0
3.562500000000072,0.5999999999999999,0.5999831557273865,0.0033690244890749454,-8.481879945065884e-07,-8.481879945065884e-07,0.0007258365512825549,-0.006992926821112633,-0.013271987438201904,-0.013271987438201904,1000.0,5.0
3.566666666666739,0.5999999999999999,0.5999831557273865,0.0033690226264297962,-8.497120802530844e-07,-8.497120802530844e-07,0.0007258365512825549,-0.006992925424128771,-0.013271957635879517,-0.013271957635879517,1000.0,5.0
3.5708333333334057,0.5999999999999999,0.5999831557273865,0.0033690249547362328,-8.411893759330269e-07,-8.411893759330269e-07,0.0007258365512825549,-0.0069929263554513454,-0.013272017240524292,-0.013272017240524292,1000.0,5.0
3.5750000000000726,0.5999999999999999,0.5999831557273865,0.003369024023413658,-8.513599709658592e-07,-8.513599709658592e-07,0.0007258365512825549,-0.0069929263554513454,-0.013271957635879517,-0.013271957635879517,1000.0,5.0
3.5791666666667394,0.5999999999999999,0.5999831557273865,0.003369024023413658,-8.477849746668653e-07,-8.477849746668653e-07,0.0007258365512825549,-0.006992926821112633,-0.013271957635879517,-0.013271957635879517,1000.0,5.0
3.5833333333334063,0.5999999999999999,0.5999831557273865,0.003369023324921727,-8.475241770611319e-07,-8.475241770611319e-07,0.0007258365512825549,-0.006992925889790058,-0.013271957635879517,-0.013271957635879517,1000.0,5.0
3.587500000000073,0.5999999999999999,0.5999831557273865,0.003369024023413658,-8.442675039077585e-07,-8.442675039077585e-07,0.0007258365512825549,-0.00699292728677392,-0.013271987438201904,-0.013271987438201904,1000.0,5.0
3.59166666666674,0.5999999999999999,0.5999831557273865,0.00336902285926044,-8.472675858683942e-07,-8.472675858683942e-07,0.0007258365512825549,-0.006992925889790058,-0.013271927833557129,-0.013271927833557129,1000.0,5.0
3.595833333333407,0.5999999999999999,0.5999831557273865,0.003369024256244302,-8.420902872785518e-07,-8.420902872785518e-07,0.0007258365512825549,-0.006992925889790058,-0.013271987438201904,-0.013271987438201904,1000.0,5.0
3.600000000000074,0.5999999999999999,0.5999831557273865,0.0033690244890749454,-8.481879945065884e-07,-8.481879945065884e-07,0.0007258365512825549,-0.006992926821112633,-0.013271987438201904,-0.013271987438201904,1000.0,5.0
3.6041666666667407,0.5999999999999999,0.5999831557273865,0.0033690226264297962,-8.497120802530844e-07,-8.497120802530844e-07,0.0007258365512825549,-0.006992925424128771,-0.013271957635879517,-0.013271957635879517,1000.0,5.0
3.6083333333334076,0.5999999999999999,0.5999831557273865,0.0033690249547362328,-8.411893759330269e-07,-8.411893759330269e-07,0.0007258365512825549,-0.0069929263554513454,-0.013272017240524292,-0.013272017240524292,1000.0,5.0
3.6125000000000744,0.5999999999999999,0.5999831557273865,0.003369024023413658,-8.513599709658592e-07,-8.513599709658592e-07,0.0007258365512825549,-0.0069929263554513454,-0.013271957635879517,-0.013271957635879517,1000.0,5.0
3.6166666666667413,0.5999999999999999,0.5999831557273865,0.003369024023413658,-8.477849746668653e-07,-8.477849746668653e-07,0.0007258365512825549,-0.006992926821112633,-0.013271957635879517,-0.013271957635879517,1000.0,5.0
3.620833333333408,0.5999999999999999,0.5999831557273865,0.003369023324921727,-8.475241770611319e-07,-8.475241770611319e-07,0.0007258365512825549,-0.006992925889790058,-0.013271957635879517,-0.013271957635879517,1000.0,5.0
3.625000000000075,0.5999999999999999,0.5999831557273865,0.003369024023413658,-8.442675039077585e-07,-8.442675039077585e-07,0.0007258365512825549,-0.00699292728677392,-0.013271987438201904,-0.013271987438201904,1000.0,5.0
3.629166666666742,0.5999999999999999,0.5999831557273865,0.00336902285926044,-8.472675858683942e-07,-8.472675858683942e-07,0.0007258365512825549,-0.006992925889790058,-0.013271927833557129,-0.013271927833557129,1000.0,5.0
3.633333333333409,0.5999999999999999,0.5999831557273865,0.003369024256244302,-8.420902872785518e-07,-8.420902872785518e-07,0.0007258365512825549,-0.006992925889790058,-0.013271987438201904,-0.013271987438201904,1000.0,5.0
3.6375000000000757,0.5999999999999999,0.5999831557273865,0.0033690244890749454,-8.481879945065884e-07,-8.481879945065884e-07,0.0007258365512825549,-0.006992926821112633,-0.013271987438201904,-0.013271987438201904,1000.0,5.0
3.6416666666667425,0.5999999999999999,0.5999831557273865,0.0033690226264297962,-8.497120802530844e-07,-8.497120802530844e-07,0.0007258365512825549,-0.006992925424128771,-0.013271957635879517,-0.013271957635879517,1000.0,5.0
3.6458333333334094,0.5999999999999999,0.5999831557273865,0.0033690249547362328,-8.411893759330269e-07,-8.411893759330269e-07,0.0007258365512825549,-0.0069929263554513454,-0.013272017240524292,-0.013272017240524292,1000.0,5.0
3.6500000000000763,0.5999999999999999,0.5999831557273865,0.003369024023413658,-8.513599709658592e-07,-8.513599709658592e-07,0.0007258365512825549,-0.0069929263554513454,-0.013271957635879517,-0.013271957635879517,1000.0,5.0
3.654166666666743,0.5999999999999999,0.5999831557273865,0.003369024023413658,-8.477849746668653e-07,-8.477849746668653e-07,0.0007258365512825549,-0.006992926821112633,-0.013271957635879517,-0.013271957635879517,1000.0,5.0
3.65833333333341,0.5999999999999999,0.5999831557273865,0.003369023324921727,-8.475241770611319e-07,-8.475241770611319e-07,0.0007258365512825549,-0.006992925889790058,-0.013271957635879517,-0.013271957635879517,1000.0,5.0
3.662500000000077,0.5999999999999999,0.5999831557273865,0.003369024023413658,-8.442675039077585e-07,-8.442675039077585e-07,0.0007258365512825549,-0.00699292728677392,-0.013271987438201904,-0.013271987438201904,1000.0,5.0
3.666666666666744,0.5999999999999999,0.5999831557273865,0.00336902285926044,-8.472675858683942e-07,-8.472675858683942e-07,0.0007258365512825549,-0.006992925889790058,-0.013271927833557129,-0.013271927833557129,1000.0,5.0
3.6708333333334107,0.5999999999999999,0.5999831557273865,0.003369024256244302,-8.420902872785518e-07,-8.420902872785518e-07,0.0007258365512825549,-0.006992925889790058,-0.013271987438201904,-0.013271987438201904,1000.0,5.0
3.6750000000000775,0.5999999999999999,0.5999831557273865,0.0033690244890749454,-8.481879945065884e-07,-8.481879945065884e-07,0.0007258365512825549,-0.006992926821112633,-0.013271987438201904,-0.013271987438201904,1000.0,5.0
3.6791666666667444,0.5999999999999999,0.5999831557273865,0.0033690226264297962,-8.497120802530844e-07,-8.497120802530844e-07,0.0007258365512825549,-0.006992925424128771,-0.013271957635879517,-0.013271957635879517,1000.0,5.0
3.6833333333334113,0.5999999999999999,0.5999831557273865,0.0033690249547362328,-8.411893759330269e-07,-8.411893759330269e-07,0.0007258365512825549,-0.0069929263554513454,-0.013272017240524292,-0.013272017240524292,1000.0,5.0
3.687500000000078,0.5999999999999999,0.5999831557273865,0.003369024023413658,-8.513599709658592e-07,-8.513599709658592e-07,0.0007258365512825549,-0.0069929263554513454,-0.013271957635879517,-0.013271957635879517,1000.0,5.0
3.691666666666745,0.5999999999999999,0.5999831557273865,0.003369024023413658,-8.477849746668653e-07,-8.477849746668653e-07,0.0007258365512825549,-0.006992926821112633,-0.013271957635879517,-0.013271957635879517,1000.0,5.0
3.695833333333412,0.5999999999999999,0.5999831557273865,0.003369023324921727,-8.475241770611319e-07,-8.475241770611319e-07,0.0007258365512825549,-0.006992925889790058,-0.013271957635879517,-0.013271957635879517,1000.0,5.0
3.700000000000079,0.5999999999999999,0.5999831557273865,0.003369024023413658,-8.442675039077585e-07,-8.442675039077585e-07,0.0007258365512825549,-0.00699292728677392,-0.013271987438201904,-0.013271987438201904,1000.0,5.0
3.7041666666667457,0.5999999999999999,0.5999831557273865,0.00336902285926044,-8.472675858683942e-07,-8.472675858683942e-07,0.0007258365512825549,-0.006992925889790058,-0.013271927833557129,-0.013271927833557129,1000.0,5.0
3.7083333333334125,0.5999999999999999,0.5999831557273865,0.003369024256244302,-8.420902872785518e-07,-8.420902872785518e-07,0.0007258365512825549,-0.006992925889790058,-0.013271987438201904,-0.013271987438201904,1000.0,5.0
3.7125000000000794,0.5999999999999999,0.5999831557273865,0.0033690244890749454,-8.481879945065884e-07,-8.481879945065884e-07,0.0007258365512825549,-0.006992926821112633,-0.013271987438201904,-0.013271987438201904,1000.0,5.0
3.7166666666667463,0.5999999999999999,0.5999831557273865,0.0033690226264297962,-8.497120802530844e-07,-8.497120802530844e-07,0.0007258365512825549,-0.006992925424128771,-0.013271957635879517,-0.013271957635879517,1000.0,5.0
3.720833333333413,0.5999999999999999,0.5999831557273865,0.0033690249547362328,-8.411893759330269e-07,-8.411893759330269e-07,0.0007258365512825549,-0.0069929263554513454,-0.013272017240524292,-0.013272017240524292,1000.0,5.0
3.72500000000008,0.5999999999999999,0.5999831557273865,0.003369024023413658,-8.513599709658592e-07,-8.513599709658592e-07,0.0007258365512825549,-0.0069929263554513454,-0.013271957635879517,-0.013271957635879517,1000.0,5.0
3.729166666666747,0.5999999999999999,0.5999831557273865,0.003369024023413658,-8.477849746668653e-07,-8.477849746668653e-07,0.0007258365512825549,-0.006992926821112633,-0.013271957635879517,-0.013271957635879517,1000.0,5.0
3.7333333333334138,0.5999999999999999,0.5999831557273865,0.003369023324921727,-8.475241770611319e-07,-8.475241770611319e-07,0.0007258365512825549,-0.006992925889790058,-0.013271957635879517,-0.013271957635879517,1000.0,5.0
3.7375000000000806,0.5999999999999999,0.5999831557273865,0.003369024023413658,-8.442675039077585e-07,-8.442675039077585e-07,0.0007258365512825549,-0.00699292728677392,-0.013271987438201904,-0.013271987438201904,1000.0,5.0
3.7416666666667475,0.5999999999999999,0.5999831557273865,0.00336902285926044,-8.472675858683942e-07,-8.472675858683942e-07,0.0007258365512825549,-0.006992925889790058,-0.013271927833557129,-0.013271927833557129,1000.0,5.0
3.7458333333334144,0.5999999999999999,0.5999831557273865,0.003369024256244302,-8.420902872785518e-07,-8.420902872785518e-07,0.0007258365512825549,-0.006992925889790058,-0.013271987438201904,-0.013271987438201904,1000.0,5.0
3.7500000000000813,0.5999999999999999,0.5999831557273865,0.0033690244890749454,-8.481879945065884e-07,-8.481879945065884e-07,0.0007258365512825549,-0.006992926821112633,-0.013271987438201904,-0.013271987438201904,1000.0,5.0
3.754166666666748,0.5999999999999999,0.5999831557273865,0.0033690226264297962,-8.497120802530844e-07,-8.497120802530844e-07,0.0007258365512825549,-0.006992925424128771,-0.013271957635879517,-0.013271957635879517,1000.0,5.0
3.758333333333415,0.5999999999999999,0.5999831557273865,0.0033690249547362328,-8.411893759330269e-07,-8.411893759330269e-07,0.0007258365512825549,-0.0069929263554513454,-0.013272017240524292,-0.013272017240524292,1000.0,5.0
3.762500000000082,0.5999999999999999,0.5999831557273865,0.003369024023413658,-8.513599709658592e-07,-8.513599709658592e-07,0.0007258365512825549,-0.0069929263554513454,-0.013271957635879517,-0.013271957635879517,1000.0,5.0
3.7666666666667488,0.5999999999999999,0.5999831557273865,0.003369024023413658,-8.477849746668653e-07,-8.477849746668653e-07,0.0007258365512825549,-0.006992926821112633,-0.013271957635879517,-0.013271957635879517,1000.0,5.0
3.7708333333334156,0.5999999999999999,0.5999831557273865,0.003369023324921727,-8.475241770611319e-07,-8.475241770611319e-07,0.0007258365512825549,-0.006992925889790058,-0.013271957635879517,-0.013271957635879517,1000.0,5.0
3.7750000000000825,0.5999999999999999,0.5999831557273865,0.003369024023413658,-8.442675039077585e-07,-8.442675039077585e-07,0.0007258365512825549,-0.00699292728677392,-0.013271987438201904,-0.013271987438201904,1000.0,5.0
3.7791666666667494,0.5999999999999999,0.5999831557273865,0.00336902285926044,-8.472675858683942e-07,-8.472675858683942e-07,0.0007258365512825549,-0.006992925889790058,-0.013271927833557129,-0.013271927833557129,1000.0,5.0
3.7833333333334163,0.5999999999999999,0.5999831557273865,0.003369024256244302,-8.420902872785518e-07,-8.420902872785518e-07,0.0007258365512825549,-0.006992925889790058,-0.013271987438201904,-0.013271987438201904,1000.0,5.0
3.787500000000083,0.5999999999999999,0.5999831557273865,0.0033690244890749454,-8.481879945065884e-07,-8.481879945065884e-07,0.0007258365512825549,-0.006992926821112633,-0.013271987438201904,-0.013271987438201904,1000.0,5.0
3.79166666666675,0.5999999999999999,0.5999831557273865,0.0033690226264297962,-8.497120802530844e-07,-8.497120802530844e-07,0.0007258365512825549,-0.006992925424128771,-0.013271957635879517,-0.013271957635879517,1000.0,5.0
3.795833333333417,0.5999999999999999,0.5999831557273865,0.0033690249547362328,-8.411893759330269e-07,-8.411893759330269e-07,0.0007258365512825549,-0.0069929263554513454,-0.013272017240524292,-0.013272017240524292,1000.0,5.0
3.8000000000000838,0.5999999999999999,0.5999831557273865,0.003369024023413658,-8.513599709658592e-07,-8.513599709658592e-07,0.0007258365512825549,-0.0069929263554513454,-0.013271957635879517,-0.013271957635879517,1000.0,5.0
3.8041666666667506,0.5999999999999999,0.5999831557273865,0.003369024023413658,-8.477849746668653e-07,-8.477849746668653e-07,0.0007258365512825549,-0.006992926821112633,-0.013271957635879517,-0.013271957635879517,1000.0,5.0
3.8083333333334175,0.5999999999999999,0.5999831557273865,0.003369023324921727,-8.475241770611319e-07,-8.475241770611319e-07,0.0007258365512825549,-0.006992925889790058,-0.013271957635879517,-0.013271957635879517,1000.0,5.0
3.8125000000000844,0.5999999999999999,0.5999831557273865,0.003369024023413658,-8.442675039077585e-07,-8.442675039077585e-07,0.0007258365512825549,-0.00699292728677392,-0.013271987438201904,-0.013271987438201904,1000.0,5.0
3.8166666666667513,0.5999999999999999,0.5999831557273865,0.00336902285926044,-8.472675858683942e-07,-8.472675858683942e-07,0.0007258365512825549,-0.006992925889790058,-0.013271927833557129,-0.013271927833557129,1000.0,5.0
3.820833333333418,0.5999999999999999,0.5999831557273865,0.003369024256244302,-8.420902872785518e-07,-8.420902872785518e-07,0.0007258365512825549,-0.006992925889790058,-0.013271987438201904,-0.013271987438201904,1000.0,5.0
3.825000000000085,0.5999999999999999,0.5999831557273865,0.0033690244890749454,-8.481879945065884e-07,-8.481879945065884e-07,0.0007258365512825549,-0.006992926821112633,-0.013271987438201904,-0.013271987438201904,1000.0,5.0
3.829166666666752,0.5999999999999999,0.5999831557273865,0.0033690226264297962,-8.497120802530844e-07,-8.497120802530844e-07,0.0007258365512825549,-0.006992925424128771,-0.013271957635879517,-0.013271957635879517,1000.0,5.0
3.8333333333334187,0.5999999999999999,0.5999831557273865,0.0033690249547362328,-8.411893759330269e-07,-8.411893759330269e-07,0.0007258365512825549,-0.0069929263554513454,-0.013272017240524292,-0.013272017240524292,1000.0,5.0
3.8375000000000856,0.5999999999999999,0.5999831557273865,0.003369024023413658,-8.513599709658592e-07,-8.513599709658592e-07,0.0007258365512825549,-0.0069929263554513454,-0.013271957635879517,-0.013271957635879517,1000.0,5.0
3.8416666666667525,0.5999999999999999,0.5999831557273865,0.003369024023413658,-8.477849746668653e-07,-8.477849746668653e-07,0.0007258365512825549,-0.006992926821112633,-0.013271957635879517,-0.013271957635879517,1000.0,5.0
3.8458333333334194,0.5999999999999999,0.5999831557273865,0.003369023324921727,-8.475241770611319e-07,-8.475241770611319e-07,0.0007258365512825549,-0.006992925889790058,-0.013271957635879517,-0.013271957635879517,1000.0,5.0
3.8500000000000862,0.5999999999999999,0.5999831557273865,0.003369024023413658,-8.442675039077585e-07,-8.442675039077585e-07,0.0007258365512825549,-0.00699292728677392,-0.013271987438201904,-0.013271987438201904,1000.0,5.0
3.854166666666753,0.5999999999999999,0.5999831557273865,0.00336902285926044,-8.472675858683942e-07,-8.472675858683942e-07,0.0007258365512825549,-0.006992925889790058,-0.013271927833557129,-0.013271927833557129,1000.0,5.0
3.85833333333342,0.5999999999999999,0.5999831557273865,0.003369024256244302,-8.420902872785518e-07,-8.420902872785518e-07,0.0007258365512825549,-0.006992925889790058,-0.013271987438201904,-0.013271987438201904,1000.0,5.0
3.862500000000087,0.5999999999999999,0.5999831557273865,0.0033690244890749454,-8.481879945065884e-07,-8.481879945065884e-07,0.0007258365512825549,-0.006992926821112633,-0.013271987438201904,-0.013271987438201904,1000.0,5.0
3.8666666666667537,0.5999999999999999,0.5999831557273865,0.0033690226264297962,-8.497120802530844e-07,-8.497120802530844e-07,0.0007258365512825549,-0.006992925424128771,-0.013271957635879517,-0.013271957635879517,1000.0,5.0
3.8708333333334206,0.5999999999999999,0.5999831557273865,0.0033690249547362328,-8.411893759330269e-07,-8.411893759330269e-07,0.0007258365512825549,-0.0069929263554513454,-0.013272017240524292,-0.013272017240524292,1000.0,5.0
3.8750000000000875,0.5999999999999999,0.5999831557273865,0.003369024023413658,-8.513599709658592e-07,-8.513599709658592e-07,0.0007258365512825549,-0.0069929263554513454,-0.013271957635879517,-0.013271957635879517,1000.0,5.0
3.8791666666667544,0.5999999999999999,0.5999831557273865,0.003369024023413658,-8.477849746668653e-07,-8.477849746668653e-07,0.0007258365512825549,-0.006992926821112633,-0.013271957635879517,-0.013271957635879517,1000.0,5.0
3.8833333333334212,0.5999999999999999,0.5999831557273865,0.003369023324921727,-8.475241770611319e-07,-8.475241770611319e-07,0.0007258365512825549,-0.006992925889790058,-0.013271957635879517,-0.013271957635879517,1000.0,5.0
3.887500000000088,0.5999999999999999,0.5999831557273865,0.003369024023413658,-8.442675039077585e-07,-8.442675039077585e-07,0.0007258365512825549,-0.00699292728677392,-0.013271987438201904,-0.013271987438201904,1000.0,5.0
3.891666666666755,0.5999999999999999,0.5999831557273865,0.00336902285926044,-8.472675858683942e-07,-8.472675858683942e-07,0.0007258365512825549,-0.006992925889790058,-0.013271927833557129,-0.013271927833557129,1000.0,5.0
3.895833333333422,0.5999999999999999,0.5999831557273865,0.003369024256244302,-8.420902872785518e-07,-8.420902872785518e-07,0.0007258365512825549,-0.006992925889790058,-0.013271987438201904,-0.013271987438201904,1000.0,5.0
3.9000000000000887,0.5999999999999999,0.5999831557273865,0.0033690244890749454,-8.481879945065884e-07,-8.481879945065884e-07,0.0007258365512825549,-0.006992926821112633,-0.013271987438201904,-0.013271987438201904,1000.0,5.0
3.9041666666667556,0.5999999999999999,0.5999831557273865,0.0033690226264297962,-8.497120802530844e-07,-8.497120802530844e-07,0.0007258365512825549,-0.006992925424128771,-0.013271957635879517,-0.013271957635879517,1000.0,5.0
3.9083333333334225,0.5999999999999999,0.5999831557273865,0.0033690249547362328,-8.411893759330269e-07,-8.411893759330269e-07,0.0007258365512825549,-0.0069929263554513454,-0.013272017240524292,-0.013272017240524292,1000.0,5.0
3.9125000000000894,0.5999999999999999,0.5999831557273865,0.003369024023413658,-8.513599709658592e-07,-8.513599709658592e-07,0.0007258365512825549,-0.0069929263554513454,-0.013271957635879517,-0.013271957635879517,1000.0,5.0
3.9166666666667562,0.5999999999999999,0.5999831557273865,0.003369024023413658,-8.477849746668653e-07,-8.477849746668653e-07,0.0007258365512825549,-0.006992926821112633,-0.013271957635879517,-0.013271957635879517,1000.0,5.0
3.920833333333423,0.5999999999999999,0.5999831557273865,0.003369023324921727,-8.475241770611319e-07,-8.475241770611319e-07,0.0007258365512825549,-0.006992925889790058,-0.013271957635879517,-0.013271957635879517,1000.0,5.0
3.92500000000009,0.5999999999999999,0.5999831557273865,0.003369024023413658,-8.442675039077585e-07,-8.442675039077585e-07,0.0007258365512825549,-0.00699292728677392,-0.013271987438201904,-0.013271987438201904,1000.0,5.0
3.929166666666757,0.5999999999999999,0.5999831557273865,0.00336902285926044,-8.472675858683942e-07,-8.472675858683942e-07,0.0007258365512825549,-0.006992925889790058,-0.013271927833557129,-0.013271927833557129,1000.0,5.0
3.9333333333334237,0.5999999999999999,0.5999831557273865,0.003369024256244302,-8.420902872785518e-07,-8.420902872785518e-07,0.0007258365512825549,-0.006992925889790058,-0.013271987438201904,-0.013271987438201904,1000.0,5.0
3.9375000000000906,0.5999999999999999,0.5999831557273865,0.0033690244890749454,-8.481879945065884e-07,-8.481879945065884e-07,0.0007258365512825549,-0.006992926821112633,-0.013271987438201904,-0.013271987438201904,1000.0,5.0
3.9416666666667575,0.5999999999999999,0.5999831557273865,0.0033690226264297962,-8.497120802530844e-07,-8.497120802530844e-07,0.0007258365512825549,-0.006992925424128771,-0.013271957635879517,-0.013271957635879517,1000.0,5.0
3.9458333333334243,0.5999999999999999,0.5999831557273865,0.0033690249547362328,-8.411893759330269e-07,-8.411893759330269e-07,0.0007258365512825549,-0.0069929263554513454,-0.013272017240524292,-0.013272017240524292,1000.0,5.0
3.950000000000091,0.5999999999999999,0.5999831557273865,0.003369024023413658,-8.513599709658592e-07,-8.513599709658592e-07,0.0007258365512825549,-0.0069929263554513454,-0.013271957635879517,-0.013271957635879517,1000.0,5.0
3.954166666666758,0.5999999999999999,0.5999831557273865,0.003369024023413658,-8.477849746668653e-07,-8.477849746668653e-07,0.0007258365512825549,-0.006992926821112633,-0.013271957635879517,-0.013271957635879517,1000.0,5.0
3.958333333333425,0.5999999999999999,0.5999831557273865,0.003369023324921727,-8.475241770611319e-07,-8.475241770611319e-07,0.0007258365512825549,-0.006992925889790058,-0.013271957635879517,-0.013271957635879517,1000.0,5.0
3.962500000000092,0.5999999999999999,0.5999831557273865,0.003369024023413658,-8.442675039077585e-07,-8.442675039077585e-07,0.0007258365512825549,-0.00699292728677392,-0.013271987438201904,-0.013271987438201904,1000.0,5.0
3.9666666666667587,0.5999999999999999,0.5999831557273865,0.00336902285926044,-8.472675858683942e-07,-8.472675858683942e-07,0.0007258365512825549,-0.006992925889790058,-0.013271927833557129,-0.013271927833557129,1000.0,5.0
3.9708333333334256,0.5999999999999999,0.5999831557273865,0.003369024256244302,-8.420902872785518e-07,-8.420902872785518e-07,0.0007258365512825549,-0.006992925889790058,-0.013271987438201904,-0.013271987438201904,1000.0,5.0
3.9750000000000925,0.5999999999999999,0.5999831557273865,0.0033690244890749454,-8.481879945065884e-07,-8.481879945065884e-07,0.0007258365512825549,-0.006992926821112633,-0.013271987438201904,-0.013271987438201904,1000.0,5.0
3.9791666666667593,0.5999999999999999,0.5999831557273865,0.0033690226264297962,-8.497120802530844e-07,-8.497120802530844e-07,0.0007258365512825549,-0.006992925424128771,-0.013271957635879517,-0.013271957635879517,1000.0,5.0
3.983333333333426,0.5999999999999999,0.5999831557273865,0.0033690249547362328,-8.411893759330269e-07,-8.411893759330269e-07,0.0007258365512825549,-0.0069929263554513454,-0.013272017240524292,-0.013272017240524292,1000.0,5.0
3.987500000000093,0.5999999999999999,0.5999831557273865,0.003369024023413658,-8.513599709658592e-07,-8.513599709658592e-07,0.0007258365512825549,-0.0069929263554513454,-0.013271957635879517,-0.013271957635879517,1000.0,5.0
3.99166666666676,0.5999999999999999,0.5999831557273865,0.003369024023413658,-8.477849746668653e-07,-8.477849746668653e-07,0.0007258365512825549,-0.006992926821112633,-0.013271957635879517,-0.013271957635879517,1000.0,5.0
3.995833333333427,0.5999999999999999,0.5999831557273865,0.003369023324921727,-8.475241770611319e-07,-8.475241770611319e-07,0.0007258365512825549,-0.006992925889790058,-0.013271957635879517,-0.013271957635879517,1000.0,5.0
4.000000000000093,0.5999999999999999,0.5999831557273865,0.003369024023413658,-8.442675039077585e-07,-8.442675039077585e-07,0.0007258365512825549,-0.00699292728677392,-0.013271987438201904,-0.013271987438201904,1000.0,5.0
4.00416666666676,0.5999999999999999,0.5999831557273865,0.00336902285926044,-8.472675858683942e-07,-8.472675858683942e-07,0.0007258365512825549,-0.006992925889790058,-0.013271927833557129,-0.013271927833557129,1000.0,5.0
4.008333333333426,0.5999999999999999,0.5999831557273865,0.003369024256244302,-8.420902872785518e-07,-8.420902872785518e-07,0.0007258365512825549,-0.006992925889790058,-0.013271987438201904,-0.013271987438201904,1000.0,5.0
4.0125000000000925,0.5999999999999999,0.5999831557273865,0.0033690244890749454,-8.481879945065884e-07,-8.481879945065884e-07,0.0007258365512825549,-0.006992926821112633,-0.013271987438201904,-0.013271987438201904,1000.0,5.0
4.016666666666759,0.5999999999999999,0.5999831557273865,0.0033690226264297962,-8.497120802530844e-07,-8.497120802530844e-07,0.0007258365512825549,-0.006992925424128771,-0.013271957635879517,-0.013271957635879517,1000.0,5.0
4.020833333333425,0.5999999999999999,0.5999831557273865,0.0033690249547362328,-8.411893759330269e-07,-8.411893759330269e-07,0.0007258365512825549,-0.0069929263554513454,-0.013272017240524292,-0.013272017240524292,1000.0,5.0
4.025000000000092,0.5999999999999999,0.5999831557273865,0.003369024023413658,-8.513599709658592e-07,-8.513599709658592e-07,0.0007258365512825549,-0.0069929263554513454,-0.013271957635879517,-0.013271957635879517,1000.0,5.0
4.029166666666758,0.5999999999999999,0.5999831557273865,0.003369024023413658,-8.477849746668653e-07,-8.477849746668653e-07,0.0007258365512825549,-0.006992926821112633,-0.013271957635879517,-0.013271957635879517,1000.0,5.0
4.033333333333425,0.5999999999999999,0.5999831557273865,0.003369023324921727,-8.475241770611319e-07,-8.475241770611319e-07,0.0007258365512825549,-0.006992925889790058,-0.013271957635879517,-0.013271957635879517,1000.0,5.0
4.037500000000091,0.5999999999999999,0.5999831557273865,0.003369024023413658,-8.442675039077585e-07,-8.442675039077585e-07,0.0007258365512825549,-0.00699292728677392,-0.013271987438201904,-0.013271987438201904,1000.0,5.0
4.041666666666758,0.5999999999999999,0.5999831557273865,0.00336902285926044,-8.472675858683942e-07,-8.472675858683942e-07,0.0007258365512825549,-0.006992925889790058,-0.013271927833557129,-0.013271927833557129,1000.0,5.0
4.045833333333424,0.5999999999999999,0.5999831557273865,0.003369024256244302,-8.420902872785518e-07,-8.420902872785518e-07,0.0007258365512825549,-0.006992925889790058,-0.013271987438201904,-0.013271987438201904,1000.0,5.0
4.05000000000009,0.5999999999999999,0.5999831557273865,0.0033690244890749454,-8.481879945065884e-07,-8.481879945065884e-07,0.0007258365512825549,-0.006992926821112633,-0.013271987438201904,-0.013271987438201904,1000.0,5.0
4.054166666666757,0.5999999999999999,0.5999831557273865,0.0033690226264297962,-8.497120802530844e-07,-8.497120802530844e-07,0.0007258365512825549,-0.006992925424128771,-0.013271957635879517,-0.013271957635879517,1000.0,5.0
4.058333333333423,0.5999999999999999,0.5999831557273865,0.0033690249547362328,-8.411893759330269e-07,-8.411893759330269e-07,0.0007258365512825549,-0.0069929263554513454,-0.013272017240524292,-0.013272017240524292,1000.0,5.0
4.06250000000009,0.5999999999999999,0.5999831557273865,0.003369024023413658,-8.513599709658592e-07,-8.513599709658592e-07,0.0007258365512825549,-0.0069929263554513454,-0.013271957635879517,-0.013271957635879517,1000.0,5.0
4.066666666666756,0.5999999999999999,0.5999831557273865,0.003369024023413658,-8.477849746668653e-07,-8.477849746668653e-07,0.0007258365512825549,-0.006992926821112633,-0.013271957635879517,-0.013271957635879517,1000.0,5.0
4.070833333333423,0.5999999999999999,0.5999831557273865,0.003369023324921727,-8.475241770611319e-07,-8.475241770611319e-07,0.0007258365512825549,-0.006992925889790058,-0.013271957635879517,-0.013271957635879517,1000.0,5.0
4.075000000000089,0.5999999999999999,0.5999831557273865,0.003369024023413658,-8.442675039077585e-07,-8.442675039077585e-07,0.0007258365512825549,-0.00699292728677392,-0.013271987438201904,-0.013271987438201904,1000.0,5.0
4.079166666666755,0.5999999999999999,0.5999831557273865,0.00336902285926044,-8.472675858683942e-07,-8.472675858683942e-07,0.0007258365512825549,-0.006992925889790058,-0.013271927833557129,-0.013271927833557129,1000.0,5.0
4.083333333333422,0.5999999999999999,0.5999831557273865,0.003369024256244302,-8.420902872785518e-07,-8.420902872785518e-07,0.0007258365512825549,-0.006992925889790058,-0.013271987438201904,-0.013271987438201904,1000.0,5.0
4.087500000000088,0.5999999999999999,0.5999831557273865,0.0033690244890749454,-8.481879945065884e-07,-8.481879945065884e-07,0.0007258365512825549,-0.006992926821112633,-0.013271987438201904,-0.013271987438201904,1000.0,5.0
4.091666666666755,0.5999999999999999,0.5999831557273865,0.0033690226264297962,-8.497120802530844e-07,-8.497120802530844e-07,0.0007258365512825549,-0.006992925424128771,-0.013271957635879517,-0.013271957635879517,1000.0,5.0
4.095833333333421,0.5999999999999999,0.5999831557273865,0.0033690249547362328,-8.411893759330269e-07,-8.411893759330269e-07,0.0007258365512825549,-0.0069929263554513454,-0.013272017240524292,-0.013272017240524292,1000.0,5.0
4.100000000000088,0.5999999999999999,0.5999831557273865,0.003369024023413658,-8.513599709658592e-07,-8.513599709658592e-07,0.0007258365512825549,-0.0069929263554513454,-0.013271957635879517,-0.013271957635879517,1000.0,5.0
4.104166666666754,0.5999999999999999,0.5999831557273865,0.003369024023413658,-8.477849746668653e-07,-8.477849746668653e-07,0.0007258365512825549,-0.006992926821112633,-0.013271957635879517,-0.013271957635879517,1000.0,5.0
4.10833333333342,0.5999999999999999,0.5999831557273865,0.003369023324921727,-8.475241770611319e-07,-8.475241770611319e-07,0.0007258365512825549,-0.006992925889790058,-0.013271957635879517,-0.013271957635879517,1000.0,5.0
4.112500000000087,0.5999999999999999,0.5999831557273865,0.003369024023413658,-8.442675039077585e-07,-8.442675039077585e-07,0.0007258365512825549,-0.00699292728677392,-0.013271987438201904,-0.013271987438201904,1000.0,5.0
4.116666666666753,0.5999999999999999,0.5999831557273865,0.00336902285926044,-8.472675858683942e-07,-8.472675858683942e-07,0.0007258365512825549,-0.006992925889790058,-0.013271927833557129,-0.013271927833557129,1000.0,5.0
4.12083333333342,0.5999999999999999,0.5999831557273865,0.003369024256244302,-8.420902872785518e-07,-8.420902872785518e-07,0.0007258365512825549,-0.006992925889790058,-0.013271987438201904,-0.013271987438201904,1000.0,5.0
4.125000000000086,0.5999999999999999,0.5999831557273865,0.0033690244890749454,-8.481879945065884e-07,-8.481879945065884e-07,0.0007258365512825549,-0.006992926821112633,-0.013271987438201904,-0.013271987438201904,1000.0,5.0
4.129166666666753,0.5999999999999999,0.5999831557273865,0.0033690226264297962,-8.497120802530844e-07,-8.497120802530844e-07,0.0007258365512825549,-0.006992925424128771,-0.013271957635879517,-0.013271957635879517,1000.0,5.0
4.133333333333419,0.5999999999999999,0.5999831557273865,0.0033690249547362328,-8.411893759330269e-07,-8.411893759330269e-07,0.0007258365512825549,-0.0069929263554513454,-0.013272017240524292,-0.013272017240524292,1000.0,5.0
4.137500000000085,0.5999999999999999,0.5999831557273865,0.003369024023413658,-8.513599709658592e-07,-8.513599709658592e-07,0.0007258365512825549,-0.0069929263554513454,-0.013271957635879517,-0.013271957635879517,1000.0,5.0
4.141666666666752,0.5999999999999999,0.5999831557273865,0.003369024023413658,-8.477849746668653e-07,-8.477849746668653e-07,0.0007258365512825549,-0.006992926821112633,-0.013271957635879517,-0.013271957635879517,1000.0,5.0
4.145833333333418,0.5999999999999999,0.5999831557273865,0.003369023324921727,-8.475241770611319e-07,-8.475241770611319e-07,0.0007258365512825549,-0.006992925889790058,-0.013271957635879517,-0.013271957635879517,1000.0,5.0
4.150000000000085,0.5999999999999999,0.5999831557273865,0.003369024023413658,-8.442675039077585e-07,-8.442675039077585e-07,0.0007258365512825549,-0.00699292728677392,-0.013271987438201904,-0.013271987438201904,1000.0,5.0
4.154166666666751,0.5999999999999999,0.5999831557273865,0.00336902285926044,-8.472675858683942e-07,-8.472675858683942e-07,0.0007258365512825549,-0.006992925889790058,-0.013271927833557129,-0.013271927833557129,1000.0,5.0
4.158333333333418,0.5999999999999999,0.5999831557273865,0.003369024256244302,-8.420902872785518e-07,-8.420902872785518e-07,0.0007258365512825549,-0.006992925889790058,-0.013271987438201904,-0.013271987438201904,1000.0,5.0
4.162500000000084,0.5999999999999999,0.5999831557273865,0.0033690244890749454,-8.481879945065884e-07,-8.481879945065884e-07,0.0007258365512825549,-0.006992926821112633,-0.013271987438201904,-0.013271987438201904,1000.0,5.0
4.1666666666667505,0.5999999999999999,0.5999831557273865,0.0033690226264297962,-8.497120802530844e-07,-8.497120802530844e-07,0.0007258365512825549,-0.006992925424128771,-0.013271957635879517,-0.013271957635879517,1000.0,5.0
4.170833333333417,0.5999999999999999,0.5999831557273865,0.0033690249547362328,-8.411893759330269e-07,-8.411893759330269e-07,0.0007258365512825549,-0.0069929263554513454,-0.013272017240524292,-0.013272017240524292,1000.0,5.0
4.175000000000083,0.5999999999999999,0.5999831557273865,0.003369024023413658,-8.513599709658592e-07,-8.513599709658592e-07,0.0007258365512825549,-0.0069929263554513454,-0.013271957635879517,-0.013271957635879517,1000.0,5.0
4.17916666666675,0.5999999999999999,0.5999831557273865,0.003369024023413658,-8.477849746668653e-07,-8.477849746668653e-07,0.0007258365512825549,-0.006992926821112633,-0.013271957635879517,-0.013271957635879517,1000.0,5.0
4.183333333333416,0.5999999999999999,0.5999831557273865,0.003369023324921727,-8.475241770611319e-07,-8.475241770611319e-07,0.0007258365512825549,-0.006992925889790058,-0.013271957635879517,-0.013271957635879517,1000.0,5.0
4.187500000000083,0.5999999999999999,0.5999831557273865,0.003369024023413658,-8.442675039077585e-07,-8.442675039077585e-07,0.0007258365512825549,-0.00699292728677392,-0.013271987438201904,-0.013271987438201904,1000.0,5.0
4.191666666666749,0.5999999999999999,0.5999831557273865,0.00336902285926044,-8.472675858683942e-07,-8.472675858683942e-07,0.0007258365512825549,-0.006992925889790058,-0.013271927833557129,-0.013271927833557129,1000.0,5.0
4.1958333333334155,0.5999999999999999,0.5999831557273865,0.003369024256244302,-8.420902872785518e-07,-8.420902872785518e-07,0.0007258365512825549,-0.006992925889790058,-0.013271987438201904,-0.013271987438201904,1000.0,5.0
4.200000000000082,0.5999999999999999,0.5999831557273865,0.0033690244890749454,-8.481879945065884e-07,-8.481879945065884e-07,0.0007258365512825549,-0.006992926821112633,-0.013271987438201904,-0.013271987438201904,1000.0,5.0
4.204166666666748,0.5999999999999999,0.5999831557273865,0.0033690226264297962,-8.497120802530844e-07,-8.497120802530844e-07,0.0007258365512825549,-0.006992925424128771,-0.013271957635879517,-0.013271957635879517,1000.0,5.0
4.208333333333415,0.5999999999999999,0.5999831557273865,0.0033690249547362328,-8.411893759330269e-07,-8.411893759330269e-07,0.0007258365512825549,-0.0069929263554513454,-0.013272017240524292,-0.013272017240524292,1000.0,5.0
4.212500000000081,0.5999999999999999,0.5999831557273865,0.003369024023413658,-8.513599709658592e-07,-8.513599709658592e-07,0.0007258365512825549,-0.0069929263554513454,-0.013271957635879517,-0.013271957635879517,1000.0,5.0
4.216666666666748,0.5999999999999999,0.5999831557273865,0.003369024023413658,-8.477849746668653e-07,-8.477849746668653e-07,0.0007258365512825549,-0.006992926821112633,-0.013271957635879517,-0.013271957635879517,1000.0,5.0
4.220833333333414,0.5999999999999999,0.5999831557273865,0.003369023324921727,-8.475241770611319e-07,-8.475241770611319e-07,0.0007258365512825549,-0.006992925889790058,-0.013271957635879517,-0.013271957635879517,1000.0,5.0
4.2250000000000805,0.5999999999999999,0.5999831557273865,0.003369024023413658,-8.442675039077585e-07,-8.442675039077585e-07,0.0007258365512825549,-0.00699292728677392,-0.013271987438201904,-0.013271987438201904,1000.0,5.0
4.229166666666747,0.5999999999999999,0.5999831557273865,0.00336902285926044,-8.472675858683942e-07,-8.472675858683942e-07,0.0007258365512825549,-0.006992925889790058,-0.013271927833557129,-0.013271927833557129,1000.0,5.0
4.233333333333413,0.5999999999999999,0.5999831557273865,0.003369024256244302,-8.420902872785518e-07,-8.420902872785518e-07,0.0007258365512825549,-0.006992925889790058,-0.013271987438201904,-0.013271987438201904,1000.0,5.0
4.23750000000008,0.5999999999999999,0.5999831557273865,0.0033690244890749454,-8.481879945065884e-07,-8.481879945065884e-07,0.0007258365512825549,-0.006992926821112633,-0.013271987438201904,-0.013271987438201904,1000.0,5.0
4.241666666666746,0.5999999999999999,0.5999831557273865,0.0033690226264297962,-8.497120802530844e-07,-8.497120802530844e-07,0.0007258365512825549,-0.006992925424128771,-0.013271957635879517,-0.013271957635879517,1000.0,5.0
4.245833333333413,0.5999999999999999,0.5999831557273865,0.0033690249547362328,-8.411893759330269e-07,-8.411893759330269e-07,0.0007258365512825549,-0.0069929263554513454,-0.013272017240524292,-0.013272017240524292,1000.0,5.0
4.250000000000079,0.5999999999999999,0.5999831557273865,0.003369024023413658,-8.513599709658592e-07,-8.513599709658592e-07,0.0007258365512825549,-0.0069929263554513454,-0.013271957635879517,-0.013271957635879517,1000.0,5.0
4.2541666666667455,0.5999999999999999,0.5999831557273865,0.003369024023413658,-8.477849746668653e-07,-8.477849746668653e-07,0.0007258365512825549,-0.006992926821112633,-0.013271957635879517,-0.013271957635879517,1000.0,5.0
4.258333333333412,0.5999999999999999,0.5999831557273865,0.003369023324921727,-8.475241770611319e-07,-8.475241770611319e-07,0.0007258365512825549,-0.006992925889790058,-0.013271957635879517,-0.013271957635879517,1000.0,5.0
4.262500000000078,0.5999999999999999,0.5999831557273865,0.003369024023413658,-8.442675039077585e-07,-8.442675039077585e-07,0.0007258365512825549,-0.00699292728677392,-0.013271987438201904,-0.013271987438201904,1000.0,5.0
4.266666666666745,0.5999999999999999,0.5999831557273865,0.00336902285926044,-8.472675858683942e-07,-8.472675858683942e-07,0.0007258365512825549,-0.006992925889790058,-0.013271927833557129,-0.013271927833557129,1000.0,5.0
4.270833333333411,0.5999999999999999,0.5999831557273865,0.003369024256244302,-8.420902872785518e-07,-8.420902872785518e-07,0.0007258365512825549,-0.006992925889790058,-0.013271987438201904,-0.013271987438201904,1000.0,5.0
4.275000000000078,0.5999999999999999,0.5999831557273865,0.0033690244890749454,-8.481879945065884e-07,-8.481879945065884e-07,0.0007258365512825549,-0.006992926821112633,-0.013271987438201904,-0.013271987438201904,1000.0,5.0
4.279166666666744,0.5999999999999999,0.5999831557273865,0.0033690226264297962,-8.497120802530844e-07,-8.497120802530844e-07,0.0007258365512825549,-0.006992925424128771,-0.013271957635879517,-0.013271957635879517,1000.0,5.0
4.2833333333334105,0.5999999999999999,0.5999831557273865,0.0033690249547362328,-8.411893759330269e-07,-8.411893759330269e-07,0.0007258365512825549,-0.0069929263554513454,-0.013272017240524292,-0.013272017240524292,1000.0,5.0
4.287500000000077,0.5999999999999999,0.5999831557273865,0.003369024023413658,-8.513599709658592e-07,-8.513599709658592e-07,0.0007258365512825549,-0.0069929263554513454,-0.013271957635879517,-0.013271957635879517,1000.0,5.0
4.291666666666743,0.5999999999999999,0.5999831557273865,0.003369024023413658,-8.477849746668653e-07,-8.477849746668653e-07,0.0007258365512825549,-0.006992926821112633,-0.013271957635879517,-0.013271957635879517,1000.0,5.0
4.29583333333341,0.5999999999999999,0.5999831557273865,0.003369023324921727,-8.475241770611319e-07,-8.475241770611319e-07,0.0007258365512825549,-0.006992925889790058,-0.013271957635879517,-0.013271957635879517,1000.0,5.0
4.300000000000076,0.5999999999999999,0.5999831557273865,0.003369024023413658,-8.442675039077585e-07,-8.442675039077585e-07,0.0007258365512825549,-0.00699292728677392,-0.013271987438201904,-0.013271987438201904,1000.0,5.0
4.304166666666743,0.5999999999999999,0.5999831557273865,0.00336902285926044,-8.472675858683942e-07,-8.472675858683942e-07,0.0007258365512825549,-0.006992925889790058,-0.013271927833557129,-0.013271927833557129,1000.0,5.0
4.308333333333409,0.5999999999999999,0.5999831557273865,0.003369024256244302,-8.420902872785518e-07,-8.420902872785518e-07,0.0007258365512825549,-0.006992925889790058,-0.013271987438201904,-0.013271987438201904,1000.0,5.0
4.3125000000000755,0.5999999999999999,0.5999831557273865,0.0033690244890749454,-8.481879945065884e-07,-8.481879945065884e-07,0.0007258365512825549,-0.006992926821112633,-0.013271987438201904,-0.013271987438201904,1000.0,5.0
4.316666666666742,0.5999999999999999,0.5999831557273865,0.0033690226264297962,-8.497120802530844e-07,-8.497120802530844e-07,0.0007258365512825549,-0.006992925424128771,-0.013271957635879517,-0.013271957635879517,1000.0,5.0
4.320833333333408,0.5999999999999999,0.5999831557273865,0.0033690249547362328,-8.411893759330269e-07,-8.411893759330269e-07,0.0007258365512825549,-0.0069929263554513454,-0.013272017240524292,-0.013272017240524292,1000.0,5.0
4.325000000000075,0.5999999999999999,0.5999831557273865,0.003369024023413658,-8.513599709658592e-07,-8.513599709658592e-07,0.0007258365512825549,-0.0069929263554513454,-0.013271957635879517,-0.013271957635879517,1000.0,5.0
4.329166666666741,0.5999999999999999,0.5999831557273865,0.003369024023413658,-8.477849746668653e-07,-8.477849746668653e-07,0.0007258365512825549,-0.006992926821112633,-0.013271957635879517,-0.013271957635879517,1000.0,5.0
4.333333333333408,0.5999999999999999,0.5999831557273865,0.003369023324921727,-8.475241770611319e-07,-8.475241770611319e-07,0.0007258365512825549,-0.006992925889790058,-0.013271957635879517,-0.013271957635879517,1000.0,5.0
4.337500000000074,0.5999999999999999,0.5999831557273865,0.003369024023413658,-8.442675039077585e-07,-8.442675039077585e-07,0.0007258365512825549,-0.00699292728677392,-0.013271987438201904,-0.013271987438201904,1000.0,5.0
4.3416666666667405,0.5999999999999999,0.5999831557273865,0.00336902285926044,-8.472675858683942e-07,-8.472675858683942e-07,0.0007258365512825549,-0.006992925889790058,-0.013271927833557129,-0.013271927833557129,1000.0,5.0
4.345833333333407,0.5999999999999999,0.5999831557273865,0.003369024256244302,-8.420902872785518e-07,-8.420902872785518e-07,0.0007258365512825549,-0.006992925889790058,-0.013271987438201904,-0.013271987438201904,1000.0,5.0
4.350000000000073,0.5999999999999999,0.5999831557273865,0.0033690244890749454,-8.481879945065884e-07,-8.481879945065884e-07,0.0007258365512825549,-0.006992926821112633,-0.013271987438201904,-0.013271987438201904,1000.0,5.0
4.35416666666674,0.5999999999999999,0.5999831557273865,0.0033690226264297962,-8.497120802530844e-07,-8.497120802530844e-07,0.0007258365512825549,-0.006992925424128771,-0.013271957635879517,-0.013271957635879517,1000.0,5.0
4.358333333333406,0.5999999999999999,0.5999831557273865,0.0033690249547362328,-8.411893759330269e-07,-8.411893759330269e-07,0.0007258365512825549,-0.0069929263554513454,-0.013272017240524292,-0.013272017240524292,1000.0,5.0
4.362500000000073,0.5999999999999999,0.5999831557273865,0.003369024023413658,-8.513599709658592e-07,-8.513599709658592e-07,0.0007258365512825549,-0.0069929263554513454,-0.013271957635879517,-0.013271957635879517,1000.0,5.0
4.366666666666739,0.5999999999999999,0.5999831557273865,0.003369024023413658,-8.477849746668653e-07,-8.477849746668653e-07,0.0007258365512825549,-0.006992926821112633,-0.013271957635879517,-0.013271957635879517,1000.0,5.0
4.3708333333334055,0.5999999999999999,0.5999831557273865,0.003369023324921727,-8.475241770611319e-07,-8.475241770611319e-07,0.0007258365512825549,-0.006992925889790058,-0.013271957635879517,-0.013271957635879517,1000.0,5.0
4.375000000000072,0.5999999999999999,0.5999831557273865,0.003369024023413658,-8.442675039077585e-07,-8.442675039077585e-07,0.0007258365512825549,-0.00699292728677392,-0.013271987438201904,-0.013271987438201904,1000.0,5.0
4.379166666666738,0.5999999999999999,0.5999831557273865,0.00336902285926044,-8.472675858683942e-07,-8.472675858683942e-07,0.0007258365512825549,-0.006992925889790058,-0.013271927833557129,-0.013271927833557129,1000.0,5.0
4.383333333333405,0.5999999999999999,0.5999831557273865,0.003369024256244302,-8.420902872785518e-07,-8.420902872785518e-07,0.0007258365512825549,-0.006992925889790058,-0.013271987438201904,-0.013271987438201904,1000.0,5.0
4.387500000000071,0.5999999999999999,0.5999831557273865,0.0033690244890749454,-8.481879945065884e-07,-8.481879945065884e-07,0.0007258365512825549,-0.006992926821112633,-0.013271987438201904,-0.013271987438201904,1000.0,5.0
4.391666666666738,0.5999999999999999,0.5999831557273865,0.0033690226264297962,-8.497120802530844e-07,-8.497120802530844e-07,0.0007258365512825549,-0.006992925424128771,-0.013271957635879517,-0.013271957635879517,1000.0,5.0
4.395833333333404,0.5999999999999999,0.5999831557273865,0.0033690249547362328,-8.411893759330269e-07,-8.411893759330269e-07,0.0007258365512825549,-0.0069929263554513454,-0.013272017240524292,-0.013272017240524292,1000.0,5.0
4.4000000000000705,0.5999999999999999,0.5999831557273865,0.003369024023413658,-8.513599709658592e-07,-8.513599709658592e-07,0.0007258365512825549,-0.0069929263554513454,-0.013271957635879517,-0.013271957635879517,1000.0,5.0
4.404166666666737,0.5999999999999999,0.5999831557273865,0.003369024023413658,-8.477849746668653e-07,-8.477849746668653e-07,0.0007258365512825549,-0.006992926821112633,-0.013271957635879517,-0.013271957635879517,1000.0,5.0
4.408333333333403,0.5999999999999999,0.5999831557273865,0.003369023324921727,-8.475241770611319e-07,-8.475241770611319e-07,0.0007258365512825549,-0.006992925889790058,-0.013271957635879517,-0.013271957635879517,1000.0,5.0
4.41250000000007,0.5999999999999999,0.5999831557273865,0.003369024023413658,-8.442675039077585e-07,-8.442675039077585e-07,0.0007258365512825549,-0.00699292728677392,-0.013271987438201904,-0.013271987438201904,1000.0,5.0
4.416666666666736,0.5999999999999999,0.5999831557273865,0.00336902285926044,-8.472675858683942e-07,-8.472675858683942e-07,0.0007258365512825549,-0.006992925889790058,-0.013271927833557129,-0.013271927833557129,1000.0,5.0
4.420833333333403,0.5999999999999999,0.5999831557273865,0.003369024256244302,-8.420902872785518e-07,-8.420902872785518e-07,0.0007258365512825549,-0.006992925889790058,-0.013271987438201904,-0.013271987438201904,1000.0,5.0
4.425000000000069,0.5999999999999999,0.5999831557273865,0.0033690244890749454,-8.481879945065884e-07,-8.481879945065884e-07,0.0007258365512825549,-0.006992926821112633,-0.013271987438201904,-0.013271987438201904,1000.0,5.0
4.4291666666667355,0.5999999999999999,0.5999831557273865,0.0033690226264297962,-8.497120802530844e-07,-8.497120802530844e-07,0.0007258365512825549,-0.006992925424128771,-0.013271957635879517,-0.013271957635879517,1000.0,5.0
4.433333333333402,0.5999999999999999,0.5999831557273865,0.0033690249547362328,-8.411893759330269e-07,-8.411893759330269e-07,0.0007258365512825549,-0.0069929263554513454,-0.013272017240524292,-0.013272017240524292,1000.0,5.0
4.437500000000068,0.5999999999999999,0.5999831557273865,0.003369024023413658,-8.513599709658592e-07,-8.513599709658592e-07,0.0007258365512825549,-0.0069929263554513454,-0.013271957635879517,-0.013271957635879517,1000.0,5.0
4.441666666666735,0.5999999999999999,0.5999831557273865,0.003369024023413658,-8.477849746668653e-07,-8.477849746668653e-07,0.0007258365512825549,-0.006992926821112633,-0.013271957635879517,-0.013271957635879517,1000.0,5.0
4.445833333333401,0.5999999999999999,0.5999831557273865,0.003369023324921727,-8.475241770611319e-07,-8.475241770611319e-07,0.0007258365512825549,-0.006992925889790058,-0.013271957635879517,-0.013271957635879517,1000.0,5.0
4.450000000000068,0.5999999999999999,0.5999831557273865,0.003369024023413658,-8.442675039077585e-07,-8.442675039077585e-07,0.0007258365512825549,-0.00699292728677392,-0.013271987438201904,-0.013271987438201904,1000.0,5.0
4.454166666666734,0.5999999999999999,0.5999831557273865,0.00336902285926044,-8.472675858683942e-07,-8.472675858683942e-07,0.0007258365512825549,-0.006992925889790058,-0.013271927833557129,-0.013271927833557129,1000.0,5.0
4.4583333333334005,0.5999999999999999,0.5999831557273865,0.003369024256244302,-8.420902872785518e-07,-8.420902872785518e-07,0.0007258365512825549,-0.006992925889790058,-0.013271987438201904,-0.013271987438201904,1000.0,5.0
4.462500000000067,0.5999999999999999,0.5999831557273865,0.0033690244890749454,-8.481879945065884e-07,-8.481879945065884e-07,0.0007258365512825549,-0.006992926821112633,-0.013271987438201904,-0.013271987438201904,1000.0,5.0
4.466666666666733,0.5999999999999999,0.5999831557273865,0.0033690226264297962,-8.497120802530844e-07,-8.497120802530844e-07,0.0007258365512825549,-0.006992925424128771,-0.013271957635879517,-0.013271957635879517,1000.0,5.0
4.4708333333334,0.5999999999999999,0.5999831557273865,0.0033690249547362328,-8.411893759330269e-07,-8.411893759330269e-07,0.0007258365512825549,-0.0069929263554513454,-0.013272017240524292,-0.013272017240524292,1000.0,5.0
4.475000000000066,0.5999999999999999,0.5999831557273865,0.003369024023413658,-8.513599709658592e-07,-8.513599709658592e-07,0.0007258365512825549,-0.0069929263554513454,-0.013271957635879517,-0.013271957635879517,1000.0,5.0
4.479166666666733,0.5999999999999999,0.5999831557273865,0.003369024023413658,-8.477849746668653e-07,-8.477849746668653e-07,0.0007258365512825549,-0.006992926821112633,-0.013271957635879517,-0.013271957635879517,1000.0,5.0
4.483333333333399,0.5999999999999999,0.5999831557273865,0.003369023324921727,-8.475241770611319e-07,-8.475241770611319e-07,0.0007258365512825549,-0.006992925889790058,-0.013271957635879517,-0.013271957635879517,1000.0,5.0
4.4875000000000655,0.5999999999999999,0.5999831557273865,0.003369024023413658,-8.442675039077585e-07,-8.442675039077585e-07,0.0007258365512825549,-0.00699292728677392,-0.013271987438201904,-0.013271987438201904,1000.0,5.0
4.491666666666732,0.5999999999999999,0.5999831557273865,0.00336902285926044,-8.472675858683942e-07,-8.472675858683942e-07,0.0007258365512825549,-0.006992925889790058,-0.013271927833557129,-0.013271927833557129,1000.0,5.0
4.495833333333398,0.5999999999999999,0.5999831557273865,0.003369024256244302,-8.420902872785518e-07,-8.420902872785518e-07,0.0007258365512825549,-0.006992925889790058,-0.013271987438201904,-0.013271987438201904,1000.0,5.0
4.500000000000065,0.5999999999999999,0.5999831557273865,0.0033690244890749454,-8.481879945065884e-07,-8.481879945065884e-07,0.0007258365512825549,-0.006992926821112633,-0.013271987438201904,-0.013271987438201904,1000.0,5.0
4.504166666666731,0.5999999999999999,0.5999831557273865,0.0033690226264297962,-8.497120802530844e-07,-8.497120802530844e-07,0.0007258365512825549,-0.006992925424128771,-0.013271957635879517,-0.013271957635879517,1000.0,5.0
4.508333333333398,0.5999999999999999,0.5999831557273865,0.0033690249547362328,-8.411893759330269e-07,-8.411893759330269e-07,0.0007258365512825549,-0.0069929263554513454,-0.013272017240524292,-0.013272017240524292,1000.0,5.0
4.512500000000064,0.5999999999999999,0.5999831557273865,0.003369024023413658,-8.513599709658592e-07,-8.513599709658592e-07,0.0007258365512825549,-0.0069929263554513454,-0.013271957635879517,-0.013271957635879517,1000.0,5.0
4.516666666666731,0.5999999999999999,0.5999831557273865,0.003369024023413658,-8.477849746668653e-07,-8.477849746668653e-07,0.0007258365512825549,-0.006992926821112633,-0.013271957635879517,-0.013271957635879517,1000.0,5.0
4.520833333333397,0.5999999999999999,0.5999831557273865,0.003369023324921727,-8.475241770611319e-07,-8.475241770611319e-07,0.0007258365512825549,-0.006992925889790058,-0.013271957635879517,-0.013271957635879517,1000.0,5.0
4.525000000000063,0.5999999999999999,0.5999831557273865,0.003369024023413658,-8.442675039077585e-07,-8.442675039077585e-07,0.0007258365512825549,-0.00699292728677392,-0.013271987438201904,-0.013271987438201904,1000.0,5.0
4.52916666666673,0.5999999999999999,0.5999831557273865,0.00336902285926044,-8.472675858683942e-07,-8.472675858683942e-07,0.0007258365512825549,-0.006992925889790058,-0.013271927833557129,-0.013271927833557129,1000.0,5.0
4.533333333333396,0.5999999999999999,0.5999831557273865,0.003369024256244302,-8.420902872785518e-07,-8.420902872785518e-07,0.0007258365512825549,-0.006992925889790058,-0.013271987438201904,-0.013271987438201904,1000.0,5.0
4.537500000000063,0.5999999999999999,0.5999831557273865,0.0033690244890749454,-8.481879945065884e-07,-8.481879945065884e-07,0.0007258365512825549,-0.006992926821112633,-0.013271987438201904,-0.013271987438201904,1000.0,5.0
4.541666666666729,0.5999999999999999,0.5999831557273865,0.0033690226264297962,-8.497120802530844e-07,-8.497120802530844e-07,0.0007258365512825549,-0.006992925424128771,-0.013271957635879517,-0.013271957635879517,1000.0,5.0
4.545833333333396,0.5999999999999999,0.5999831557273865,0.0033690249547362328,-8.411893759330269e-07,-8.411893759330269e-07,0.0007258365512825549,-0.0069929263554513454,-0.013272017240524292,-0.013272017240524292,1000.0,5.0
4.550000000000062,0.5999999999999999,0.5999831557273865,0.003369024023413658,-8.513599709658592e-07,-8.513599709658592e-07,0.0007258365512825549,-0.0069929263554513454,-0.013271957635879517,-0.013271957635879517,1000.0,5.0
4.554166666666728,0.5999999999999999,0.5999831557273865,0.003369024023413658,-8.477849746668653e-07,-8.477849746668653e-07,0.0007258365512825549,-0.006992926821112633,-0.013271957635879517,-0.013271957635879517,1000.0,5.0
4.558333333333395,0.5999999999999999,0.5999831557273865,0.003369023324921727,-8.475241770611319e-07,-8.475241770611319e-07,0.0007258365512825549,-0.006992925889790058,-0.013271957635879517,-0.013271957635879517,1000.0,5.0
4.562500000000061,0.5999999999999999,0.5999831557273865,0.003369024023413658,-8.442675039077585e-07,-8.442675039077585e-07,0.0007258365512825549,-0.00699292728677392,-0.013271987438201904,-0.013271987438201904,1000.0,5.0
4.566666666666728,0.5999999999999999,0.5999831557273865,0.00336902285926044,-8.472675858683942e-07,-8.472675858683942e-07,0.0007258365512825549,-0.006992925889790058,-0.013271927833557129,-0.013271927833557129,1000.0,5.0
4.570833333333394,0.5999999999999999,0.5999831557273865,0.003369024256244302,-8.420902872785518e-07,-8.420902872785518e-07,0.0007258365512825549,-0.006992925889790058,-0.013271987438201904,-0.013271987438201904,1000.0,5.0
4.575000000000061,0.5999999999999999,0.5999831557273865,0.0033690244890749454,-8.481879945065884e-07,-8.481879945065884e-07,0.0007258365512825549,-0.006992926821112633,-0.013271987438201904,-0.013271987438201904,1000.0,5.0
4.579166666666727,0.5999999999999999,0.5999831557273865,0.0033690226264297962,-8.497120802530844e-07,-8.497120802530844e-07,0.0007258365512825549,-0.006992925424128771,-0.013271957635879517,-0.013271957635879517,1000.0,5.0
4.583333333333393,0.5999999999999999,0.5999831557273865,0.0033690249547362328,-8.411893759330269e-07,-8.411893759330269e-07,0.0007258365512825549,-0.0069929263554513454,-0.013272017240524292,-0.013272017240524292,1000.0,5.0
4.58750000000006,0.5999999999999999,0.5999831557273865,0.003369024023413658,-8.513599709658592e-07,-8.513599709658592e-07,0.0007258365512825549,-0.0069929263554513454,-0.013271957635879517,-0.013271957635879517,1000.0,5.0
4.591666666666726,0.5999999999999999,0.5999831557273865,0.003369024023413658,-8.477849746668653e-07,-8.477849746668653e-07,0.0007258365512825549,-0.006992926821112633,-0.013271957635879517,-0.013271957635879517,1000.0,5.0
4.595833333333393,0.5999999999999999,0.5999831557273865,0.003369023324921727,-8.475241770611319e-07,-8.475241770611319e-07,0.0007258365512825549,-0.006992925889790058,-0.013271957635879517,-0.013271957635879517,1000.0,5.0
4.600000000000059,0.5999999999999999,0.5999831557273865,0.003369024023413658,-8.442675039077585e-07,-8.442675039077585e-07,0.0007258365512825549,-0.00699292728677392,-0.013271987438201904,-0.013271987438201904,1000.0,5.0
4.604166666666726,0.5999999999999999,0.5999831557273865,0.00336902285926044,-8.472675858683942e-07,-8.472675858683942e-07,0.0007258365512825549,-0.006992925889790058,-0.013271927833557129,-0.013271927833557129,1000.0,5.0
4.608333333333392,0.5999999999999999,0.5999831557273865,0.003369024256244302,-8.420902872785518e-07,-8.420902872785518e-07,0.0007258365512825549,-0.006992925889790058,-0.013271987438201904,-0.013271987438201904,1000.0,5.0
4.612500000000058,0.5999999999999999,0.5999831557273865,0.0033690244890749454,-8.481879945065884e-07,-8.481879945065884e-07,0.0007258365512825549,-0.006992926821112633,-0.013271987438201904,-0.013271987438201904,1000.0,5.0
4.616666666666725,0.5999999999999999,0.5999831557273865,0.0033690226264297962,-8.497120802530844e-07,-8.497120802530844e-07,0.0007258365512825549,-0.006992925424128771,-0.013271957635879517,-0.013271957635879517,1000.0,5.0
4.620833333333391,0.5999999999999999,0.5999831557273865,0.0033690249547362328,-8.411893759330269e-07,-8.411893759330269e-07,0.0007258365512825549,-0.0069929263554513454,-0.013272017240524292,-0.013272017240524292,1000.0,5.0
4.625000000000058,0.5999999999999999,0.5999831557273865,0.003369024023413658,-8.513599709658592e-07,-8.513599709658592e-07,0.0007258365512825549,-0.0069929263554513454,-0.013271957635879517,-0.013271957635879517,1000.0,5.0
4.629166666666724,0.5999999999999999,0.5999831557273865,0.003369024023413658,-8.477849746668653e-07,-8.477849746668653e-07,0.0007258365512825549,-0.006992926821112633,-0.013271957635879517,-0.013271957635879517,1000.0,5.0
4.633333333333391,0.5999999999999999,0.5999831557273865,0.003369023324921727,-8.475241770611319e-07,-8.475241770611319e-07,0.0007258365512825549,-0.006992925889790058,-0.013271957635879517,-0.013271957635879517,1000.0,5.0
4.637500000000057,0.5999999999999999,0.5999831557273865,0.003369024023413658,-8.442675039077585e-07,-8.442675039077585e-07,0.0007258365512825549,-0.00699292728677392,-0.013271987438201904,-0.013271987438201904,1000.0,5.0
4.6416666666667235,0.5999999999999999,0.5999831557273865,0.00336902285926044,-8.472675858683942e-07,-8.472675858683942e-07,0.0007258365512825549,-0.006992925889790058,-0.013271927833557129,-0.013271927833557129,1000.0,5.0
4.64583333333339,0.5999999999999999,0.5999831557273865,0.003369024256244302,-8.420902872785518e-07,-8.420902872785518e-07,0.0007258365512825549,-0.006992925889790058,-0.013271987438201904,-0.013271987438201904,1000.0,5.0
4.650000000000056,0.5999999999999999,0.5999831557273865,0.0033690244890749454,-8.481879945065884e-07,-8.481879945065884e-07,0.0007258365512825549,-0.006992926821112633,-0.013271987438201904,-0.013271987438201904,1000.0,5.0
4.654166666666723,0.5999999999999999,0.5999831557273865,0.0033690226264297962,-8.497120802530844e-07,-8.497120802530844e-07,0.0007258365512825549,-0.006992925424128771,-0.013271957635879517,-0.013271957635879517,1000.0,5.0
4.658333333333389,0.5999999999999999,0.5999831557273865,0.0033690249547362328,-8.411893759330269e-07,-8.411893759330269e-07,0.0007258365512825549,-0.0069929263554513454,-0.013272017240524292,-0.013272017240524292,1000.0,5.0
4.662500000000056,0.5999999999999999,0.5999831557273865,0.003369024023413658,-8.513599709658592e-07,-8.513599709658592e-07,0.0007258365512825549,-0.0069929263554513454,-0.013271957635879517,-0.013271957635879517,1000.0,5.0
4.666666666666722,0.5999999999999999,0.5999831557273865,0.003369024023413658,-8.477849746668653e-07,-8.477849746668653e-07,0.0007258365512825549,-0.006992926821112633,-0.013271957635879517,-0.013271957635879517,1000.0,5.0
4.6708333333333885,0.5999999999999999,0.5999831557273865,0.003369023324921727,-8.475241770611319e-07,-8.475241770611319e-07,0.0007258365512825549,-0.006992925889790058,-0.013271957635879517,-0.013271957635879517,1000.0,5.0
4.675000000000055,0.5999999999999999,0.5999831557273865,0.003369024023413658,-8.442675039077585e-07,-8.442675039077585e-07,0.0007258365512825549,-0.00699292728677392,-0.013271987438201904,-0.013271987438201904,1000.0,5.0
4.679166666666721,0.5999999999999999,0.5999831557273865,0.00336902285926044,-8.472675858683942e-07,-8.472675858683942e-07,0.0007258365512825549,-0.006992925889790058,-0.013271927833557129,-0.013271927833557129,1000.0,5.0
4.683333333333388,0.5999999999999999,0.5999831557273865,0.003369024256244302,-8.420902872785518e-07,-8.420902872785518e-07,0.0007258365512825549,-0.006992925889790058,-0.013271987438201904,-0.013271987438201904,1000.0,5.0
4.687500000000054,0.5999999999999999,0.5999831557273865,0.0033690244890749454,-8.481879945065884e-07,-8.481879945065884e-07,0.0007258365512825549,-0.006992926821112633,-0.013271987438201904,-0.013271987438201904,1000.0,5.0
4.691666666666721,0.5999999999999999,0.5999831557273865,0.0033690226264297962,-8.497120802530844e-07,-8.497120802530844e-07,0.0007258365512825549,-0.006992925424128771,-0.013271957635879517,-0.013271957635879517,1000.0,5.0
4.695833333333387,0.5999999999999999,0.5999831557273865,0.0033690249547362328,-8.411893759330269e-07,-8.411893759330269e-07,0.0007258365512825549,-0.0069929263554513454,-0.013272017240524292,-0.013272017240524292,1000.0,5.0
4.7000000000000535,0.5999999999999999,0.5999831557273865,0.003369024023413658,-8.513599709658592e-07,-8.513599709658592e-07,0.0007258365512825549,-0.0069929263554513454,-0.013271957635879517,-0.013271957635879517,1000.0,5.0
4.70416666666672,0.5999999999999999,0.5999831557273865,0.003369024023413658,-8.477849746668653e-07,-8.477849746668653e-07,0.0007258365512825549,-0.006992926821112633,-0.013271957635879517,-0.013271957635879517,1000.0,5.0
4.708333333333386,0.5999999999999999,0.5999831557273865,0.003369023324921727,-8.475241770611319e-07,-8.475241770611319e-07,0.0007258365512825549,-0.006992925889790058,-0.013271957635879517,-0.013271957635879517,1000.0,5.0
4.712500000000053,0.5999999999999999,0.5999831557273865,0.003369024023413658,-8.442675039077585e-07,-8.442675039077585e-07,0.0007258365512825549,-0.00699292728677392,-0.013271987438201904,-0.013271987438201904,1000.0,5.0
4.716666666666719,0.5999999999999999,0.5999831557273865,0.00336902285926044,-8.472675858683942e-07,-8.472675858683942e-07,0.0007258365512825549,-0.006992925889790058,-0.013271927833557129,-0.013271927833557129,1000.0,5.0
4.720833333333386,0.5999999999999999,0.5999831557273865,0.003369024256244302,-8.420902872785518e-07,-8.420902872785518e-07,0.0007258365512825549,-0.006992925889790058,-0.013271987438201904,-0.013271987438201904,1000.0,5.0
4.725000000000052,0.5999999999999999,0.5999831557273865,0.0033690244890749454,-8.481879945065884e-07,-8.481879945065884e-07,0.0007258365512825549,-0.006992926821112633,-0.013271987438201904,-0.013271987438201904,1000.0,5.0
4.7291666666667185,0.5999999999999999,0.5999831557273865,0.0033690226264297962,-8.497120802530844e-07,-8.497120802530844e-07,0.0007258365512825549,-0.006992925424128771,-0.013271957635879517,-0.013271957635879517,1000.0,5.0
4.733333333333385,0.5999999999999999,0.5999831557273865,0.0033690249547362328,-8.411893759330269e-07,-8.411893759330269e-07,0.0007258365512825549,-0.0069929263554513454,-0.013272017240524292,-0.013272017240524292,1000.0,5.0
4.737500000000051,0.5999999999999999,0.5999831557273865,0.003369024023413658,-8.513599709658592e-07,-8.513599709658592e-07,0.0007258365512825549,-0.0069929263554513454,-0.013271957635879517,-0.013271957635879517,1000.0,5.0
4.741666666666718,0.5999999999999999,0.5999831557273865,0.003369024023413658,-8.477849746668653e-07,-8.477849746668653e-07,0.0007258365512825549,-0.006992926821112633,-0.013271957635879517,-0.013271957635879517,1000.0,5.0
4.745833333333384,0.5999999999999999,0.5999831557273865,0.003369023324921727,-8.475241770611319e-07,-8.475241770611319e-07,0.0007258365512825549,-0.006992925889790058,-0.013271957635879517,-0.013271957635879517,1000.0,5.0
4.750000000000051,0.5999999999999999,0.5999831557273865,0.003369024023413658,-8.442675039077585e-07,-8.442675039077585e-07,0.0007258365512825549,-0.00699292728677392,-0.013271987438201904,-0.013271987438201904,1000.0,5.0
4.754166666666717,0.5999999999999999,0.5999831557273865,0.00336902285926044,-8.472675858683942e-07,-8.472675858683942e-07,0.0007258365512825549,-0.006992925889790058,-0.013271927833557129,-0.013271927833557129,1000.0,5.0
4.7583333333333835,0.5999999999999999,0.5999831557273865,0.003369024256244302,-8.420902872785518e-07,-8.420902872785518e-07,0.0007258365512825549,-0.006992925889790058,-0.013271987438201904,-0.013271987438201904,1000.0,5.0
4.76250000000005,0.5999999999999999,0.5999831557273865,0.0033690244890749454,-8.481879945065884e-07,-8.481879945065884e-07,0.0007258365512825549,-0.006992926821112633,-0.013271987438201904,-0.013271987438201904,1000.0,5.0
4.766666666666716,0.5999999999999999,0.5999831557273865,0.0033690226264297962,-8.497120802530844e-07,-8.497120802530844e-07,0.0007258365512825549,-0.006992925424128771,-0.013271957635879517,-0.013271957635879517,1000.0,5.0
4.770833333333383,0.5999999999999999,0.5999831557273865,0.0033690249547362328,-8.411893759330269e-07,-8.411893759330269e-07,0.0007258365512825549,-0.0069929263554513454,-0.013272017240524292,-0.013272017240524292,1000.0,5.0
4.775000000000049,0.5999999999999999,0.5999831557273865,0.003369024023413658,-8.513599709658592e-07,-8.513599709658592e-07,0.0007258365512825549,-0.0069929263554513454,-0.013271957635879517,-0.013271957635879517,1000.0,5.0
4.779166666666716,0.5999999999999999,0.5999831557273865,0.003369024023413658,-8.477849746668653e-07,-8.477849746668653e-07,0.0007258365512825549,-0.006992926821112633,-0.013271957635879517,-0.013271957635879517,1000.0,5.0
4.783333333333382,0.5999999999999999,0.5999831557273865,0.003369023324921727,-8.475241770611319e-07,-8.475241770611319e-07,0.0007258365512825549,-0.006992925889790058,-0.013271957635879517,-0.013271957635879517,1000.0,5.0
4.7875000000000485,0.5999999999999999,0.5999831557273865,0.003369024023413658,-8.442675039077585e-07,-8.442675039077585e-07,0.0007258365512825549,-0.00699292728677392,-0.013271987438201904,-0.013271987438201904,1000.0,5.0
4.791666666666715,0.5999999999999999,0.5999831557273865,0.00336902285926044,-8.472675858683942e-07,-8.472675858683942e-07,0.0007258365512825549,-0.006992925889790058,-0.013271927833557129,-0.013271927833557129,1000.0,5.0
4.795833333333381,0.5999999999999999,0.5999831557273865,0.003369024256244302,-8.420902872785518e-07,-8.420902872785518e-07,0.0007258365512825549,-0.006992925889790058,-0.013271987438201904,-0.013271987438201904,1000.0,5.0
4.800000000000048,0.5999999999999999,0.5999831557273865,0.0033690244890749454,-8.481879945065884e-07,-8.481879945065884e-07,0.0007258365512825549,-0.006992926821112633,-0.013271987438201904,-0.013271987438201904,1000.0,5.0
4.804166666666714,0.5999999999999999,0.5999831557273865,0.0033690226264297962,-8.497120802530844e-07,-8.497120802530844e-07,0.0007258365512825549,-0.006992925424128771,-0.013271957635879517,-0.013271957635879517,1000.0,5.0
4.808333333333381,0.5999999999999999,0.5999831557273865,0.0033690249547362328,-8.411893759330269e-07,-8.411893759330269e-07,0.0007258365512825549,-0.0069929263554513454,-0.013272017240524292,-0.013272017240524292,1000.0,5.0
4.812500000000047,0.5999999999999999,0.5999831557273865,0.003369024023413658,-8.513599709658592e-07,-8.513599709658592e-07,0.0007258365512825549,-0.0069929263554513454,-0.013271957635879517,-0.013271957635879517,1000.0,5.0
4.8166666666667135,0.5999999999999999,0.5999831557273865,0.003369024023413658,-8.477849746668653e-07,-8.477849746668653e-07,0.0007258365512825549,-0.006992926821112633,-0.013271957635879517,-0.013271957635879517,1000.0,5.0
4.82083333333338,0.5999999999999999,0.5999831557273865,0.003369023324921727,-8.475241770611319e-07,-8.475241770611319e-07,0.0007258365512825549,-0.006992925889790058,-0.013271957635879517,-0.013271957635879517,1000.0,5.0
4.825000000000046,0.5999999999999999,0.5999831557273865,0.003369024023413658,-8.442675039077585e-07,-8.442675039077585e-07,0.0007258365512825549,-0.00699292728677392,-0.013271987438201904,-0.013271987438201904,1000.0,5.0
4.829166666666713,0.5999999999999999,0.5999831557273865,0.00336902285926044,-8.472675858683942e-07,-8.472675858683942e-07,0.0007258365512825549,-0.006992925889790058,-0.013271927833557129,-0.013271927833557129,1000.0,5.0
4.833333333333379,0.5999999999999999,0.5999831557273865,0.003369024256244302,-8.420902872785518e-07,-8.420902872785518e-07,0.0007258365512825549,-0.006992925889790058,-0.013271987438201904,-0.013271987438201904,1000.0,5.0
4.837500000000046,0.5999999999999999,0.5999831557273865,0.0033690244890749454,-8.481879945065884e-07,-8.481879945065884e-07,0.0007258365512825549,-0.006992926821112633,-0.013271987438201904,-0.013271987438201904,1000.0,5.0
4.841666666666712,0.5999999999999999,0.5999831557273865,0.0033690226264297962,-8.497120802530844e-07,-8.497120802530844e-07,0.0007258365512825549,-0.006992925424128771,-0.013271957635879517,-0.013271957635879517,1000.0,5.0
4.8458333333333785,0.5999999999999999,0.5999831557273865,0.0033690249547362328,-8.411893759330269e-07,-8.411893759330269e-07,0.0007258365512825549,-0.0069929263554513454,-0.013272017240524292,-0.013272017240524292,1000.0,5.0
4.850000000000045,0.5999999999999999,0.5999831557273865,0.003369024023413658,-8.513599709658592e-07,-8.513599709658592e-07,0.0007258365512825549,-0.0069929263554513454,-0.013271957635879517,-0.013271957635879517,1000.0,5.0
4.854166666666711,0.5999999999999999,0.5999831557273865,0.003369024023413658,-8.477849746668653e-07,-8.477849746668653e-07,0.0007258365512825549,-0.006992926821112633,-0.013271957635879517,-0.013271957635879517,1000.0,5.0
4.858333333333378,0.5999999999999999,0.5999831557273865,0.003369023324921727,-8.475241770611319e-07,-8.475241770611319e-07,0.0007258365512825549,-0.006992925889790058,-0.013271957635879517,-0.013271957635879517,1000.0,5.0
4.862500000000044,0.5999999999999999,0.5999831557273865,0.003369024023413658,-8.442675039077585e-07,-8.442675039077585e-07,0.0007258365512825549,-0.00699292728677392,-0.013271987438201904,-0.013271987438201904,1000.0,5.0
4.866666666666711,0.5999999999999999,0.5999831557273865,0.00336902285926044,-8.472675858683942e-07,-8.472675858683942e-07,0.0007258365512825549,-0.006992925889790058,-0.013271927833557129,-0.013271927833557129,1000.0,5.0
4.870833333333377,0.5999999999999999,0.5999831557273865,0.003369024256244302,-8.420902872785518e-07,-8.420902872785518e-07,0.0007258365512825549,-0.006992925889790058,-0.013271987438201904,-0.013271987438201904,1000.0,5.0
4.8750000000000435,0.5999999999999999,0.5999831557273865,0.0033690244890749454,-8.481879945065884e-07,-8.481879945065884e-07,0.0007258365512825549,-0.006992926821112633,-0.013271987438201904,-0.013271987438201904,1000.0,5.0
4.87916666666671,0.5999999999999999,0.5999831557273865,0.0033690226264297962,-8.497120802530844e-07,-8.497120802530844e-07,0.0007258365512825549,-0.006992925424128771,-0.013271957635879517,-0.013271957635879517,1000.0,5.0
4.883333333333376,0.5999999999999999,0.5999831557273865,0.0033690249547362328,-8.411893759330269e-07,-8.411893759330269e-07,0.0007258365512825549,-0.0069929263554513454,-0.013272017240524292,-0.013272017240524292,1000.0,5.0
4.887500000000043,0.5999999999999999,0.5999831557273865,0.003369024023413658,-8.513599709658592e-07,-8.513599709658592e-07,0.0007258365512825549,-0.0069929263554513454,-0.013271957635879517,-0.013271957635879517,1000.0,5.0
4.891666666666709,0.5999999999999999,0.5999831557273865,0.003369024023413658,-8.477849746668653e-07,-8.477849746668653e-07,0.0007258365512825549,-0.006992926821112633,-0.013271957635879517,-0.013271957635879517,1000.0,5.0
4.895833333333376,0.5999999999999999,0.5999831557273865,0.003369023324921727,-8.475241770611319e-07,-8.475241770611319e-07,0.0007258365512825549,-0.006992925889790058,-0.013271957635879517,-0.013271957635879517,1000.0,5.0
4.900000000000042,0.5999999999999999,0.5999831557273865,0.003369024023413658,-8.442675039077585e-07,-8.442675039077585e-07,0.0007258365512825549,-0.00699292728677392,-0.013271987438201904,-0.013271987438201904,1000.0,5.0
4.9041666666667085,0.5999999999999999,0.5999831557273865,0.00336902285926044,-8.472675858683942e-07,-8.472675858683942e-07,0.0007258365512825549,-0.006992925889790058,-0.013271927833557129,-0.013271927833557129,1000.0,5.0
4.908333333333375,0.5999999999999999,0.5999831557273865,0.003369024256244302,-8.420902872785518e-07,-8.420902872785518e-07,0.0007258365512825549,-0.006992925889790058,-0.013271987438201904,-0.013271987438201904,1000.0,5.0
4.912500000000041,0.5999999999999999,0.5999831557273865,0.0033690244890749454,-8.481879945065884e-07,-8.481879945065884e-07,0.0007258365512825549,-0.006992926821112633,-0.013271987438201904,-0.013271987438201904,1000.0,5.0
4.916666666666708,0.5999999999999999,0.5999831557273865,0.0033690226264297962,-8.497120802530844e-07,-8.497120802530844e-07,0.0007258365512825549,-0.006992925424128771,-0.013271957635879517,-0.013271957635879517,1000.0,5.0
4.920833333333374,0.5999999999999999,0.5999831557273865,0.0033690249547362328,-8.411893759330269e-07,-8.411893759330269e-07,0.0007258365512825549,-0.0069929263554513454,-0.013272017240524292,-0.013272017240524292,1000.0,5.0
4.925000000000041,0.5999999999999999,0.5999831557273865,0.003369024023413658,-8.513599709658592e-07,-8.513599709658592e-07,0.0007258365512825549,-0.0069929263554513454,-0.013271957635879517,-0.013271957635879517,1000.0,5.0
4.929166666666707,0.5999999999999999,0.5999831557273865,0.003369024023413658,-8.477849746668653e-07,-8.477849746668653e-07,0.0007258365512825549,-0.006992926821112633,-0.013271957635879517,-0.013271957635879517,1000.0,5.0
4.9333333333333735,0.5999999999999999,0.5999831557273865,0.003369023324921727,-8.475241770611319e-07,-8.475241770611319e-07,0.0007258365512825549,-0.006992925889790058,-0.013271957635879517,-0.013271957635879517,1000.0,5.0
4.93750000000004,0.5999999999999999,0.5999831557273865,0.003369024023413658,-8.442675039077585e-07,-8.442675039077585e-07,0.0007258365512825549,-0.00699292728677392,-0.013271987438201904,-0.013271987438201904,1000.0,5.0
4.941666666666706,0.5999999999999999,0.5999831557273865,0.00336902285926044,-8.472675858683942e-07,-8.472675858683942e-07,0.0007258365512825549,-0.006992925889790058,-0.013271927833557129,-0.013271927833557129,1000.0,5.0
4.945833333333373,0.5999999999999999,0.5999831557273865,0.003369024256244302,-8.420902872785518e-07,-8.420902872785518e-07,0.0007258365512825549,-0.006992925889790058,-0.013271987438201904,-0.013271987438201904,1000.0,5.0
4.950000000000039,0.5999999999999999,0.5999831557273865,0.0033690244890749454,-8.481879945065884e-07,-8.481879945065884e-07,0.0007258365512825549,-0.006992926821112633,-0.013271987438201904,-0.013271987438201904,1000.0,5.0
4.954166666666706,0.5999999999999999,0.5999831557273865,0.0033690226264297962,-8.497120802530844e-07,-8.497120802530844e-07,0.0007258365512825549,-0.006992925424128771,-0.013271957635879517,-0.013271957635879517,1000.0,5.0
4.958333333333372,0.5999999999999999,0.5999831557273865,0.0033690249547362328,-8.411893759330269e-07,-8.411893759330269e-07,0.0007258365512825549,-0.0069929263554513454,-0.013272017240524292,-0.013272017240524292,1000.0,5.0
4.9625000000000385,0.5999999999999999,0.5999831557273865,0.003369024023413658,-8.513599709658592e-07,-8.513599709658592e-07,0.0007258365512825549,-0.0069929263554513454,-0.013271957635879517,-0.013271957635879517,1000.0,5.0
4.966666666666705,0.5999999999999999,0.5999831557273865,0.003369024023413658,-8.477849746668653e-07,-8.477849746668653e-07,0.0007258365512825549,-0.006992926821112633,-0.013271957635879517,-0.013271957635879517,1000.0,5.0
4.970833333333371,0.5999999999999999,0.5999831557273865,0.003369023324921727,-8.475241770611319e-07,-8.475241770611319e-07,0.0007258365512825549,-0.006992925889790058,-0.013271957635879517,-0.013271957635879517,1000.0,5.0
4.975000000000038,0.5999999999999999,0.5999831557273865,0.003369024023413658,-8.442675039077585e-07,-8.442675039077585e-07,0.0007258365512825549,-0.00699292728677392,-0.013271987438201904,-0.013271987438201904,1000.0,5.0
4.979166666666704,0.5999999999999999,0.5999831557273865,0.00336902285926044,-8.472675858683942e-07,-8.472675858683942e-07,0.0007258365512825549,-0.006992925889790058,-0.013271927833557129,-0.013271927833557129,1000.0,5.0
4.983333333333371,0.5999999999999999,0.5999831557273865,0.003369024256244302,-8.420902872785518e-07,-8.420902872785518e-07,0.0007258365512825549,-0.006992925889790058,-0.013271987438201904,-0.013271987438201904,1000.0,5.0
4.987500000000037,0.5999999999999999,0.5999831557273865,0.0033690244890749454,-8.481879945065884e-07,-8.481879945065884e-07,0.0007258365512825549,-0.006992926821112633,-0.013271987438201904,-0.013271987438201904,1000.0,5.0
4.9916666666667036,0.5999999999999999,0.5999831557273865,0.0033690226264297962,-8.497120802530844e-07,-8.497120802530844e-07,0.0007258365512825549,-0.006992925424128771,-0.013271957635879517,-0.013271957635879517,1000.0,5.0
4.99583333333337,0.5999999999999999,0.5999831557273865,0.0033690249547362328,-8.411893759330269e-07,-8.411893759330269e-07,0.0007258365512825549,-0.0069929263554513454,-0.013272017240524292,-0.013272017240524292,1000.0,5.0
5.000000000000036,0.5999999999999999,0.5999831557273865,0.003369024023413658,-8.513599709658592e-07,-8.513599709658592e-07,0.0007258365512825549,-0.0069929263554513454,-0.013271957635879517,-0.013271957635879517,1000.0,5.0
5.004166666666703,0.5999999999999999,0.5999831557273865,0.003369024023413658,-8.477849746668653e-07,-8.477849746668653e-07,0.0007258365512825549,-0.006992926821112633,-0.013271957635879517,-0.013271957635879517,1000.0,5.0
5.008333333333369,0.5999999999999999,0.5999831557273865,0.003369023324921727,-8.475241770611319e-07,-8.475241770611319e-07,0.0007258365512825549,-0.006992925889790058,-0.013271957635879517,-0.013271957635879517,1000.0,5.0
5.012500000000036,0.5999999999999999,0.5999831557273865,0.003369024023413658,-8.442675039077585e-07,-8.442675039077585e-07,0.0007258365512825549,-0.00699292728677392,-0.013271987438201904,-0.013271987438201904,1000.0,5.0
5.016666666666702,0.5999999999999999,0.5999831557273865,0.00336902285926044,-8.472675858683942e-07,-8.472675858683942e-07,0.0007258365512825549,-0.006992925889790058,-0.013271927833557129,-0.013271927833557129,1000.0,5.0
5.020833333333369,0.5999999999999999,0.5999831557273865,0.003369024256244302,-8.420902872785518e-07,-8.420902872785518e-07,0.0007258365512825549,-0.006992925889790058,-0.013271987438201904,-0.013271987438201904,1000.0,5.0
5.025000000000035,0.5999999999999999,0.5999831557273865,0.0033690244890749454,-8.481879945065884e-07,-8.481879945065884e-07,0.0007258365512825549,-0.006992926821112633,-0.013271987438201904,-0.013271987438201904,1000.0,5.0
5.029166666666701,0.5999999999999999,0.5999831557273865,0.0033690226264297962,-8.497120802530844e-07,-8.497120802530844e-07,0.0007258365512825549,-0.006992925424128771,-0.013271957635879517,-0.013271957635879517,1000.0,5.0
5.033333333333368,0.5999999999999999,0.5999831557273865,0.0033690249547362328,-8.411893759330269e-07,-8.411893759330269e-07,0.0007258365512825549,-0.0069929263554513454,-0.013272017240524292,-0.013272017240524292,1000.0,5.0
5.037500000000034,0.5999999999999999,0.5999831557273865,0.003369024023413658,-8.513599709658592e-07,-8.513599709658592e-07,0.0007258365512825549,-0.0069929263554513454,-0.013271957635879517,-0.013271957635879517,1000.0,5.0
5.041666666666701,0.5999999999999999,0.5999831557273865,0.003369024023413658,-8.477849746668653e-07,-8.477849746668653e-07,0.0007258365512825549,-0.006992926821112633,-0.013271957635879517,-0.013271957635879517,1000.0,5.0
5.045833333333367,0.5999999999999999,0.5999831557273865,0.003369023324921727,-8.475241770611319e-07,-8.475241770611319e-07,0.0007258365512825549,-0.006992925889790058,-0.013271957635879517,-0.013271957635879517,1000.0,5.0
5.050000000000034,0.5999999999999999,0.5999831557273865,0.003369024023413658,-8.442675039077585e-07,-8.442675039077585e-07,0.0007258365512825549,-0.00699292728677392,-0.013271987438201904,-0.013271987438201904,1000.0,5.0
5.0541666666667,0.5999999999999999,0.5999831557273865,0.00336902285926044,-8.472675858683942e-07,-8.472675858683942e-07,0.0007258365512825549,-0.006992925889790058,-0.013271927833557129,-0.013271927833557129,1000.0,5.0
5.058333333333366,0.5999999999999999,0.5999831557273865,0.003369024256244302,-8.420902872785518e-07,-8.420902872785518e-07,0.0007258365512825549,-0.006992925889790058,-0.013271987438201904,-0.013271987438201904,1000.0,5.0
5.062500000000033,0.5999999999999999,0.5999831557273865,0.0033690244890749454,-8.481879945065884e-07,-8.481879945065884e-07,0.0007258365512825549,-0.006992926821112633,-0.013271987438201904,-0.013271987438201904,1000.0,5.0
5.066666666666699,0.5999999999999999,0.5999831557273865,0.0033690226264297962,-8.497120802530844e-07,-8.497120802530844e-07,0.0007258365512825549,-0.006992925424128771,-0.013271957635879517,-0.013271957635879517,1000.0,5.0
5.070833333333366,0.5999999999999999,0.5999831557273865,0.0033690249547362328,-8.411893759330269e-07,-8.411893759330269e-07,0.0007258365512825549,-0.0069929263554513454,-0.013272017240524292,-0.013272017240524292,1000.0,5.0
5.075000000000032,0.5999999999999999,0.5999831557273865,0.003369024023413658,-8.513599709658592e-07,-8.513599709658592e-07,0.0007258365512825549,-0.0069929263554513454,-0.013271957635879517,-0.013271957635879517,1000.0,5.0
5.079166666666699,0.5999999999999999,0.5999831557273865,0.003369024023413658,-8.477849746668653e-07,-8.477849746668653e-07,0.0007258365512825549,-0.006992926821112633,-0.013271957635879517,-0.013271957635879517,1000.0,5.0
5.083333333333365,0.5999999999999999,0.5999831557273865,0.003369023324921727,-8.475241770611319e-07,-8.475241770611319e-07,0.0007258365512825549,-0.006992925889790058,-0.013271957635879517,-0.013271957635879517,1000.0,5.0
5.087500000000031,0.5999999999999999,0.5999831557273865,0.003369024023413658,-8.442675039077585e-07,-8.442675039077585e-07,0.0007258365512825549,-0.00699292728677392,-0.013271987438201904,-0.013271987438201904,1000.0,5.0
5.091666666666698,0.5999999999999999,0.5999831557273865,0.00336902285926044,-8.472675858683942e-07,-8.472675858683942e-07,0.0007258365512825549,-0.006992925889790058,-0.013271927833557129,-0.013271927833557129,1000.0,5.0
5.095833333333364,0.5999999999999999,0.5999831557273865,0.003369024256244302,-8.420902872785518e-07,-8.420902872785518e-07,0.0007258365512825549,-0.006992925889790058,-0.013271987438201904,-0.013271987438201904,1000.0,5.0
5.100000000000031,0.5999999999999999,0.5999831557273865,0.0033690244890749454,-8.481879945065884e-07,-8.481879945065884e-07,0.0007258365512825549,-0.006992926821112633,-0.013271987438201904,-0.013271987438201904,1000.0,5.0
5.104166666666697,0.5999999999999999,0.5999831557273865,0.0033690226264297962,-8.497120802530844e-07,-8.497120802530844e-07,0.0007258365512825549,-0.006992925424128771,-0.013271957635879517,-0.013271957635879517,1000.0,5.0
5.108333333333364,0.5999999999999999,0.5999831557273865,0.0033690249547362328,-8.411893759330269e-07,-8.411893759330269e-07,0.0007258365512825549,-0.0069929263554513454,-0.013272017240524292,-0.013272017240524292,1000.0,5.0
5.11250000000003,0.5999999999999999,0.5999831557273865,0.003369024023413658,-8.513599709658592e-07,-8.513599709658592e-07,0.0007258365512825549,-0.0069929263554513454,-0.013271957635879517,-0.013271957635879517,1000.0,5.0
5.1166666666666965,0.5999999999999999,0.5999831557273865,0.003369024023413658,-8.477849746668653e-07,-8.477849746668653e-07,0.0007258365512825549,-0.006992926821112633,-0.013271957635879517,-0.013271957635879517,1000.0,5.0
5.120833333333363,0.5999999999999999,0.5999831557273865,0.003369023324921727,-8.475241770611319e-07,-8.475241770611319e-07,0.0007258365512825549,-0.006992925889790058,-0.013271957635879517,-0.013271957635879517,1000.0,5.0
5.125000000000029,0.5999999999999999,0.5999831557273865,0.003369024023413658,-8.442675039077585e-07,-8.442675039077585e-07,0.0007258365512825549,-0.00699292728677392,-0.013271987438201904,-0.013271987438201904,1000.0,5.0
5.129166666666696,0.5999999999999999,0.5999831557273865,0.00336902285926044,-8.472675858683942e-07,-8.472675858683942e-07,0.0007258365512825549,-0.006992925889790058,-0.013271927833557129,-0.013271927833557129,1000.0,5.0
5.133333333333362,0.5999999999999999,0.5999831557273865,0.003369024256244302,-8.420902872785518e-07,-8.420902872785518e-07,0.0007258365512825549,-0.006992925889790058,-0.013271987438201904,-0.013271987438201904,1000.0,5.0
5.137500000000029,0.5999999999999999,0.5999831557273865,0.0033690244890749454,-8.481879945065884e-07,-8.481879945065884e-07,0.0007258365512825549,-0.006992926821112633,-0.013271987438201904,-0.013271987438201904,1000.0,5.0
5.141666666666695,0.5999999999999999,0.5999831557273865,0.0033690226264297962,-8.497120802530844e-07,-8.497120802530844e-07,0.0007258365512825549,-0.006992925424128771,-0.013271957635879517,-0.013271957635879517,1000.0,5.0
5.1458333333333615,0.5999999999999999,0.5999831557273865,0.0033690249547362328,-8.411893759330269e-07,-8.411893759330269e-07,0.0007258365512825549,-0.0069929263554513454,-0.013272017240524292,-0.013272017240524292,1000.0,5.0
5.150000000000028,0.5999999999999999,0.5999831557273865,0.003369024023413658,-8.513599709658592e-07,-8.513599709658592e-07,0.0007258365512825549,-0.0069929263554513454,-0.013271957635879517,-0.013271957635879517,1000.0,5.0
5.154166666666694,0.5999999999999999,0.5999831557273865,0.003369024023413658,-8.477849746668653e-07,-8.477849746668653e-07,0.0007258365512825549,-0.006992926821112633,-0.013271957635879517,-0.013271957635879517,1000.0,5.0
5.158333333333361,0.5999999999999999,0.5999831557273865,0.003369023324921727,-8.475241770611319e-07,-8.475241770611319e-07,0.0007258365512825549,-0.006992925889790058,-0.013271957635879517,-0.013271957635879517,1000.0,5.0
5.162500000000027,0.5999999999999999,0.5999831557273865,0.003369024023413658,-8.442675039077585e-07,-8.442675039077585e-07,0.0007258365512825549,-0.00699292728677392,-0.013271987438201904,-0.013271987438201904,1000.0,5.0
5.166666666666694,0.5999999999999999,0.5999831557273865,0.00336902285926044,-8.472675858683942e-07,-8.472675858683942e-07,0.0007258365512825549,-0.006992925889790058,-0.013271927833557129,-0.013271927833557129,1000.0,5.0
5.17083333333336,0.5999999999999999,0.5999831557273865,0.003369024256244302,-8.420902872785518e-07,-8.420902872785518e-07,0.0007258365512825549,-0.006992925889790058,-0.013271987438201904,-0.013271987438201904,1000.0,5.0
5.1750000000000265,0.5999999999999999,0.5999831557273865,0.0033690244890749454,-8.481879945065884e-07,-8.481879945065884e-07,0.0007258365512825549,-0.006992926821112633,-0.013271987438201904,-0.013271987438201904,1000.0,5.0
5.179166666666693,0.5999999999999999,0.5999831557273865,0.0033690226264297962,-8.497120802530844e-07,-8.497120802530844e-07,0.0007258365512825549,-0.006992925424128771,-0.013271957635879517,-0.013271957635879517,1000.0,5.0
5.183333333333359,0.5999999999999999,0.5999831557273865,0.0033690249547362328,-8.411893759330269e-07,-8.411893759330269e-07,0.0007258365512825549,-0.0069929263554513454,-0.013272017240524292,-0.013272017240524292,1000.0,5.0
5.187500000000026,0.5999999999999999,0.5999831557273865,0.003369024023413658,-8.513599709658592e-07,-8.513599709658592e-07,0.0007258365512825549,-0.0069929263554513454,-0.013271957635879517,-0.013271957635879517,1000.0,5.0
5.191666666666692,0.5999999999999999,0.5999831557273865,0.003369024023413658,-8.477849746668653e-07,-8.477849746668653e-07,0.0007258365512825549,-0.006992926821112633,-0.013271957635879517,-0.013271957635879517,1000.0,5.0
5.195833333333359,0.5999999999999999,0.5999831557273865,0.003369023324921727,-8.475241770611319e-07,-8.475241770611319e-07,0.0007258365512825549,-0.006992925889790058,-0.013271957635879517,-0.013271957635879517,1000.0,5.0
5.200000000000025,0.5999999999999999,0.5999831557273865,0.003369024023413658,-8.442675039077585e-07,-8.442675039077585e-07,0.0007258365512825549,-0.00699292728677392,-0.013271987438201904,-0.013271987438201904,1000.0,5.0
5.2041666666666915,0.5999999999999999,0.5999831557273865,0.00336902285926044,-8.472675858683942e-07,-8.472675858683942e-07,0.0007258365512825549,-0.006992925889790058,-0.013271927833557129,-0.013271927833557129,1000.0,5.0
5.208333333333358,0.5999999999999999,0.5999831557273865,0.003369024256244302,-8.420902872785518e-07,-8.420902872785518e-07,0.0007258365512825549,-0.006992925889790058,-0.013271987438201904,-0.013271987438201904,1000.0,5.0
5.212500000000024,0.5999999999999999,0.5999831557273865,0.0033690244890749454,-8.481879945065884e-07,-8.481879945065884e-07,0.0007258365512825549,-0.006992926821112633,-0.013271987438201904,-0.013271987438201904,1000.0,5.0
5.216666666666691,0.5999999999999999,0.5999831557273865,0.0033690226264297962,-8.497120802530844e-07,-8.497120802530844e-07,0.0007258365512825549,-0.006992925424128771,-0.013271957635879517,-0.013271957635879517,1000.0,5.0
5.220833333333357,0.5999999999999999,0.5999831557273865,0.0033690249547362328,-8.411893759330269e-07,-8.411893759330269e-07,0.0007258365512825549,-0.0069929263554513454,-0.013272017240524292,-0.013272017240524292,1000.0,5.0
5.225000000000024,0.5999999999999999,0.5999831557273865,0.003369024023413658,-8.513599709658592e-07,-8.513599709658592e-07,0.0007258365512825549,-0.0069929263554513454,-0.013271957635879517,-0.013271957635879517,1000.0,5.0
5.22916666666669,0.5999999999999999,0.5999831557273865,0.003369024023413658,-8.477849746668653e-07,-8.477849746668653e-07,0.0007258365512825549,-0.006992926821112633,-0.013271957635879517,-0.013271957635879517,1000.0,5.0
5.2333333333333565,0.5999999999999999,0.5999831557273865,0.003369023324921727,-8.475241770611319e-07,-8.475241770611319e-07,0.0007258365512825549,-0.006992925889790058,-0.013271957635879517,-0.013271957635879517,1000.0,5.0
5.237500000000023,0.5999999999999999,0.5999831557273865,0.003369024023413658,-8.442675039077585e-07,-8.442675039077585e-07,0.0007258365512825549,-0.00699292728677392,-0.013271987438201904,-0.013271987438201904,1000.0,5.0
5.241666666666689,0.5999999999999999,0.5999831557273865,0.00336902285926044,-8.472675858683942e-07,-8.472675858683942e-07,0.0007258365512825549,-0.006992925889790058,-0.013271927833557129,-0.013271927833557129,1000.0,5.0
5.245833333333356,0.5999999999999999,0.5999831557273865,0.003369024256244302,-8.420902872785518e-07,-8.420902872785518e-07,0.0007258365512825549,-0.006992925889790058,-0.013271987438201904,-0.013271987438201904,1000.0,5.0
5.250000000000022,0.5999999999999999,0.5999831557273865,0.0033690244890749454,-8.481879945065884e-07,-8.481879945065884e-07,0.0007258365512825549,-0.006992926821112633,-0.013271987438201904,-0.013271987438201904,1000.0,5.0
5.254166666666689,0.5999999999999999,0.5999831557273865,0.0033690226264297962,-8.497120802530844e-07,-8.497120802530844e-07,0.0007258365512825549,-0.006992925424128771,-0.013271957635879517,-0.013271957635879517,1000.0,5.0
5.258333333333355,0.5999999999999999,0.5999831557273865,0.0033690249547362328,-8.411893759330269e-07,-8.411893759330269e-07,0.0007258365512825549,-0.0069929263554513454,-0.013272017240524292,-0.013272017240524292,1000.0,5.0
5.2625000000000215,0.5999999999999999,0.5999831557273865,0.003369024023413658,-8.513599709658592e-07,-8.513599709658592e-07,0.0007258365512825549,-0.0069929263554513454,-0.013271957635879517,-0.013271957635879517,1000.0,5.0
5.266666666666688,0.5999999999999999,0.5999831557273865,0.003369024023413658,-8.477849746668653e-07,-8.477849746668653e-07,0.0007258365512825549,-0.006992926821112633,-0.013271957635879517,-0.013271957635879517,1000.0,5.0
5.270833333333354,0.5999999999999999,0.5999831557273865,0.003369023324921727,-8.475241770611319e-07,-8.475241770611319e-07,0.0007258365512825549,-0.006992925889790058,-0.013271957635879517,-0.013271957635879517,1000.0,5.0
5.275000000000021,0.5999999999999999,0.5999831557273865,0.003369024023413658,-8.442675039077585e-07,-8.442675039077585e-07,0.0007258365512825549,-0.00699292728677392,-0.013271987438201904,-0.013271987438201904,1000.0,5.0
5.279166666666687,0.5999999999999999,0.5999831557273865,0.00336902285926044,-8.472675858683942e-07,-8.472675858683942e-07,0.0007258365512825549,-0.006992925889790058,-0.013271927833557129,-0.013271927833557129,1000.0,5.0
5.283333333333354,0.5999999999999999,0.5999831557273865,0.003369024256244302,-8.420902872785518e-07,-8.420902872785518e-07,0.0007258365512825549,-0.006992925889790058,-0.013271987438201904,-0.013271987438201904,1000.0,5.0
5.28750000000002,0.5999999999999999,0.5999831557273865,0.0033690244890749454,-8.481879945065884e-07,-8.481879945065884e-07,0.0007258365512825549,-0.006992926821112633,-0.013271987438201904,-0.013271987438201904,1000.0,5.0
5.2916666666666865,0.5999999999999999,0.5999831557273865,0.0033690226264297962,-8.497120802530844e-07,-8.497120802530844e-07,0.0007258365512825549,-0.006992925424128771,-0.013271957635879517,-0.013271957635879517,1000.0,5.0
5.295833333333353,0.5999999999999999,0.5999831557273865,0.0033690249547362328,-8.411893759330269e-07,-8.411893759330269e-07,0.0007258365512825549,-0.0069929263554513454,-0.013272017240524292,-0.013272017240524292,1000.0,5.0
5.300000000000019,0.5999999999999999,0.5999831557273865,0.003369024023413658,-8.513599709658592e-07,-8.513599709658592e-07,0.0007258365512825549,-0.0069929263554513454,-0.013271957635879517,-0.013271957635879517,1000.0,5.0
5.304166666666686,0.5999999999999999,0.5999831557273865,0.003369024023413658,-8.477849746668653e-07,-8.477849746668653e-07,0.0007258365512825549,-0.006992926821112633,-0.013271957635879517,-0.013271957635879517,1000.0,5.0
5.308333333333352,0.5999999999999999,0.5999831557273865,0.003369023324921727,-8.475241770611319e-07,-8.475241770611319e-07,0.0007258365512825549,-0.006992925889790058,-0.013271957635879517,-0.013271957635879517,1000.0,5.0
5.312500000000019,0.5999999999999999,0.5999831557273865,0.003369024023413658,-8.442675039077585e-07,-8.442675039077585e-07,0.0007258365512825549,-0.00699292728677392,-0.013271987438201904,-0.013271987438201904,1000.0,5.0
5.316666666666685,0.5999999999999999,0.5999831557273865,0.00336902285926044,-8.472675858683942e-07,-8.472675858683942e-07,0.0007258365512825549,-0.006992925889790058,-0.013271927833557129,-0.013271927833557129,1000.0,5.0
5.3208333333333515,0.5999999999999999,0.5999831557273865,0.003369024256244302,-8.420902872785518e-07,-8.420902872785518e-07,0.0007258365512825549,-0.006992925889790058,-0.013271987438201904,-0.013271987438201904,1000.0,5.0
5.325000000000018,0.5999999999999999,0.5999831557273865,0.0033690244890749454,-8.481879945065884e-07,-8.481879945065884e-07,0.0007258365512825549,-0.006992926821112633,-0.013271987438201904,-0.013271987438201904,1000.0,5.0
5.329166666666684,0.5999999999999999,0.5999831557273865,0.0033690226264297962,-8.497120802530844e-07,-8.497120802530844e-07,0.0007258365512825549,-0.006992925424128771,-0.013271957635879517,-0.013271957635879517,1000.0,5.0
5.333333333333351,0.5999999999999999,0.5999831557273865,0.0033690249547362328,-8.411893759330269e-07,-8.411893759330269e-07,0.0007258365512825549,-0.0069929263554513454,-0.013272017240524292,-0.013272017240524292,1000.0,5.0
5.337500000000017,0.5999999999999999,0.5999831557273865,0.003369024023413658,-8.513599709658592e-07,-8.513599709658592e-07,0.0007258365512825549,-0.0069929263554513454,-0.013271957635879517,-0.013271957635879517,1000.0,5.0
5.341666666666684,0.5999999999999999,0.5999831557273865,0.003369024023413658,-8.477849746668653e-07,-8.477849746668653e-07,0.0007258365512825549,-0.006992926821112633,-0.013271957635879517,-0.013271957635879517,1000.0,5.0
5.34583333333335,0.5999999999999999,0.5999831557273865,0.003369023324921727,-8.475241770611319e-07,-8.475241770611319e-07,0.0007258365512825549,-0.006992925889790058,-0.013271957635879517,-0.013271957635879517,1000.0,5.0
5.3500000000000165,0.5999999999999999,0.5999831557273865,0.003369024023413658,-8.442675039077585e-07,-8.442675039077585e-07,0.0007258365512825549,-0.00699292728677392,-0.013271987438201904,-0.013271987438201904,1000.0,5.0
5.354166666666683,0.5999999999999999,0.5999831557273865,0.00336902285926044,-8.472675858683942e-07,-8.472675858683942e-07,0.0007258365512825549,-0.006992925889790058,-0.013271927833557129,-0.013271927833557129,1000.0,5.0
5.358333333333349,0.5999999999999999,0.5999831557273865,0.003369024256244302,-8.420902872785518e-07,-8.420902872785518e-07,0.0007258365512825549,-0.006992925889790058,-0.013271987438201904,-0.013271987438201904,1000.0,5.0
5.362500000000016,0.5999999999999999,0.5999831557273865,0.0033690244890749454,-8.481879945065884e-07,-8.481879945065884e-07,0.0007258365512825549,-0.006992926821112633,-0.013271987438201904,-0.013271987438201904,1000.0,5.0
5.366666666666682,0.5999999999999999,0.5999831557273865,0.0033690226264297962,-8.497120802530844e-07,-8.497120802530844e-07,0.0007258365512825549,-0.006992925424128771,-0.013271957635879517,-0.013271957635879517,1000.0,5.0
5.370833333333349,0.5999999999999999,0.5999831557273865,0.0033690249547362328,-8.411893759330269e-07,-8.411893759330269e-07,0.0007258365512825549,-0.0069929263554513454,-0.013272017240524292,-0.013272017240524292,1000.0,5.0
5.375000000000015,0.5999999999999999,0.5999831557273865,0.003369024023413658,-8.513599709658592e-07,-8.513599709658592e-07,0.0007258365512825549,-0.0069929263554513454,-0.013271957635879517,-0.013271957635879517,1000.0,5.0
5.3791666666666815,0.5999999999999999,0.5999831557273865,0.003369024023413658,-8.477849746668653e-07,-8.477849746668653e-07,0.0007258365512825549,-0.006992926821112633,-0.013271957635879517,-0.013271957635879517,1000.0,5.0
5.383333333333348,0.5999999999999999,0.5999831557273865,0.003369023324921727,-8.475241770611319e-07,-8.475241770611319e-07,0.0007258365512825549,-0.006992925889790058,-0.013271957635879517,-0.013271957635879517,1000.0,5.0
5.387500000000014,0.5999999999999999,0.5999831557273865,0.003369024023413658,-8.442675039077585e-07,-8.442675039077585e-07,0.0007258365512825549,-0.00699292728677392,-0.013271987438201904,-0.013271987438201904,1000.0,5.0
5.391666666666681,0.5999999999999999,0.5999831557273865,0.00336902285926044,-8.472675858683942e-07,-8.472675858683942e-07,0.0007258365512825549,-0.006992925889790058,-0.013271927833557129,-0.013271927833557129,1000.0,5.0
5.395833333333347,0.5999999999999999,0.5999831557273865,0.003369024256244302,-8.420902872785518e-07,-8.420902872785518e-07,0.0007258365512825549,-0.006992925889790058,-0.013271987438201904,-0.013271987438201904,1000.0,5.0
5.400000000000014,0.5999999999999999,0.5999831557273865,0.0033690244890749454,-8.481879945065884e-07,-8.481879945065884e-07,0.0007258365512825549,-0.006992926821112633,-0.013271987438201904,-0.013271987438201904,1000.0,5.0
5.40416666666668,0.5999999999999999,0.5999831557273865,0.0033690226264297962,-8.497120802530844e-07,-8.497120802530844e-07,0.0007258365512825549,-0.006992925424128771,-0.013271957635879517,-0.013271957635879517,1000.0,5.0
5.4083333333333465,0.5999999999999999,0.5999831557273865,0.0033690249547362328,-8.411893759330269e-07,-8.411893759330269e-07,0.0007258365512825549,-0.0069929263554513454,-0.013272017240524292,-0.013272017240524292,1000.0,5.0
5.412500000000013,0.5999999999999999,0.5999831557273865,0.003369024023413658,-8.513599709658592e-07,-8.513599709658592e-07,0.0007258365512825549,-0.0069929263554513454,-0.013271957635879517,-0.013271957635879517,1000.0,5.0
5.416666666666679,0.5999999999999999,0.5999831557273865,0.003369024023413658,-8.477849746668653e-07,-8.477849746668653e-07,0.0007258365512825549,-0.006992926821112633,-0.013271957635879517,-0.013271957635879517,1000.0,5.0
5.420833333333346,0.5999999999999999,0.5999831557273865,0.003369023324921727,-8.475241770611319e-07,-8.475241770611319e-07,0.0007258365512825549,-0.006992925889790058,-0.013271957635879517,-0.013271957635879517,1000.0,5.0
5.425000000000012,0.5999999999999999,0.5999831557273865,0.003369024023413658,-8.442675039077585e-07,-8.442675039077585e-07,0.0007258365512825549,-0.00699292728677392,-0.013271987438201904,-0.013271987438201904,1000.0,5.0
5.429166666666679,0.5999999999999999,0.5999831557273865,0.00336902285926044,-8.472675858683942e-07,-8.472675858683942e-07,0.0007258365512825549,-0.006992925889790058,-0.013271927833557129,-0.013271927833557129,1000.0,5.0
5.433333333333345,0.5999999999999999,0.5999831557273865,0.003369024256244302,-8.420902872785518e-07,-8.420902872785518e-07,0.0007258365512825549,-0.006992925889790058,-0.013271987438201904,-0.013271987438201904,1000.0,5.0
5.4375000000000115,0.5999999999999999,0.5999831557273865,0.0033690244890749454,-8.481879945065884e-07,-8.481879945065884e-07,0.0007258365512825549,-0.006992926821112633,-0.013271987438201904,-0.013271987438201904,1000.0,5.0
5.441666666666678,0.5999999999999999,0.5999831557273865,0.0033690226264297962,-8.497120802530844e-07,-8.497120802530844e-07,0.0007258365512825549,-0.006992925424128771,-0.013271957635879517,-0.013271957635879517,1000.0,5.0
5.445833333333344,0.5999999999999999,0.5999831557273865,0.0033690249547362328,-8.411893759330269e-07,-8.411893759330269e-07,0.0007258365512825549,-0.0069929263554513454,-0.013272017240524292,-0.013272017240524292,1000.0,5.0
5.450000000000011,0.5999999999999999,0.5999831557273865,0.003369024023413658,-8.513599709658592e-07,-8.513599709658592e-07,0.0007258365512825549,-0.0069929263554513454,-0.013271957635879517,-0.013271957635879517,1000.0,5.0
5.454166666666677,0.5999999999999999,0.5999831557273865,0.003369024023413658,-8.477849746668653e-07,-8.477849746668653e-07,0.0007258365512825549,-0.006992926821112633,-0.013271957635879517,-0.013271957635879517,1000.0,5.0
5.458333333333344,0.5999999999999999,0.5999831557273865,0.003369023324921727,-8.475241770611319e-07,-8.475241770611319e-07,0.0007258365512825549,-0.006992925889790058,-0.013271957635879517,-0.013271957635879517,1000.0,5.0
5.46250000000001,0.5999999999999999,0.5999831557273865,0.003369024023413658,-8.442675039077585e-07,-8.442675039077585e-07,0.0007258365512825549,-0.00699292728677392,-0.013271987438201904,-0.013271987438201904,1000.0,5.0
5.4666666666666766,0.5999999999999999,0.5999831557273865,0.00336902285926044,-8.472675858683942e-07,-8.472675858683942e-07,0.0007258365512825549,-0.006992925889790058,-0.013271927833557129,-0.013271927833557129,1000.0,5.0
5.470833333333343,0.5999999999999999,0.5999831557273865,0.003369024256244302,-8.420902872785518e-07,-8.420902872785518e-07,0.0007258365512825549,-0.006992925889790058,-0.013271987438201904,-0.013271987438201904,1000.0,5.0
5.475000000000009,0.5999999999999999,0.5999831557273865,0.0033690244890749454,-8.481879945065884e-07,-8.481879945065884e-07,0.0007258365512825549,-0.006992926821112633,-0.013271987438201904,-0.013271987438201904,1000.0,5.0
5.479166666666676,0.5999999999999999,0.5999831557273865,0.0033690226264297962,-8.497120802530844e-07,-8.497120802530844e-07,0.0007258365512825549,-0.006992925424128771,-0.013271957635879517,-0.013271957635879517,1000.0,5.0
5.483333333333342,0.5999999999999999,0.5999831557273865,0.0033690249547362328,-8.411893759330269e-07,-8.411893759330269e-07,0.0007258365512825549,-0.0069929263554513454,-0.013272017240524292,-0.013272017240524292,1000.0,5.0
5.487500000000009,0.5999999999999999,0.5999831557273865,0.003369024023413658,-8.513599709658592e-07,-8.513599709658592e-07,0.0007258365512825549,-0.0069929263554513454,-0.013271957635879517,-0.013271957635879517,1000.0,5.0
5.491666666666675,0.5999999999999999,0.5999831557273865,0.003369024023413658,-8.477849746668653e-07,-8.477849746668653e-07,0.0007258365512825549,-0.006992926821112633,-0.013271957635879517,-0.013271957635879517,1000.0,5.0
5.495833333333342,0.5999999999999999,0.5999831557273865,0.003369023324921727,-8.475241770611319e-07,-8.475241770611319e-07,0.0007258365512825549,-0.006992925889790058,-0.013271957635879517,-0.013271957635879517,1000.0,5.0
5.500000000000008,0.5999999999999999,0.5999831557273865,0.003369024023413658,-8.442675039077585e-07,-8.442675039077585e-07,0.0007258365512825549,-0.00699292728677392,-0.013271987438201904,-0.013271987438201904,1000.0,5.0
5.504166666666674,0.5999999999999999,0.5999831557273865,0.00336902285926044,-8.472675858683942e-07,-8.472675858683942e-07,0.0007258365512825549,-0.006992925889790058,-0.013271927833557129,-0.013271927833557129,1000.0,5.0
5.508333333333341,0.5999999999999999,0.5999831557273865,0.003369024256244302,-8.420902872785518e-07,-8.420902872785518e-07,0.0007258365512825549,-0.006992925889790058,-0.013271987438201904,-0.013271987438201904,1000.0,5.0
5.512500000000007,0.5999999999999999,0.5999831557273865,0.0033690244890749454,-8.481879945065884e-07,-8.481879945065884e-07,0.0007258365512825549,-0.006992926821112633,-0.013271987438201904,-0.013271987438201904,1000.0,5.0
5.516666666666674,0.5999999999999999,0.5999831557273865,0.0033690226264297962,-8.497120802530844e-07,-8.497120802530844e-07,0.0007258365512825549,-0.006992925424128771,-0.013271957635879517,-0.013271957635879517,1000.0,5.0
5.52083333333334,0.5999999999999999,0.5999831557273865,0.0033690249547362328,-8.411893759330269e-07,-8.411893759330269e-07,0.0007258365512825549,-0.0069929263554513454,-0.013272017240524292,-0.013272017240524292,1000.0,5.0
5.525000000000007,0.5999999999999999,0.5999831557273865,0.003369024023413658,-8.513599709658592e-07,-8.513599709658592e-07,0.0007258365512825549,-0.0069929263554513454,-0.013271957635879517,-0.013271957635879517,1000.0,5.0
5.529166666666673,0.5999999999999999,0.5999831557273865,0.003369024023413658,-8.477849746668653e-07,-8.477849746668653e-07,0.0007258365512825549,-0.006992926821112633,-0.013271957635879517,-0.013271957635879517,1000.0,5.0
5.533333333333339,0.5999999999999999,0.5999831557273865,0.003369023324921727,-8.475241770611319e-07,-8.475241770611319e-07,0.0007258365512825549,-0.006992925889790058,-0.013271957635879517,-0.013271957635879517,1000.0,5.0
5.537500000000006,0.5999999999999999,0.5999831557273865,0.003369024023413658,-8.442675039077585e-07,-8.442675039077585e-07,0.0007258365512825549,-0.00699292728677392,-0.013271987438201904,-0.013271987438201904,1000.0,5.0
5.541666666666672,0.5999999999999999,0.5999831557273865,0.00336902285926044,-8.472675858683942e-07,-8.472675858683942e-07,0.0007258365512825549,-0.006992925889790058,-0.013271927833557129,-0.013271927833557129,1000.0,5.0
5.545833333333339,0.5999999999999999,0.5999831557273865,0.003369024256244302,-8.420902872785518e-07,-8.420902872785518e-07,0.0007258365512825549,-0.006992925889790058,-0.013271987438201904,-0.013271987438201904,1000.0,5.0
5.550000000000005,0.5999999999999999,0.5999831557273865,0.0033690244890749454,-8.481879945065884e-07,-8.481879945065884e-07,0.0007258365512825549,-0.006992926821112633,-0.013271987438201904,-0.013271987438201904,1000.0,5.0
5.554166666666672,0.5999999999999999,0.5999831557273865,0.0033690226264297962,-8.497120802530844e-07,-8.497120802530844e-07,0.0007258365512825549,-0.006992925424128771,-0.013271957635879517,-0.013271957635879517,1000.0,5.0
5.558333333333338,0.5999999999999999,0.5999831557273865,0.0033690249547362328,-8.411893759330269e-07,-8.411893759330269e-07,0.0007258365512825549,-0.0069929263554513454,-0.013272017240524292,-0.013272017240524292,1000.0,5.0
5.562500000000004,0.5999999999999999,0.5999831557273865,0.003369024023413658,-8.513599709658592e-07,-8.513599709658592e-07,0.0007258365512825549,-0.0069929263554513454,-0.013271957635879517,-0.013271957635879517,1000.0,5.0
5.566666666666671,0.5999999999999999,0.5999831557273865,0.003369024023413658,-8.477849746668653e-07,-8.477849746668653e-07,0.0007258365512825549,-0.006992926821112633,-0.013271957635879517,-0.013271957635879517,1000.0,5.0
5.570833333333337,0.5999999999999999,0.5999831557273865,0.003369023324921727,-8.475241770611319e-07,-8.475241770611319e-07,0.0007258365512825549,-0.006992925889790058,-0.013271957635879517,-0.013271957635879517,1000.0,5.0
5.575000000000004,0.5999999999999999,0.5999831557273865,0.003369024023413658,-8.442675039077585e-07,-8.442675039077585e-07,0.0007258365512825549,-0.00699292728677392,-0.013271987438201904,-0.013271987438201904,1000.0,5.0
5.57916666666667,0.5999999999999999,0.5999831557273865,0.00336902285926044,-8.472675858683942e-07,-8.472675858683942e-07,0.0007258365512825549,-0.006992925889790058,-0.013271927833557129,-0.013271927833557129,1000.0,5.0
5.583333333333337,0.5999999999999999,0.5999831557273865,0.003369024256244302,-8.420902872785518e-07,-8.420902872785518e-07,0.0007258365512825549,-0.006992925889790058,-0.013271987438201904,-0.013271987438201904,1000.0,5.0
5.587500000000003,0.5999999999999999,0.5999831557273865,0.0033690244890749454,-8.481879945065884e-07,-8.481879945065884e-07,0.0007258365512825549,-0.006992926821112633,-0.013271987438201904,-0.013271987438201904,1000.0,5.0
5.5916666666666694,0.5999999999999999,0.5999831557273865,0.0033690226264297962,-8.497120802530844e-07,-8.497120802530844e-07,0.0007258365512825549,-0.006992925424128771,-0.013271957635879517,-0.013271957635879517,1000.0,5.0
5.595833333333336,0.5999999999999999,0.5999831557273865,0.0033690249547362328,-8.411893759330269e-07,-8.411893759330269e-07,0.0007258365512825549,-0.0069929263554513454,-0.013272017240524292,-0.013272017240524292,1000.0,5.0
5.600000000000002,0.5999999999999999,0.5999831557273865,0.003369024023413658,-8.513599709658592e-07,-8.513599709658592e-07,0.0007258365512825549,-0.0069929263554513454,-0.013271957635879517,-0.013271957635879517,1000.0,5.0
5.604166666666669,0.5999999999999999,0.5999831557273865,0.003369024023413658,-8.477849746668653e-07,-8.477849746668653e-07,0.0007258365512825549,-0.006992926821112633,-0.013271957635879517,-0.013271957635879517,1000.0,5.0
5.608333333333335,0.5999999999999999,0.5999831557273865,0.003369023324921727,-8.475241770611319e-07,-8.475241770611319e-07,0.0007258365512825549,-0.006992925889790058,-0.013271957635879517,-0.013271957635879517,1000.0,5.0
5.612500000000002,0.5999999999999999,0.5999831557273865,0.003369024023413658,-8.442675039077585e-07,-8.442675039077585e-07,0.0007258365512825549,-0.00699292728677392,-0.013271987438201904,-0.013271987438201904,1000.0,5.0
5.616666666666668,0.5999999999999999,0.5999831557273865,0.00336902285926044,-8.472675858683942e-07,-8.472675858683942e-07,0.0007258365512825549,-0.006992925889790058,-0.013271927833557129,-0.013271927833557129,1000.0,5.0
5.6208333333333345,0.5999999999999999,0.5999831557273865,0.003369024256244302,-8.420902872785518e-07,-8.420902872785518e-07,0.0007258365512825549,-0.006992925889790058,-0.013271987438201904,-0.013271987438201904,1000.0,5.0
5.625000000000001,0.5999999999999999,0.5999831557273865,0.0033690244890749454,-8.481879945065884e-07,-8.481879945065884e-07,0.0007258365512825549,-0.006992926821112633,-0.013271987438201904,-0.013271987438201904,1000.0,5.0
5.629166666666667,0.5999999999999999,0.5999831557273865,0.0033690226264297962,-8.497120802530844e-07,-8.497120802530844e-07,0.0007258365512825549,-0.006992925424128771,-0.013271957635879517,-0.013271957635879517,1000.0,5.0
5.633333333333334,0.5999999999999999,0.5999831557273865,0.0033690249547362328,-8.411893759330269e-07,-8.411893759330269e-07,0.0007258365512825549,-0.0069929263554513454,-0.013272017240524292,-0.013272017240524292,1000.0,5.0
5.6375,0.5999999999999999,0.5999831557273865,0.003369024023413658,-8.513599709658592e-07,-8.513599709658592e-07,0.0007258365512825549,-0.0069929263554513454,-0.013271957635879517,-0.013271957635879517,1000.0,5.0
5.641666666666667,0.5999999999999999,0.5999831557273865,0.003369024023413658,-8.477849746668653e-07,-8.477849746668653e-07,0.0007258365512825549,-0.006992926821112633,-0.013271957635879517,-0.013271957635879517,1000.0,5.0
5.645833333333333,0.5999999999999999,0.5999831557273865,0.003369023324921727,-8.475241770611319e-07,-8.475241770611319e-07,0.0007258365512825549,-0.006992925889790058,-0.013271957635879517,-0.013271957635879517,1000.0,5.0
5.6499999999999995,0.5999999999999999,0.5999831557273865,0.003369024023413658,-8.442675039077585e-07,-8.442675039077585e-07,0.0007258365512825549,-0.00699292728677392,-0.013271987438201904,-0.013271987438201904,1000.0,5.0
5.654166666666666,0.5999999999999999,0.5999831557273865,0.00336902285926044,-8.472675858683942e-07,-8.472675858683942e-07,0.0007258365512825549,-0.006992925889790058,-0.013271927833557129,-0.013271927833557129,1000.0,5.0
5.658333333333332,0.5999999999999999,0.5999831557273865,0.003369024256244302,-8.420902872785518e-07,-8.420902872785518e-07,0.0007258365512825549,-0.006992925889790058,-0.013271987438201904,-0.013271987438201904,1000.0,5.0
5.662499999999999,0.5999999999999999,0.5999831557273865,0.0033690244890749454,-8.481879945065884e-07,-8.481879945065884e-07,0.0007258365512825549,-0.006992926821112633,-0.013271987438201904,-0.013271987438201904,1000.0,5.0
5.666666666666665,0.5999999999999999,0.5999831557273865,0.0033690226264297962,-8.497120802530844e-07,-8.497120802530844e-07,0.0007258365512825549,-0.006992925424128771,-0.013271957635879517,-0.013271957635879517,1000.0,5.0
5.670833333333332,0.5999999999999999,0.5999831557273865,0.0033690249547362328,-8.411893759330269e-07,-8.411893759330269e-07,0.0007258365512825549,-0.0069929263554513454,-0.013272017240524292,-0.013272017240524292,1000.0,5.0
5.674999999999998,0.5999999999999999,0.5999831557273865,0.003369024023413658,-8.513599709658592e-07,-8.513599709658592e-07,0.0007258365512825549,-0.0069929263554513454,-0.013271957635879517,-0.013271957635879517,1000.0,5.0
5.6791666666666645,0.5999999999999999,0.5999831557273865,0.003369024023413658,-8.477849746668653e-07,-8.477849746668653e-07,0.0007258365512825549,-0.006992926821112633,-0.013271957635879517,-0.013271957635879517,1000.0,5.0
5.683333333333331,0.5999999999999999,0.5999831557273865,0.003369023324921727,-8.475241770611319e-07,-8.475241770611319e-07,0.0007258365512825549,-0.006992925889790058,-0.013271957635879517,-0.013271957635879517,1000.0,5.0
5.687499999999997,0.5999999999999999,0.5999831557273865,0.003369024023413658,-8.442675039077585e-07,-8.442675039077585e-07,0.0007258365512825549,-0.00699292728677392,-0.013271987438201904,-0.013271987438201904,1000.0,5.0
5.691666666666664,0.5999999999999999,0.5999831557273865,0.00336902285926044,-8.472675858683942e-07,-8.472675858683942e-07,0.0007258365512825549,-0.006992925889790058,-0.013271927833557129,-0.013271927833557129,1000.0,5.0
5.69583333333333,0.5999999999999999,0.5999831557273865,0.003369024256244302,-8.420902872785518e-07,-8.420902872785518e-07,0.0007258365512825549,-0.006992925889790058,-0.013271987438201904,-0.013271987438201904,1000.0,5.0
5.699999999999997,0.5999999999999999,0.5999831557273865,0.0033690244890749454,-8.481879945065884e-07,-8.481879945065884e-07,0.0007258365512825549,-0.006992926821112633,-0.013271987438201904,-0.013271987438201904,1000.0,5.0
5.704166666666663,0.5999999999999999,0.5999831557273865,0.0033690226264297962,-8.497120802530844e-07,-8.497120802530844e-07,0.0007258365512825549,-0.006992925424128771,-0.013271957635879517,-0.013271957635879517,1000.0,5.0
5.7083333333333295,0.5999999999999999,0.5999831557273865,0.0033690249547362328,-8.411893759330269e-07,-8.411893759330269e-07,0.0007258365512825549,-0.0069929263554513454,-0.013272017240524292,-0.013272017240524292,1000.0,5.0
5.712499999999996,0.5999999999999999,0.5999831557273865,0.003369024023413658,-8.513599709658592e-07,-8.513599709658592e-07,0.0007258365512825549,-0.0069929263554513454,-0.013271957635879517,-0.013271957635879517,1000.0,5.0
5.716666666666662,0.5999999999999999,0.5999831557273865,0.003369024023413658,-8.477849746668653e-07,-8.477849746668653e-07,0.0007258365512825549,-0.006992926821112633,-0.013271957635879517,-0.013271957635879517,1000.0,5.0
5.720833333333329,0.5999999999999999,0.5999831557273865,0.003369023324921727,-8.475241770611319e-07,-8.475241770611319e-07,0.0007258365512825549,-0.006992925889790058,-0.013271957635879517,-0.013271957635879517,1000.0,5.0
5.724999999999995,0.5999999999999999,0.5999831557273865,0.003369024023413658,-8.442675039077585e-07,-8.442675039077585e-07,0.0007258365512825549,-0.00699292728677392,-0.013271987438201904,-0.013271987438201904,1000.0,5.0
5.729166666666662,0.5999999999999999,0.5999831557273865,0.00336902285926044,-8.472675858683942e-07,-8.472675858683942e-07,0.0007258365512825549,-0.006992925889790058,-0.013271927833557129,-0.013271927833557129,1000.0,5.0
5.733333333333328,0.5999999999999999,0.5999831557273865,0.003369024256244302,-8.420902872785518e-07,-8.420902872785518e-07,0.0007258365512825549,-0.006992925889790058,-0.013271987438201904,-0.013271987438201904,1000.0,5.0
5.7374999999999945,0.5999999999999999,0.5999831557273865,0.0033690244890749454,-8.481879945065884e-07,-8.481879945065884e-07,0.0007258365512825549,-0.006992926821112633,-0.013271987438201904,-0.013271987438201904,1000.0,5.0
5.741666666666661,0.5999999999999999,0.5999831557273865,0.0033690226264297962,-8.497120802530844e-07,-8.497120802530844e-07,0.0007258365512825549,-0.006992925424128771,-0.013271957635879517,-0.013271957635879517,1000.0,5.0
5.745833333333327,0.5999999999999999,0.5999831557273865,0.0033690249547362328,-8.411893759330269e-07,-8.411893759330269e-07,0.0007258365512825549,-0.0069929263554513454,-0.013272017240524292,-0.013272017240524292,1000.0,5.0
5.749999999999994,0.5999999999999999,0.5999831557273865,0.003369024023413658,-8.513599709658592e-07,-8.513599709658592e-07,0.0007258365512825549,-0.0069929263554513454,-0.013271957635879517,-0.013271957635879517,1000.0,5.0
5.75416666666666,0.5999999999999999,0.5999831557273865,0.003369024023413658,-8.477849746668653e-07,-8.477849746668653e-07,0.0007258365512825549,-0.006992926821112633,-0.013271957635879517,-0.013271957635879517,1000.0,5.0
5.758333333333327,0.5999999999999999,0.5999831557273865,0.003369023324921727,-8.475241770611319e-07,-8.475241770611319e-07,0.0007258365512825549,-0.006992925889790058,-0.013271957635879517,-0.013271957635879517,1000.0,5.0
5.762499999999993,0.5999999999999999,0.5999831557273865,0.003369024023413658,-8.442675039077585e-07,-8.442675039077585e-07,0.0007258365512825549,-0.00699292728677392,-0.013271987438201904,-0.013271987438201904,1000.0,5.0
5.7666666666666595,0.5999999999999999,0.5999831557273865,0.00336902285926044,-8.472675858683942e-07,-8.472675858683942e-07,0.0007258365512825549,-0.006992925889790058,-0.013271927833557129,-0.013271927833557129,1000.0,5.0
5.770833333333326,0.5999999999999999,0.5999831557273865,0.003369024256244302,-8.420902872785518e-07,-8.420902872785518e-07,0.0007258365512825549,-0.006992925889790058,-0.013271987438201904,-0.013271987438201904,1000.0,5.0
5.774999999999992,0.5999999999999999,0.5999831557273865,0.0033690244890749454,-8.481879945065884e-07,-8.481879945065884e-07,0.0007258365512825549,-0.006992926821112633,-0.013271987438201904,-0.013271987438201904,1000.0,5.0
5.779166666666659,0.5999999999999999,0.5999831557273865,0.0033690226264297962,-8.497120802530844e-07,-8.497120802530844e-07,0.0007258365512825549,-0.006992925424128771,-0.013271957635879517,-0.013271957635879517,1000.0,5.0
5.783333333333325,0.5999999999999999,0.5999831557273865,0.0033690249547362328,-8.411893759330269e-07,-8.411893759330269e-07,0.0007258365512825549,-0.0069929263554513454,-0.013272017240524292,-0.013272017240524292,1000.0,5.0
5.787499999999992,0.5999999999999999,0.5999831557273865,0.003369024023413658,-8.513599709658592e-07,-8.513599709658592e-07,0.0007258365512825549,-0.0069929263554513454,-0.013271957635879517,-0.013271957635879517,1000.0,5.0
5.791666666666658,0.5999999999999999,0.5999831557273865,0.003369024023413658,-8.477849746668653e-07,-8.477849746668653e-07,0.0007258365512825549,-0.006992926821112633,-0.013271957635879517,-0.013271957635879517,1000.0,5.0
5.7958333333333245,0.5999999999999999,0.5999831557273865,0.003369023324921727,-8.475241770611319e-07,-8.475241770611319e-07,0.0007258365512825549,-0.006992925889790058,-0.013271957635879517,-0.013271957635879517,1000.0,5.0
5.799999999999991,0.5999999999999999,0.5999831557273865,0.003369024023413658,-8.442675039077585e-07,-8.442675039077585e-07,0.0007258365512825549,-0.00699292728677392,-0.013271987438201904,-0.013271987438201904,1000.0,5.0
5.804166666666657,0.5999999999999999,0.5999831557273865,0.00336902285926044,-8.472675858683942e-07,-8.472675858683942e-07,0.0007258365512825549,-0.006992925889790058,-0.013271927833557129,-0.013271927833557129,1000.0,5.0
5.808333333333324,0.5999999999999999,0.5999831557273865,0.003369024256244302,-8.420902872785518e-07,-8.420902872785518e-07,0.0007258365512825549,-0.006992925889790058,-0.013271987438201904,-0.013271987438201904,1000.0,5.0
5.81249999999999,0.5999999999999999,0.5999831557273865,0.0033690244890749454,-8.481879945065884e-07,-8.481879945065884e-07,0.0007258365512825549,-0.006992926821112633,-0.013271987438201904,-0.013271987438201904,1000.0,5.0
5.816666666666657,0.5999999999999999,0.5999831557273865,0.0033690226264297962,-8.497120802530844e-07,-8.497120802530844e-07,0.0007258365512825549,-0.006992925424128771,-0.013271957635879517,-0.013271957635879517,1000.0,5.0
5.820833333333323,0.5999999999999999,0.5999831557273865,0.0033690249547362328,-8.411893759330269e-07,-8.411893759330269e-07,0.0007258365512825549,-0.0069929263554513454,-0.013272017240524292,-0.013272017240524292,1000.0,5.0
5.8249999999999895,0.5999999999999999,0.5999831557273865,0.003369024023413658,-8.513599709658592e-07,-8.513599709658592e-07,0.0007258365512825549,-0.0069929263554513454,-0.013271957635879517,-0.013271957635879517,1000.0,5.0
5.829166666666656,0.5999999999999999,0.5999831557273865,0.003369024023413658,-8.477849746668653e-07,-8.477849746668653e-07,0.0007258365512825549,-0.006992926821112633,-0.013271957635879517,-0.013271957635879517,1000.0,5.0
5.833333333333322,0.5999999999999999,0.5999831557273865,0.003369023324921727,-8.475241770611319e-07,-8.475241770611319e-07,0.0007258365512825549,-0.006992925889790058,-0.013271957635879517,-0.013271957635879517,1000.0,5.0
5.837499999999989,0.5999999999999999,0.5999831557273865,0.003369024023413658,-8.442675039077585e-07,-8.442675039077585e-07,0.0007258365512825549,-0.00699292728677392,-0.013271987438201904,-0.013271987438201904,1000.0,5.0
5.841666666666655,0.5999999999999999,0.5999831557273865,0.00336902285926044,-8.472675858683942e-07,-8.472675858683942e-07,0.0007258365512825549,-0.006992925889790058,-0.013271927833557129,-0.013271927833557129,1000.0,5.0
5.845833333333322,0.5999999999999999,0.5999831557273865,0.003369024256244302,-8.420902872785518e-07,-8.420902872785518e-07,0.0007258365512825549,-0.006992925889790058,-0.013271987438201904,-0.013271987438201904,1000.0,5.0
5.849999999999988,0.5999999999999999,0.5999831557273865,0.0033690244890749454,-8.481879945065884e-07,-8.481879945065884e-07,0.0007258365512825549,-0.006992926821112633,-0.013271987438201904,-0.013271987438201904,1000.0,5.0
5.8541666666666545,0.5999999999999999,0.5999831557273865,0.0033690226264297962,-8.497120802530844e-07,-8.497120802530844e-07,0.0007258365512825549,-0.006992925424128771,-0.013271957635879517,-0.013271957635879517,1000.0,5.0
5.858333333333321,0.5999999999999999,0.5999831557273865,0.0033690249547362328,-8.411893759330269e-07,-8.411893759330269e-07,0.0007258365512825549,-0.0069929263554513454,-0.013272017240524292,-0.013272017240524292,1000.0,5.0
5.862499999999987,0.5999999999999999,0.5999831557273865,0.003369024023413658,-8.513599709658592e-07,-8.513599709658592e-07,0.0007258365512825549,-0.0069929263554513454,-0.013271957635879517,-0.013271957635879517,1000.0,5.0
5.866666666666654,0.5999999999999999,0.5999831557273865,0.003369024023413658,-8.477849746668653e-07,-8.477849746668653e-07,0.0007258365512825549,-0.006992926821112633,-0.013271957635879517,-0.013271957635879517,1000.0,5.0
5.87083333333332,0.5999999999999999,0.5999831557273865,0.003369023324921727,-8.475241770611319e-07,-8.475241770611319e-07,0.0007258365512825549,-0.006992925889790058,-0.013271957635879517,-0.013271957635879517,1000.0,5.0
5.874999999999987,0.5999999999999999,0.5999831557273865,0.003369024023413658,-8.442675039077585e-07,-8.442675039077585e-07,0.0007258365512825549,-0.00699292728677392,-0.013271987438201904,-0.013271987438201904,1000.0,5.0
5.879166666666653,0.5999999999999999,0.5999831557273865,0.00336902285926044,-8.472675858683942e-07,-8.472675858683942e-07,0.0007258365512825549,-0.006992925889790058,-0.013271927833557129,-0.013271927833557129,1000.0,5.0
5.8833333333333195,0.5999999999999999,0.5999831557273865,0.003369024256244302,-8.420902872785518e-07,-8.420902872785518e-07,0.0007258365512825549,-0.006992925889790058,-0.013271987438201904,-0.013271987438201904,1000.0,5.0
5.887499999999986,0.5999999999999999,0.5999831557273865,0.0033690244890749454,-8.481879945065884e-07,-8.481879945065884e-07,0.0007258365512825549,-0.006992926821112633,-0.013271987438201904,-0.013271987438201904,1000.0,5.0
5.891666666666652,0.5999999999999999,0.5999831557273865,0.0033690226264297962,-8.497120802530844e-07,-8.497120802530844e-07,0.0007258365512825549,-0.006992925424128771,-0.013271957635879517,-0.013271957635879517,1000.0,5.0
5.895833333333319,0.5999999999999999,0.5999831557273865,0.0033690249547362328,-8.411893759330269e-07,-8.411893759330269e-07,0.0007258365512825549,-0.0069929263554513454,-0.013272017240524292,-0.013272017240524292,1000.0,5.0
5.899999999999985,0.5999999999999999,0.5999831557273865,0.003369024023413658,-8.513599709658592e-07,-8.513599709658592e-07,0.0007258365512825549,-0.0069929263554513454,-0.013271957635879517,-0.013271957635879517,1000.0,5.0
5.904166666666652,0.5999999999999999,0.5999831557273865,0.003369024023413658,-8.477849746668653e-07,-8.477849746668653e-07,0.0007258365512825549,-0.006992926821112633,-0.013271957635879517,-0.013271957635879517,1000.0,5.0
5.908333333333318,0.5999999999999999,0.5999831557273865,0.003369023324921727,-8.475241770611319e-07,-8.475241770611319e-07,0.0007258365512825549,-0.006992925889790058,-0.013271957635879517,-0.013271957635879517,1000.0,5.0
5.9124999999999845,0.5999999999999999,0.5999831557273865,0.003369024023413658,-8.442675039077585e-07,-8.442675039077585e-07,0.0007258365512825549,-0.00699292728677392,-0.013271987438201904,-0.013271987438201904,1000.0,5.0
5.916666666666651,0.5999999999999999,0.5999831557273865,0.00336902285926044,-8.472675858683942e-07,-8.472675858683942e-07,0.0007258365512825549,-0.006992925889790058,-0.013271927833557129,-0.013271927833557129,1000.0,5.0
5.920833333333317,0.5999999999999999,0.5999831557273865,0.003369024256244302,-8.420902872785518e-07,-8.420902872785518e-07,0.0007258365512825549,-0.006992925889790058,-0.013271987438201904,-0.013271987438201904,1000.0,5.0
5.924999999999984,0.5999999999999999,0.5999831557273865,0.0033690244890749454,-8.481879945065884e-07,-8.481879945065884e-07,0.0007258365512825549,-0.006992926821112633,-0.013271987438201904,-0.013271987438201904,1000.0,5.0
5.92916666666665,0.5999999999999999,0.5999831557273865,0.0033690226264297962,-8.497120802530844e-07,-8.497120802530844e-07,0.0007258365512825549,-0.006992925424128771,-0.013271957635879517,-0.013271957635879517,1000.0,5.0
5.933333333333317,0.5999999999999999,0.5999831557273865,0.0033690249547362328,-8.411893759330269e-07,-8.411893759330269e-07,0.0007258365512825549,-0.0069929263554513454,-0.013272017240524292,-0.013272017240524292,1000.0,5.0
5.937499999999983,0.5999999999999999,0.5999831557273865,0.003369024023413658,-8.513599709658592e-07,-8.513599709658592e-07,0.0007258365512825549,-0.0069929263554513454,-0.013271957635879517,-0.013271957635879517,1000.0,5.0
5.9416666666666496,0.5999999999999999,0.5999831557273865,0.003369024023413658,-8.477849746668653e-07,-8.477849746668653e-07,0.0007258365512825549,-0.006992926821112633,-0.013271957635879517,-0.013271957635879517,1000.0,5.0
5.945833333333316,0.5999999999999999,0.5999831557273865,0.003369023324921727,-8.475241770611319e-07,-8.475241770611319e-07,0.0007258365512825549,-0.006992925889790058,-0.013271957635879517,-0.013271957635879517,1000.0,5.0
5.949999999999982,0.5999999999999999,0.5999831557273865,0.003369024023413658,-8.442675039077585e-07,-8.442675039077585e-07,0.0007258365512825549,-0.00699292728677392,-0.013271987438201904,-0.013271987438201904,1000.0,5.0
5.954166666666649,0.5999999999999999,0.5999831557273865,0.00336902285926044,-8.472675858683942e-07,-8.472675858683942e-07,0.0007258365512825549,-0.006992925889790058,-0.013271927833557129,-0.013271927833557129,1000.0,5.0
5.958333333333315,0.5999999999999999,0.5999831557273865,0.003369024256244302,-8.420902872785518e-07,-8.420902872785518e-07,0.0007258365512825549,-0.006992925889790058,-0.013271987438201904,-0.013271987438201904,1000.0,5.0
5.962499999999982,0.5999999999999999,0.5999831557273865,0.0033690244890749454,-8.481879945065884e-07,-8.481879945065884e-07,0.0007258365512825549,-0.006992926821112633,-0.013271987438201904,-0.013271987438201904,1000.0,5.0
5.966666666666648,0.5999999999999999,0.5999831557273865,0.0033690226264297962,-8.497120802530844e-07,-8.497120802530844e-07,0.0007258365512825549,-0.006992925424128771,-0.013271957635879517,-0.013271957635879517,1000.0,5.0
5.970833333333315,0.5999999999999999,0.5999831557273865,0.0033690249547362328,-8.411893759330269e-07,-8.411893759330269e-07,0.0007258365512825549,-0.0069929263554513454,-0.013272017240524292,-0.013272017240524292,1000.0,5.0
5.974999999999981,0.5999999999999999,0.5999831557273865,0.003369024023413658,-8.513599709658592e-07,-8.513599709658592e-07,0.0007258365512825549,-0.0069929263554513454,-0.013271957635879517,-0.013271957635879517,1000.0,5.0
5.979166666666647,0.5999999999999999,0.5999831557273865,0.003369024023413658,-8.477849746668653e-07,-8.477849746668653e-07,0.0007258365512825549,-0.006992926821112633,-0.013271957635879517,-0.013271957635879517,1000.0,5.0
5.983333333333314,0.5999999999999999,0.5999831557273865,0.003369023324921727,-8.475241770611319e-07,-8.475241770611319e-07,0.0007258365512825549,-0.006992925889790058,-0.013271957635879517,-0.013271957635879517,1000.0,5.0
5.98749999999998,0.5999999999999999,0.5999831557273865,0.003369024023413658,-8.442675039077585e-07,-8.442675039077585e-07,0.0007258365512825549,-0.00699292728677392,-0.013271987438201904,-0.013271987438201904,1000.0,5.0
5.991666666666647,0.5999999999999999,0.5999831557273865,0.00336902285926044,-8.472675858683942e-07,-8.472675858683942e-07,0.0007258365512825549,-0.006992925889790058,-0.013271927833557129,-0.013271927833557129,1000.0,5.0
5.995833333333313,0.5999999999999999,0.5999831557273865,0.003369024256244302,-8.420902872785518e-07,-8.420902872785518e-07,0.0007258365512825549,-0.006992925889790058,-0.013271987438201904,-0.013271987438201904,1000.0,5.0
5.99999999999998,0.5999999999999999,0.5999831557273865,0.0033690244890749454,-8.481879945065884e-07,-8.481879945065884e-07,0.0007258365512825549,-0.006992926821112633,-0.013271987438201904,-0.013271987438201904,1000.0,5.0
6.004166666666646,0.5999999999999999,0.5999831557273865,0.0033690226264297962,-8.497120802530844e-07,-8.497120802530844e-07,0.0007258365512825549,-0.006992925424128771,-0.013271957635879517,-0.013271957635879517,1000.0,5.0
6.008333333333312,0.5999999999999999,0.5999831557273865,0.0033690249547362328,-8.411893759330269e-07,-8.411893759330269e-07,0.0007258365512825549,-0.0069929263554513454,-0.013272017240524292,-0.013272017240524292,1000.0,5.0
6.012499999999979,0.5999999999999999,0.5999831557273865,0.003369024023413658,-8.513599709658592e-07,-8.513599709658592e-07,0.0007258365512825549,-0.0069929263554513454,-0.013271957635879517,-0.013271957635879517,1000.0,5.0
6.016666666666645,0.5999999999999999,0.5999831557273865,0.003369024023413658,-8.477849746668653e-07,-8.477849746668653e-07,0.0007258365512825549,-0.006992926821112633,-0.013271957635879517,-0.013271957635879517,1000.0,5.0
6.020833333333312,0.5999999999999999,0.5999831557273865,0.003369023324921727,-8.475241770611319e-07,-8.475241770611319e-07,0.0007258365512825549,-0.006992925889790058,-0.013271957635879517,-0.013271957635879517,1000.0,5.0
6.024999999999978,0.5999999999999999,0.5999831557273865,0.003369024023413658,-8.442675039077585e-07,-8.442675039077585e-07,0.0007258365512825549,-0.00699292728677392,-0.013271987438201904,-0.013271987438201904,1000.0,5.0
6.029166666666645,0.5999999999999999,0.5999831557273865,0.00336902285926044,-8.472675858683942e-07,-8.472675858683942e-07,0.0007258365512825549,-0.006992925889790058,-0.013271927833557129,-0.013271927833557129,1000.0,5.0
6.033333333333311,0.5999999999999999,0.5999831557273865,0.003369024256244302,-8.420902872785518e-07,-8.420902872785518e-07,0.0007258365512825549,-0.006992925889790058,-0.013271987438201904,-0.013271987438201904,1000.0,5.0
6.037499999999977,0.5999999999999999,0.5999831557273865,0.0033690244890749454,-8.481879945065884e-07,-8.481879945065884e-07,0.0007258365512825549,-0.006992926821112633,-0.013271987438201904,-0.013271987438201904,1000.0,5.0
6.041666666666644,0.5999999999999999,0.5999831557273865,0.0033690226264297962,-8.497120802530844e-07,-8.497120802530844e-07,0.0007258365512825549,-0.006992925424128771,-0.013271957635879517,-0.013271957635879517,1000.0,5.0
6.04583333333331,0.5999999999999999,0.5999831557273865,0.0033690249547362328,-8.411893759330269e-07,-8.411893759330269e-07,0.0007258365512825549,-0.0069929263554513454,-0.013272017240524292,-0.013272017240524292,1000.0,5.0
6.049999999999977,0.5999999999999999,0.5999831557273865,0.003369024023413658,-8.513599709658592e-07,-8.513599709658592e-07,0.0007258365512825549,-0.0069929263554513454,-0.013271957635879517,-0.013271957635879517,1000.0,5.0
6.054166666666643,0.5999999999999999,0.5999831557273865,0.003369024023413658,-8.477849746668653e-07,-8.477849746668653e-07,0.0007258365512825549,-0.006992926821112633,-0.013271957635879517,-0.013271957635879517,1000.0,5.0
6.05833333333331,0.5999999999999999,0.5999831557273865,0.003369023324921727,-8.475241770611319e-07,-8.475241770611319e-07,0.0007258365512825549,-0.006992925889790058,-0.013271957635879517,-0.013271957635879517,1000.0,5.0
6.062499999999976,0.5999999999999999,0.5999831557273865,0.003369024023413658,-8.442675039077585e-07,-8.442675039077585e-07,0.0007258365512825549,-0.00699292728677392,-0.013271987438201904,-0.013271987438201904,1000.0,5.0
6.0666666666666424,0.5999999999999999,0.5999831557273865,0.00336902285926044,-8.472675858683942e-07,-8.472675858683942e-07,0.0007258365512825549,-0.006992925889790058,-0.013271927833557129,-0.013271927833557129,1000.0,5.0
6.070833333333309,0.5999999999999999,0.5999831557273865,0.003369024256244302,-8.420902872785518e-07,-8.420902872785518e-07,0.0007258365512825549,-0.006992925889790058,-0.013271987438201904,-0.013271987438201904,1000.0,5.0
6.074999999999975,0.5999999999999999,0.5999831557273865,0.0033690244890749454,-8.481879945065884e-07,-8.481879945065884e-07,0.0007258365512825549,-0.006992926821112633,-0.013271987438201904,-0.013271987438201904,1000.0,5.0
6.079166666666642,0.5999999999999999,0.5999831557273865,0.0033690226264297962,-8.497120802530844e-07,-8.497120802530844e-07,0.0007258365512825549,-0.006992925424128771,-0.013271957635879517,-0.013271957635879517,1000.0,5.0
6.083333333333308,0.5999999999999999,0.5999831557273865,0.0033690249547362328,-8.411893759330269e-07,-8.411893759330269e-07,0.0007258365512825549,-0.0069929263554513454,-0.013272017240524292,-0.013272017240524292,1000.0,5.0
6.087499999999975,0.5999999999999999,0.5999831557273865,0.003369024023413658,-8.513599709658592e-07,-8.513599709658592e-07,0.0007258365512825549,-0.0069929263554513454,-0.013271957635879517,-0.013271957635879517,1000.0,5.0
6.091666666666641,0.5999999999999999,0.5999831557273865,0.003369024023413658,-8.477849746668653e-07,-8.477849746668653e-07,0.0007258365512825549,-0.006992926821112633,-0.013271957635879517,-0.013271957635879517,1000.0,5.0
6.0958333333333075,0.5999999999999999,0.5999831557273865,0.003369023324921727,-8.475241770611319e-07,-8.475241770611319e-07,0.0007258365512825549,-0.006992925889790058,-0.013271957635879517,-0.013271957635879517,1000.0,5.0
6.099999999999974,0.5999999999999999,0.5999831557273865,0.003369024023413658,-8.442675039077585e-07,-8.442675039077585e-07,0.0007258365512825549,-0.00699292728677392,-0.013271987438201904,-0.013271987438201904,1000.0,5.0
6.10416666666664,0.5999999999999999,0.5999831557273865,0.00336902285926044,-8.472675858683942e-07,-8.472675858683942e-07,0.0007258365512825549,-0.006992925889790058,-0.013271927833557129,-0.013271927833557129,1000.0,5.0
6.108333333333307,0.5999999999999999,0.5999831557273865,0.003369024256244302,-8.420902872785518e-07,-8.420902872785518e-07,0.0007258365512825549,-0.006992925889790058,-0.013271987438201904,-0.013271987438201904,1000.0,5.0
6.112499999999973,0.5999999999999999,0.5999831557273865,0.0033690244890749454,-8.481879945065884e-07,-8.481879945065884e-07,0.0007258365512825549,-0.006992926821112633,-0.013271987438201904,-0.013271987438201904,1000.0,5.0
6.11666666666664,0.5999999999999999,0.5999831557273865,0.0033690226264297962,-8.497120802530844e-07,-8.497120802530844e-07,0.0007258365512825549,-0.006992925424128771,-0.013271957635879517,-0.013271957635879517,1000.0,5.0
6.120833333333306,0.5999999999999999,0.5999831557273865,0.0033690249547362328,-8.411893759330269e-07,-8.411893759330269e-07,0.0007258365512825549,-0.0069929263554513454,-0.013272017240524292,-0.013272017240524292,1000.0,5.0
6.1249999999999725,0.5999999999999999,0.5999831557273865,0.003369024023413658,-8.513599709658592e-07,-8.513599709658592e-07,0.0007258365512825549,-0.0069929263554513454,-0.013271957635879517,-0.013271957635879517,1000.0,5.0
6.129166666666639,0.5999999999999999,0.5999831557273865,0.003369024023413658,-8.477849746668653e-07,-8.477849746668653e-07,0.0007258365512825549,-0.006992926821112633,-0.013271957635879517,-0.013271957635879517,1000.0,5.0
6.133333333333305,0.5999999999999999,0.5999831557273865,0.003369023324921727,-8.475241770611319e-07,-8.475241770611319e-07,0.0007258365512825549,-0.006992925889790058,-0.013271957635879517,-0.013271957635879517,1000.0,5.0
6.137499999999972,0.5999999999999999,0.5999831557273865,0.003369024023413658,-8.442675039077585e-07,-8.442675039077585e-07,0.0007258365512825549,-0.00699292728677392,-0.013271987438201904,-0.013271987438201904,1000.0,5.0
6.141666666666638,0.5999999999999999,0.5999831557273865,0.00336902285926044,-8.472675858683942e-07,-8.472675858683942e-07,0.0007258365512825549,-0.006992925889790058,-0.013271927833557129,-0.013271927833557129,1000.0,5.0
6.145833333333305,0.5999999999999999,0.5999831557273865,0.003369024256244302,-8.420902872785518e-07,-8.420902872785518e-07,0.0007258365512825549,-0.006992925889790058,-0.013271987438201904,-0.013271987438201904,1000.0,5.0
6.149999999999971,0.5999999999999999,0.5999831557273865,0.0033690244890749454,-8.481879945065884e-07,-8.481879945065884e-07,0.0007258365512825549,-0.006992926821112633,-0.013271987438201904,-0.013271987438201904,1000.0,5.0
6.1541666666666375,0.5999999999999999,0.5999831557273865,0.0033690226264297962,-8.497120802530844e-07,-8.497120802530844e-07,0.0007258365512825549,-0.006992925424128771,-0.013271957635879517,-0.013271957635879517,1000.0,5.0
6.158333333333304,0.5999999999999999,0.5999831557273865,0.0033690249547362328,-8.411893759330269e-07,-8.411893759330269e-07,0.0007258365512825549,-0.0069929263554513454,-0.013272017240524292,-0.013272017240524292,1000.0,5.0
6.16249999999997,0.5999999999999999,0.5999831557273865,0.003369024023413658,-8.513599709658592e-07,-8.513599709658592e-07,0.0007258365512825549,-0.0069929263554513454,-0.013271957635879517,-0.013271957635879517,1000.0,5.0
6.166666666666637,0.5999999999999999,0.5999831557273865,0.003369024023413658,-8.477849746668653e-07,-8.477849746668653e-07,0.0007258365512825549,-0.006992926821112633,-0.013271957635879517,-0.013271957635879517,1000.0,5.0
6.170833333333303,0.5999999999999999,0.5999831557273865,0.003369023324921727,-8.475241770611319e-07,-8.475241770611319e-07,0.0007258365512825549,-0.006992925889790058,-0.013271957635879517,-0.013271957635879517,1000.0,5.0
6.17499999999997,0.5999999999999999,0.5999831557273865,0.003369024023413658,-8.442675039077585e-07,-8.442675039077585e-07,0.0007258365512825549,-0.00699292728677392,-0.013271987438201904,-0.013271987438201904,1000.0,5.0
6.179166666666636,0.5999999999999999,0.5999831557273865,0.00336902285926044,-8.472675858683942e-07,-8.472675858683942e-07,0.0007258365512825549,-0.006992925889790058,-0.013271927833557129,-0.013271927833557129,1000.0,5.0
6.1833333333333025,0.5999999999999999,0.5999831557273865,0.003369024256244302,-8.420902872785518e-07,-8.420902872785518e-07,0.0007258365512825549,-0.006992925889790058,-0.013271987438201904,-0.013271987438201904,1000.0,5.0
6.187499999999969,0.5999999999999999,0.5999831557273865,0.0033690244890749454,-8.481879945065884e-07,-8.481879945065884e-07,0.0007258365512825549,-0.006992926821112633,-0.013271987438201904,-0.013271987438201904,1000.0,5.0
6.191666666666635,0.5999999999999999,0.5999831557273865,0.0033690226264297962,-8.497120802530844e-07,-8.497120802530844e-07,0.0007258365512825549,-0.006992925424128771,-0.013271957635879517,-0.013271957635879517,1000.0,5.0
6.195833333333302,0.5999999999999999,0.5999831557273865,0.0033690249547362328,-8.411893759330269e-07,-8.411893759330269e-07,0.0007258365512825549,-0.0069929263554513454,-0.013272017240524292,-0.013272017240524292,1000.0,5.0
6.199999999999968,0.5999999999999999,0.5999831557273865,0.003369024023413658,-8.513599709658592e-07,-8.513599709658592e-07,0.0007258365512825549,-0.0069929263554513454,-0.013271957635879517,-0.013271957635879517,1000.0,5.0
6.204166666666635,0.5999999999999999,0.5999831557273865,0.003369024023413658,-8.477849746668653e-07,-8.477849746668653e-07,0.0007258365512825549,-0.006992926821112633,-0.013271957635879517,-0.013271957635879517,1000.0,5.0
6.208333333333301,0.5999999999999999,0.5999831557273865,0.003369023324921727,-8.475241770611319e-07,-8.475241770611319e-07,0.0007258365512825549,-0.006992925889790058,-0.013271957635879517,-0.013271957635879517,1000.0,5.0
6.2124999999999675,0.5999999999999999,0.5999831557273865,0.003369024023413658,-8.442675039077585e-07,-8.442675039077585e-07,0.0007258365512825549,-0.00699292728677392,-0.013271987438201904,-0.013271987438201904,1000.0,5.0
6.216666666666634,0.5999999999999999,0.5999831557273865,0.00336902285926044,-8.472675858683942e-07,-8.472675858683942e-07,0.0007258365512825549,-0.006992925889790058,-0.013271927833557129,-0.013271927833557129,1000.0,5.0
6.2208333333333,0.5999999999999999,0.5999831557273865,0.003369024256244302,-8.420902872785518e-07,-8.420902872785518e-07,0.0007258365512825549,-0.006992925889790058,-0.013271987438201904,-0.013271987438201904,1000.0,5.0
6.224999999999967,0.5999999999999999,0.5999831557273865,0.0033690244890749454,-8.481879945065884e-07,-8.481879945065884e-07,0.0007258365512825549,-0.006992926821112633,-0.013271987438201904,-0.013271987438201904,1000.0,5.0
6.229166666666633,0.5999999999999999,0.5999831557273865,0.0033690226264297962,-8.497120802530844e-07,-8.497120802530844e-07,0.0007258365512825549,-0.006992925424128771,-0.013271957635879517,-0.013271957635879517,1000.0,5.0
6.2333333333333,0.5999999999999999,0.5999831557273865,0.0033690249547362328,-8.411893759330269e-07,-8.411893759330269e-07,0.0007258365512825549,-0.0069929263554513454,-0.013272017240524292,-0.013272017240524292,1000.0,5.0
6.237499999999966,0.5999999999999999,0.5999831557273865,0.003369024023413658,-8.513599709658592e-07,-8.513599709658592e-07,0.0007258365512825549,-0.0069929263554513454,-0.013271957635879517,-0.013271957635879517,1000.0,5.0
6.2416666666666325,0.5999999999999999,0.5999831557273865,0.003369024023413658,-8.477849746668653e-07,-8.477849746668653e-07,0.0007258365512825549,-0.006992926821112633,-0.013271957635879517,-0.013271957635879517,1000.0,5.0
6.245833333333299,0.5999999999999999,0.5999831557273865,0.003369023324921727,-8.475241770611319e-07,-8.475241770611319e-07,0.0007258365512825549,-0.006992925889790058,-0.013271957635879517,-0.013271957635879517,1000.0,5.0
6.249999999999965,0.5999999999999999,0.5999831557273865,0.003369024023413658,-8.442675039077585e-07,-8.442675039077585e-07,0.0007258365512825549,-0.00699292728677392,-0.013271987438201904,-0.013271987438201904,1000.0,5.0
6.254166666666632,0.5999999999999999,0.5999831557273865,0.00336902285926044,-8.472675858683942e-07,-8.472675858683942e-07,0.0007258365512825549,-0.006992925889790058,-0.013271927833557129,-0.013271927833557129,1000.0,5.0
6.258333333333298,0.5999999999999999,0.5999831557273865,0.003369024256244302,-8.420902872785518e-07,-8.420902872785518e-07,0.0007258365512825549,-0.006992925889790058,-0.013271987438201904,-0.013271987438201904,1000.0,5.0
6.262499999999965,0.5999999999999999,0.5999831557273865,0.0033690244890749454,-8.481879945065884e-07,-8.481879945065884e-07,0.0007258365512825549,-0.006992926821112633,-0.013271987438201904,-0.013271987438201904,1000.0,5.0
6.266666666666631,0.5999999999999999,0.5999831557273865,0.0033690226264297962,-8.497120802530844e-07,-8.497120802530844e-07,0.0007258365512825549,-0.006992925424128771,-0.013271957635879517,-0.013271957635879517,1000.0,5.0
6.2708333333332975,0.5999999999999999,0.5999831557273865,0.0033690249547362328,-8.411893759330269e-07,-8.411893759330269e-07,0.0007258365512825549,-0.0069929263554513454,-0.013272017240524292,-0.013272017240524292,1000.0,5.0
6.274999999999964,0.5999999999999999,0.5999831557273865,0.003369024023413658,-8.513599709658592e-07,-8.513599709658592e-07,0.0007258365512825549,-0.0069929263554513454,-0.013271957635879517,-0.013271957635879517,1000.0,5.0
6.27916666666663,0.5999999999999999,0.5999831557273865,0.003369024023413658,-8.477849746668653e-07,-8.477849746668653e-07,0.0007258365512825549,-0.006992926821112633,-0.013271957635879517,-0.013271957635879517,1000.0,5.0
6.283333333333297,0.5999999999999999,0.5999831557273865,0.003369023324921727,-8.475241770611319e-07,-8.475241770611319e-07,0.0007258365512825549,-0.006992925889790058,-0.013271957635879517,-0.013271957635879517,1000.0,5.0
6.287499999999963,0.5999999999999999,0.5999831557273865,0.003369024023413658,-8.442675039077585e-07,-8.442675039077585e-07,0.0007258365512825549,-0.00699292728677392,-0.013271987438201904,-0.013271987438201904,1000.0,5.0
6.29166666666663,0.5999999999999999,0.5999831557273865,0.00336902285926044,-8.472675858683942e-07,-8.472675858683942e-07,0.0007258365512825549,-0.006992925889790058,-0.013271927833557129,-0.013271927833557129,1000.0,5.0
6.295833333333296,0.5999999999999999,0.5999831557273865,0.003369024256244302,-8.420902872785518e-07,-8.420902872785518e-07,0.0007258365512825549,-0.006992925889790058,-0.013271987438201904,-0.013271987438201904,1000.0,5.0
6.2999999999999625,0.5999999999999999,0.5999831557273865,0.0033690244890749454,-8.481879945065884e-07,-8.481879945065884e-07,0.0007258365512825549,-0.006992926821112633,-0.013271987438201904,-0.013271987438201904,1000.0,5.0
6.304166666666629,0.5999999999999999,0.5999831557273865,0.0033690226264297962,-8.497120802530844e-07,-8.497120802530844e-07,0.0007258365512825549,-0.006992925424128771,-0.013271957635879517,-0.013271957635879517,1000.0,5.0
6.308333333333295,0.5999999999999999,0.5999831557273865,0.0033690249547362328,-8.411893759330269e-07,-8.411893759330269e-07,0.0007258365512825549,-0.0069929263554513454,-0.013272017240524292,-0.013272017240524292,1000.0,5.0
6.312499999999962,0.5999999999999999,0.5999831557273865,0.003369024023413658,-8.513599709658592e-07,-8.513599709658592e-07,0.0007258365512825549,-0.0069929263554513454,-0.013271957635879517,-0.013271957635879517,1000.0,5.0
6.316666666666628,0.5999999999999999,0.5999831557273865,0.003369024023413658,-8.477849746668653e-07,-8.477849746668653e-07,0.0007258365512825549,-0.006992926821112633,-0.013271957635879517,-0.013271957635879517,1000.0,5.0
6.320833333333295,0.5999999999999999,0.5999831557273865,0.003369023324921727,-8.475241770611319e-07,-8.475241770611319e-07,0.0007258365512825549,-0.006992925889790058,-0.013271957635879517,-0.013271957635879517,1000.0,5.0
6.324999999999961,0.5999999999999999,0.5999831557273865,0.003369024023413658,-8.442675039077585e-07,-8.442675039077585e-07,0.0007258365512825549,-0.00699292728677392,-0.013271987438201904,-0.013271987438201904,1000.0,5.0
6.3291666666666275,0.5999999999999999,0.5999831557273865,0.00336902285926044,-8.472675858683942e-07,-8.472675858683942e-07,0.0007258365512825549,-0.006992925889790058,-0.013271927833557129,-0.013271927833557129,1000.0,5.0
6.333333333333294,0.5999999999999999,0.5999831557273865,0.003369024256244302,-8.420902872785518e-07,-8.420902872785518e-07,0.0007258365512825549,-0.006992925889790058,-0.013271987438201904,-0.013271987438201904,1000.0,5.0
6.33749999999996,0.5999999999999999,0.5999831557273865,0.0033690244890749454,-8.481879945065884e-07,-8.481879945065884e-07,0.0007258365512825549,-0.006992926821112633,-0.013271987438201904,-0.013271987438201904,1000.0,5.0
6.341666666666627,0.5999999999999999,0.5999831557273865,0.0033690226264297962,-8.497120802530844e-07,-8.497120802530844e-07,0.0007258365512825549,-0.006992925424128771,-0.013271957635879517,-0.013271957635879517,1000.0,5.0
6.345833333333293,0.5999999999999999,0.5999831557273865,0.0033690249547362328,-8.411893759330269e-07,-8.411893759330269e-07,0.0007258365512825549,-0.0069929263554513454,-0.013272017240524292,-0.013272017240524292,1000.0,5.0
6.34999999999996,0.5999999999999999,0.5999831557273865,0.003369024023413658,-8.513599709658592e-07,-8.513599709658592e-07,0.0007258365512825549,-0.0069929263554513454,-0.013271957635879517,-0.013271957635879517,1000.0,5.0
6.354166666666626,0.5999999999999999,0.5999831557273865,0.003369024023413658,-8.477849746668653e-07,-8.477849746668653e-07,0.0007258365512825549,-0.006992926821112633,-0.013271957635879517,-0.013271957635879517,1000.0,5.0
6.3583333333332925,0.5999999999999999,0.5999831557273865,0.003369023324921727,-8.475241770611319e-07,-8.475241770611319e-07,0.0007258365512825549,-0.006992925889790058,-0.013271957635879517,-0.013271957635879517,1000.0,5.0
6.362499999999959,0.5999999999999999,0.5999831557273865,0.003369024023413658,-8.442675039077585e-07,-8.442675039077585e-07,0.0007258365512825549,-0.00699292728677392,-0.013271987438201904,-0.013271987438201904,1000.0,5.0
6.366666666666625,0.5999999999999999,0.5999831557273865,0.00336902285926044,-8.472675858683942e-07,-8.472675858683942e-07,0.0007258365512825549,-0.006992925889790058,-0.013271927833557129,-0.013271927833557129,1000.0,5.0
6.370833333333292,0.5999999999999999,0.5999831557273865,0.003369024256244302,-8.420902872785518e-07,-8.420902872785518e-07,0.0007258365512825549,-0.006992925889790058,-0.013271987438201904,-0.013271987438201904,1000.0,5.0
6.374999999999958,0.5999999999999999,0.5999831557273865,0.0033690244890749454,-8.481879945065884e-07,-8.481879945065884e-07,0.0007258365512825549,-0.006992926821112633,-0.013271987438201904,-0.013271987438201904,1000.0,5.0
6.379166666666625,0.5999999999999999,0.5999831557273865,0.0033690226264297962,-8.497120802530844e-07,-8.497120802530844e-07,0.0007258365512825549,-0.006992925424128771,-0.013271957635879517,-0.013271957635879517,1000.0,5.0
6.383333333333291,0.5999999999999999,0.5999831557273865,0.0033690249547362328,-8.411893759330269e-07,-8.411893759330269e-07,0.0007258365512825549,-0.0069929263554513454,-0.013272017240524292,-0.013272017240524292,1000.0,5.0
6.3874999999999575,0.5999999999999999,0.5999831557273865,0.003369024023413658,-8.513599709658592e-07,-8.513599709658592e-07,0.0007258365512825549,-0.0069929263554513454,-0.013271957635879517,-0.013271957635879517,1000.0,5.0
6.391666666666624,0.5999999999999999,0.5999831557273865,0.003369024023413658,-8.477849746668653e-07,-8.477849746668653e-07,0.0007258365512825549,-0.006992926821112633,-0.013271957635879517,-0.013271957635879517,1000.0,5.0
6.39583333333329,0.5999999999999999,0.5999831557273865,0.003369023324921727,-8.475241770611319e-07,-8.475241770611319e-07,0.0007258365512825549,-0.006992925889790058,-0.013271957635879517,-0.013271957635879517,1000.0,5.0
6.399999999999957,0.5999999999999999,0.5999831557273865,0.003369024023413658,-8.442675039077585e-07,-8.442675039077585e-07,0.0007258365512825549,-0.00699292728677392,-0.013271987438201904,-0.013271987438201904,1000.0,5.0
6.404166666666623,0.5999999999999999,0.5999831557273865,0.00336902285926044,-8.472675858683942e-07,-8.472675858683942e-07,0.0007258365512825549,-0.006992925889790058,-0.013271927833557129,-0.013271927833557129,1000.0,5.0
6.40833333333329,0.5999999999999999,0.5999831557273865,0.003369024256244302,-8.420902872785518e-07,-8.420902872785518e-07,0.0007258365512825549,-0.006992925889790058,-0.013271987438201904,-0.013271987438201904,1000.0,5.0
6.412499999999956,0.5999999999999999,0.5999831557273865,0.0033690244890749454,-8.481879945065884e-07,-8.481879945065884e-07,0.0007258365512825549,-0.006992926821112633,-0.013271987438201904,-0.013271987438201904,1000.0,5.0
6.4166666666666226,0.5999999999999999,0.5999831557273865,0.0033690226264297962,-8.497120802530844e-07,-8.497120802530844e-07,0.0007258365512825549,-0.006992925424128771,-0.013271957635879517,-0.013271957635879517,1000.0,5.0
6.420833333333289,0.5999999999999999,0.5999831557273865,0.0033690249547362328,-8.411893759330269e-07,-8.411893759330269e-07,0.0007258365512825549,-0.0069929263554513454,-0.013272017240524292,-0.013272017240524292,1000.0,5.0
6.424999999999955,0.5999999999999999,0.5999831557273865,0.003369024023413658,-8.513599709658592e-07,-8.513599709658592e-07,0.0007258365512825549,-0.0069929263554513454,-0.013271957635879517,-0.013271957635879517,1000.0,5.0
6.429166666666622,0.5999999999999999,0.5999831557273865,0.003369024023413658,-8.477849746668653e-07,-8.477849746668653e-07,0.0007258365512825549,-0.006992926821112633,-0.013271957635879517,-0.013271957635879517,1000.0,5.0
6.433333333333288,0.5999999999999999,0.5999831557273865,0.003369023324921727,-8.475241770611319e-07,-8.475241770611319e-07,0.0007258365512825549,-0.006992925889790058,-0.013271957635879517,-0.013271957635879517,1000.0,5.0
6.437499999999955,0.5999999999999999,0.5999831557273865,0.003369024023413658,-8.442675039077585e-07,-8.442675039077585e-07,0.0007258365512825549,-0.00699292728677392,-0.013271987438201904,-0.013271987438201904,1000.0,5.0
6.441666666666621,0.5999999999999999,0.5999831557273865,0.00336902285926044,-8.472675858683942e-07,-8.472675858683942e-07,0.0007258365512825549,-0.006992925889790058,-0.013271927833557129,-0.013271927833557129,1000.0,5.0
6.445833333333288,0.5999999999999999,0.5999831557273865,0.003369024256244302,-8.420902872785518e-07,-8.420902872785518e-07,0.0007258365512825549,-0.006992925889790058,-0.013271987438201904,-0.013271987438201904,1000.0,5.0
6.449999999999954,0.5999999999999999,0.5999831557273865,0.0033690244890749454,-8.481879945065884e-07,-8.481879945065884e-07,0.0007258365512825549,-0.006992926821112633,-0.013271987438201904,-0.013271987438201904,1000.0,5.0
6.45416666666662,0.5999999999999999,0.5999831557273865,0.0033690226264297962,-8.497120802530844e-07,-8.497120802530844e-07,0.0007258365512825549,-0.006992925424128771,-0.013271957635879517,-0.013271957635879517,1000.0,5.0
6.458333333333287,0.5999999999999999,0.5999831557273865,0.0033690249547362328,-8.411893759330269e-07,-8.411893759330269e-07,0.0007258365512825549,-0.0069929263554513454,-0.013272017240524292,-0.013272017240524292,1000.0,5.0
6.462499999999953,0.5999999999999999,0.5999831557273865,0.003369024023413658,-8.513599709658592e-07,-8.513599709658592e-07,0.0007258365512825549,-0.0069929263554513454,-0.013271957635879517,-0.013271957635879517,1000.0,5.0
6.46666666666662,0.5999999999999999,0.5999831557273865,0.003369024023413658,-8.477849746668653e-07,-8.477849746668653e-07,0.0007258365512825549,-0.006992926821112633,-0.013271957635879517,-0.013271957635879517,1000.0,5.0
6.470833333333286,0.5999999999999999,0.5999831557273865,0.003369023324921727,-8.475241770611319e-07,-8.475241770611319e-07,0.0007258365512825549,-0.006992925889790058,-0.013271957635879517,-0.013271957635879517,1000.0,5.0
6.474999999999953,0.5999999999999999,0.5999831557273865,0.003369024023413658,-8.442675039077585e-07,-8.442675039077585e-07,0.0007258365512825549,-0.00699292728677392,-0.013271987438201904,-0.013271987438201904,1000.0,5.0
6.479166666666619,0.5999999999999999,0.5999831557273865,0.00336902285926044,-8.472675858683942e-07,-8.472675858683942e-07,0.0007258365512825549,-0.006992925889790058,-0.013271927833557129,-0.013271927833557129,1000.0,5.0
6.483333333333285,0.5999999999999999,0.5999831557273865,0.003369024256244302,-8.420902872785518e-07,-8.420902872785518e-07,0.0007258365512825549,-0.006992925889790058,-0.013271987438201904,-0.013271987438201904,1000.0,5.0
6.487499999999952,0.5999999999999999,0.5999831557273865,0.0033690244890749454,-8.481879945065884e-07,-8.481879945065884e-07,0.0007258365512825549,-0.006992926821112633,-0.013271987438201904,-0.013271987438201904,1000.0,5.0
6.491666666666618,0.5999999999999999,0.5999831557273865,0.0033690226264297962,-8.497120802530844e-07,-8.497120802530844e-07,0.0007258365512825549,-0.006992925424128771,-0.013271957635879517,-0.013271957635879517,1000.0,5.0
6.495833333333285,0.5999999999999999,0.5999831557273865,0.0033690249547362328,-8.411893759330269e-07,-8.411893759330269e-07,0.0007258365512825549,-0.0069929263554513454,-0.013272017240524292,-0.013272017240524292,1000.0,5.0
6.499999999999951,0.5999999999999999,0.5999831557273865,0.003369024023413658,-8.513599709658592e-07,-8.513599709658592e-07,0.0007258365512825549,-0.0069929263554513454,-0.013271957635879517,-0.013271957635879517,1000.0,5.0
6.504166666666618,0.5999999999999999,0.5999831557273865,0.003369024023413658,-8.477849746668653e-07,-8.477849746668653e-07,0.0007258365512825549,-0.006992926821112633,-0.013271957635879517,-0.013271957635879517,1000.0,5.0
6.508333333333284,0.5999999999999999,0.5999831557273865,0.003369023324921727,-8.475241770611319e-07,-8.475241770611319e-07,0.0007258365512825549,-0.006992925889790058,-0.013271957635879517,-0.013271957635879517,1000.0,5.0
6.51249999999995,0.5999999999999999,0.5999831557273865,0.003369024023413658,-8.442675039077585e-07,-8.442675039077585e-07,0.0007258365512825549,-0.00699292728677392,-0.013271987438201904,-0.013271987438201904,1000.0,5.0
6.516666666666617,0.5999999999999999,0.5999831557273865,0.00336902285926044,-8.472675858683942e-07,-8.472675858683942e-07,0.0007258365512825549,-0.006992925889790058,-0.013271927833557129,-0.013271927833557129,1000.0,5.0
6.520833333333283,0.5999999999999999,0.5999831557273865,0.003369024256244302,-8.420902872785518e-07,-8.420902872785518e-07,0.0007258365512825549,-0.006992925889790058,-0.013271987438201904,-0.013271987438201904,1000.0,5.0
6.52499999999995,0.5999999999999999,0.5999831557273865,0.0033690244890749454,-8.481879945065884e-07,-8.481879945065884e-07,0.0007258365512825549,-0.006992926821112633,-0.013271987438201904,-0.013271987438201904,1000.0,5.0
6.529166666666616,0.5999999999999999,0.5999831557273865,0.0033690226264297962,-8.497120802530844e-07,-8.497120802530844e-07,0.0007258365512825549,-0.006992925424128771,-0.013271957635879517,-0.013271957635879517,1000.0,5.0
6.533333333333283,0.5999999999999999,0.5999831557273865,0.0033690249547362328,-8.411893759330269e-07,-8.411893759330269e-07,0.0007258365512825549,-0.0069929263554513454,-0.013272017240524292,-0.013272017240524292,1000.0,5.0
6.537499999999949,0.5999999999999999,0.5999831557273865,0.003369024023413658,-8.513599709658592e-07,-8.513599709658592e-07,0.0007258365512825549,-0.0069929263554513454,-0.013271957635879517,-0.013271957635879517,1000.0,5.0
6.5416666666666154,0.5999999999999999,0.5999831557273865,0.003369024023413658,-8.477849746668653e-07,-8.477849746668653e-07,0.0007258365512825549,-0.006992926821112633,-0.013271957635879517,-0.013271957635879517,1000.0,5.0
6.545833333333282,0.5999999999999999,0.5999831557273865,0.003369023324921727,-8.475241770611319e-07,-8.475241770611319e-07,0.0007258365512825549,-0.006992925889790058,-0.013271957635879517,-0.013271957635879517,1000.0,5.0
6.549999999999948,0.5999999999999999,0.5999831557273865,0.003369024023413658,-8.442675039077585e-07,-8.442675039077585e-07,0.0007258365512825549,-0.00699292728677392,-0.013271987438201904,-0.013271987438201904,1000.0,5.0
6.554166666666615,0.5999999999999999,0.5999831557273865,0.00336902285926044,-8.472675858683942e-07,-8.472675858683942e-07,0.0007258365512825549,-0.006992925889790058,-0.013271927833557129,-0.013271927833557129,1000.0,5.0
6.558333333333281,0.5999999999999999,0.5999831557273865,0.003369024256244302,-8.420902872785518e-07,-8.420902872785518e-07,0.0007258365512825549,-0.006992925889790058,-0.013271987438201904,-0.013271987438201904,1000.0,5.0
6.562499999999948,0.5999999999999999,0.5999831557273865,0.0033690244890749454,-8.481879945065884e-07,-8.481879945065884e-07,0.0007258365512825549,-0.006992926821112633,-0.013271987438201904,-0.013271987438201904,1000.0,5.0
6.566666666666614,0.5999999999999999,0.5999831557273865,0.0033690226264297962,-8.497120802530844e-07,-8.497120802530844e-07,0.0007258365512825549,-0.006992925424128771,-0.013271957635879517,-0.013271957635879517,1000.0,5.0
6.5708333333332805,0.5999999999999999,0.5999831557273865,0.0033690249547362328,-8.411893759330269e-07,-8.411893759330269e-07,0.0007258365512825549,-0.0069929263554513454,-0.013272017240524292,-0.013272017240524292,1000.0,5.0
6.574999999999947,0.5999999999999999,0.5999831557273865,0.003369024023413658,-8.513599709658592e-07,-8.513599709658592e-07,0.0007258365512825549,-0.0069929263554513454,-0.013271957635879517,-0.013271957635879517,1000.0,5.0
6.579166666666613,0.5999999999999999,0.5999831557273865,0.003369024023413658,-8.477849746668653e-07,-8.477849746668653e-07,0.0007258365512825549,-0.006992926821112633,-0.013271957635879517,-0.013271957635879517,1000.0,5.0
6.58333333333328,0.5999999999999999,0.5999831557273865,0.003369023324921727,-8.475241770611319e-07,-8.475241770611319e-07,0.0007258365512825549,-0.006992925889790058,-0.013271957635879517,-0.013271957635879517,1000.0,5.0
6.587499999999946,0.5999999999999999,0.5999831557273865,0.003369024023413658,-8.442675039077585e-07,-8.442675039077585e-07,0.0007258365512825549,-0.00699292728677392,-0.013271987438201904,-0.013271987438201904,1000.0,5.0
6.591666666666613,0.5999999999999999,0.5999831557273865,0.00336902285926044,-8.472675858683942e-07,-8.472675858683942e-07,0.0007258365512825549,-0.006992925889790058,-0.013271927833557129,-0.013271927833557129,1000.0,5.0
6.595833333333279,0.5999999999999999,0.5999831557273865,0.003369024256244302,-8.420902872785518e-07,-8.420902872785518e-07,0.0007258365512825549,-0.006992925889790058,-0.013271987438201904,-0.013271987438201904,1000.0,5.0
6.5999999999999455,0.5999999999999999,0.5999831557273865,0.0033690244890749454,-8.481879945065884e-07,-8.481879945065884e-07,0.0007258365512825549,-0.006992926821112633,-0.013271987438201904,-0.013271987438201904,1000.0,5.0
6.604166666666612,0.5999999999999999,0.5999831557273865,0.0033690226264297962,-8.497120802530844e-07,-8.497120802530844e-07,0.0007258365512825549,-0.006992925424128771,-0.013271957635879517,-0.013271957635879517,1000.0,5.0
6.608333333333278,0.5999999999999999,0.5999831557273865,0.0033690249547362328,-8.411893759330269e-07,-8.411893759330269e-07,0.0007258365512825549,-0.0069929263554513454,-0.013272017240524292,-0.013272017240524292,1000.0,5.0
6.612499999999945,0.5999999999999999,0.5999831557273865,0.003369024023413658,-8.513599709658592e-07,-8.513599709658592e-07,0.0007258365512825549,-0.0069929263554513454,-0.013271957635879517,-0.013271957635879517,1000.0,5.0
6.616666666666611,0.5999999999999999,0.5999831557273865,0.003369024023413658,-8.477849746668653e-07,-8.477849746668653e-07,0.0007258365512825549,-0.006992926821112633,-0.013271957635879517,-0.013271957635879517,1000.0,5.0
6.620833333333278,0.5999999999999999,0.5999831557273865,0.003369023324921727,-8.475241770611319e-07,-8.475241770611319e-07,0.0007258365512825549,-0.006992925889790058,-0.013271957635879517,-0.013271957635879517,1000.0,5.0
6.624999999999944,0.5999999999999999,0.5999831557273865,0.003369024023413658,-8.442675039077585e-07,-8.442675039077585e-07,0.0007258365512825549,-0.00699292728677392,-0.013271987438201904,-0.013271987438201904,1000.0,5.0
6.6291666666666105,0.5999999999999999,0.5999831557273865,0.00336902285926044,-8.472675858683942e-07,-8.472675858683942e-07,0.0007258365512825549,-0.006992925889790058,-0.013271927833557129,-0.013271927833557129,1000.0,5.0
6.633333333333277,0.5999999999999999,0.5999831557273865,0.003369024256244302,-8.420902872785518e-07,-8.420902872785518e-07,0.0007258365512825549,-0.006992925889790058,-0.013271987438201904,-0.013271987438201904,1000.0,5.0
6.637499999999943,0.5999999999999999,0.5999831557273865,0.0033690244890749454,-8.481879945065884e-07,-8.481879945065884e-07,0.0007258365512825549,-0.006992926821112633,-0.013271987438201904,-0.013271987438201904,1000.0,5.0
6.64166666666661,0.5999999999999999,0.5999831557273865,0.0033690226264297962,-8.497120802530844e-07,-8.497120802530844e-07,0.0007258365512825549,-0.006992925424128771,-0.013271957635879517,-0.013271957635879517,1000.0,5.0
6.645833333333276,0.5999999999999999,0.5999831557273865,0.0033690249547362328,-8.411893759330269e-07,-8.411893759330269e-07,0.0007258365512825549,-0.0069929263554513454,-0.013272017240524292,-0.013272017240524292,1000.0,5.0
6.649999999999943,0.5999999999999999,0.5999831557273865,0.003369024023413658,-8.513599709658592e-07,-8.513599709658592e-07,0.0007258365512825549,-0.0069929263554513454,-0.013271957635879517,-0.013271957635879517,1000.0,5.0
6.654166666666609,0.5999999999999999,0.5999831557273865,0.003369024023413658,-8.477849746668653e-07,-8.477849746668653e-07,0.0007258365512825549,-0.006992926821112633,-0.013271957635879517,-0.013271957635879517,1000.0,5.0
6.6583333333332755,0.5999999999999999,0.5999831557273865,0.003369023324921727,-8.475241770611319e-07,-8.475241770611319e-07,0.0007258365512825549,-0.006992925889790058,-0.013271957635879517,-0.013271957635879517,1000.0,5.0
6.662499999999942,0.5999999999999999,0.5999831557273865,0.003369024023413658,-8.442675039077585e-07,-8.442675039077585e-07,0.0007258365512825549,-0.00699292728677392,-0.013271987438201904,-0.013271987438201904,1000.0,5.0
6.666666666666608,0.5999999999999999,0.5999831557273865,0.00336902285926044,-8.472675858683942e-07,-8.472675858683942e-07,0.0007258365512825549,-0.006992925889790058,-0.013271927833557129,-0.013271927833557129,1000.0,5.0
6.670833333333275,0.5999999999999999,0.5999831557273865,0.003369024256244302,-8.420902872785518e-07,-8.420902872785518e-07,0.0007258365512825549,-0.006992925889790058,-0.013271987438201904,-0.013271987438201904,1000.0,5.0
6.674999999999941,0.5999999999999999,0.5999831557273865,0.0033690244890749454,-8.481879945065884e-07,-8.481879945065884e-07,0.0007258365512825549,-0.006992926821112633,-0.013271987438201904,-0.013271987438201904,1000.0,5.0
6.679166666666608,0.5999999999999999,0.5999831557273865,0.0033690226264297962,-8.497120802530844e-07,-8.497120802530844e-07,0.0007258365512825549,-0.006992925424128771,-0.013271957635879517,-0.013271957635879517,1000.0,5.0
6.683333333333274,0.5999999999999999,0.5999831557273865,0.0033690249547362328,-8.411893759330269e-07,-8.411893759330269e-07,0.0007258365512825549,-0.0069929263554513454,-0.013272017240524292,-0.013272017240524292,1000.0,5.0
6.6874999999999405,0.5999999999999999,0.5999831557273865,0.003369024023413658,-8.513599709658592e-07,-8.513599709658592e-07,0.0007258365512825549,-0.0069929263554513454,-0.013271957635879517,-0.013271957635879517,1000.0,5.0
6.691666666666607,0.5999999999999999,0.5999831557273865,0.003369024023413658,-8.477849746668653e-07,-8.477849746668653e-07,0.0007258365512825549,-0.006992926821112633,-0.013271957635879517,-0.013271957635879517,1000.0,5.0
6.695833333333273,0.5999999999999999,0.5999831557273865,0.003369023324921727,-8.475241770611319e-07,-8.475241770611319e-07,0.0007258365512825549,-0.006992925889790058,-0.013271957635879517,-0.013271957635879517,1000.0,5.0
6.69999999999994,0.5999999999999999,0.5999831557273865,0.003369024023413658,-8.442675039077585e-07,-8.442675039077585e-07,0.0007258365512825549,-0.00699292728677392,-0.013271987438201904,-0.013271987438201904,1000.0,5.0
6.704166666666606,0.5999999999999999,0.5999831557273865,0.00336902285926044,-8.472675858683942e-07,-8.472675858683942e-07,0.0007258365512825549,-0.006992925889790058,-0.013271927833557129,-0.013271927833557129,1000.0,5.0
6.708333333333273,0.5999999999999999,0.5999831557273865,0.003369024256244302,-8.420902872785518e-07,-8.420902872785518e-07,0.0007258365512825549,-0.006992925889790058,-0.013271987438201904,-0.013271987438201904,1000.0,5.0
6.712499999999939,0.5999999999999999,0.5999831557273865,0.0033690244890749454,-8.481879945065884e-07,-8.481879945065884e-07,0.0007258365512825549,-0.006992926821112633,-0.013271987438201904,-0.013271987438201904,1000.0,5.0
6.7166666666666055,0.5999999999999999,0.5999831557273865,0.0033690226264297962,-8.497120802530844e-07,-8.497120802530844e-07,0.0007258365512825549,-0.006992925424128771,-0.013271957635879517,-0.013271957635879517,1000.0,5.0
6.720833333333272,0.5999999999999999,0.5999831557273865,0.0033690249547362328,-8.411893759330269e-07,-8.411893759330269e-07,0.0007258365512825549,-0.0069929263554513454,-0.013272017240524292,-0.013272017240524292,1000.0,5.0
6.724999999999938,0.5999999999999999,0.5999831557273865,0.003369024023413658,-8.513599709658592e-07,-8.513599709658592e-07,0.0007258365512825549,-0.0069929263554513454,-0.013271957635879517,-0.013271957635879517,1000.0,5.0
6.729166666666605,0.5999999999999999,0.5999831557273865,0.003369024023413658,-8.477849746668653e-07,-8.477849746668653e-07,0.0007258365512825549,-0.006992926821112633,-0.013271957635879517,-0.013271957635879517,1000.0,5.0
6.733333333333271,0.5999999999999999,0.5999831557273865,0.003369023324921727,-8.475241770611319e-07,-8.475241770611319e-07,0.0007258365512825549,-0.006992925889790058,-0.013271957635879517,-0.013271957635879517,1000.0,5.0
6.737499999999938,0.5999999999999999,0.5999831557273865,0.003369024023413658,-8.442675039077585e-07,-8.442675039077585e-07,0.0007258365512825549,-0.00699292728677392,-0.013271987438201904,-0.013271987438201904,1000.0,5.0
6.741666666666604,0.5999999999999999,0.5999831557273865,0.00336902285926044,-8.472675858683942e-07,-8.472675858683942e-07,0.0007258365512825549,-0.006992925889790058,-0.013271927833557129,-0.013271927833557129,1000.0,5.0
6.7458333333332705,0.5999999999999999,0.5999831557273865,0.003369024256244302,-8.420902872785518e-07,-8.420902872785518e-07,0.0007258365512825549,-0.006992925889790058,-0.013271987438201904,-0.013271987438201904,1000.0,5.0
6.749999999999937,0.5999999999999999,0.5999831557273865,0.0033690244890749454,-8.481879945065884e-07,-8.481879945065884e-07,0.0007258365512825549,-0.006992926821112633,-0.013271987438201904,-0.013271987438201904,1000.0,5.0
6.754166666666603,0.5999999999999999,0.5999831557273865,0.0033690226264297962,-8.497120802530844e-07,-8.497120802530844e-07,0.0007258365512825549,-0.006992925424128771,-0.013271957635879517,-0.013271957635879517,1000.0,5.0
6.75833333333327,0.5999999999999999,0.5999831557273865,0.0033690249547362328,-8.411893759330269e-07,-8.411893759330269e-07,0.0007258365512825549,-0.0069929263554513454,-0.013272017240524292,-0.013272017240524292,1000.0,5.0
6.762499999999936,0.5999999999999999,0.5999831557273865,0.003369024023413658,-8.513599709658592e-07,-8.513599709658592e-07,0.0007258365512825549,-0.0069929263554513454,-0.013271957635879517,-0.013271957635879517,1000.0,5.0
6.766666666666603,0.5999999999999999,0.5999831557273865,0.003369024023413658,-8.477849746668653e-07,-8.477849746668653e-07,0.0007258365512825549,-0.006992926821112633,-0.013271957635879517,-0.013271957635879517,1000.0,5.0
6.770833333333269,0.5999999999999999,0.5999831557273865,0.003369023324921727,-8.475241770611319e-07,-8.475241770611319e-07,0.0007258365512825549,-0.006992925889790058,-0.013271957635879517,-0.013271957635879517,1000.0,5.0
6.7749999999999355,0.5999999999999999,0.5999831557273865,0.003369024023413658,-8.442675039077585e-07,-8.442675039077585e-07,0.0007258365512825549,-0.00699292728677392,-0.013271987438201904,-0.013271987438201904,1000.0,5.0
6.779166666666602,0.5999999999999999,0.5999831557273865,0.00336902285926044,-8.472675858683942e-07,-8.472675858683942e-07,0.0007258365512825549,-0.006992925889790058,-0.013271927833557129,-0.013271927833557129,1000.0,5.0
6.783333333333268,0.5999999999999999,0.5999831557273865,0.003369024256244302,-8.420902872785518e-07,-8.420902872785518e-07,0.0007258365512825549,-0.006992925889790058,-0.013271987438201904,-0.013271987438201904,1000.0,5.0
6.787499999999935,0.5999999999999999,0.5999831557273865,0.0033690244890749454,-8.481879945065884e-07,-8.481879945065884e-07,0.0007258365512825549,-0.006992926821112633,-0.013271987438201904,-0.013271987438201904,1000.0,5.0
6.791666666666601,0.5999999999999999,0.5999831557273865,0.0033690226264297962,-8.497120802530844e-07,-8.497120802530844e-07,0.0007258365512825549,-0.006992925424128771,-0.013271957635879517,-0.013271957635879517,1000.0,5.0
6.795833333333268,0.5999999999999999,0.5999831557273865,0.0033690249547362328,-8.411893759330269e-07,-8.411893759330269e-07,0.0007258365512825549,-0.0069929263554513454,-0.013272017240524292,-0.013272017240524292,1000.0,5.0
6.799999999999934,0.5999999999999999,0.5999831557273865,0.003369024023413658,-8.513599709658592e-07,-8.513599709658592e-07,0.0007258365512825549,-0.0069929263554513454,-0.013271957635879517,-0.013271957635879517,1000.0,5.0
6.8041666666666005,0.5999999999999999,0.5999831557273865,0.003369024023413658,-8.477849746668653e-07,-8.477849746668653e-07,0.0007258365512825549,-0.006992926821112633,-0.013271957635879517,-0.013271957635879517,1000.0,5.0
6.808333333333267,0.5999999999999999,0.5999831557273865,0.003369023324921727,-8.475241770611319e-07,-8.475241770611319e-07,0.0007258365512825549,-0.006992925889790058,-0.013271957635879517,-0.013271957635879517,1000.0,5.0
6.812499999999933,0.5999999999999999,0.5999831557273865,0.003369024023413658,-8.442675039077585e-07,-8.442675039077585e-07,0.0007258365512825549,-0.00699292728677392,-0.013271987438201904,-0.013271987438201904,1000.0,5.0
6.8166666666666,0.5999999999999999,0.5999831557273865,0.00336902285926044,-8.472675858683942e-07,-8.472675858683942e-07,0.0007258365512825549,-0.006992925889790058,-0.013271927833557129,-0.013271927833557129,1000.0,5.0
6.820833333333266,0.5999999999999999,0.5999831557273865,0.003369024256244302,-8.420902872785518e-07,-8.420902872785518e-07,0.0007258365512825549,-0.006992925889790058,-0.013271987438201904,-0.013271987438201904,1000.0,5.0
6.824999999999933,0.5999999999999999,0.5999831557273865,0.0033690244890749454,-8.481879945065884e-07,-8.481879945065884e-07,0.0007258365512825549,-0.006992926821112633,-0.013271987438201904,-0.013271987438201904,1000.0,5.0
6.829166666666599,0.5999999999999999,0.5999831557273865,0.0033690226264297962,-8.497120802530844e-07,-8.497120802530844e-07,0.0007258365512825549,-0.006992925424128771,-0.013271957635879517,-0.013271957635879517,1000.0,5.0
6.8333333333332655,0.5999999999999999,0.5999831557273865,0.0033690249547362328,-8.411893759330269e-07,-8.411893759330269e-07,0.0007258365512825549,-0.0069929263554513454,-0.013272017240524292,-0.013272017240524292,1000.0,5.0
6.837499999999932,0.5999999999999999,0.5999831557273865,0.003369024023413658,-8.513599709658592e-07,-8.513599709658592e-07,0.0007258365512825549,-0.0069929263554513454,-0.013271957635879517,-0.013271957635879517,1000.0,5.0
6.841666666666598,0.5999999999999999,0.5999831557273865,0.003369024023413658,-8.477849746668653e-07,-8.477849746668653e-07,0.0007258365512825549,-0.006992926821112633,-0.013271957635879517,-0.013271957635879517,1000.0,5.0
6.845833333333265,0.5999999999999999,0.5999831557273865,0.003369023324921727,-8.475241770611319e-07,-8.475241770611319e-07,0.0007258365512825549,-0.006992925889790058,-0.013271957635879517,-0.013271957635879517,1000.0,5.0
6.849999999999931,0.5999999999999999,0.5999831557273865,0.003369024023413658,-8.442675039077585e-07,-8.442675039077585e-07,0.0007258365512825549,-0.00699292728677392,-0.013271987438201904,-0.013271987438201904,1000.0,5.0
6.854166666666598,0.5999999999999999,0.5999831557273865,0.00336902285926044,-8.472675858683942e-07,-8.472675858683942e-07,0.0007258365512825549,-0.006992925889790058,-0.013271927833557129,-0.013271927833557129,1000.0,5.0
6.858333333333264,0.5999999999999999,0.5999831557273865,0.003369024256244302,-8.420902872785518e-07,-8.420902872785518e-07,0.0007258365512825549,-0.006992925889790058,-0.013271987438201904,-0.013271987438201904,1000.0,5.0
6.8624999999999305,0.5999999999999999,0.5999831557273865,0.0033690244890749454,-8.481879945065884e-07,-8.481879945065884e-07,0.0007258365512825549,-0.006992926821112633,-0.013271987438201904,-0.013271987438201904,1000.0,5.0
6.866666666666597,0.5999999999999999,0.5999831557273865,0.0033690226264297962,-8.497120802530844e-07,-8.497120802530844e-07,0.0007258365512825549,-0.006992925424128771,-0.013271957635879517,-0.013271957635879517,1000.0,5.0
6.870833333333263,0.5999999999999999,0.5999831557273865,0.0033690249547362328,-8.411893759330269e-07,-8.411893759330269e-07,0.0007258365512825549,-0.0069929263554513454,-0.013272017240524292,-0.013272017240524292,1000.0,5.0
6.87499999999993,0.5999999999999999,0.5999831557273865,0.003369024023413658,-8.513599709658592e-07,-8.513599709658592e-07,0.0007258365512825549,-0.0069929263554513454,-0.013271957635879517,-0.013271957635879517,1000.0,5.0
6.879166666666596,0.5999999999999999,0.5999831557273865,0.003369024023413658,-8.477849746668653e-07,-8.477849746668653e-07,0.0007258365512825549,-0.006992926821112633,-0.013271957635879517,-0.013271957635879517,1000.0,5.0
6.883333333333263,0.5999999999999999,0.5999831557273865,0.003369023324921727,-8.475241770611319e-07,-8.475241770611319e-07,0.0007258365512825549,-0.006992925889790058,-0.013271957635879517,-0.013271957635879517,1000.0,5.0
6.887499999999929,0.5999999999999999,0.5999831557273865,0.003369024023413658,-8.442675039077585e-07,-8.442675039077585e-07,0.0007258365512825549,-0.00699292728677392,-0.013271987438201904,-0.013271987438201904,1000.0,5.0
6.8916666666665956,0.5999999999999999,0.5999831557273865,0.00336902285926044,-8.472675858683942e-07,-8.472675858683942e-07,0.0007258365512825549,-0.006992925889790058,-0.013271927833557129,-0.013271927833557129,1000.0,5.0
6.895833333333262,0.5999999999999999,0.5999831557273865,0.003369024256244302,-8.420902872785518e-07,-8.420902872785518e-07,0.0007258365512825549,-0.006992925889790058,-0.013271987438201904,-0.013271987438201904,1000.0,5.0
6.899999999999928,0.5999999999999999,0.5999831557273865,0.0033690244890749454,-8.481879945065884e-07,-8.481879945065884e-07,0.0007258365512825549,-0.006992926821112633,-0.013271987438201904,-0.013271987438201904,1000.0,5.0
6.904166666666595,0.5999999999999999,0.5999831557273865,0.0033690226264297962,-8.497120802530844e-07,-8.497120802530844e-07,0.0007258365512825549,-0.006992925424128771,-0.013271957635879517,-0.013271957635879517,1000.0,5.0
6.908333333333261,0.5999999999999999,0.5999831557273865,0.0033690249547362328,-8.411893759330269e-07,-8.411893759330269e-07,0.0007258365512825549,-0.0069929263554513454,-0.013272017240524292,-0.013272017240524292,1000.0,5.0
6.912499999999928,0.5999999999999999,0.5999831557273865,0.003369024023413658,-8.513599709658592e-07,-8.513599709658592e-07,0.0007258365512825549,-0.0069929263554513454,-0.013271957635879517,-0.013271957635879517,1000.0,5.0
6.916666666666594,0.5999999999999999,0.5999831557273865,0.003369024023413658,-8.477849746668653e-07,-8.477849746668653e-07,0.0007258365512825549,-0.006992926821112633,-0.013271957635879517,-0.013271957635879517,1000.0,5.0
6.920833333333261,0.5999999999999999,0.5999831557273865,0.003369023324921727,-8.475241770611319e-07,-8.475241770611319e-07,0.0007258365512825549,-0.006992925889790058,-0.013271957635879517,-0.013271957635879517,1000.0,5.0
6.924999999999927,0.5999999999999999,0.5999831557273865,0.003369024023413658,-8.442675039077585e-07,-8.442675039077585e-07,0.0007258365512825549,-0.00699292728677392,-0.013271987438201904,-0.013271987438201904,1000.0,5.0
6.929166666666593,0.5999999999999999,0.5999831557273865,0.00336902285926044,-8.472675858683942e-07,-8.472675858683942e-07,0.0007258365512825549,-0.006992925889790058,-0.013271927833557129,-0.013271927833557129,1000.0,5.0
6.93333333333326,0.5999999999999999,0.5999831557273865,0.003369024256244302,-8.420902872785518e-07,-8.420902872785518e-07,0.0007258365512825549,-0.006992925889790058,-0.013271987438201904,-0.013271987438201904,1000.0,5.0
6.937499999999926,0.5999999999999999,0.5999831557273865,0.0033690244890749454,-8.481879945065884e-07,-8.481879945065884e-07,0.0007258365512825549,-0.006992926821112633,-0.013271987438201904,-0.013271987438201904,1000.0,5.0
6.941666666666593,0.5999999999999999,0.5999831557273865,0.0033690226264297962,-8.497120802530844e-07,-8.497120802530844e-07,0.0007258365512825549,-0.006992925424128771,-0.013271957635879517,-0.013271957635879517,1000.0,5.0
6.945833333333259,0.5999999999999999,0.5999831557273865,0.0033690249547362328,-8.411893759330269e-07,-8.411893759330269e-07,0.0007258365512825549,-0.0069929263554513454,-0.013272017240524292,-0.013272017240524292,1000.0,5.0
6.949999999999926,0.5999999999999999,0.5999831557273865,0.003369024023413658,-8.513599709658592e-07,-8.513599709658592e-07,0.0007258365512825549,-0.0069929263554513454,-0.013271957635879517,-0.013271957635879517,1000.0,5.0
6.954166666666592,0.5999999999999999,0.5999831557273865,0.003369024023413658,-8.477849746668653e-07,-8.477849746668653e-07,0.0007258365512825549,-0.006992926821112633,-0.013271957635879517,-0.013271957635879517,1000.0,5.0
6.958333333333258,0.5999999999999999,0.5999831557273865,0.003369023324921727,-8.475241770611319e-07,-8.475241770611319e-07,0.0007258365512825549,-0.006992925889790058,-0.013271957635879517,-0.013271957635879517,1000.0,5.0
6.962499999999925,0.5999999999999999,0.5999831557273865,0.003369024023413658,-8.442675039077585e-07,-8.442675039077585e-07,0.0007258365512825549,-0.00699292728677392,-0.013271987438201904,-0.013271987438201904,1000.0,5.0
6.966666666666591,0.5999999999999999,0.5999831557273865,0.00336902285926044,-8.472675858683942e-07,-8.472675858683942e-07,0.0007258365512825549,-0.006992925889790058,-0.013271927833557129,-0.013271927833557129,1000.0,5.0
6.970833333333258,0.5999999999999999,0.5999831557273865,0.003369024256244302,-8.420902872785518e-07,-8.420902872785518e-07,0.0007258365512825549,-0.006992925889790058,-0.013271987438201904,-0.013271987438201904,1000.0,5.0
6.974999999999924,0.5999999999999999,0.5999831557273865,0.0033690244890749454,-8.481879945065884e-07,-8.481879945065884e-07,0.0007258365512825549,-0.006992926821112633,-0.013271987438201904,-0.013271987438201904,1000.0,5.0
6.979166666666591,0.5999999999999999,0.5999831557273865,0.0033690226264297962,-8.497120802530844e-07,-8.497120802530844e-07,0.0007258365512825549,-0.006992925424128771,-0.013271957635879517,-0.013271957635879517,1000.0,5.0
6.983333333333257,0.5999999999999999,0.5999831557273865,0.0033690249547362328,-8.411893759330269e-07,-8.411893759330269e-07,0.0007258365512825549,-0.0069929263554513454,-0.013272017240524292,-0.013272017240524292,1000.0,5.0
6.987499999999923,0.5999999999999999,0.5999831557273865,0.003369024023413658,-8.513599709658592e-07,-8.513599709658592e-07,0.0007258365512825549,-0.0069929263554513454,-0.013271957635879517,-0.013271957635879517,1000.0,5.0
6.99166666666659,0.5999999999999999,0.5999831557273865,0.003369024023413658,-8.477849746668653e-07,-8.477849746668653e-07,0.0007258365512825549,-0.006992926821112633,-0.013271957635879517,-0.013271957635879517,1000.0,5.0
6.995833333333256,0.5999999999999999,0.5999831557273865,0.003369023324921727,-8.475241770611319e-07,-8.475241770611319e-07,0.0007258365512825549,-0.006992925889790058,-0.013271957635879517,-0.013271957635879517,1000.0,5.0
6.999999999999923,0.5999999999999999,0.5999831557273865,0.003369024023413658,-8.442675039077585e-07,-8.442675039077585e-07,0.0007258365512825549,-0.00699292728677392,-0.013271987438201904,-0.013271987438201904,1000.0,5.0
7.004166666666589,0.5999999999999999,0.5999831557273865,0.00336902285926044,-8.472675858683942e-07,-8.472675858683942e-07,0.0007258365512825549,-0.006992925889790058,-0.013271927833557129,-0.013271927833557129,1000.0,5.0
7.008333333333256,0.5999999999999999,0.5999831557273865,0.003369024256244302,-8.420902872785518e-07,-8.420902872785518e-07,0.0007258365512825549,-0.006992925889790058,-0.013271987438201904,-0.013271987438201904,1000.0,5.0
7.012499999999922,0.5999999999999999,0.5999831557273865,0.0033690244890749454,-8.481879945065884e-07,-8.481879945065884e-07,0.0007258365512825549,-0.006992926821112633,-0.013271987438201904,-0.013271987438201904,1000.0,5.0
7.0166666666665884,0.5999999999999999,0.5999831557273865,0.0033690226264297962,-8.497120802530844e-07,-8.497120802530844e-07,0.0007258365512825549,-0.006992925424128771,-0.013271957635879517,-0.013271957635879517,1000.0,5.0
7.020833333333255,0.5999999999999999,0.5999831557273865,0.0033690249547362328,-8.411893759330269e-07,-8.411893759330269e-07,0.0007258365512825549,-0.0069929263554513454,-0.013272017240524292,-0.013272017240524292,1000.0,5.0
7.024999999999921,0.5999999999999999,0.5999831557273865,0.003369024023413658,-8.513599709658592e-07,-8.513599709658592e-07,0.0007258365512825549,-0.0069929263554513454,-0.013271957635879517,-0.013271957635879517,1000.0,5.0
7.029166666666588,0.5999999999999999,0.5999831557273865,0.003369024023413658,-8.477849746668653e-07,-8.477849746668653e-07,0.0007258365512825549,-0.006992926821112633,-0.013271957635879517,-0.013271957635879517,1000.0,5.0
7.033333333333254,0.5999999999999999,0.5999831557273865,0.003369023324921727,-8.475241770611319e-07,-8.475241770611319e-07,0.0007258365512825549,-0.006992925889790058,-0.013271957635879517,-0.013271957635879517,1000.0,5.0
7.037499999999921,0.5999999999999999,0.5999831557273865,0.003369024023413658,-8.442675039077585e-07,-8.442675039077585e-07,0.0007258365512825549,-0.00699292728677392,-0.013271987438201904,-0.013271987438201904,1000.0,5.0
7.041666666666587,0.5999999999999999,0.5999831557273865,0.00336902285926044,-8.472675858683942e-07,-8.472675858683942e-07,0.0007258365512825549,-0.006992925889790058,-0.013271927833557129,-0.013271927833557129,1000.0,5.0
7.0458333333332535,0.5999999999999999,0.5999831557273865,0.003369024256244302,-8.420902872785518e-07,-8.420902872785518e-07,0.0007258365512825549,-0.006992925889790058,-0.013271987438201904,-0.013271987438201904,1000.0,5.0
7.04999999999992,0.5999999999999999,0.5999831557273865,0.0033690244890749454,-8.481879945065884e-07,-8.481879945065884e-07,0.0007258365512825549,-0.006992926821112633,-0.013271987438201904,-0.013271987438201904,1000.0,5.0
7.054166666666586,0.5999999999999999,0.5999831557273865,0.0033690226264297962,-8.497120802530844e-07,-8.497120802530844e-07,0.0007258365512825549,-0.006992925424128771,-0.013271957635879517,-0.013271957635879517,1000.0,5.0
7.058333333333253,0.5999999999999999,0.5999831557273865,0.0033690249547362328,-8.411893759330269e-07,-8.411893759330269e-07,0.0007258365512825549,-0.0069929263554513454,-0.013272017240524292,-0.013272017240524292,1000.0,5.0
7.062499999999919,0.5999999999999999,0.5999831557273865,0.003369024023413658,-8.513599709658592e-07,-8.513599709658592e-07,0.0007258365512825549,-0.0069929263554513454,-0.013271957635879517,-0.013271957635879517,1000.0,5.0
7.066666666666586,0.5999999999999999,0.5999831557273865,0.003369024023413658,-8.477849746668653e-07,-8.477849746668653e-07,0.0007258365512825549,-0.006992926821112633,-0.013271957635879517,-0.013271957635879517,1000.0,5.0
7.070833333333252,0.5999999999999999,0.5999831557273865,0.003369023324921727,-8.475241770611319e-07,-8.475241770611319e-07,0.0007258365512825549,-0.006992925889790058,-0.013271957635879517,-0.013271957635879517,1000.0,5.0
7.0749999999999185,0.5999999999999999,0.5999831557273865,0.003369024023413658,-8.442675039077585e-07,-8.442675039077585e-07,0.0007258365512825549,-0.00699292728677392,-0.013271987438201904,-0.013271987438201904,1000.0,5.0
7.079166666666585,0.5999999999999999,0.5999831557273865,0.00336902285926044,-8.472675858683942e-07,-8.472675858683942e-07,0.0007258365512825549,-0.006992925889790058,-0.013271927833557129,-0.013271927833557129,1000.0,5.0
7.083333333333251,0.5999999999999999,0.5999831557273865,0.003369024256244302,-8.420902872785518e-07,-8.420902872785518e-07,0.0007258365512825549,-0.006992925889790058,-0.013271987438201904,-0.013271987438201904,1000.0,5.0
7.087499999999918,0.5999999999999999,0.5999831557273865,0.0033690244890749454,-8.481879945065884e-07,-8.481879945065884e-07,0.0007258365512825549,-0.006992926821112633,-0.013271987438201904,-0.013271987438201904,1000.0,5.0
7.091666666666584,0.5999999999999999,0.5999831557273865,0.0033690226264297962,-8.497120802530844e-07,-8.497120802530844e-07,0.0007258365512825549,-0.006992925424128771,-0.013271957635879517,-0.013271957635879517,1000.0,5.0
7.095833333333251,0.5999999999999999,0.5999831557273865,0.0033690249547362328,-8.411893759330269e-07,-8.411893759330269e-07,0.0007258365512825549,-0.0069929263554513454,-0.013272017240524292,-0.013272017240524292,1000.0,5.0
7.099999999999917,0.5999999999999999,0.5999831557273865,0.003369024023413658,-8.513599709658592e-07,-8.513599709658592e-07,0.0007258365512825549,-0.0069929263554513454,-0.013271957635879517,-0.013271957635879517,1000.0,5.0
7.1041666666665835,0.5999999999999999,0.5999831557273865,0.003369024023413658,-8.477849746668653e-07,-8.477849746668653e-07,0.0007258365512825549,-0.006992926821112633,-0.013271957635879517,-0.013271957635879517,1000.0,5.0
7.10833333333325,0.5999999999999999,0.5999831557273865,0.003369023324921727,-8.475241770611319e-07,-8.475241770611319e-07,0.0007258365512825549,-0.006992925889790058,-0.013271957635879517,-0.013271957635879517,1000.0,5.0
7.112499999999916,0.5999999999999999,0.5999831557273865,0.003369024023413658,-8.442675039077585e-07,-8.442675039077585e-07,0.0007258365512825549,-0.00699292728677392,-0.013271987438201904,-0.013271987438201904,1000.0,5.0
7.116666666666583,0.5999999999999999,0.5999831557273865,0.00336902285926044,-8.472675858683942e-07,-8.472675858683942e-07,0.0007258365512825549,-0.006992925889790058,-0.013271927833557129,-0.013271927833557129,1000.0,5.0
7.120833333333249,0.5999999999999999,0.5999831557273865,0.003369024256244302,-8.420902872785518e-07,-8.420902872785518e-07,0.0007258365512825549,-0.006992925889790058,-0.013271987438201904,-0.013271987438201904,1000.0,5.0
7.124999999999916,0.5999999999999999,0.5999831557273865,0.0033690244890749454,-8.481879945065884e-07,-8.481879945065884e-07,0.0007258365512825549,-0.006992926821112633,-0.013271987438201904,-0.013271987438201904,1000.0,5.0
7.129166666666582,0.5999999999999999,0.5999831557273865,0.0033690226264297962,-8.497120802530844e-07,-8.497120802530844e-07,0.0007258365512825549,-0.006992925424128771,-0.013271957635879517,-0.013271957635879517,1000.0,5.0
7.1333333333332485,0.5999999999999999,0.5999831557273865,0.0033690249547362328,-8.411893759330269e-07,-8.411893759330269e-07,0.0007258365512825549,-0.0069929263554513454,-0.013272017240524292,-0.013272017240524292,1000.0,5.0
7.137499999999915,0.5999999999999999,0.5999831557273865,0.003369024023413658,-8.513599709658592e-07,-8.513599709658592e-07,0.0007258365512825549,-0.0069929263554513454,-0.013271957635879517,-0.013271957635879517,1000.0,5.0
7.141666666666581,0.5999999999999999,0.5999831557273865,0.003369024023413658,-8.477849746668653e-07,-8.477849746668653e-07,0.0007258365512825549,-0.006992926821112633,-0.013271957635879517,-0.013271957635879517,1000.0,5.0
7.145833333333248,0.5999999999999999,0.5999831557273865,0.003369023324921727,-8.475241770611319e-07,-8.475241770611319e-07,0.0007258365512825549,-0.006992925889790058,-0.013271957635879517,-0.013271957635879517,1000.0,5.0
7.149999999999914,0.5999999999999999,0.5999831557273865,0.003369024023413658,-8.442675039077585e-07,-8.442675039077585e-07,0.0007258365512825549,-0.00699292728677392,-0.013271987438201904,-0.013271987438201904,1000.0,5.0
7.154166666666581,0.5999999999999999,0.5999831557273865,0.00336902285926044,-8.472675858683942e-07,-8.472675858683942e-07,0.0007258365512825549,-0.006992925889790058,-0.013271927833557129,-0.013271927833557129,1000.0,5.0
7.158333333333247,0.5999999999999999,0.5999831557273865,0.003369024256244302,-8.420902872785518e-07,-8.420902872785518e-07,0.0007258365512825549,-0.006992925889790058,-0.013271987438201904,-0.013271987438201904,1000.0,5.0
7.1624999999999135,0.5999999999999999,0.5999831557273865,0.0033690244890749454,-8.481879945065884e-07,-8.481879945065884e-07,0.0007258365512825549,-0.006992926821112633,-0.013271987438201904,-0.013271987438201904,1000.0,5.0
7.16666666666658,0.5999999999999999,0.5999831557273865,0.0033690226264297962,-8.497120802530844e-07,-8.497120802530844e-07,0.0007258365512825549,-0.006992925424128771,-0.013271957635879517,-0.013271957635879517,1000.0,5.0
7.170833333333246,0.5999999999999999,0.5999831557273865,0.0033690249547362328,-8.411893759330269e-07,-8.411893759330269e-07,0.0007258365512825549,-0.0069929263554513454,-0.013272017240524292,-0.013272017240524292,1000.0,5.0
7.174999999999913,0.5999999999999999,0.5999831557273865,0.003369024023413658,-8.513599709658592e-07,-8.513599709658592e-07,0.0007258365512825549,-0.0069929263554513454,-0.013271957635879517,-0.013271957635879517,1000.0,5.0
7.179166666666579,0.5999999999999999,0.5999831557273865,0.003369024023413658,-8.477849746668653e-07,-8.477849746668653e-07,0.0007258365512825549,-0.006992926821112633,-0.013271957635879517,-0.013271957635879517,1000.0,5.0
7.183333333333246,0.5999999999999999,0.5999831557273865,0.003369023324921727,-8.475241770611319e-07,-8.475241770611319e-07,0.0007258365512825549,-0.006992925889790058,-0.013271957635879517,-0.013271957635879517,1000.0,5.0
7.187499999999912,0.5999999999999999,0.5999831557273865,0.003369024023413658,-8.442675039077585e-07,-8.442675039077585e-07,0.0007258365512825549,-0.00699292728677392,-0.013271987438201904,-0.013271987438201904,1000.0,5.0
7.1916666666665785,0.5999999999999999,0.5999831557273865,0.00336902285926044,-8.472675858683942e-07,-8.472675858683942e-07,0.0007258365512825549,-0.006992925889790058,-0.013271927833557129,-0.013271927833557129,1000.0,5.0
7.195833333333245,0.5999999999999999,0.5999831557273865,0.003369024256244302,-8.420902872785518e-07,-8.420902872785518e-07,0.0007258365512825549,-0.006992925889790058,-0.013271987438201904,-0.013271987438201904,1000.0,5.0
7.199999999999911,0.5999999999999999,0.5999831557273865,0.0033690244890749454,-8.481879945065884e-07,-8.481879945065884e-07,0.0007258365512825549,-0.006992926821112633,-0.013271987438201904,-0.013271987438201904,1000.0,5.0
7.204166666666578,0.5999999999999999,0.5999831557273865,0.0033690226264297962,-8.497120802530844e-07,-8.497120802530844e-07,0.0007258365512825549,-0.006992925424128771,-0.013271957635879517,-0.013271957635879517,1000.0,5.0
7.208333333333244,0.5999999999999999,0.5999831557273865,0.0033690249547362328,-8.411893759330269e-07,-8.411893759330269e-07,0.0007258365512825549,-0.0069929263554513454,-0.013272017240524292,-0.013272017240524292,1000.0,5.0
7.212499999999911,0.5999999999999999,0.5999831557273865,0.003369024023413658,-8.513599709658592e-07,-8.513599709658592e-07,0.0007258365512825549,-0.0069929263554513454,-0.013271957635879517,-0.013271957635879517,1000.0,5.0
7.216666666666577,0.5999999999999999,0.5999831557273865,0.003369024023413658,-8.477849746668653e-07,-8.477849746668653e-07,0.0007258365512825549,-0.006992926821112633,-0.013271957635879517,-0.013271957635879517,1000.0,5.0
7.2208333333332435,0.5999999999999999,0.5999831557273865,0.003369023324921727,-8.475241770611319e-07,-8.475241770611319e-07,0.0007258365512825549,-0.006992925889790058,-0.013271957635879517,-0.013271957635879517,1000.0,5.0
7.22499999999991,0.5999999999999999,0.5999831557273865,0.003369024023413658,-8.442675039077585e-07,-8.442675039077585e-07,0.0007258365512825549,-0.00699292728677392,-0.013271987438201904,-0.013271987438201904,1000.0,5.0
7.229166666666576,0.5999999999999999,0.5999831557273865,0.00336902285926044,-8.472675858683942e-07,-8.472675858683942e-07,0.0007258365512825549,-0.006992925889790058,-0.013271927833557129,-0.013271927833557129,1000.0,5.0
7.233333333333243,0.5999999999999999,0.5999831557273865,0.003369024256244302,-8.420902872785518e-07,-8.420902872785518e-07,0.0007258365512825549,-0.006992925889790058,-0.013271987438201904,-0.013271987438201904,1000.0,5.0
7.237499999999909,0.5999999999999999,0.5999831557273865,0.0033690244890749454,-8.481879945065884e-07,-8.481879945065884e-07,0.0007258365512825549,-0.006992926821112633,-0.013271987438201904,-0.013271987438201904,1000.0,5.0
7.241666666666576,0.5999999999999999,0.5999831557273865,0.0033690226264297962,-8.497120802530844e-07,-8.497120802530844e-07,0.0007258365512825549,-0.006992925424128771,-0.013271957635879517,-0.013271957635879517,1000.0,5.0
7.245833333333242,0.5999999999999999,0.5999831557273865,0.0033690249547362328,-8.411893759330269e-07,-8.411893759330269e-07,0.0007258365512825549,-0.0069929263554513454,-0.013272017240524292,-0.013272017240524292,1000.0,5.0
7.2499999999999085,0.5999999999999999,0.5999831557273865,0.003369024023413658,-8.513599709658592e-07,-8.513599709658592e-07,0.0007258365512825549,-0.0069929263554513454,-0.013271957635879517,-0.013271957635879517,1000.0,5.0
7.254166666666575,0.5999999999999999,0.5999831557273865,0.003369024023413658,-8.477849746668653e-07,-8.477849746668653e-07,0.0007258365512825549,-0.006992926821112633,-0.013271957635879517,-0.013271957635879517,1000.0,5.0
7.258333333333241,0.5999999999999999,0.5999831557273865,0.003369023324921727,-8.475241770611319e-07,-8.475241770611319e-07,0.0007258365512825549,-0.006992925889790058,-0.013271957635879517,-0.013271957635879517,1000.0,5.0
7.262499999999908,0.5999999999999999,0.5999831557273865,0.003369024023413658,-8.442675039077585e-07,-8.442675039077585e-07,0.0007258365512825549,-0.00699292728677392,-0.013271987438201904,-0.013271987438201904,1000.0,5.0
7.266666666666574,0.5999999999999999,0.5999831557273865,0.00336902285926044,-8.472675858683942e-07,-8.472675858683942e-07,0.0007258365512825549,-0.006992925889790058,-0.013271927833557129,-0.013271927833557129,1000.0,5.0
7.270833333333241,0.5999999999999999,0.5999831557273865,0.003369024256244302,-8.420902872785518e-07,-8.420902872785518e-07,0.0007258365512825549,-0.006992925889790058,-0.013271987438201904,-0.013271987438201904,1000.0,5.0
7.274999999999907,0.5999999999999999,0.5999831557273865,0.0033690244890749454,-8.481879945065884e-07,-8.481879945065884e-07,0.0007258365512825549,-0.006992926821112633,-0.013271987438201904,-0.013271987438201904,1000.0,5.0
7.2791666666665735,0.5999999999999999,0.5999831557273865,0.0033690226264297962,-8.497120802530844e-07,-8.497120802530844e-07,0.0007258365512825549,-0.006992925424128771,-0.013271957635879517,-0.013271957635879517,1000.0,5.0
7.28333333333324,0.5999999999999999,0.5999831557273865,0.0033690249547362328,-8.411893759330269e-07,-8.411893759330269e-07,0.0007258365512825549,-0.0069929263554513454,-0.013272017240524292,-0.013272017240524292,1000.0,5.0
7.287499999999906,0.5999999999999999,0.5999831557273865,0.003369024023413658,-8.513599709658592e-07,-8.513599709658592e-07,0.0007258365512825549,-0.0069929263554513454,-0.013271957635879517,-0.013271957635879517,1000.0,5.0
7.291666666666573,0.5999999999999999,0.5999831557273865,0.003369024023413658,-8.477849746668653e-07,-8.477849746668653e-07,0.0007258365512825549,-0.006992926821112633,-0.013271957635879517,-0.013271957635879517,1000.0,5.0
7.295833333333239,0.5999999999999999,0.5999831557273865,0.003369023324921727,-8.475241770611319e-07,-8.475241770611319e-07,0.0007258365512825549,-0.006992925889790058,-0.013271957635879517,-0.013271957635879517,1000.0,5.0
7.299999999999906,0.5999999999999999,0.5999831557273865,0.003369024023413658,-8.442675039077585e-07,-8.442675039077585e-07,0.0007258365512825549,-0.00699292728677392,-0.013271987438201904,-0.013271987438201904,1000.0,5.0
7.304166666666572,0.5999999999999999,0.5999831557273865,0.00336902285926044,-8.472675858683942e-07,-8.472675858683942e-07,0.0007258365512825549,-0.006992925889790058,-0.013271927833557129,-0.013271927833557129,1000.0,5.0
7.3083333333332385,0.5999999999999999,0.5999831557273865,0.003369024256244302,-8.420902872785518e-07,-8.420902872785518e-07,0.0007258365512825549,-0.006992925889790058,-0.013271987438201904,-0.013271987438201904,1000.0,5.0
7.312499999999905,0.5999999999999999,0.5999831557273865,0.0033690244890749454,-8.481879945065884e-07,-8.481879945065884e-07,0.0007258365512825549,-0.006992926821112633,-0.013271987438201904,-0.013271987438201904,1000.0,5.0
7.316666666666571,0.5999999999999999,0.5999831557273865,0.0033690226264297962,-8.497120802530844e-07,-8.497120802530844e-07,0.0007258365512825549,-0.006992925424128771,-0.013271957635879517,-0.013271957635879517,1000.0,5.0
7.320833333333238,0.5999999999999999,0.5999831557273865,0.0033690249547362328,-8.411893759330269e-07,-8.411893759330269e-07,0.0007258365512825549,-0.0069929263554513454,-0.013272017240524292,-0.013272017240524292,1000.0,5.0
7.324999999999904,0.5999999999999999,0.5999831557273865,0.003369024023413658,-8.513599709658592e-07,-8.513599709658592e-07,0.0007258365512825549,-0.0069929263554513454,-0.013271957635879517,-0.013271957635879517,1000.0,5.0
7.329166666666571,0.5999999999999999,0.5999831557273865,0.003369024023413658,-8.477849746668653e-07,-8.477849746668653e-07,0.0007258365512825549,-0.006992926821112633,-0.013271957635879517,-0.013271957635879517,1000.0,5.0
7.333333333333237,0.5999999999999999,0.5999831557273865,0.003369023324921727,-8.475241770611319e-07,-8.475241770611319e-07,0.0007258365512825549,-0.006992925889790058,-0.013271957635879517,-0.013271957635879517,1000.0,5.0
7.3374999999999035,0.5999999999999999,0.5999831557273865,0.003369024023413658,-8.442675039077585e-07,-8.442675039077585e-07,0.0007258365512825549,-0.00699292728677392,-0.013271987438201904,-0.013271987438201904,1000.0,5.0
7.34166666666657,0.5999999999999999,0.5999831557273865,0.00336902285926044,-8.472675858683942e-07,-8.472675858683942e-07,0.0007258365512825549,-0.006992925889790058,-0.013271927833557129,-0.013271927833557129,1000.0,5.0
7.345833333333236,0.5999999999999999,0.5999831557273865,0.003369024256244302,-8.420902872785518e-07,-8.420902872785518e-07,0.0007258365512825549,-0.006992925889790058,-0.013271987438201904,-0.013271987438201904,1000.0,5.0
7.349999999999903,0.5999999999999999,0.5999831557273865,0.0033690244890749454,-8.481879945065884e-07,-8.481879945065884e-07,0.0007258365512825549,-0.006992926821112633,-0.013271987438201904,-0.013271987438201904,1000.0,5.0
7.354166666666569,0.5999999999999999,0.5999831557273865,0.0033690226264297962,-8.497120802530844e-07,-8.497120802530844e-07,0.0007258365512825549,-0.006992925424128771,-0.013271957635879517,-0.013271957635879517,1000.0,5.0
7.358333333333236,0.5999999999999999,0.5999831557273865,0.0033690249547362328,-8.411893759330269e-07,-8.411893759330269e-07,0.0007258365512825549,-0.0069929263554513454,-0.013272017240524292,-0.013272017240524292,1000.0,5.0
7.362499999999902,0.5999999999999999,0.5999831557273865,0.003369024023413658,-8.513599709658592e-07,-8.513599709658592e-07,0.0007258365512825549,-0.0069929263554513454,-0.013271957635879517,-0.013271957635879517,1000.0,5.0
7.3666666666665686,0.5999999999999999,0.5999831557273865,0.003369024023413658,-8.477849746668653e-07,-8.477849746668653e-07,0.0007258365512825549,-0.006992926821112633,-0.013271957635879517,-0.013271957635879517,1000.0,5.0
7.370833333333235,0.5999999999999999,0.5999831557273865,0.003369023324921727,-8.475241770611319e-07,-8.475241770611319e-07,0.0007258365512825549,-0.006992925889790058,-0.013271957635879517,-0.013271957635879517,1000.0,5.0
7.374999999999901,0.5999999999999999,0.5999831557273865,0.003369024023413658,-8.442675039077585e-07,-8.442675039077585e-07,0.0007258365512825549,-0.00699292728677392,-0.013271987438201904,-0.013271987438201904,1000.0,5.0
7.379166666666568,0.5999999999999999,0.5999831557273865,0.00336902285926044,-8.472675858683942e-07,-8.472675858683942e-07,0.0007258365512825549,-0.006992925889790058,-0.013271927833557129,-0.013271927833557129,1000.0,5.0
7.383333333333234,0.5999999999999999,0.5999831557273865,0.003369024256244302,-8.420902872785518e-07,-8.420902872785518e-07,0.0007258365512825549,-0.006992925889790058,-0.013271987438201904,-0.013271987438201904,1000.0,5.0
7.387499999999901,0.5999999999999999,0.5999831557273865,0.0033690244890749454,-8.481879945065884e-07,-8.481879945065884e-07,0.0007258365512825549,-0.006992926821112633,-0.013271987438201904,-0.013271987438201904,1000.0,5.0
7.391666666666567,0.5999999999999999,0.5999831557273865,0.0033690226264297962,-8.497120802530844e-07,-8.497120802530844e-07,0.0007258365512825549,-0.006992925424128771,-0.013271957635879517,-0.013271957635879517,1000.0,5.0
7.395833333333234,0.5999999999999999,0.5999831557273865,0.0033690249547362328,-8.411893759330269e-07,-8.411893759330269e-07,0.0007258365512825549,-0.0069929263554513454,-0.013272017240524292,-0.013272017240524292,1000.0,5.0
7.3999999999999,0.5999999999999999,0.5999831557273865,0.003369024023413658,-8.513599709658592e-07,-8.513599709658592e-07,0.0007258365512825549,-0.0069929263554513454,-0.013271957635879517,-0.013271957635879517,1000.0,5.0
7.404166666666566,0.5999999999999999,0.5999831557273865,0.003369024023413658,-8.477849746668653e-07,-8.477849746668653e-07,0.0007258365512825549,-0.006992926821112633,-0.013271957635879517,-0.013271957635879517,1000.0,5.0
7.408333333333233,0.5999999999999999,0.5999831557273865,0.003369023324921727,-8.475241770611319e-07,-8.475241770611319e-07,0.0007258365512825549,-0.006992925889790058,-0.013271957635879517,-0.013271957635879517,1000.0,5.0
7.412499999999899,0.5999999999999999,0.5999831557273865,0.003369024023413658,-8.442675039077585e-07,-8.442675039077585e-07,0.0007258365512825549,-0.00699292728677392,-0.013271987438201904,-0.013271987438201904,1000.0,5.0
7.416666666666566,0.5999999999999999,0.5999831557273865,0.00336902285926044,-8.472675858683942e-07,-8.472675858683942e-07,0.0007258365512825549,-0.006992925889790058,-0.013271927833557129,-0.013271927833557129,1000.0,5.0
7.420833333333232,0.5999999999999999,0.5999831557273865,0.003369024256244302,-8.420902872785518e-07,-8.420902872785518e-07,0.0007258365512825549,-0.006992925889790058,-0.013271987438201904,-0.013271987438201904,1000.0,5.0
7.424999999999899,0.5999999999999999,0.5999831557273865,0.0033690244890749454,-8.481879945065884e-07,-8.481879945065884e-07,0.0007258365512825549,-0.006992926821112633,-0.013271987438201904,-0.013271987438201904,1000.0,5.0
7.429166666666565,0.5999999999999999,0.5999831557273865,0.0033690226264297962,-8.497120802530844e-07,-8.497120802530844e-07,0.0007258365512825549,-0.006992925424128771,-0.013271957635879517,-0.013271957635879517,1000.0,5.0
7.433333333333231,0.5999999999999999,0.5999831557273865,0.0033690249547362328,-8.411893759330269e-07,-8.411893759330269e-07,0.0007258365512825549,-0.0069929263554513454,-0.013272017240524292,-0.013272017240524292,1000.0,5.0
7.437499999999898,0.5999999999999999,0.5999831557273865,0.003369024023413658,-8.513599709658592e-07,-8.513599709658592e-07,0.0007258365512825549,-0.0069929263554513454,-0.013271957635879517,-0.013271957635879517,1000.0,5.0
7.441666666666564,0.5999999999999999,0.5999831557273865,0.003369024023413658,-8.477849746668653e-07,-8.477849746668653e-07,0.0007258365512825549,-0.006992926821112633,-0.013271957635879517,-0.013271957635879517,1000.0,5.0
7.445833333333231,0.5999999999999999,0.5999831557273865,0.003369023324921727,-8.475241770611319e-07,-8.475241770611319e-07,0.0007258365512825549,-0.006992925889790058,-0.013271957635879517,-0.013271957635879517,1000.0,5.0
7.449999999999897,0.5999999999999999,0.5999831557273865,0.003369024023413658,-8.442675039077585e-07,-8.442675039077585e-07,0.0007258365512825549,-0.00699292728677392,-0.013271987438201904,-0.013271987438201904,1000.0,5.0
7.454166666666564,0.5999999999999999,0.5999831557273865,0.00336902285926044,-8.472675858683942e-07,-8.472675858683942e-07,0.0007258365512825549,-0.006992925889790058,-0.013271927833557129,-0.013271927833557129,1000.0,5.0
7.45833333333323,0.5999999999999999,0.5999831557273865,0.003369024256244302,-8.420902872785518e-07,-8.420902872785518e-07,0.0007258365512825549,-0.006992925889790058,-0.013271987438201904,-0.013271987438201904,1000.0,5.0
7.462499999999896,0.5999999999999999,0.5999831557273865,0.0033690244890749454,-8.481879945065884e-07,-8.481879945065884e-07,0.0007258365512825549,-0.006992926821112633,-0.013271987438201904,-0.013271987438201904,1000.0,5.0
7.466666666666563,0.5999999999999999,0.5999831557273865,0.0033690226264297962,-8.497120802530844e-07,-8.497120802530844e-07,0.0007258365512825549,-0.006992925424128771,-0.013271957635879517,-0.013271957635879517,1000.0,5.0
7.470833333333229,0.5999999999999999,0.5999831557273865,0.0033690249547362328,-8.411893759330269e-07,-8.411893759330269e-07,0.0007258365512825549,-0.0069929263554513454,-0.013272017240524292,-0.013272017240524292,1000.0,5.0
7.474999999999896,0.5999999999999999,0.5999831557273865,0.003369024023413658,-8.513599709658592e-07,-8.513599709658592e-07,0.0007258365512825549,-0.0069929263554513454,-0.013271957635879517,-0.013271957635879517,1000.0,5.0
7.479166666666562,0.5999999999999999,0.5999831557273865,0.003369024023413658,-8.477849746668653e-07,-8.477849746668653e-07,0.0007258365512825549,-0.006992926821112633,-0.013271957635879517,-0.013271957635879517,1000.0,5.0
7.483333333333229,0.5999999999999999,0.5999831557273865,0.003369023324921727,-8.475241770611319e-07,-8.475241770611319e-07,0.0007258365512825549,-0.006992925889790058,-0.013271957635879517,-0.013271957635879517,1000.0,5.0
7.487499999999895,0.5999999999999999,0.5999831557273865,0.003369024023413658,-8.442675039077585e-07,-8.442675039077585e-07,0.0007258365512825549,-0.00699292728677392,-0.013271987438201904,-0.013271987438201904,1000.0,5.0
7.4916666666665614,0.5999999999999999,0.5999831557273865,0.00336902285926044,-8.472675858683942e-07,-8.472675858683942e-07,0.0007258365512825549,-0.006992925889790058,-0.013271927833557129,-0.013271927833557129,1000.0,5.0
7.495833333333228,0.5999999999999999,0.5999831557273865,0.003369024256244302,-8.420902872785518e-07,-8.420902872785518e-07,0.0007258365512825549,-0.006992925889790058,-0.013271987438201904,-0.013271987438201904,1000.0,5.0
7.499999999999894,0.5999999999999999,0.5999831557273865,0.0033690244890749454,-8.481879945065884e-07,-8.481879945065884e-07,0.0007258365512825549,-0.006992926821112633,-0.013271987438201904,-0.013271987438201904,1000.0,5.0
7.504166666666561,0.5999999999999999,0.5999831557273865,0.0033690226264297962,-8.497120802530844e-07,-8.497120802530844e-07,0.0007258365512825549,-0.006992925424128771,-0.013271957635879517,-0.013271957635879517,1000.0,5.0
7.508333333333227,0.5999999999999999,0.5999831557273865,0.0033690249547362328,-8.411893759330269e-07,-8.411893759330269e-07,0.0007258365512825549,-0.0069929263554513454,-0.013272017240524292,-0.013272017240524292,1000.0,5.0
7.512499999999894,0.5999999999999999,0.5999831557273865,0.003369024023413658,-8.513599709658592e-07,-8.513599709658592e-07,0.0007258365512825549,-0.0069929263554513454,-0.013271957635879517,-0.013271957635879517,1000.0,5.0
7.51666666666656,0.5999999999999999,0.5999831557273865,0.003369024023413658,-8.477849746668653e-07,-8.477849746668653e-07,0.0007258365512825549,-0.006992926821112633,-0.013271957635879517,-0.013271957635879517,1000.0,5.0
7.5208333333332265,0.5999999999999999,0.5999831557273865,0.003369023324921727,-8.475241770611319e-07,-8.475241770611319e-07,0.0007258365512825549,-0.006992925889790058,-0.013271957635879517,-0.013271957635879517,1000.0,5.0
7.524999999999893,0.5999999999999999,0.5999831557273865,0.003369024023413658,-8.442675039077585e-07,-8.442675039077585e-07,0.0007258365512825549,-0.00699292728677392,-0.013271987438201904,-0.013271987438201904,1000.0,5.0
7.529166666666559,0.5999999999999999,0.5999831557273865,0.00336902285926044,-8.472675858683942e-07,-8.472675858683942e-07,0.0007258365512825549,-0.006992925889790058,-0.013271927833557129,-0.013271927833557129,1000.0,5.0
7.533333333333226,0.5999999999999999,0.5999831557273865,0.003369024256244302,-8.420902872785518e-07,-8.420902872785518e-07,0.0007258365512825549,-0.006992925889790058,-0.013271987438201904,-0.013271987438201904,1000.0,5.0
7.537499999999892,0.5999999999999999,0.5999831557273865,0.0033690244890749454,-8.481879945065884e-07,-8.481879945065884e-07,0.0007258365512825549,-0.006992926821112633,-0.013271987438201904,-0.013271987438201904,1000.0,5.0
7.541666666666559,0.5999999999999999,0.5999831557273865,0.0033690226264297962,-8.497120802530844e-07,-8.497120802530844e-07,0.0007258365512825549,-0.006992925424128771,-0.013271957635879517,-0.013271957635879517,1000.0,5.0
7.545833333333225,0.5999999999999999,0.5999831557273865,0.0033690249547362328,-8.411893759330269e-07,-8.411893759330269e-07,0.0007258365512825549,-0.0069929263554513454,-0.013272017240524292,-0.013272017240524292,1000.0,5.0
7.5499999999998915,0.5999999999999999,0.5999831557273865,0.003369024023413658,-8.513599709658592e-07,-8.513599709658592e-07,0.0007258365512825549,-0.0069929263554513454,-0.013271957635879517,-0.013271957635879517,1000.0,5.0
7.554166666666558,0.5999999999999999,0.5999831557273865,0.003369024023413658,-8.477849746668653e-07,-8.477849746668653e-07,0.0007258365512825549,-0.006992926821112633,-0.013271957635879517,-0.013271957635879517,1000.0,5.0
7.558333333333224,0.5999999999999999,0.5999831557273865,0.003369023324921727,-8.475241770611319e-07,-8.475241770611319e-07,0.0007258365512825549,-0.006992925889790058,-0.013271957635879517,-0.013271957635879517,1000.0,5.0
7.562499999999891,0.5999999999999999,0.5999831557273865,0.003369024023413658,-8.442675039077585e-07,-8.442675039077585e-07,0.0007258365512825549,-0.00699292728677392,-0.013271987438201904,-0.013271987438201904,1000.0,5.0
7.566666666666557,0.5999999999999999,0.5999831557273865,0.00336902285926044,-8.472675858683942e-07,-8.472675858683942e-07,0.0007258365512825549,-0.006992925889790058,-0.013271927833557129,-0.013271927833557129,1000.0,5.0
7.570833333333224,0.5999999999999999,0.5999831557273865,0.003369024256244302,-8.420902872785518e-07,-8.420902872785518e-07,0.0007258365512825549,-0.006992925889790058,-0.013271987438201904,-0.013271987438201904,1000.0,5.0
7.57499999999989,0.5999999999999999,0.5999831557273865,0.0033690244890749454,-8.481879945065884e-07,-8.481879945065884e-07,0.0007258365512825549,-0.006992926821112633,-0.013271987438201904,-0.013271987438201904,1000.0,5.0
7.5791666666665565,0.5999999999999999,0.5999831557273865,0.0033690226264297962,-8.497120802530844e-07,-8.497120802530844e-07,0.0007258365512825549,-0.006992925424128771,-0.013271957635879517,-0.013271957635879517,1000.0,5.0
7.583333333333223,0.5999999999999999,0.5999831557273865,0.0033690249547362328,-8.411893759330269e-07,-8.411893759330269e-07,0.0007258365512825549,-0.0069929263554513454,-0.013272017240524292,-0.013272017240524292,1000.0,5.0
7.587499999999889,0.5999999999999999,0.5999831557273865,0.003369024023413658,-8.513599709658592e-07,-8.513599709658592e-07,0.0007258365512825549,-0.0069929263554513454,-0.013271957635879517,-0.013271957635879517,1000.0,5.0
7.591666666666556,0.5999999999999999,0.5999831557273865,0.003369024023413658,-8.477849746668653e-07,-8.477849746668653e-07,0.0007258365512825549,-0.006992926821112633,-0.013271957635879517,-0.013271957635879517,1000.0,5.0
7.595833333333222,0.5999999999999999,0.5999831557273865,0.003369023324921727,-8.475241770611319e-07,-8.475241770611319e-07,0.0007258365512825549,-0.006992925889790058,-0.013271957635879517,-0.013271957635879517,1000.0,5.0
7.599999999999889,0.5999999999999999,0.5999831557273865,0.003369024023413658,-8.442675039077585e-07,-8.442675039077585e-07,0.0007258365512825549,-0.00699292728677392,-0.013271987438201904,-0.013271987438201904,1000.0,5.0
7.604166666666555,0.5999999999999999,0.5999831557273865,0.00336902285926044,-8.472675858683942e-07,-8.472675858683942e-07,0.0007258365512825549,-0.006992925889790058,-0.013271927833557129,-0.013271927833557129,1000.0,5.0
7.6083333333332215,0.5999999999999999,0.5999831557273865,0.003369024256244302,-8.420902872785518e-07,-8.420902872785518e-07,0.0007258365512825549,-0.006992925889790058,-0.013271987438201904,-0.013271987438201904,1000.0,5.0
7.612499999999888,0.5999999999999999,0.5999831557273865,0.0033690244890749454,-8.481879945065884e-07,-8.481879945065884e-07,0.0007258365512825549,-0.006992926821112633,-0.013271987438201904,-0.013271987438201904,1000.0,5.0
7.616666666666554,0.5999999999999999,0.5999831557273865,0.0033690226264297962,-8.497120802530844e-07,-8.497120802530844e-07,0.0007258365512825549,-0.006992925424128771,-0.013271957635879517,-0.013271957635879517,1000.0,5.0
7.620833333333221,0.5999999999999999,0.5999831557273865,0.0033690249547362328,-8.411893759330269e-07,-8.411893759330269e-07,0.0007258365512825549,-0.0069929263554513454,-0.013272017240524292,-0.013272017240524292,1000.0,5.0
7.624999999999887,0.5999999999999999,0.5999831557273865,0.003369024023413658,-8.513599709658592e-07,-8.513599709658592e-07,0.0007258365512825549,-0.0069929263554513454,-0.013271957635879517,-0.013271957635879517,1000.0,5.0
7.629166666666554,0.5999999999999999,0.5999831557273865,0.003369024023413658,-8.477849746668653e-07,-8.477849746668653e-07,0.0007258365512825549,-0.006992926821112633,-0.013271957635879517,-0.013271957635879517,1000.0,5.0
7.63333333333322,0.5999999999999999,0.5999831557273865,0.003369023324921727,-8.475241770611319e-07,-8.475241770611319e-07,0.0007258365512825549,-0.006992925889790058,-0.013271957635879517,-0.013271957635879517,1000.0,5.0
7.6374999999998865,0.5999999999999999,0.5999831557273865,0.003369024023413658,-8.442675039077585e-07,-8.442675039077585e-07,0.0007258365512825549,-0.00699292728677392,-0.013271987438201904,-0.013271987438201904,1000.0,5.0
7.641666666666553,0.5999999999999999,0.5999831557273865,0.00336902285926044,-8.472675858683942e-07,-8.472675858683942e-07,0.0007258365512825549,-0.006992925889790058,-0.013271927833557129,-0.013271927833557129,1000.0,5.0
7.645833333333219,0.5999999999999999,0.5999831557273865,0.003369024256244302,-8.420902872785518e-07,-8.420902872785518e-07,0.0007258365512825549,-0.006992925889790058,-0.013271987438201904,-0.013271987438201904,1000.0,5.0
7.649999999999886,0.5999999999999999,0.5999831557273865,0.0033690244890749454,-8.481879945065884e-07,-8.481879945065884e-07,0.0007258365512825549,-0.006992926821112633,-0.013271987438201904,-0.013271987438201904,1000.0,5.0
7.654166666666552,0.5999999999999999,0.5999831557273865,0.0033690226264297962,-8.497120802530844e-07,-8.497120802530844e-07,0.0007258365512825549,-0.006992925424128771,-0.013271957635879517,-0.013271957635879517,1000.0,5.0
7.658333333333219,0.5999999999999999,0.5999831557273865,0.0033690249547362328,-8.411893759330269e-07,-8.411893759330269e-07,0.0007258365512825549,-0.0069929263554513454,-0.013272017240524292,-0.013272017240524292,1000.0,5.0
7.662499999999885,0.5999999999999999,0.5999831557273865,0.003369024023413658,-8.513599709658592e-07,-8.513599709658592e-07,0.0007258365512825549,-0.0069929263554513454,-0.013271957635879517,-0.013271957635879517,1000.0,5.0
7.6666666666665515,0.5999999999999999,0.5999831557273865,0.003369024023413658,-8.477849746668653e-07,-8.477849746668653e-07,0.0007258365512825549,-0.006992926821112633,-0.013271957635879517,-0.013271957635879517,1000.0,5.0
7.670833333333218,0.5999999999999999,0.5999831557273865,0.003369023324921727,-8.475241770611319e-07,-8.475241770611319e-07,0.0007258365512825549,-0.006992925889790058,-0.013271957635879517,-0.013271957635879517,1000.0,5.0
7.674999999999884,0.5999999999999999,0.5999831557273865,0.003369024023413658,-8.442675039077585e-07,-8.442675039077585e-07,0.0007258365512825549,-0.00699292728677392,-0.013271987438201904,-0.013271987438201904,1000.0,5.0
7.679166666666551,0.5999999999999999,0.5999831557273865,0.00336902285926044,-8.472675858683942e-07,-8.472675858683942e-07,0.0007258365512825549,-0.006992925889790058,-0.013271927833557129,-0.013271927833557129,1000.0,5.0
7.683333333333217,0.5999999999999999,0.5999831557273865,0.003369024256244302,-8.420902872785518e-07,-8.420902872785518e-07,0.0007258365512825549,-0.006992925889790058,-0.013271987438201904,-0.013271987438201904,1000.0,5.0
7.687499999999884,0.5999999999999999,0.5999831557273865,0.0033690244890749454,-8.481879945065884e-07,-8.481879945065884e-07,0.0007258365512825549,-0.006992926821112633,-0.013271987438201904,-0.013271987438201904,1000.0,5.0
7.69166666666655,0.5999999999999999,0.5999831557273865,0.0033690226264297962,-8.497120802530844e-07,-8.497120802530844e-07,0.0007258365512825549,-0.006992925424128771,-0.013271957635879517,-0.013271957635879517,1000.0,5.0
7.6958333333332165,0.5999999999999999,0.5999831557273865,0.0033690249547362328,-8.411893759330269e-07,-8.411893759330269e-07,0.0007258365512825549,-0.0069929263554513454,-0.013272017240524292,-0.013272017240524292,1000.0,5.0
7.699999999999883,0.5999999999999999,0.5999831557273865,0.003369024023413658,-8.513599709658592e-07,-8.513599709658592e-07,0.0007258365512825549,-0.0069929263554513454,-0.013271957635879517,-0.013271957635879517,1000.0,5.0
7.704166666666549,0.5999999999999999,0.5999831557273865,0.003369024023413658,-8.477849746668653e-07,-8.477849746668653e-07,0.0007258365512825549,-0.006992926821112633,-0.013271957635879517,-0.013271957635879517,1000.0,5.0
7.708333333333216,0.5999999999999999,0.5999831557273865,0.003369023324921727,-8.475241770611319e-07,-8.475241770611319e-07,0.0007258365512825549,-0.006992925889790058,-0.013271957635879517,-0.013271957635879517,1000.0,5.0
7.712499999999882,0.5999999999999999,0.5999831557273865,0.003369024023413658,-8.442675039077585e-07,-8.442675039077585e-07,0.0007258365512825549,-0.00699292728677392,-0.013271987438201904,-0.013271987438201904,1000.0,5.0
7.716666666666549,0.5999999999999999,0.5999831557273865,0.00336902285926044,-8.472675858683942e-07,-8.472675858683942e-07,0.0007258365512825549,-0.006992925889790058,-0.013271927833557129,-0.013271927833557129,1000.0,5.0
7.720833333333215,0.5999999999999999,0.5999831557273865,0.003369024256244302,-8.420902872785518e-07,-8.420902872785518e-07,0.0007258365512825549,-0.006992925889790058,-0.013271987438201904,-0.013271987438201904,1000.0,5.0
7.7249999999998815,0.5999999999999999,0.5999831557273865,0.0033690244890749454,-8.481879945065884e-07,-8.481879945065884e-07,0.0007258365512825549,-0.006992926821112633,-0.013271987438201904,-0.013271987438201904,1000.0,5.0
7.729166666666548,0.5999999999999999,0.5999831557273865,0.0033690226264297962,-8.497120802530844e-07,-8.497120802530844e-07,0.0007258365512825549,-0.006992925424128771,-0.013271957635879517,-0.013271957635879517,1000.0,5.0
7.733333333333214,0.5999999999999999,0.5999831557273865,0.0033690249547362328,-8.411893759330269e-07,-8.411893759330269e-07,0.0007258365512825549,-0.0069929263554513454,-0.013272017240524292,-0.013272017240524292,1000.0,5.0
7.737499999999881,0.5999999999999999,0.5999831557273865,0.003369024023413658,-8.513599709658592e-07,-8.513599709658592e-07,0.0007258365512825549,-0.0069929263554513454,-0.013271957635879517,-0.013271957635879517,1000.0,5.0
7.741666666666547,0.5999999999999999,0.5999831557273865,0.003369024023413658,-8.477849746668653e-07,-8.477849746668653e-07,0.0007258365512825549,-0.006992926821112633,-0.013271957635879517,-0.013271957635879517,1000.0,5.0
7.745833333333214,0.5999999999999999,0.5999831557273865,0.003369023324921727,-8.475241770611319e-07,-8.475241770611319e-07,0.0007258365512825549,-0.006992925889790058,-0.013271957635879517,-0.013271957635879517,1000.0,5.0
7.74999999999988,0.5999999999999999,0.5999831557273865,0.003369024023413658,-8.442675039077585e-07,-8.442675039077585e-07,0.0007258365512825549,-0.00699292728677392,-0.013271987438201904,-0.013271987438201904,1000.0,5.0
7.7541666666665465,0.5999999999999999,0.5999831557273865,0.00336902285926044,-8.472675858683942e-07,-8.472675858683942e-07,0.0007258365512825549,-0.006992925889790058,-0.013271927833557129,-0.013271927833557129,1000.0,5.0
7.758333333333213,0.5999999999999999,0.5999831557273865,0.003369024256244302,-8.420902872785518e-07,-8.420902872785518e-07,0.0007258365512825549,-0.006992925889790058,-0.013271987438201904,-0.013271987438201904,1000.0,5.0
7.762499999999879,0.5999999999999999,0.5999831557273865,0.0033690244890749454,-8.481879945065884e-07,-8.481879945065884e-07,0.0007258365512825549,-0.006992926821112633,-0.013271987438201904,-0.013271987438201904,1000.0,5.0
7.766666666666546,0.5999999999999999,0.5999831557273865,0.0033690226264297962,-8.497120802530844e-07,-8.497120802530844e-07,0.0007258365512825549,-0.006992925424128771,-0.013271957635879517,-0.013271957635879517,1000.0,5.0
7.770833333333212,0.5999999999999999,0.5999831557273865,0.0033690249547362328,-8.411893759330269e-07,-8.411893759330269e-07,0.0007258365512825549,-0.0069929263554513454,-0.013272017240524292,-0.013272017240524292,1000.0,5.0
7.774999999999879,0.5999999999999999,0.5999831557273865,0.003369024023413658,-8.513599709658592e-07,-8.513599709658592e-07,0.0007258365512825549,-0.0069929263554513454,-0.013271957635879517,-0.013271957635879517,1000.0,5.0
7.779166666666545,0.5999999999999999,0.5999831557273865,0.003369024023413658,-8.477849746668653e-07,-8.477849746668653e-07,0.0007258365512825549,-0.006992926821112633,-0.013271957635879517,-0.013271957635879517,1000.0,5.0
7.7833333333332115,0.5999999999999999,0.5999831557273865,0.003369023324921727,-8.475241770611319e-07,-8.475241770611319e-07,0.0007258365512825549,-0.006992925889790058,-0.013271957635879517,-0.013271957635879517,1000.0,5.0
7.787499999999878,0.5999999999999999,0.5999831557273865,0.003369024023413658,-8.442675039077585e-07,-8.442675039077585e-07,0.0007258365512825549,-0.00699292728677392,-0.013271987438201904,-0.013271987438201904,1000.0,5.0
7.791666666666544,0.5999999999999999,0.5999831557273865,0.00336902285926044,-8.472675858683942e-07,-8.472675858683942e-07,0.0007258365512825549,-0.006992925889790058,-0.013271927833557129,-0.013271927833557129,1000.0,5.0
7.795833333333211,0.5999999999999999,0.5999831557273865,0.003369024256244302,-8.420902872785518e-07,-8.420902872785518e-07,0.0007258365512825549,-0.006992925889790058,-0.013271987438201904,-0.013271987438201904,1000.0,5.0
7.799999999999877,0.5999999999999999,0.5999831557273865,0.0033690244890749454,-8.481879945065884e-07,-8.481879945065884e-07,0.0007258365512825549,-0.006992926821112633,-0.013271987438201904,-0.013271987438201904,1000.0,5.0
7.804166666666544,0.5999999999999999,0.5999831557273865,0.0033690226264297962,-8.497120802530844e-07,-8.497120802530844e-07,0.0007258365512825549,-0.006992925424128771,-0.013271957635879517,-0.013271957635879517,1000.0,5.0
7.80833333333321,0.5999999999999999,0.5999831557273865,0.0033690249547362328,-8.411893759330269e-07,-8.411893759330269e-07,0.0007258365512825549,-0.0069929263554513454,-0.013272017240524292,-0.013272017240524292,1000.0,5.0
7.8124999999998765,0.5999999999999999,0.5999831557273865,0.003369024023413658,-8.513599709658592e-07,-8.513599709658592e-07,0.0007258365512825549,-0.0069929263554513454,-0.013271957635879517,-0.013271957635879517,1000.0,5.0
7.816666666666543,0.5999999999999999,0.5999831557273865,0.003369024023413658,-8.477849746668653e-07,-8.477849746668653e-07,0.0007258365512825549,-0.006992926821112633,-0.013271957635879517,-0.013271957635879517,1000.0,5.0
7.820833333333209,0.5999999999999999,0.5999831557273865,0.003369023324921727,-8.475241770611319e-07,-8.475241770611319e-07,0.0007258365512825549,-0.006992925889790058,-0.013271957635879517,-0.013271957635879517,1000.0,5.0
7.824999999999876,0.5999999999999999,0.5999831557273865,0.003369024023413658,-8.442675039077585e-07,-8.442675039077585e-07,0.0007258365512825549,-0.00699292728677392,-0.013271987438201904,-0.013271987438201904,1000.0,5.0
7.829166666666542,0.5999999999999999,0.5999831557273865,0.00336902285926044,-8.472675858683942e-07,-8.472675858683942e-07,0.0007258365512825549,-0.006992925889790058,-0.013271927833557129,-0.013271927833557129,1000.0,5.0
7.833333333333209,0.5999999999999999,0.5999831557273865,0.003369024256244302,-8.420902872785518e-07,-8.420902872785518e-07,0.0007258365512825549,-0.006992925889790058,-0.013271987438201904,-0.013271987438201904,1000.0,5.0
7.837499999999875,0.5999999999999999,0.5999831557273865,0.0033690244890749454,-8.481879945065884e-07,-8.481879945065884e-07,0.0007258365512825549,-0.006992926821112633,-0.013271987438201904,-0.013271987438201904,1000.0,5.0
7.8416666666665416,0.5999999999999999,0.5999831557273865,0.0033690226264297962,-8.497120802530844e-07,-8.497120802530844e-07,0.0007258365512825549,-0.006992925424128771,-0.013271957635879517,-0.013271957635879517,1000.0,5.0
7.845833333333208,0.5999999999999999,0.5999831557273865,0.0033690249547362328,-8.411893759330269e-07,-8.411893759330269e-07,0.0007258365512825549,-0.0069929263554513454,-0.013272017240524292,-0.013272017240524292,1000.0,5.0
7.849999999999874,0.5999999999999999,0.5999831557273865,0.003369024023413658,-8.513599709658592e-07,-8.513599709658592e-07,0.0007258365512825549,-0.0069929263554513454,-0.013271957635879517,-0.013271957635879517,1000.0,5.0
7.854166666666541,0.5999999999999999,0.5999831557273865,0.003369024023413658,-8.477849746668653e-07,-8.477849746668653e-07,0.0007258365512825549,-0.006992926821112633,-0.013271957635879517,-0.013271957635879517,1000.0,5.0
7.858333333333207,0.5999999999999999,0.5999831557273865,0.003369023324921727,-8.475241770611319e-07,-8.475241770611319e-07,0.0007258365512825549,-0.006992925889790058,-0.013271957635879517,-0.013271957635879517,1000.0,5.0
7.862499999999874,0.5999999999999999,0.5999831557273865,0.003369024023413658,-8.442675039077585e-07,-8.442675039077585e-07,0.0007258365512825549,-0.00699292728677392,-0.013271987438201904,-0.013271987438201904,1000.0,5.0
7.86666666666654,0.5999999999999999,0.5999831557273865,0.00336902285926044,-8.472675858683942e-07,-8.472675858683942e-07,0.0007258365512825549,-0.006992925889790058,-0.013271927833557129,-0.013271927833557129,1000.0,5.0
7.870833333333207,0.5999999999999999,0.5999831557273865,0.003369024256244302,-8.420902872785518e-07,-8.420902872785518e-07,0.0007258365512825549,-0.006992925889790058,-0.013271987438201904,-0.013271987438201904,1000.0,5.0
7.874999999999873,0.5999999999999999,0.5999831557273865,0.0033690244890749454,-8.481879945065884e-07,-8.481879945065884e-07,0.0007258365512825549,-0.006992926821112633,-0.013271987438201904,-0.013271987438201904,1000.0,5.0
7.879166666666539,0.5999999999999999,0.5999831557273865,0.0033690226264297962,-8.497120802530844e-07,-8.497120802530844e-07,0.0007258365512825549,-0.006992925424128771,-0.013271957635879517,-0.013271957635879517,1000.0,5.0
7.883333333333206,0.5999999999999999,0.5999831557273865,0.0033690249547362328,-8.411893759330269e-07,-8.411893759330269e-07,0.0007258365512825549,-0.0069929263554513454,-0.013272017240524292,-0.013272017240524292,1000.0,5.0
7.887499999999872,0.5999999999999999,0.5999831557273865,0.003369024023413658,-8.513599709658592e-07,-8.513599709658592e-07,0.0007258365512825549,-0.0069929263554513454,-0.013271957635879517,-0.013271957635879517,1000.0,5.0
7.891666666666539,0.5999999999999999,0.5999831557273865,0.003369024023413658,-8.477849746668653e-07,-8.477849746668653e-07,0.0007258365512825549,-0.006992926821112633,-0.013271957635879517,-0.013271957635879517,1000.0,5.0
7.895833333333205,0.5999999999999999,0.5999831557273865,0.003369023324921727,-8.475241770611319e-07,-8.475241770611319e-07,0.0007258365512825549,-0.006992925889790058,-0.013271957635879517,-0.013271957635879517,1000.0,5.0
7.899999999999872,0.5999999999999999,0.5999831557273865,0.003369024023413658,-8.442675039077585e-07,-8.442675039077585e-07,0.0007258365512825549,-0.00699292728677392,-0.013271987438201904,-0.013271987438201904,1000.0,5.0
7.904166666666538,0.5999999999999999,0.5999831557273865,0.00336902285926044,-8.472675858683942e-07,-8.472675858683942e-07,0.0007258365512825549,-0.006992925889790058,-0.013271927833557129,-0.013271927833557129,1000.0,5.0
7.908333333333204,0.5999999999999999,0.5999831557273865,0.003369024256244302,-8.420902872785518e-07,-8.420902872785518e-07,0.0007258365512825549,-0.006992925889790058,-0.013271987438201904,-0.013271987438201904,1000.0,5.0
7.912499999999871,0.5999999999999999,0.5999831557273865,0.0033690244890749454,-8.481879945065884e-07,-8.481879945065884e-07,0.0007258365512825549,-0.006992926821112633,-0.013271987438201904,-0.013271987438201904,1000.0,5.0
7.916666666666537,0.5999999999999999,0.5999831557273865,0.0033690226264297962,-8.497120802530844e-07,-8.497120802530844e-07,0.0007258365512825549,-0.006992925424128771,-0.013271957635879517,-0.013271957635879517,1000.0,5.0
7.920833333333204,0.5999999999999999,0.5999831557273865,0.0033690249547362328,-8.411893759330269e-07,-8.411893759330269e-07,0.0007258365512825549,-0.0069929263554513454,-0.013272017240524292,-0.013272017240524292,1000.0,5.0
7.92499999999987,0.5999999999999999,0.5999831557273865,0.003369024023413658,-8.513599709658592e-07,-8.513599709658592e-07,0.0007258365512825549,-0.0069929263554513454,-0.013271957635879517,-0.013271957635879517,1000.0,5.0
7.929166666666537,0.5999999999999999,0.5999831557273865,0.003369024023413658,-8.477849746668653e-07,-8.477849746668653e-07,0.0007258365512825549,-0.006992926821112633,-0.013271957635879517,-0.013271957635879517,1000.0,5.0
7.933333333333203,0.5999999999999999,0.5999831557273865,0.003369023324921727,-8.475241770611319e-07,-8.475241770611319e-07,0.0007258365512825549,-0.006992925889790058,-0.013271957635879517,-0.013271957635879517,1000.0,5.0
7.937499999999869,0.5999999999999999,0.5999831557273865,0.003369024023413658,-8.442675039077585e-07,-8.442675039077585e-07,0.0007258365512825549,-0.00699292728677392,-0.013271987438201904,-0.013271987438201904,1000.0,5.0
7.941666666666536,0.5999999999999999,0.5999831557273865,0.00336902285926044,-8.472675858683942e-07,-8.472675858683942e-07,0.0007258365512825549,-0.006992925889790058,-0.013271927833557129,-0.013271927833557129,1000.0,5.0
7.945833333333202,0.5999999999999999,0.5999831557273865,0.003369024256244302,-8.420902872785518e-07,-8.420902872785518e-07,0.0007258365512825549,-0.006992925889790058,-0.013271987438201904,-0.013271987438201904,1000.0,5.0
7.949999999999869,0.5999999999999999,0.5999831557273865,0.0033690244890749454,-8.481879945065884e-07,-8.481879945065884e-07,0.0007258365512825549,-0.006992926821112633,-0.013271987438201904,-0.013271987438201904,1000.0,5.0
7.954166666666535,0.5999999999999999,0.5999831557273865,0.0033690226264297962,-8.497120802530844e-07,-8.497120802530844e-07,0.0007258365512825549,-0.006992925424128771,-0.013271957635879517,-0.013271957635879517,1000.0,5.0
7.958333333333202,0.5999999999999999,0.5999831557273865,0.0033690249547362328,-8.411893759330269e-07,-8.411893759330269e-07,0.0007258365512825549,-0.0069929263554513454,-0.013272017240524292,-0.013272017240524292,1000.0,5.0
7.962499999999868,0.5999999999999999,0.5999831557273865,0.003369024023413658,-8.513599709658592e-07,-8.513599709658592e-07,0.0007258365512825549,-0.0069929263554513454,-0.013271957635879517,-0.013271957635879517,1000.0,5.0
7.9666666666665344,0.5999999999999999,0.5999831557273865,0.003369024023413658,-8.477849746668653e-07,-8.477849746668653e-07,0.0007258365512825549,-0.006992926821112633,-0.013271957635879517,-0.013271957635879517,1000.0,5.0
7.970833333333201,0.5999999999999999,0.5999831557273865,0.003369023324921727,-8.475241770611319e-07,-8.475241770611319e-07,0.0007258365512825549,-0.006992925889790058,-0.013271957635879517,-0.013271957635879517,1000.0,5.0
7.974999999999867,0.5999999999999999,0.5999831557273865,0.003369024023413658,-8.442675039077585e-07,-8.442675039077585e-07,0.0007258365512825549,-0.00699292728677392,-0.013271987438201904,-0.013271987438201904,1000.0,5.0
7.979166666666534,0.5999999999999999,0.5999831557273865,0.00336902285926044,-8.472675858683942e-07,-8.472675858683942e-07,0.0007258365512825549,-0.006992925889790058,-0.013271927833557129,-0.013271927833557129,1000.0,5.0
7.9833333333332,0.5999999999999999,0.5999831557273865,0.003369024256244302,-8.420902872785518e-07,-8.420902872785518e-07,0.0007258365512825549,-0.006992925889790058,-0.013271987438201904,-0.013271987438201904,1000.0,5.0
7.987499999999867,0.5999999999999999,0.5999831557273865,0.0033690244890749454,-8.481879945065884e-07,-8.481879945065884e-07,0.0007258365512825549,-0.006992926821112633,-0.013271987438201904,-0.013271987438201904,1000.0,5.0
7.991666666666533,0.5999999999999999,0.5999831557273865,0.0033690226264297962,-8.497120802530844e-07,-8.497120802530844e-07,0.0007258365512825549,-0.006992925424128771,-0.013271957635879517,-0.013271957635879517,1000.0,5.0
7.9958333333331995,0.5999999999999999,0.5999831557273865,0.0033690249547362328,-8.411893759330269e-07,-8.411893759330269e-07,0.0007258365512825549,-0.0069929263554513454,-0.013272017240524292,-0.013272017240524292,1000.0,5.0
7.999999999999866,0.5999999999999999,0.5999831557273865,0.003369024023413658,-8.513599709658592e-07,-8.513599709658592e-07,0.0007258365512825549,-0.0069929263554513454,-0.013271957635879517,-0.013271957635879517,1000.0,5.0
8.004166666666533,0.5999999999999999,0.5999831557273865,0.003369024023413658,-8.477849746668653e-07,-8.477849746668653e-07,0.0007258365512825549,-0.006992926821112633,-0.013271957635879517,-0.013271957635879517,1000.0,5.0
8.0083333333332,0.5999999999999999,0.5999831557273865,0.003369023324921727,-8.475241770611319e-07,-8.475241770611319e-07,0.0007258365512825549,-0.006992925889790058,-0.013271957635879517,-0.013271957635879517,1000.0,5.0
8.012499999999866,0.5999999999999999,0.5999831557273865,0.003369024023413658,-8.442675039077585e-07,-8.442675039077585e-07,0.0007258365512825549,-0.00699292728677392,-0.013271987438201904,-0.013271987438201904,1000.0,5.0
8.016666666666532,0.5999999999999999,0.5999831557273865,0.00336902285926044,-8.472675858683942e-07,-8.472675858683942e-07,0.0007258365512825549,-0.006992925889790058,-0.013271927833557129,-0.013271927833557129,1000.0,5.0
