Time,Target Motor Position,Motor Position,Motor Velocity,Motor Applied Torque,Motor calculated Torque,Ankle Position,Ankle Velocity,Ankle Applied Torque,Ankle Calculated Torque,Kp,Kd
0.0,0.0,-1.037333774434046e-07,1.147247076005442e-06,0.0,0.0,9.439190762350336e-08,-2.5985650609072763e-06,0.0,0.0,1000.0,5.0
0.008333333333333333,0.0,-1.037333774434046e-07,4.4713069655699655e-05,9.747564035933465e-05,9.747564035933465e-05,9.439190762350336e-08,-2.4801081508485368e-06,8.273230923805386e-05,8.273230923805386e-05,1000.0,5.0
0.016666666666666666,0.0,-1.037333774434046e-07,-1.1657748473226093e-05,-0.00011867555440403521,-0.00011867555440403521,9.439190762350336e-08,1.0999106052622665e-06,7.680946146138012e-05,7.680946146138012e-05,1000.0,5.0
0.025,0.0,-1.037333774434046e-07,6.440494325943291e-05,0.00016052837600000203,0.00016052837600000203,9.439190762350336e-08,-3.5395669328863733e-06,-0.0001021914795273915,-0.0001021914795273915,1000.0,5.0
0.03333333333333333,0.0,-1.037333774434046e-07,-3.808794281212613e-05,-0.00021627542446367443,-0.00021627542446367443,9.439190762350336e-08,2.7209300696995342e-06,0.00012978239101357758,0.00012978239101357758,1000.0,5.0
0.041666666666666664,0.0,-1.037333774434046e-07,0.00010002561612054706,0.00029145670123398304,0.00029145670123398304,9.439190762350336e-08,-5.714936833101092e-06,-0.00018324246047995985,-0.00018324246047995985,1000.0,5.0
0.049999999999999996,0.0,-1.037333774434046e-07,-8.608802454546094e-05,-0.00039273424772545695,-0.00039273424772545695,9.439190762350336e-08,5.652764684782596e-06,0.00023855089966673404,0.00023855089966673404,1000.0,5.0
0.05833333333333333,0.0,-1.037333774434046e-07,0.00016470767150167376,0.0005292408750392497,0.0005292408750392497,9.439190762350336e-08,-9.66567313298583e-06,-0.00032983420533128083,-0.00032983420533128083,1000.0,5.0
0.06666666666666667,0.0,-1.037333774434046e-07,-0.00017324973305221647,-0.0007131581078283489,-0.0007131581078283489,9.439190762350336e-08,1.0976549674523994e-05,0.0004360876919236034,0.0004360876919236034,1000.0,5.0
0.075,0.0,-1.037333774434046e-07,0.0002821616653818637,0.0009610251290723681,0.0009610251290723681,9.439190762350336e-08,-1.6839703675941564e-05,-0.0005960233975201845,-0.0005960233975201845,1000.0,5.0
0.08333333333333333,0.0,-1.037333774434046e-07,-0.00033152379910461605,-0.0012950050877407193,-0.0012950050877407193,9.439190762350336e-08,2.0643874449888244e-05,0.0007947892299853265,0.0007947892299853265,1000.0,5.0
0.09166666666666666,0.0,-1.037333774434046e-07,0.0004954425385221839,0.0017450877930969,0.0017450877930969,9.439190762350336e-08,-2.9866774639231153e-05,-0.0010793897090479732,-0.0010793897090479732,1000.0,5.0
0.09999999999999999,0.0,-1.037333774434046e-07,-0.0006189285777509212,-0.002351562026888132,-0.002351562026888132,9.439190762350336e-08,3.8198428228497505e-05,0.0014461427927017212,0.0014461427927017212,1000.0,5.0
0.10833333333333332,0.0,-1.037333774434046e-07,0.000882732099853456,0.0031688418239355087,0.0031688418239355087,9.439190762350336e-08,-5.352212974685244e-05,-0.001957117347046733,-0.001957117347046733,1000.0,5.0
0.11666666666666665,0.0,-1.037333774434046e-07,-0.00114081718493253,-0.0042701284401118755,-0.0042701284401118755,9.439190762350336e-08,7.00752207194455e-05,0.0026289105881005526,0.0026289105881005526,1000.0,5.0
0.12499999999999999,0.0,-1.037333774434046e-07,0.001585998572409153,0.005754188634455204,0.005754188634455204,9.439190762350336e-08,-9.647730621509254e-05,-0.0035509569570422173,-0.0035509569570422173,1000.0,5.0
0.13333333333333333,0.0,-8.257660510935239e-07,-0.0020884969271719456,-0.00775399012491107,-0.00775399012491107,7.551505376568457e-08,0.00012795839575119317,0.004776669200509787,0.004776669200509787,1000.0,5.0
0.14166666666666666,0.0,5.123501978232525e-06,0.003195262048393488,0.01116702239960432,0.01116702239960432,-1.3336122037799214e-06,-0.0001861993077909574,-0.006435677409172058,-0.006435677409172058,1000.0,5.0
0.15,0.0,-1.2458015589800198e-05,-0.006668765097856522,-0.020928101614117622,-0.020928101614117622,1.2726890190606355e-06,0.000359801430022344,0.009976771660149097,0.009976771660149097,1000.0,5.0
0.15833333333333333,0.0,2.95878344331868e-05,0.014698214828968048,0.0454467348754406,0.0454467348754406,-5.61956085221027e-06,-0.0007660845294594765,-0.018626416102051735,-0.018626416102051735,1000.0,5.0
0.16666666666666666,0.0,-6.697542266920209e-05,-0.03337675333023071,-0.10228852182626724,-0.10228852182626724,6.388014298863709e-06,0.001749649876728654,0.04111400619149208,0.04111400619149208,1000.0,5.0
0.175,0.0,0.00015563696797471493,0.07565255463123322,0.23207035660743713,0.23207035660743713,-2.605549161671661e-05,-0.003910581581294537,-0.09067650139331818,-0.09067650139331818,1000.0,5.0
0.18333333333333332,0.0,-0.00035652006044983864,-0.17328451573848724,-0.5298236012458801,-0.5298236012458801,4.645476656151004e-05,0.009034105576574802,0.20855681598186493,0.20855681598186493,1000.0,5.0
0.19166666666666665,0.0,0.0008188161882571876,0.39689040184020996,1.2136151790618896,1.2136151790618896,-0.00011742152855731547,-0.0205710269510746,-0.4749326705932617,-0.4749326705932617,1000.0,5.0
0.19999999999999998,0.0,-0.001880698837339878,-0.9100514054298401,-2.7818920612335205,-2.7818920612335205,0.00026050989981740713,0.0472547821700573,1.0872621536254883,1.0872621536254883,1000.0,5.0
0.20833333333333331,0.0,0.004319274798035622,2.088186025619507,6.38192892074585,6.38192892074585,-0.0006070444360375404,-0.10832497477531433,-2.4929940700531006,-2.4929940700531006,1000.0,5.0
0.21666666666666665,0.0,-0.00991582591086626,-4.793269157409668,-14.647695541381836,-14.647695541381836,0.0013841744512319565,0.24870872497558594,5.719770908355713,5.719770908355713,1000.0,5.0
0.22499999999999998,0.0,0.02276291325688362,11.003127098083496,33.62391662597656,33.62391662597656,-0.0031843387987464666,-0.5708264708518982,-13.127523422241211,-13.127523422241211,1000.0,5.0
0.2333333333333333,0.0,-0.05225472152233124,-25.25844383239746,-77.18571472167969,-77.18571472167969,0.007302695885300636,1.3104310035705566,30.13349151611328,30.13349151611328,1000.0,5.0
0.24166666666666664,0.0,0.1199541911482811,57.98286819458008,177.18603515625,177.18603515625,-0.01676960289478302,-3.0081427097320557,-69.17289733886719,-69.17289733886719,1000.0,5.0
0.24999999999999997,0.0,-0.275363564491272,-133.10415649414062,-406.7444763183594,-406.7444763183594,0.038488246500492096,6.905484676361084,158.79193115234375,158.79193115234375,1000.0,5.0
0.2583333333333333,0.0,0.867272138595581,409.259033203125,933.7128295898438,933.7128295898438,-0.2616354823112488,-121.22998046875,-364.5183410644531,-364.5183410644531,1000.0,5.0
0.26666666666666666,0.0,3.1199655532836914,-9.308700561523438,-2000.0,-2893.09375,1.1727070808410645,-35.552650451660156,500.0,6192.31689453125,1000.0,5.0
0.275,0.0,3.1011273860931396,-17.430500030517578,-2000.0,-3072.46240234375,2.9210126399993896,-73.79313659667969,500.0,1191.279052734375,1000.0,5.0
0.2833333333333334,0.0,2.905686616897583,-683.3030395507812,-2000.0,-3014.2861328125,3.1415915489196777,-4.468252882361412e-05,500.0,2229.150390625,1000.0,5.0
0.29166666666666674,0.0,0.18754355609416962,-222.6414337158203,492.0694580078125,492.0694580078125,2.8328046798706055,-37.274269104003906,-500.0,-1570.7935791015625,1000.0,5.0
0.3000000000000001,0.0,0.8576513528823853,356.9627990722656,923.356201171875,923.356201171875,2.2556490898132324,-161.8493194580078,447.3111572265625,447.3111572265625,1000.0,5.0
0.30833333333333346,0.0,3.0066256523132324,-352.91973876953125,-2000.0,-2623.489501953125,-3.141592025756836,1.870095729827881e-05,500.0,6964.64111328125,1000.0,5.0
0.3166666666666668,0.0,-2.357422113418579,-1029.8922119140625,-1249.3785400390625,-1249.3785400390625,-2.3653430938720703,231.89012145996094,500.0,1570.7950439453125,1000.0,5.0
0.3250000000000002,0.0,-2.979156255722046,-249.72433471679688,2000.0,7460.2861328125,-3.141582489013672,-0.00017551291966810822,-500.0,-10411.833984375,1000.0,5.0
0.33333333333333354,0.0,-2.899266242980957,902.2188110351562,2000.0,4244.97998046875,-3.1415910720825195,-0.00014512799680233002,500.0,1570.800048828125,1000.0,5.0
0.3416666666666669,0.0,-1.9978727102279663,-411.051513671875,-1580.660400390625,-1580.660400390625,-1.8974634408950806,359.1217346191406,500.0,1570.802734375,1000.0,5.0
0.35000000000000026,0.0,-3.064162254333496,-12.59151840209961,2000.0,4023.149658203125,-2.5565683841705322,89.33917999267578,-500.0,-17007.353515625,1000.0,5.0
0.3583333333333336,0.0,-2.856613874435425,332.45849609375,2000.0,3131.88818359375,-3.1415891647338867,4.913751035928726e-05,-500.0,-3188.6748046875,1000.0,5.0
0.366666666666667,0.0,1.6158840656280518,789.687255859375,1204.63232421875,1204.63232421875,3.141592025756836,-0.00027286805561743677,500.0,1570.7921142578125,1000.0,5.0
0.37500000000000033,0.0,2.7744698524475098,-254.8306121826172,-2000.0,-5528.298828125,3.141587257385254,-0.00011287350207567215,-500.0,-1570.7823486328125,1000.0,5.0
0.3833333333333337,0.0,-1.909605622291565,-881.6754150390625,-1521.751953125,-1521.751953125,-3.141591787338257,-0.0001732769305817783,-500.0,-1570.7879638671875,1000.0,5.0
0.39166666666666705,0.0,-2.756497859954834,54.10995101928711,2000.0,6276.26318359375,-3.1415817737579346,-0.00018193665891885757,500.0,1570.8045654296875,1000.0,5.0
0.4000000000000004,0.0,2.6651105880737305,914.837890625,2000.0,2506.118408203125,3.1415913105010986,118.86241149902344,500.0,1570.800048828125,1000.0,5.0
0.40833333333333377,0.0,2.6955976486206055,-77.41606903076172,-2000.0,-7187.43896484375,3.1415793895721436,0.0002109101042151451,-500.0,-7513.916015625,1000.0,5.0
0.41666666666666713,0.0,-2.579847812652588,-1078.54638671875,-2000.0,-2334.480712890625,-3.141589879989624,-20.31148910522461,-500.0,-1570.8001708984375,1000.0,5.0
0.4250000000000005,0.0,-2.7427937984466553,-172.3042755126953,2000.0,7917.72998046875,-3.14157772064209,-0.00024874787777662277,500.0,2586.369384765625,1000.0,5.0
0.43333333333333385,0.0,-3.127235174179077,1336.409912109375,2000.0,3627.269287109375,3.141592264175415,0.0021107890643179417,500.0,1570.80126953125,1000.0,5.0
0.4416666666666672,0.0,-2.6210074424743652,-677.804931640625,-2000.0,-3516.594482421875,-3.1415913105010986,-3.0180941394064575e-05,-500.0,-1570.9017333984375,1000.0,5.0
0.45000000000000057,0.0,-2.710280179977417,139.21295166015625,2000.0,5959.33544921875,-3.1415822505950928,-0.00015280582010746002,500.0,1570.797119140625,1000.0,5.0
0.4583333333333339,0.0,2.370657205581665,1037.14501953125,2000.0,2035.2095947265625,3.141592264175415,-0.00019984856771770865,500.0,1570.798828125,1000.0,5.0
0.4666666666666673,0.0,2.7533011436462402,136.27651977539062,-2000.0,-7505.33984375,3.1415770053863525,0.0002089720219373703,-500.0,-1570.7861328125,1000.0,5.0
0.47500000000000064,0.0,-3.074162006378174,-129.463623046875,-2000.0,-3456.345947265625,-3.1415908336639404,-587.6719360351562,-500.0,-1570.7989501953125,1000.0,5.0
0.483333333333334,0.0,0.6508248448371887,1183.63818359375,2000.0,3683.282958984375,3.1415913105010986,0.00016828520165290684,500.0,30954.392578125,1000.0,5.0
0.49166666666666736,0.0,2.804935932159424,11.994682312011719,-2000.0,-6514.45751953125,3.141583204269409,0.0002231048420071602,-500.0,-1570.8040771484375,1000.0,5.0
0.5000000000000007,0.0,-2.816774845123291,-623.6434936523438,-2000.0,-2884.33056640625,-3.141589641571045,-297.8646240234375,-500.0,-1570.802734375,1000.0,5.0
0.508333333333334,0.0,-2.9241585731506348,1245.3760986328125,2000.0,5888.0595703125,-3.1415836811065674,0.00011388305574655533,500.0,16464.025390625,1000.0,5.0
0.5166666666666673,0.0,-3.141592264175415,3.046802885364741e-05,-2000.0,-3253.8125,-0.63795405626297,276.8207092285156,500.0,1570.7861328125,1000.0,5.0
0.5250000000000006,0.0,-3.0420525074005127,-8.215324401855469,2000.0,3107.55859375,-1.198221206665039,139.65577697753906,-500.0,-13522.05859375,1000.0,5.0
0.5333333333333339,0.0,-3.069700002670288,29.14415740966797,2000.0,3083.259033203125,-2.328991413116455,101.65441131591797,-500.0,-6383.6787109375,1000.0,5.0
0.5416666666666672,0.0,-2.85656476020813,191.34698486328125,2000.0,2924.826904296875,-3.1415152549743652,5.738809704780579e-06,-500.0,-3918.22509765625,1000.0,5.0
0.5500000000000005,0.0,2.2527151107788086,1013.8983764648438,1905.284423828125,1905.284423828125,3.1414990425109863,0.00012049582437612116,500.0,1570.75732421875,1000.0,5.0
0.5583333333333338,0.0,2.756673574447632,107.6067123413086,-2000.0,-7273.10205078125,-3.141514301300049,-0.0002744002267718315,-500.0,-1570.7554931640625,1000.0,5.0
0.5666666666666671,0.0,3.1171822547912598,-10.46072006225586,-2000.0,-3315.87841796875,-0.8666818141937256,-18.1911678314209,500.0,1570.7708740234375,1000.0,5.0
0.5750000000000004,0.0,3.1003942489624023,-17.695449829101562,-2000.0,-3066.21435546875,1.0183227062225342,-55.548038482666016,500.0,1342.8992919921875,1000.0,5.0
0.5833333333333337,0.0,3.092426061630249,-21.1270751953125,-2000.0,-3012.2060546875,2.5927839279174805,-80.24221801757812,500.0,2268.240478515625,1000.0,5.0
0.591666666666667,0.0,2.873171806335449,-426.9674072265625,-2000.0,-2986.926025390625,3.1366710662841797,-4.0854327380657196e-05,500.0,2715.71875,1000.0,5.0
0.6000000000000003,0.0,-1.1540073156356812,-687.6846923828125,-750.30078125,-750.30078125,3.081390380859375,48.15618896484375,-500.0,-1568.33349609375,1000.0,5.0
0.6083333333333336,0.0,3.1415905952453613,1.467560650780797e-08,2000.0,4563.9990234375,0.3669707775115967,-82.98387145996094,-500.0,-3948.5048828125,1000.0,5.0
0.6166666666666669,0.0,3.0855624675750732,-23.7127685546875,-2000.0,-3100.584716796875,1.7346420288085938,-82.49134826660156,500.0,3965.7080078125,1000.0,5.0
0.6250000000000002,0.0,3.091381788253784,-21.845657348632812,-2000.0,-2967.70947265625,2.7972352504730225,-93.93612670898438,500.0,3257.246337890625,1000.0,5.0
0.6333333333333335,0.0,2.9412951469421387,-520.0314331054688,-2000.0,-2982.07666015625,-2.985389471054077,-5.8628618717193604e-05,500.0,3298.1884765625,1000.0,5.0
0.6416666666666668,0.0,-1.132612943649292,-570.6345825195312,-355.19189453125,-355.19189453125,-2.6886441707611084,52.421730041503906,500.0,1492.6976318359375,1000.0,5.0
0.6500000000000001,0.0,-3.000044107437134,145.40280151367188,2000.0,3962.68505859375,-2.945929527282715,1.3752840459346771e-05,-500.0,-1276.7642822265625,1000.0,5.0
0.6583333333333334,0.0,3.131834030151367,18.73095703125,2000.0,2282.021728515625,2.885662317276001,441.066650390625,500.0,1472.9639892578125,1000.0,5.0
0.6666666666666667,0.0,3.1302032470703125,-1315.9638671875,-2000.0,-3196.18017578125,-2.7935051918029785,-0.002240309724584222,-500.0,-23496.1640625,1000.0,5.0
0.675,0.0,-1.0343154668807983,717.6038818359375,2000.0,3414.25,1.616044521331787,-0.007727765012532473,500.0,1396.8646240234375,1000.0,5.0
0.6833333333333333,0.0,-3.141592502593994,0.0007195535581558943,-2000.0,-2521.945068359375,-0.2335866391658783,-466.60040283203125,-500.0,-807.6358642578125,1000.0,5.0
0.6916666666666667,0.0,-2.9787776470184326,554.0673217773438,2000.0,3111.449951171875,-2.8303065299987793,-6.0575082898139954e-05,500.0,23446.8125,1000.0,5.0
0.7,0.0,0.6517784595489502,505.13531494140625,223.88958740234375,223.88958740234375,-2.7064504623413086,21.85812759399414,500.0,1415.1563720703125,1000.0,5.0
0.7083333333333333,0.0,-3.1415905952453613,-3.347668098285794e-08,-2000.0,-3159.3544921875,-1.0205802917480469,127.35529327392578,260.31884765625,260.31884765625,1000.0,5.0
0.7166666666666666,0.0,3.141592025756836,0.0003662195522338152,2000.0,3108.059814453125,-1.0778872966766357,9.322382926940918,-500.0,-5857.474609375,1000.0,5.0
0.7249999999999999,0.0,3.1368696689605713,3.345156669616699,-2000.0,-3108.3359375,-1.0134453773498535,23.805667877197266,72.82452392578125,72.82452392578125,1000.0,5.0
0.7333333333333332,0.0,3.1351921558380127,3.210679054260254,-2000.0,-3153.3544921875,-0.9418724775314331,31.569602966308594,-500.0,-683.560791015625,1000.0,5.0
0.7416666666666665,0.0,3.134148359298706,1.6167654991149902,-2000.0,-3151.2568359375,-0.8711019158363342,42.159141540527344,-500.0,-1107.5438232421875,1000.0,5.0
0.7499999999999998,0.0,3.1336629390716553,-1.3427343368530273,-2000.0,-3142.2802734375,-0.8023741245269775,54.751548767089844,-500.0,-1672.406005859375,1000.0,5.0
0.7583333333333331,0.0,3.1344637870788574,-9.04205322265625,-2000.0,-3127.03076171875,-0.7400200366973877,73.79905700683594,-500.0,-2336.390380859375,1000.0,5.0
0.7666666666666664,0.0,3.1354820728302,-135.68115234375,-2000.0,-3089.45458984375,-0.6750981211662292,78.64604949951172,-500.0,-3319.94287109375,1000.0,5.0
0.7749999999999997,0.0,-2.7219419479370117,-805.7254028320312,-2000.0,-2460.441650390625,-0.5743275284767151,41.47666549682617,-500.0,-3594.75341796875,1000.0,5.0
0.783333333333333,0.0,3.1415903568267822,-6.108330126153305e-05,2000.0,6701.5517578125,-0.24223662912845612,175.58766174316406,-500.0,-1786.66943359375,1000.0,5.0
0.7916666666666663,0.0,-3.141590118408203,-0.0003967431839555502,-2000.0,-3089.209228515625,1.0573318004608154,50.17786407470703,-500.0,-8658.2646484375,1000.0,5.0
0.7999999999999996,0.0,-3.1204774379730225,18.8995361328125,2000.0,3108.4345703125,0.9185478091239929,68.06336212158203,-500.0,-3037.55908203125,1000.0,5.0
0.8083333333333329,0.0,-3.1122865676879883,6.9509735107421875,2000.0,3026.41845703125,0.7908173203468323,61.71472930908203,-500.0,-3862.442138671875,1000.0,5.0
0.8166666666666662,0.0,-3.114403247833252,-9.01838493347168,2000.0,3077.259765625,0.5980896353721619,36.48503112792969,-500.0,-3481.145263671875,1000.0,5.0
0.8249999999999995,0.0,-3.118880033493042,-11.753175735473633,2000.0,3159.0576171875,0.24931634962558746,24.973060607910156,-500.0,-2123.29638671875,1000.0,5.0
0.8333333333333328,0.0,-3.123694658279419,-13.6280517578125,2000.0,3177.546875,-0.21466168761253357,18.821292877197266,-500.0,-1373.311279296875,1000.0,5.0
0.8416666666666661,0.0,-3.1239349842071533,-14.027724266052246,2000.0,3191.7587890625,-0.6722107529640198,21.779342651367188,-500.0,-833.7337646484375,1000.0,5.0
0.8499999999999994,0.0,-3.126026153564453,-12.581522941589355,2000.0,3194.061279296875,-1.0552151203155518,25.141878128051758,-500.0,-752.86181640625,1000.0,5.0
0.8583333333333327,0.0,-3.1226537227630615,-9.636765480041504,2000.0,3188.9609375,-1.4266372919082642,37.72398376464844,-500.0,-729.486328125,1000.0,5.0
0.866666666666666,0.0,-3.116947650909424,6.940071105957031,2000.0,3170.93408203125,-1.8189152479171753,67.30575561523438,-500.0,-1172.880615234375,1000.0,5.0
0.8749999999999993,0.0,-3.1164283752441406,48.3150634765625,2000.0,3082.71923828125,-2.2349917888641357,108.77250671386719,-500.0,-2455.830078125,1000.0,5.0
0.8833333333333326,0.0,-3.1278786659240723,371.3895263671875,2000.0,2875.959228515625,-2.6326284408569336,69.40866088867188,-500.0,-4321.1298828125,1000.0,5.0
0.8916666666666659,0.0,2.1370773315429688,961.896484375,1279.4722900390625,1279.4722900390625,-2.5821027755737305,-113.13738250732422,-500.0,-2154.118896484375,1000.0,5.0
0.8999999999999992,0.0,3.1313211917877197,7.617438793182373,-2000.0,-6902.7841796875,-1.5012866258621216,-1.4188647270202637,500.0,6947.92041015625,1000.0,5.0
0.9083333333333325,0.0,-3.1415891647338867,0.0001220703125,-2000.0,-3189.27587890625,-0.956371545791626,-112.88221740722656,500.0,821.5865478515625,1000.0,5.0
0.9166666666666659,0.0,3.141589879989624,0.00067138671875,2000.0,3107.8984375,-1.8261715173721313,2.936981201171875,500.0,6122.29638671875,1000.0,5.0
0.9249999999999992,0.0,-3.141589403152466,0.0001220703125,-2000.0,-3108.336181640625,-1.4940156936645508,-110.90568542480469,500.0,766.2366943359375,1000.0,5.0
0.9333333333333325,0.0,3.0313425064086914,211.6761474609375,2000.0,3108.329345703125,-1.974672555923462,265.0598449707031,500.0,6292.2919921875,1000.0,5.0
0.9416666666666658,0.0,-3.1415915489196777,-0.0003662109375,-2000.0,-4051.41845703125,-0.94325852394104,125.7137451171875,-500.0,-12265.65625,1000.0,5.0
0.9499999999999991,0.0,3.141589641571045,-0.000732421875,2000.0,3103.315185546875,0.778438150882721,7.93170166015625,-500.0,-5814.05810546875,1000.0,5.0
0.9583333333333324,0.0,-3.141587018966675,0.0,-2000.0,-3108.353271484375,0.9735644459724426,121.77410888671875,-500.0,-785.80419921875,1000.0,5.0
0.9666666666666657,0.0,3.1415915489196777,865.3558349609375,2000.0,3108.32763671875,0.39597049355506897,248.10394287109375,-500.0,-6575.48779296875,1000.0,5.0
0.974999999999999,0.0,3.1317265033721924,3.5423026084899902,-2000.0,-7412.0859375,-0.28774240612983704,26.298473358154297,-500.0,-12603.1826171875,1000.0,5.0
0.9833333333333323,0.0,3.136596202850342,4.548696517944336,-2000.0,-3172.1220703125,-0.1955863982439041,11.215057373046875,-500.0,-1171.052490234375,1000.0,5.0
0.9916666666666656,0.0,3.1363492012023926,4.174555778503418,-2000.0,-3159.40771484375,-0.12145940959453583,13.369314193725586,-462.95965576171875,-462.95965576171875,1000.0,5.0
0.9999999999999989,0.0,3.13529109954834,4.452333927154541,-2000.0,-3157.233642578125,-0.04744125157594681,16.619728088378906,-500.0,-607.7359619140625,1000.0,5.0
1.0083333333333322,0.0,3.134326696395874,3.913527488708496,-2000.0,-3157.551025390625,0.022889435291290283,21.703210830688477,-500.0,-807.2657470703125,1000.0,5.0
1.0166666666666655,0.0,3.1333532333374023,3.4056010246276855,-2000.0,-3153.913818359375,0.09427016973495483,27.58226776123047,-500.0,-1096.605224609375,1000.0,5.0
1.0249999999999988,0.0,3.13293194770813,1.0986251831054688,-2000.0,-3150.400146484375,0.16649988293647766,36.96173095703125,-500.0,-1426.24853515625,1000.0,5.0
1.033333333333332,0.0,3.1334433555603027,-1.372269630432129,-2000.0,-3138.48876953125,0.23721662163734436,44.92472839355469,-500.0,-1931.33642578125,1000.0,5.0
1.0416666666666654,0.0,3.1348319053649902,-5.96343994140625,-2000.0,-3126.645263671875,0.3022332787513733,55.22397994995117,-500.0,-2364.8447265625,1000.0,5.0
1.0499999999999987,0.0,3.1364004611968994,-9.3031005859375,-2000.0,-3105.1298828125,0.36547577381134033,62.31389236450195,-500.0,-2912.315673828125,1000.0,5.0
1.058333333333332,0.0,3.137972831726074,-251.6947021484375,-2000.0,-3089.966064453125,0.4260254502296448,49.24234390258789,-500.0,-3298.432373046875,1000.0,5.0
1.0666666666666653,0.0,-2.138883113861084,-1060.7388916015625,-1885.94091796875,-1885.94091796875,0.6147851943969727,-10.366191864013672,-500.0,-2675.1298828125,1000.0,5.0
1.0749999999999986,0.0,3.1415913105010986,-0.0001220890844706446,2000.0,7392.93505859375,0.7274218201637268,156.26248168945312,210.91696166992188,210.91696166992188,1000.0,5.0
1.083333333333332,0.0,3.139763832092285,-879.806640625,-2000.0,-3085.530517578125,0.833337128162384,3.41741943359375,-500.0,-8176.8349609375,1000.0,5.0
1.0916666666666652,0.0,-0.06643792986869812,-78.74607849121094,1236.148193359375,1236.148193359375,1.3965617418289185,-10.991779327392578,-500.0,-587.53955078125,1000.0,5.0
1.0999999999999985,0.0,0.24535010755062103,137.41029357910156,464.2977600097656,464.2977600097656,1.2943350076675415,-10.793603897094727,-148.69189453125,-148.69189453125,1000.0,5.0
1.1083333333333318,0.0,-0.5763733983039856,-289.07489013671875,-924.9689331054688,-924.9689331054688,1.2911638021469116,-16.66766929626465,-107.4873046875,-107.4873046875,1000.0,5.0
1.1166666666666651,0.0,1.4652737379074097,651.1614379882812,2000.0,2006.066650390625,1.1627670526504517,-5.635556697845459,187.80157470703125,187.80157470703125,1000.0,5.0
1.1249999999999984,0.0,-3.1415903568267822,0.00018304790137335658,-2000.0,-4685.28173828125,1.6222378015518188,-120.554443359375,-299.605712890625,-299.605712890625,1000.0,5.0
1.1333333333333317,0.0,2.878467559814453,505.19610595703125,2000.0,3099.938232421875,1.5258519649505615,-8.736048698425293,500.0,5216.603515625,1000.0,5.0
1.141666666666665,0.0,-3.1415903568267822,-0.00012184202205389738,-2000.0,-5359.19140625,1.5840078592300415,-13.625863075256348,-326.12353515625,-326.12353515625,1000.0,5.0
1.1499999999999984,0.0,2.8094027042388916,637.8005981445312,2000.0,3096.353515625,1.5259686708450317,21.82663345336914,-110.71075439453125,-110.71075439453125,1000.0,5.0
1.1583333333333317,0.0,3.141079902648926,-0.9857177734375,-2000.0,-5950.00732421875,1.2140560150146484,-31.186328887939453,-500.0,-1854.31591796875,1000.0,5.0
1.166666666666665,0.0,-3.0289011001586914,-216.3680419921875,-2000.0,-3151.12548828125,1.205833077430725,55.58616638183594,500.0,952.2883911132812,1000.0,5.0
1.1749999999999983,0.0,-3.141592502593994,0.00012217741459608078,2000.0,4072.096923828125,1.1570050716400146,-12.409416198730469,-500.0,-3382.224853515625,1000.0,5.0
1.1833333333333316,0.0,-3.1415255069732666,957.5064086914062,2000.0,3146.543701171875,1.1378895044326782,-14.83164119720459,41.96826171875,41.96826171875,1000.0,5.0
1.1916666666666649,0.0,-0.3768981993198395,-43.33110809326172,-1620.502685546875,-1620.502685546875,2.0043728351593018,1.4060598914511502e-05,172.63726806640625,172.63726806640625,1000.0,5.0
1.1999999999999982,0.0,0.5770106315612793,236.7856903076172,581.771484375,581.771484375,1.791415810585022,-26.849504470825195,-500.0,-1002.1871337890625,1000.0,5.0
1.2083333333333315,0.0,-2.016832113265991,-821.2091674804688,-1748.47216796875,-1748.47216796875,2.3420474529266357,265.130615234375,446.767333984375,446.767333984375,1000.0,5.0
1.2166666666666648,0.0,-3.120361804962158,-13.105589866638184,2000.0,6080.990234375,-2.3412697315216064,10.31052303314209,-500.0,-14427.5546875,1000.0,5.0
1.224999999999998,0.0,-3.1330373287200928,16.4285888671875,2000.0,3201.296142578125,-2.4872641563415527,80.43035888671875,500.0,655.1087646484375,1000.0,5.0
1.2333333333333314,0.0,-3.119079113006592,17.307098388671875,2000.0,3051.69482421875,-2.546039342880249,98.53480529785156,-500.0,-2777.885986328125,1000.0,5.0
1.2416666666666647,0.0,-3.1110475063323975,-1.3550968170166016,2000.0,3032.6455078125,-2.6190242767333984,79.9725341796875,-500.0,-3653.720703125,1000.0,5.0
1.249999999999998,0.0,-3.104435443878174,-74.47478485107422,2000.0,3117.36962890625,-2.8137707710266113,28.810543060302734,-500.0,-2689.11474609375,1000.0,5.0
1.2583333333333313,0.0,-3.1053192615509033,-104.0808334350586,2000.0,3474.896484375,2.6946420669555664,-0.00031197231146506965,-33.6417236328125,-33.6417236328125,1000.0,5.0
1.2666666666666646,0.0,-3.1310489177703857,-9.088810920715332,2000.0,3624.9208984375,2.3075473308563232,-9.576236724853516,-500.0,-1347.305419921875,1000.0,5.0
1.274999999999998,0.0,-3.132267713546753,-9.473984718322754,2000.0,3178.87939453125,1.939691185951233,-8.823019981384277,-500.0,-674.9618530273438,1000.0,5.0
1.2833333333333312,0.0,-3.1316542625427246,-10.031270027160645,2000.0,3179.633544921875,1.5150055885314941,-4.599151611328125,-500.0,-528.694580078125,1000.0,5.0
1.2916666666666645,0.0,-3.1271753311157227,-12.061538696289062,2000.0,3181.799072265625,1.103458285331726,3.0757079124450684,-500.0,-527.5452270507812,1000.0,5.0
1.2999999999999978,0.0,-3.128469467163086,-10.92825984954834,2000.0,3187.452880859375,0.7056199908256531,7.409055709838867,-500.0,-705.5145263671875,1000.0,5.0
1.3083333333333311,0.0,-3.120846748352051,-7.342780113220215,2000.0,3183.1337890625,0.30336862802505493,26.102563858032227,-500.0,-723.2628173828125,1000.0,5.0
1.3166666666666644,0.0,-3.1168389320373535,6.6992645263671875,2000.0,3157.69677734375,-0.08201909065246582,52.305816650390625,-500.0,-1456.8125,1000.0,5.0
1.3249999999999977,0.0,-3.1169495582580566,47.3177490234375,2000.0,3083.73828125,-0.48352840542793274,93.46492004394531,-500.0,-2574.28125,1000.0,5.0
1.333333333333331,0.0,-3.1297190189361572,419.5145263671875,2000.0,2881.443115234375,-0.856474757194519,49.50042724609375,-500.0,-4431.48193359375,1000.0,5.0
1.3416666666666643,0.0,1.6123491525650024,788.6923828125,1041.987548828125,1041.987548828125,-0.6978580951690674,-18.745929718017578,-500.0,-2046.7841796875,1000.0,5.0
1.3499999999999976,0.0,3.1295008659362793,2.600069522857666,-2000.0,-5520.70068359375,0.4165634512901306,-22.975820541381836,500.0,1286.2255859375,1000.0,5.0
1.358333333333331,0.0,3.124056339263916,-33.66937255859375,-2000.0,-3155.156982421875,0.6565580368041992,-79.1805419921875,500.0,940.50927734375,1000.0,5.0
1.3666666666666643,0.0,3.1327900886535645,-446.99102783203125,-2000.0,-2956.770751953125,0.8681987524032593,-45.591278076171875,500.0,3630.748046875,1000.0,5.0
1.3749999999999976,0.0,-1.3598204851150513,-724.8046875,-908.7916870117188,-908.7916870117188,0.5669869184494019,2.722649097442627,500.0,1845.464599609375,1000.0,5.0
1.3833333333333309,0.0,-3.1032681465148926,29.361602783203125,2000.0,4952.48583984375,0.3505752682685852,90.96309661865234,-419.62591552734375,-419.62591552734375,1000.0,5.0
1.3916666666666642,0.0,3.141591787338257,0.0,2000.0,2967.08203125,0.18229418992996216,211.40963745117188,-500.0,-4723.4423828125,1000.0,5.0
1.3999999999999975,0.0,-3.141591787338257,0.0,-2000.0,-3109.083984375,1.1212761402130127,80.52099609375,-500.0,-10661.62890625,1000.0,5.0
1.4083333333333308,0.0,3.063270330429077,150.3760986328125,2000.0,3108.328369140625,1.0634632110595703,168.63571166992188,-500.0,-4586.68798828125,1000.0,5.0
1.416666666666664,0.0,-3.141592025756836,0.0001220703125,-2000.0,-3778.30712890625,0.9115782976150513,64.62393188476562,-500.0,-8963.5166015625,1000.0,5.0
1.4249999999999974,0.0,2.891127109527588,480.888916015625,2000.0,3104.7666015625,0.8655956387519836,-6.585090637207031,-500.0,-3686.985595703125,1000.0,5.0
1.4333333333333307,0.0,3.135091781616211,-12.482177734375,-2000.0,-5250.86865234375,0.9583536386489868,71.71803283691406,-103.54330444335938,-103.54330444335938,1000.0,5.0
1.441666666666664,0.0,-3.102484703063965,-75.0823974609375,-2000.0,-3084.272216796875,1.0089951753616333,63.838531494140625,-500.0,-4065.078369140625,1000.0,5.0
1.4499999999999973,0.0,2.9319839477539062,402.4476318359375,2000.0,3442.9755859375,1.0178449153900146,-25.935726165771484,-500.0,-3696.424072265625,1000.0,5.0
1.4583333333333306,0.0,3.1413004398345947,-274.4864501953125,-2000.0,-4899.5888671875,1.1528314352035522,7.836747169494629,500.0,787.86376953125,1000.0,5.0
1.466666666666664,0.0,-2.0471224784851074,-985.427734375,-1785.528564453125,-1785.528564453125,1.1870037317276,-0.7309398651123047,-500.0,-968.2530517578125,1000.0,5.0
1.4749999999999972,0.0,-3.1337075233459473,1.3235626220703125,2000.0,6927.6455078125,1.131772518157959,40.69757843017578,-500.0,-556.9548950195312,1000.0,5.0
1.4833333333333305,0.0,2.922959089279175,419.7733154296875,2000.0,3147.314697265625,1.1083043813705444,62.066078186035156,-500.0,-2600.76513671875,1000.0,5.0
1.4916666666666638,0.0,3.141296863555908,-0.5726318359375,-2000.0,-4978.35302734375,0.5855507850646973,-20.18836212158203,-500.0,-3657.4560546875,1000.0,5.0
1.4999999999999971,0.0,-3.141589403152466,-1085.779052734375,-2000.0,-3148.224853515625,0.7870889902114868,-143.69943237304688,500.0,716.6427001953125,1000.0,5.0
1.5083333333333304,0.0,-3.1330409049987793,-3.01107120513916,2000.0,8508.123046875,0.5082724094390869,-35.4227294921875,500.0,6791.42724609375,1000.0,5.0
1.5166666666666637,0.0,3.1415910720825195,0.0001220703125,2000.0,3176.619873046875,0.4517521858215332,78.1990966796875,500.0,1517.000244140625,1000.0,5.0
1.524999999999997,0.0,-3.1415915489196777,0.0,-2000.0,-3107.968994140625,0.5114086270332336,-35.648555755615234,-500.0,-4135.8310546875,1000.0,5.0
1.5333333333333303,0.0,3.1093673706054688,61.8690185546875,2000.0,3108.333984375,0.4462019205093384,73.02969360351562,500.0,1526.723388671875,1000.0,5.0
1.5416666666666636,0.0,-3.1415891647338867,-740.6151123046875,-2000.0,-3383.978271484375,0.4556921124458313,25.051185607910156,-500.0,-3874.585693359375,1000.0,5.0
1.549999999999997,0.0,3.1415915489196777,-0.0002125379687640816,2000.0,6790.232421875,1.5563181638717651,300.0357360839844,-500.0,-1480.4053955078125,1000.0,5.0
1.5583333333333302,0.0,-3.1153266429901123,-50.423583984375,-2000.0,-3088.737548828125,2.6227810382843018,-501.6903991699219,-500.0,-15779.9462890625,1000.0,5.0
1.5666666666666635,0.0,3.141592025756836,8.397358033107594e-05,2000.0,3333.087646484375,0.9642667174339294,-333.2813720703125,500.0,23773.12890625,1000.0,5.0
1.5749999999999968,0.0,-3.1415903568267822,-0.0004278079723007977,-2000.0,-3107.136962890625,0.5398417115211487,-183.75289916992188,500.0,16181.9345703125,1000.0,5.0
1.5833333333333302,0.0,2.7775120735168457,699.0288696289062,2000.0,3108.33935546875,0.39948683977127075,-126.37871551513672,500.0,8917.7236328125,1000.0,5.0
1.5916666666666635,0.0,-3.141589403152466,0.0001660213602008298,-2000.0,-6222.73486328125,-0.531610906124115,-298.6335144042969,500.0,6119.19189453125,1000.0,5.0
1.5999999999999968,0.0,3.1415915489196777,-6.103515625e-05,2000.0,3091.755615234375,-0.6464910507202148,-154.40432739257812,500.0,15197.4814453125,1000.0,5.0
1.60833333333333,0.0,-3.141589403152466,0.00024414295330643654,-2000.0,-3108.420166015625,-0.3773268759250641,-32.23426055908203,500.0,8043.4619140625,1000.0,5.0
1.6166666666666634,0.0,-3.1269748210906982,0.6400241851806641,2000.0,3108.328369140625,-0.47767600417137146,-43.34111404418945,500.0,1800.37646484375,1000.0,5.0
1.6249999999999967,0.0,-3.12589430809021,-6.06328010559082,2000.0,3123.6923828125,-0.5894676446914673,-30.580270767211914,500.0,2405.8935546875,1000.0,5.0
1.63333333333333,0.0,-3.126692771911621,-7.029972553253174,2000.0,3156.03759765625,-0.730628252029419,-23.078502655029297,500.0,1823.747314453125,1000.0,5.0
1.6416666666666633,0.0,-3.127171039581299,-9.619634628295898,2000.0,3161.811767578125,-0.9152544736862183,-14.681669235229492,500.0,1519.2392578125,1000.0,5.0
1.6499999999999966,0.0,-3.12968373298645,-10.172844886779785,2000.0,3175.197509765625,-1.1251121759414673,-6.916229248046875,500.0,1191.710693359375,1000.0,5.0
1.6583333333333299,0.0,-3.127450466156006,-11.848884582519531,2000.0,3180.51953125,-1.3581922054290771,-6.004303932189941,500.0,908.3675537109375,1000.0,5.0
1.6666666666666632,0.0,-3.1311283111572266,-10.544530868530273,2000.0,3186.662109375,1.1967650651931763,-0.2097458839416504,500.0,979.3113403320312,1000.0,5.0
1.6749999999999965,0.0,-3.131927013397217,-8.660130500793457,2000.0,3183.865966796875,0.8220250010490417,-25.780439376831055,-500.0,-587.8952026367188,1000.0,5.0
1.6833333333333298,0.0,-3.128309488296509,-10.895524978637695,2000.0,3175.273681640625,0.3973803222179413,-24.95978546142578,500.0,878.0094604492188,1000.0,5.0
1.691666666666663,0.0,-3.1195199489593506,-6.800786972045898,2000.0,3182.7470703125,-0.08108561486005783,-39.29908752441406,500.0,1049.299072265625,1000.0,5.0
1.6999999999999964,0.0,-3.1151771545410156,7.097835540771484,2000.0,3153.679443359375,-0.5047409534454346,-57.93376541137695,500.0,2005.4971923828125,1000.0,5.0
1.7083333333333297,0.0,-3.1144888401031494,52.04669189453125,2000.0,3080.081787109375,-0.8488891124725342,-93.42657470703125,500.0,3149.05859375,1000.0,5.0
1.716666666666663,0.0,-3.105379343032837,82.66845703125,2000.0,2855.45703125,-0.9905092716217041,-111.64596557617188,500.0,5095.77294921875,1000.0,5.0
1.7249999999999963,0.0,-3.0982584953308105,106.0206298828125,2000.0,2692.90673828125,0.7624433636665344,-118.46502685546875,500.0,6077.552734375,1000.0,5.0
1.7333333333333296,0.0,-3.093553304672241,92.2391357421875,2000.0,2568.8193359375,0.34131768345832825,-133.94998168945312,500.0,5542.02978515625,1000.0,5.0
1.741666666666663,0.0,-3.070077657699585,27.013938903808594,2000.0,2632.01953125,-0.19948668777942657,-102.13385772705078,500.0,6526.84033203125,1000.0,5.0
1.7499999999999962,0.0,-3.0808236598968506,-10.084331512451172,2000.0,2933.3955078125,-0.8525205850601196,-62.25286102294922,500.0,5206.43603515625,1000.0,5.0
1.7583333333333295,0.0,-3.0961949825286865,0.8829994201660156,2000.0,3130.1923828125,0.947121262550354,-52.43769836425781,500.0,3538.9033203125,1000.0,5.0
1.7666666666666628,0.0,-3.114546537399292,51.930908203125,2000.0,3091.984375,0.3400363028049469,-94.81449890136719,500.0,2148.324462890625,1000.0,5.0
1.7749999999999961,0.0,-3.1264142990112305,367.29833984375,2000.0,2856.15380859375,-0.11581875383853912,-58.522552490234375,500.0,4570.70703125,1000.0,5.0
1.7833333333333294,0.0,2.426201820373535,993.8545532226562,1298.2574462890625,1298.2574462890625,-0.4567534327507019,133.27833557128906,500.0,2984.037109375,1000.0,5.0
1.7916666666666627,0.0,3.1321492195129395,18.126937866210938,-2000.0,-7349.21044921875,-2.05680775642395,283.3981018066406,-500.0,-6435.5400390625,1000.0,5.0
1.799999999999996,0.0,-3.141589403152466,5.9092602896271273e-05,-2000.0,-3244.742919921875,-1.001412034034729,144.68630981445312,-500.0,-13141.5009765625,1000.0,5.0
1.8083333333333294,0.0,-3.138946056365967,897.4796142578125,2000.0,3107.603759765625,-0.921561062335968,36.001163482666016,-500.0,-6733.609375,1000.0,5.0
1.8166666666666627,0.0,-2.1354527473449707,-169.60630798339844,-1324.73876953125,-1324.73876953125,1.7922632694244385,461.1939697265625,-500.0,-1339.2777099609375,1000.0,5.0
1.824999999999996,0.0,-3.07159423828125,125.75519561767578,2000.0,2960.557861328125,-1.9330343008041382,0.005218505859375,-500.0,-23955.830078125,1000.0,5.0
1.8333333333333293,0.0,-3.1333625316619873,-7.067510604858398,2000.0,2445.573486328125,-1.898645043373108,29.06254005432129,500.0,966.2562255859375,1000.0,5.0
1.8416666666666626,0.0,-3.1341772079467773,-7.377447128295898,2000.0,3164.851806640625,-1.8894054889678955,27.58118438720703,-500.0,-503.804443359375,1000.0,5.0
1.8499999999999959,0.0,-3.130174160003662,-9.57446575164795,2000.0,3171.031494140625,-1.924499750137329,32.98277282714844,-434.3564453125,-434.3564453125,1000.0,5.0
1.8583333333333292,0.0,-3.122737169265747,-7.257655143737793,2000.0,3178.00927734375,-2.01161527633667,48.669986724853516,-500.0,-686.8887939453125,1000.0,5.0
1.8666666666666625,0.0,-3.11842942237854,5.9905242919921875,2000.0,3159.12646484375,-2.1862034797668457,73.45728302001953,-500.0,-1427.691650390625,1000.0,5.0
1.8749999999999958,0.0,-3.118013381958008,45.2750244140625,2000.0,3088.852783203125,-2.42708683013916,114.07931518554688,-500.0,-2579.7626953125,1000.0,5.0
1.883333333333329,0.0,-3.1144444942474365,149.39111328125,2000.0,2892.687744140625,-2.650655746459961,121.19964599609375,-500.0,-4490.42236328125,1000.0,5.0
1.8916666666666624,0.0,-3.1211533546447754,349.9747314453125,2000.0,2370.28369140625,-2.753474712371826,92.81565856933594,-500.0,-4734.654296875,1000.0,5.0
1.8999999999999957,0.0,-3.1345629692077637,799.5621948242188,1376.595947265625,1376.595947265625,-2.7612130641937256,0.00140380859375,-500.0,-3264.04541015625,1000.0,5.0
1.908333333333329,0.0,-0.8605385422706604,10.12649917602539,-851.3285522460938,-851.3285522460938,2.7827718257904053,2.4400214897468686e-05,500.0,1380.536376953125,1000.0,5.0
1.9166666666666623,0.0,1.1856369972229004,433.89239501953125,801.065673828125,801.065673828125,2.4978697299957275,-35.80613708496094,-500.0,-1391.3870849609375,1000.0,5.0
1.9249999999999956,0.0,3.124898910522461,-147.1387939453125,-2000.0,-3332.981689453125,2.6444897651672363,-95.588623046875,500.0,541.3720703125,1000.0,5.0
1.933333333333329,0.0,-3.141589641571045,0.0,-2000.0,-2394.227294921875,2.812922954559326,-251.54779052734375,500.0,3457.186279296875,1000.0,5.0
1.9416666666666622,0.0,3.1415915489196777,3.057146750506945e-05,2000.0,3112.13037109375,0.834996223449707,-114.52009582519531,500.0,11170.927734375,1000.0,5.0
1.9499999999999955,0.0,-3.0409204959869385,-193.2860107421875,-2000.0,-3108.31201171875,0.7887377738952637,-142.84010314941406,500.0,5308.5068359375,1000.0,5.0
1.9583333333333288,0.0,3.141591787338257,0.0001220703125,2000.0,3969.484130859375,0.6966854929924011,-46.66969680786133,500.0,6747.63671875,1000.0,5.0
1.9666666666666621,0.0,-2.7689218521118164,-715.5206298828125,-2000.0,-3103.750244140625,0.7604843378067017,-35.894012451171875,500.0,1985.14208984375,1000.0,5.0
1.9749999999999954,0.0,-3.1225693225860596,3.5379390716552734,2000.0,6296.23486328125,0.3161396384239197,-91.13079833984375,500.0,1414.45849609375,1000.0,5.0
1.9833333333333287,0.0,-3.101073741912842,59.350830078125,2000.0,3121.862548828125,-0.3270346522331238,-102.6123275756836,500.0,4398.47021484375,1000.0,5.0
1.991666666666662,0.0,-3.0840418338775635,20.32782745361328,2000.0,2806.009521484375,-0.7697069048881531,-85.13691711425781,500.0,5294.13330078125,1000.0,5.0
1.9999999999999953,0.0,-3.087833881378174,-10.903369903564453,2000.0,2981.464111328125,0.8233957290649414,-51.22997283935547,500.0,4641.69921875,1000.0,5.0
2.008333333333329,0.0,-3.108344554901123,-17.238941192626953,2000.0,3141.49462890625,0.31276729702949524,-41.132354736328125,500.0,2149.80078125,1000.0,5.0
2.016666666666662,0.0,-3.120666742324829,-16.002254486083984,2000.0,3194.257080078125,-0.32350999116897583,-25.724689483642578,500.0,1900.2340087890625,1000.0,5.0
2.0249999999999955,0.0,-3.114408493041992,-7.263959884643555,2000.0,3200.643798828125,-0.8800094723701477,-36.519386291503906,500.0,1447.989501953125,1000.0,5.0
2.0333333333333288,0.0,-3.1125681400299072,8.27548599243164,2000.0,3150.993896484375,-1.1135095357894897,-52.96757507324219,500.0,2265.97412109375,1000.0,5.0
2.041666666666662,0.0,-3.1133928298950195,54.1475830078125,2000.0,3071.615478515625,0.7801326513290405,-87.93910217285156,500.0,3205.13330078125,1000.0,5.0
2.0499999999999954,0.0,-3.1077334880828857,77.8154296875,2000.0,2843.873291015625,0.31179699301719666,-116.62335205078125,500.0,4006.888671875,1000.0,5.0
2.0583333333333287,0.0,-3.0953285694122314,88.83013916015625,2000.0,2719.32275390625,-0.19414396584033966,-128.70541381835938,500.0,5675.26904296875,1000.0,5.0
2.066666666666662,0.0,-3.074005603790283,36.22386169433594,2000.0,2651.54052734375,-0.690243661403656,-101.26400756835938,500.0,6532.34228515625,1000.0,5.0
2.0749999999999953,0.0,-3.076824188232422,9.46115493774414,2000.0,2891.60205078125,0.9456725120544434,-71.81487274169922,500.0,5408.322265625,1000.0,5.0
2.0833333333333286,0.0,-3.095543146133423,-7.826992034912109,2000.0,3028.784423828125,0.36313939094543457,-63.43452072143555,500.0,3117.907470703125,1000.0,5.0
2.091666666666662,0.0,-3.105246067047119,22.829421997070312,2000.0,3134.114501953125,-0.3553332984447479,-77.04583740234375,500.0,2990.15625,1000.0,5.0
2.099999999999995,0.0,-3.1086063385009766,63.335693359375,2000.0,2991.860107421875,-0.7716108560562134,-105.36825561523438,500.0,4029.958740234375,1000.0,5.0
2.1083333333333285,0.0,-3.099874258041382,80.1033935546875,2000.0,2792.991943359375,0.9345031976699829,-118.42547607421875,500.0,5654.2177734375,1000.0,5.0
2.116666666666662,0.0,-3.0894839763641357,28.912750244140625,2000.0,2699.85546875,0.6705945730209351,-103.0860824584961,500.0,5454.0224609375,1000.0,5.0
2.124999999999995,0.0,-3.091599225997925,-11.036447525024414,2000.0,2943.6162109375,0.18228118121623993,-64.39720153808594,500.0,4819.0068359375,1000.0,5.0
2.1333333333333284,0.0,-3.1053061485290527,-18.98354148864746,2000.0,3145.7001953125,-0.4961041510105133,-37.5499153137207,500.0,3128.719482421875,1000.0,5.0
2.1416666666666617,0.0,-3.11885142326355,-17.515583038330078,2000.0,3199.93359375,-1.0468511581420898,-19.02895736694336,500.0,2125.5478515625,1000.0,5.0
2.149999999999995,0.0,-3.1182849407196045,-13.380178451538086,2000.0,3206.394775390625,0.9345650672912598,-19.240936279296875,500.0,1474.87353515625,1000.0,5.0
2.1583333333333283,0.0,-3.1188793182373047,3.5223312377929688,2000.0,3185.298583984375,0.42146292328834534,-54.60454559326172,494.7642822265625,494.7642822265625,1000.0,5.0
2.1666666666666616,0.0,-3.1166434288024902,47.9091796875,2000.0,3101.71484375,-0.07479856163263321,-95.44802856445312,500.0,2519.495849609375,1000.0,5.0
2.174999999999995,0.0,-3.1061134338378906,74.5028076171875,2000.0,2878.292724609375,-0.46207526326179504,-116.79132080078125,500.0,4809.80078125,1000.0,5.0
2.1833333333333282,0.0,-3.09648060798645,86.6202392578125,2000.0,2734.369384765625,-0.7901604771614075,-126.0499267578125,500.0,6070.603515625,1000.0,5.0
2.1916666666666615,0.0,-3.088778257369995,101.412109375,2000.0,2663.757080078125,0.8995285034179688,-126.73414611816406,500.0,6697.576171875,1000.0,5.0
2.199999999999995,0.0,-3.072334051132202,26.21308135986328,2000.0,2582.154296875,0.5380880832672119,-104.16690063476562,500.0,5886.943359375,1000.0,5.0
2.208333333333328,0.0,-3.0822784900665283,-9.876483917236328,2000.0,2939.357666015625,-0.15762178599834442,-67.8280029296875,500.0,4939.30126953125,1000.0,5.0
2.2166666666666615,0.0,-3.095642328262329,11.672718048095703,2000.0,3130.637451171875,-0.9138281941413879,-66.39713287353516,500.0,3470.2109375,1000.0,5.0
2.2249999999999948,0.0,-3.1086578369140625,63.23779296875,2000.0,3037.775634765625,1.0583804845809937,-94.87788391113281,500.0,3776.770751953125,1000.0,5.0
2.233333333333328,0.0,-3.1292858123779297,398.29052734375,2000.0,2793.774169921875,0.6793193221092224,-55.234375,500.0,4214.70361328125,1000.0,5.0
2.2416666666666614,0.0,2.3055386543273926,949.135986328125,1146.6453857421875,1146.6453857421875,0.26451462507247925,126.38253784179688,500.0,2422.05908203125,1000.0,5.0
2.2499999999999947,0.0,3.131652593612671,19.086238861083984,-2000.0,-7007.59326171875,-0.5711753964424133,224.58518981933594,-500.0,-6451.38427734375,1000.0,5.0
2.258333333333328,0.0,-3.141590118408203,-9.758084343047813e-05,-2000.0,-3247.201904296875,-0.2443804144859314,91.74272918701172,-500.0,-10943.671875,1000.0,5.0
2.2666666666666613,0.0,-3.140679121017456,1.75634765625,2000.0,3107.59228515625,-0.24888499081134796,-13.602466583251953,-500.0,-4464.94580078125,1000.0,5.0
2.2749999999999946,0.0,-3.1354291439056396,6.84210205078125,2000.0,3131.76806640625,-0.2904804050922394,-56.86038589477539,500.0,804.5658569335938,1000.0,5.0
2.283333333333328,0.0,-3.1358375549316406,2.70489501953125,2000.0,3101.381103515625,-0.35813549160957336,-42.88252639770508,500.0,2988.259521484375,1000.0,5.0
2.291666666666661,0.0,-3.1363353729248047,0.26418209075927734,2000.0,3122.20166015625,-0.4184933006763458,-30.73065948486328,500.0,2323.19384765625,1000.0,5.0
2.2999999999999945,0.0,-3.136836051940918,-1.411937952041626,2000.0,3134.9462890625,-0.47337767481803894,-21.30119514465332,500.0,1745.779541015625,1000.0,5.0
2.308333333333328,0.0,-3.137521505355835,-1.881016731262207,2000.0,3143.84814453125,-0.5228247046470642,-14.780752182006836,500.0,1301.7486572265625,1000.0,5.0
2.316666666666661,0.0,-3.1382226943969727,-2.061281204223633,2000.0,3146.91015625,-0.5673867464065552,-9.559556007385254,500.0,1000.449951171875,1000.0,5.0
2.3249999999999944,0.0,-3.1389479637145996,-1.8984429836273193,2000.0,3148.5205078125,-0.6058383584022522,-5.439419746398926,500.0,761.671142578125,1000.0,5.0
2.3333333333333277,0.0,-3.1395301818847656,-1.5986794233322144,2000.0,3148.440673828125,-0.6382531523704529,-2.7260446548461914,500.0,574.89013671875,1000.0,5.0
2.341666666666661,0.0,-3.1400954723358154,-1.2640290260314941,2000.0,3147.528564453125,-0.6636893153190613,-0.30085134506225586,455.4288330078125,455.4288330078125,1000.0,5.0
2.3499999999999943,0.0,-3.1405272483825684,-0.9558241963386536,2000.0,3146.421630859375,-0.6819813251495361,1.4509730339050293,346.8872375488281,346.8872375488281,1000.0,5.0
2.3583333333333276,0.0,-3.1408374309539795,-0.6798141002655029,2000.0,3145.312255859375,-0.693888247013092,2.5482230186462402,268.4420166015625,268.4420166015625,1000.0,5.0
2.366666666666661,0.0,-3.1410934925079346,-0.4568359851837158,2000.0,3144.2421875,-0.6993456482887268,3.4825222492218018,219.53297424316406,219.53297424316406,1000.0,5.0
2.3749999999999942,0.0,-3.1412878036499023,-0.2830115854740143,2000.0,3143.38232421875,-0.698630154132843,4.2247772216796875,175.5467071533203,175.5467071533203,1000.0,5.0
2.3833333333333275,0.0,-3.1414241790771484,-0.1582561582326889,2000.0,3142.70654296875,-0.6923277974128723,4.800658226013184,138.07620239257812,138.07620239257812,1000.0,5.0
2.391666666666661,0.0,-3.1415135860443115,-0.0740082636475563,2000.0,3142.218017578125,-0.6811541318893433,5.250674724578857,106.13099670410156,106.13099670410156,1000.0,5.0
2.399999999999994,0.0,-3.1415672302246094,-0.025193028151988983,2000.0,3141.885498046875,-0.6658557057380676,5.613737106323242,78.0433349609375,78.0433349609375,1000.0,5.0
2.4083333333333274,0.0,-3.1415913105010986,-0.0025443299673497677,2000.0,3141.6943359375,-0.6471480131149292,5.922708988189697,52.240997314453125,52.240997314453125,1000.0,5.0
2.4166666666666607,0.0,3.141592025756836,-0.002329079434275627,2000.0,3141.6044921875,-0.6256386041641235,6.206227779388428,27.438568115234375,27.438568115234375,1000.0,5.0
2.424999999999994,0.0,3.141573429107666,0.01842639595270157,-2000.0,-3108.14404296875,-0.6073536276817322,5.04451322555542,2.507904052734375,2.507904052734375,1000.0,5.0
2.4333333333333274,0.0,3.1415891647338867,0.004285041242837906,-2000.0,-3141.487060546875,-0.5886731147766113,5.248811721801758,51.45115661621094,51.45115661621094,1000.0,5.0
2.4416666666666607,0.0,-3.141590118408203,0.0004933171439915895,-2000.0,-3141.60986328125,-0.5693605542182922,5.384374618530273,31.895965576171875,31.895965576171875,1000.0,5.0
2.449999999999994,0.0,-3.1415910720825195,-0.001243735197931528,2000.0,3108.151123046875,-0.553784966468811,5.050534725189209,15.4615478515625,15.4615478515625,1000.0,5.0
2.4583333333333273,0.0,-3.1415903568267822,-0.0025199202354997396,2000.0,3141.419189453125,-0.5360690951347351,5.523006439208984,24.365753173828125,24.365753173828125,1000.0,5.0
2.4666666666666606,0.0,-3.1415719985961914,-0.0161648727953434,2000.0,3141.60205078125,-0.516420304775238,5.971560955047607,-8.11578369140625,-8.11578369140625,1000.0,5.0
2.474999999999994,0.0,-3.1415352821350098,-0.04131518304347992,2000.0,3141.652587890625,-0.4951305687427521,6.456972122192383,-40.367889404296875,-40.367889404296875,1000.0,5.0
2.483333333333327,0.0,-3.1414849758148193,-0.06912828236818314,2000.0,3141.741455078125,-0.47242817282676697,7.133412837982178,-75.2833251953125,-75.2833251953125,1000.0,5.0
2.4916666666666605,0.0,-3.141425848007202,-0.09237176179885864,2000.0,3141.830078125,-0.4488111138343811,7.840847969055176,-120.45657348632812,-120.45657348632812,1000.0,5.0
2.499999999999994,0.0,-3.1413674354553223,-0.11116819828748703,2000.0,3141.887451171875,-0.4246768355369568,8.57650089263916,-167.63682556152344,-167.63682556152344,1000.0,5.0
2.508333333333327,0.0,-3.1413023471832275,-0.12664790451526642,2000.0,3141.923095703125,-0.40019065141677856,9.362213134765625,-216.4866180419922,-216.4866180419922,1000.0,5.0
2.5166666666666604,0.0,-3.141216278076172,-0.14575663208961487,2000.0,3141.935546875,-0.3753513693809509,10.366043090820312,-268.01531982421875,-268.01531982421875,1000.0,5.0
2.5249999999999937,0.0,-3.1411349773406982,-0.09772929549217224,2000.0,3141.945068359375,-0.3503805994987488,11.866985321044922,-330.6264343261719,-330.6264343261719,1000.0,5.0
2.533333333333327,0.0,-3.1410701274871826,-0.03065335750579834,2000.0,3141.625244140625,-0.3254614472389221,13.285174369812012,-418.158935546875,-418.158935546875,1000.0,5.0
2.5416666666666603,0.0,-3.141012668609619,0.046788036823272705,2000.0,3141.2255859375,-0.30076056718826294,14.680220603942871,-500.0,-501.52801513671875,1000.0,5.0
2.5499999999999936,0.0,-3.140937089920044,0.10171592235565186,2000.0,3140.781005859375,-0.2762098014354706,16.12948226928711,-500.0,-583.6307373046875,1000.0,5.0
2.558333333333327,0.0,-3.1408751010894775,0.284454345703125,2000.0,3140.430419921875,-0.25200456380844116,18.351512908935547,-500.0,-668.3692016601562,1000.0,5.0
2.56666666666666,0.0,-3.1408607959747314,0.5802001953125,2000.0,3139.4580078125,-0.22813497483730316,20.845518112182617,-500.0,-791.5733642578125,1000.0,5.0
2.5749999999999935,0.0,-3.1408638954162598,0.869873046875,2000.0,3137.9677734375,-0.2045479416847229,23.106510162353516,-500.0,-928.2083740234375,1000.0,5.0
2.583333333333327,0.0,-3.1408700942993164,1.150634765625,2000.0,3136.522216796875,-0.1813063621520996,25.238143920898438,-500.0,-1053.0516357421875,1000.0,5.0
2.59166666666666,0.0,-3.1408658027648926,1.4530029296875,2000.0,3135.12451171875,-0.15833085775375366,27.334068298339844,-500.0,-1171.2540283203125,1000.0,5.0
2.5999999999999934,0.0,-3.140841007232666,64.08447265625,2000.0,3133.60888671875,-0.13570088148117065,27.71957015991211,-500.0,-1287.5379638671875,1000.0,5.0
2.6083333333333267,0.0,-3.141240358352661,668.66748046875,2000.0,2822.085205078125,-0.09862947463989258,13.467469215393066,-500.0,-1318.1280517578125,1000.0,5.0
2.61666666666666,0.0,0.028895782306790352,338.17047119140625,-186.003662109375,-186.003662109375,0.6626452207565308,263.2005920410156,-500.0,-624.0587158203125,1000.0,5.0
2.6249999999999933,0.0,-3.1334385871887207,-15.652511596679688,-1711.586181640625,-1711.586181640625,-0.32074055075645447,-45.58298873901367,-500.0,-13491.3515625,1000.0,5.0
2.6333333333333266,0.0,-3.126147747039795,16.361083984375,2000.0,3185.50146484375,-0.39336249232292175,-72.08028411865234,500.0,2439.519775390625,1000.0,5.0
2.64166666666666,0.0,-3.122417688369751,36.81939697265625,2000.0,3045.093505859375,-0.50267094373703,-105.53700256347656,500.0,3800.6953125,1000.0,5.0
2.6499999999999932,0.0,-3.1237635612487793,227.639892578125,2000.0,2938.888916015625,-0.654546856880188,-103.88520812988281,500.0,5528.185546875,1000.0,5.0
2.6583333333333266,0.0,2.0119576454162598,1052.955810546875,1990.6373291015625,1990.6373291015625,-0.9243608117103577,18.577680587768555,500.0,5521.53369140625,1000.0,5.0
2.66666666666666,0.0,3.13924503326416,-0.368755578994751,-2000.0,-7227.419921875,-0.5087105631828308,40.00076675415039,-466.70361328125,-466.70361328125,1000.0,5.0
2.674999999999993,0.0,-3.141590118408203,0.0001220703125,-2000.0,-3159.16650390625,-0.11704738438129425,153.94573974609375,-500.0,-1745.68310546875,1000.0,5.0
2.6833333333333265,0.0,3.141589879989624,-0.0001678466796875,2000.0,3108.0595703125,-1.1415842771530151,31.84577178955078,-500.0,-7638.76318359375,1000.0,5.0
2.6916666666666598,0.0,-2.981959819793701,-306.4884033203125,-2000.0,-3108.3310546875,-0.9101172685623169,78.28912353515625,-500.0,-1021.4964599609375,1000.0,5.0
2.699999999999993,0.0,3.141592025756836,0.0001220850390382111,2000.0,4473.8369140625,-1.8422391414642334,0.8606899380683899,-500.0,-3459.3974609375,1000.0,5.0
2.7083333333333264,0.0,-2.7489356994628906,-753.8970947265625,-2000.0,-3101.066650390625,-1.8185116052627563,33.26544952392578,500.0,878.0850830078125,1000.0,5.0
2.7166666666666597,0.0,-3.1401455402374268,0.899810791015625,2000.0,6467.23046875,-2.248509645462036,-14.010000228881836,-500.0,-754.0166625976562,1000.0,5.0
2.724999999999993,0.0,-3.0754854679107666,711.6079711914062,2000.0,3153.375732421875,-2.533383846282959,-5.240272730588913e-05,500.0,1824.7548828125,1000.0,5.0
2.7333333333333263,0.0,0.130801260471344,242.69647216796875,-463.2055358886719,-463.2055358886719,2.386174440383911,1.418740430381149e-05,500.0,1266.6944580078125,1000.0,5.0
2.7416666666666596,0.0,-0.8098317384719849,-387.455322265625,-1339.5948486328125,-1339.5948486328125,2.309577465057373,-14.746501922607422,-500.0,-1193.0880126953125,1000.0,5.0
2.749999999999993,0.0,2.1385488510131836,932.6317138671875,2000.0,2725.360595703125,1.9780694246292114,-70.0723648071289,-417.463623046875,-417.463623046875,1000.0,5.0
2.758333333333326,0.0,3.1407458782196045,-1.3022361993789673,-2000.0,-6751.00830078125,1.859090805053711,-0.00014061876572668552,500.0,2514.58349609375,1000.0,5.0
2.7666666666666595,0.0,3.1271414756774902,-3.6588058471679688,-2000.0,-3153.481689453125,2.1899349689483643,-57.57870864868164,-500.0,-929.5383911132812,1000.0,5.0
2.774999999999993,0.0,3.114906072616577,7.941593170166016,-2000.0,-3109.0849609375,2.4007716178894043,-60.10956954956055,500.0,1783.968017578125,1000.0,5.0
2.783333333333326,0.0,3.123501777648926,37.74192810058594,-2000.0,-3154.371826171875,2.675549030303955,-28.9172306060791,500.0,1805.0926513671875,1000.0,5.0
2.7916666666666594,0.0,3.1244537830352783,74.77947998046875,-2000.0,-3311.37158203125,-2.733264923095703,1.2168966350145638e-06,108.0870361328125,108.0870361328125,1000.0,5.0
2.7999999999999927,0.0,3.132866382598877,8.933151245117188,-2000.0,-3497.356201171875,-2.5087080001831055,14.769380569458008,500.0,1366.6324462890625,1000.0,5.0
2.808333333333326,0.0,3.1334195137023926,8.352746963500977,-2000.0,-3179.234130859375,-2.2240962982177734,12.052949905395508,500.0,515.8849487304688,1000.0,5.0
2.8166666666666593,0.0,3.1292481422424316,10.47346305847168,-2000.0,-3175.204833984375,-1.9083603620529175,5.023978233337402,500.0,509.40057373046875,1000.0,5.0
2.8249999999999926,0.0,3.1269359588623047,10.21448040008545,-2000.0,-3181.581298828125,-1.5844199657440186,-2.4541454315185547,500.0,702.9812622070312,1000.0,5.0
2.833333333333326,0.0,3.1236073970794678,8.186888694763184,-2000.0,-3178.02734375,-1.241882562637329,-14.054856300354004,500.0,914.917236328125,1000.0,5.0
2.8416666666666592,0.0,3.119396448135376,-0.6161098480224609,-2000.0,-3164.613525390625,-0.8738871812820435,-34.266483306884766,500.0,1323.68408203125,1000.0,5.0
2.8499999999999925,0.0,3.1164634227752686,-17.254425048828125,-2000.0,-3116.572998046875,-0.47897422313690186,-59.720924377441406,500.0,2150.267822265625,1000.0,5.0
2.858333333333326,0.0,3.1140215396881104,-52.94342041015625,-2000.0,-3030.65087890625,-0.05924438685178757,-96.2181396484375,500.0,3225.533203125,1000.0,5.0
2.866666666666659,0.0,3.1086790561676025,-124.127197265625,-2000.0,-2850.26953125,0.3451607823371887,-107.91201782226562,500.0,4840.529296875,1000.0,5.0
2.8749999999999925,0.0,3.1215662956237793,-397.66851806640625,-2000.0,-2489.970703125,0.7043057680130005,-64.00894165039062,500.0,5223.0205078125,1000.0,5.0
2.8833333333333258,0.0,-2.361168384552002,-971.456787109375,-1140.4437255859375,-1140.4437255859375,0.738370418548584,120.27515411376953,500.0,2848.294189453125,1000.0,5.0
2.891666666666659,0.0,-3.13639497756958,-3.7330470085144043,2000.0,7173.9697265625,-0.2930483818054199,17.388601303100586,-500.0,-6382.94287109375,1000.0,5.0
2.8999999999999924,0.0,3.141587734222412,0.0006103515625,2000.0,3176.447021484375,-0.4836547076702118,130.43153381347656,-500.0,-722.9058837890625,1000.0,5.0
2.9083333333333257,0.0,-3.141587734222412,0.0,-2000.0,-3107.968994140625,0.19649767875671387,11.928070068359375,-500.0,-6279.74951171875,1000.0,5.0
2.916666666666659,0.0,3.1415903568267822,0.0001220703125,2000.0,3108.330322265625,-0.02638808637857437,125.76995849609375,-500.0,-694.65234375,1000.0,5.0
2.9249999999999923,0.0,-3.1415886878967285,-0.000244140625,-2000.0,-3108.33154296875,0.663519561290741,7.979583740234375,-500.0,-6275.30419921875,1000.0,5.0
2.9333333333333256,0.0,3.141589403152466,1126.2919921875,2000.0,3108.33056640625,0.4204850196838379,-140.75184631347656,-500.0,-730.7389526367188,1000.0,5.0
2.941666666666659,0.0,3.127288341522217,5.906938076019287,-2000.0,-8709.822265625,0.5877474546432495,-38.621585845947266,500.0,6827.349609375,1000.0,5.0
2.949999999999992,0.0,-3.1415903568267822,-0.00091552734375,-2000.0,-3186.373779296875,0.6056811213493347,74.60684204101562,500.0,1637.20556640625,1000.0,5.0
2.9583333333333255,0.0,3.1415910720825195,-0.0001220703125,2000.0,3107.920166015625,0.48825111985206604,-39.24047088623047,-500.0,-4033.1826171875,1000.0,5.0
2.966666666666659,0.0,3.1415927410125732,-0.0006103515625,-2000.0,-3108.333251953125,0.5664139986038208,74.60462188720703,500.0,1717.89794921875,1000.0,5.0
2.974999999999992,0.0,3.1283881664276123,-192.0164794921875,-2000.0,-3141.41259765625,0.6468691229820251,89.53837585449219,-500.0,-4013.438232421875,1000.0,5.0
2.9833333333333254,0.0,-2.3275365829467773,-1140.8157958984375,-2000.0,-2173.484130859375,0.925167977809906,-20.56386947631836,-500.0,-4800.353515625,1000.0,5.0
2.9916666666666587,0.0,3.141592025756836,0.00012204746599309146,2000.0,7977.30859375,0.24626637995243073,28.970470428466797,500.0,565.6094970703125,1000.0,5.0
2.999999999999992,0.0,3.116215229034424,-48.726531982421875,-2000.0,-3082.422607421875,0.9065527319908142,77.42190551757812,-500.0,-1571.65673828125,1000.0,5.0
3.0083333333333253,0.0,3.1178789138793945,-237.7567138671875,-2000.0,-2873.69921875,-0.8773981928825378,70.10256958007812,-500.0,-4324.37158203125,1000.0,5.0
3.0166666666666586,0.38944811569296794,-2.9944357872009277,-282.5364990234375,-1934.1220703125,-1934.1220703125,-0.4586898684501648,131.41845703125,-500.0,-3066.42919921875,1000.0,5.0
3.024999999999992,0.5261131733579303,3.141589879989624,0.0003573841240722686,2000.0,4760.74853515625,1.4863635301589966,77.45410919189453,-500.0,-6341.578125,1000.0,5.0
3.033333333333325,0.574071649041742,-3.011913776397705,-248.975341796875,-2000.0,-2576.225341796875,1.5571070909500122,150.12405395507812,-500.0,-4615.88720703125,1000.0,5.0
3.0416666666666585,0.5909012280812745,3.1415908336639404,0.0003662109375,2000.0,4791.44482421875,2.192206859588623,-15.453277587890625,-500.0,-8284.755859375,1000.0,5.0
3.049999999999992,0.5968070607127207,-2.9436495304107666,-380.0487060546875,-2000.0,-2511.619873046875,2.705955982208252,-98.93888854980469,-323.43951416015625,-323.43951416015625,1000.0,5.0
3.058333333333325,0.5988795343609756,3.1415905952453613,-0.00033326380071230233,2000.0,5398.38134765625,1.0613948106765747,-106.91815948486328,500.0,3593.96630859375,1000.0,5.0
3.0666666666666584,0.5996068064140035,-1.7607089281082153,-1101.6590576171875,-2000.0,-2500.450439453125,1.0027823448181152,0.4017868936061859,500.0,4815.2109375,1000.0,5.0
3.0749999999999917,0.5998620205826183,-3.141591787338257,8.219919982366264e-05,2000.0,7813.43115234375,0.4079459607601166,-219.44566345214844,-500.0,-521.4805297851562,1000.0,5.0
3.083333333333325,0.5999515802894578,3.141589879989624,0.00036589798401109874,2000.0,3763.122802734375,-0.26052138209342957,-87.32791900634766,500.0,10768.310546875,1000.0,5.0
3.0916666666666583,0.5999830085645129,-2.8082706928253174,-639.972900390625,-2000.0,-2508.0888671875,-0.22269026935100555,-76.6635971069336,500.0,4496.65673828125,1000.0,5.0
3.0999999999999917,0.5999940373687351,-3.113827705383301,-0.6637153625488281,2000.0,6559.60546875,0.28631719946861267,79.952880859375,500.0,3944.525146484375,1000.0,5.0
3.108333333333325,0.5999979075945863,-3.1400041580200195,-0.17394238710403442,2000.0,3732.2666015625,-0.6485664248466492,-29.114368438720703,-500.0,-4140.802734375,1000.0,5.0
3.1166666666666583,0.5999992657334957,-3.114943504333496,7.930606842041016,2000.0,3740.825927734375,-1.12831449508667,-54.224647521972656,500.0,1780.0015869140625,1000.0,5.0
3.1249999999999916,0.5999997423313399,-3.1102869510650635,-8.835199356079102,2000.0,3675.638427734375,0.9088974595069885,-37.29474639892578,500.0,3275.3896484375,1000.0,5.0
3.133333333333325,0.5999999095789634,-3.120849609375,-12.590158462524414,2000.0,3754.043212890625,0.3803466558456421,-36.0511474609375,500.0,1410.28857421875,1000.0,5.0
3.141666666666658,0.5999999682694672,-3.1289985179901123,-12.425334930419922,2000.0,3783.641845703125,-0.20692718029022217,-19.117076873779297,500.0,1612.384033203125,1000.0,5.0
3.1499999999999915,0.5999999888651275,-3.1300806999206543,-11.424016952514648,2000.0,3791.08544921875,-0.7625236511230469,-12.78537368774414,500.0,1059.3173828125,1000.0,5.0
3.1583333333333248,0.5999999960925527,-3.129014730453491,-10.817151069641113,2000.0,3787.221435546875,-1.1549962759017944,-9.890449523925781,500.0,1020.530517578125,1000.0,5.0
3.166666666666658,0.5999999986287994,-3.125828742980957,-9.974868774414062,2000.0,3783.122314453125,1.2575339078903198,-13.858160972595215,500.0,1072.0205078125,1000.0,5.0
3.1749999999999914,0.5999999995188185,-3.1262047290802,-4.95097541809082,2000.0,3775.74267578125,0.8991002440452576,-43.985382080078125,64.14105224609375,64.14105224609375,1000.0,5.0
3.1833333333333247,0.5999999998311439,-3.1188671588897705,5.912252426147461,2000.0,3751.091552734375,0.42836591601371765,-65.88075256347656,500.0,1749.718994140625,1000.0,5.0
3.191666666666658,0.599999999940745,-3.1117732524871826,8.329238891601562,2000.0,3689.634765625,-0.09852138161659241,-72.30110168457031,500.0,3079.854736328125,1000.0,5.0
3.1999999999999913,0.5999999999792063,-3.104539155960083,11.44717788696289,2000.0,3670.23095703125,-0.6937497854232788,-72.73741912841797,500.0,3664.31591796875,1000.0,5.0
3.2083333333333246,0.599999999992703,-3.1009292602539062,-9.480056762695312,2000.0,3647.42529296875,-1.1787775754928589,-48.161468505859375,500.0,3983.74560546875,1000.0,5.0
3.216666666666658,0.5999999999974394,-3.109179973602295,-17.08535385131836,2000.0,3747.79248046875,0.800719141960144,-25.664398193359375,500.0,2997.46240234375,1000.0,5.0
3.224999999999991,0.5999999999991014,-3.1251049041748047,-12.602688789367676,2000.0,3794.357666015625,0.08260666579008102,-31.539077758789062,500.0,882.8604125976562,1000.0,5.0
3.2333333333333245,0.5999999999996847,-3.1181745529174805,-8.08571720123291,2000.0,3788.151611328125,-0.5397218465805054,-38.29704284667969,500.0,1535.6505126953125,1000.0,5.0
3.241666666666658,0.5999999999998893,-3.116210460662842,6.967243194580078,2000.0,3758.760498046875,-0.975376546382904,-55.67121887207031,500.0,2184.713134765625,1000.0,5.0
3.249999999999991,0.5999999999999611,-3.1139023303985596,14.026603698730469,2000.0,3681.7861328125,-1.1851983070373535,-65.10191345214844,500.0,3271.249267578125,1000.0,5.0
3.2583333333333244,0.5999999999999863,-3.108952283859253,9.149131774902344,2000.0,3643.9716796875,0.9533268809318542,-62.97641372680664,500.0,3847.69482421875,1000.0,5.0
3.2666666666666577,0.5999999999999952,-3.1107475757598877,7.175365447998047,2000.0,3663.104248046875,0.45870596170425415,-72.98091125488281,500.0,2672.1572265625,1000.0,5.0
3.274999999999991,0.5999999999999983,-3.1146559715270996,-15.888969421386719,2000.0,3674.80810546875,-0.10460222512483597,-37.80943298339844,500.0,3419.692626953125,1000.0,5.0
3.2833333333333243,0.5999999999999994,-3.1227519512176514,-14.950338363647461,2000.0,3793.466064453125,-0.7614625692367554,-21.375499725341797,500.0,1942.7728271484375,1000.0,5.0
3.2916666666666576,0.5999999999999998,-3.1287059783935547,-12.74103832244873,2000.0,3797.482177734375,-1.22622811794281,-8.80274486541748,500.0,1449.50634765625,1000.0,5.0
3.299999999999991,0.5999999999999999,-3.131089687347412,-10.518092155456543,2000.0,3792.438232421875,1.0859473943710327,-3.2798986434936523,500.0,1053.2513427734375,1000.0,5.0
3.3083333333333242,0.6,-3.131673812866211,-8.177164077758789,2000.0,3783.726806640625,0.6571324467658997,-27.573806762695312,-378.978759765625,-378.978759765625,1000.0,5.0
3.3166666666666575,0.6,-3.125563144683838,-8.220098495483398,2000.0,3772.619140625,0.18518230319023132,-34.31180191040039,500.0,1050.1240234375,1000.0,5.0
3.324999999999991,0.6,-3.1206562519073486,-1.996490478515625,2000.0,3766.6953125,-0.3208475410938263,-46.52266311645508,500.0,1622.9989013671875,1000.0,5.0
3.333333333333324,0.6,-3.1146492958068848,7.44342041015625,2000.0,3730.83056640625,-0.7985742092132568,-60.3850212097168,500.0,2486.556884765625,1000.0,5.0
3.3416666666666575,0.6,-3.1080524921417236,9.909687042236328,2000.0,3677.71630859375,-1.1228185892105103,-63.87140655517578,500.0,3418.5380859375,1000.0,5.0
3.3499999999999908,0.6,-3.106029510498047,-9.001388549804688,2000.0,3658.606201171875,0.7492278218269348,-42.264732360839844,500.0,3754.9794921875,1000.0,5.0
3.358333333333324,0.6,-3.1167542934417725,-13.281095504760742,2000.0,3750.544677734375,-0.00907509308308363,-41.06130599975586,500.0,1738.6226806640625,1000.0,5.0
3.3666666666666574,0.6,-3.120598793029785,-15.99478816986084,2000.0,3782.986328125,-0.800403892993927,-25.786300659179688,500.0,2057.602783203125,1000.0,5.0
3.3749999999999907,0.6,-3.118582248687744,-12.970808029174805,2000.0,3800.479248046875,-1.3410120010375977,-23.790987014770508,500.0,1689.5169677734375,1000.0,5.0
3.383333333333324,0.6,-3.118802547454834,-6.663181304931641,2000.0,3783.527099609375,1.1242693662643433,-28.737045288085938,500.0,1860.0552978515625,1000.0,5.0
3.3916666666666573,0.6,-3.121208429336548,5.629894256591797,2000.0,3752.28564453125,0.5965459942817688,-63.609657287597656,500.0,874.7175903320312,1000.0,5.0
3.3999999999999906,0.6,-3.1144187450408936,10.912956237792969,2000.0,3693.3740234375,0.0789763331413269,-75.15611267089844,500.0,2882.2099609375,1000.0,5.0
3.408333333333324,0.6,-3.1067848205566406,10.136341094970703,2000.0,3660.0322265625,-0.45781633257865906,-73.97795104980469,500.0,3718.3173828125,1000.0,5.0
3.416666666666657,0.6,-3.107426881790161,-11.139291763305664,2000.0,3656.1240234375,-0.9293767809867859,-43.27336120605469,500.0,3927.8056640625,1000.0,5.0
3.4249999999999905,0.6,-3.1222362518310547,-15.565276145935059,2000.0,3762.553955078125,1.079268455505371,-14.085395812988281,500.0,2628.3564453125,1000.0,5.0
3.433333333333324,0.6,-3.13136887550354,-9.935818672180176,2000.0,3799.863037109375,0.6564338207244873,-26.631418228149414,164.63555908203125,164.63555908203125,1000.0,5.0
3.441666666666657,0.6,-3.1304194927215576,-11.050233840942383,2000.0,3781.148193359375,0.1282007247209549,-20.592418670654297,500.0,1003.35400390625,1000.0,5.0
3.4499999999999904,0.6,-3.1288864612579346,-10.588075637817383,2000.0,3785.646484375,-0.3702881336212158,-18.987506866455078,500.0,965.5206298828125,1000.0,5.0
3.4583333333333237,0.6,-3.126477003097534,-9.582586288452148,2000.0,3781.84716796875,-0.7970900535583496,-21.54220962524414,500.0,1134.5194091796875,1000.0,5.0
3.466666666666657,0.6,-3.1220080852508545,-6.233166694641113,2000.0,3774.4296875,-1.1264925003051758,-30.518051147460938,500.0,1475.655517578125,1000.0,5.0
3.4749999999999903,0.6,-3.116750955581665,6.7412109375,2000.0,3753.287109375,1.0403751134872437,-49.4766845703125,500.0,2089.14892578125,1000.0,5.0
3.4833333333333236,0.6,-3.1153411865234375,7.455108642578125,2000.0,3683.418701171875,0.5512235760688782,-71.30347442626953,500.0,1953.646728515625,1000.0,5.0
3.491666666666657,0.6,-3.1063311100006104,6.666984558105469,2000.0,3678.09423828125,-0.08638934791088104,-71.46078491210938,500.0,3289.56201171875,1000.0,5.0
3.4999999999999902,0.6,-3.10310697555542,-11.334537506103516,2000.0,3673.0234375,-0.8065783977508545,-48.352134704589844,500.0,3616.23388671875,1000.0,5.0
3.5083333333333235,0.6,-3.111640691757202,-17.338825225830078,2000.0,3759.31787109375,1.313802719116211,-25.822750091552734,500.0,2820.89599609375,1000.0,5.0
3.516666666666657,0.6,-3.1212143898010254,-11.203597068786621,2000.0,3798.127197265625,0.8661015629768372,-41.709510803222656,500.0,634.236083984375,1000.0,5.0
3.52499999999999,0.6,-3.119403123855591,-6.571073532104492,2000.0,3777.343505859375,0.3214815557003021,-48.18809509277344,500.0,1652.4248046875,1000.0,5.0
3.5333333333333234,0.6,-3.1165664196014404,6.841777801513672,2000.0,3752.39208984375,-0.21269993484020233,-64.55791473388672,500.0,2248.6640625,1000.0,5.0
3.5416666666666567,0.6,-3.111790657043457,8.276371002197266,2000.0,3682.730224609375,-0.6659990549087524,-68.15095520019531,500.0,3334.24560546875,1000.0,5.0
3.54999999999999,0.6,-3.1069812774658203,10.11856460571289,2000.0,3670.474365234375,-1.0434033870697021,-66.97019958496094,500.0,3740.54736328125,1000.0,5.0
3.5583333333333234,0.6,-3.1067757606506348,-9.549165725708008,2000.0,3656.46337890625,0.9604617953300476,-41.02485656738281,500.0,3870.211669921875,1000.0,5.0
3.5666666666666567,0.6,-3.1207737922668457,-13.089729309082031,2000.0,3753.999755859375,0.4573964476585388,-36.084564208984375,500.0,1571.011962890625,1000.0,5.0
3.57499999999999,0.6,-3.128788471221924,-12.600458145141602,2000.0,3786.051025390625,-0.1413583755493164,-20.169055938720703,500.0,1575.530029296875,1000.0,5.0
3.5833333333333233,0.6,-3.130112648010254,-11.384342193603516,2000.0,3791.76025390625,-0.7055040597915649,-13.542196273803711,500.0,1079.1319580078125,1000.0,5.0
3.5916666666666566,0.6,-3.1281726360321045,-11.163945198059082,2000.0,3787.0595703125,-1.1194748878479004,-11.48306655883789,500.0,1029.86181640625,1000.0,5.0
3.59999999999999,0.6,-3.126089572906494,-9.830291748046875,2000.0,3784.0087890625,1.2661031484603882,-14.391261100769043,500.0,1133.8907470703125,1000.0,5.0
3.608333333333323,0.6,-3.126142740249634,-4.936205863952637,2000.0,3775.28759765625,0.9152714610099792,-44.438720703125,86.511474609375,86.511474609375,1000.0,5.0
3.6166666666666565,0.6,-3.118555784225464,6.070213317871094,2000.0,3750.953857421875,0.4352932274341583,-66.38172912597656,500.0,1764.30029296875,1000.0,5.0
3.62499999999999,0.6,-3.1110973358154297,8.644702911376953,2000.0,3688.53857421875,-0.1088302955031395,-72.76290893554688,500.0,3101.43994140625,1000.0,5.0
3.633333333333323,0.6,-3.104078769683838,9.13797378540039,2000.0,3667.98388671875,-0.7190412282943726,-70.01532745361328,500.0,3692.560546875,1000.0,5.0
3.6416666666666564,0.6,-3.100201368331909,-9.36174201965332,2000.0,3658.43994140625,1.209331750869751,-47.561336517333984,500.0,3860.286865234375,1000.0,5.0
3.6499999999999897,0.6,-3.1134116649627686,-14.686424255371094,2000.0,3746.538818359375,0.7872863411903381,-45.23515319824219,500.0,1773.4010009765625,1000.0,5.0
3.658333333333323,0.6,-3.1185193061828613,-14.167388916015625,2000.0,3786.62939453125,0.11941777169704437,-36.30668640136719,500.0,1868.1143798828125,1000.0,5.0
3.6666666666666563,0.6,-3.118032693862915,-6.729976654052734,2000.0,3789.341796875,-0.465154767036438,-42.083961486816406,500.0,1755.62548828125,1000.0,5.0
3.6749999999999896,0.6,-3.116132974624634,6.978527069091797,2000.0,3751.883056640625,-0.9045670032501221,-57.66154479980469,500.0,2336.775390625,1000.0,5.0
3.683333333333323,0.6,-3.1125035285949707,10.521339416503906,2000.0,3681.6162109375,-1.1412904262542725,-63.352622985839844,500.0,3335.360595703125,1000.0,5.0
3.691666666666656,0.6,-3.107978105545044,9.66031265258789,2000.0,3660.012451171875,0.9112789630889893,-62.54389953613281,500.0,3738.2763671875,1000.0,5.0
3.6999999999999895,0.6,-3.112682342529297,-8.05455207824707,2000.0,3659.67822265625,0.40640532970428467,-54.79168701171875,500.0,2671.5556640625,1000.0,5.0
3.708333333333323,0.6,-3.1158132553100586,-14.902435302734375,2000.0,3752.458740234375,-0.22351573407649994,-35.385494232177734,500.0,2536.3818359375,1000.0,5.0
3.716666666666656,0.6,-3.1284310817718506,-12.98293685913086,2000.0,3790.1240234375,-0.8186885714530945,-14.411827087402344,500.0,1881.032470703125,1000.0,5.0
3.7249999999999894,0.6,-3.1295580863952637,-11.928213119506836,2000.0,3793.32861328125,-1.2580982446670532,-7.945744037628174,500.0,1129.9356689453125,1000.0,5.0
3.7333333333333227,0.6,-3.1303927898406982,-10.339134216308594,2000.0,3789.22119140625,1.0649278163909912,-4.2164082527160645,500.0,1026.3363037109375,1000.0,5.0
3.741666666666656,0.6,-3.1284472942352295,-8.12144660949707,2000.0,3782.12646484375,0.6235156655311584,-32.67180633544922,-321.64349365234375,-321.64349365234375,1000.0,5.0
3.7499999999999893,0.6,-3.1228487491607666,-6.131980895996094,2000.0,3769.1240234375,0.15912103652954102,-42.328121185302734,500.0,1321.83251953125,1000.0,5.0
3.7583333333333226,0.6,-3.117361307144165,6.421100616455078,2000.0,3753.591796875,-0.3474718928337097,-60.85052490234375,500.0,2036.845458984375,1000.0,5.0
3.766666666666656,0.6,-3.1111032962799072,8.555179595947266,2000.0,3685.619384765625,-0.7962020039558411,-65.95032501220703,500.0,3216.26220703125,1000.0,5.0
3.7749999999999893,0.6,-3.104790210723877,11.297794342041016,2000.0,3668.41943359375,1.1285320520401,-66.26467895507812,500.0,3695.617431640625,1000.0,5.0
3.7833333333333226,0.6,-3.106999397277832,-8.174402236938477,2000.0,3648.408203125,0.7167934775352478,-60.236793518066406,500.0,2748.9677734375,1000.0,5.0
3.791666666666656,0.6,-3.1102771759033203,-16.46124267578125,2000.0,3747.342041015625,-0.024051709100604057,-42.556121826171875,500.0,2653.44287109375,1000.0,5.0
3.799999999999989,0.6,-3.1197354793548584,-15.315231323242188,2000.0,3792.342529296875,-0.7603678107261658,-26.708105087280273,500.0,2139.83203125,1000.0,5.0
3.8083333333333225,0.6,-3.1161913871765137,-6.837521553039551,2000.0,3796.29052734375,-1.2669143676757812,-34.480712890625,500.0,1715.589111328125,1000.0,5.0
3.8166666666666558,0.6,-3.115879774093628,7.033802032470703,2000.0,3750.623291015625,1.1972349882125854,-50.03950500488281,500.0,2357.49267578125,1000.0,5.0
3.824999999999989,0.6,-3.1188907623291016,19.072097778320312,2000.0,3681.082763671875,0.7379537224769592,-81.89913177490234,500.0,1903.35791015625,1000.0,5.0
3.8333333333333224,0.6,-3.108503818511963,9.309833526611328,2000.0,3623.83642578125,0.253976434469223,-80.79261779785156,500.0,3725.979736328125,1000.0,5.0
3.8416666666666557,0.6,-3.1084022521972656,-9.27750015258789,2000.0,3661.751708984375,-0.2875562012195587,-53.31974792480469,500.0,3912.642578125,1000.0,5.0
3.849999999999989,0.6,-3.115356206893921,-15.13254165649414,2000.0,3754.294677734375,-0.8790659308433533,-29.918174743652344,500.0,2809.765380859375,1000.0,5.0
3.8583333333333223,0.6,-3.1245744228363037,-14.515832901000977,2000.0,3790.823486328125,1.1651262044906616,-11.817375183105469,500.0,1935.441650390625,1000.0,5.0
3.8666666666666556,0.6,-3.1315724849700928,-9.768905639648438,2000.0,3797.119873046875,0.8041497468948364,-26.402942657470703,8.3056640625,8.3056640625,1000.0,5.0
3.874999999999989,0.6,-3.1323554515838623,-9.187949180603027,2000.0,3780.505859375,0.32972872257232666,-21.286073684692383,500.0,918.072265625,1000.0,5.0
3.883333333333322,0.6,-3.1254360675811768,-10.091217041015625,2000.0,3778.306884765625,-0.1833912581205368,-27.730262756347656,500.0,899.4393310546875,1000.0,5.0
3.8916666666666555,0.6,-3.1219875812530518,-6.3220319747924805,2000.0,3775.905029296875,-0.6363030672073364,-35.64561080932617,500.0,1478.2088623046875,1000.0,5.0
3.899999999999989,0.6,-3.117037773132324,6.539142608642578,2000.0,3753.716552734375,-1.0240488052368164,-53.78291702270508,500.0,2100.43212890625,1000.0,5.0
3.908333333333322,0.6,-3.11150860786438,8.37872314453125,2000.0,3684.711181640625,1.0856562852859497,-59.35015869140625,500.0,3201.170166015625,1000.0,5.0
3.9166666666666554,0.6,-3.1106176376342773,9.400100708007812,2000.0,3669.6953125,0.6311120986938477,-75.81526184082031,500.0,2424.6796875,1000.0,5.0
3.9249999999999887,0.6,-3.1040420532226562,-8.923543930053711,2000.0,3663.6494140625,-0.03655491769313812,-58.170013427734375,500.0,3475.20703125,1000.0,5.0
3.933333333333322,0.6,-3.1092679500579834,-16.980712890625,2000.0,3748.207275390625,-0.8396894931793213,-36.254032135009766,500.0,2926.778076171875,1000.0,5.0
3.9416666666666553,0.6,-3.1197919845581055,-15.610180854797363,2000.0,3793.927001953125,-1.3698099851608276,-18.948862075805664,500.0,2232.54638671875,1000.0,5.0
3.9499999999999886,0.6,-3.1159250736236572,-6.797503471374512,2000.0,3797.822021484375,1.002530574798584,-28.615234375,500.0,1632.34814453125,1000.0,5.0
3.958333333333322,0.6,-3.1206579208374023,5.74293327331543,2000.0,3750.16748046875,0.4661315977573395,-62.41398620605469,500.0,929.4964599609375,1000.0,5.0
3.9666666666666552,0.6,-3.1161904335021973,19.116683959960938,2000.0,3692.253173828125,-0.017506908625364304,-80.71663665771484,500.0,2887.63330078125,1000.0,5.0
3.9749999999999885,0.6,-3.1075472831726074,9.567726135253906,2000.0,3620.98828125,-0.4772433638572693,-75.72190856933594,500.0,4044.585205078125,1000.0,5.0
3.983333333333322,0.6,-3.1088244915008545,-9.255949020385742,2000.0,3659.502685546875,-0.8911077380180359,-46.89221954345703,500.0,4024.717041015625,1000.0,5.0
3.991666666666655,0.6,-3.116434097290039,-14.597845077514648,2000.0,3754.595458984375,1.0145035982131958,-24.434974670410156,500.0,2790.1650390625,1000.0,5.0
3.9999999999999885,0.6,-3.1259279251098633,-12.34070110321045,2000.0,3789.238037109375,0.5572549700737,-30.845455169677734,500.0,714.4969482421875,1000.0,5.0
4.008333333333322,0.6,-3.129140853881836,-12.264217376708984,2000.0,3787.639892578125,-0.012030677869915962,-20.291810989379883,500.0,1263.645263671875,1000.0,5.0
4.016666666666656,0.6,-3.1317214965820312,-9.848697662353516,2000.0,3790.447021484375,-0.521171510219574,-13.965690612792969,500.0,1020.6058959960938,1000.0,5.0
4.02499999999999,0.6,-3.129786729812622,-9.891773223876953,2000.0,3781.015380859375,-0.9404202103614807,-13.3082275390625,500.0,958.8703002929688,1000.0,5.0
4.0333333333333234,0.6,-3.123213768005371,-7.4023237228393555,2000.0,3779.255126953125,-1.2432607412338257,-23.930580139160156,500.0,1135.6214599609375,1000.0,5.0
4.041666666666657,0.6,-3.1195383071899414,0.46349525451660156,2000.0,3760.32666015625,0.991894543170929,-37.64595413208008,500.0,1818.159423828125,1000.0,5.0
4.049999999999991,0.6,-3.118868827819824,6.203849792480469,2000.0,3717.4501953125,0.4941122531890869,-65.89703369140625,500.0,1386.3504638671875,1000.0,5.0
4.058333333333325,0.6,-3.1098058223724365,9.327892303466797,2000.0,3688.007080078125,-0.09123439341783524,-73.51361083984375,500.0,3047.79541015625,1000.0,5.0
4.066666666666658,0.6,-3.1053807735443115,-9.005071640014648,2000.0,3663.298583984375,-0.7252955436706543,-51.985877990722656,500.0,3721.2978515625,1000.0,5.0
4.074999999999992,0.6,-3.1112186908721924,-16.19656753540039,2000.0,3749.942626953125,1.2046887874603271,-30.07050323486328,500.0,2961.941650390625,1000.0,5.0
4.083333333333326,0.6,-3.121887445449829,-12.911503791809082,2000.0,3791.9765625,0.7070940732955933,-38.60868453979492,500.0,901.1807250976562,1000.0,5.0
4.09166666666666,0.6,-3.1201696395874023,-12.363040924072266,2000.0,3786.474365234375,0.07118690758943558,-36.70396423339844,500.0,1576.88720703125,1000.0,5.0
4.099999999999993,0.6,-3.1172871589660645,3.0529136657714844,2000.0,3782.0087890625,-0.49585220217704773,-53.61122131347656,500.0,1799.604736328125,1000.0,5.0
4.108333333333327,0.6,-3.1143527030944824,7.37237548828125,2000.0,3702.4482421875,-0.8789188861846924,-62.051734924316406,500.0,2928.487060546875,1000.0,5.0
4.116666666666661,0.6,-3.1104507446289062,8.752952575683594,2000.0,3677.62353515625,-1.1244442462921143,-63.36667251586914,500.0,3542.046142578125,1000.0,5.0
4.124999999999995,0.6,-3.1066532135009766,9.313323974609375,2000.0,3666.744140625,0.8574368953704834,-61.30213928222656,500.0,3730.555908203125,1000.0,5.0
4.133333333333328,0.6,-3.1114697456359863,-8.997259140014648,2000.0,3660.1220703125,0.34086382389068604,-52.47473907470703,500.0,2636.388427734375,1000.0,5.0
4.141666666666662,0.6,-3.1221158504486084,-15.620152473449707,2000.0,3755.943359375,-0.2708595097064972,-25.313554763793945,500.0,2453.30517578125,1000.0,5.0
4.149999999999996,0.6,-3.1288368701934814,-12.56873893737793,2000.0,3799.98095703125,-0.8713988065719604,-13.532339096069336,500.0,1401.107421875,1000.0,5.0
4.15833333333333,0.6,-3.130615711212158,-10.955519676208496,2000.0,3791.724853515625,-1.2571165561676025,-6.653810501098633,500.0,1112.31640625,1000.0,5.0
4.166666666666663,0.6,-3.1287615299224854,-10.713449478149414,2000.0,3785.427001953125,1.108886957168579,-6.508697509765625,500.0,961.248779296875,1000.0,5.0
4.174999999999997,0.6,-3.129403591156006,-7.633906364440918,2000.0,3782.34521484375,0.6812153458595276,-33.111106872558594,-229.00860595703125,-229.00860595703125,1000.0,5.0
4.183333333333331,0.6,-3.12300181388855,-6.014222145080566,2000.0,3767.65185546875,0.19590361416339874,-43.45020294189453,500.0,1314.9476318359375,1000.0,5.0
4.191666666666665,0.6,-3.1165549755096436,6.837802886962891,2000.0,3753.150390625,-0.3499349057674408,-62.03141403198242,500.0,2074.558349609375,1000.0,5.0
4.199999999999998,0.6,-3.1094343662261963,9.335258483886719,2000.0,3682.74267578125,-0.8347424268722534,-66.89189910888672,500.0,3276.538330078125,1000.0,5.0
4.208333333333332,0.6,-3.105135679244995,-0.7361679077148438,2000.0,3662.864501953125,1.0849354267120361,-53.14946365356445,500.0,3761.96630859375,1000.0,5.0
4.216666666666666,0.6,-3.108846426010132,-8.095115661621094,2000.0,3708.572021484375,0.5963677763938904,-55.935096740722656,500.0,2115.00537109375,1000.0,5.0
4.225,0.6,-3.118588924407959,-17.246746063232422,2000.0,3749.105224609375,-0.15784403681755066,-32.05172348022461,500.0,2498.571044921875,1000.0,5.0
4.233333333333333,0.6,-3.117800712585449,-13.213890075683594,2000.0,3804.526123046875,-0.8764212727546692,-30.122989654541016,500.0,1681.5081787109375,1000.0,5.0
4.241666666666667,0.6,-3.1182479858398438,-6.785796165466309,2000.0,3783.97998046875,-1.2512401342391968,-33.42769241333008,500.0,1944.360107421875,1000.0,5.0
4.250000000000001,0.6,-3.1162781715393066,6.978050231933594,2000.0,3752.34619140625,1.1079387664794922,-50.111289978027344,500.0,2297.004638671875,1000.0,5.0
4.258333333333335,0.6,-3.1178367137908936,15.431228637695312,2000.0,3681.765625,0.6189281940460205,-78.33309936523438,500.0,1951.5950927734375,1000.0,5.0
4.266666666666668,0.6,-3.1076138019561768,9.768444061279297,2000.0,3640.899169921875,0.09938807785511017,-78.65380859375,500.0,3607.19091796875,1000.0,5.0
4.275000000000002,0.6,-3.1062886714935303,-9.66038703918457,2000.0,3658.676513671875,-0.4558621644973755,-51.621978759765625,500.0,3882.996337890625,1000.0,5.0
4.283333333333336,0.6,-3.1218361854553223,-15.889822006225586,2000.0,3754.080078125,-0.9730823636054993,-18.557109832763672,500.0,2809.030029296875,1000.0,5.0
4.29166666666667,0.6,-3.128969430923462,-12.456565856933594,2000.0,3801.0341796875,1.1218968629837036,-7.694915294647217,500.0,1414.3966064453125,1000.0,5.0
4.300000000000003,0.6,-3.132248878479004,-9.133466720581055,2000.0,3791.30419921875,0.7167189121246338,-25.728618621826172,-176.20266723632812,-176.20266723632812,1000.0,5.0
4.308333333333337,0.6,-3.1287007331848145,-10.71489429473877,2000.0,3777.987548828125,0.23798081278800964,-24.28784942626953,500.0,928.0714111328125,1000.0,5.0
4.316666666666671,0.6,-3.1266627311706543,-9.475030899047852,2000.0,3782.25244140625,-0.23492325842380524,-26.95331573486328,500.0,1095.402099609375,1000.0,5.0
4.325000000000005,0.6,-3.1220762729644775,-6.213892936706543,2000.0,3774.08154296875,-0.6986538171768188,-35.73063659667969,500.0,1465.12744140625,1000.0,5.0
4.333333333333338,0.6,-3.1163647174835205,6.893604278564453,2000.0,3753.257080078125,-1.0805457830429077,-53.93846893310547,500.0,2135.85888671875,1000.0,5.0
4.341666666666672,0.6,-3.110212802886963,8.993232727050781,2000.0,3682.2763671875,0.989001989364624,-59.5417366027832,500.0,3237.1962890625,1000.0,5.0
4.350000000000006,0.6,-3.108755350112915,10.052017211914062,2000.0,3665.337158203125,0.4553358554840088,-75.39342498779297,500.0,2482.5859375,1000.0,5.0
4.35833333333334,0.6,-3.1045658588409424,-12.402639389038086,2000.0,3658.53173828125,-0.25494953989982605,-51.096248626708984,500.0,3542.003173828125,1000.0,5.0
4.366666666666673,0.6,-3.1128621101379395,-17.052616119384766,2000.0,3766.004150390625,-1.0333127975463867,-29.99750518798828,500.0,2682.287353515625,1000.0,5.0
4.375000000000007,0.6,-3.116326093673706,-14.06208610534668,2000.0,3797.954345703125,1.3446193933486938,-22.488452911376953,500.0,2016.5316162109375,1000.0,5.0
4.383333333333341,0.6,-3.1228761672973633,-5.331625938415527,2000.0,3786.69677734375,0.890687882900238,-48.84294128417969,452.1129150390625,452.1129150390625,1000.0,5.0
4.391666666666675,0.6,-3.1179614067077637,6.344455718994141,2000.0,3749.732177734375,0.37522172927856445,-68.2071533203125,500.0,1996.802978515625,1000.0,5.0
4.400000000000008,0.6,-3.1123690605163574,8.078758239746094,2000.0,3686.576904296875,-0.13809040188789368,-72.87773132324219,500.0,3222.746826171875,1000.0,5.0
4.408333333333342,0.6,-3.1068410873413086,10.195537567138672,2000.0,3672.052978515625,-0.6613326668739319,-71.79895782470703,500.0,3712.931640625,1000.0,5.0
4.416666666666676,0.6,-3.1058857440948486,-9.682029724121094,2000.0,3655.949462890625,-1.0693416595458984,-44.91761779785156,500.0,3920.6142578125,1000.0,5.0
4.42500000000001,0.6,-3.122185468673706,-15.64786148071289,2000.0,3753.7724609375,0.9221475124359131,-12.918299674987793,500.0,2780.5517578125,1000.0,5.0
4.433333333333343,0.6,-3.1314327716827393,-9.879851341247559,2000.0,3800.176513671875,0.389044851064682,-25.39168930053711,184.84121704101562,184.84121704101562,1000.0,5.0
4.441666666666677,0.6,-3.1300415992736816,-11.427082061767578,2000.0,3780.93505859375,-0.1729612946510315,-18.307270050048828,500.0,1075.06201171875,1000.0,5.0
4.450000000000011,0.6,-3.1283860206604004,-10.98775863647461,2000.0,3787.143798828125,-0.6656888127326965,-16.280033111572266,500.0,1001.8441772460938,1000.0,5.0
4.458333333333345,0.6,-3.126250743865967,-9.733148574829102,2000.0,3783.34521484375,-1.0375946760177612,-18.640201568603516,500.0,1146.8460693359375,1000.0,5.0
4.466666666666678,0.6,-3.1221823692321777,-6.239816665649414,2000.0,3774.96142578125,1.2325083017349243,-27.81558609008789,500.0,1450.807373046875,1000.0,5.0
4.475000000000012,0.6,-3.121518850326538,5.382379531860352,2000.0,3753.496337890625,0.8692478537559509,-63.21669387817383,500.0,774.525146484375,1000.0,5.0
4.483333333333346,0.6,-3.1129114627838135,8.057552337646484,2000.0,3694.92041015625,0.35435813665390015,-74.28187561035156,500.0,2726.210693359375,1000.0,5.0
4.49166666666668,0.6,-3.104783296585083,9.059333801269531,2000.0,3672.742431640625,-0.2879011332988739,-73.4802474975586,500.0,3536.914794921875,1000.0,5.0
4.500000000000013,0.6,-3.0999929904937744,-9.336141586303711,2000.0,3659.55712890625,-0.9672266840934753,-51.492000579833984,500.0,3817.962890625,1000.0,5.0
4.508333333333347,0.6,-3.1091220378875732,-17.777896881103516,2000.0,3746.210205078125,1.1979373693466187,-26.358884811401367,500.0,3058.21337890625,1000.0,5.0
4.516666666666681,0.6,-3.1205008029937744,-11.53657341003418,2000.0,3797.73583984375,0.6524296998977661,-40.85148620605469,500.0,718.9755249023438,1000.0,5.0
4.525000000000015,0.6,-3.1187915802001953,-6.713475227355957,2000.0,3778.28759765625,0.09896519035100937,-46.39994812011719,500.0,1716.3594970703125,1000.0,5.0
4.533333333333348,0.6,-3.1165482997894287,6.8136749267578125,2000.0,3752.496826171875,-0.4104394316673279,-62.45117950439453,500.0,2270.5146484375,1000.0,5.0
4.541666666666682,0.6,-3.1124327182769775,10.073070526123047,2000.0,3682.8525390625,-0.8148911595344543,-67.61903381347656,500.0,3327.77880859375,1000.0,5.0
4.550000000000016,0.6,-3.1074934005737305,9.854804992675781,2000.0,3662.177978515625,-1.107636570930481,-65.98027801513672,500.0,3788.397216796875,1000.0,5.0
4.55833333333335,0.6,-3.108027458190918,-9.328289031982422,2000.0,3658.240478515625,0.8515657186508179,-40.36115264892578,500.0,3852.832275390625,1000.0,5.0
4.566666666666683,0.6,-3.119548797607422,-12.745290756225586,2000.0,3754.15576171875,0.29673701524734497,-37.715301513671875,500.0,1592.2747802734375,1000.0,5.0
4.575000000000017,0.6,-3.1289026737213135,-12.504392623901367,2000.0,3783.120361328125,-0.31824371218681335,-19.014867782592773,500.0,1737.3966064453125,1000.0,5.0
4.583333333333351,0.6,-3.1295251846313477,-11.930339813232422,2000.0,3791.38037109375,-0.8938817977905273,-12.457925796508789,500.0,1109.865234375,1000.0,5.0
4.5916666666666845,0.6,-3.131542921066284,-9.81020736694336,2000.0,3789.188720703125,-1.2293344736099243,-6.468255996704102,500.0,1069.837158203125,1000.0,5.0
4.600000000000018,0.6,-3.1256065368652344,-10.32253646850586,2000.0,3780.6396484375,1.1098182201385498,-12.60227108001709,500.0,938.080078125,1000.0,5.0
4.608333333333352,0.6,-3.125708818435669,-5.047921180725098,2000.0,3777.2373046875,0.6806066036224365,-42.78752517700195,75.20440673828125,75.20440673828125,1000.0,5.0
4.616666666666686,0.6,-3.118687868118286,5.946407318115234,2000.0,3751.08837890625,0.19249224662780762,-64.04277801513672,500.0,1799.0728759765625,1000.0,5.0
4.6250000000000195,0.6,-3.111978769302368,8.208183288574219,2000.0,3689.286376953125,-0.31629472970962524,-70.10865783691406,500.0,3105.892822265625,1000.0,5.0
4.633333333333353,0.6,-3.105217695236206,11.108024597167969,2000.0,3671.035400390625,-0.8553970456123352,-70.51466369628906,500.0,3663.580322265625,1000.0,5.0
4.641666666666687,0.6,-3.1021687984466553,-9.390874862670898,2000.0,3649.791259765625,1.1020534038543701,-46.30047607421875,500.0,3953.431640625,1000.0,5.0
4.650000000000021,0.6,-3.114762544631958,-14.109251022338867,2000.0,3748.594482421875,0.5692498683929443,-44.40642547607422,500.0,1763.997314453125,1000.0,5.0
4.6583333333333545,0.6,-3.121685028076172,-15.341337203979492,2000.0,3785.113525390625,-0.16489876806735992,-30.130325317382812,500.0,1935.6962890625,1000.0,5.0
4.666666666666688,0.6,-3.119093418121338,-9.6531343460083,2000.0,3798.321044921875,-0.8010835647583008,-33.275421142578125,500.0,1588.965576171875,1000.0,5.0
4.675000000000022,0.6,-3.1160802841186523,7.142200469970703,2000.0,3767.52392578125,-1.1959048509597778,-52.55406951904297,500.0,2064.312744140625,1000.0,5.0
4.683333333333356,0.6,-3.114063262939453,14.164840698242188,2000.0,3680.8330078125,1.1406505107879639,-62.88154602050781,500.0,3225.65576171875,1000.0,5.0
4.6916666666666895,0.6,-3.1134262084960938,7.903476715087891,2000.0,3643.439208984375,0.7003800272941589,-76.88825225830078,500.0,2573.752197265625,1000.0,5.0
4.700000000000023,0.6,-3.1101620197296143,-6.459964752197266,2000.0,3673.74658203125,0.15677252411842346,-58.54853820800781,500.0,3494.22265625,1000.0,5.0
4.708333333333357,0.6,-3.1155776977539062,-15.012138366699219,2000.0,3742.09619140625,-0.48397308588027954,-34.445621490478516,500.0,2849.040771484375,1000.0,5.0
4.716666666666691,0.6,-3.121933698654175,-15.543852806091309,2000.0,3790.380126953125,-1.07744562625885,-17.897865295410156,500.0,1964.2677001953125,1000.0,5.0
4.7250000000000245,0.6,-3.128859281539917,-12.628353118896484,2000.0,3799.603515625,1.1494972705841064,-5.613499164581299,500.0,1433.6160888671875,1000.0,5.0
4.733333333333358,0.6,-3.1335999965667725,-7.863938808441162,2000.0,3792.04150390625,0.7491504549980164,-25.258705139160156,-294.0736999511719,-294.0736999511719,1000.0,5.0
4.741666666666692,0.6,-3.12823748588562,-9.771305084228516,2000.0,3773.021484375,0.27940255403518677,-27.355880737304688,500.0,888.360107421875,1000.0,5.0
4.750000000000026,0.6,-3.122114896774292,-6.227949142456055,2000.0,3777.072265625,-0.22117879986763,-39.04704284667969,500.0,1228.0927734375,1000.0,5.0
4.7583333333333595,0.6,-3.117255449295044,6.428440093994141,2000.0,3753.38134765625,-0.6888707280158997,-57.29839324951172,500.0,2062.941650390625,1000.0,5.0
4.766666666666693,0.6,-3.111640691757202,8.297843933105469,2000.0,3685.4765625,-1.027906060218811,-62.46022033691406,500.0,3209.35498046875,1000.0,5.0
4.775000000000027,0.6,-3.1060783863067627,10.704837799072266,2000.0,3670.23291015625,0.9800723791122437,-63.43785858154297,500.0,3636.9638671875,1000.0,5.0
4.783333333333361,0.6,-3.1087024211883545,-8.019502639770508,2000.0,3652.648193359375,0.41647401452064514,-58.245140075683594,500.0,2681.856689453125,1000.0,5.0
4.7916666666666945,0.6,-3.1110754013061523,-16.162986755371094,2000.0,3748.288330078125,-0.3789859116077423,-39.95029830932617,500.0,2704.02001953125,1000.0,5.0
4.800000000000028,0.6,-3.120795965194702,-15.965102195739746,2000.0,3791.658203125,-1.0898385047912598,-22.04205322265625,500.0,2187.0078125,1000.0,5.0
4.808333333333362,0.6,-3.1208901405334473,-11.982327461242676,2000.0,3800.57373046875,1.2852736711502075,-20.56218910217285,500.0,1647.02197265625,1000.0,5.0
4.816666666666696,0.6,-3.121598243713379,5.74830436706543,2000.0,3780.906982421875,0.8153136372566223,-61.74323272705078,385.47265625,385.47265625,1000.0,5.0
4.8250000000000295,0.6,-3.1171627044677734,19.899429321289062,2000.0,3693.3251953125,0.3333612084388733,-83.57386016845703,500.0,2679.5048828125,1000.0,5.0
4.833333333333363,0.6,-3.107924461364746,9.409893035888672,2000.0,3618.068115234375,-0.14285659790039062,-78.84557342529297,500.0,4012.01220703125,1000.0,5.0
4.841666666666697,0.6,-3.1083905696868896,-6.593036651611328,2000.0,3660.647216796875,-0.6377294659614563,-53.03178024291992,500.0,4013.706787109375,1000.0,5.0
4.850000000000031,0.6,-3.1157655715942383,-14.990545272827148,2000.0,3740.92626953125,-1.0791276693344116,-27.237586975097656,500.0,2970.453857421875,1000.0,5.0
4.8583333333333645,0.6,-3.1226956844329834,-15.007797241210938,2000.0,3790.453369140625,0.864582359790802,-12.428632736206055,500.0,1901.4432373046875,1000.0,5.0
4.866666666666698,0.6,-3.131192684173584,-10.153846740722656,2000.0,3797.69580078125,0.3278560936450958,-23.851612091064453,189.14047241210938,189.14047241210938,1000.0,5.0
4.875000000000032,0.6,-3.131423234939575,-10.121295928955078,2000.0,3782.045654296875,-0.18753717839717865,-17.014667510986328,500.0,1028.652587890625,1000.0,5.0
4.883333333333366,0.6,-3.129737615585327,-9.92990779876709,2000.0,3782.02978515625,-0.6511420607566833,-16.160293579101562,500.0,944.5020141601562,1000.0,5.0
4.8916666666666995,0.6,-3.1245791912078857,-8.210564613342285,2000.0,3779.401123046875,-1.0435742139816284,-23.666919708251953,500.0,1133.585693359375,1000.0,5.0
4.900000000000033,0.6,-3.120612382888794,-2.884796142578125,2000.0,3765.705322265625,1.1779913902282715,-34.20357894897461,500.0,1705.133056640625,1000.0,5.0
4.908333333333367,0.6,-3.119745969772339,6.004817962646484,2000.0,3735.199462890625,0.774681806564331,-65.73172760009766,500.0,1121.183349609375,1000.0,5.0
4.916666666666701,0.6,-3.11051607131958,9.094093322753906,2000.0,3689.9638671875,0.21585166454315186,-75.1661376953125,500.0,2899.24560546875,1000.0,5.0
4.9250000000000345,0.6,-3.1057305335998535,-8.92184066772461,2000.0,3665.17822265625,-0.45040440559387207,-54.574951171875,500.0,3650.381103515625,1000.0,5.0
4.933333333333368,0.6,-3.111146926879883,-16.20026397705078,2000.0,3749.886474609375,-1.1507173776626587,-32.69024658203125,500.0,2953.94970703125,1000.0,5.0
4.941666666666702,0.6,-3.118419647216797,-16.066896438598633,2000.0,3791.92333984375,0.9943277835845947,-17.431381225585938,500.0,2209.87109375,1000.0,5.0
4.950000000000036,0.6,-3.123701572418213,-10.080567359924316,2000.0,3798.7177734375,0.3628213703632355,-37.8492317199707,374.40521240234375,374.40521240234375,1000.0,5.0
4.9583333333333695,0.6,-3.118241548538208,1.2196197509765625,2000.0,3774.2353515625,-0.1928463876247406,-53.603858947753906,500.0,1711.0509033203125,1000.0,5.0
4.966666666666703,0.6,-3.1149871349334717,7.184791564941406,2000.0,3712.473876953125,-0.6362919211387634,-63.71215057373047,500.0,2776.615966796875,1000.0,5.0
4.975000000000037,0.6,-3.1107189655303955,8.654598236083984,2000.0,3679.240966796875,-0.9883572459220886,-65.37401580810547,500.0,3503.75341796875,1000.0,5.0
4.983333333333371,0.6,-3.106356382369995,10.350833892822266,2000.0,3667.5087890625,1.033243179321289,-64.04830932617188,500.0,3762.87939453125,1000.0,5.0
4.991666666666704,0.6,-3.110534429550171,-8.443851470947266,2000.0,3654.6708984375,0.6094616651535034,-55.888057708740234,500.0,2685.7939453125,1000.0,5.0
5.000000000000038,0.6,-3.12205171585083,-15.66175651550293,2000.0,3752.231689453125,0.025190753862261772,-27.86416244506836,500.0,2489.671875,1000.0,5.0
5.008333333333372,0.6,-3.1288256645202637,-12.555207252502441,2000.0,3800.1044921875,-0.6051958799362183,-16.353971481323242,500.0,1380.61279296875,1000.0,5.0
5.016666666666706,0.6,-3.1306071281433105,-10.947465896606445,2000.0,3791.64697265625,-1.0787458419799805,-9.154730796813965,500.0,1120.2965087890625,1000.0,5.0
5.025000000000039,0.6,-3.128800392150879,-10.676813125610352,2000.0,3785.3779296875,1.2696447372436523,-8.237260818481445,500.0,997.1094970703125,1000.0,5.0
5.033333333333373,0.6,-3.1294362545013428,-7.600788116455078,2000.0,3782.201416015625,0.9278064966201782,-34.774723052978516,-222.9593505859375,-222.9593505859375,1000.0,5.0
5.041666666666707,0.6,-3.1225836277008057,-4.361325263977051,2000.0,3767.518798828125,0.4545800983905792,-48.15871047973633,500.0,1274.8330078125,1000.0,5.0
5.050000000000041,0.6,-3.1158957481384277,7.0756378173828125,2000.0,3744.513427734375,-0.09924418479204178,-65.47465515136719,500.0,2180.6455078125,1000.0,5.0
5.058333333333374,0.6,-3.1084401607513428,9.78866958618164,2000.0,3680.858154296875,-0.6504715085029602,-69.84024047851562,500.0,3323.354736328125,1000.0,5.0
5.066666666666708,0.6,-3.105459213256836,-9.060667037963867,2000.0,3659.610595703125,-1.0913012027740479,-47.092864990234375,500.0,3817.247802734375,1000.0,5.0
5.075000000000042,0.6,-3.1121621131896973,-15.797784805297852,2000.0,3750.277587890625,0.7556843757629395,-26.474199295043945,500.0,2900.2939453125,1000.0,5.0
5.083333333333376,0.6,-3.1203453540802,-12.89591121673584,2000.0,3790.93359375,-0.017330532893538475,-35.97471237182617,500.0,945.8677978515625,1000.0,5.0
5.091666666666709,0.6,-3.1185131072998047,-13.225273132324219,2000.0,3784.857421875,-0.6620328426361084,-30.478160858154297,500.0,1807.40087890625,1000.0,5.0
5.100000000000043,0.6,-3.119070053100586,-6.657959938049316,2000.0,3784.640625,-1.0914576053619385,-34.77912521362305,500.0,1854.924560546875,1000.0,5.0
5.108333333333377,0.6,-3.1164493560791016,6.9014434814453125,2000.0,3752.53173828125,1.2428723573684692,-51.495662689208984,500.0,2284.68505859375,1000.0,5.0
5.116666666666711,0.6,-3.117794990539551,15.23162841796875,2000.0,3682.31787109375,0.8249854445457458,-79.4571762084961,500.0,1953.3470458984375,1000.0,5.0
5.125000000000044,0.6,-3.1076762676239014,9.771434783935547,2000.0,3641.853271484375,0.33029335737228394,-80.31128692626953,500.0,3560.3662109375,1000.0,5.0
5.133333333333378,0.6,-3.106638193130493,-10.048654556274414,2000.0,3658.728759765625,-0.2299889326095581,-52.738136291503906,500.0,3850.417724609375,1000.0,5.0
5.141666666666712,0.6,-3.1216983795166016,-15.958331108093262,2000.0,3756.359130859375,-0.8087601065635681,-20.66931915283203,500.0,2751.901123046875,1000.0,5.0
5.150000000000046,0.6,-3.1288130283355713,-12.597293853759766,2000.0,3801.249755859375,1.237601637840271,-9.146615982055664,500.0,1437.845947265625,1000.0,5.0
5.158333333333379,0.6,-3.1323401927948,-9.04531192779541,2000.0,3791.849853515625,0.9460543394088745,-26.728025436401367,-161.47003173828125,-161.47003173828125,1000.0,5.0
5.166666666666713,0.6,-3.129126787185669,-10.368391036987305,2000.0,3777.642822265625,0.5004101991653442,-26.414676666259766,500.0,863.3740844726562,1000.0,5.0
5.175000000000047,0.6,-3.126826763153076,-9.356653213500977,2000.0,3780.950927734375,0.017599711194634438,-29.546762466430664,500.0,1070.52880859375,1000.0,5.0
5.183333333333381,0.6,-3.1219217777252197,-6.199228286743164,2000.0,3773.649169921875,-0.4900311529636383,-38.451290130615234,500.0,1468.538330078125,1000.0,5.0
5.191666666666714,0.6,-3.115804672241211,7.165626525878906,2000.0,3753.0283203125,-0.9535568952560425,-56.41690444946289,500.0,2167.580078125,1000.0,5.0
5.200000000000048,0.6,-3.1090338230133057,9.523826599121094,2000.0,3680.365234375,1.0707863569259644,-61.46276092529297,500.0,3297.62353515625,1000.0,5.0
5.208333333333382,0.6,-3.11008620262146,-2.1638851165771484,2000.0,3661.515625,0.5795838236808777,-63.62615203857422,500.0,2537.74462890625,1000.0,5.0
5.216666666666716,0.6,-3.1116390228271484,-16.130695343017578,2000.0,3720.589599609375,-0.17544160783290863,-41.9256477355957,500.0,2891.515625,1000.0,5.0
5.225000000000049,0.6,-3.1170101165771484,-15.965696334838867,2000.0,3791.910888671875,-0.9854745864868164,-27.867351531982422,500.0,2184.003173828125,1000.0,5.0
5.233333333333383,0.6,-3.1183831691741943,-13.176840782165527,2000.0,3796.812255859375,1.370971441268921,-22.306690216064453,500.0,1886.1048583984375,1000.0,5.0
5.241666666666717,0.6,-3.122931957244873,-2.4629945755004883,2000.0,3784.334228515625,0.942162811756134,-52.391319274902344,429.8487548828125,429.8487548828125,1000.0,5.0
5.250000000000051,0.6,-3.1174685955047607,6.642208099365234,2000.0,3735.508056640625,0.4289930760860443,-70.16988372802734,500.0,2148.484375,1000.0,5.0
5.258333333333384,0.6,-3.1112945079803467,8.512939453125,2000.0,3684.5302734375,-0.10224733501672745,-74.06641387939453,500.0,3293.99755859375,1000.0,5.0
5.266666666666718,0.6,-3.1074600219726562,2.1615257263183594,2000.0,3668.81396484375,-0.6347765326499939,-62.43378448486328,500.0,3754.444580078125,1000.0,5.0
5.275000000000052,0.6,-3.1145029067993164,-15.845255851745605,2000.0,3696.504150390625,-1.043313980102539,-28.20909309387207,500.0,3439.077392578125,1000.0,5.0
5.283333333333386,0.6,-3.1229729652404785,-14.77782154083252,2000.0,3793.2119140625,0.8745692372322083,-13.084089279174805,500.0,1932.1116943359375,1000.0,5.0
5.291666666666719,0.6,-3.1310970783233643,-10.231224060058594,2000.0,3796.842529296875,0.33457955718040466,-24.307035446166992,216.91986083984375,216.91986083984375,1000.0,5.0
5.300000000000053,0.6,-3.1310131549835205,-10.513508796691895,2000.0,3782.330810546875,-0.19623228907585144,-17.313186645507812,500.0,1048.06201171875,1000.0,5.0
5.308333333333387,0.6,-3.1294238567352295,-10.176931381225586,2000.0,3783.573974609375,-0.6654865145683289,-16.098365783691406,500.0,963.7754516601562,1000.0,5.0
5.316666666666721,0.6,-3.1262447834014893,-9.355697631835938,2000.0,3780.325927734375,-1.0395516157150269,-19.730743408203125,500.0,1137.6614990234375,1000.0,5.0
5.325000000000054,0.6,-3.1218507289886475,-6.235918045043945,2000.0,3773.06201171875,1.1680071353912354,-28.66229820251465,500.0,1506.31298828125,1000.0,5.0
5.333333333333388,0.6,-3.1207945346832275,5.729022979736328,2000.0,3753.136962890625,0.7566226720809937,-63.592926025390625,500.0,849.111328125,1000.0,5.0
5.341666666666722,0.6,-3.111419677734375,8.730327606201172,2000.0,3692.473876953125,0.20038512349128723,-74.1819839477539,500.0,2801.3349609375,1000.0,5.0
5.350000000000056,0.6,-3.10664963722229,-8.833024978637695,2000.0,3667.8994140625,-0.4567623436450958,-54.04535675048828,500.0,3608.906494140625,1000.0,5.0
5.358333333333389,0.6,-3.1117875576019287,-15.936843872070312,2000.0,3750.37353515625,-1.1462562084197998,-32.55720520019531,500.0,2930.64892578125,1000.0,5.0
5.366666666666723,0.6,-3.1165287494659424,-15.918181419372559,2000.0,3791.253173828125,0.9675458073616028,-19.434219360351562,500.0,2200.98828125,1000.0,5.0
5.375000000000057,0.6,-3.1228835582733154,-10.497819900512695,2000.0,3796.09375,0.33060088753700256,-37.814674377441406,487.9380187988281,487.9380187988281,1000.0,5.0
5.383333333333391,0.6,-3.119574546813965,-5.240352630615234,2000.0,3775.48291015625,-0.21415169537067413,-45.04719543457031,500.0,1725.433349609375,1000.0,5.0
5.391666666666724,0.6,-3.116199016571045,6.955654144287109,2000.0,3745.934326171875,-0.6961812376976013,-60.40562438964844,500.0,2359.435791015625,1000.0,5.0
5.400000000000058,0.6,-3.1115503311157227,8.36825180053711,2000.0,3681.76416015625,-1.0261731147766113,-63.841697692871094,500.0,3368.371826171875,1000.0,5.0
5.408333333333392,0.6,-3.107100009918213,10.06772232055664,2000.0,3669.773193359375,1.0102249383926392,-63.27070236206055,500.0,3705.17138671875,1000.0,5.0
5.416666666666726,0.6,-3.111269950866699,-8.304319381713867,2000.0,3656.83056640625,0.5665441155433655,-55.587642669677734,500.0,2658.422607421875,1000.0,5.0
5.425000000000059,0.6,-3.1225295066833496,-15.300312995910645,2000.0,3752.281005859375,-0.03003506176173687,-27.690467834472656,500.0,2496.110107421875,1000.0,5.0
5.433333333333393,0.6,-3.128821611404419,-12.542457580566406,2000.0,3798.7822265625,-0.6715649366378784,-16.237579345703125,500.0,1399.541015625,1000.0,5.0
5.441666666666727,0.6,-3.1301321983337402,-11.393911361694336,2000.0,3791.572509765625,-1.1440503597259521,-8.855447769165039,500.0,1147.661376953125,1000.0,5.0
5.450000000000061,0.6,-3.1283085346221924,-11.05588436126709,2000.0,3787.12548828125,1.2208607196807861,-7.717247009277344,500.0,1014.797607421875,1000.0,5.0
5.458333333333394,0.6,-3.12929630279541,-7.689260482788086,2000.0,3783.606689453125,0.8465492129325867,-34.151161193847656,-224.5679931640625,-224.5679931640625,1000.0,5.0
5.466666666666728,0.6,-3.123072862625122,-5.991991996765137,2000.0,3767.8271484375,0.3740568459033966,-44.85529327392578,500.0,1284.283447265625,1000.0,5.0
5.475000000000062,0.6,-3.116605520248413,6.822223663330078,2000.0,3753.111572265625,-0.1761331409215927,-63.59416198730469,500.0,2055.736328125,1000.0,5.0
5.483333333333396,0.6,-3.109372615814209,9.370296478271484,2000.0,3682.8701171875,-0.698569118976593,-68.50751495361328,500.0,3267.774658203125,1000.0,5.0
5.491666666666729,0.6,-3.105114698410034,-1.7747268676757812,2000.0,3662.62939453125,-1.1123396158218384,-53.465579986572266,500.0,3774.66015625,1000.0,5.0
5.500000000000063,0.6,-3.1066112518310547,-12.016536712646484,2000.0,3713.715087890625,0.7477825284004211,-34.72764587402344,500.0,3229.44873046875,1000.0,5.0
5.508333333333397,0.6,-3.117173433303833,-13.89310359954834,2000.0,3766.412109375,-0.012861317954957485,-37.92610168457031,500.0,1362.4910888671875,1000.0,5.0
5.516666666666731,0.6,-3.1170568466186523,-13.861912727355957,2000.0,3786.53125,-0.6839802861213684,-31.003385543823242,500.0,1902.7357177734375,1000.0,5.0
5.525000000000064,0.6,-3.1184308528900146,-6.791160583496094,2000.0,3786.3671875,-1.116982340812683,-34.672996520996094,500.0,1892.159423828125,1000.0,5.0
5.533333333333398,0.6,-3.116436243057251,6.872966766357422,2000.0,3752.5673828125,1.2627602815628052,-51.15538024902344,500.0,2292.140869140625,1000.0,5.0
5.541666666666732,0.6,-3.118435859680176,18.133193969726562,2000.0,3682.446533203125,0.8488022685050964,-81.80451965332031,500.0,1926.388916015625,1000.0,5.0
5.5500000000000655,0.6,-3.1078333854675293,9.62713623046875,2000.0,3628.060791015625,0.3707684874534607,-81.43128967285156,500.0,3665.824951171875,1000.0,5.0
5.558333333333399,0.6,-3.107093095779419,-9.506088256835938,2000.0,3659.529296875,-0.17854341864585876,-54.254173278808594,500.0,3886.18017578125,1000.0,5.0
5.566666666666733,0.6,-3.1176598072052,-15.674960136413574,2000.0,3754.117431640625,-0.7819632887840271,-26.546527862548828,500.0,2801.98046875,1000.0,5.0
5.575000000000067,0.6,-3.1285102367401123,-12.912381172180176,2000.0,3795.8115234375,-1.2186088562011719,-9.424403190612793,500.0,1718.30810546875,1000.0,5.0
5.5833333333334005,0.6,-3.1298210620880127,-11.706153869628906,2000.0,3793.086669921875,0.9539434909820557,-4.175420761108398,500.0,1080.524658203125,1000.0,5.0
5.591666666666734,0.6,-3.130568742752075,-9.112322807312012,2000.0,3788.376953125,0.47613754868507385,-26.256771087646484,-268.20068359375,-268.20068359375,1000.0,5.0
5.600000000000068,0.6,-3.126412868499756,-9.6519136428833,2000.0,3776.195556640625,0.015078033320605755,-28.71847915649414,500.0,1074.769775390625,1000.0,5.0
5.608333333333402,0.6,-3.122422695159912,-6.20389461517334,2000.0,3774.680419921875,-0.4525579512119293,-37.35763931274414,500.0,1428.3848876953125,1000.0,5.0
5.6166666666667355,0.6,-3.116955280303955,6.598487854003906,2000.0,3753.55517578125,-0.8922746181488037,-55.624393463134766,500.0,2094.160888671875,1000.0,5.0
5.625000000000069,0.6,-3.110989809036255,8.613399505615234,2000.0,3684.333251953125,1.1384700536727905,-60.942413330078125,500.0,3227.35693359375,1000.0,5.0
5.633333333333403,0.6,-3.1097302436828613,9.79345703125,2000.0,3668.01025390625,0.757480800151825,-76.83170318603516,500.0,2477.885498046875,1000.0,5.0
5.641666666666737,0.6,-3.102968215942383,-8.98027229309082,2000.0,3660.801513671875,0.11058458685874939,-59.51185607910156,500.0,3462.8447265625,1000.0,5.0
5.6500000000000705,0.6,-3.108628034591675,-17.254764556884766,2000.0,3747.40625,-0.6992865204811096,-37.48472595214844,500.0,2920.300537109375,1000.0,5.0
5.658333333333404,0.6,-3.1166508197784424,-15.046058654785156,2000.0,3794.649169921875,-1.2960988283157349,-23.852928161621094,500.0,2223.879638671875,1000.0,5.0
5.666666666666738,0.6,-3.116896152496338,-6.893594741821289,2000.0,3791.895751953125,1.1894207000732422,-29.439666748046875,500.0,1840.69580078125,1000.0,5.0
5.675000000000072,0.6,-3.1210436820983887,5.640493392944336,2000.0,3751.579833984375,0.6891262531280518,-63.959083557128906,500.0,877.2730712890625,1000.0,5.0
5.6833333333334055,0.6,-3.11590576171875,18.312255859375,2000.0,3693.15380859375,0.19053885340690613,-81.8626937866211,500.0,2853.390869140625,1000.0,5.0
5.691666666666739,0.6,-3.1068642139434814,9.888626098632812,2000.0,3624.710693359375,-0.3052268922328949,-77.4071044921875,500.0,3997.865234375,1000.0,5.0
5.700000000000073,0.6,-3.1075634956359863,-9.477167129516602,2000.0,3657.2470703125,-0.7830580472946167,-48.49787902832031,500.0,4022.96875,1000.0,5.0
5.708333333333407,0.6,-3.115309953689575,-15.212896347045898,2000.0,3754.429443359375,1.1423537731170654,-25.057861328125,500.0,2816.423095703125,1000.0,5.0
5.7166666666667405,0.6,-3.1285548210144043,-11.406310081481934,2000.0,3791.177734375,0.7940446138381958,-29.116315841674805,500.0,681.7161865234375,1000.0,5.0
5.725000000000074,0.6,-3.1297004222869873,-11.713634490966797,2000.0,3785.6162109375,0.2709943950176239,-22.23305320739746,500.0,1058.79345703125,1000.0,5.0
5.733333333333408,0.6,-3.1304712295532227,-10.082411766052246,2000.0,3788.25439453125,-0.23863303661346436,-18.13360595703125,500.0,976.155517578125,1000.0,5.0
5.741666666666742,0.6,-3.125669240951538,-10.01046085357666,2000.0,3780.922607421875,-0.7089635729789734,-22.55888557434082,500.0,1025.996826171875,1000.0,5.0
5.7500000000000755,0.6,-3.1220180988311768,-6.312726974487305,2000.0,3775.749267578125,-1.0645191669464111,-30.797178268432617,500.0,1482.4261474609375,1000.0,5.0
5.758333333333409,0.6,-3.1172618865966797,6.457309722900391,2000.0,3753.69970703125,1.1570838689804077,-49.50189971923828,500.0,2072.118408203125,1000.0,5.0
5.766666666666743,0.6,-3.1163413524627686,7.000751495361328,2000.0,3685.341064453125,0.7388455271720886,-71.611572265625,500.0,1896.552978515625,1000.0,5.0
5.775000000000077,0.6,-3.1070916652679443,10.52728271484375,2000.0,3681.35888671875,0.1509677916765213,-77.45539855957031,500.0,3211.15576171875,1000.0,5.0
5.7833333333334105,0.6,-3.101778984069824,-9.2860107421875,2000.0,3654.598388671875,-0.5478537678718567,-55.25434875488281,500.0,3797.2861328125,1000.0,5.0
5.791666666666744,0.6,-3.1086297035217285,-17.291004180908203,2000.0,3747.7109375,-1.2413427829742432,-31.73751449584961,500.0,3036.64453125,1000.0,5.0
5.800000000000078,0.6,-3.1195802688598633,-15.418342590332031,2000.0,3794.83251953125,1.0534371137619019,-15.589517593383789,500.0,2207.547119140625,1000.0,5.0
5.808333333333412,0.6,-3.121455430984497,-5.3055830001831055,2000.0,3796.662109375,0.45859643816947937,-46.15625,252.75732421875,252.75732421875,1000.0,5.0
5.8166666666667455,0.6,-3.1174330711364746,6.452262878417969,2000.0,3748.242431640625,-0.043840378522872925,-64.36021423339844,500.0,2078.51416015625,1000.0,5.0
5.825000000000079,0.6,-3.1139886379241943,14.690032958984375,2000.0,3685.50732421875,-0.4906715452671051,-74.2170639038086,500.0,3239.930908203125,1000.0,5.0
5.833333333333413,0.6,-3.1077046394348145,9.619083404541016,2000.0,3640.77783203125,-0.8845970630645752,-70.42861938476562,500.0,3956.18896484375,1000.0,5.0
5.841666666666747,0.6,-3.1088993549346924,-9.199779510498047,2000.0,3659.509033203125,1.0576528310775757,-42.949989318847656,500.0,3963.7294921875,1000.0,5.0
5.8500000000000805,0.6,-3.1202313899993896,-12.331296920776367,2000.0,3754.390625,0.651471734046936,-40.313316345214844,500.0,1618.673095703125,1000.0,5.0
5.858333333333414,0.6,-3.122868061065674,-14.835336685180664,2000.0,3781.741455078125,0.043948449194431305,-27.799720764160156,500.0,1689.929931640625,1000.0,5.0
5.866666666666748,0.6,-3.1289889812469482,-12.44435977935791,2000.0,3796.96337890625,-0.5533573031425476,-15.687780380249023,500.0,1368.0118408203125,1000.0,5.0
5.875000000000082,0.6,-3.1318299770355225,-9.771308898925781,2000.0,3791.241455078125,-0.9953311681747437,-9.144682884216309,500.0,1061.067626953125,1000.0,5.0
5.8833333333334155,0.6,-3.1283347606658936,-10.100933074951172,2000.0,3780.74267578125,-1.2754905223846436,-10.953025817871094,500.0,954.8997192382812,1000.0,5.0
5.891666666666749,0.6,-3.1217944622039795,-6.430010795593262,2000.0,3778.849609375,1.0012075901031494,-24.150524139404297,500.0,1185.396484375,1000.0,5.0
5.900000000000083,0.6,-3.1219606399536133,5.142793655395508,2000.0,3754.0771484375,0.5251830220222473,-60.03253173828125,500.0,706.9224853515625,1000.0,5.0
5.908333333333417,0.6,-3.1142337322235107,7.401859283447266,2000.0,3696.554443359375,0.02208656817674637,-70.44261169433594,500.0,2739.034912109375,1000.0,5.0
5.9166666666667505,0.6,-3.1069350242614746,10.374946594238281,2000.0,3677.327392578125,-0.5528735518455505,-72.39652252197266,500.0,3511.08740234375,1000.0,5.0
5.925000000000084,0.6,-3.1036529541015625,-9.241161346435547,2000.0,3655.1787109375,-1.0669069290161133,-48.67047119140625,500.0,3896.262939453125,1000.0,5.0
5.933333333333418,0.6,-3.1107702255249023,-16.39112663269043,2000.0,3749.35498046875,0.8907428979873657,-26.846031188964844,500.0,2966.97705078125,1000.0,5.0
5.941666666666752,0.6,-3.1242270469665527,-13.003385543823242,2000.0,3792.4951171875,0.17095103859901428,-33.31539535522461,500.0,896.9300537109375,1000.0,5.0
5.950000000000085,0.6,-3.1204535961151123,-12.236377716064453,2000.0,3789.26123046875,-0.4774789810180664,-31.741573333740234,500.0,1580.2943115234375,1000.0,5.0
5.958333333333419,0.6,-3.11711049079895,3.4335193634033203,2000.0,3781.676025390625,-0.9760876893997192,-49.083518981933594,500.0,1825.818115234375,1000.0,5.0
5.966666666666753,0.6,-3.114445686340332,7.318981170654297,2000.0,3700.3779296875,-1.1974287033081055,-57.571266174316406,500.0,2942.219970703125,1000.0,5.0
5.975000000000087,0.6,-3.1110682487487793,8.51596450805664,2000.0,3677.970703125,0.9539492130279541,-59.84180450439453,500.0,3477.277587890625,1000.0,5.0
5.98333333333342,0.6,-3.1115739345550537,8.771289825439453,2000.0,3668.538818359375,0.45095402002334595,-74.44283294677734,500.0,2515.11572265625,1000.0,5.0
5.991666666666754,0.6,-3.1106603145599365,-11.941925048828125,2000.0,3667.721923828125,-0.1118229404091835,-46.89189529418945,500.0,3496.66455078125,1000.0,5.0
6.000000000000088,0.6,-3.122241973876953,-15.468262672424316,2000.0,3769.82373046875,-0.7309101819992065,-21.525146484375,500.0,2400.506103515625,1000.0,5.0
6.008333333333422,0.6,-3.1287307739257812,-12.68606948852539,2000.0,3799.4248046875,-1.2120165824890137,-9.577465057373047,500.0,1441.71240234375,1000.0,5.0
6.016666666666755,0.6,-3.1304571628570557,-11.117952346801758,2000.0,3792.19970703125,1.056949496269226,-3.7419776916503906,500.0,1084.881591796875,1000.0,5.0
6.025000000000089,0.6,-3.1311588287353516,-8.575738906860352,2000.0,3786.07958984375,0.619049608707428,-27.32974624633789,-341.3758544921875,-341.3758544921875,1000.0,5.0
6.033333333333423,0.6,-3.1269547939300537,-9.319587707519531,2000.0,3774.1015625,0.15827196836471558,-30.250621795654297,500.0,1056.9625244140625,1000.0,5.0
6.041666666666757,0.6,-3.122237205505371,-6.170233726501465,2000.0,3773.5556640625,-0.3423824608325958,-39.276947021484375,500.0,1433.3951416015625,1000.0,5.0
6.05000000000009,0.6,-3.116222620010376,6.963356018066406,2000.0,3753.197265625,-0.8295708298683167,-57.38679504394531,500.0,2135.03857421875,1000.0,5.0
6.058333333333424,0.6,-3.109588861465454,9.25985336303711,2000.0,3681.787841796875,-1.126211404800415,-62.363983154296875,500.0,3284.125244140625,1000.0,5.0
6.066666666666758,0.6,-3.1054248809814453,1.4644088745117188,2000.0,3663.387939453125,0.7678021192550659,-52.2236328125,500.0,3681.304931640625,1000.0,5.0
6.075000000000092,0.6,-3.107841730117798,-7.511362075805664,2000.0,3697.918212890625,0.06584396213293076,-54.691383361816406,500.0,2227.280517578125,1000.0,5.0
6.083333333333425,0.6,-3.117849826812744,-17.641630172729492,2000.0,3745.145751953125,-0.6931175589561462,-27.453155517578125,500.0,2701.647216796875,1000.0,5.0
6.091666666666759,0.6,-3.1171114444732666,-13.508163452148438,2000.0,3805.73388671875,-1.3124980926513672,-25.349201202392578,500.0,1719.216552734375,1000.0,5.0
6.100000000000093,0.6,-3.1177992820739746,-6.870853424072266,2000.0,3784.764404296875,1.1997783184051514,-29.213359832763672,500.0,1923.7091064453125,1000.0,5.0
6.108333333333427,0.6,-3.121204137802124,5.602008819580078,2000.0,3752.3271484375,0.7006992101669312,-64.0430908203125,500.0,860.77880859375,1000.0,5.0
6.11666666666676,0.6,-3.115515947341919,16.542724609375,2000.0,3693.5087890625,0.19533725082874298,-80.47438049316406,500.0,2851.804931640625,1000.0,5.0
6.125000000000094,0.6,-3.1066558361053467,10.028995513916016,2000.0,3633.12548828125,-0.3157403767108917,-76.87184143066406,500.0,3926.05029296875,1000.0,5.0
6.133333333333428,0.6,-3.1068177223205566,-9.602323532104492,2000.0,3656.386474609375,-0.8047637939453125,-48.29754638671875,500.0,4001.462158203125,1000.0,5.0
6.141666666666762,0.6,-3.114882469177246,-15.586946487426758,2000.0,3754.305419921875,1.165243148803711,-24.255149841308594,500.0,2817.25927734375,1000.0,5.0
6.150000000000095,0.6,-3.130823850631714,-10.511419296264648,2000.0,3792.6123046875,0.8207569122314453,-27.185569763183594,500.0,630.1358642578125,1000.0,5.0
6.158333333333429,0.6,-3.1300973892211914,-11.331029891967773,2000.0,3783.43017578125,0.30824655294418335,-22.356523513793945,500.0,948.9000244140625,1000.0,5.0
6.166666666666763,0.6,-3.1282999515533447,-11.036210060119629,2000.0,3786.73486328125,-0.20260776579380035,-20.612939834594727,500.0,963.702880859375,1000.0,5.0
6.175000000000097,0.6,-3.1263673305511475,-9.66755485534668,2000.0,3783.498291015625,-0.6453981995582581,-22.801288604736328,500.0,1131.9508056640625,1000.0,5.0
6.18333333333343,0.6,-3.1221792697906494,-6.240290641784668,2000.0,3774.751953125,-1.0185178518295288,-31.54196548461914,500.0,1462.7635498046875,1000.0,5.0
6.191666666666764,0.6,-3.117008924484253,6.593944549560547,2000.0,3753.494384765625,1.1606347560882568,-50.251495361328125,500.0,2086.357177734375,1000.0,5.0
6.200000000000098,0.6,-3.1157877445220947,7.248867034912109,2000.0,3684.40869140625,0.7477084398269653,-72.10790252685547,500.0,1932.25732421875,1000.0,5.0
6.208333333333432,0.6,-3.106173515319824,10.963363647460938,2000.0,3679.5693359375,0.150404155254364,-77.8489990234375,500.0,3231.540771484375,1000.0,5.0
6.216666666666765,0.6,-3.100353240966797,-9.39642333984375,2000.0,3651.5068359375,-0.5636201500892639,-55.503578186035156,500.0,3817.247802734375,1000.0,5.0
6.225000000000099,0.6,-3.1078717708587646,-17.652587890625,2000.0,3746.825439453125,-1.258897066116333,-31.418781280517578,500.0,3056.989013671875,1000.0,5.0
6.233333333333433,0.6,-3.115790605545044,-14.782731056213379,2000.0,3795.872314453125,1.1199641227722168,-19.857994079589844,500.0,2200.3876953125,1000.0,5.0
6.241666666666767,0.6,-3.122307062149048,-5.4003496170043945,2000.0,3789.737060546875,0.5702738165855408,-46.734981536865234,432.91766357421875,432.91766357421875,1000.0,5.0
6.2500000000001,0.6,-3.1177895069122314,6.353954315185547,2000.0,3749.52392578125,0.06042825058102608,-65.34207153320312,500.0,2051.612060546875,1000.0,5.0
6.258333333333434,0.6,-3.113417148590088,12.935775756835938,2000.0,3686.357666015625,-0.4124548137187958,-73.74673461914062,500.0,3236.889404296875,1000.0,5.0
6.266666666666768,0.6,-3.1071531772613525,9.907718658447266,2000.0,3648.9384765625,-0.8467208743095398,-70.69660949707031,500.0,3893.56396484375,1000.0,5.0
6.275000000000102,0.6,-3.1077208518981934,-9.406681060791016,2000.0,3657.568359375,1.0937719345092773,-43.274017333984375,500.0,3958.19091796875,1000.0,5.0
6.283333333333435,0.6,-3.1194348335266113,-12.772439956665039,2000.0,3754.237060546875,0.7346330881118774,-40.20574188232422,500.0,1616.81494140625,1000.0,5.0
6.291666666666769,0.6,-3.1289937496185303,-12.373418807983398,2000.0,3783.142333984375,0.15847426652908325,-23.266605377197266,500.0,1642.9705810546875,1000.0,5.0
6.300000000000103,0.6,-3.129512310028076,-11.90480899810791,2000.0,3790.81982421875,-0.4517369270324707,-16.962556838989258,500.0,1084.0931396484375,1000.0,5.0
6.308333333333437,0.6,-3.1292331218719482,-10.867339134216309,2000.0,3789.0458984375,-0.9272618889808655,-12.55923843383789,500.0,1073.996337890625,1000.0,5.0
6.31666666666677,0.6,-3.1253631114959717,-10.191362380981445,2000.0,3783.598876953125,-1.2468059062957764,-16.392181396484375,500.0,1091.5928955078125,1000.0,5.0
6.325000000000104,0.6,-3.1220455169677734,-6.303012847900391,2000.0,3776.358642578125,1.0870095491409302,-25.575483322143555,500.0,1443.011962890625,1000.0,5.0
6.333333333333438,0.6,-3.1218695640563965,5.215753555297852,2000.0,3753.681884765625,0.6313451528549194,-61.30071258544922,500.0,735.2694091796875,1000.0,5.0
6.341666666666772,0.6,-3.1135737895965576,7.720245361328125,2000.0,3696.098876953125,0.11001881211996078,-71.84239959716797,500.0,2749.363037109375,1000.0,5.0
6.350000000000105,0.6,-3.1055479049682617,11.040771484375,2000.0,3675.0849609375,-0.5015162825584412,-73.71841430664062,500.0,3537.1103515625,1000.0,5.0
6.358333333333439,0.6,-3.1014959812164307,-9.4144287109375,2000.0,3650.475830078125,-1.0722798109054565,-49.675132751464844,500.0,3936.6787109375,1000.0,5.0
6.366666666666773,0.6,-3.1091952323913574,-17.081466674804688,2000.0,3748.046142578125,0.9967907071113586,-26.748756408691406,500.0,3019.896484375,1000.0,5.0
6.375000000000107,0.6,-3.1250877380371094,-12.55664348602295,2000.0,3794.354736328125,0.33317792415618896,-33.46920394897461,500.0,839.04248046875,1000.0,5.0
6.38333333333344,0.6,-3.118648052215576,-8.440971374511719,2000.0,3787.905517578125,-0.29804858565330505,-39.669410705566406,500.0,1506.8712158203125,1000.0,5.0
6.391666666666774,0.6,-3.1162922382354736,6.969573974609375,2000.0,3760.996826171875,-0.7833777070045471,-57.64768981933594,500.0,2132.494873046875,1000.0,5.0
6.400000000000108,0.6,-3.1137545108795166,13.780364990234375,2000.0,3681.86767578125,-1.0724287033081055,-66.72637939453125,500.0,3274.0732421875,1000.0,5.0
6.408333333333442,0.6,-3.108623743057251,9.282268524169922,2000.0,3645.049560546875,1.0618456602096558,-64.227783203125,500.0,3872.533203125,1000.0,5.0
6.416666666666775,0.6,-3.1112892627716064,3.6674041748046875,2000.0,3662.12109375,0.626754105091095,-69.8149642944336,500.0,2680.46630859375,1000.0,5.0
6.425000000000109,0.6,-3.1150176525115967,-15.577648162841797,2000.0,3692.7880859375,0.06214161962270737,-39.000572204589844,500.0,3177.371337890625,1000.0,5.0
6.433333333333443,0.6,-3.12241268157959,-15.181815147399902,2000.0,3792.373046875,-0.6087827086448669,-22.84878921508789,500.0,1918.957763671875,1000.0,5.0
6.441666666666777,0.6,-3.128743886947632,-12.707757949829102,2000.0,3798.2900390625,-1.126142978668213,-10.024690628051758,500.0,1446.830810546875,1000.0,5.0
6.45000000000011,0.6,-3.1314215660095215,-10.195871353149414,2000.0,3792.314697265625,1.2092276811599731,-4.098879814147949,500.0,1064.3060302734375,1000.0,5.0
6.458333333333444,0.6,-3.1319687366485596,-7.9403510093688965,2000.0,3782.45361328125,0.8362900614738464,-28.8238525390625,-399.66986083984375,-399.66986083984375,1000.0,5.0
6.466666666666778,0.6,-3.1224782466888428,-6.129908561706543,2000.0,3771.727783203125,0.3655109703540802,-43.3319091796875,500.0,1023.047607421875,1000.0,5.0
6.4750000000001116,0.6,-3.117710828781128,6.238578796386719,2000.0,3753.226806640625,-0.13176041841506958,-62.1337890625,500.0,1983.8399658203125,1000.0,5.0
6.483333333333445,0.6,-3.11190128326416,8.18490219116211,2000.0,3686.873046875,-0.5990288853645325,-67.38337707519531,500.0,3172.569580078125,1000.0,5.0
6.491666666666779,0.6,-3.105931043624878,10.752143859863281,2000.0,3671.061279296875,-1.0319253206253052,-67.70372009277344,500.0,3668.683349609375,1000.0,5.0
6.500000000000113,0.6,-3.103668689727783,-9.259782791137695,2000.0,3652.270751953125,0.9166836142539978,-44.16761016845703,500.0,3901.148681640625,1000.0,5.0
6.5083333333334465,0.6,-3.1156365871429443,-13.759742736816406,2000.0,3749.44775390625,0.23763170838356018,-42.65974807739258,500.0,1750.038818359375,1000.0,5.0
6.51666666666678,0.6,-3.1209795475006104,-15.789802551269531,2000.0,3784.2490234375,-0.5346841812133789,-27.551536560058594,500.0,2014.17138671875,1000.0,5.0
6.525000000000114,0.6,-3.120290517807007,-12.260799407958984,2000.0,3799.84521484375,-1.1192532777786255,-25.673532485961914,500.0,1644.9189453125,1000.0,5.0
6.533333333333448,0.6,-3.1165826320648193,5.063714981079102,2000.0,3781.691650390625,1.3040214776992798,-45.214569091796875,500.0,1843.30322265625,1000.0,5.0
6.5416666666667815,0.6,-3.119514226913452,12.914772033691406,2000.0,3691.745361328125,0.8785339593887329,-76.18896484375,500.0,1608.7177734375,1000.0,5.0
6.550000000000115,0.6,-3.111034631729126,8.490165710449219,2000.0,3655.13623046875,0.3931618928909302,-79.21028900146484,500.0,3370.18115234375,1000.0,5.0
6.558333333333449,0.6,-3.108213424682617,-1.5376300811767578,2000.0,3668.51220703125,-0.16322672367095947,-62.75126647949219,500.0,3763.933349609375,1000.0,5.0
6.566666666666783,0.6,-3.1147539615631104,-15.590324401855469,2000.0,3715.6494140625,-0.7432548403739929,-32.236961364746094,500.0,3219.176513671875,1000.0,5.0
6.5750000000001165,0.6,-3.122326135635376,-15.24675178527832,2000.0,3792.29541015625,1.1859965324401855,-15.805846214294434,500.0,1983.4754638671875,1000.0,5.0
6.58333333333345,0.6,-3.131082773208618,-10.2279052734375,2000.0,3798.526611328125,0.8712714314460754,-26.991857528686523,197.29400634765625,197.29400634765625,1000.0,5.0
6.591666666666784,0.6,-3.131695032119751,-9.819233894348145,2000.0,3782.30908203125,0.3976256549358368,-22.158153533935547,500.0,913.9571533203125,1000.0,5.0
6.600000000000118,0.6,-3.128645658493042,-9.861586570739746,2000.0,3780.79931640625,-0.10250759869813919,-23.483444213867188,500.0,909.0949096679688,1000.0,5.0
6.6083333333334515,0.6,-3.121763229370117,-6.281502723693848,2000.0,3777.96875,-0.5977309942245483,-35.655113220214844,500.0,1225.426025390625,1000.0,5.0
6.616666666666785,0.6,-3.117201805114746,6.4345550537109375,2000.0,3753.302734375,-0.9915930032730103,-53.810855865478516,500.0,2081.62109375,1000.0,5.0
6.625000000000119,0.6,-3.1120314598083496,8.12921142578125,2000.0,3685.392333984375,1.125421404838562,-59.324134826660156,500.0,3186.33935546875,1000.0,5.0
6.633333333333453,0.6,-3.111405372619629,9.026729583740234,2000.0,3671.4599609375,0.7101170420646667,-75.85159301757812,500.0,2403.49609375,1000.0,5.0
6.6416666666667865,0.6,-3.105404853820801,-8.793855667114258,2000.0,3666.29931640625,0.06467795372009277,-58.57334899902344,500.0,3437.52099609375,1000.0,5.0
6.65000000000012,0.6,-3.1101746559143066,-16.5631103515625,2000.0,3748.93212890625,-0.7470496892929077,-37.30366134643555,500.0,2896.32861328125,1000.0,5.0
6.658333333333454,0.6,-3.120147228240967,-16.036617279052734,2000.0,3792.755859375,-1.336923599243164,-19.315879821777344,500.0,2238.7080078125,1000.0,5.0
6.666666666666788,0.6,-3.1209332942962646,-11.957261085510254,2000.0,3800.2900390625,0.9969621896743774,-18.262895584106445,500.0,1634.255859375,1000.0,5.0
6.6750000000001215,0.6,-3.1214966773986816,5.773218154907227,2000.0,3780.82373046875,0.4153887629508972,-59.18110656738281,414.6636657714844,414.6636657714844,1000.0,5.0
6.683333333333455,0.6,-3.117018222808838,19.621597290039062,2000.0,3693.099853515625,-0.05910280719399452,-80.00540924072266,500.0,2751.361083984375,1000.0,5.0
6.691666666666789,0.6,-3.108267068862915,9.257633209228516,2000.0,3619.304931640625,-0.4989573061466217,-75.15652465820312,500.0,4029.822021484375,1000.0,5.0
6.700000000000123,0.6,-3.1073720455169678,0.2537956237792969,2000.0,3661.751708984375,-0.9172664284706116,-57.624122619628906,500.0,4007.304931640625,1000.0,5.0
6.7083333333334565,0.6,-3.1145453453063965,-14.947380065917969,2000.0,3705.866943359375,1.015304684638977,-26.421283721923828,500.0,3339.83935546875,1000.0,5.0
6.71666666666679,0.6,-3.1261119842529297,-12.205531120300293,2000.0,3788.83837890625,0.560610294342041,-31.24285125732422,500.0,813.411865234375,1000.0,5.0
6.725000000000124,0.6,-3.12898850440979,-12.387497901916504,2000.0,3787.148681640625,-0.023694705218076706,-20.806873321533203,500.0,1281.83740234375,1000.0,5.0
6.733333333333458,0.6,-3.1311135292053223,-10.432714462280273,2000.0,3790.906005859375,-0.5555518269538879,-14.14937973022461,500.0,1052.1910400390625,1000.0,5.0
6.7416666666667915,0.6,-3.1293416023254395,-10.248187065124512,2000.0,3783.317626953125,-0.9769522547721863,-12.947534561157227,500.0,985.244873046875,1000.0,5.0
6.750000000000125,0.6,-3.126307725906372,-9.497937202453613,2000.0,3780.59716796875,-1.2372252941131592,-16.6175479888916,500.0,1135.852783203125,1000.0,5.0
6.758333333333459,0.6,-3.1219844818115234,-6.188482284545898,2000.0,3773.83349609375,0.9589691758155823,-26.616455078125,500.0,1449.489990234375,1000.0,5.0
6.766666666666793,0.6,-3.1208930015563965,5.679088592529297,2000.0,3753.0380859375,0.43581706285476685,-61.56953430175781,500.0,851.338134765625,1000.0,5.0
6.7750000000001265,0.6,-3.111485242843628,8.65517807006836,2000.0,3692.81982421875,-0.13660596311092377,-71.4240493774414,500.0,2860.568359375,1000.0,5.0
6.78333333333346,0.6,-3.106243133544922,-5.001674652099609,2000.0,3668.34033203125,-0.7484782934188843,-54.709651947021484,500.0,3639.50537109375,1000.0,5.0
6.791666666666794,0.6,-3.1100761890411377,-14.9652738571167,2000.0,3730.916748046875,1.1717597246170044,-32.33356475830078,500.0,3109.7216796875,1000.0,5.0
6.800000000000128,0.6,-3.118058443069458,-12.994985580444336,2000.0,3784.615234375,0.6674045324325562,-41.882625579833984,500.0,1030.79833984375,1000.0,5.0
6.8083333333334615,0.6,-3.118441581726074,-13.222244262695312,2000.0,3783.041748046875,0.02291719615459442,-36.77616882324219,500.0,1760.4290771484375,1000.0,5.0
6.816666666666795,0.6,-3.1192476749420166,-6.614208221435547,2000.0,3784.544677734375,-0.5172668695449829,-41.06957244873047,500.0,1827.349853515625,1000.0,5.0
6.825000000000129,0.6,-3.116223096847534,6.99591064453125,2000.0,3752.490234375,-0.9527996778488159,-57.20321273803711,500.0,2312.11181640625,1000.0,5.0
6.833333333333463,0.6,-3.1118152141571045,8.269794464111328,2000.0,3681.622802734375,1.157297968864441,-61.17591094970703,500.0,3336.560546875,1000.0,5.0
6.8416666666667965,0.6,-3.1119401454925537,8.643665313720703,2000.0,3670.525634765625,0.7992812395095825,-76.1456298828125,500.0,2480.146728515625,1000.0,5.0
6.85000000000013,0.6,-3.1084976196289062,-9.698129653930664,2000.0,3668.7314453125,0.28526780009269714,-55.07396697998047,500.0,3407.640869140625,1000.0,5.0
6.858333333333464,0.6,-3.1217498779296875,-15.879117965698242,2000.0,3756.5185546875,-0.3360663652420044,-25.264890670776367,500.0,2611.064453125,1000.0,5.0
6.866666666666798,0.6,-3.1287052631378174,-12.678382873535156,2000.0,3800.907958984375,-0.9393888115882874,-13.314916610717773,500.0,1431.2777099609375,1000.0,5.0
6.8750000000001315,0.6,-3.1303672790527344,-11.190982818603516,2000.0,3792.14404296875,1.295145869255066,-6.3015947341918945,500.0,1135.440185546875,1000.0,5.0
6.883333333333465,0.6,-3.1312320232391357,-8.50856876373291,2000.0,3786.353271484375,1.011863112449646,-29.614105224609375,-332.4931945800781,-332.4931945800781,1000.0,5.0
6.891666666666799,0.6,-3.127213954925537,-9.136446952819824,2000.0,3773.841796875,0.5781068205833435,-33.9339599609375,500.0,974.7738037109375,1000.0,5.0
6.900000000000133,0.6,-3.121974229812622,-5.354503631591797,2000.0,3772.901123046875,0.05610121041536331,-44.49810791015625,500.0,1407.64453125,1000.0,5.0
6.908333333333466,0.6,-3.115530490875244,7.264247894287109,2000.0,3748.875244140625,-0.5022356510162354,-61.908172607421875,500.0,2196.854736328125,1000.0,5.0
6.9166666666668,0.6,-3.1082100868225098,9.889041900634766,2000.0,3679.580078125,-0.9654565453529358,-66.2392578125,500.0,3346.526611328125,1000.0,5.0
6.925000000000134,0.6,-3.1055338382720947,-9.057937622070312,2000.0,3658.875732421875,0.9847748279571533,-43.99565505981445,500.0,3794.691162109375,1000.0,5.0
6.933333333333468,0.6,-3.1166296005249023,-13.337972640991211,2000.0,3750.334228515625,0.35182273387908936,-43.21543884277344,500.0,1707.395263671875,1000.0,5.0
6.941666666666801,0.6,-3.120789051055908,-15.835405349731445,2000.0,3783.14404296875,-0.44399702548980713,-29.037647247314453,500.0,1984.860595703125,1000.0,5.0
6.950000000000135,0.6,-3.1190741062164307,-12.761584281921387,2000.0,3799.87646484375,-1.0787053108215332,-26.953777313232422,500.0,1673.880859375,1000.0,5.0
6.958333333333469,0.6,-3.118155002593994,-3.355916976928711,2000.0,3782.972412109375,1.3243534564971924,-35.332706451416016,500.0,1887.04150390625,1000.0,5.0
6.966666666666803,0.6,-3.1203737258911133,5.840749740600586,2000.0,3735.190185546875,0.9027858972549438,-67.28205871582031,500.0,1104.4586181640625,1000.0,5.0
6.975000000000136,0.6,-3.1133344173431396,7.820320129394531,2000.0,3691.404296875,0.3949873149394989,-75.81632995605469,500.0,2912.7099609375,1000.0,5.0
6.98333333333347,0.6,-3.107915163040161,3.9334335327148438,2000.0,3674.32421875,-0.17062702775001526,-68.33811950683594,500.0,3593.32275390625,1000.0,5.0
6.991666666666804,0.6,-3.1142046451568604,-16.026050567626953,2000.0,3688.173828125,-0.720304548740387,-32.623207092285156,500.0,3502.219482421875,1000.0,5.0
7.000000000000138,0.6,-3.1226584911346436,-14.999134063720703,2000.0,3793.77001953125,1.1805839538574219,-16.128421783447266,500.0,1991.312744140625,1000.0,5.0
7.008333333333471,0.6,-3.1310253143310547,-10.27221393585205,2000.0,3797.633544921875,0.8724715113639832,-27.15213966369629,216.12908935546875,216.12908935546875,1000.0,5.0
7.016666666666805,0.6,-3.131380796432495,-10.118600845336914,2000.0,3782.467529296875,0.3942478895187378,-22.300378799438477,500.0,921.3712158203125,1000.0,5.0
7.025000000000139,0.6,-3.1298229694366455,-9.83558177947998,2000.0,3781.976318359375,-0.10117737203836441,-21.64077377319336,500.0,917.8949584960938,1000.0,5.0
7.033333333333473,0.6,-3.1220102310180664,-6.507598876953125,2000.0,3779.0166015625,-0.6064080595970154,-34.583091735839844,500.0,1132.62744140625,1000.0,5.0
7.041666666666806,0.6,-3.117621421813965,5.406745910644531,2000.0,3754.678466796875,-0.9962438344955444,-51.915157318115234,500.0,2032.358642578125,1000.0,5.0
7.05000000000014,0.6,-3.1125776767730713,7.937469482421875,2000.0,3690.9287109375,1.1296614408493042,-58.48784637451172,500.0,3093.879638671875,1000.0,5.0
7.058333333333474,0.6,-3.1119494438171387,8.795360565185547,2000.0,3672.986328125,0.7159368991851807,-75.4896011352539,500.0,2359.5615234375,1000.0,5.0
7.066666666666808,0.6,-3.106139659881592,-8.726190567016602,2000.0,3667.999267578125,0.07472293823957443,-58.41230773925781,500.0,3416.511474609375,1000.0,5.0
7.075000000000141,0.6,-3.1106979846954346,-16.339263916015625,2000.0,3749.33544921875,-0.7377257347106934,-37.41953659057617,500.0,2883.25390625,1000.0,5.0
7.083333333333475,0.6,-3.1195168495178223,-16.145111083984375,2000.0,3792.165283203125,-1.3428574800491333,-20.022659301757812,500.0,2239.839599609375,1000.0,5.0
7.091666666666809,0.6,-3.120267152786255,-12.259801864624023,2000.0,3800.199462890625,0.9817785024642944,-18.411266326904297,500.0,1672.5616455078125,1000.0,5.0
7.100000000000143,0.6,-3.121246337890625,5.858448028564453,2000.0,3781.665283203125,0.39710819721221924,-59.05965042114258,429.6740417480469,429.6740417480469,1000.0,5.0
7.108333333333476,0.6,-3.1169235706329346,18.057342529296875,2000.0,3692.431396484375,-0.07041475176811218,-78.57612609863281,500.0,2754.42822265625,1000.0,5.0
7.11666666666681,0.6,-3.1088428497314453,9.06496810913086,2000.0,3626.987060546875,-0.5073222517967224,-74.46343994140625,500.0,3964.013671875,1000.0,5.0
7.125000000000144,0.6,-3.106525182723999,5.493568420410156,2000.0,3663.323486328125,-0.9325980544090271,-63.71519470214844,500.0,3976.8330078125,1000.0,5.0
7.133333333333478,0.6,-3.1111457347869873,-13.281012535095215,2000.0,3678.9736328125,1.0385489463806152,-31.98333740234375,500.0,3652.058837890625,1000.0,5.0
7.141666666666811,0.6,-3.125775098800659,-12.544991493225098,2000.0,3777.026123046875,0.5944702625274658,-31.44316864013672,500.0,1079.892333984375,1000.0,5.0
7.150000000000145,0.6,-3.1290252208709717,-12.340710639953613,2000.0,3788.43896484375,0.00798832532018423,-21.33864974975586,500.0,1274.92333984375,1000.0,5.0
7.158333333333479,0.6,-3.1307902336120605,-10.737196922302246,2000.0,3790.716552734375,-0.5377362966537476,-14.593338966369629,500.0,1062.9383544921875,1000.0,5.0
7.166666666666813,0.6,-3.1290695667266846,-10.4613618850708,2000.0,3784.509521484375,-0.9685158133506775,-13.086918830871582,500.0,998.5350341796875,1000.0,5.0
7.175000000000146,0.6,-3.126368999481201,-9.629960060119629,2000.0,3781.39306640625,-1.2358183860778809,-16.27735137939453,500.0,1138.6038818359375,1000.0,5.0
7.18333333333348,0.6,-3.122072219848633,-6.190138816833496,2000.0,3774.555419921875,0.9926332831382751,-26.378190994262695,500.0,1431.7767333984375,1000.0,5.0
7.191666666666814,0.6,-3.121128559112549,5.572399139404297,2000.0,3753.137451171875,0.48571017384529114,-61.55961608886719,500.0,822.5928955078125,1000.0,5.0
7.200000000000148,0.6,-3.1119489669799805,8.449882507324219,2000.0,3693.585205078125,-0.0767839178442955,-71.59510803222656,500.0,2835.125732421875,1000.0,5.0
7.208333333333481,0.6,-3.105600118637085,0.7387161254882812,2000.0,3669.82666015625,-0.6970919370651245,-60.981685638427734,500.0,3618.147216796875,1000.0,5.0
7.216666666666815,0.6,-3.105745315551758,-12.443483352661133,2000.0,3701.73583984375,1.2139075994491577,-39.06105041503906,500.0,3397.630126953125,1000.0,5.0
7.225000000000149,0.6,-3.1160330772399902,-13.780729293823242,2000.0,3767.6103515625,0.7777881026268005,-43.43137741088867,500.0,1346.0986328125,1000.0,5.0
7.233333333333483,0.6,-3.117729425430298,-13.503240585327148,2000.0,3784.844482421875,0.13152475655078888,-38.06747055053711,500.0,1782.6748046875,1000.0,5.0
7.241666666666816,0.6,-3.1189751625061035,-6.6654767990112305,2000.0,3785.243408203125,-0.41993656754493713,-42.1224250793457,500.0,1837.6112060546875,1000.0,5.0
7.25000000000015,0.6,-3.116201639175415,6.9938201904296875,2000.0,3752.477783203125,-0.8757272362709045,-58.105926513671875,500.0,2316.089599609375,1000.0,5.0
7.258333333333484,0.6,-3.1118481159210205,8.250904083251953,2000.0,3681.611572265625,-1.1251310110092163,-61.933868408203125,500.0,3343.159912109375,1000.0,5.0
7.266666666666818,0.6,-3.1076812744140625,9.845382690429688,2000.0,3670.65234375,0.8966811895370483,-62.00638961791992,500.0,3659.2587890625,1000.0,5.0
7.275000000000151,0.6,-3.1118361949920654,-8.207649230957031,2000.0,3658.519287109375,0.3939642012119293,-54.495269775390625,500.0,2651.97900390625,1000.0,5.0
7.283333333333485,0.6,-3.1222639083862305,-15.067264556884766,2000.0,3752.372314453125,-0.22330231964588165,-26.949848175048828,500.0,2527.78125,1000.0,5.0
7.291666666666819,0.6,-3.12882137298584,-12.551039695739746,2000.0,3797.359619140625,-0.8508806824684143,-14.696224212646484,500.0,1459.1435546875,1000.0,5.0
7.300000000000153,0.6,-3.1297969818115234,-11.71515941619873,2000.0,3791.607421875,-1.265086054801941,-7.4567742347717285,500.0,1160.2515869140625,1000.0,5.0
7.308333333333486,0.6,-3.12784743309021,-11.405360221862793,2000.0,3788.389892578125,1.065952181816101,-6.663777828216553,500.0,1005.3817138671875,1000.0,5.0
7.31666666666682,0.6,-3.1290595531463623,-7.841461658477783,2000.0,3784.892822265625,0.6293462514877319,-32.58589172363281,-199.78717041015625,-199.78717041015625,1000.0,5.0
7.325000000000154,0.6,-3.123044013977051,-6.047830581665039,2000.0,3768.355224609375,0.15630388259887695,-42.63029479980469,500.0,1314.6214599609375,1000.0,5.0
7.333333333333488,0.6,-3.1170027256011963,6.6119384765625,2000.0,3753.36328125,-0.36800676584243774,-61.2266960144043,500.0,2053.36279296875,1000.0,5.0
7.341666666666821,0.6,-3.1103169918060303,8.922615051269531,2000.0,3684.3125,-0.8297163844108582,-66.23251342773438,500.0,3245.338134765625,1000.0,5.0
7.350000000000155,0.6,-3.1042232513427734,8.921630859375,2000.0,3665.802978515625,1.108648657798767,-63.20705795288086,500.0,3726.48388671875,1000.0,5.0
7.358333333333489,0.6,-3.1063828468322754,-8.043508529663086,2000.0,3659.64794921875,0.6579001545906067,-59.632118225097656,500.0,2606.0283203125,1000.0,5.0
7.366666666666823,0.6,-3.110837459564209,-16.919601440429688,2000.0,3746.1376953125,-0.09408549964427948,-40.422489166259766,500.0,2652.65576171875,1000.0,5.0
7.375000000000156,0.6,-3.1154117584228516,-14.466087341308594,2000.0,3795.173095703125,-0.8090010285377502,-31.345975875854492,500.0,2068.167236328125,1000.0,5.0
7.38333333333349,0.6,-3.1175284385681152,-6.927081108093262,2000.0,3787.78173828125,-1.223063588142395,-34.065155029296875,500.0,1971.79931640625,1000.0,5.0
7.391666666666824,0.6,-3.1162381172180176,6.944740295410156,2000.0,3752.353271484375,1.1919819116592407,-50.29860305786133,500.0,2314.78955078125,1000.0,5.0
7.400000000000158,0.6,-3.1185545921325684,18.55645751953125,2000.0,3681.891357421875,0.7342098951339722,-81.44456481933594,500.0,1918.939208984375,1000.0,5.0
7.408333333333491,0.6,-3.1078872680664062,9.57999038696289,2000.0,3626.071044921875,0.2426638901233673,-80.61597442626953,500.0,3705.123291015625,1000.0,5.0
7.416666666666825,0.6,-3.1073906421661377,-9.469247817993164,2000.0,3659.806884765625,-0.30367887020111084,-53.12677001953125,500.0,3909.466796875,1000.0,5.0
7.425000000000159,0.6,-3.1144893169403076,-15.62198543548584,2000.0,3754.231689453125,-0.8978078961372375,-29.315841674804688,500.0,2808.177734375,1000.0,5.0
7.4333333333334926,0.6,-3.128366470336914,-13.09126091003418,2000.0,3792.39501953125,1.1933400630950928,-8.093891143798828,500.0,1914.696044921875,1000.0,5.0
7.441666666666826,0.6,-3.1320674419403076,-9.288029670715332,2000.0,3793.815185546875,0.8607911467552185,-26.584228515625,-191.97549438476562,-191.97549438476562,1000.0,5.0
7.45000000000016,0.6,-3.129206657409668,-10.58436393737793,2000.0,3778.589111328125,0.3946247100830078,-24.740093231201172,500.0,898.8158569335938,1000.0,5.0
7.458333333333494,0.6,-3.1263949871063232,-9.62224006652832,2000.0,3782.109619140625,-0.08294562250375748,-28.20642852783203,500.0,1039.6922607421875,1000.0,5.0
7.4666666666668275,0.6,-3.122206449508667,-6.224864959716797,2000.0,3774.546630859375,-0.5528271794319153,-36.77963638305664,500.0,1451.794189453125,1000.0,5.0
7.475000000000161,0.6,-3.116685390472412,6.7284393310546875,2000.0,3753.443603515625,-0.974949061870575,-54.96863555908203,500.0,2115.3955078125,1000.0,5.0
7.483333333333495,0.6,-3.1106584072113037,8.772216796875,2000.0,3683.417724609375,1.0907526016235352,-60.349449157714844,500.0,3235.906494140625,1000.0,5.0
7.491666666666829,0.6,-3.109360933303833,9.979873657226562,2000.0,3666.8857421875,0.6432697176933289,-76.43244171142578,500.0,2472.09619140625,1000.0,5.0
7.5000000000001625,0.6,-3.102140188217163,-9.073326110839844,2000.0,3659.5009765625,-0.03455493599176407,-58.649169921875,500.0,3499.9873046875,1000.0,5.0
7.508333333333496,0.6,-3.1092922687530518,-17.536724090576172,2000.0,3747.03857421875,-0.8303852081298828,-35.00276565551758,500.0,2949.736083984375,1000.0,5.0
7.51666666666683,0.6,-3.115081787109375,-14.642253875732422,2000.0,3796.710205078125,-1.3799529075622559,-24.76388931274414,500.0,2165.330810546875,1000.0,5.0
7.525000000000164,0.6,-3.1174566745758057,-6.912712097167969,2000.0,3788.337890625,1.1145864725112915,-28.612531661987305,500.0,1928.1708984375,1000.0,5.0
7.5333333333334975,0.6,-3.1211469173431396,5.607297897338867,2000.0,3752.213623046875,0.5930681824684143,-63.24939727783203,500.0,873.3333740234375,1000.0,5.0
7.541666666666831,0.6,-3.1157796382904053,17.936767578125,2000.0,3693.425048828125,0.09166039526462555,-80.70146179199219,500.0,2865.935791015625,1000.0,5.0
7.550000000000165,0.6,-3.106792449951172,9.924915313720703,2000.0,3626.4541015625,-0.4010615348815918,-76.37974548339844,500.0,3989.242919921875,1000.0,5.0
7.558333333333499,0.6,-3.1074321269989014,-9.508777618408203,2000.0,3657.00439453125,-0.8590714335441589,-47.54673767089844,500.0,4019.51806640625,1000.0,5.0
7.5666666666668325,0.6,-3.115262031555176,-15.255315780639648,2000.0,3754.45458984375,1.1118699312210083,-24.216651916503906,500.0,2806.87255859375,1000.0,5.0
7.575000000000166,0.6,-3.1302785873413086,-10.658073425292969,2000.0,3791.34130859375,0.709456741809845,-27.502971649169922,500.0,654.897705078125,1000.0,5.0
7.5833333333335,0.6,-3.129721164703369,-11.690491676330566,2000.0,3783.6103515625,0.1665363609790802,-21.572067260742188,500.0,1020.420166015625,1000.0,5.0
7.591666666666834,0.6,-3.1302883625030518,-10.20406723022461,2000.0,3788.1494140625,-0.3448040783405304,-17.326828002929688,500.0,995.335205078125,1000.0,5.0
7.6000000000001675,0.6,-3.1256134510040283,-10.043294906616211,2000.0,3781.34521484375,-0.8034481406211853,-21.615345001220703,500.0,1038.743408203125,1000.0,5.0
7.608333333333501,0.6,-3.1219992637634277,-6.317090034484863,2000.0,3775.859375,-1.1301112174987793,-29.907670974731445,500.0,1482.4912109375,1000.0,5.0
7.616666666666835,0.6,-3.1173365116119385,6.427772521972656,2000.0,3753.703369140625,1.1085925102233887,-48.78025817871094,500.0,2060.439208984375,1000.0,5.0
7.625000000000169,0.6,-3.116476058959961,6.946971893310547,2000.0,3685.562255859375,0.6601556539535522,-71.03181457519531,500.0,1884.7166748046875,1000.0,5.0
7.6333333333335025,0.6,-3.107226848602295,10.452632904052734,2000.0,3681.761474609375,0.06153722107410431,-76.73114013671875,500.0,3221.512939453125,1000.0,5.0
7.641666666666836,0.6,-3.1020424365997314,-9.280832290649414,2000.0,3655.106201171875,-0.6285911202430725,-54.386661529541016,500.0,3805.78857421875,1000.0,5.0
7.65000000000017,0.6,-3.108849048614502,-17.203598022460938,2000.0,3747.949951171875,-1.2838537693023682,-30.982379913330078,500.0,3033.628662109375,1000.0,5.0
7.658333333333504,0.6,-3.120501756668091,-15.526179313659668,2000.0,3794.617431640625,0.961061954498291,-14.227741241455078,500.0,2191.0458984375,1000.0,5.0
7.6666666666668375,0.6,-3.1211867332458496,-5.3011322021484375,2000.0,3798.114013671875,0.33346283435821533,-45.351295471191406,230.85610961914062,230.85610961914062,1000.0,5.0
7.675000000000171,0.6,-3.117257595062256,6.501869201660156,2000.0,3747.960693359375,-0.1631554216146469,-63.28350067138672,500.0,2100.833251953125,1000.0,5.0
7.683333333333505,0.6,-3.114122152328491,14.79864501953125,2000.0,3685.084716796875,-0.5887902975082397,-73.23387145996094,500.0,3245.752685546875,1000.0,5.0
7.691666666666839,0.6,-3.1080479621887207,9.471702575683594,2000.0,3640.3681640625,-0.9479777216911316,-69.46241760253906,500.0,3956.0888671875,1000.0,5.0
7.7000000000001725,0.6,-3.108152151107788,-3.9160823822021484,2000.0,3660.581298828125,1.0330424308776855,-48.284610748291016,500.0,3947.109619140625,1000.0,5.0
7.708333333333506,0.6,-3.119558334350586,-12.811723709106445,2000.0,3727.375244140625,0.5855922698974609,-40.62275695800781,500.0,1897.709228515625,1000.0,5.0
7.71666666666684,0.6,-3.1229970455169678,-14.72657585144043,2000.0,3783.317626953125,-0.04042983055114746,-27.482051849365234,500.0,1738.3416748046875,1000.0,5.0
7.725000000000174,0.6,-3.12880539894104,-12.60702896118164,2000.0,3796.55908203125,-0.647119402885437,-15.219099044799805,500.0,1394.3175048828125,1000.0,5.0
7.7333333333335075,0.6,-3.131438970565796,-10.152756690979004,2000.0,3791.86572265625,-1.0813488960266113,-8.446406364440918,500.0,1084.5146484375,1000.0,5.0
7.741666666666841,0.6,-3.129488945007324,-10.130456924438477,2000.0,3782.254150390625,1.2446454763412476,-8.341787338256836,500.0,962.9947509765625,1000.0,5.0
7.750000000000175,0.6,-3.127542495727539,-6.2298431396484375,2000.0,3780.152587890625,0.8901560306549072,-39.18248748779297,-205.2333984375,-205.2333984375,1000.0,5.0
7.758333333333509,0.6,-3.119380474090576,5.231691360473633,2000.0,3758.805908203125,0.4108887016773224,-63.18454360961914,500.0,1514.04638671875,1000.0,5.0
7.7666666666668425,0.6,-3.112842082977295,7.898258209228516,2000.0,3693.571044921875,-0.10115432739257812,-70.962158203125,500.0,2953.782958984375,1000.0,5.0
7.775000000000176,0.6,-3.1060895919799805,10.728248596191406,2000.0,3673.45849609375,-0.6688436269760132,-71.97761535644531,500.0,3598.68505859375,1000.0,5.0
7.78333333333351,0.6,-3.1030993461608887,-9.29814338684082,2000.0,3652.56005859375,-1.1298718452453613,-47.85913848876953,500.0,3933.302734375,1000.0,5.0
7.791666666666844,0.6,-3.11061429977417,-16.45081329345703,2000.0,3749.07373046875,0.7713832259178162,-26.230430603027344,500.0,2957.89306640625,1000.0,5.0
7.8000000000001775,0.6,-3.1243984699249268,-13.058075904846191,2000.0,3792.63525390625,0.018245404586195946,-31.934545516967773,500.0,925.829833984375,1000.0,5.0
7.808333333333511,0.6,-3.1206352710723877,-12.164300918579102,2000.0,3789.70458984375,-0.618066132068634,-30.285247802734375,500.0,1587.6046142578125,1000.0,5.0
7.816666666666845,0.6,-3.1169402599334717,4.283914566040039,2000.0,3781.500732421875,-1.088122844696045,-48.840660095214844,500.0,1823.2955322265625,1000.0,5.0
7.825000000000179,0.6,-3.114436388015747,7.994911193847656,2000.0,3695.978271484375,1.2349032163619995,-57.36518096923828,500.0,2986.09423828125,1000.0,5.0
7.8333333333335124,0.6,-3.1152608394622803,7.359027862548828,2000.0,3674.576416015625,0.837539553642273,-75.13587188720703,500.0,2250.807373046875,1000.0,5.0
7.841666666666846,0.6,-3.108585834503174,5.875312805175781,2000.0,3678.445068359375,0.31788933277130127,-73.53093719482422,500.0,3338.02392578125,1000.0,5.0
7.85000000000018,0.6,-3.114089250564575,-16.111644744873047,2000.0,3679.205322265625,-0.2648482918739319,-37.13138198852539,500.0,3517.602294921875,1000.0,5.0
7.858333333333514,0.6,-3.122521162033081,-15.082022666931152,2000.0,3794.033203125,-0.9096450805664062,-20.30474090576172,500.0,1988.9932861328125,1000.0,5.0
7.866666666666847,0.6,-3.128593921661377,-12.842949867248535,2000.0,3797.91064453125,1.2302693128585815,-7.694188117980957,500.0,1470.0595703125,1000.0,5.0
7.875000000000181,0.6,-3.133057117462158,-8.374753952026367,2000.0,3792.8359375,0.9015421867370605,-26.303281784057617,-230.42523193359375,-230.42523193359375,1000.0,5.0
7.883333333333515,0.6,-3.1299312114715576,-9.738985061645508,2000.0,3775.026123046875,0.4495455026626587,-26.090513229370117,500.0,864.3929443359375,1000.0,5.0
7.891666666666849,0.6,-3.122189998626709,-6.348654747009277,2000.0,3778.60693359375,-0.06474234908819199,-39.69561004638672,500.0,1079.7529296875,1000.0,5.0
7.900000000000182,0.6,-3.117417812347412,6.356719970703125,2000.0,3754.064453125,-0.5477449893951416,-58.3519287109375,500.0,2017.1517333984375,1000.0,5.0
7.908333333333516,0.6,-3.111919403076172,8.16800308227539,2000.0,3685.998291015625,-0.9284381866455078,-63.555694580078125,500.0,3191.468994140625,1000.0,5.0
7.91666666666685,0.6,-3.10640025138855,10.54068374633789,2000.0,3671.15869140625,1.066431999206543,-64.31963348388672,500.0,3642.003662109375,1000.0,5.0
7.925000000000184,0.6,-3.1091222763061523,-7.980686187744141,2000.0,3653.789794921875,0.5718079805374146,-58.99919891357422,500.0,2682.765625,1000.0,5.0
7.933333333333517,0.6,-3.1115405559539795,-15.92708683013916,2000.0,3748.518798828125,-0.20562610030174255,-41.4278678894043,500.0,2664.055908203125,1000.0,5.0
7.941666666666851,0.6,-3.120598077774048,-16.04763412475586,2000.0,3790.948974609375,-0.9649931192398071,-23.90581703186035,500.0,2174.206298828125,1000.0,5.0
7.950000000000185,0.6,-3.120431661605835,-12.183226585388184,2000.0,3800.78369140625,1.3551914691925049,-21.930774688720703,500.0,1677.7874755859375,1000.0,5.0
7.958333333333519,0.6,-3.1213717460632324,5.826211929321289,2000.0,3781.451171875,0.9418957233428955,-62.60059356689453,418.94293212890625,418.94293212890625,1000.0,5.0
7.966666666666852,0.6,-3.117140769958496,19.410415649414062,2000.0,3692.71533203125,0.4668050706386566,-84.24327087402344,500.0,2659.08203125,1000.0,5.0
7.975000000000186,0.6,-3.1080124378204346,9.396167755126953,2000.0,3620.47509765625,-0.014558530412614346,-79.8737564086914,500.0,3978.760986328125,1000.0,5.0
7.98333333333352,0.6,-3.108431100845337,-7.049610137939453,2000.0,3660.815673828125,-0.530022919178009,-53.694679260253906,500.0,4000.967041015625,1000.0,5.0
7.991666666666854,0.6,-3.11570405960083,-14.99640941619873,2000.0,3743.23828125,-1.0264356136322021,-28.25001335144043,500.0,2949.745361328125,1000.0,5.0
8.000000000000187,0.6,-3.122514009475708,-15.138548851013184,2000.0,3790.43359375,0.9603197574615479,-12.940329551696777,500.0,1925.718505859375,1000.0,5.0
8.00833333333352,0.6,-3.1312243938446045,-10.116046905517578,2000.0,3798.165283203125,0.46247726678848267,-24.720422744750977,166.85659790039062,166.85659790039062,1000.0,5.0
8.016666666666852,0.6,-3.131564140319824,-9.977791786193848,2000.0,3781.8916015625,-0.0469566248357296,-18.242643356323242,500.0,1004.782470703125,1000.0,5.0
8.025000000000185,0.6,-3.1298680305480957,-9.820676803588867,2000.0,3781.455322265625,-0.5227301120758057,-17.51025390625,500.0,935.6104736328125,1000.0,5.0
8.033333333333518,0.6,-3.1230881214141846,-7.233346939086914,2000.0,3778.984619140625,-0.9589108228683472,-28.216766357421875,500.0,1136.877685546875,1000.0,5.0
