Time,Pistoning (suspension_slide),Angle_X,Angle_Y,Angle_Z,Mean_Wall_Time_Sec
0.0005208333333333333,2.133032467099838e-05,0.00023269018856808543,-1.008765866572503e-05,-5.749260526499711e-05,6.704787
0.0010416666666666667,2.4152475816663355e-05,0.00032310199458152056,2.8659511031037255e-07,-7.9070552601479e-05,6.704787
0.0015625,2.632400173752103e-05,0.00040890154195949435,1.3066029168840032e-05,-0.00010173773625865579,6.704787
0.0020833333333333333,2.8551490686368197e-05,0.0004920613719150424,2.5589253709767945e-05,-0.00012325876741670072,6.704787
0.0026041666666666665,3.0702769436175004e-05,0.0005730095435865223,3.732560435310006e-05,-0.00014402384113054723,6.704787
0.0031249999999999997,3.276546340202913e-05,0.0006507067591883242,4.860780609305948e-05,-0.00016410490206908435,6.704787
0.003645833333333333,3.47421046171803e-05,0.0007252900977618992,5.937520836596377e-05,-0.00018374185310676694,6.704787
0.004166666666666667,3.663972529466264e-05,0.0007987953722476959,6.982287595747039e-05,-0.00020276363648008555,6.704787
0.0046875,3.846142499241978e-05,0.0008698462625034153,7.986310083651915e-05,-0.00022095888562034816,6.704787
0.005208333333333333,4.020404230686836e-05,0.0009375790832564235,8.928862371249124e-05,-0.00023863684327807277,6.704787
0.005729166666666666,4.182083284831606e-05,0.001004414283670485,9.842955478234217e-05,-0.00025652183103375137,6.704787
0.0062499999999999995,4.3402927985880524e-05,0.0010682587744668126,0.00010705236491048709,-0.0002732440480031073,6.704787
0.006770833333333333,4.494835957302712e-05,0.0011302805505692959,0.00011504223220981658,-0.00028947379905730486,6.704787
0.007291666666666666,4.6451121306745335e-05,0.0011900943936780095,0.00012305188283789903,-0.0003055205743294209,6.704787
0.007812499999999999,4.7903380618663505e-05,0.001248409622348845,0.00013045902596786618,-0.0003209371061529964,6.704787
0.008333333333333333,4.922581138089299e-05,0.001304458361119032,0.00013754662359133363,-0.00033657936728559434,6.704787
0.008854166666666666,5.051241532783024e-05,0.0013578440994024277,0.0001443289074813947,-0.00035106559516862035,6.704787
0.009375,5.1747272664215416e-05,0.0014104547444730997,0.00015089704538695514,-0.0003657623892650008,6.704787
0.009895833333333333,5.293766298564151e-05,0.001461357343941927,0.00015717821952421218,-0.0003800122067332268,6.704787
0.010416666666666666,5.407708158600144e-05,0.0015116868307814002,0.00016313169908244163,-0.0003936146677006036,6.704787
0.0109375,5.516538294614293e-05,0.0015586985973641276,0.00016811187379062176,-0.00040626671398058534,6.704787
0.011458333333333333,5.6201661209343e-05,0.001603979617357254,0.0001729763753246516,-0.0004182675911579281,6.704787
0.011979166666666666,5.737495666835457e-05,0.0016484882216900587,0.00017807428957894444,-0.00043020176235586405,6.704787
0.012499999999999999,5.845166742801666e-05,0.0016912526916712523,0.00018220560741610825,-0.00044124817941337824,6.704787
0.013020833333333332,5.889459134778008e-05,0.001731963362544775,0.00018373492639511824,-0.00045295103336684406,6.704787
0.013541666666666665,5.9802023315569386e-05,0.0017724459758028388,0.00018638517940416932,-0.00046348205069079995,6.704787
0.014062499999999999,6.075710916775279e-05,0.0018115616403520107,0.00018974485283251852,-0.00047387107042595744,6.704787
0.014583333333333332,6.169913103803992e-05,0.0018496060511097312,0.00019367570348549634,-0.00048381646047346294,6.704787
0.015104166666666665,6.259993824642152e-05,0.0018865445163100958,0.0001974359038285911,-0.0004935571341775358,6.704787
0.015624999999999998,6.346601730911061e-05,0.0019222325645387173,0.00020104915893170983,-0.0005030136671848595,6.704787
0.01614583333333333,6.429514905903488e-05,0.001956839580088854,0.0002044437569566071,-0.0005123292794451118,6.704787
0.016666666666666666,6.509113882202655e-05,0.0019905781373381615,0.00020765018416568637,-0.000521292386110872,6.704787
0.0171875,6.585272785741836e-05,0.0020227052737027407,0.00021066916815470904,-0.0005301599740050733,6.704787
0.017708333333333336,6.65884799673222e-05,0.002053668489679694,0.00021344597917050123,-0.0005385950207710266,6.704787
0.01822916666666667,6.728682637913153e-05,0.002083860570564866,0.0002161965676350519,-0.0005468777380883694,6.704787
0.018750000000000006,6.796132220188156e-05,0.002111864974722266,0.0002186564524890855,-0.0005546276806853712,6.704787
0.01927083333333334,6.860213034087792e-05,0.0021396023221313953,0.00022088309924583882,-0.0005623730248771608,6.704787
0.019791666666666676,6.882612069603056e-05,0.0021650425624102354,0.00022003935009706765,-0.000570091069675982,6.704787
0.02031250000000001,6.944266351638362e-05,0.0021924194879829884,0.00022255879594013095,-0.0005772770382463932,6.704787
0.020833333333333346,6.965419743210077e-05,0.0022164862602949142,0.00022187588911037892,-0.0005845279665663838,6.704787
0.02135416666666668,7.022779027465731e-05,0.0022411425597965717,0.0002240216708742082,-0.0005912075866945088,6.704787
0.021875000000000016,7.043588993838057e-05,0.002264500129967928,0.00022439283202402294,-0.0005981755675747991,6.704787
0.02239583333333335,7.098050991771743e-05,0.0022880833130329847,0.00022679835092276335,-0.0006044827750883996,6.704787
0.022916666666666686,7.117673521861434e-05,0.002308319555595517,0.00022758774866815656,-0.0006111531401984394,6.704787
0.02343750000000002,7.131107850000262e-05,0.0023276833817362785,0.00022733269724994898,-0.0006180505733937025,6.704787
0.023958333333333356,7.149377051973715e-05,0.002346097258850932,0.00022788844944443554,-0.0006238799542188644,6.704787
0.02447916666666669,7.16197318979539e-05,0.002362007275223732,0.00022725753660779446,-0.000629315385594964,6.704787
0.025000000000000026,7.17905568308197e-05,0.002379055367782712,0.00022790678485762328,-0.0006347736925818026,6.704787
0.02552083333333336,7.19121380825527e-05,0.002392758848145604,0.00022763022570870817,-0.0006394049851223826,6.704787
0.026041666666666696,7.203341374406591e-05,0.002406143583357334,0.0002280972112203017,-0.0006440316792577505,6.704787
0.02656250000000003,7.215614459710196e-05,0.002419643336907029,0.00022850523237138987,-0.0006483132601715624,6.704787
0.027083333333333365,7.227594323921949e-05,0.002432430163025856,0.00022897282906342298,-0.0006523421034216881,6.704787
0.0276041666666667,7.238298712763935e-05,0.0024450337514281273,0.00022901591728441417,-0.0006563078495673835,6.704787
0.028125000000000035,7.248877955134958e-05,0.002457043854519725,0.00022920877381693572,-0.0006600413471460342,6.704787
0.02864583333333337,7.259460835484788e-05,0.002469256753101945,0.00022937041649129242,-0.0006638425402343273,6.704787
0.029166666666666705,7.26901416783221e-05,0.0024812615010887384,0.00022967676341068,-0.0006672660820186138,6.704787
0.02968750000000004,7.279014243977144e-05,0.0024932040832936764,0.000230038320296444,-0.0006708392756991088,6.704787
0.030208333333333375,7.287834159797058e-05,0.0025040151085704565,0.00023020883963909,-0.0006744893034920096,6.704787
0.03072916666666671,7.296608964679763e-05,0.0025146454572677612,0.00023058803344611079,-0.0006780978292226791,6.704787
0.03125000000000004,7.305441977223381e-05,0.00252506579272449,0.00023084574786480516,-0.0006812261417508125,6.704787
0.03177083333333337,7.31389009160921e-05,0.0025358712300658226,0.00023110127949621528,-0.0006846523028798401,6.704787
0.032291666666666705,7.321586599573493e-05,0.002545901108533144,0.00023120283731259406,-0.000687838182784617,6.704787
0.032812500000000036,7.329197251237929e-05,0.002556407591328025,0.00023136258823797107,-0.0006910357042215765,6.704787
0.03333333333333337,7.336150156334043e-05,0.0025666721630841494,0.0002317570470040664,-0.0006939396262168884,6.704787
0.0338541666666667,7.343368633883074e-05,0.0025763739831745625,0.00023182309814728796,-0.0006970979156903923,6.704787
0.03437500000000003,7.350022497121245e-05,0.002586372895166278,0.00023212814994622022,-0.000700114294886589,6.704787
0.03489583333333336,7.356618880294263e-05,0.002595657017081976,0.00023248788784258068,-0.0007033093716017902,6.704787
0.035416666666666693,7.360638119280338e-05,0.002604311564937234,0.00023289842647500336,-0.0007061261567287147,6.704787
0.035937500000000025,7.364725024672225e-05,0.002612968673929572,0.00023327843518927693,-0.0007090562721714377,6.704787
0.036458333333333356,7.365601777564734e-05,0.0026211391668766737,0.00023302830231841654,-0.0007118989014998078,6.704787
0.03697916666666669,7.366242061834782e-05,0.002629160648211837,0.00023289740784093738,-0.0007149791927076876,6.704787
0.03750000000000002,7.366500358330086e-05,0.002637149067595601,0.00023264074116013944,-0.0007177657098509371,6.704787
0.03802083333333335,7.367315265582874e-05,0.0026447500567883253,0.0002323798107681796,-0.00072040333179757,6.704787
0.03854166666666668,7.367173384409398e-05,0.002652564784511924,0.00023245037300512195,-0.0007236974779516459,6.704787
0.039062500000000014,7.366616046056151e-05,0.0026604619342833757,0.00023225543554872274,-0.0007263060542754829,6.704787
0.039583333333333345,7.366592762991786e-05,0.002667463617399335,0.00023199144925456494,-0.00072864891262725,6.704787
0.04010416666666668,7.36649744794704e-05,0.0026747093070298433,0.00023199300630949438,-0.0007313505630008876,6.704787
0.04062500000000001,7.36611764295958e-05,0.0026812634896486998,0.00023175821115728468,-0.0007336965063586831,6.704787
0.04114583333333334,7.36570727895014e-05,0.002688356675207615,0.0002316689642611891,-0.0007362340111285448,6.704787
0.04166666666666667,7.365206693066284e-05,0.0026944635901600122,0.00023136950039770454,-0.0007384901400655508,6.704787
0.0421875,7.363776967395097e-05,0.0027009565383195877,0.0002313324948772788,-0.0007407834636978805,6.704787
0.042708333333333334,7.362298492807895e-05,0.002707180567085743,0.00023119959223549813,-0.000743046693969518,6.704787
0.043229166666666666,7.361143070738763e-05,0.002712629269808531,0.0002311562275281176,-0.000745029654353857,6.704787
0.04375,7.35984358470887e-05,0.002718435600399971,0.00023142983263824135,-0.0007470736745744944,6.704787
0.04427083333333333,7.355887646554038e-05,0.0027240626513957977,0.00023149987100623548,-0.0007493189186789095,6.704787
0.04479166666666666,7.353532419074327e-05,0.0027293285820633173,0.0002314199082320556,-0.000751141516957432,6.704787
0.04531249999999999,7.349174120463431e-05,0.0027350105810910463,0.00023116788361221552,-0.0007527658599428833,6.704787
0.04583333333333332,7.344647747231647e-05,0.0027405768632888794,0.00023102354316506535,-0.0007547769346274436,6.704787
0.046354166666666655,7.340694719459862e-05,0.0027461990248411894,0.00023117932141758502,-0.0007567312568426132,6.704787
0.046874999999999986,7.336260023294017e-05,0.002751376712694764,0.00023112511553335935,-0.0007585033308714628,6.704787
0.04739583333333332,7.331192318815738e-05,0.002756614936515689,0.00023127510212361813,-0.000760367140173912,6.704787
0.04791666666666665,7.327270577661693e-05,0.0027616422157734632,0.00023116337251849473,-0.0007621982367709279,6.704787
0.04843749999999998,7.322581950575113e-05,0.0027668518014252186,0.00023131267516873777,-0.000764206051826477,6.704787
0.04895833333333331,7.317516428884119e-05,0.0027715840842574835,0.0002315826277481392,-0.0007660738192498684,6.704787
0.049479166666666644,7.312830712180585e-05,0.002776580397039652,0.0002314658195246011,-0.0007678731344640255,6.704787
0.049999999999999975,7.307246414711699e-05,0.0027813983615487814,0.00023149666958488524,-0.0007695619715377688,6.704787
0.050520833333333307,7.302270387299359e-05,0.00278627872467041,0.00023173168301582336,-0.0007715149549767375,6.704787
0.05104166666666664,7.29664316168055e-05,0.002790588652715087,0.00023178938135970384,-0.0007729684584774077,6.704787
0.05156249999999997,7.291420479305089e-05,0.002794808242470026,0.0002318703627679497,-0.0007745937909930944,6.704787
0.0520833333333333,7.285593164851889e-05,0.002798639005050063,0.00023164898448158056,-0.0007760667940601707,6.704787
0.05260416666666663,7.280128920683637e-05,0.0028023794293403625,0.00023142830468714237,-0.0007774801924824715,6.704787
0.053124999999999964,7.275215466506779e-05,0.0028060891199856997,0.00023146870080381632,-0.0007790554082021117,6.704787
0.053645833333333295,7.270417700055987e-05,0.002809767844155431,0.00023147932370193303,-0.0007804806809872389,6.704787
0.05416666666666663,7.265205204021186e-05,0.0028133022133260965,0.00023137648531701416,-0.0007818450685590506,6.704787
0.05468749999999996,7.259510311996564e-05,0.0028169516008347273,0.0002311778225703165,-0.0007833260460756719,6.704787
0.05520833333333329,7.25400896044448e-05,0.0028207493014633656,0.00023109835456125438,-0.0007847846136428416,6.704787
0.05572916666666662,7.24893034202978e-05,0.0028243118431419134,0.0002312288124812767,-0.0007863282808102667,6.704787
0.05624999999999995,7.243683648994192e-05,0.0028281365521252155,0.00023126485757529736,-0.0007874330622144043,6.704787
0.056770833333333284,7.23795747035183e-05,0.0028319372795522213,0.0002315138845006004,-0.0007891597924754024,6.704787
0.057291666666666616,7.232250936795026e-05,0.0028356483671814203,0.00023155570670496672,-0.0007906450773589313,6.704787
0.05781249999999995,7.226577872643247e-05,0.002839477499946952,0.00023180909920483828,-0.0007921678479760885,6.704787
0.05833333333333328,7.220770203275606e-05,0.0028431599494069815,0.0002319338236702606,-0.000793888873886317,6.704787
0.05885416666666661,7.211759657366201e-05,0.0028468992095440626,0.00023191397485788912,-0.0007951147272251546,6.704787
0.05937499999999994,7.203341374406591e-05,0.002850546967238188,0.00023177765251602978,-0.0007963324314914644,6.704787
0.05989583333333327,7.195132639026269e-05,0.0028538110200315714,0.0002318143961019814,-0.0007979588699527085,6.704787
0.060416666666666605,7.185465074144304e-05,0.0028573409654200077,0.00023177184630185366,-0.0007994704064913094,6.704787
0.060937499999999936,7.180096145020798e-05,0.002860874868929386,0.00023193357628770173,-0.0008007739670574665,6.704787
0.06145833333333327,7.171050674514845e-05,0.002864494686946273,0.00023220430011861026,-0.0008020011591725051,6.704787
0.0619791666666666,7.161869871197268e-05,0.0028680863324552774,0.00023224475444294512,-0.0008034862112253904,6.704787
0.06249999999999993,7.153389742597938e-05,0.002871826058253646,0.00023240507289301604,-0.0008046531584113836,6.704787
0.06302083333333326,7.156385254347697e-05,0.0028759606648236513,0.00023302390764001757,-0.0008059302344918251,6.704787
0.0635416666666666,7.159625965869054e-05,0.0028800377622246742,0.00023363773652818054,-0.000807419593911618,6.704787
0.06406249999999993,7.150668534450233e-05,0.0028834776021540165,0.00023343533393926919,-0.0008088962058536708,6.704787
0.06458333333333326,7.141267997212708e-05,0.002886766567826271,0.0002333457232452929,-0.0008101175772026181,6.704787
0.06510416666666659,7.133265171432868e-05,0.0028903288766741753,0.0002336622419534251,-0.0008113987278193235,6.704787
0.06562499999999992,7.135944906622171e-05,0.002894521923735738,0.00023415473697241396,-0.0008127114269882441,6.704787
0.06614583333333325,7.127027492970228e-05,0.002897932892665267,0.0002342141087865457,-0.0008141082362271845,6.704787
0.06666666666666658,7.117449422366917e-05,0.002900713123381138,0.00023418689670506865,-0.0008151842630468309,6.704787
0.06718749999999991,7.107466080924496e-05,0.002903229556977749,0.0002344462409382686,-0.0008162044105120003,6.704787
0.06770833333333325,7.107053534127772e-05,0.0029075113125145435,0.00023487846192438155,-0.0008175148395821452,6.704787
0.06822916666666658,7.098654168657959e-05,0.002910328097641468,0.00023520886315964162,-0.0008187927305698395,6.704787
0.06874999999999991,7.097983325365931e-05,0.0029142191633582115,0.00023542669077869505,-0.000819952052552253,6.704787
0.06927083333333324,7.088866550475359e-05,0.0029162256978452206,0.00023585908638779074,-0.0008205705089494586,6.704787
0.06979166666666657,7.088223355822265e-05,0.0029198555275797844,0.00023652809613849968,-0.0008220509625971317,6.704787
0.0703124999999999,7.08830266376026e-05,0.002923631574958563,0.00023719941964372993,-0.0008234850247390568,6.704787
0.07083333333333323,7.08725128788501e-05,0.002926957095041871,0.00023744409554637969,-0.0008244719356298447,6.704787
0.07135416666666657,7.087363337632269e-05,0.0029301652684807777,0.00023813580628484488,-0.0008258747984655201,6.704787
0.0718749999999999,7.086763071129099e-05,0.0029331883415579796,0.00023851658625062555,-0.0008268434903584421,6.704787
0.07239583333333323,7.086178084136918e-05,0.0029360908083617687,0.0002386101841693744,-0.0008276291191577911,6.704787
0.07291666666666656,7.076479960232973e-05,0.0029378582257777452,0.0002389430155744776,-0.0008288240642286837,6.704787
0.07343749999999989,7.066011312417686e-05,0.0029396277386695147,0.00023952011542860419,-0.000829883967526257,6.704787
0.07395833333333322,7.062192889861763e-05,0.002942533465102315,0.00023973433417268097,-0.0008309581317007542,6.704787
0.07447916666666655,7.053678564261645e-05,0.0029443034436553717,0.00024033605586737394,-0.0008319234475493431,6.704787
0.07499999999999989,7.043523510219529e-05,0.0029463362880051136,0.0002405889827059582,-0.000832747551612556,6.704787
0.07552083333333322,7.03987170709297e-05,0.002949149813503027,0.00024073343956843019,-0.000833529164083302,6.704787
0.07604166666666655,7.031379936961457e-05,0.002950590569525957,0.000241215355345048,-0.0008343493682332337,6.704787
0.07656249999999988,7.027008541626856e-05,0.0029533160850405693,0.0002414911868982017,-0.0008353024604730308,6.704787
0.07708333333333321,7.017832103883848e-05,0.0029547300655394793,0.00024173184647224844,-0.0008362906519323587,6.704787
0.07760416666666654,7.013604044914246e-05,0.002957602497190237,0.00024224106164183468,-0.0008371375733986497,6.704787
0.07812499999999988,7.004352664807811e-05,0.002959221601486206,0.00024281370860990137,-0.0008376953774131835,6.704787
0.0786458333333332,7.000744517426938e-05,0.0029620672576129436,0.00024331880558747798,-0.0008389296126551926,6.704787
0.07916666666666654,6.991099508013576e-05,0.002963569015264511,0.00024380207469221205,-0.0008396580815315247,6.704787
0.07968749999999987,6.987471715547144e-05,0.0029664421454072,0.00024410639889538288,-0.0008403296233154833,6.704787
0.0802083333333332,6.977756856940687e-05,0.002968213288113475,0.00024461527937091887,-0.0008415921474806964,6.704787
0.08072916666666653,6.973904964979738e-05,0.0029707911890000105,0.00024509470677003264,-0.0008425218402408063,6.704787
0.08124999999999986,6.971028778934851e-05,0.002973607974126935,0.00024545282940380275,-0.0008434506598860025,6.704787
0.0817708333333332,6.968179513933137e-05,0.002976277144625783,0.0002459054230712354,-0.000844356429297477,6.704787
0.08229166666666653,6.965377542655915e-05,0.0029790906701236963,0.0002461464027874172,-0.0008447793661616743,6.704787
0.08281249999999986,6.962680345168337e-05,0.0029818813782185316,0.0002466166624799371,-0.000846063659992069,6.704787
0.08333333333333319,6.959761958569288e-05,0.0029842506628483534,0.0002469528408255428,-0.0008464600541628897,6.704787
0.08385416666666652,6.956652941880748e-05,0.002986829960718751,0.00024728255812078714,-0.0008475008071400225,6.704787
0.08437499999999985,6.954095442779362e-05,0.0029891999438405037,0.00024780939565971494,-0.0008483458077535033,6.704787
0.08489583333333318,6.951331306481734e-05,0.0029916572384536266,0.00024825698346830904,-0.0008492842898704112,6.704787
0.08541666666666652,6.94812333676964e-05,0.0029939671512693167,0.00024875396047718823,-0.0008502417476847768,6.704787
0.08593749999999985,6.94528134772554e-05,0.0029964824207127094,0.00024908166960813105,-0.0008509104372933507,6.704787
0.08645833333333318,6.941839819774032e-05,0.002998938551172614,0.0002494594664312899,-0.0008515796507708728,6.704787
0.08697916666666651,6.93868933012709e-05,0.003001484787091613,0.00024998627486638725,-0.0008525429875589907,6.704787
0.08749999999999984,6.935299461474642e-05,0.0030039416160434484,0.00025028345407918096,-0.0008532439242117107,6.704787
0.08802083333333317,6.931919051567093e-05,0.003006069455295801,0.00025065551744773984,-0.0008542060386389494,6.704787
0.0885416666666665,6.926513015059754e-05,0.003007960505783558,0.00025118241319432855,-0.0008549389312975109,6.704787
0.08906249999999984,6.923923501744866e-05,0.003010536776855588,0.0002517149259801954,-0.0008554051746614277,6.704787
0.08958333333333317,6.920463783899322e-05,0.003012604545801878,0.0002521821588743478,-0.0008563160663470626,6.704787
0.0901041666666665,6.917236896697432e-05,0.003014730289578438,0.00025249464670196176,-0.0008569213096052408,6.704787
0.09062499999999983,6.914210825925693e-05,0.0030166497454047203,0.0002528383338358253,-0.0008575291140004992,6.704787
0.09114583333333316,6.908078648848459e-05,0.003018148010596633,0.0002531536156311631,-0.0008578751585446298,6.704787
0.0916666666666665,6.90324159222655e-05,0.003020334290340543,0.00025347695918753743,-0.0008585501345805824,6.704787
0.09218749999999983,6.897946150274947e-05,0.0030221338383853436,0.00025399867445230484,-0.0008592518279328942,6.704787
0.09270833333333316,6.892166857142001e-05,0.00302401976659894,0.0002544296730775386,-0.0008599295979365706,6.704787
0.09322916666666649,6.886290066177025e-05,0.0030257885809987783,0.00025494713918305933,-0.0008604900212958455,6.704787
0.09374999999999982,6.88104482833296e-05,0.003027468454092741,0.0002552639925852418,-0.0008611338562332094,6.704787
0.09427083333333315,6.875317922094837e-05,0.0030291760340332985,0.0002556367253419012,-0.0008618314750492573,6.704787
0.09479166666666648,6.872464291518554e-05,0.0030312740709632635,0.0002559244749136269,-0.0008625014452263713,6.704787
0.09531249999999981,6.86884595779702e-05,0.003033312503248453,0.0002564760798122734,-0.0008633756660856307,6.704787
0.09583333333333315,6.86292551108636e-05,0.003034842200577259,0.000256669387454167,-0.0008640480227768421,6.704787
0.09635416666666648,6.85763152432628e-05,0.0030367295257747173,0.0002571023942437023,-0.0008643672335892916,6.704787
0.09687499999999981,6.851895886939019e-05,0.0030382568947970867,0.00025732757057994604,-0.0008647702634334564,6.704787
0.09739583333333314,6.846564065199345e-05,0.003039757488295436,0.00025755714159458876,-0.0008653794648125768,6.704787
0.09791666666666647,6.840113928774372e-05,0.0030413467902690172,0.00025816529523581266,-0.0008660531020723283,6.704787
0.0984374999999998,6.835501699242741e-05,0.0030429360922425985,0.00025859911693260074,-0.0008664908236823976,6.704787
0.09895833333333313,6.829890480730683e-05,0.0030444953590631485,0.0002589122741483152,-0.0008669267990626395,6.704787
0.09947916666666647,6.824991578469053e-05,0.0030465014278888702,0.0002591935626696795,-0.0008675417630001903,6.704787
0.0999999999999998,6.819514237577096e-05,0.003048177110031247,0.0002594769175630063,-0.0008681234321556985,6.704787
0.10052083333333313,6.813983782194555e-05,0.0030495019163936377,0.0002598148712422699,-0.0008689901442267001,6.704787
0.10104166666666646,6.808865146012977e-05,0.0030512672383338213,0.00026013515889644623,-0.0008690809481777251,6.704787
0.10156249999999979,6.803310679970309e-05,0.0030530071817338467,0.00026077183429151773,-0.0008698475430719554,6.704787
0.10208333333333312,6.79783261148259e-05,0.0030545671470463276,0.0002612943353597075,-0.0008705492946319282,6.704787
0.10260416666666645,6.792166095692664e-05,0.003056242363527417,0.00026148901088163257,-0.000870723684784025,6.704787
0.10312499999999979,6.786696030758321e-05,0.0030582170002162457,0.00026177166728302836,-0.0008711896371096373,6.704787
0.10364583333333312,6.780877447454259e-05,0.003059866838157177,0.00026204719324596226,-0.0008720659534446895,6.704787
0.10416666666666645,6.775469955755398e-05,0.0030615453142672777,0.00026247886125929654,-0.0008729159599170089,6.704787
0.10468749999999978,6.765548459952697e-05,0.0030629837419837713,0.0002630545641295612,-0.0008736291201785207,6.704787
0.10520833333333311,6.761488475603983e-05,0.003064393764361739,0.00026321440236642957,-0.0008740039775148034,6.704787
0.10572916666666644,6.750450847903267e-05,0.0030657106544822454,0.0002636656863614917,-0.0008747398969717324,6.704787
0.10624999999999978,6.74660550430417e-05,0.0030671756248921156,0.00026371574494987726,-0.0008748520049266517,6.704787
0.1067708333333331,6.73568865749985e-05,0.003068764228373766,0.000264189817244187,-0.0008759156335145235,6.704787
0.10729166666666644,6.73169270157814e-05,0.003070319537073374,0.0002643823972903192,-0.0008762114448472857,6.704787
0.10781249999999977,6.720588135067374e-05,0.0030717807821929455,0.00026453580358065665,-0.0008768270490691066,6.704787
0.1083333333333331,6.713446055073291e-05,0.003073549596592784,0.0002649390371516347,-0.000877178565133363,6.704787
0.10885416666666643,6.70830559101887e-05,0.003075377782806754,0.0002653453266248107,-0.0008779433555901051,6.704787
0.10937499999999976,6.696596392430365e-05,0.0030766662675887346,0.0002658533048816025,-0.000878620077855885,6.704787
0.1098958333333331,6.690062582492828e-05,0.003078550100326538,0.0002659551100805402,-0.0008791473228484392,6.704787
0.11041666666666643,6.68059365125373e-05,0.003079716581851244,0.00026617010007612407,-0.0008795532048679888,6.704787
0.11093749999999976,6.668826972600073e-05,0.003080799477174878,0.0002666229847818613,-0.0008802865049801767,6.704787
0.11145833333333309,6.661681254627183e-05,0.003082000883296132,0.00026690628146752715,-0.0008807791164144874,6.704787
0.11197916666666642,6.650104478467256e-05,0.0030833184719085693,0.0002671199617907405,-0.000881509855389595,6.704787
0.11249999999999975,6.643214146606624e-05,0.0030847853049635887,0.0002675771538633853,-0.0008818091009743512,6.704787
0.11302083333333308,6.631783617194742e-05,0.0030860432889312506,0.0002678256423678249,-0.0008825429249554873,6.704787
0.11354166666666642,6.62478560116142e-05,0.0030873881187289953,0.0002679330063983798,-0.0008824463584460318,6.704787
0.11406249999999975,6.612882134504616e-05,0.003088883589953184,0.0002682957274373621,-0.000882980995811522,6.704787
0.11458333333333308,6.600298365810886e-05,0.0030899622943252325,0.00026856892509385943,-0.0008837428176775575,6.704787
0.11510416666666641,6.588520773220807e-05,0.0030913096852600574,0.00026875207549892366,-0.0008843805990181863,6.704787
0.11562499999999974,6.581625348189846e-05,0.003092510160058737,0.00026933124172501266,-0.0008847660501487553,6.704787
0.11614583333333307,6.570938421646133e-05,0.0030937083065509796,0.00026960449758917093,-0.0008853516192175448,6.704787
0.1166666666666664,6.56456541037187e-05,0.0030952063389122486,0.0002697977761272341,-0.0008858198416419327,6.704787
0.11718749999999974,6.552377453772351e-05,0.0030964624602347612,0.0002700113982427865,-0.0008865477284416556,6.704787
0.11770833333333307,6.540062895510346e-05,0.0030976010020822287,0.0002702847123146057,-0.0008869902230799198,6.704787
0.1182291666666664,6.530549580929801e-05,0.003098831046372652,0.0002708326210267842,-0.0008874895866028965,6.704787
0.11874999999999973,6.517798465210944e-05,0.003100150264799595,0.00027118955040350556,-0.000888278940692544,6.704787
0.11927083333333306,6.505990313598886e-05,0.0031013202387839556,0.0002714373986236751,-0.0008889524615369737,6.704787
0.1197916666666664,6.499572191387415e-05,0.0031025775242596865,0.00027165611390955746,-0.0008894452475942671,6.704787
0.12031249999999973,6.486920028692111e-05,0.0031042504124343395,0.0002719883341342211,-0.0008898929227143526,6.704787
0.12083333333333306,6.474403198808432e-05,0.003105419920757413,0.00027241199859417975,-0.0008906275616027415,6.704787
0.12135416666666639,6.467809726018459e-05,0.0031069465912878513,0.00027268962003290653,-0.000890979659743607,6.704787
0.12187499999999972,6.45565742161125e-05,0.0031084096990525723,0.0002729317347984761,-0.0008911620243452489,6.704787
0.12239583333333305,6.443425809266046e-05,0.003109549405053258,0.00027347018476575613,-0.0008920125546865165,6.704787
0.12291666666666638,6.435898831114173e-05,0.003110867692157626,0.00027369396411813796,-0.000892390264198184,6.704787
0.12343749999999971,6.423547165468335e-05,0.0031123056542128325,0.00027417513774707913,-0.0008931257762014866,6.704787
0.12395833333333305,6.410743662854657e-05,0.0031135345343500376,0.0002745073870755732,-0.0008937428356148303,6.704787
0.12447916666666638,6.399861740646884e-05,0.003115118248388171,0.0002748693514149636,-0.0008941297419369221,6.704787
0.12499999999999971,6.392859359038994e-05,0.0031164030078798532,0.0002747057005763054,-0.0008941200212575495,6.704787
0.12552083333333305,6.380897684721276e-05,0.0031176297925412655,0.0002748895494733006,-0.000894500408321619,6.704787
0.12604166666666639,6.374101940309629e-05,0.0031191816087812185,0.000275108206551522,-0.0008947356254793704,6.704787
0.12656249999999972,6.362133717630059e-05,0.003120413748547435,0.0002757682523224503,-0.0008956847595982254,6.704787
0.12708333333333305,6.356144876917824e-05,0.0031217930372804403,0.00027622675406746566,-0.0008961213170550764,6.704787
0.12760416666666638,6.343649874906987e-05,0.003123079426586628,0.0002763801603578031,-0.0008967940811999142,6.704787
0.1281249999999997,6.331008626148105e-05,0.0031244540587067604,0.00027663010405376554,-0.0008969434420578182,6.704787
0.12864583333333304,6.319502426777035e-05,0.0031256522051990032,0.00027714454336091876,-0.0008973874500952661,6.704787
0.12916666666666637,6.312458572210744e-05,0.0031270331237465143,0.00027745135594159365,-0.0008979757549241185,6.704787
0.1296874999999997,6.300644599832594e-05,0.0031282631680369377,0.0002780828799586743,-0.00089870928786695,6.704787
0.13020833333333304,6.293769547482952e-05,0.0031296424567699432,0.00027842080453410745,-0.0008993265219032764,6.704787
0.13072916666666637,6.280501111177728e-05,0.003130605211481452,0.0002787238627206534,-0.0008999998681247234,6.704787
0.1312499999999997,6.268830475164577e-05,0.0031319824047386646,0.0002791214210446924,-0.0009007329354062676,6.704787
0.13177083333333303,6.261471571633592e-05,0.003133270423859358,0.0002793350722640753,-0.0009011942893266678,6.704787
0.13229166666666636,6.247955752769485e-05,0.0031345579773187637,0.000279613392194733,-0.0009016665280796587,6.704787
0.1328124999999997,6.236452463781461e-05,0.0031359975691884756,0.00028050882974639535,-0.000902468163985759,6.704787
0.13333333333333303,6.228959682630375e-05,0.0031369563657790422,0.0002807814162224531,-0.000902881205547601,6.704787
0.13385416666666636,6.217417831066996e-05,0.003138098167255521,0.00028127041878178716,-0.0009035835973918438,6.704787
0.1343749999999997,6.210024002939463e-05,0.003139414358884096,0.000281494198134169,-0.0009040539734996855,6.704787
0.13489583333333302,6.198795745149255e-05,0.0031406753696501255,0.0002818510984070599,-0.0009046728955581784,6.704787
0.13541666666666635,6.191700231283903e-05,0.0031419903971254826,0.00028198614018037915,-0.0009049868094734848,6.704787
0.13593749999999968,6.179286719998345e-05,0.003143520560115576,0.0002827341959346086,-0.0009059092262759805,6.704787
0.13645833333333302,6.167486571939662e-05,0.003144689369946718,0.00028306845342740417,-0.0009063773904927075,6.704787
0.13697916666666635,6.159178883535787e-05,0.0031455322168767452,0.00028385253972373903,-0.0009067656937986612,6.704787
0.13749999999999968,6.14770469837822e-05,0.0031467340886592865,0.0002841295499820262,-0.0009076445712707937,6.704787
0.138020833333333,6.140397454146296e-05,0.0031476912554353476,0.00028448639204725623,-0.0009082064498215914,6.704787
0.13854166666666634,6.128968379925936e-05,0.0031493385322391987,0.000284906622255221,-0.0009089172817766666,6.704787
0.13906249999999967,6.119759200373664e-05,0.0031505373772233725,0.00028507152455858886,-0.0009092065738514066,6.704787
0.139583333333333,6.107099761720747e-05,0.003151918528601527,0.00028561672661453485,-0.0009102079784497619,6.704787
0.14010416666666634,6.095034768804908e-05,0.0031530302949249744,0.00028588352142833173,-0.000911200069822371,6.704787
0.14062499999999967,6.0875361668877304e-05,0.003153987694531679,0.00028616320923902094,-0.0009114027488976717,6.704787
0.141145833333333,6.078780643292703e-05,0.003155006794258952,0.0002865272690542042,-0.000911724113393575,6.704787
0.14166666666666633,6.0663656768156216e-05,0.0031565059907734394,0.0002871554170269519,-0.0009127019438892603,6.704787
0.14218749999999966,6.059176303097047e-05,0.0031576454639434814,0.0002874316996894777,-0.0009131474071182311,6.704787
0.142708333333333,6.050219963071868e-05,0.0031586945988237858,0.0002877100487239659,-0.0009135639411397278,6.704787
0.14322916666666632,6.037607818143442e-05,0.003160103689879179,0.00028848618967458606,-0.0009141251794062555,6.704787
0.14374999999999966,6.023950481903739e-05,0.003161391243338585,0.00028878721059300005,-0.0009147173841483891,6.704787
0.144270833333333,6.0134399973321706e-05,0.0031621705275028944,0.00028894198476336896,-0.0009153260034509003,6.704787
0.14479166666666632,6.0014663176843897e-05,0.0031634271144866943,0.0002892755437642336,-0.0009158237371593714,6.704787
0.14531249999999965,5.9918071201536804e-05,0.0031643856782466173,0.000289340183371678,-0.0009161086054518819,6.704787
0.14583333333333298,5.9785361372632906e-05,0.003165643196552992,0.00028964903322048485,-0.0009165799710899591,6.704787
0.1463541666666663,5.966475873719901e-05,0.0031669014133512974,0.00028998195193707943,-0.0009171690908260643,6.704787
0.14687499999999964,5.958932524663396e-05,0.003168125869706273,0.0002900139370467514,-0.0009174611768685281,6.704787
0.14739583333333298,5.9503072407096624e-05,0.003168998984619975,0.00029053352773189545,-0.0009176367893815041,6.704787
0.1479166666666663,5.9391590184532106e-05,0.0031700460240244865,0.0002905676665250212,-0.0009183664224110544,6.704787
0.14843749999999964,5.929720646236092e-05,0.0031711547635495663,0.000290990574285388,-0.0009189218981191516,6.704787
0.14895833333333297,5.9174821217311546e-05,0.003172504948452115,0.0002914413344115019,-0.0009193361038342118,6.704787
0.1494791666666663,5.9059875638922676e-05,0.003173910779878497,0.00029180903220549226,-0.0009198064217343926,6.704787
0.14999999999999963,5.89830924582202e-05,0.003174662124365568,0.0002921077248174697,-0.0009201582870446146,6.704787
0.15052083333333297,5.889687963644974e-05,0.003175622783601284,0.0002925364824477583,-0.0009206310496665537,6.704787
0.1510416666666663,5.877252260688692e-05,0.003176821395754814,0.0002928636677097529,-0.0009213659213855863,6.704787
0.15156249999999963,5.867406434845179e-05,0.003177835140377283,0.00029287301003932953,-0.0009215957252308726,6.704787
0.15208333333333296,5.855844938196242e-05,0.0031789124477654696,0.00029323063790798187,-0.0009220370557159185,6.704787
0.1526041666666663,5.845978739671409e-05,0.00317987403832376,0.00029380328487604856,-0.0009226306574419141,6.704787
0.15312499999999962,5.833033719682135e-05,0.0031810146756470203,0.0002941348066087812,-0.0009232203592546284,6.704787
0.15364583333333295,5.8211116993334144e-05,0.003182213054969907,0.00029437895864248276,-0.000923916872125119,6.704787
0.15416666666666629,5.813241659780033e-05,0.003183291293680668,0.00029459569486789405,-0.0009242771193385124,6.704787
0.15468749999999962,5.804742977488786e-05,0.0031844002660363913,0.00029486752464435995,-0.0009247456910088658,6.704787
0.15520833333333295,5.792135198134929e-05,0.0031856559216976166,0.00029520178213715553,-0.0009251788724213839,6.704787
0.15572916666666628,5.7796318287728354e-05,0.0031865867786109447,0.00029529494349844754,-0.0009257067576982081,6.704787
0.1562499999999996,5.773043812951073e-05,0.003187607042491436,0.00029551296029239893,-0.0009262331877835095,6.704787
0.15677083333333294,5.7610919611761346e-05,0.0031886291690170765,0.0002958813856821507,-0.0009269338916055858,6.704787
0.15729166666666627,5.753525692853145e-05,0.003189527429640293,0.00029606520547531545,-0.0009273650939576328,6.704787
0.1578124999999996,5.7445828133495525e-05,0.0031903651542961597,0.0002961000718642026,-0.0009275372140109539,6.704787
0.15833333333333294,5.732055433327332e-05,0.0031916864681988955,0.00029652166995219886,-0.0009279175428673625,6.704787
0.15885416666666627,5.722186324419454e-05,0.0031926706433296204,0.0002968572953250259,-0.0009279231890104711,6.704787
0.1593749999999996,5.710180994356051e-05,0.0031938052270561457,0.0002971610811073333,-0.0009281912934966385,6.704787
0.15989583333333293,5.701073678210378e-05,0.0031947623938322067,0.00029740799800492823,-0.0009281011880375445,6.704787
0.16041666666666626,5.6893280998338014e-05,0.0031959640327841043,0.000297828228212893,-0.0009290138841606677,6.704787
0.1609374999999996,5.681823313352652e-05,0.003196800360456109,0.00029780276236124337,-0.0009291815804317594,6.704787
0.16145833333333293,5.672401675838046e-05,0.0031977887265384197,0.00029807878308929503,-0.0009294111514464021,6.704787
0.16197916666666626,5.66025119042024e-05,0.003198958234861493,0.0002982975565828383,-0.0009299125522375107,6.704787
0.1624999999999996,5.650385719491169e-05,0.00319979852065444,0.00029872049344703555,-0.0009304694831371307,6.704787
0.16302083333333292,5.638764923787676e-05,0.00320102134719491,0.00029870218713767827,-0.0009304017876274884,6.704787
0.16354166666666625,5.6308421335415915e-05,0.0032019829377532005,0.0002990584762301296,-0.0009309931192547083,6.704787
0.16406249999999958,5.621555101242848e-05,0.003202912164852023,0.0002994225360453129,-0.0009313158807344735,6.704787
0.16458333333333292,5.608817082247697e-05,0.003204202512279153,0.00030013840296305716,-0.0009320536046288908,6.704787
0.16510416666666625,5.5965811043279245e-05,0.003205670975148678,0.000300648738630116,-0.0009328826563432813,6.704787
0.16562499999999958,5.586823681369424e-05,0.0032068071886897087,0.0003008972853422165,-0.0009330920875072479,6.704787
0.1661458333333329,5.5751781474100426e-05,0.0032078558579087257,0.00030129184597171843,-0.0009335890645161271,6.704787
0.16666666666666624,5.564803723245859e-05,0.0032088416628539562,0.0003012409433722496,-0.0009337303345091641,6.704787
0.16718749999999957,5.552602669922635e-05,0.0032102821860462427,0.0003016909467987716,-0.0009348188177682459,6.704787
0.1677083333333329,5.542570579564199e-05,0.003211033996194601,0.00030213865102268755,-0.0009352591005153954,6.704787
0.16822916666666624,5.532021896215156e-05,0.0032121685799211264,0.00030221411725506186,-0.0009354040957987309,6.704787
0.16874999999999957,5.520315971807577e-05,0.003213187213987112,0.00030245253583416343,-0.0009356366354040802,6.704787
0.1692708333333329,5.512210918823257e-05,0.0032139087561517954,0.0003027576894965023,-0.0009359570685774088,6.704787
0.16979166666666623,5.501416671904735e-05,0.0032150177285075188,0.0003030055668205023,-0.0009363405406475067,6.704787
0.17031249999999956,5.492491982295178e-05,0.00321585638448596,0.000303039065329358,-0.0009367138845846057,6.704787
0.1708333333333329,5.4805990657769144e-05,0.0032166410237550735,0.00030349037842825055,-0.000937445554882288,6.704787
0.17135416666666622,5.4706466471543536e-05,0.003217423800379038,0.00030388354207389057,-0.0009380291448906064,6.704787
0.17187499999999956,5.4590782383456826e-05,0.0032188016921281815,0.000304516579490155,-0.0009382413700222969,6.704787
0.1723958333333329,5.450810203910805e-05,0.003219581674784422,0.0003047912323381752,-0.0009386204765178263,6.704787
0.17291666666666622,5.4420484957518056e-05,0.003220365149900317,0.0003052141983062029,-0.0009392015635967255,6.704787
0.17343749999999955,5.430321834865026e-05,0.0032216839026659727,0.0003053712716791779,-0.0009397293324582279,6.704787
0.17395833333333288,5.419836088549346e-05,0.003222611965611577,0.00030561539460904896,-0.0009399609407410026,6.704787
0.1744791666666662,5.4075462685432285e-05,0.0032242555171251297,0.00030621583573520184,-0.0009406193858012557,6.704787
0.17499999999999954,5.397314453148283e-05,0.0032250373624265194,0.00030655006412416697,-0.0009409720078110695,6.704787
0.17552083333333288,5.384918040363118e-05,0.0032258471474051476,0.00030664526275359094,-0.000941346341278404,6.704787
0.1760416666666662,5.3760548325954005e-05,0.003227133769541979,0.0003069207596126944,-0.0009417915716767311,6.704787
0.17656249999999954,5.3642073908122256e-05,0.003228778950870037,0.0003076061839237809,-0.0009424756281077862,6.704787
0.17708333333333287,5.3559077059617266e-05,0.0032296772114932537,0.0003077950677834451,-0.0009427701588720083,6.704787
0.1776041666666662,5.346057514543645e-05,0.003230458125472069,0.000308279792079702,-0.0009429457713849843,6.704787
0.17812499999999953,5.333840090315789e-05,0.0032313286792486906,0.0003085224889218807,-0.0009433859377168119,6.704787
0.17864583333333287,5.3235682571539655e-05,0.003232258139178157,0.00030882496503181756,-0.000943998631555587,6.704787
0.1791666666666662,5.311521090334281e-05,0.003233248833566904,0.00030909746419638395,-0.0009444397874176502,6.704787
0.17968749999999953,5.3013158321846277e-05,0.003234446281567216,0.00030951981898397207,-0.0009447388001717627,6.704787
0.18020833333333286,5.2895549742970616e-05,0.0032354341819882393,0.0003097923472523689,-0.0009453230886720121,6.704787
0.1807291666666662,5.279154720483348e-05,0.0032363340724259615,0.00031006563222035766,-0.0009455863619223237,6.704787
0.18124999999999952,5.266935477266088e-05,0.0032374723814427853,0.00031045734067447484,-0.0009463255992159247,6.704787
0.18177083333333285,5.2565712394425645e-05,0.0032382819335907698,0.00031049016979523003,-0.0009467619238421321,6.704787
0.18229166666666619,5.2444924222072586e-05,0.0032390046399086714,0.00031079191830940545,-0.0009470292134210467,6.704787
0.18281249999999952,5.234391937847249e-05,0.0032399927731603384,0.0003111610421910882,-0.0009474098333157599,6.704787
0.18333333333333285,5.221940591582097e-05,0.0032410104759037495,0.00031137539190240204,-0.0009475853876210749,6.704787
0.18385416666666618,5.211795723880641e-05,0.0032419099006801844,0.00031155854230746627,-0.0009479065192863345,6.704787
0.1843749999999995,5.200993109610863e-05,0.0032432822044938803,0.0003119815664831549,-0.0009479767759330571,6.704787
0.18489583333333284,5.189598596189171e-05,0.003243940882384777,0.0003121951885987073,-0.0009482703171670437,6.704787
0.18541666666666617,5.1796934712911025e-05,0.003244782565161586,0.0003127374220639467,-0.0009485979680903256,6.704787
0.1859374999999995,5.167119888938032e-05,0.0032457727938890457,0.00031303128344006836,-0.0009493643883615732,6.704787
0.18645833333333284,5.15649480803404e-05,0.003246613312512636,0.0003131605335511267,-0.0009497698629274964,6.704787
0.18697916666666617,5.144233728060499e-05,0.00324757257476449,0.00031352462247014046,-0.0009499693405814469,6.704787
0.1874999999999995,5.134137245477177e-05,0.0032483567483723164,0.0003142470377497375,-0.0009503931505605578,6.704787
0.18802083333333283,5.12258629896678e-05,0.0032493704929947853,0.00031452032271772623,-0.0009504326153546572,6.704787
0.18854166666666616,5.11186990479473e-05,0.003250334644690156,0.0003153002471663058,-0.0009513547993265092,6.704787
0.1890624999999995,5.099911504657939e-05,0.003251236630603671,0.0003159027255605906,-0.0009516518912278116,6.704787
0.18958333333333283,5.092138235340826e-05,0.00325213186442852,0.0003161468484904617,-0.0009517663274891675,6.704787
0.19010416666666616,5.084251824882813e-05,0.0032532436307519674,0.00031639469671063125,-0.0009520332096144557,6.704787
0.1906249999999995,5.0721399020403624e-05,0.0032544375862926245,0.0003165771486237645,-0.0009523293701931834,6.704787
0.19114583333333282,5.0618036766536534e-05,0.0032551579643040895,0.00031679216772317886,-0.0009527598740532994,6.704787
0.19166666666666615,5.0496684707468376e-05,0.003255876712501049,0.0003171512216795236,-0.0009527918882668018,6.704787
0.19218749999999948,5.0390433898428455e-05,0.0032569528557360172,0.00031742441933602095,-0.0009531178511679173,6.704787
0.19270833333333282,5.027090810472146e-05,0.0032575572840869427,0.00031764255254529417,-0.000953441602177918,6.704787
0.19322916666666615,5.020055323257111e-05,0.003258485347032547,0.00031779592973180115,-0.0009537584846839309,6.704787
0.19374999999999948,5.010212407796644e-05,0.0032592364586889744,0.00031786697218194604,-0.0009539794991724193,6.704787
0.1942708333333328,4.997744326828979e-05,0.003260076977312565,0.0003181141510140151,-0.0009542185580357909,6.704787
0.19479166666666614,4.988299042452127e-05,0.0032610397320240736,0.00031863152980804443,-0.000954688701312989,6.704787
0.19531249999999947,4.9756927182897925e-05,0.0032615286763757467,0.000319208629662171,-0.0009553085546940565,6.704787
0.1958333333333328,4.966384585713968e-05,0.003262458136305213,0.00031972816213965416,-0.0009554267744533718,6.704787
0.19635416666666614,4.954655742039904e-05,0.0032634767703711987,0.00031993607990443707,-0.0009559542522765696,6.704787
0.19687499999999947,4.944256579619832e-05,0.0032644651364535093,0.00032029871363192797,-0.0009563124040141702,6.704787
0.1973958333333328,4.932278534397483e-05,0.0032651866786181927,0.0003206613764632493,-0.0009563392959535122,6.704787
0.19791666666666613,4.922390144201927e-05,0.0032662409357726574,0.0003215954056940973,-0.0009571760892868042,6.704787
0.19843749999999946,4.909628114546649e-05,0.003267377382144332,0.0003217480261810124,-0.0009575857548043132,6.704787
0.1989583333333328,4.8979618441080675e-05,0.003268367610871792,0.0003221405204385519,-0.0009577653836458921,6.704787
0.19947916666666612,4.89001686219126e-05,0.003269328037276864,0.00032259905128739774,-0.0009582330239936709,6.704787
0.19999999999999946,4.877329774899408e-05,0.003269928740337491,0.00032272262615151703,-0.0009583784267306328,6.704787
0.2005208333333328,4.867957977694459e-05,0.0032708344515413046,0.0003232408198527992,-0.000958964810706675,6.704787
0.20104166666666612,4.8558526032138616e-05,0.0032712570391595364,0.0003235147742088884,-0.0009590512490831316,6.704787
0.20156249999999945,4.845214061788283e-05,0.0032723352778702974,0.00032393698347732425,-0.0009595203446224332,6.704787
0.20208333333333278,4.8324058298021555e-05,0.0032733543775975704,0.00032427356927655637,-0.0009597022435627878,6.704787
0.2026041666666661,4.820346657652408e-05,0.0032737439032644033,0.00032457226188853383,-0.0009598821052350104,6.704787
0.20312499999999944,4.8104964662343264e-05,0.003274790942668915,0.00032461649971082807,-0.0009599945624358952,6.704787
0.20364583333333278,4.798590816790238e-05,0.0032756307628005743,0.0003248860884923488,-0.000960490491706878,6.704787
0.2041666666666661,4.7880927013466135e-05,0.0032764426432549953,0.0003251593734603375,-0.0009609258850105107,6.704787
0.20468749999999944,4.778695438290015e-05,0.0032774624414741993,0.00032549022580496967,-0.00096134067280218,6.704787
0.20520833333333277,4.766979327541776e-05,0.0032781525515019894,0.0003256719501223415,-0.0009618469048291445,6.704787
0.2057291666666661,4.758514114655554e-05,0.0032792582642287016,0.0003258913930039853,-0.0009620190830901265,6.704787
0.20624999999999943,4.748330684378743e-05,0.0032802450004965067,0.0003261051024310291,-0.0009622856741771102,6.704787
0.20677083333333277,4.736172559205443e-05,0.0032807555980980396,0.0003264647093601525,-0.0009625526727177203,6.704787
0.2072916666666661,4.7253663069568574e-05,0.0032817760948091745,0.00032697574351914227,-0.0009630882414057851,6.704787
0.20781249999999943,4.71393323095981e-05,0.0032828859984874725,0.00032749318052083254,-0.0009634756715968251,6.704787
0.20833333333333276,4.705293758888729e-05,0.003283845027908683,0.00032776506850495934,-0.0009640019270591438,6.704787
0.2088541666666661,4.69357255497016e-05,0.0032850122079253197,0.00032810028642416,-0.0009639542549848557,6.704787
0.20937499999999942,4.683704537455924e-05,0.003285974031314254,0.00032837290200404823,-0.0009643931989558041,6.704787
0.20989583333333275,4.6715085773030296e-05,0.0032870499417185783,0.0003286759019829333,-0.0009648334817029536,6.704787
0.21041666666666609,4.663889194489457e-05,0.0032883668318390846,0.0003291265747975558,-0.00096507667331025,6.704787
0.21093749999999942,4.6557863242924213e-05,0.003289415966719389,0.00032969785388559103,-0.0009656419279053807,6.704787
0.21145833333333275,4.6440552978310734e-05,0.003290048334747553,0.0003298868250567466,-0.0009658163762651384,6.704787
0.21197916666666608,4.6357792598428205e-05,0.0032907428685575724,0.00033036936656571925,-0.0009664910030551255,6.704787
0.2124999999999994,4.626713416655548e-05,0.003291734028607607,0.0003308208251837641,-0.0009669918799772859,6.704787
0.21302083333333274,4.616600199369714e-05,0.0032927561551332474,0.00033124812762252986,-0.0009675225592218339,6.704787
0.21354166666666607,4.604366040439345e-05,0.003293444635346532,0.0003313645429443568,-0.0009683145326562226,6.704787
0.2140624999999994,4.593213088810444e-05,0.0032946413848549128,0.0003316726943012327,-0.0009685238474048674,6.704787
0.21458333333333274,4.584360431181267e-05,0.0032954225316643715,0.0003322460106573999,-0.0009687917772680521,6.704787
0.21510416666666607,4.575504135573283e-05,0.0032963829580694437,0.00033263349905610085,-0.0009691743762232363,6.704787
0.2156249999999994,4.564743358059786e-05,0.0032973727211356163,0.00033288708073087037,-0.0009694109903648496,6.704787
0.21614583333333273,4.553034159471281e-05,0.003298415569588542,0.0003331836487632245,-0.0009697731584310532,6.704787
0.21666666666666606,4.54204018751625e-05,0.0032991082407534122,0.00033348813303746283,-0.0009700653608888388,6.704787
0.2171874999999994,4.529847137746401e-05,0.003299797885119915,0.0003336771042086184,-0.0009702679817564785,6.704787
0.21770833333333273,4.519771027844399e-05,0.0033008172176778316,0.00033406884176656604,-0.0009706220007501543,6.704787
0.21822916666666606,4.5106255129212514e-05,0.0033015680965036154,0.00033455083030276,-0.0009706298587843776,6.704787
0.2187499999999994,4.49987237516325e-05,0.003302347380667925,0.00033494739909656346,-0.0009706528508104384,6.704787
0.21927083333333272,4.488043487071991e-05,0.0033027061726897955,0.0003349524340592325,-0.0009707689750939608,6.704787
0.21979166666666605,4.477065886021592e-05,0.003303606528788805,0.0003352555213496089,-0.0009710909216664732,6.704787
0.22031249999999938,4.468204497243278e-05,0.0033044491428881884,0.00033582746982574463,-0.0009716239292174578,6.704787
0.22083333333333272,4.457497561816126e-05,0.0033053215593099594,0.00033602144685573876,-0.0009719153167679906,6.704787
0.22135416666666605,4.444768637767993e-05,0.0033060701098293066,0.0003360789851285517,-0.0009725866839289665,6.704787
0.22187499999999938,4.433839785633609e-05,0.0033070591744035482,0.0003362905699759722,-0.0009729681769385934,6.704787
0.2223958333333327,4.4247397454455495e-05,0.0033080466091632843,0.00033638940658420324,-0.0009731427999213338,6.704787
0.22291666666666604,4.412799535202794e-05,0.00330855674110353,0.00033678257022984326,-0.0009732696344144642,6.704787
0.22343749999999937,4.404799619805999e-05,0.0033095155376940966,0.0003370274498593062,-0.0009734981576912105,6.704787
0.2239583333333327,4.396186341182329e-05,0.0033107714261859655,0.0003374462539795786,-0.0009738612570799887,6.704787
0.22447916666666604,4.3850210204254836e-05,0.0033117015846073627,0.00033763382816687226,-0.0009742180700413883,6.704787
0.22499999999999937,4.372631156002171e-05,0.003312238957732916,0.0003376672393642366,-0.000974419352132827,6.704787
0.2255208333333327,4.3627314880723134e-05,0.0033131998497992754,0.0003379398549441248,-0.0009746535797603428,6.704787
0.22604166666666603,4.351943061919883e-05,0.003313919296488166,0.0003381301648914814,-0.0009749415912665427,6.704787
0.22656249999999936,4.3424104660516605e-05,0.0033147293142974377,0.0003381053975317627,-0.000975105504039675,6.704787
0.2270833333333327,4.331613672547974e-05,0.003315569134429097,0.00033817513030953705,-0.0009752777987159789,6.704787
0.22760416666666602,4.3191386794205755e-05,0.0033158077858388424,0.0003381524875294417,-0.0009752128389663994,6.704787
0.22812499999999936,4.309056021156721e-05,0.0033165565691888332,0.00033795248600654304,-0.0009752887417562306,6.704787
0.2286458333333327,4.3000862206099555e-05,0.003317277180030942,0.000338190293405205,-0.0009754316415637732,6.704787
0.22916666666666602,4.289176649763249e-05,0.0033183563500642776,0.00033891122438944876,-0.000975939619820565,6.704787
0.22968749999999935,4.277262632967904e-05,0.00331895356066525,0.0003391276695765555,-0.0009758846135810018,6.704787
0.23020833333333268,4.266588803147897e-05,0.003319911425933242,0.0003394910308998078,-0.0009758919477462769,6.704787
0.230729166666666,4.256751708453521e-05,0.0033212925773113966,0.0003401744179427624,-0.0009769824100658298,6.704787
0.23124999999999934,4.245404852554202e-05,0.0033216853626072407,0.00034018250880762935,-0.0009773927740752697,6.704787
0.23177083333333268,4.236684981151484e-05,0.0033223433420062065,0.0003400710120331496,-0.0009774885838851333,6.704787
0.232291666666666,4.227067984174937e-05,0.0033231559209525585,0.0003406394098419696,-0.0009777876548469067,6.704787
0.23281249999999934,4.214638101984747e-05,0.0033233072608709335,0.0003408558259252459,-0.000977609888650477,6.704787
0.23333333333333267,4.203413845971227e-05,0.0033241177443414927,0.00034101062919944525,-0.0009778408566489816,6.704787
0.233854166666666,4.192843334749341e-05,0.003324807621538639,0.00034137966576963663,-0.0009781282860785723,6.704787
0.23437499999999933,4.1806175431702286e-05,0.003325110301375389,0.00034131802385672927,-0.0009783036075532436,6.704787
0.23489583333333267,4.170465035713278e-05,0.0033261594362556934,0.0003415658138692379,-0.0009786527371034026,6.704787
0.235416666666666,4.1579474782338366e-05,0.003326728008687496,0.0003417554253246635,-0.0009786480804905295,6.704787
0.23593749999999933,4.1471110307611525e-05,0.003327748505398631,0.0003419691347517073,-0.0009789105970412493,6.704787
0.23645833333333266,4.1375802538823336e-05,0.003328230930492282,0.0003421543806325644,-0.000979196047410369,6.704787
0.236979166666666,4.1268714994657785e-05,0.003329279599711299,0.0003425496688578278,-0.0009793139761313796,6.704787
0.23749999999999932,4.1149014577968046e-05,0.0033300253562629223,0.0003426149196457118,-0.000979518867097795,6.704787
0.23802083333333265,4.1040031646844e-05,0.0033308621495962143,0.0003425370960030705,-0.000979274744167924,6.704787
0.23854166666666599,4.093304232810624e-05,0.0033317881170660257,0.0003428080235607922,-0.000979296863079071,6.704787
0.23906249999999932,4.0836741391103715e-05,0.0033326002303510904,0.00034302749554626644,-0.0009795586811378598,6.704787
0.23958333333333265,4.0712940972298384e-05,0.003332836553454399,0.0003429401549510658,-0.0009789435425773263,6.704787
0.24010416666666598,4.060284118168056e-05,0.0033336153719574213,0.0003431368968449533,-0.0009789352770894766,6.704787
0.2406249999999993,4.051339055877179e-05,0.003334453096613288,0.00034317246172577143,-0.000978902098722756,6.704787
0.24114583333333264,4.042080763611011e-05,0.003335260786116123,0.00034317889367230237,-0.0009788930183276534,6.704787
0.24166666666666597,4.031644493807107e-05,0.0033360111992806196,0.0003435747930780053,-0.0009790343465283513,6.704787
0.2421874999999993,4.018830804852769e-05,0.0033362549729645252,0.0003436693223193288,-0.0009791491320356727,6.704787
0.24270833333333264,4.008773612440564e-05,0.0033369732555001974,0.00034343957668170333,-0.0009793691569939256,6.704787
0.24322916666666597,3.996797022409737e-05,0.0033373034093528986,0.00034353401861153543,-0.0009793974459171295,6.704787
0.2437499999999993,3.985726652899757e-05,0.0033381714019924402,0.00034347950713708997,-0.0009797055972740054,6.704787
0.24427083333333263,3.976633888669312e-05,0.0033388067968189716,0.00034384927130304277,-0.0009800242260098457,6.704787
0.24479166666666596,3.966138683608733e-05,0.0033397350925952196,0.0003441225562710315,-0.000980257522314787,6.704787
0.2453124999999993,3.9534454117529094e-05,0.0033400056418031454,0.00034415742265991867,-0.0009802263230085373,6.704787
0.24583333333333263,3.9416205254383385e-05,0.0033406384754925966,0.00034428879735060036,-0.0009804499568417668,6.704787
0.24635416666666596,3.930084494641051e-05,0.003341330448165536,0.0003441739536356181,-0.000980961718596518,6.704787
0.2468749999999993,3.920820017810911e-05,0.0033420477993786335,0.00034414915717206895,-0.0009810110786929727,6.704787
0.24739583333333262,3.908732105628587e-05,0.0033424971625208855,0.00034397406852804124,-0.0009813867509365082,6.704787
0.24791666666666595,3.900827869074419e-05,0.003343397518619895,0.0003443984023761004,-0.0009816152742132545,6.704787
0.24843749999999928,3.890046718879603e-05,0.0033442063722759485,0.0003446185146458447,-0.000981643213890493,6.704787
0.24895833333333262,3.8781287003075704e-05,0.0033451328054070473,0.00034466959186829627,-0.0009820875711739063,6.704787
0.24947916666666595,3.8694011891493574e-05,0.003345971228554845,0.0003446499176789075,-0.0009821985149756074,6.704787
0.24999999999999928,3.8585909351240844e-05,0.003346753306686878,0.00034510341356508434,-0.0009825205197557807,6.704787
0.25052083333333264,3.846217805403285e-05,0.0033470233902335167,0.00034516805317252874,-0.0009825787274166942,6.704787
0.251041666666666,3.834959352388978e-05,0.0033474720548838377,0.00034513964783400297,-0.0009825966553762555,6.704787
0.25156249999999936,3.825841122306883e-05,0.003348222468048334,0.00034541491186246276,-0.0009828231995925307,6.704787
0.2520833333333327,3.816273238044232e-05,0.003348760772496462,0.0003456889244262129,-0.000982502126134932,6.704787
0.2526041666666661,3.804227526416071e-05,0.003349179634824395,0.0003456641861703247,-0.0009825272718444467,6.704787
0.25312499999999943,3.793097130255774e-05,0.003350259503349662,0.0003462710010353476,-0.0009827124886214733,6.704787
0.2536458333333328,3.7821155274286866e-05,0.0033510709181427956,0.0003464853798504919,-0.0009830312337726355,6.704787
0.25416666666666615,3.772776108235121e-05,0.003351912833750248,0.0003466445195954293,-0.000983434496447444,6.704787
0.2546874999999995,3.761858897632919e-05,0.0033526651095598936,0.00034689297899603844,-0.0009838126134127378,6.704787
0.25520833333333287,3.749490133486688e-05,0.003353147068992257,0.0003468689392320812,-0.000983741134405136,6.704787
0.25572916666666623,3.738852683454752e-05,0.0033538949210196733,0.00034731600317172706,-0.0009840362472459674,6.704787
0.2562499999999996,3.727357761817984e-05,0.0033548844512552023,0.0003475651901680976,-0.0009842704748734832,6.704787
0.25677083333333295,3.717980143846944e-05,0.0033556034322828054,0.0003477460122667253,-0.0009844392770901322,6.704787
0.2572916666666663,3.707129508256912e-05,0.0033564751502126455,0.0003479335573501885,-0.0009849625639617443,6.704787
0.25781249999999967,3.695250052260235e-05,0.0033565384801477194,0.00034799956483766437,-0.0009848964400589466,6.704787
0.258333333333333,3.686073614517227e-05,0.0033573166001588106,0.0003478606522548944,-0.000985118094831705,6.704787
0.2588541666666664,3.674909385154024e-05,0.0033580393064767122,0.0003481652238406241,-0.0009854098316282034,6.704787
0.25937499999999974,3.665207259473391e-05,0.0033586707431823015,0.0003483263135422021,-0.0009855179814621806,6.704787
0.2598958333333331,3.654120519058779e-05,0.0033592740073800087,0.0003488286165520549,-0.0009859002893790603,6.704787
0.26041666666666646,3.642082083388232e-05,0.0033595706336200237,0.00034881173633039,-0.0009855445241555572,6.704787
0.2609374999999998,3.630367427831516e-05,0.0033601706381887197,0.0003491940733511001,-0.0009857832919806242,6.704787
0.2614583333333332,3.618567279772833e-05,0.0033611897379159927,0.0003495624987408519,-0.0009860771242529154,6.704787
0.26197916666666654,3.606836617109366e-05,0.0033618819434195757,0.0003496031276881695,-0.0009865077445283532,6.704787
0.2624999999999999,3.5950633900938556e-05,0.0033623031340539455,0.00034975213930010796,-0.0009867375483736396,6.704787
0.26302083333333326,3.5856453905580565e-05,0.0033629366662353277,0.00035011113504879177,-0.000987113337032497,6.704787
0.2635416666666666,3.574543370632455e-05,0.0033640435431152582,0.00035032982123084366,-0.0009872604859992862,6.704787
0.2640625,3.562569327186793e-05,0.0033642540220171213,0.0003505165223032236,-0.000987201347015798,6.704787
0.26458333333333334,3.551461122697219e-05,0.003365390934050083,0.0003506102948449552,-0.0009872006485238671,6.704787
0.2651041666666667,3.542156264302321e-05,0.0033660500776022673,0.0003508645168039948,-0.0009870846988633275,6.704787
0.26562500000000006,3.5297613067086786e-05,0.0033665846567600965,0.0003506602661218494,-0.0009869353380054235,6.704787
0.2661458333333334,3.5238321288488805e-05,0.003367634490132332,0.00035085194394923747,-0.0009868029737845063,6.704787
0.2666666666666668,3.515507705742493e-05,0.003367757424712181,0.0003509413218125701,-0.000986918224953115,6.704787
0.26718750000000013,3.504069536575116e-05,0.0033686854876577854,0.000351101130945608,-0.000987144885584712,6.704787
0.2677083333333335,3.494754491839558e-05,0.003369672456756234,0.00035113596823066473,-0.0009871423244476318,6.704787
0.26822916666666685,3.4837157727451995e-05,0.0033704207744449377,0.0003513872798066586,-0.0009871670044958591,6.704787
0.2687500000000002,3.471328818704933e-05,0.003370807506144047,0.0003511197865009308,-0.0009867504704743624,6.704787
0.26927083333333357,3.4603763197083026e-05,0.0033715569879859686,0.00035125043359585106,-0.0009867725893855095,6.704787
0.26979166666666693,3.449357609497383e-05,0.00337227713316679,0.0003515555872581899,-0.0009869453497231007,6.704787
0.2703125000000003,3.437261693761684e-05,0.0033728154376149178,0.00035182959982194006,-0.0009868321940302849,6.704787
0.27083333333333365,3.42589191859588e-05,0.0033736226614564657,0.00035218725679442286,-0.0009871034417301416,6.704787
0.271354166666667,3.416644540266134e-05,0.003374133724719286,0.0003524604544509202,-0.0009874827228486538,6.704787
0.27187500000000037,3.405288953217678e-05,0.0033746459521353245,0.00035248961648903787,-0.000987711362540722,6.704787
0.2723958333333337,3.393331644474529e-05,0.003374949097633362,0.00035249462234787643,-0.0009882282465696335,6.704787
0.2729166666666671,3.381614078534767e-05,0.0033759952057152987,0.0003527679364196956,-0.0009883466409519315,6.704787
0.27343750000000044,3.372866558493115e-05,0.0033761486411094666,0.0003528303059283644,-0.000988685991615057,6.704787
0.2739583333333338,3.3605945645831525e-05,0.0033765388652682304,0.0003529494861140847,-0.000988774816505611,6.704787
0.27447916666666716,3.352758358232677e-05,0.003377502551302314,0.000353408046066761,-0.0009889472275972366,6.704787
0.2750000000000005,3.345863660797477e-05,0.003377384738996625,0.0003530639805831015,-0.0009889560751616955,6.704787
0.2755208333333339,3.332761116325855e-05,0.003377328161150217,0.000353012204868719,-0.000988856889307499,6.704787
0.27604166666666724,3.32182135025505e-05,0.003378139343112707,0.00035363229108043015,-0.0009892721427604556,6.704787
0.2765625000000006,3.3093063393607736e-05,0.0033788573928177357,0.00035366855445317924,-0.0009897931013256311,6.704787
0.27708333333333396,3.302555705886334e-05,0.003379430389031768,0.00035391843994148076,-0.000989791820757091,6.704787
0.2776041666666673,3.290070526418276e-05,0.0033801516983658075,0.0003542214981280267,-0.00098978984169662,6.704787
0.2781250000000007,3.278634540038183e-05,0.0033806313294917345,0.00035451591247692704,-0.000989994965493679,6.704787
0.27864583333333404,3.269439184805378e-05,0.0033814082853496075,0.00035466928966343403,-0.000990315806120634,6.704787
0.2791666666666674,3.259574805269949e-05,0.0033817398361861706,0.0003549934772308916,-0.0009904917096719146,6.704787
0.27968750000000075,3.249468863941729e-05,0.0033819840755313635,0.0003553466813173145,-0.000990755157545209,6.704787
0.2802083333333341,3.241766899009235e-05,0.0033819840755313635,0.0003553466813173145,-0.000990755157545209,6.704787
0.2807291666666675,3.229913636459969e-05,0.0033820164389908314,0.00035535384085960686,-0.0009907985804602504,6.704787
0.28125000000000083,3.221090082661249e-05,0.0033821978140622377,0.0003553792485035956,-0.0009910855442285538,6.704787
0.2817708333333342,3.2101226679515094e-05,0.0033830376341938972,0.00035571216722019017,-0.0009913485264405608,6.704787
0.28229166666666755,3.198037302354351e-05,0.0033832804765552282,0.0003557165036909282,-0.0009914034744724631,6.704787
0.2828125000000009,3.194005330442451e-05,0.0033835533540695906,0.0003558160678949207,-0.0009914003312587738,6.704787
0.28333333333333427,3.184937304467894e-05,0.0033845114521682262,0.0003559758479241282,-0.0009917498100548983,6.704787
0.28385416666666763,3.1729905458632857e-05,0.0033847808372229338,0.00035598230897448957,-0.0009915967239066958,6.704787
0.284375000000001,3.166470196447335e-05,0.003385353134945035,0.00035640798159874976,-0.0009916189592331648,6.704787
0.28489583333333435,3.156668753945269e-05,0.003386312397196889,0.00035658676642924547,-0.0009921463206410408,6.704787
0.2854166666666677,3.14526550937444e-05,0.003387151751667261,0.00035697349812835455,-0.0009926180355250835,6.704787
0.28593750000000107,3.1334071536548436e-05,0.0033874528016895056,0.000357121869456023,-0.0009927359642460942,6.704787
0.2864583333333344,3.121836198261008e-05,0.0033877219539135695,0.000357355282176286,-0.0009927675127983093,6.704787
0.2869791666666678,3.110417310381308e-05,0.003388412296772003,0.0003573965223040432,-0.0009930788073688745,6.704787
0.28750000000000114,3.101212132605724e-05,0.00338862300850451,0.0003573681169655174,-0.0009930956875905395,6.704787
0.2880208333333345,3.0915820389054716e-05,0.0033888944890350103,0.00035754250711761415,-0.0009932955726981163,6.704787
0.28854166666666786,3.078927329625003e-05,0.0033894344232976437,0.00035764038329944015,-0.000993311987258494,6.704787
0.2890625000000012,3.067078432650305e-05,0.0033896206878125668,0.0003581732453312725,-0.0009935508714988828,6.704787
0.2895833333333346,3.0567534849978983e-05,0.003390008118003607,0.0003579782205633819,-0.0009931523818522692,6.704787
0.29010416666666794,3.045175071747508e-05,0.0033908451441675425,0.0003581861383281648,-0.0009934493573382497,6.704787
0.2906250000000013,3.033559551113285e-05,0.0033918051049113274,0.00035837001632899046,-0.0009937690338119864,6.704787
0.29114583333333466,3.0218332540243864e-05,0.003392372513189912,0.0003585806698538363,-0.0009936782298609614,6.704787
0.291666666666668,3.0102186428848654e-05,0.0033925557509064674,0.0003588516265153885,-0.0009940521558746696,6.704787
0.2921875000000014,2.99937128147576e-05,0.0033930656500160694,0.0003590297419577837,-0.0009943447075784206,6.704787
0.29270833333333474,2.9879374778829515e-05,0.0033940565772354603,0.00035969255259260535,-0.0009946757927536964,6.704787
0.2932291666666681,2.976009091071319e-05,0.003394597675651312,0.00036002037813887,-0.0009949743980541825,6.704787
0.29375000000000145,2.9644275855389424e-05,0.0033951359800994396,0.0003600458148866892,-0.000995170441456139,6.704787
0.2942708333333348,2.9527709557441995e-05,0.0033953480888158083,0.00036014095530845225,-0.0009951979154720902,6.704787
0.2947916666666682,2.9410455681500025e-05,0.003395799081772566,0.0003604695084504783,-0.0009953738190233707,6.704787
0.29531250000000153,2.9302300390554592e-05,0.003396127838641405,0.0003606184618547559,-0.000995580106973648,6.704787
0.2958333333333349,2.918233622040134e-05,0.0033964880276471376,0.0003610903222579509,-0.0009957656729966402,6.704787
0.29635416666666825,2.9099810490151867e-05,0.003397537162527442,0.0003614643937908113,-0.000996026094071567,6.704787
0.2968750000000016,2.9013586754444987e-05,0.0033981006126850843,0.0003608138649724424,-0.000995483249425888,6.704787
0.29739583333333497,2.8966253012185916e-05,0.003399267327040434,0.00036103828460909426,-0.0009955980349332094,6.704787
0.29791666666666833,2.8856735298177227e-05,0.0033997180871665478,0.00036115749389864504,-0.0009957724250853062,6.704787
0.2984375000000017,2.8731697966577485e-05,0.0034001378808170557,0.00036125132464803755,-0.0009958919836208224,6.704787
0.29895833333333505,2.8608443244593218e-05,0.003400620073080063,0.00036145991180092096,-0.0009961200412362814,6.704787
0.2994791666666684,2.8497404855443165e-05,0.003401129972189665,0.00036172743421047926,-0.000996794318780303,6.704787
0.30000000000000177,2.8400019800756127e-05,0.003401548368856311,0.00036175220157019794,-0.0009967907099053264,6.704787
0.3005208333333351,2.829167715390213e-05,0.0034020596649497747,0.0003618111368268728,-0.0009970769751816988,6.704787
0.3010416666666685,2.8177684725960717e-05,0.0034024501219391823,0.0003620749921537936,-0.0009976646397262812,6.704787
0.30156250000000184,2.808164936141111e-05,0.00340271950699389,0.00036230901605449617,-0.0009979007299989462,6.704787
0.3020833333333352,2.7970472729066387e-05,0.0034036505967378616,0.0003627370751928538,-0.0009982830379158258,6.704787
0.30260416666666856,2.785130709526129e-05,0.0034040077589452267,0.00036270933924242854,-0.0009984559146687388,6.704787
0.3031250000000019,2.7764510377892293e-05,0.003404157469049096,0.00036270427517592907,-0.0009984810603782535,6.704787
0.3036458333333353,2.7654712539515458e-05,0.0034046403598040342,0.000363041996024549,-0.00099847256205976,6.704787
0.30416666666666864,2.75327965937322e-05,0.003405151190236211,0.00036322587402537465,-0.000998968374915421,6.704787
0.304687500000002,2.7459420380182564e-05,0.00340488413348794,0.0003631974395830184,-0.00099899061024189,6.704787
0.30520833333333536,2.733701330726035e-05,0.003405571449548006,0.0003631073341239244,-0.000999080017209053,6.704787
0.3057291666666687,2.7223502911510877e-05,0.0034059002064168453,0.00036337829078547657,-0.0009993377607315779,6.704787
0.3062500000000021,2.712913010327611e-05,0.003406319534406066,0.00036346979322843254,-0.0009993333369493484,6.704787
0.30677083333333544,2.7015586965717375e-05,0.0034067975357174873,0.0003635308239609003,-0.0009993265848606825,6.704787
0.3072916666666688,2.6892017558566295e-05,0.0034072482958436012,0.00036358897341415286,-0.0009994127321988344,6.704787
0.30781250000000215,2.6799474653671496e-05,0.0034078448079526424,0.00036347852437756956,-0.0009992922423407435,6.704787
0.3083333333333355,2.670769208634738e-05,0.003408894408494234,0.0003637497720774263,-0.0009996483568102121,6.704787
0.3088541666666689,2.656260403455235e-05,0.0034092541318386793,0.0003638739581219852,-0.0009996466105803847,6.704787
0.30937500000000223,2.6462803361937404e-05,0.003409910947084427,0.00036396272480487823,-0.0009997928282245994,6.704787
0.3098958333333356,2.634226439113263e-05,0.0034099144395440817,0.0003639989299699664,-0.0009998708264902234,6.704787
0.31041666666666895,2.6268171495757997e-05,0.0034101856872439384,0.00036383100086823106,-0.0009995088912546635,6.704787
0.3109375000000023,2.61696277448209e-05,0.0034104830119758844,0.00036368705332279205,-0.0009997434681281447,6.704787
0.31145833333333567,2.60610268014716e-05,0.0034113237634301186,0.00036384747363626957,-0.000999735901132226,6.704787
0.311979166666669,2.594546094769612e-05,0.003411834128201008,0.00036411776090972126,-0.00100005604326725,6.704787
0.3125000000000024,2.578918974904809e-05,0.0034122224897146225,0.0003639788774307817,-0.000999817973934114,6.704787
0.31302083333333575,2.5674624339444563e-05,0.0034128213301301003,0.0003644229145720601,-0.001000024494715035,6.704787
0.3135416666666691,2.5596293198759668e-05,0.0034134830348193645,0.0003645275137387216,-0.001000082935206592,6.704787
0.31406250000000246,2.548450356698595e-05,0.003414051840081811,0.00036459218244999647,-0.001000195392407477,6.704787
0.3145833333333358,2.5364564862684347e-05,0.0034145021345466375,0.0003646313853096217,-0.0010003420757129788,6.704787
0.3151041666666692,2.528601726226043e-05,0.00341537082567811,0.0003648981510195881,-0.0010005759540945292,6.704787
0.31562500000000254,2.5185596314258873e-05,0.0034159121569246054,0.0003652019950095564,-0.0010004827054217458,6.704787
0.3161458333333359,2.507288627384696e-05,0.003416091436520219,0.0003650813887361437,-0.0010008009849116206,6.704787
0.31666666666666926,2.5009170713019557e-05,0.0034161852672696114,0.0003648530109785497,-0.0010007837554439902,6.704787
0.3171875000000026,2.490198312443681e-05,0.0034164837561547756,0.00036488723708316684,-0.0010007566306740046,6.704787
0.317708333333336,2.4794171622488648e-05,0.003417177125811577,0.0003652498417068273,-0.0010007843375205994,6.704787
0.31822916666666934,2.47117604885716e-05,0.003418044652789831,0.00036547062336467206,-0.0010007176315411925,6.704787
0.3187500000000027,2.458852031850256e-05,0.0034180788788944483,0.0003655906184576452,-0.0010008306708186865,6.704787
0.31927083333333606,2.448006307531614e-05,0.0034180455841124058,0.00036541238659992814,-0.0010006765369325876,6.704787
0.3197916666666694,2.4372322513954714e-05,0.0034184064716100693,0.00036544661270454526,-0.0010007680393755436,6.704787
0.3203125000000028,2.426260653010104e-05,0.0034192781895399094,0.00036586957867257297,-0.0010009417310357094,6.704787
0.32083333333333613,2.4138111257343553e-05,0.0034198742359876633,0.0003658715868368745,-0.0010009671095758677,6.704787
0.3213541666666695,2.4048265913734213e-05,0.0034204425755888224,0.00036593564436770976,-0.0010009105317294598,6.704787
0.32187500000000285,2.392595706623979e-05,0.0034208004362881184,0.0003659413196146488,-0.001000934629701078,6.704787
0.3223958333333362,2.385015795880463e-05,0.003421040019020438,0.00036618183366954327,-0.0010007029632106423,6.704787
0.32291666666666957,2.375570693402551e-05,0.003421518485993147,0.0003664818941615522,-0.0010010262485593557,6.704787
0.32343750000000293,2.36315063375514e-05,0.0034218495711684227,0.0003667450218927115,-0.0010011448757722974,6.704787
0.3239583333333363,2.3553360733785667e-05,0.003422328270971775,0.0003669588186312467,-0.0010009753750637174,6.704787
0.32447916666666965,2.3487888029194437e-05,0.003423223039135337,0.00036687575629912317,-0.0010007009841501713,6.704787
0.325000000000003,2.338625017728191e-05,0.0034236435312777758,0.00036694828304462135,-0.0010004565119743347,6.704787
0.32552083333333637,2.3262155082193203e-05,0.0034239108208566904,0.0003668601857498288,-0.0010003044735640287,6.704787
0.3260416666666697,2.3155398594099097e-05,0.0034237054642289877,0.0003671871672850102,-0.0010002442868426442,6.704787
0.3265625000000031,2.3044904082780704e-05,0.0034240009263157845,0.00036699065822176635,-0.0009999729227274656,6.704787
0.32708333333333645,2.2989856006461196e-05,0.003424184862524271,0.0003671999729704112,-0.0010000303154811263,6.704787
0.3276041666666698,2.286156995978672e-05,0.0034247536677867174,0.0003674462204799056,-0.0009999967878684402,6.704787
0.32812500000000316,2.2743024601368234e-05,0.003425413044169545,0.000367454020306468,-0.0010002254275605083,6.704787
0.3286458333333365,2.2649855964118615e-05,0.0034258950036019087,0.00036786688724532723,-0.0010008419631049037,6.704787
0.3291666666666699,2.253846832900308e-05,0.0034260787069797516,0.00036781246308237314,-0.001000980962999165,6.704787
0.32968750000000324,2.241702713945415e-05,0.0034266153816133738,0.00036790117155760527,-0.001000951393507421,6.704787
0.3302083333333366,2.234008934465237e-05,0.0034270959440618753,0.0003682835667859763,-0.0010014204308390617,6.704787
0.33072916666666996,2.223306910309475e-05,0.003427276387810707,0.00036849346361123025,-0.001001448486931622,6.704787
0.3312500000000033,2.2110896679805592e-05,0.00342751806601882,0.0003685828996822238,-0.0010016814339905977,6.704787
0.3317708333333367,2.2060163246351294e-05,0.0034278184175491333,0.0003685093251988292,-0.0010013190330937505,6.704787
0.33229166666667004,2.19288922380656e-05,0.003428567200899124,0.00036865833681076765,-0.0010014371946454048,6.704787
0.3328125000000034,2.182295429520309e-05,0.0034289821051061153,0.0003685718693304807,-0.001001437078230083,6.704787
0.33333333333333676,2.170351035601925e-05,0.0034294622018933296,0.00036883438588120043,-0.0010016204323619604,6.704787
0.3338541666666701,2.158772804250475e-05,0.0034298531245440245,0.0003688742872327566,-0.0010014699073508382,6.704787
0.3343750000000035,2.146307087969035e-05,0.0034301532432436943,0.00036908287438564,-0.0010016746819019318,6.704787
0.33489583333333683,2.1394806026364677e-05,0.003430155571550131,0.00036906093009747565,-0.0010013470891863108,6.704787
0.3354166666666702,2.1267638658173382e-05,0.0034309912007302046,0.00036901075509376824,-0.001001429627649486,6.704787
0.33593750000000355,2.1149160602362826e-05,0.00343150133267045,0.00036931014619767666,-0.0010017206659540534,6.704787
0.3364583333333369,2.1031386495451443e-05,0.0034322841092944145,0.00036955432733520865,-0.0010019815526902676,6.704787
0.33697916666667027,2.091957867378369e-05,0.003432581201195717,0.00036982251913286746,-0.0010018370812758803,6.704787
0.33750000000000363,2.0789311747648753e-05,0.003433029633015394,0.00036982688470743597,-0.0010016337037086487,6.704787
0.338020833333337,2.0696734281955287e-05,0.0034338091500103474,0.00037007039645686746,-0.001001870259642601,6.704787
0.33854166666667035,2.057462370430585e-05,0.0034341097343713045,0.0003701052046380937,-0.001001838012598455,6.704787
0.3390625000000037,2.051655792456586e-05,0.003434291109442711,0.00037002662429586053,-0.0010017125168815255,6.704787
0.33958333333333707,2.0393512386363e-05,0.0034348920453339815,0.0003703006077557802,-0.0010018255561590195,6.704787
0.3401041666666704,2.0278235751902685e-05,0.00343515956774354,0.0003702650428749621,-0.001001851400360465,6.704787
0.3406250000000038,2.0163648514426313e-05,0.0034353991504758596,0.0003702948451973498,-0.0010018500033766031,6.704787
0.34114583333333715,2.0074583517271094e-05,0.0034356671385467052,0.00037024167249910533,-0.001001434400677681,6.704787
0.3416666666666705,1.9953966329921968e-05,0.0034361754078418016,0.0003702162066474557,-0.001001461292617023,6.704787
0.34218750000000386,1.9878447346854955e-05,0.0034364131279289722,0.00037030261592008173,-0.00100139866117388,6.704787
0.3427083333333372,1.9756393157877028e-05,0.003436888800933957,0.00037024804623797536,-0.0010012224083766341,6.704787
0.3432291666666706,1.964631155715324e-05,0.003437068546190858,0.0003706077695824206,-0.0010012564016506076,6.704787
0.34375000000000394,1.9518800399964675e-05,0.003437487641349435,0.00037057726876810193,-0.001001198892481625,6.704787
0.3442708333333373,-0.0001248966291313991,0.0028846573550254107,0.0002939052938017994,-0.000610282935667783,6.704787
0.34479166666667066,-0.001681218040175736,0.0026099788956344128,-0.00017701010801829398,-7.718192500760779e-05,6.704787
0.345312500000004,-0.003049002494663,0.0031024012714624405,-0.0008771467837505043,9.23645420698449e-05,6.704787
0.3458333333333374,-0.004271389450877905,0.004278536885976791,-0.0014954943908378482,0.0002594235702417791,6.704787
0.34635416666667074,-0.005330187734216452,0.0052863797172904015,-0.0020839953795075417,0.0003944125783164054,6.704787
0.3468750000000041,-0.006243507377803326,0.006207610014826059,-0.0026303259655833244,0.0005022889235988259,6.704787
0.34739583333333746,-0.007026707753539085,0.0070479754358530045,-0.003137356834486127,0.0005868456210009754,6.704787
0.3479166666666708,-0.00769351702183485,0.007811836898326874,-0.0036051522474735975,0.0006507448269985616,6.704787
0.3484375000000042,-0.008261340670287609,0.008315278217196465,-0.004039879888296127,0.0007069373968988657,6.704787
0.34895833333333753,-0.008736644871532917,0.008746856823563576,-0.004440029617398977,0.0007438795873895288,6.704787
0.3494791666666709,-0.009129194542765617,0.00926459301263094,-0.004800587892532349,0.0007625000434927642,6.704787
0.35000000000000425,-0.009449082426726818,0.009712393395602703,-0.0051171365194022655,0.0007677933317609131,6.704787
0.3505208333333376,-0.009703834541141987,0.010110205970704556,-0.005395717453211546,0.0007603388512507081,6.704787
0.35104166666667097,-0.009900948032736778,0.01046315860003233,-0.005638155620545149,0.0007437723688781261,6.704787
0.35156250000000433,-0.010046925395727158,0.010781511664390564,-0.005844861268997192,0.0007183285197243094,6.704787
0.3520833333333377,-0.010147716850042343,0.011059170588850975,-0.006014494225382805,0.0006860311259515584,6.704787
0.35260416666667105,-0.010208708234131336,0.011302408762276173,-0.0061432793736457825,0.0006460635340772569,6.704787
0.3531250000000044,-0.010234799236059189,0.011507902294397354,-0.006227683741599321,0.0006013707024976611,6.704787
0.35364583333333777,-0.01023644208908081,0.011653211899101734,-0.006255404558032751,0.0005470907781273127,6.704787
0.3541666666666711,-0.01023066882044077,0.011788660660386086,-0.0062423585914075375,0.0004739733412861824,6.704787
0.3546875000000045,-0.01022175420075655,0.011917040683329105,-0.0062316665425896645,0.0003913620312232524,6.704787
0.35520833333333784,-0.010210076346993446,0.012046118266880512,-0.006226915400475264,0.00030600177706219256,6.704787
0.3557291666666712,-0.01019615400582552,0.012178788892924786,-0.006225951481610537,0.00022147121489979327,6.704787
0.35625000000000456,-0.010180632583796978,0.012314734980463982,-0.006226797588169575,0.0001369742094539106,6.704787
0.3567708333333379,-0.010163565166294575,0.012446572072803974,-0.00623254245147109,5.30465658812318e-05,6.704787
0.3572916666666713,-0.010216583497822285,0.012542976066470146,-0.006229186896234751,-9.188745025312528e-05,6.704787
0.35781250000000464,-0.010236473754048347,0.012681438587605953,-0.0062485262751579285,-0.00021564823691733181,6.704787
0.358333333333338,-0.010236479341983795,0.012793635949492455,-0.006255093030631542,-0.0002948127512354404,6.704787
0.35885416666667136,-0.010230174288153648,0.012910179793834686,-0.0062417625449597836,-0.0003723541449289769,6.704787
0.3593750000000047,-0.010221322998404503,0.013021339662373066,-0.006229633931070566,-0.0004526591510511935,6.704787
0.3598958333333381,-0.010210255160927773,0.01312421914190054,-0.006222078111022711,-0.000533049984369427,6.704787
0.36041666666667144,-0.010197386145591736,0.013230424374341965,-0.006218812894076109,-0.000612756353802979,6.704787
0.3609375000000048,-0.010183226317167282,0.013337980024516582,-0.006215602159500122,-0.0006892019300721586,6.704787
0.36145833333333816,-0.010167782194912434,0.013441002927720547,-0.006213967688381672,-0.0007650792831555009,6.704787
0.3619791666666715,-0.010151078924536705,0.013539585284888744,-0.006215393077582121,-0.0008378007332794368,6.704787
0.3625000000000049,-0.010133438743650913,0.01363581046462059,-0.00621933164075017,-0.0009079511510208249,6.704787
0.36302083333333823,-0.010114924982190132,0.013729823753237724,-0.006225584074854851,-0.0009758589440025389,6.704787
0.3635416666666716,-0.01009565033018589,0.013821250759065151,-0.006234478671103716,-0.0010420532198622823,6.704787
0.36406250000000495,-0.01007552444934845,0.0139079000800848,-0.006243897136300802,-0.0011058448581025004,6.704787
0.3645833333333383,-0.010054764337837696,0.013991697691380978,-0.006255425978451967,-0.001167720532976091,6.704787
0.36510416666667167,-0.010033630765974522,0.014073397032916546,-0.006267211865633726,-0.0012287570862099528,6.704787
0.36562500000000503,-0.010011687874794006,0.014149320311844349,-0.006279566790908575,-0.0012880525318905711,6.704787
0.3661458333333384,-0.009989321231842041,0.01422381866723299,-0.006292275618761778,-0.0013445308431982994,6.704787
0.36666666666667175,-0.009966567158699036,0.014297209680080414,-0.006305409595370293,-0.001400380628183484,6.704787
0.3671875000000051,-0.009943464770913124,0.014365578070282936,-0.006318633910268545,-0.0014560436829924583,6.704787
0.36770833333333847,-0.009919974021613598,0.014431522227823734,-0.006331226322799921,-0.0015084950719028711,6.704787
0.3682291666666718,-0.0098961740732193,0.01449623517692089,-0.006344171240925789,-0.0015600343467667699,6.704787
0.3687500000000052,-0.009872039780020714,0.014557095244526863,-0.006357237230986357,-0.0016093332087621093,6.704787
0.36927083333333854,-0.009847709909081459,0.014615515246987343,-0.0063699474558234215,-0.0016572896856814623,6.704787
0.3697916666666719,-0.00982317328453064,0.014670813456177711,-0.006382753141224384,-0.0017040794482454658,6.704787
0.37031250000000526,-0.00979852955788374,0.014725200831890106,-0.006395550444722176,-0.0017489396268501878,6.704787
0.3708333333333386,-0.009773741476237774,0.014776152558624744,-0.006408230401575565,-0.0017925784923136234,6.704787
0.371354166666672,-0.009748751297593117,0.014825276099145412,-0.006420827936381102,-0.0018353796331211925,6.704787
0.37187500000000534,-0.009723860770463943,0.014872468076646328,-0.006432597991079092,-0.0018763949628919363,6.704787
0.3723958333333387,-0.009698828682303429,0.014916098676621914,-0.006444459315389395,-0.0019163885153830051,6.704787
0.37291666666667206,-0.009673722088336945,0.014959261752665043,-0.006455827504396439,-0.0019557031337171793,6.704787
0.3734375000000054,-0.009648759849369526,0.01499980315566063,-0.006466810125857592,-0.0019931059796363115,6.704787
0.3739583333333388,-0.00962373148649931,0.015037119388580322,-0.006477427668869495,-0.002028946066275239,6.704787
0.37447916666667214,-0.009598624892532825,0.015073825605213642,-0.006487788632512093,-0.0020644443575292826,6.704787
0.3750000000000055,-0.009573807939887047,0.015109464526176453,-0.0064977314323186874,-0.0020982420537620783,6.704787
0.37552083333333885,-0.009548761881887913,0.015139859169721603,-0.006507751997560263,-0.0021313868928700686,6.704787
0.3760416666666722,-0.009524136781692505,0.015172724612057209,-0.006516819819808006,-0.0021634751465171576,6.704787
0.3765625000000056,-0.009499353356659412,0.01520258467644453,-0.0065256766974925995,-0.0021955466363579035,6.704787
0.37708333333333893,-0.00947487447410822,0.015230664052069187,-0.006533597130328417,-0.0022255368530750275,6.704787
0.3776041666666723,-0.009450563229620457,0.01525676716119051,-0.006541648879647255,-0.0022549869026988745,6.704787
0.37812500000000565,-0.009426326490938663,0.015282252803444862,-0.006549361627548933,-0.002283330075442791,6.704787
0.378645833333339,-0.009402456693351269,0.015305246226489544,-0.0065566133707761765,-0.0023113947827368975,6.704787
0.37916666666667237,-0.009378534741699696,0.015326354652643204,-0.00656334450468421,-0.002337988931685686,6.704787
0.37968750000000573,-0.009354937821626663,0.015346094034612179,-0.0065694511868059635,-0.0023645584005862474,6.704787
0.3802083333333391,-0.009331503883004189,0.015364430844783783,-0.0065751452930271626,-0.0023896549828350544,6.704787
0.38072916666667245,-0.009308461099863052,0.015382436104118824,-0.006579643115401268,-0.0024141070898622274,6.704787
0.3812500000000058,-0.009285606443881989,0.015398870222270489,-0.00658446317538619,-0.002438531955704093,6.704787
0.38177083333333917,-0.009262893348932266,0.015413268469274044,-0.006588723044842482,-0.0024618245661258698,6.704787
0.3822916666666725,-0.009240591898560524,0.015427323058247566,-0.006592549849301577,-0.002484086435288191,6.704787
0.3828125000000059,-0.009218534454703331,0.015440011397004128,-0.006595917046070099,-0.0025058011524379253,6.704787
0.38333333333333924,-0.009196625091135502,0.015450766310095787,-0.006598013453185558,-0.0025272732600569725,6.704787
0.3838541666666726,-0.009175239130854607,0.015461745671927929,-0.006600085645914078,-0.0025479344185441732,6.704787
0.38437500000000596,-0.009154011495411396,0.01547173410654068,-0.006601473316550255,-0.0025671988260000944,6.704787
0.3848958333333393,-0.009133105166256428,0.015479574911296368,-0.00660208985209465,-0.002587101887911558,6.704787
0.3854166666666727,-0.009112690575420856,0.015487299300730228,-0.006601005792617798,-0.0026069513987749815,6.704787
0.38593750000000604,-0.00909243430942297,0.01549544744193554,-0.006599841173738241,-0.0026256812270730734,6.704787
0.3864583333333394,-0.00907256081700325,0.015501409769058228,-0.006597722414880991,-0.002643804531544447,6.704787
0.38697916666667276,-0.009053098037838936,0.015506011433899403,-0.006594791077077389,-0.0026624377351254225,6.704787
0.3875000000000061,-0.009033902548253536,0.015510695055127144,-0.006590803619474173,-0.002680176170542836,6.704787
0.3880208333333395,-0.009014997631311417,0.015514262020587921,-0.006585797760635614,-0.002698210533708334,6.704787
0.38854166666667284,-0.008996629156172276,0.015516437590122223,-0.0065797967836260796,-0.0027149685192853212,6.704787
0.3890625000000062,-0.0089784050360322,0.01551672164350748,-0.006573099177330732,-0.0027318650390952826,6.704787
0.38958333333333955,-0.008960707113146782,0.01551806554198265,-0.006564686540514231,-0.002748747356235981,6.704787
0.3901041666666729,-0.00894350279122591,0.01551829930394888,-0.006555196829140186,-0.002765075769275427,6.704787
0.3906250000000063,-0.008926454000175,0.015516200102865696,-0.006545342039316893,-0.0027818616945296526,6.704787
0.39114583333333963,-0.008909839205443859,0.015514509752392769,-0.006534462329000235,-0.0027982774190604687,6.704787
0.391666666666673,-0.008893615566194057,0.01551362220197916,-0.00652218097820878,-0.0028138551861047745,6.704787
0.39218750000000635,-0.008877728134393692,0.015510214492678642,-0.006510056555271149,-0.0028301032725721598,6.704787
0.3927083333333397,-0.008862231858074665,0.015507289208471775,-0.0064970143139362335,-0.0028460633475333452,6.704787
0.39322916666667307,-0.008847169578075409,0.015504652634263039,-0.006483418866991997,-0.0028615312185138464,6.704787
0.39375000000000643,-0.008832337334752083,0.015500630252063274,-0.006469530984759331,-0.00287669082172215,6.704787
0.3942708333333398,-0.008818181231617928,0.015496729873120785,-0.006455875467509031,-0.0028927333187311888,6.704787
0.39479166666667315,-0.008804143406450748,0.015492110513150692,-0.006442736368626356,-0.0029077755752950907,6.704787
0.3953125000000065,-0.008790573105216026,0.015486539341509342,-0.006429572589695454,-0.002922802697867155,6.704787
0.39583333333333987,-0.008777312934398651,0.015482383780181408,-0.006416550371795893,-0.002937620971351862,6.704787
0.3963541666666732,-0.00876456405967474,0.015477524138987064,-0.00640461128205061,-0.002951491391286254,6.704787
0.3968750000000066,-0.008752078749239445,0.015473845414817333,-0.006393965799361467,-0.0029658700805157423,6.704787
0.39739583333333994,-0.008740061894059181,0.015468616038560867,-0.0063844057731330395,-0.0029791384004056454,6.704787
0.3979166666666733,-0.008728452026844025,0.015465234406292439,-0.006375344470143318,-0.0029923163820058107,6.704787
0.39843750000000666,-0.008717267774045467,0.015463173389434814,-0.006367979571223259,-0.0030052599031478167,6.704787
0.39895833333334,-0.008706413209438324,0.015459981746971607,-0.006362499203532934,-0.0030185645446181297,6.704787
0.3994791666666734,-0.008695933036506176,0.015457943081855774,-0.00635867565870285,-0.0030308507848531008,6.704787
0.40000000000000674,-0.008685817010700703,0.01545611210167408,-0.006356954108923674,-0.0030424303840845823,6.704787
0.4005208333333401,-0.008676201105117798,0.015454032458364964,-0.006356509868055582,-0.003053652821108699,6.704787
0.40104166666667346,-0.008666960522532463,0.015453857369720936,-0.006357066798955202,-0.003064200049266219,6.704787
0.4015625000000068,-0.008658170700073242,0.015453789383172989,-0.006359146907925606,-0.0030746166594326496,6.704787
0.4020833333333402,-0.00864970963448286,0.015453211031854153,-0.006362709682434797,-0.003083994844928384,6.704787
0.40260416666667354,-0.008641512133181095,0.015454230830073357,-0.00636717863380909,-0.003092513419687748,6.704787
0.4031250000000069,-0.008633957244455814,0.015453963540494442,-0.006371013354510069,-0.0031024471390992403,6.704787
0.40364583333334025,-0.008626536466181278,0.015454295091331005,-0.0063751256093382835,-0.0031114472076296806,6.704787
0.4041666666666736,-0.008619540371000767,0.015454651787877083,-0.006379073951393366,-0.003121510148048401,6.704787
0.40468750000000697,-0.008612883277237415,0.015454723499715328,-0.0063828774727880955,-0.0031314336229115725,6.704787
0.40520833333334033,-0.008606662042438984,0.015453825704753399,-0.006385900545865297,-0.0031407943461090326,6.704787
0.4057291666666737,-0.008600768633186817,0.015452348627150059,-0.006388844456523657,-0.003150195349007845,6.704787
0.40625000000000705,-0.008595136925578117,0.015452795661985874,-0.006391637492924929,-0.0031587204430252314,6.704787
0.4067708333333404,-0.008589891716837883,0.015451253391802311,-0.006392939481884241,-0.003167556831613183,6.704787
0.40729166666667377,-0.008584980852901936,0.015450059436261654,-0.00639439607039094,-0.0031765587627887726,6.704787
0.4078125000000071,-0.008580388501286507,0.015448939055204391,-0.006395118776708841,-0.003185733687132597,6.704787
0.4083333333333405,-0.008576113730669022,0.015448009595274925,-0.006395299918949604,-0.0031930608674883842,6.704787
0.40885416666667385,-0.008572343736886978,0.015446803532540798,-0.006394803058356047,-0.0032009058631956577,6.704787
0.4093750000000072,-0.008568770252168179,0.015444610267877579,-0.006393937394022942,-0.003208756446838379,6.704787
0.40989583333334056,-0.008565397001802921,0.015443852171301842,-0.006392933428287506,-0.003216572804376483,6.704787
0.4104166666666739,-0.008562499657273293,0.015442868694663048,-0.006392071954905987,-0.0032222375739365816,6.704787
0.4109375000000073,-0.008559850975871086,0.015439500100910664,-0.006390642374753952,-0.003228620393201709,6.704787
0.41145833333334064,-0.008557647466659546,0.015436791814863682,-0.006388565059751272,-0.003235128242522478,6.704787
0.411979166666674,-0.008555645123124123,0.015435464680194855,-0.006386849097907543,-0.0032411084976047277,6.704787
0.41250000000000736,-0.008553813211619854,0.015435542911291122,-0.006385307293385267,-0.003247104585170746,6.704787
0.4130208333333407,-0.008552259765565395,0.015433844178915024,-0.006383832078427076,-0.003252025693655014,6.704787
0.4135416666666741,-0.008551063016057014,0.015432956628501415,-0.006381646730005741,-0.0032566760201007128,6.704787
0.41406250000000744,-0.008550023660063744,0.015432697720825672,-0.006379666738212109,-0.003260611556470394,6.704787
0.4145833333333408,-0.008549127727746964,0.015432311221957207,-0.00637816870585084,-0.0032644709572196007,6.704787
0.41510416666667416,-0.008548668585717678,0.015435926616191864,-0.00637629022821784,-0.00326841720379889,6.704787
0.4156250000000075,-0.008548448793590069,0.015440077520906925,-0.006374844815582037,-0.0032721387688070536,6.704787
0.4161458333333409,-0.008548288606107235,0.015444820746779442,-0.006373087875545025,-0.0032743767369538546,6.704787
0.41666666666667423,-0.008548022247850895,0.015448100864887238,-0.00637204572558403,-0.0032766484655439854,6.704787
0.4171875000000076,-0.0085478276014328,0.015451323240995407,-0.006371070630848408,-0.0032798764295876026,6.704787
0.41770833333334095,-0.008547649718821049,0.015455121174454689,-0.006369760725647211,-0.003283401485532522,6.704787
0.4182291666666743,-0.008547426201403141,0.015458144247531891,-0.0063688610680401325,-0.0032866785768419504,6.704787
0.41875000000000767,-0.008547228761017323,0.01546180248260498,-0.00636754697188735,-0.0032889724243432283,6.704787
0.41927083333334103,-0.008546915836632252,0.015463701449334621,-0.006366878282278776,-0.003292023902758956,6.704787
0.4197916666666744,-0.008546723984181881,0.015467786230146885,-0.006365662906318903,-0.0032953128684312105,6.704787
0.42031250000000775,-0.008546479977667332,0.015470820479094982,-0.006364376284182072,-0.0032983303535729647,6.704787
0.4208333333333411,-0.008546222932636738,0.015473585575819016,-0.006363075226545334,-0.0033014430664479733,6.704787
0.42135416666667447,-0.008545998483896255,0.015476739034056664,-0.0063615464605391026,-0.003305391175672412,6.704787
0.4218750000000078,-0.00854573491960764,0.015479588881134987,-0.00636060256510973,-0.003308694576844573,6.704787
0.4223958333333412,-0.008545522578060627,0.015483077615499496,-0.006359592080116272,-0.003311809850856662,6.704787
0.42291666666667455,-0.008545263670384884,0.015486148186028004,-0.006358731538057327,-0.003314156085252762,6.704787
0.4234375000000079,-0.008545002900063992,0.015488602221012115,-0.006357565987855196,-0.0033184245694428682,6.704787
0.42395833333334126,-0.00854477658867836,0.015491882339119911,-0.006356127560138702,-0.003321393858641386,6.704787
0.4244791666666746,-0.008544554002583027,0.015495351515710354,-0.006355066318064928,-0.0033236269373446703,6.704787
0.425000000000008,-0.008544296957552433,0.015498297289013863,-0.006353733595460653,-0.003325684228911996,6.704787
0.42552083333334134,-0.008544026874005795,0.015500681474804878,-0.006352728698402643,-0.0033280677162110806,6.704787
0.4260416666666747,-0.008543823845684528,0.015504270792007446,-0.006351016461849213,-0.003330751322209835,6.704787
0.42656250000000806,-0.008543577045202255,0.015507422387599945,-0.006349516101181507,-0.0033339986111968756,6.704787
0.4270833333333414,-0.008543270640075207,0.015509302727878094,-0.006348577328026295,-0.0033360798843204975,6.704787
0.4276041666666748,-0.008543062955141068,0.015513043850660324,-0.0063475193455815315,-0.003338378854095936,6.704787
0.42812500000000814,-0.008542785421013832,0.015515257604420185,-0.006345869041979313,-0.00334081775508821,6.704787
0.4286458333333415,-0.008542604744434357,0.015518761239945889,-0.0063444930128753185,-0.003343180287629366,6.704787
0.42916666666667486,-0.008542376570403576,0.015521802008152008,-0.0063430797308683395,-0.0033455267548561096,6.704787
0.4296875000000082,-0.008542066439986229,0.015523867681622505,-0.006342172157019377,-0.003348227823153138,6.704787
0.4302083333333416,-0.008541814982891083,0.015527105890214443,-0.006340838503092527,-0.00335152680054307,6.704787
0.43072916666667493,-0.008541591465473175,0.015530123375356197,-0.006339644081890583,-0.0033540637232363224,6.704787
0.4312500000000083,-0.008541353978216648,0.01553304959088564,-0.00633870717138052,-0.0033557910937815905,6.704787
0.43177083333334165,-0.008541134186089039,0.015536388382315636,-0.006337492261081934,-0.0033583592157810926,6.704787
0.432291666666675,-0.008540884591639042,0.015539371408522129,-0.006336170248687267,-0.003360750386491418,6.704787
0.43281250000000837,-0.00854063592851162,0.015542425215244293,-0.006335179787129164,-0.0033635946456342936,6.704787
0.43333333333334173,-0.008540414273738861,0.015545486472547054,-0.0063343713991343975,-0.0033659201581031084,6.704787
0.4338541666666751,-0.008540160022675991,0.015548131428658962,-0.00633308244869113,-0.0033687243703752756,6.704787
0.43437500000000845,-0.008539878763258457,0.015550374053418636,-0.006331689190119505,-0.003371384460479021,6.704787
0.4348958333333418,-0.008539645001292229,0.015553328208625317,-0.006330861710011959,-0.003373917192220688,6.704787
0.43541666666667517,-0.00853935070335865,0.015555041842162609,-0.0063302102498710155,-0.0033769707661122084,6.704787
0.4359375000000085,-0.008539145812392235,0.015558659099042416,-0.006328532472252846,-0.003379435045644641,6.704787
0.4364583333333419,-0.00853885430842638,0.015560567378997803,-0.0063276574946939945,-0.00338214379735291,6.704787
0.43697916666667524,-0.008538607507944107,0.015563443303108215,-0.006326863542199135,-0.003384701907634735,6.704787
0.4375000000000086,-0.008538372814655304,0.01556619256734848,-0.00632608262822032,-0.0033868318423628807,6.704787
0.43802083333334196,-0.008538121357560158,0.01556946337223053,-0.006324957590550184,-0.0033892523497343063,6.704787
0.4385416666666753,-0.00853781495243311,0.015571333467960358,-0.006323836278170347,-0.0033915634267032146,6.704787
0.4390625000000087,-0.008537596091628075,0.015574516728520393,-0.0063225021585822105,-0.0033938621636480093,6.704787
0.43958333333334204,-0.008537308312952518,0.0155766187235713,-0.006321476772427559,-0.0033958368003368378,6.704787
0.4401041666666754,-0.0085370521992445,0.015579384751617908,-0.006320098880678415,-0.00339867384172976,6.704787
0.44062500000000876,-0.00853679422289133,0.01558208093047142,-0.006318658124655485,-0.003400371642783284,6.704787
0.4411458333333421,-0.008536480367183685,0.015583780594170094,-0.006317504681646824,-0.0034017437137663364,6.704787
0.4416666666666755,-0.008536242879927158,0.015586874447762966,-0.006316692102700472,-0.003403688548132777,6.704787
0.44218750000000884,-0.008535944856703281,0.015589100308716297,-0.0063149151392281055,-0.0034049861133098602,6.704787
0.4427083333333422,-0.008535683155059814,0.015591624192893505,-0.006314061116427183,-0.0034061605110764503,6.704787
0.44322916666667556,-0.008535371161997318,0.015593851916491985,-0.0063132853247225285,-0.0034081332851201296,6.704787
0.4437500000000089,-0.008535098284482956,0.015596339479088783,-0.006311780773103237,-0.0034093675203621387,6.704787
0.4442708333333423,-0.008534852415323257,0.015598674304783344,-0.006310465279966593,-0.003410827135667205,6.704787
0.44479166666667563,-0.00853460468351841,0.015601464547216892,-0.006309306249022484,-0.003413095837458968,6.704787
0.445312500000009,-0.008534298278391361,0.015603390522301197,-0.006308217067271471,-0.0034158688504248857,6.704787
0.44583333333334235,-0.008533989079296589,0.015604890882968903,-0.006307323928922415,-0.003417964791879058,6.704787
0.4463541666666757,-0.008533774875104427,0.015607933513820171,-0.006305936723947525,-0.0034199885558336973,6.704787
0.44687500000000907,-0.008533505722880363,0.015609926544129848,-0.006304500158876181,-0.003422676818445325,6.704787
0.44739583333334243,-0.008533268235623837,0.015612633898854256,-0.0063034226186573505,-0.0034244994167238474,6.704787
0.4479166666666758,-0.008532995358109474,0.01561532262712717,-0.006302781403064728,-0.0034256395883858204,6.704787
0.44843750000000915,-0.008532701060175896,0.015617179684340954,-0.0063011967577040195,-0.003426730167120695,6.704787
0.4489583333333425,-0.008532474748790264,0.015620296820998192,-0.0063000875525176525,-0.0034281390253454447,6.704787
0.44947916666667587,-0.008532201871275902,0.015622689388692379,-0.006298632826656103,-0.0034295653458684683,6.704787
0.4500000000000092,-0.00853195320814848,0.015625575557351112,-0.00629773922264576,-0.003431771881878376,6.704787
0.4505208333333426,-0.00853163842111826,0.01562742330133915,-0.006296729203313589,-0.003433286678045988,6.704787
0.45104166666667594,-0.008531380444765091,0.015629736706614494,-0.006294983439147472,-0.003435256890952587,6.704787
0.4515625000000093,-0.008531153202056885,0.015632688999176025,-0.00629364512860775,-0.003437854116782546,6.704787
0.45208333333334266,-0.008530844002962112,0.015634413808584213,-0.006292773876339197,-0.003439943538978696,6.704787
0.452604166666676,-0.00853054877370596,0.015636559575796127,-0.006291618570685387,-0.0034421191085129976,6.704787
0.4531250000000094,-0.00853025633841753,0.015638720244169235,-0.006290010642260313,-0.0034427661448717117,6.704787
0.45364583333334274,-0.008530001156032085,0.01564148999750614,-0.006289046723395586,-0.0034445663914084435,6.704787
0.4541666666666761,-0.008529710583388805,0.015643540769815445,-0.006287897005677223,-0.0034455552231520414,6.704787
0.45468750000000946,-0.008529473096132278,0.015646200627088547,-0.00628671795129776,-0.0034476679284125566,6.704787
0.4552083333333428,-0.00852920114994049,0.015648294240236282,-0.006285541225224733,-0.0034491275437176228,6.704787
0.4557291666666762,-0.00852891243994236,0.015650272369384766,-0.006284184288233519,-0.003450812306255102,6.704787
0.45625000000000954,-0.008528629317879677,0.015652533620595932,-0.006283271592110395,-0.003452871460467577,6.704787
0.4567708333333429,-0.008528283797204494,0.015653815120458603,-0.006281719543039799,-0.003454439342021942,6.704787
0.45729166666667626,-0.008528012782335281,0.015656299889087677,-0.006280385423451662,-0.003456349950283766,6.704787
0.4578125000000096,-0.008527716621756554,0.015658650547266006,-0.006279247812926769,-0.003457289654761553,6.704787
0.458333333333343,-0.00852738507091999,0.015660060569643974,-0.006278135348111391,-0.0034580794163048267,6.704787
0.45885416666667633,-0.008527143858373165,0.015662744641304016,-0.006276795174926519,-0.0034603350795805454,6.704787
0.4593750000000097,-0.008526788093149662,0.01566428132355213,-0.006275927182286978,-0.003462492022663355,6.704787
0.45989583333334305,-0.008526499383151531,0.015666481107473373,-0.0062748827040195465,-0.003464683424681425,6.704787
0.4604166666666764,-0.008526211604475975,0.015668384730815887,-0.006273893639445305,-0.0034667339641600847,6.704787
0.46093750000000977,-0.008525929413735867,0.01567061059176922,-0.006272608879953623,-0.0034679092932492495,6.704787
0.46145833333334313,-0.008525625802576542,0.015672830864787102,-0.006271710153669119,-0.0034695244394242764,6.704787
0.4619791666666765,-0.008525289595127106,0.015674421563744545,-0.006270510610193014,-0.003470768453553319,6.704787
0.46250000000000985,-0.008524988777935505,0.01567619852721691,-0.0062692901119589806,-0.003471254836767912,6.704787
0.4630208333333432,-0.008524743840098381,0.01567910984158516,-0.006267930846661329,-0.003473249264061451,6.704787
0.46354166666667657,-0.008524421602487564,0.015680555254220963,-0.00626711267977953,-0.003475446719676256,6.704787
0.4640625000000099,-0.00852411612868309,0.01568191684782505,-0.006265584845095873,-0.003476381301879883,6.704787
0.4645833333333433,-0.008523921482264996,0.01568455435335636,-0.006263877265155315,-0.003478183876723051,6.704787
0.46510416666667664,-0.008523616008460522,0.015686767175793648,-0.006263253279030323,-0.003479510312899947,6.704787
0.46562500000001,-0.008523168042302132,0.015686528757214546,-0.0062619773671031,-0.00348103535361588,6.704787
0.46614583333334336,-0.008522947318851948,0.015689685940742493,-0.006260916590690613,-0.003482813946902752,6.704787
0.4666666666666767,-0.008522570133209229,0.01569080539047718,-0.006259949412196875,-0.0034847434144467115,6.704787
0.4671875000000101,-0.008522303774952888,0.015693554654717445,-0.006259042304009199,-0.0034870419185608625,6.704787
0.46770833333334344,-0.008521992713212967,0.015695057809352875,-0.006257580127567053,-0.003488372778519988,6.704787
0.4682291666666768,-0.00852176733314991,0.0156979002058506,-0.006256341002881527,-0.0034892980474978685,6.704787
0.46875000000001016,-0.008521443232893944,0.015699176117777824,-0.006255007348954678,-0.00349060189910233,6.704787
0.4692708333333435,-0.008521207608282566,0.015702081844210625,-0.006253660190850496,-0.003492167918011546,6.704787
0.4697916666666769,-0.008520875126123428,0.015703612938523293,-0.006252629216760397,-0.0034935942385345697,6.704787
0.47031250000001024,-0.008520637638866901,0.015706131234765053,-0.006251925602555275,-0.003495502285659313,6.704787
0.4708333333333436,-0.008520293049514294,0.015707464888691902,-0.006250633392482996,-0.0034969644621014595,6.704787
0.47135416666667695,-0.008520044386386871,0.015709765255451202,-0.006249184254556894,-0.0034971560817211866,6.704787
0.4718750000000103,-0.008519751951098442,0.015711763873696327,-0.006247897632420063,-0.003499013604596257,6.704787
0.4723958333333437,-0.008519412949681282,0.01571354828774929,-0.006247205194085836,-0.0035015649627894163,6.704787
0.47291666666667703,-0.008519136346876621,0.01571563258767128,-0.0062455181032419205,-0.0035034818574786186,6.704787
0.4734375000000104,-0.008518804796040058,0.01571730338037014,-0.006244662217795849,-0.0035040995571762323,6.704787
0.47395833333334375,-0.008518566377460957,0.01571992225944996,-0.006243073847144842,-0.0035049233119934797,6.704787
0.4744791666666771,-0.008518210612237453,0.015721332281827927,-0.006242202594876289,-0.003506758250296116,6.704787
0.47500000000001047,-0.00851789303123951,0.01572338119149208,-0.0062406789511442184,-0.0035079275257885456,6.704787
0.47552083333334383,-0.008517581038177013,0.015725312754511833,-0.006239390466362238,-0.0035088099539279938,6.704787
0.4760416666666772,-0.008517257869243622,0.015726732090115547,-0.006237789522856474,-0.0035095098428428173,6.704787
0.47656250000001055,-0.008516963571310043,0.015728525817394257,-0.006236403714865446,-0.0035101929679512978,6.704787
0.4770833333333439,-0.008516642265021801,0.01573057658970356,-0.0062355403788387775,-0.0035109517630189657,6.704787
0.47760416666667727,-0.008516297675669193,0.015731792896986008,-0.0062342151068151,-0.003511911490932107,6.704787
0.4781250000000106,-0.008516007103025913,0.015733471140265465,-0.006232888903468847,-0.003513029310852289,6.704787
0.478645833333344,-0.008515680208802223,0.01573510840535164,-0.006231439765542746,-0.0035142984706908464,6.704787
0.47916666666667734,-0.008515349589288235,0.015736835077404976,-0.006229929160326719,-0.0035144276916980743,6.704787
0.4796875000000107,-0.008515022695064545,0.015738358721137047,-0.006228442769497633,-0.003515467280521989,6.704787
0.48020833333334406,-0.008514710702002048,0.015739962458610535,-0.006227097474038601,-0.003516742028295994,6.704787
0.4807291666666774,-0.008514386601746082,0.015741858631372452,-0.00622586952522397,-0.0035181629937142134,6.704787
0.4812500000000108,-0.008514037355780602,0.015743158757686615,-0.006224373355507851,-0.003519816091284156,6.704787
0.48177083333334414,-0.008513733744621277,0.01574525609612465,-0.0062233502976596355,-0.003520701779052615,6.704787
0.4822916666666775,-0.008513377979397774,0.01574704982340336,-0.006222238764166832,-0.003522489219903946,6.704787
0.48281250000001086,-0.008513013832271099,0.01574861630797386,-0.006220847833901644,-0.0035226140171289444,6.704787
0.4833333333333442,-0.008512663654983044,0.015749739482998848,-0.006219827104359865,-0.003524631028994918,6.704787
0.4838541666666776,-0.008512312546372414,0.015750950202345848,-0.006217879708856344,-0.003525284118950367,6.704787
0.48437500000001094,-0.008511981926858425,0.015752512961626053,-0.006216391455382109,-0.003526207758113742,6.704787
0.4848958333333443,-0.008511590771377087,0.01575358398258686,-0.006215124856680632,-0.0035275088157504797,6.704787
0.48541666666667765,-0.008511227555572987,0.015754684805870056,-0.006214178167283535,-0.0035285449121147394,6.704787
0.485937500000011,-0.008510871790349483,0.015756163746118546,-0.006212178617715836,-0.0035290666855871677,6.704787
0.4864583333333444,-0.008510510437190533,0.015757275745272636,-0.00621065404266119,-0.003529987996444106,6.704787
0.48697916666667773,-0.008510159328579903,0.015759136527776718,-0.006209677550941706,-0.0035309772938489914,6.704787
0.4875000000000111,-0.008509761653840542,0.015760084614157677,-0.006208282895386219,-0.0035304040648043156,6.704787
0.48802083333334445,-0.008509412407875061,0.015761638060212135,-0.00620655994862318,-0.0035311784595251083,6.704787
0.4885416666666778,-0.008509032428264618,0.015762919560074806,-0.006205514073371887,-0.003532454837113619,6.704787
0.48906250000001117,-0.008508662693202496,0.015764126554131508,-0.006204075179994106,-0.0035321894101798534,6.704787
0.48958333333334453,-0.008508277125656605,0.01576503925025463,-0.006202740594744682,-0.0035334001295268536,6.704787
0.4901041666666779,-0.008507894352078438,0.015766948461532593,-0.006201636977493763,-0.003534706775099039,6.704787
0.49062500000001125,-0.008507496677339077,0.01576818898320198,-0.006200501695275307,-0.0035353098064661026,6.704787
0.4911458333333446,-0.008507275022566319,0.01576731726527214,-0.006201030220836401,-0.0035381570924073458,6.704787
0.49166666666667797,-0.008506896905601025,0.01576671563088894,-0.006200737785547972,-0.0035391016863286495,6.704787
0.4921875000000113,-0.008506404235959053,0.01576419360935688,-0.006200859323143959,-0.003540975973010063,6.704787
0.4927083333333447,-0.008505883626639843,0.015761075541377068,-0.006200922187417746,-0.0035419142805039883,6.704787
0.49322916666667804,-0.008505288511514664,0.015758026391267776,-0.006199587136507034,-0.003542770631611347,6.704787
0.4937500000000114,-0.008504643104970455,0.015754854306578636,-0.00619821110740304,-0.003542275633662939,6.704787
0.49427083333334476,-0.008503955788910389,0.015751153230667114,-0.006196627393364906,-0.0035431731957942247,6.704787
0.4947916666666781,-0.008503247983753681,0.015747414901852608,-0.006195359397679567,-0.003543638624250889,6.704787
0.4953125000000115,-0.008502566255629063,0.015744097530841827,-0.006194049492478371,-0.0035443813540041447,6.704787
0.49583333333334484,-0.008501912467181683,0.015740910544991493,-0.0061926101334393024,-0.0035438097547739744,6.704787
0.4963541666666782,-0.00850154273211956,0.015742102637887,-0.006191257853060961,-0.00354394712485373,6.704787
0.49687500000001156,-0.008501451462507248,0.015747182071208954,-0.006189948413521051,-0.00354653038084507,6.704787
0.4973958333333449,-0.008501119911670685,0.015749527141451836,-0.006188425701111555,-0.003546969499439001,6.704787
0.4979166666666783,-0.008500820025801659,0.015752794221043587,-0.006186905782669783,-0.003547210246324539,6.704787
0.49843750000001164,-0.008500305004417896,0.015750613063573837,-0.006186154671013355,-0.0035471541341394186,6.704787
0.498958333333345,-0.008499812334775925,0.015748977661132812,-0.006184995174407959,-0.0035477837081998587,6.704787
0.49947916666667835,-0.008499475196003914,0.015750722959637642,-0.006183523219078779,-0.0035479015205055475,6.704787
0.5000000000000117,-0.008499180898070335,0.015752235427498817,-0.006182377226650715,-0.003548526903614402,6.704787
0.500520833333345,-0.008498829789459705,0.015753161162137985,-0.00618129875510931,-0.003549781860783696,6.704787
0.5010416666666783,-0.008498404175043106,0.015753023326396942,-0.00618019001558423,-0.0035505411215126514,6.704787
0.5015625000000116,-0.008498081006109715,0.015754275023937225,-0.006178433075547218,-0.0035513686016201973,6.704787
0.5020833333333449,-0.008497737348079681,0.015754982829093933,-0.006176694296300411,-0.003552571637555957,6.704787
0.5026041666666782,-0.008497350849211216,0.015755552798509598,-0.006175301503390074,-0.0035532924812287092,6.704787
0.5031250000000115,-0.008496967144310474,0.01575586386024952,-0.006173924542963505,-0.0035547330044209957,6.704787
0.5036458333333448,-0.008496587164700031,0.015756910666823387,-0.0061731161549687386,-0.00355531251989305,6.704787
0.5041666666666781,-0.008496221154928207,0.01575772650539875,-0.00617167167365551,-0.003556001465767622,6.704787
0.5046875000000114,-0.008495851419866085,0.015758339315652847,-0.006170724052935839,-0.003556460840627551,6.704787
0.5052083333333447,-0.008495506830513477,0.015759391710162163,-0.006169258616864681,-0.003557444317266345,6.704787
0.505729166666678,-0.008495137095451355,0.01576000265777111,-0.006167905405163765,-0.003558120224624872,6.704787
0.5062500000000113,-0.008494734764099121,0.015759948641061783,-0.006166532170027494,-0.003559721168130636,6.704787
0.5067708333333446,-0.008494368754327297,0.015760762616991997,-0.006164743565022945,-0.003559948643669486,6.704787
0.5072916666666779,-0.008493992500007153,0.015761220827698708,-0.006163312122225761,-0.0035599663387984037,6.704787
0.5078125000000112,-0.008493629284203053,0.015762299299240112,-0.006162204779684544,-0.003561022924259305,6.704787
0.5083333333333445,-0.00849323533475399,0.01576237753033638,-0.006160586141049862,-0.0035617875400930643,6.704787
0.5088541666666778,-0.008492881432175636,0.015763452276587486,-0.006159353069961071,-0.0035621558781713247,6.704787
0.5093750000000111,-0.008492477238178253,0.015763362869620323,-0.00615788996219635,-0.0035630641505122185,6.704787
0.5098958333333444,-0.008492120541632175,0.01576477475464344,-0.006156848277896643,-0.0035640664864331484,6.704787
0.5104166666666777,-0.008491713553667068,0.015765249729156494,-0.006155555602163076,-0.0035645170137286186,6.704787
0.510937500000011,-0.008491326123476028,0.015765486285090446,-0.006154514849185944,-0.0035651770886033773,6.704787
0.5114583333333443,-0.008490967564284801,0.015766825526952744,-0.0061533572152256966,-0.0035662397276610136,6.704787
0.5119791666666776,-0.008490575477480888,0.0157671719789505,-0.006151984445750713,-0.003566563129425049,6.704787
0.512500000000011,-0.008490180596709251,0.015767866745591164,-0.00615073274821043,-0.0035673363599926233,6.704787
0.5130208333333443,-0.008489795960485935,0.015768473967909813,-0.006149555556476116,-0.0035679934080690145,6.704787
0.5135416666666776,-0.008489400148391724,0.015768781304359436,-0.006148295942693949,-0.003568664425984025,6.704787
0.5140625000000109,-0.008489017374813557,0.015769731253385544,-0.006147049367427826,-0.0035686988849192858,6.704787
0.5145833333333442,-0.008488629944622517,0.015769828110933304,-0.006145583465695381,-0.0035694504622370005,6.704787
0.5151041666666775,-0.008488214574754238,0.015769775956869125,-0.006144397426396608,-0.0035700153093785048,6.704787
0.5156250000000108,-0.008487832732498646,0.015770243480801582,-0.006142932455986738,-0.0035708053037524223,6.704787
0.5161458333333441,-0.008487420156598091,0.01577058434486389,-0.006141480524092913,-0.003571784356608987,6.704787
0.5166666666666774,-0.00848702434450388,0.01577102020382881,-0.006140397861599922,-0.003572339192032814,6.704787
0.5171875000000107,-0.008486605249345303,0.015771275386214256,-0.006139529403299093,-0.0035730968229472637,6.704787
0.517708333333344,-0.008486234582960606,0.015772221609950066,-0.006138212978839874,-0.003574254224076867,6.704787
0.5182291666666773,-0.008485873229801655,0.015773175284266472,-0.006137228105217218,-0.003575399052351713,6.704787
0.5187500000000106,-0.008485465310513973,0.015772921964526176,-0.0061354986391961575,-0.0035752449184656143,6.704787
0.5192708333333439,-0.008485044352710247,0.015773123130202293,-0.006134589668363333,-0.003575956914573908,6.704787
0.5197916666666772,-0.008484629914164543,0.01577315852046013,-0.006133255548775196,-0.0035758977755904198,6.704787
0.5203125000000105,-0.0084841875359416,0.01577330194413662,-0.006132020149379969,-0.0035755981225520372,6.704787
0.5208333333333438,-0.008483794517815113,0.015774106606841087,-0.0061307805590331554,-0.0035755184944719076,6.704787
0.5213541666666771,-0.008483394049108028,0.015774408355355263,-0.006129316054284573,-0.0035753881093114614,6.704787
0.5218750000000104,-0.008483000099658966,0.0157748032361269,-0.006128022447228432,-0.0035764381755143404,6.704787
0.5223958333333437,-0.008482586592435837,0.015775203704833984,-0.006126703228801489,-0.003577076131477952,6.704787
0.522916666666677,-0.008482148870825768,0.01577511802315712,-0.006125685293227434,-0.0035774451680481434,6.704787
0.5234375000000103,-0.008481747470796108,0.015775760635733604,-0.006124452222138643,-0.00357798021286726,6.704787
0.5239583333333436,-0.008481370285153389,0.015776505693793297,-0.006122947670519352,-0.0035778500605374575,6.704787
0.5244791666666769,-0.0084809809923172,0.01577652245759964,-0.006121219135820866,-0.0035784307401627302,6.704787
0.5250000000000102,-0.008480573073029518,0.015776721760630608,-0.006119937635958195,-0.00357992690987885,6.704787
0.5255208333333435,-0.008480139076709747,0.015776338055729866,-0.006118380930274725,-0.0035811245907098055,6.704787
0.5260416666666768,-0.008479706943035126,0.015776390209794044,-0.006117211654782295,-0.0035820554476231337,6.704787
0.5265625000000101,-0.008479260839521885,0.01577642373740673,-0.00611614715307951,-0.0035818254109472036,6.704787
0.5270833333333435,-0.008478847332298756,0.015776492655277252,-0.006114641670137644,-0.003581881057471037,6.704787
0.5276041666666768,-0.008478431962430477,0.01577637530863285,-0.006112636998295784,-0.003581784665584564,6.704787
0.5281250000000101,-0.008478029631078243,0.015776827931404114,-0.006111653055995703,-0.0035833031870424747,6.704787
0.5286458333333434,-0.008477620780467987,0.0157769862562418,-0.006110611837357283,-0.0035833781585097313,6.704787
0.5291666666666767,-0.00847717933356762,0.0157767403870821,-0.006109472829848528,-0.0035825492814183235,6.704787
0.52968750000001,-0.008476733230054379,0.015776194632053375,-0.0061075882986187935,-0.003582143224775791,6.704787
0.5302083333333433,-0.008476343005895615,0.015776701271533966,-0.006106127984821796,-0.003583049401640892,6.704787
0.5307291666666766,-0.008475911803543568,0.01577618159353733,-0.006104563362896442,-0.0035836556926369667,6.704787
0.5312500000000099,-0.008475465700030327,0.015775904059410095,-0.0061034467071294785,-0.0035830994602292776,6.704787
0.5317708333333432,-0.008475047536194324,0.015776583924889565,-0.006102008279412985,-0.003582707606256008,6.704787
0.5322916666666765,-0.008474614471197128,0.015776624903082848,-0.006100916303694248,-0.0035827152896672487,6.704787
0.5328125000000098,-0.008474167436361313,0.015776267275214195,-0.006099648308008909,-0.0035828854888677597,6.704787
0.5333333333333431,-0.008473741821944714,0.015776261687278748,-0.006097838282585144,-0.0035830240231007338,6.704787
0.5338541666666764,-0.008473311550915241,0.015776604413986206,-0.006096639204770327,-0.0035832978319376707,6.704787
0.5343750000000097,-0.008472852408885956,0.015775948762893677,-0.006095599383115768,-0.0035840400960296392,6.704787
0.534895833333343,-0.008472423069179058,0.015776656568050385,-0.006094374228268862,-0.003583821700885892,6.704787
0.5354166666666763,-0.008471974171698093,0.015776248648762703,-0.006092833820730448,-0.003584153950214386,6.704787
0.5359375000000096,-0.008471541106700897,0.015776501968503,-0.006091269198805094,-0.0035844878293573856,6.704787
0.5364583333333429,-0.008471116423606873,0.015776755288243294,-0.006090046837925911,-0.0035848342813551426,6.704787
0.5369791666666762,-0.008470661006867886,0.015775742009282112,-0.006088303402066231,-0.0035849567502737045,6.704787
0.5375000000000095,-0.0084702018648386,0.015775494277477264,-0.006087156943976879,-0.0035847185645252466,6.704787
0.5380208333333428,-0.00846977811306715,0.015775766223669052,-0.006085541564971209,-0.003586327424272895,6.704787
0.5385416666666761,-0.008469312451779842,0.01577487401664257,-0.006083796266466379,-0.0035870454739779234,6.704787
0.5390625000000094,-0.00846891663968563,0.015775714069604874,-0.006082351319491863,-0.003587862476706505,6.704787
0.5395833333333427,-0.00846847053617239,0.015775172039866447,-0.00608108751475811,-0.0035887546837329865,6.704787
0.540104166666676,-0.008467995561659336,0.015774616971611977,-0.0060797384940087795,-0.0035884634125977755,6.704787
0.5406250000000093,-0.008467539213597775,0.015774408355355263,-0.006078450009226799,-0.003588805440813303,6.704787
0.5411458333333427,-0.008467099629342556,0.015774453058838844,-0.0060767908580601215,-0.0035891702864319086,6.704787
0.541666666666676,-0.008466657251119614,0.01577432081103325,-0.006075647193938494,-0.003590304171666503,6.704787
0.5421875000000093,-0.008466199971735477,0.01577446423470974,-0.00607409980148077,-0.0035906049888581038,6.704787
0.5427083333333426,-0.008465721271932125,0.015773877501487732,-0.00607269024476409,-0.0035911279264837503,6.704787
0.5432291666666759,-0.008465254679322243,0.0157737098634243,-0.006071354262530804,-0.003592100227251649,6.704787
0.5437500000000092,-0.00846481416374445,0.015773912891745567,-0.006070015486329794,-0.003593183821067214,6.704787
0.5442708333333425,-0.008464360609650612,0.015773944556713104,-0.006068553309887648,-0.003593539586290717,6.704787
0.5447916666666758,-0.008463878184556961,0.015773236751556396,-0.006067298818379641,-0.003593071596696973,6.704787
0.5453125000000091,-0.00846343394368887,0.015773404389619827,-0.0060665421187877655,-0.0035937242209911346,6.704787
0.5458333333333424,-0.008462966419756413,0.015773214399814606,-0.00606478052213788,-0.003593493951484561,6.704787
0.5463541666666757,-0.008462483994662762,0.01577257178723812,-0.006063578184694052,-0.0035938501823693514,6.704787
0.546875000000009,-0.008462024852633476,0.01577213779091835,-0.006062308792024851,-0.00359342060983181,6.704787
0.5473958333333423,-0.0084615433588624,0.01577148586511612,-0.006060810759663582,-0.003592991502955556,6.704787
0.5479166666666756,-0.008461114950478077,0.015771888196468353,-0.0060598840937018394,-0.0035926266573369503,6.704787
0.5484375000000089,-0.00846062321215868,0.01577097177505493,-0.0060584815219044685,-0.0035928499419242144,6.704787
0.5489583333333422,-0.008460168726742268,0.015770697966217995,-0.006056597921997309,-0.0035924273543059826,6.704787
0.5494791666666755,-0.008459658361971378,0.015769924968481064,-0.006055478472262621,-0.003592455992475152,6.704787
0.5500000000000088,-0.008459173142910004,0.01576962135732174,-0.006053869146853685,-0.003592897905036807,6.704787
0.5505208333333421,-0.008458717726171017,0.015769679099321365,-0.006052505690604448,-0.0035935104824602604,6.704787
0.5510416666666754,-0.008458244614303112,0.015769021585583687,-0.006051020696759224,-0.0035930569283664227,6.704787
0.5515625000000087,-0.008457771502435207,0.01576852798461914,-0.006049571558833122,-0.003592385444790125,6.704787
0.552083333333342,-0.008457307703793049,0.01576804555952549,-0.006048473995178938,-0.0035918059293180704,6.704787
0.5526041666666753,-0.008456826210021973,0.015767257660627365,-0.006047026254236698,-0.003590377513319254,6.704787
0.5531250000000086,-0.008456327952444553,0.015766499564051628,-0.006045632995665073,-0.0035897674970328808,6.704787
0.5536458333333419,-0.008455849252641201,0.015766087919473648,-0.006043900735676289,-0.003589439671486616,6.704787
0.5541666666666752,-0.00845537893474102,0.01576601341366768,-0.0060425084084272385,-0.0035892059095203876,6.704787
0.5546875000000085,-0.008454883471131325,0.015765318647027016,-0.0060413917526602745,-0.003588601714000106,6.704787
0.5552083333333419,-0.008454393595457077,0.015764957293868065,-0.006040140520781279,-0.0035888231359422207,6.704787
0.5557291666666752,-0.008453902788460255,0.015764372423291206,-0.006038488354533911,-0.0035881029907613993,6.704787
0.5562500000000085,-0.00845341943204403,0.015764137730002403,-0.006037293002009392,-0.0035880852956324816,6.704787
0.5567708333333418,-0.008452934212982655,0.01576364040374756,-0.00603591138496995,-0.00358817121013999,6.704787
0.5572916666666751,-0.008452428504824638,0.01576339267194271,-0.006034580059349537,-0.0035879253409802914,6.704787
0.5578125000000084,-0.008451923727989197,0.0157623291015625,-0.006033025216311216,-0.003587631508708,6.704787
0.5583333333333417,-0.008451420813798904,0.015761371701955795,-0.006031481083482504,-0.0035878545604646206,6.704787
0.558854166666675,-0.008450951427221298,0.015761379152536392,-0.00602971063926816,-0.003587341634556651,6.704787
0.5593750000000083,-0.008450450375676155,0.015760473906993866,-0.006027979776263237,-0.0035861264914274216,6.704787
0.5598958333333416,-0.008449953980743885,0.015759872272610664,-0.006026572082191706,-0.0035847185645252466,6.704787
0.5604166666666749,-0.008449447341263294,0.015758883208036423,-0.006024569738656282,-0.0035847399849444628,6.704787
0.5609375000000082,-0.008448950946331024,0.01575828716158867,-0.0060231625102460384,-0.0035857560578733683,6.704787
0.5614583333333415,-0.008448434062302113,0.015757601708173752,-0.006022341549396515,-0.0035858415067195892,6.704787
0.5619791666666748,-0.008447940461337566,0.015757150948047638,-0.00602118531242013,-0.0035859320778399706,6.704787
0.5625000000000081,-0.008447458036243916,0.015756787732243538,-0.006019953638315201,-0.003585338592529297,6.704787
0.5630208333333414,-0.008446936495602131,0.015755902975797653,-0.006018735468387604,-0.003585409838706255,6.704787
0.5635416666666747,-0.008446413092315197,0.015755051746964455,-0.006017692852765322,-0.0035848997067660093,6.704787
0.564062500000008,-0.00844587478786707,0.015753859654068947,-0.00601610355079174,-0.003584709018468857,6.704787
0.5645833333333413,-0.008445359766483307,0.015753284096717834,-0.006014771293848753,-0.0035856026224792004,6.704787
0.5651041666666746,-0.008444858714938164,0.01575242541730404,-0.006013155914843082,-0.003584811696782708,6.704787
0.5656250000000079,-0.008444373495876789,0.01575200818479061,-0.006011405028402805,-0.003585430793464184,6.704787
0.5661458333333412,-0.008443867787718773,0.01575140468776226,-0.0060098073445260525,-0.0035852203145623207,6.704787
0.5666666666666745,-0.008443299680948257,0.01574956625699997,-0.006008160766214132,-0.0035846875980496407,6.704787
0.5671875000000078,-0.008442791178822517,0.01574910804629326,-0.006006706040352583,-0.003584283869713545,6.704787
0.5677083333333411,-0.008442272432148457,0.015748223289847374,-0.006005702540278435,-0.0035845283418893814,6.704787
0.5682291666666744,-0.008441789075732231,0.01574823074042797,-0.006004242226481438,-0.0035838261246681213,6.704787
0.5687500000000077,-0.00844127219170332,0.015747541561722755,-0.006002827547490597,-0.0035837204195559025,6.704787
0.569270833333341,-0.008440694771707058,0.015745973214507103,-0.00600142776966095,-0.0035844261292368174,6.704787
0.5697916666666744,-0.008440172299742699,0.01574515365064144,-0.00599972577765584,-0.003583411453291774,6.704787
0.5703125000000077,-0.00843962375074625,0.015743844211101532,-0.005997884552925825,-0.003583926474675536,6.704787
0.570833333333341,-0.008439101278781891,0.015743335708975792,-0.0059962025843560696,-0.0035835111048072577,6.704787
0.5713541666666743,-0.008438569493591785,0.015742503106594086,-0.005994888953864574,-0.0035827397368848324,6.704787
0.5718750000000076,-0.008438065648078918,0.015742188319563866,-0.005993242375552654,-0.0035828310064971447,6.704787
0.5723958333333409,-0.008437523618340492,0.01574126072227955,-0.005991579499095678,-0.0035837143659591675,6.704787
0.5729166666666742,-0.008436993695795536,0.01574077270925045,-0.005990279372781515,-0.0035833935253322124,6.704787
0.5734375000000075,-0.008436421863734722,0.01573936454951763,-0.005989136639982462,-0.003583228215575218,6.704787
0.5739583333333408,-0.008435869589447975,0.015738338232040405,-0.005987519398331642,-0.0035823206417262554,6.704787
0.5744791666666741,-0.008435356430709362,0.015738079324364662,-0.00598538015037775,-0.003581772791221738,6.704787
0.5750000000000074,-0.008434816263616085,0.015737300738692284,-0.0059843771159648895,-0.0035818491596728563,6.704787
0.5755208333333407,-0.008434263989329338,0.015736423432826996,-0.005982671398669481,-0.0035823427606374025,6.704787
0.576041666666674,-0.008433702401816845,0.015734881162643433,-0.0059810820966959,-0.003581685945391655,6.704787
0.5765625000000073,-0.008433148264884949,0.015733471140265465,-0.005979387555271387,-0.003581204218789935,6.704787
0.5770833333333406,-0.008432572707533836,0.015732785686850548,-0.005977335851639509,-0.0035810968838632107,6.704787
0.5776041666666739,-0.00843198411166668,0.01573123224079609,-0.00597571674734354,-0.003580715274438262,6.704787
0.5781250000000072,-0.008431380614638329,0.015729906037449837,-0.005974180065095425,-0.003580819582566619,6.704787
0.5786458333333405,-0.008430802263319492,0.015729060396552086,-0.005972576327621937,-0.0035803162027150393,6.704787
0.5791666666666738,-0.00843027327209711,0.015728581696748734,-0.005970838945358992,-0.0035797131713479757,6.704787
0.5796875000000071,-0.008429660461843014,0.015726543962955475,-0.005969227757304907,-0.0035793310962617397,6.704787
0.5802083333333404,-0.008429065346717834,0.015725355595350266,-0.00596732459962368,-0.0035791639238595963,6.704787
0.5807291666666737,-0.008428491652011871,0.015724098309874535,-0.005965851247310638,-0.0035778917372226715,6.704787
0.581250000000007,-0.008427897468209267,0.01572272926568985,-0.005964461714029312,-0.003578109899535775,6.704787
0.5817708333333403,-0.00842729676514864,0.01572193205356598,-0.005962944123893976,-0.0035773739218711853,6.704787
0.5822916666666736,-0.008426670916378498,0.015720639377832413,-0.0059617566876113415,-0.003576879156753421,6.704787
0.582812500000007,-0.008426067419350147,0.015718868002295494,-0.005960349924862385,-0.0035762987099587917,6.704787
0.5833333333333403,-0.008425482548773289,0.015718158334493637,-0.005958579480648041,-0.003576389979571104,6.704787
0.5838541666666736,-0.008424904197454453,0.015717409551143646,-0.005956893786787987,-0.003575860755518079,6.704787
0.5843750000000069,-0.008424298837780952,0.015716012567281723,-0.0059551093727350235,-0.003575894283130765,6.704787
0.5848958333333402,-0.008423675782978535,0.01571439951658249,-0.005953573156148195,-0.0035746924113482237,6.704787
0.5854166666666735,-0.008423077873885632,0.015713250264525414,-0.005952342413365841,-0.003574308007955551,6.704787
0.5859375000000068,-0.008422444574534893,0.015712182968854904,-0.005950759164988995,-0.0035738195292651653,6.704787
0.5864583333333401,-0.008421857841312885,0.015711063519120216,-0.00594934169203043,-0.003573343390598893,6.704787
0.5869791666666734,-0.00842124130576849,0.015709474682807922,-0.005947426427155733,-0.0035729159135371447,6.704787
0.5875000000000067,-0.008420644327998161,0.01570824347436428,-0.00594542408362031,-0.003573222318664193,6.704787
0.58802083333334,-0.008420035243034363,0.01570700854063034,-0.005943643860518932,-0.0035737850703299046,6.704787
0.5885416666666733,-0.008419397287070751,0.015704847872257233,-0.005942055489867926,-0.0035738609731197357,6.704787
0.5890625000000066,-0.00841878168284893,0.01570344716310501,-0.005940109957009554,-0.003573471447452903,6.704787
0.5895833333333399,-0.008418159559369087,0.01570211723446846,-0.00593869062140584,-0.0035728472284972668,6.704787
0.5901041666666732,-0.00841753650456667,0.015700476244091988,-0.005937547888606787,-0.0035733534023165703,6.704787
0.5906250000000065,-0.008416924625635147,0.015699248760938644,-0.005936054978519678,-0.003573279595002532,6.704787
0.5911458333333398,-0.008416290394961834,0.01569793000817299,-0.0059343427419662476,-0.0035732456017285585,6.704787
0.5916666666666731,-0.008415653370320797,0.01569635048508644,-0.005932813975960016,-0.003572372253984213,6.704787
0.5921875000000064,-0.008415024727582932,0.015694983303546906,-0.005931413732469082,-0.003572152927517891,6.704787
0.5927083333333397,-0.008414396084845066,0.015693549066781998,-0.005929690320044756,-0.003572228364646435,6.704787
0.593229166666673,-0.008413751609623432,0.01569196581840515,-0.0059281294234097,-0.0035719461739063263,6.704787
0.5937500000000063,-0.008413143455982208,0.015690959990024567,-0.0059265014715492725,-0.003570827655494213,6.704787
0.5942708333333396,-0.008412498049438,0.015689674764871597,-0.005924802273511887,-0.0035700188018381596,6.704787
0.5947916666666729,-0.008411852642893791,0.015688274055719376,-0.005923272110521793,-0.003570012515410781,6.704787
0.5953125000000062,-0.008411207236349583,0.015686534345149994,-0.005921275820583105,-0.0035700213629752398,6.704787
0.5958333333333395,-0.008410557173192501,0.015685202553868294,-0.005919597577303648,-0.0035696658305823803,6.704787
0.5963541666666728,-0.008409920148551464,0.015683496370911598,-0.0059180548414587975,-0.00356931216083467,6.704787
0.5968750000000062,-0.00840928964316845,0.015682263299822807,-0.005916443653404713,-0.0035688194911926985,6.704787
0.5973958333333395,-0.008408627472817898,0.015680743381381035,-0.005914601963013411,-0.0035685598850250244,6.704787
0.5979166666666728,-0.008407960645854473,0.015678972005844116,-0.00591284641996026,-0.0035685249604284763,6.704787
0.5984375000000061,-0.008407310582697392,0.01567736826837063,-0.005911277607083321,-0.0035678092390298843,6.704787
0.5989583333333394,-0.008406664244830608,0.015675747767090797,-0.005909513682126999,-0.003567173844203353,6.704787
0.5994791666666727,-0.008406016044318676,0.0156745333224535,-0.0059074461460113525,-0.00356723228469491,6.704787
0.600000000000006,-0.008405366912484169,0.01567307487130165,-0.0059059117920696735,-0.0035665426403284073,6.704787
0.6005208333333393,-0.0084046870470047,0.015670711174607277,-0.005903672426939011,-0.0035670131910592318,6.704787
0.6010416666666726,-0.008404013700783253,0.015668882057070732,-0.005901865195482969,-0.0035673845559358597,6.704787
0.6015625000000059,-0.008403358981013298,0.01566726341843605,-0.005900030490010977,-0.0035671358928084373,6.704787
0.6020833333333392,-0.008402679115533829,0.015665823593735695,-0.0058980598114430904,-0.003567341947928071,6.704787
0.6026041666666725,-0.008402018807828426,0.0156642384827137,-0.005896463058888912,-0.0035665996838361025,6.704787
0.6031250000000058,-0.008401356637477875,0.015662409365177155,-0.005894630216062069,-0.0035658804699778557,6.704787
0.6036458333333391,-0.008400710299611092,0.01566057838499546,-0.005893095396459103,-0.0035668122582137585,6.704787
0.6041666666666724,-0.008400038816034794,0.015658946707844734,-0.0058914110995829105,-0.003566538216546178,6.704787
0.6046875000000057,-0.008399362675845623,0.0156573299318552,-0.005889579653739929,-0.0035670646466314793,6.704787
0.605208333333339,-0.00839866790920496,0.01565556786954403,-0.005888012237846851,-0.003566514700651169,6.704787
0.6057291666666723,-0.00839798804372549,0.01565372757613659,-0.005886058788746595,-0.003565761959180236,6.704787
0.6062500000000056,-0.008397283032536507,0.015651604160666466,-0.005884546786546707,-0.003564112586900592,6.704787
0.6067708333333389,-0.008396589197218418,0.015650074928998947,-0.005882381461560726,-0.003562801517546177,6.704787
0.6072916666666722,-0.008395912125706673,0.015648450702428818,-0.0058811381459236145,-0.0035628038458526134,6.704787
0.6078125000000055,-0.008395224809646606,0.01564653590321541,-0.005879759322851896,-0.003563141915947199,6.704787
0.6083333333333388,-0.00839452724903822,0.015644391998648643,-0.005877861753106117,-0.003563519800081849,6.704787
0.6088541666666721,-0.008393834345042706,0.015643075108528137,-0.005876351147890091,-0.003563791513442993,6.704787
0.6093750000000054,-0.00839313119649887,0.015641022473573685,-0.005874613765627146,-0.0035632902290672064,6.704787
0.6098958333333387,-0.008392424322664738,0.01563906855881214,-0.0058730365708470345,-0.003563149832189083,6.704787
0.610416666666672,-0.008391724899411201,0.01563749462366104,-0.0058714719489216805,-0.003562171244993806,6.704787
0.6109375000000054,-0.008391004987061024,0.015635520219802856,-0.005869586020708084,-0.0035606573801487684,6.704787
0.6114583333333387,-0.008390300907194614,0.015633385628461838,-0.005867233034223318,-0.003559994511306286,6.704787
0.611979166666672,-0.008389596827328205,0.015632104128599167,-0.005866095889359713,-0.003559536300599575,6.704787
0.6125000000000053,-0.008388902992010117,0.015630165114998817,-0.005864364095032215,-0.0035596410743892193,6.704787
0.6130208333333386,-0.008388147689402103,0.015628226101398468,-0.005862755700945854,-0.0035592857748270035,6.704787
0.6135416666666719,-0.008387434296309948,0.01562633365392685,-0.0058610569685697556,-0.003558492986485362,6.704787
0.6140625000000052,-0.008386737667024136,0.015624509193003178,-0.005859383847564459,-0.003557866672053933,6.704787
0.6145833333333385,-0.008385981433093548,0.015622331760823727,-0.005858162418007851,-0.003557843854650855,6.704787
0.6151041666666718,-0.008385267108678818,0.015620510093867779,-0.005856681615114212,-0.0035578582901507616,6.704787
0.6156250000000051,-0.00838453695178032,0.01561890821903944,-0.0058549558743834496,-0.0035578052047640085,6.704787
0.6161458333333384,-0.008383805863559246,0.015617200173437595,-0.005853153765201569,-0.003556866431608796,6.704787
0.6166666666666717,-0.008383055217564106,0.01561470702290535,-0.0058515905402600765,-0.0035568703897297382,6.704787
0.617187500000005,-0.008382285013794899,0.015612378716468811,-0.005849145818501711,-0.0035562149714678526,6.704787
0.6177083333333383,-0.008381570689380169,0.015610883943736553,-0.005846947431564331,-0.0035560366231948137,6.704787
0.6182291666666716,-0.008380824699997902,0.01560918241739273,-0.005845691543072462,-0.003555573057383299,6.704787
0.6187500000000049,-0.008380109444260597,0.015607421286404133,-0.00584386195987463,-0.0035555469803512096,6.704787
0.6192708333333382,-0.008379340171813965,0.015605487860739231,-0.005841778125613928,-0.0035554738715291023,6.704787
0.6197916666666715,-0.008378606289625168,0.0156033830717206,-0.005840731784701347,-0.003556621726602316,6.704787
0.6203125000000048,-0.008377771824598312,0.015600728802382946,-0.005838794633746147,-0.0035561975091695786,6.704787
0.6208333333333381,-0.008377030491828918,0.01559878047555685,-0.005836822092533112,-0.0035563630517572165,6.704787
0.6213541666666714,-0.008376278914511204,0.01559692807495594,-0.00583522766828537,-0.0035557302180677652,6.704787
0.6218750000000047,-0.00837553758174181,0.015595012344419956,-0.005833473987877369,-0.0035562156699597836,6.704787
0.622395833333338,-0.008374817669391632,0.015593314543366432,-0.005831805989146233,-0.0035556789953261614,6.704787
0.6229166666666713,-0.008374008350074291,0.015590355731546879,-0.005829987581819296,-0.0035555914510041475,6.704787
0.6234375000000046,-0.00837322324514389,0.015588381327688694,-0.0058282543905079365,-0.0035551488399505615,6.704787
0.6239583333333379,-0.008372445590794086,0.015586450695991516,-0.005826209671795368,-0.0035554657224565744,6.704787
0.6244791666666712,-0.008371698670089245,0.015584509819746017,-0.005824561696499586,-0.003553914139047265,6.704787
0.6250000000000046,-0.008370919153094292,0.015582100488245487,-0.005822404753416777,-0.003553397487848997,6.704787
0.6255208333333379,-0.008370126597583294,0.015580005012452602,-0.005820746533572674,-0.0035533879417926073,6.704787
0.6260416666666712,-0.008369357325136662,0.01557824295014143,-0.005818728823214769,-0.0035522333346307278,6.704787
0.6265625000000045,-0.008368587121367455,0.015575874596834183,-0.005816588643938303,-0.0035527911968529224,6.704787
0.6270833333333378,-0.008367814123630524,0.015573852695524693,-0.0058152261190116405,-0.0035513113252818584,6.704787
0.6276041666666711,-0.008366931229829788,0.015571020543575287,-0.005813145078718662,-0.0035521320533007383,6.704787
0.6281250000000044,-0.008366101421415806,0.015568751841783524,-0.005811539012938738,-0.0035528461448848248,6.704787
0.6286458333333377,-0.008365347050130367,0.01556677557528019,-0.005809647496789694,-0.0035526412539184093,6.704787
0.629166666666671,-0.008364503271877766,0.015563960187137127,-0.0058085499331355095,-0.0035522477701306343,6.704787
0.6296875000000043,-0.008363624103367329,0.01556126493960619,-0.005806555971503258,-0.0035511681344360113,6.704787
0.6302083333333376,-0.008362815715372562,0.015558766201138496,-0.005804757587611675,-0.0035509965382516384,6.704787
0.6307291666666709,-0.0083619961515069,0.015556717291474342,-0.005802744999527931,-0.0035512223839759827,6.704787
0.6312500000000042,-0.008361220359802246,0.015554869547486305,-0.005801187828183174,-0.0035511718597263098,6.704787
0.6317708333333375,-0.00836038775742054,0.01555218268185854,-0.005799475125968456,-0.0035508195869624615,6.704787
0.6322916666666708,-0.00835955236107111,0.015549593605101109,-0.005797865334898233,-0.0035504898987710476,6.704787
0.6328125000000041,-0.008358695544302464,0.015546918846666813,-0.005795855075120926,-0.0035501967649906874,6.704787
0.6333333333333374,-0.008357871323823929,0.015544716268777847,-0.0057937572710216045,-0.0035492475144565105,6.704787
0.6338541666666707,-0.00835708249360323,0.015542644076049328,-0.005791961215436459,-0.003548553679138422,6.704787
0.634375000000004,-0.008356238715350628,0.015540264546871185,-0.005790337920188904,-0.0035481243394315243,6.704787
0.6348958333333373,-0.008355384692549706,0.015538083389401436,-0.005789268761873245,-0.0035484861582517624,6.704787
0.6354166666666706,-0.008354540914297104,0.0155358100309968,-0.005787443369626999,-0.0035490216687321663,6.704787
0.6359375000000039,-0.008353670127689838,0.015533311292529106,-0.005785658024251461,-0.003548047738149762,6.704787
0.6364583333333372,-0.008352824486792088,0.015530988574028015,-0.00578434718772769,-0.0035479594953358173,6.704787
0.6369791666666705,-0.008351925760507584,0.015528303571045399,-0.005782561842352152,-0.0035475639160722494,6.704787
0.6375000000000038,-0.008351079188287258,0.015525946393609047,-0.0057806335389614105,-0.0035473364405333996,6.704787
0.6380208333333371,-0.008350213058292866,0.015523535199463367,-0.005778856109827757,-0.0035457361955195665,6.704787
0.6385416666666704,-0.008349340409040451,0.015521147288382053,-0.00577663304284215,-0.0035446593537926674,6.704787
0.6390625000000038,-0.008348469622433186,0.015518862754106522,-0.005774500779807568,-0.0035449012648314238,6.704787
0.6395833333333371,-0.00834761280566454,0.015516340732574463,-0.005772661883383989,-0.0035439645871520042,6.704787
0.6401041666666704,-0.008346715942025185,0.015513943508267403,-0.005770144052803516,-0.0035430099815130234,6.704787
0.6406250000000037,-0.00834592804312706,0.015511893667280674,-0.005768712610006332,-0.0035429466515779495,6.704787
0.641145833333337,-0.008345001377165318,0.015509109012782574,-0.005766719114035368,-0.0035423028748482466,6.704787
0.6416666666666703,-0.008344154804944992,0.01550672110170126,-0.005765278823673725,-0.0035426339600235224,6.704787
0.6421875000000036,-0.008343185298144817,0.015503527596592903,-0.005763235501945019,-0.0035417580511420965,6.704787
0.6427083333333369,-0.008342280052602291,0.015501018613576889,-0.005761150270700455,-0.0035409340634942055,6.704787
0.6432291666666702,-0.008341419510543346,0.015498739667236805,-0.0057594976387917995,-0.0035404677037149668,6.704787
0.6437500000000035,-0.008340403437614441,0.01549503579735756,-0.005756982136517763,-0.003539049532264471,6.704787
0.6442708333333368,-0.008339510299265385,0.015492538921535015,-0.005755042191594839,-0.003537645796313882,6.704787
0.6447916666666701,-0.008338588289916515,0.01549013052135706,-0.005753593984991312,-0.003537325421348214,6.704787
0.6453125000000034,-0.00833769328892231,0.01548771932721138,-0.0057519832625985146,-0.003536899108439684,6.704787
0.6458333333333367,-0.008336800150573254,0.015485248528420925,-0.005750094540417194,-0.0035368246026337147,6.704787
0.64635416666667,-0.008335871621966362,0.01548259612172842,-0.005748677533119917,-0.003537010634317994,6.704787
0.6468750000000033,-0.008334833197295666,0.01547919400036335,-0.005746747367084026,-0.0035362737253308296,6.704787
0.6473958333333366,-0.00833386741578579,0.015476224012672901,-0.005744504276663065,-0.0035355081781744957,6.704787
0.6479166666666699,-0.008332922123372555,0.015473460778594017,-0.005742951761931181,-0.0035346350632607937,6.704787
0.6484375000000032,-0.008331919088959694,0.01547038834542036,-0.005740933585911989,-0.0035335002467036247,6.704787
0.6489583333333365,-0.008330941200256348,0.0154672646895051,-0.005738899111747742,-0.0035320031456649303,6.704787
0.6494791666666698,-0.008329596370458603,0.015463028103113174,-0.005737133324146271,-0.003531551454216242,6.704787
0.6500000000000031,-0.008328083902597427,0.015457442961633205,-0.0057353428564965725,-0.003531539114192128,6.704787
0.6505208333333364,-0.00832628645002842,0.015450553968548775,-0.005732947029173374,-0.0035305011551827192,6.704787
0.6510416666666697,-0.008324171416461468,0.015443057753145695,-0.005730383563786745,-0.003530330490320921,6.704787
0.651562500000003,-0.008321703411638737,0.015434126369655132,-0.005728287622332573,-0.003529209177941084,6.704787
0.6520833333333363,-0.008319022133946419,0.015424983575940132,-0.005726360250264406,-0.003527508582919836,6.704787
0.6526041666666696,-0.00831600558012724,0.015414209105074406,-0.0057238368317484856,-0.0035260997246950865,6.704787
0.653125000000003,-0.008312665857374668,0.01540247444063425,-0.005720996297895908,-0.0035252473317086697,6.704787
0.6536458333333363,-0.008308890275657177,0.015390182845294476,-0.0057185981422662735,-0.0035236331168562174,6.704787
0.6541666666666696,-0.008304904215037823,0.015377677045762539,-0.005716158077120781,-0.0035223043523728848,6.704787
0.6546875000000029,-0.00830058753490448,0.015364408493041992,-0.005713747814297676,-0.003520821686834097,6.704787
0.6552083333333362,-0.008295943960547447,0.015351150184869766,-0.005711880046874285,-0.0035208568442612886,6.704787
0.6557291666666695,-0.008290912955999374,0.015336611308157444,-0.005709548480808735,-0.003519747406244278,6.704787
0.6562500000000028,-0.008285659365355968,0.01532222330570221,-0.00570725928992033,-0.0035183473955839872,6.704787
0.6567708333333361,-0.008280000649392605,0.015307137742638588,-0.005704642739146948,-0.0035164898727089167,6.704787
0.6572916666666694,-0.008274109102785587,0.015292678028345108,-0.005702737718820572,-0.003515469841659069,6.704787
0.6578125000000027,-0.008268042467534542,0.015276552177965641,-0.005700277164578438,-0.0035137231461703777,6.704787
0.658333333333336,-0.008261564187705517,0.01526072807610035,-0.005697883199900389,-0.0035130653996020555,6.704787
0.6588541666666693,-0.008254668675363064,0.015245148912072182,-0.005696058738976717,-0.0035118067171424627,6.704787
0.6593750000000026,-0.008247610181570053,0.015229202806949615,-0.00569425243884325,-0.003510172013193369,6.704787
0.6598958333333359,-0.008240319788455963,0.01521295215934515,-0.005692509934306145,-0.003508456749841571,6.704787
0.6604166666666692,-0.008232653141021729,0.015196587890386581,-0.005691037513315678,-0.0035080972593277693,6.704787
0.6609375000000025,-0.008224613964557648,0.015180239453911781,-0.005689362995326519,-0.003506381530314684,6.704787
0.6614583333333358,-0.008216391317546368,0.01516400370746851,-0.005687943194061518,-0.003504757769405842,6.704787
0.6619791666666691,-0.008207866922020912,0.015147026628255844,-0.005686456803232431,-0.003502580104395747,6.704787
0.6625000000000024,-0.008198951371014118,0.0151299387216568,-0.005685535259544849,-0.003500373801216483,6.704787
0.6630208333333357,-0.008189937099814415,0.015112828463315964,-0.005684684030711651,-0.0034978962503373623,6.704787
0.663541666666669,-0.008180669508874416,0.015096105635166168,-0.0056843082420527935,-0.003496750956401229,6.704787
0.6640625000000023,-0.00817092414945364,0.015079613775014877,-0.0056844609789550304,-0.0034942072816193104,6.704787
0.6645833333333356,-0.008161268197000027,0.015062875114381313,-0.0056842053309082985,-0.0034928221721202135,6.704787
0.6651041666666689,-0.008151252754032612,0.01504635252058506,-0.005684579256922007,-0.0034912738483399153,6.704787
0.6656250000000022,-0.00814103614538908,0.015029418282210827,-0.005684972275048494,-0.003489244729280472,6.704787
0.6661458333333355,-0.008130361326038837,0.01501255389302969,-0.005686468444764614,-0.003486770438030362,6.704787
0.6666666666666689,-0.008119669742882252,0.014995400793850422,-0.00568778021261096,-0.0034849471412599087,6.704787
0.6671875000000022,-0.008108576759696007,0.014978434890508652,-0.005689443554729223,-0.0034817648120224476,6.704787
0.6677083333333355,-0.00809724722057581,0.0149616664275527,-0.005691408645361662,-0.0034790895879268646,6.704787
0.6682291666666688,-0.008085766807198524,0.014944382011890411,-0.005693300627171993,-0.0034765128511935472,6.704787
0.6687500000000021,-0.008074103854596615,0.014926952309906483,-0.005695651285350323,-0.0034729621838778257,6.704787
0.6692708333333354,-0.008062080480158329,0.014909776858985424,-0.005698498338460922,-0.00346959987655282,6.704787
0.6697916666666687,-0.008049928583204746,0.01489328220486641,-0.005701804533600807,-0.003466065041720867,6.704787
0.670312500000002,-0.008037480525672436,0.014876539818942547,-0.0057050432078540325,-0.003461976768448949,6.704787
0.6708333333333353,-0.00802494864910841,0.0148590924218297,-0.005708613898605108,-0.0034584454260766506,6.704787
0.6713541666666686,-0.008012132719159126,0.01484159380197525,-0.005711877718567848,-0.0034543974325060844,6.704787
0.6718750000000019,-0.007999229244887829,0.014824620448052883,-0.005716927815228701,-0.003451164113357663,6.704787
0.6723958333333352,-0.007986095733940601,0.014807195402681828,-0.005721102003008127,-0.0034477689769119024,6.704787
0.6729166666666685,-0.007972626946866512,0.014789881184697151,-0.00572587177157402,-0.003444172441959381,6.704787
0.6734375000000018,-0.007959213107824326,0.014772444032132626,-0.005730532109737396,-0.0034396143164485693,6.704787
0.6739583333333351,-0.00794554129242897,0.0147544601932168,-0.005734850186854601,-0.0034341157879680395,6.704787
0.6744791666666684,-0.007931670174002647,0.014737331308424473,-0.005740676075220108,-0.0034299574326723814,6.704787
0.6750000000000017,-0.007917559705674648,0.014719543978571892,-0.005745889153331518,-0.0034260398242622614,6.704787
0.675520833333335,-0.007903287187218666,0.01470167189836502,-0.0057515245862305164,-0.0034213517792522907,6.704787
0.6760416666666683,-0.007888957858085632,0.014683968387544155,-0.005757135804742575,-0.003416837193071842,6.704787
0.6765625000000016,-0.007874510250985622,0.014666309580206871,-0.005762654356658459,-0.00341181643307209,6.704787
0.6770833333333349,-0.007859823293983936,0.014648175798356533,-0.005767784081399441,-0.0034067207016050816,6.704787
0.6776041666666682,-0.007844899781048298,0.014630247838795185,-0.005774285644292831,-0.003400537185370922,6.704787
0.6781250000000015,-0.00782995205372572,0.014612155966460705,-0.005779414437711239,-0.0033949820790439844,6.704787
0.6786458333333348,-0.007814744487404823,0.014593725092709064,-0.005785163026303053,-0.0033905496820807457,6.704787
0.6791666666666681,-0.007799485698342323,0.014575579203665257,-0.005791105795651674,-0.003384724957868457,6.704787
0.6796875000000014,-0.007784013170748949,0.014556624926626682,-0.005797430872917175,-0.003378461115062237,6.704787
0.6802083333333347,-0.007768522948026657,0.014537874609231949,-0.005803578533232212,-0.0033720668870955706,6.704787
0.680729166666668,-0.007752915378659964,0.014519015327095985,-0.005809271242469549,-0.003365859156474471,6.704787
0.6812500000000014,-0.007736961357295513,0.014500105753540993,-0.005815419368445873,-0.003359547583386302,6.704787
0.6817708333333347,-0.00772105623036623,0.014480933547019958,-0.005821675527840853,-0.0033534725662320852,6.704787
0.682291666666668,-0.007705049589276314,0.014461539685726166,-0.005827797576785088,-0.003346889978274703,6.704787
0.6828125000000013,-0.007688876241445541,0.014442107640206814,-0.005833223927766085,-0.003341265954077244,6.704787
0.6833333333333346,-0.0076725115068256855,0.014422905631363392,-0.005840551573783159,-0.003334169974550605,6.704787
0.6838541666666679,-0.00765612768009305,0.014403030276298523,-0.005845572799444199,-0.0033287934493273497,6.704787
0.6843750000000012,-0.007639636285603046,0.014383712783455849,-0.005852682050317526,-0.003322047647088766,6.704787
0.6848958333333345,-0.007623093202710152,0.014363669790327549,-0.005858061369508505,-0.003315631067380309,6.704787
0.6854166666666678,-0.007606315426528454,0.0143439257517457,-0.0058645037934184074,-0.003308756509795785,6.704787
0.6859375000000011,-0.007589507382363081,0.014323133043944836,-0.005869649350643158,-0.0033020952250808477,6.704787
0.6864583333333344,-0.007572512608021498,0.014303209260106087,-0.005877085030078888,-0.0032949387095868587,6.704787
0.6869791666666677,-0.0075556132942438126,0.014282536692917347,-0.005881524179130793,-0.0032887128181755543,6.704787
0.687500000000001,-0.0075385067611932755,0.014262369833886623,-0.005888381507247686,-0.0032811639830470085,6.704787
0.6880208333333343,-0.007521331775933504,0.014241556636989117,-0.005893654655665159,-0.0032747627701610327,6.704787
0.6885416666666676,-0.00750420056283474,0.01422107219696045,-0.005899233743548393,-0.003269196255132556,6.704787
0.6890625000000009,-0.007486999034881592,0.014200316742062569,-0.005904506426304579,-0.0032623237930238247,6.704787
0.6895833333333342,-0.007469531614333391,0.014179321005940437,-0.00591104943305254,-0.0032558145467191935,6.704787
0.6901041666666675,-0.007452198304235935,0.014158185571432114,-0.005916034337133169,-0.0032490564044564962,6.704787
0.6906250000000008,-0.00743471272289753,0.01413713488727808,-0.005921701434999704,-0.003242520382627845,6.704787
0.6911458333333341,-0.007417278829962015,0.014115950092673302,-0.005927035119384527,-0.003236556425690651,6.704787
0.6916666666666674,-0.007399753667414188,0.014094713144004345,-0.00593212153762579,-0.0032302848994731903,6.704787
0.6921875000000007,-0.007382037118077278,0.014073172584176064,-0.005938130430877209,-0.0032233912497758865,6.704787
0.692708333333334,-0.007364369463175535,0.014051374047994614,-0.005943070165812969,-0.0032166927121579647,6.704787
0.6932291666666673,-0.007346659433096647,0.014029920101165771,-0.005948529578745365,-0.0032094630878418684,6.704787
0.6937500000000006,-0.007328912150114775,0.01400821190327406,-0.005953426472842693,-0.0032029033172875643,6.704787
0.694270833333334,-0.007311064749956131,0.013986613601446152,-0.005958897992968559,-0.0031951931305229664,6.704787
0.6947916666666673,-0.007293184287846088,0.01396478433161974,-0.00596321327611804,-0.0031878757290542126,6.704787
0.6953125000000006,-0.007275153882801533,0.01394264493137598,-0.005968224257230759,-0.0031802081502974033,6.704787
0.6958333333333339,-0.007257034536451101,0.013920316472649574,-0.005973444320261478,-0.0031728625763207674,6.704787
0.6963541666666672,-0.007239026483148336,0.013898111879825592,-0.005978198256343603,-0.003166166367009282,6.704787
0.6968750000000005,-0.007220952305942774,0.013875843957066536,-0.005982726346701384,-0.0031585651449859142,6.704787
0.6973958333333338,-0.00720280921086669,0.013853471726179123,-0.005988087970763445,-0.003151262179017067,6.704787
0.6979166666666671,-0.007184610236436129,0.013830761425197124,-0.005992653779685497,-0.0031446670182049274,6.704787
0.6984375000000004,-0.007166517432779074,0.013808103278279305,-0.005997787229716778,-0.0031377009581774473,6.704787
0.6989583333333337,-0.00714829470962286,0.013785505667328835,-0.006002030801028013,-0.00313009275123477,6.704787
0.699479166666667,-0.007129904348403215,0.013762790709733963,-0.006007510703057051,-0.0031225644052028656,6.704787
0.7000000000000003,-0.00711163179948926,0.01373976655304432,-0.006011268123984337,-0.0031157012563198805,6.704787
0.7005208333333336,-0.007093251217156649,0.0137168662622571,-0.006016537547111511,-0.0031073305290192366,6.704787
0.7010416666666669,-0.007074813824146986,0.013693868182599545,-0.006020734086632729,-0.0031007425859570503,6.704787
0.7015625000000002,-0.007056412752717733,0.013670830056071281,-0.0060252114199101925,-0.0030934663955122232,6.704787
0.7020833333333335,-0.007037971634417772,0.013647635467350483,-0.006029697600752115,-0.0030868060421198606,6.704787
0.7026041666666668,-0.0070196483284235,0.01362431701272726,-0.006033933721482754,-0.0030795754864811897,6.704787
0.7031250000000001,-0.007001227233558893,0.013601256534457207,-0.006039097905158997,-0.0030716967303305864,6.704787
0.7036458333333334,-0.006982758175581694,0.013578035868704319,-0.0060426718555390835,-0.003063894808292389,6.704787
0.7041666666666667,-0.006964242551475763,0.013554726727306843,-0.006047009956091642,-0.0030562938190996647,6.704787
0.7046875,-0.006945740897208452,0.013531467877328396,-0.006050777155905962,-0.0030486038886010647,6.704787
0.7052083333333333,-0.006927192211151123,0.013508222065865993,-0.006055554840713739,-0.0030414822977036238,6.704787
0.7057291666666666,-0.006908683106303215,0.013484803028404713,-0.006059406325221062,-0.003033307148143649,6.704787
0.7062499999999999,-0.0068900929763913155,0.013460888527333736,-0.006063030567020178,-0.003025816520676017,6.704787
0.7067708333333332,-0.0068716504611074924,0.01343747042119503,-0.0060674590058624744,-0.0030183508060872555,6.704787
0.7072916666666665,-0.006853083148598671,0.013413960114121437,-0.006072341930121183,-0.003011199412867427,6.704787
0.7078124999999998,-0.0068345400504767895,0.013389971107244492,-0.0060758874751627445,-0.003004086669534445,6.704787
0.7083333333333331,-0.006815920118242502,0.013366553001105785,-0.006081194616854191,-0.00299629895016551,6.704787
0.7088541666666665,-0.006797339767217636,0.013342408463358879,-0.006083919666707516,-0.0029887515120208263,6.704787
0.7093749999999998,-0.006778676528483629,0.013318663462996483,-0.006088658701628447,-0.0029816171154379845,6.704787
0.7098958333333331,-0.006760051008313894,0.013294748961925507,-0.006092348601669073,-0.0029740643221884966,6.704787
0.7104166666666664,-0.006741406861692667,0.013270852155983448,-0.0060960701666772366,-0.0029663261957466602,6.704787
0.7109374999999997,-0.006722722202539444,0.013246875256299973,-0.006099786143749952,-0.0029587657190859318,6.704787
0.711458333333333,-0.006704104598611593,0.013222919777035713,-0.0061036162078380585,-0.0029499311931431293,6.704787
0.7119791666666663,-0.006685338448733091,0.01319872122257948,-0.006107460707426071,-0.0029424219392240047,6.704787
0.7124999999999996,-0.006666773930191994,0.013174524530768394,-0.006111350376158953,-0.0029344786889851093,6.704787
0.7130208333333329,-0.006648169364780188,0.013150163926184177,-0.00611498486250639,-0.0029270488303154707,6.704787
0.7135416666666662,-0.006629517301917076,0.013125889003276825,-0.006118461489677429,-0.0029191996436566114,6.704787
0.7140624999999995,-0.006610885728150606,0.013101387768983841,-0.006121235899627209,-0.0029121655970811844,6.704787
0.7145833333333328,-0.0065922811627388,0.013077125884592533,-0.006125237327069044,-0.002904457040131092,6.704787
0.7151041666666661,-0.00657363748177886,0.01305282674729824,-0.006128281354904175,-0.0028969598934054375,6.704787
0.7156249999999994,-0.006555041763931513,0.01302844937890768,-0.006131483241915703,-0.00288904900662601,6.704787
0.7161458333333327,-0.0065363249741494656,0.013003937900066376,-0.006135036237537861,-0.002881506225094199,6.704787
0.716666666666666,-0.006517590023577213,0.012979280203580856,-0.006137708202004433,-0.0028735341038554907,6.704787
0.7171874999999993,-0.006498871836811304,0.01295500248670578,-0.006141066085547209,-0.0028659082017838955,6.704787
0.7177083333333326,-0.0064801545813679695,0.01293044351041317,-0.0061438665725290775,-0.0028583144303411245,6.704787
0.7182291666666659,-0.0064615230076014996,0.012906264513731003,-0.006147530395537615,-0.002850788179785013,6.704787
0.7187499999999992,-0.006442745681852102,0.012881364673376083,-0.006149849854409695,-0.002843542257323861,6.704787
0.7192708333333325,-0.006424033548682928,0.012856830842792988,-0.006153328809887171,-0.0028361950535327196,6.704787
0.7197916666666658,-0.006405275780707598,0.012832056730985641,-0.006155997049063444,-0.00282839871942997,6.704787
0.7203124999999991,-0.0063864318653941154,0.012807036750018597,-0.006158461794257164,-0.002821220550686121,6.704787
0.7208333333333324,-0.006367660593241453,0.012782344594597816,-0.0061615039594471455,-0.0028133548330515623,6.704787
0.7213541666666657,-0.006348819006234407,0.012757563032209873,-0.006164313293993473,-0.002805627416819334,6.704787
0.721874999999999,-0.006330000702291727,0.01273275539278984,-0.006166455335915089,-0.002798649715259671,6.704787
0.7223958333333323,-0.0063111791387200356,0.012707971036434174,-0.006168970372527838,-0.002790725789964199,6.704787
0.7229166666666657,-0.0062923552468419075,0.012683119624853134,-0.0061709401197731495,-0.0027827301528304815,6.704787
0.723437499999999,-0.006273395381867886,0.012658155523240566,-0.0061738332733511925,-0.002774856984615326,6.704787
0.7239583333333323,-0.006254563573747873,0.012633097358047962,-0.006175911519676447,-0.002766618737950921,6.704787
0.7244791666666656,-0.006235572975128889,0.012607964687049389,-0.006178239826112986,-0.0027584254276007414,6.704787
0.7249999999999989,-0.006216511595994234,0.012582766823470592,-0.006180515047162771,-0.0027505422476679087,6.704787
0.7255208333333322,-0.006197616923600435,0.012557732872664928,-0.006182452198117971,-0.0027423955034464598,6.704787
0.7260416666666655,-0.006178577896207571,0.012532583437860012,-0.006184485740959644,-0.002735437825322151,6.704787
0.7265624999999988,-0.006159541197121143,0.012507508508861065,-0.006186767015606165,-0.0027277760673314333,6.704787
0.7270833333333321,-0.006140544079244137,0.012482188642024994,-0.006188233382999897,-0.0027203185018152,6.704787
0.7276041666666654,-0.006121509242802858,0.012457107193768024,-0.006190329324454069,-0.002714029746130109,6.704787
0.7281249999999987,-0.00610251072794199,0.012431873939931393,-0.00619238056242466,-0.0027064275927841663,6.704787
0.728645833333332,-0.006083398591727018,0.012406699359416962,-0.00619418453425169,-0.0026984403375536203,6.704787
0.7291666666666653,-0.006064282730221748,0.012381345964968204,-0.006195587571710348,-0.002691719215363264,6.704787
0.7296874999999986,-0.006045060697942972,0.012355887331068516,-0.006196857895702124,-0.0026831079740077257,6.704787
0.7302083333333319,-0.006025821436196566,0.01233057864010334,-0.006198537535965443,-0.002675809431821108,6.704787
0.7307291666666652,-0.0060066236183047295,0.012305066920816898,-0.006200019735842943,-0.0026688636280596256,6.704787
0.7312499999999985,-0.005987442098557949,0.012279286980628967,-0.006201060023158789,-0.002661923412233591,6.704787
0.7317708333333318,-0.005968169774860144,0.012253992259502411,-0.006202558986842632,-0.0026531077455729246,6.704787
0.7322916666666651,-0.005948777310550213,0.012228704057633877,-0.006203494966030121,-0.002645376604050398,6.704787
0.7328124999999984,-0.005929389502853155,0.012203066609799862,-0.006204722449183464,-0.0026378093753010035,6.704787
0.7333333333333317,-0.005910019855946302,0.01217753253877163,-0.006205597892403603,-0.0026298651937395334,6.704787
0.733854166666665,-0.005890543106943369,0.012151777744293213,-0.006206794176250696,-0.0026220118161290884,6.704787
0.7343749999999983,-0.00587111571803689,0.012126108631491661,-0.006207930389791727,-0.002614866942167282,6.704787
0.7348958333333316,-0.005851613357663155,0.012100325897336006,-0.006208483129739761,-0.002606881782412529,6.704787
0.7354166666666649,-0.005832102615386248,0.012074653059244156,-0.0062087769620120525,-0.0025999348144978285,6.704787
0.7359374999999982,-0.005812529474496841,0.012048895470798016,-0.006209627725183964,-0.0025920243933796883,6.704787
0.7364583333333315,-0.005792866926640272,0.012023024260997772,-0.006209620740264654,-0.002585073234513402,6.704787
0.7369791666666649,-0.005773245356976986,0.011997278779745102,-0.0062101297080516815,-0.0025779521092772484,6.704787
0.7374999999999982,-0.00575359258800745,0.011971565894782543,-0.006210753228515387,-0.0025708156172186136,6.704787
0.7380208333333315,-0.005733954254537821,0.011945594102144241,-0.0062108407728374004,-0.0025629866868257523,6.704787
0.7385416666666648,-0.005714203231036663,0.011919639073312283,-0.006210488732904196,-0.002554833423346281,6.704787
0.7390624999999981,-0.005694349762052298,0.011893711052834988,-0.006210321560502052,-0.0025471928529441357,6.704787
0.7395833333333314,-0.0056744227185845375,0.01186771783977747,-0.006210101768374443,-0.00253844540566206,6.704787
0.7401041666666647,-0.005654501728713512,0.011841644532978535,-0.006209871266037226,-0.002530520549044013,6.704787
0.740624999999998,-0.005634641274809837,0.011815519072115421,-0.0062085287645459175,-0.0025230729952454567,6.704787
0.7411458333333313,-0.005614771507680416,0.01178981363773346,-0.006207786500453949,-0.0025155243929475546,6.704787
0.7416666666666646,-0.00559480395168066,0.011764142662286758,-0.006207318510860205,-0.002507569966837764,6.704787
0.7421874999999979,-0.0055747488513588905,0.011738084256649017,-0.00620682118460536,-0.002500043483451009,6.704787
0.7427083333333312,-0.005554682109504938,0.011712232604622841,-0.006206129677593708,-0.002492029219865799,6.704787
0.7432291666666645,-0.005534555297344923,0.011685834266245365,-0.006204618141055107,-0.002484384924173355,6.704787
0.7437499999999978,-0.00551436934620142,0.011659418232738972,-0.006203273311257362,-0.002475918270647526,6.704787
0.7442708333333311,-0.005494037643074989,0.011633210815489292,-0.00620223768055439,-0.002468578517436981,6.704787
0.7447916666666644,-0.00547366589307785,0.01160711981356144,-0.006201344076544046,-0.0024600925389677286,6.704787
0.7453124999999977,-0.0054531218484044075,0.011580489575862885,-0.006199759431183338,-0.002452147426083684,6.704787
0.745833333333331,-0.005432639271020889,0.0115538714453578,-0.006198538467288017,-0.002443730365484953,6.704787
0.7463541666666643,-0.0054120859131217,0.011527507565915585,-0.006196917500346899,-0.002435259288176894,6.704787
0.7468749999999976,-0.005391370505094528,0.011500954627990723,-0.006195795256644487,-0.0024276503827422857,6.704787
0.7473958333333309,-0.005370646249502897,0.011474487371742725,-0.0061941444873809814,-0.002419622614979744,6.704787
0.7479166666666642,-0.005349905230104923,0.011447695083916187,-0.0061925058253109455,-0.0024112786632031202,6.704787
0.7484374999999975,-0.00532901007682085,0.011420735158026218,-0.006190379615873098,-0.002402892103418708,6.704787
0.7489583333333308,-0.0053080227226018906,0.011393963359296322,-0.006188809871673584,-0.002395796589553356,6.704787
0.7494791666666641,-0.005287017673254013,0.011367248371243477,-0.006187213584780693,-0.0023885644041001797,6.704787
0.7499999999999974,-0.0052661108784377575,0.01134028472006321,-0.006185169331729412,-0.0023812095168977976,6.704787
0.7505208333333308,-0.005244885571300983,0.011312849819660187,-0.006182901095598936,-0.0023749256506562233,6.704787
0.751041666666664,-0.005224059335887432,0.011285846121609211,-0.006181138567626476,-0.002367007080465555,6.704787
0.7515624999999974,-0.005202735774219036,0.011258539743721485,-0.006178768817335367,-0.002358598867431283,6.704787
0.7520833333333307,-0.005181684158742428,0.011231478303670883,-0.006176318041980267,-0.002350620925426483,6.704787
0.752604166666664,-0.005160138476639986,0.011203962378203869,-0.006173605564981699,-0.002342927735298872,6.704787
0.7531249999999973,-0.005138625390827656,0.011176594533026218,-0.006171152926981449,-0.0023353600408881903,6.704787
0.7536458333333306,-0.005116909742355347,0.011148967780172825,-0.006168542895466089,-0.0023284906055778265,6.704787
0.7541666666666639,-0.005095598753541708,0.011121413670480251,-0.006165461614727974,-0.002320400672033429,6.704787
0.7546874999999972,-0.005073946435004473,0.01109376735985279,-0.006162380799651146,-0.002311949385330081,6.704787
0.7552083333333305,-0.0050520263612270355,0.011065999045968056,-0.006159166339784861,-0.0023038447834551334,6.704787
0.7557291666666638,-0.005030074156820774,0.011038072407245636,-0.0061560021713376045,-0.0022959248162806034,6.704787
0.7562499999999971,-0.005007989704608917,0.011010421440005302,-0.006152501795440912,-0.0022875992581248283,6.704787
0.7567708333333304,-0.0049862246960401535,0.010982856154441833,-0.006149011198431253,-0.0022803572937846184,6.704787
0.7572916666666637,-0.004964335821568966,0.010955004021525383,-0.006145413964986801,-0.0022720899432897568,6.704787
0.757812499999997,-0.004942376632243395,0.010926743969321251,-0.006142023950815201,-0.0022652223706245422,6.704787
0.7583333333333303,-0.0049203746020793915,0.01089862734079361,-0.0061382269486784935,-0.0022568239364773035,6.704787
0.7588541666666636,-0.004898373503237963,0.010870401747524738,-0.006134029012173414,-0.0022486031521111727,6.704787
0.7593749999999969,-0.00487640593200922,0.010842100717127323,-0.006129989866167307,-0.0022409032098948956,6.704787
0.7598958333333302,-0.00485450541600585,0.010814104229211807,-0.006126311141997576,-0.0022337855771183968,6.704787
0.7604166666666635,-0.004832704551517963,0.010785683058202267,-0.006121424958109856,-0.0022264181170612574,6.704787
0.7609374999999968,-0.004811017774045467,0.01075727492570877,-0.006116623058915138,-0.002218506997451186,6.704787
0.7614583333333301,-0.004789478611201048,0.01072896458208561,-0.006112133152782917,-0.002211598912253976,6.704787
0.7619791666666634,-0.004768115468323231,0.010700833052396774,-0.006106979679316282,-0.0022042456548660994,6.704787
0.7624999999999967,-0.004746938589960337,0.010672859847545624,-0.006102138664573431,-0.0021975249983370304,6.704787
0.76302083333333,-0.004725963342934847,0.010644938796758652,-0.006097126752138138,-0.0021897226106375456,6.704787
0.7635416666666633,-0.0047052111476659775,0.010617011226713657,-0.006091443821787834,-0.0021823870483785868,6.704787
0.7640624999999966,-0.004684693180024624,0.010589408688247204,-0.006086211185902357,-0.002174224006012082,6.704787
0.76458333333333,-0.004664421081542969,0.01056188065558672,-0.006080699618905783,-0.0021665317472070456,6.704787
0.7651041666666633,-0.004644409753382206,0.01053428091108799,-0.006074576172977686,-0.002159878145903349,6.704787
0.7656249999999966,-0.004624675028026104,0.01050705648958683,-0.006069380324333906,-0.0021532285027205944,6.704787
0.7661458333333299,-0.004605213645845652,0.01047986838966608,-0.006062862928956747,-0.0021465050522238016,6.704787
0.7666666666666632,-0.004586041904985905,0.010452580638229847,-0.006056470330804586,-0.002140704309567809,6.704787
0.7671874999999965,-0.004567169118672609,0.010425729677081108,-0.006049783900380135,-0.0021338651422411203,6.704787
0.7677083333333298,-0.0045485892333090305,0.010398893617093563,-0.006042425520718098,-0.002127155428752303,6.704787
0.7682291666666631,-0.004530313424766064,0.010372261516749859,-0.006035545375198126,-0.0021204259246587753,6.704787
0.7687499999999964,-0.004512345418334007,0.010345536284148693,-0.00602726498618722,-0.002113555558025837,6.704787
0.7692708333333297,-0.004494687542319298,0.010319279506802559,-0.00601976690813899,-0.002107242587953806,6.704787
0.769791666666663,-0.004477339331060648,0.010293005965650082,-0.006011325865983963,-0.0021015689708292484,6.704787
0.7703124999999963,-0.004460303112864494,0.010267115198075771,-0.006002963986247778,-0.002095720497891307,6.704787
0.7708333333333296,-0.004443577490746975,0.010241412557661533,-0.005994201637804508,-0.002090224763378501,6.704787
0.7713541666666629,-0.004427160602062941,0.010215998627245426,-0.0059851850382983685,-0.002084235195070505,6.704787
0.7718749999999962,-0.004411051049828529,0.010190642438828945,-0.005976109299808741,-0.002078673802316189,6.704787
0.7723958333333295,-0.004395248368382454,0.010165497660636902,-0.00596659118309617,-0.002073662355542183,6.704787
0.7729166666666628,-0.004379753489047289,0.010140425525605679,-0.0059564122930169106,-0.002067771041765809,6.704787
0.7734374999999961,-0.004364559426903725,0.01011568121612072,-0.005946353077888489,-0.0020630115177482367,6.704787
0.7739583333333294,-0.004349663387984037,0.010091224685311317,-0.005935570225119591,-0.0020575656089931726,6.704787
0.7744791666666627,-0.004335062578320503,0.010066859424114227,-0.005924760829657316,-0.0020526302978396416,6.704787
0.774999999999996,-0.004320751875638962,0.010042695328593254,-0.0059136515483260155,-0.002047564135864377,6.704787
0.7755208333333293,-0.004306728485971689,0.010018732398748398,-0.00590226287022233,-0.0020424944814294577,6.704787
0.7760416666666626,-0.004292985890060663,0.009995094500482082,-0.0058905803598463535,-0.002037870464846492,6.704787
0.7765624999999959,-0.004279520828276873,0.009971760213375092,-0.005879008676856756,-0.0020326008088886738,6.704787
0.7770833333333292,-0.0042663258500397205,0.009948641061782837,-0.005867265164852142,-0.002028056653216481,6.704787
0.7776041666666625,-0.004253397695720196,0.009925952181220055,-0.005855734460055828,-0.002023765118792653,6.704787
0.7781249999999958,-0.0042407275177538395,0.009903503581881523,-0.005844133906066418,-0.0020192547235637903,6.704787
0.7786458333333292,-0.0042283120565116405,0.00988135114312172,-0.00583229074254632,-0.0020150814671069384,6.704787
0.7791666666666625,-0.0042161461897194386,0.009859219193458557,-0.005820021498948336,-0.0020101922564208508,6.704787
0.7796874999999958,-0.004204227589070797,0.009837543591856956,-0.005808565299957991,-0.0020051593892276287,6.704787
0.7802083333333291,-0.00419254694133997,0.009815928526222706,-0.005795768927782774,-0.0020003169775009155,6.704787
0.7807291666666624,-0.004181100521236658,0.009794703684747219,-0.005783587694168091,-0.0019952976144850254,6.704787
0.7812499999999957,-0.004169879946857691,0.009773709811270237,-0.005771409720182419,-0.0019910158589482307,6.704787
0.781770833333329,-0.004158881492912769,0.009753002785146236,-0.00575876934453845,-0.001986111281439662,6.704787
0.7822916666666623,-0.004148098640143871,0.009732597507536411,-0.0057467203587293625,-0.001982110319659114,6.704787
0.7828124999999956,-0.004137527663260698,0.009712443687021732,-0.005734253209084272,-0.001977999694645405,6.704787
0.7833333333333289,-0.004127160646021366,0.00969241838902235,-0.005722185131162405,-0.001973282778635621,6.704787
0.7838541666666622,-0.0041169943287968636,0.009672906249761581,-0.0057100290432572365,-0.0019694315269589424,6.704787
0.7843749999999955,-0.004107019864022732,0.009653440676629543,-0.005697933956980705,-0.001965573523193598,6.704787
0.7848958333333288,-0.004097236320376396,0.00963445845991373,-0.005686196498572826,-0.0019622647669166327,6.704787
0.7854166666666621,-0.004087633918970823,0.009615559130907059,-0.005673943553119898,-0.001958488952368498,6.704787
0.7859374999999954,-0.004078208934515715,0.009597011841833591,-0.005662144627422094,-0.0019550796132534742,6.704787
0.7864583333333287,-0.004068962298333645,0.009578539989888668,-0.005649874918162823,-0.0019511485006660223,6.704787
0.786979166666662,-0.004059882368892431,0.00956034753471613,-0.005637681111693382,-0.0019471707055345178,6.704787
0.7874999999999953,-0.004050965886563063,0.009542376734316349,-0.005625884979963303,-0.0019438626477494836,6.704787
0.7880208333333286,-0.004042203072458506,0.009524840861558914,-0.005614249035716057,-0.001941035152412951,6.704787
0.7885416666666619,-0.004033591598272324,0.009507454931735992,-0.005602157674729824,-0.00193797645624727,6.704787
0.7890624999999952,-0.0040251328609883785,0.00949027854949236,-0.005590574350208044,-0.001934229745529592,6.704787
0.7895833333333285,-0.004016820341348648,0.009473547339439392,-0.0055785770528018475,-0.0019309921190142632,6.704787
0.7901041666666618,-0.004008647985756397,0.009456820785999298,-0.005566925276070833,-0.001928135403431952,6.704787
0.7906249999999951,-0.004000613931566477,0.009440342895686626,-0.005555096548050642,-0.0019248599419370294,6.704787
0.7911458333333284,-0.00399271072819829,0.009424122981727123,-0.005543906707316637,-0.0019222092814743519,6.704787
0.7916666666666617,-0.0039849309250712395,0.009408097714185715,-0.005532835144549608,-0.0019200181122869253,6.704787
0.792187499999995,-0.003977274987846613,0.009392274543642998,-0.005521459970623255,-0.0019172034226357937,6.704787
0.7927083333333284,-0.003969736397266388,0.009376592002809048,-0.005510400980710983,-0.0019144273828715086,6.704787
0.7932291666666617,-0.003962312359362841,0.009361360222101212,-0.0054996018297970295,-0.0019116124603897333,6.704787
0.793749999999995,-0.003955007065087557,0.009346334263682365,-0.005488264374434948,-0.0019093125592917204,6.704787
0.7942708333333283,-0.00394781306385994,0.00933141354471445,-0.005477644968777895,-0.0019069421105086803,6.704787
0.7947916666666616,-0.003940724302083254,0.009316814132034779,-0.005466383881866932,-0.0019041874911636114,6.704787
0.7953124999999949,-0.003933733329176903,0.00930231623351574,-0.0054555172100663185,-0.0019011839758604765,6.704787
0.7958333333333282,-0.0039268420077860355,0.009287981316447258,-0.005444913171231747,-0.0018988169031217694,6.704787
0.7963541666666615,-0.003920046146959066,0.009274004958570004,-0.0054346714168787,-0.0018959861481562257,6.704787
0.7968749999999948,-0.003913346212357283,0.009260074235498905,-0.00542444596067071,-0.0018933707615360618,6.704787
0.7973958333333281,-0.003906731493771076,0.009246512316167355,-0.005414211191236973,-0.0018912487430498004,6.704787
0.7979166666666614,-0.0039002022240310907,0.009233018383383751,-0.0054039424285292625,-0.0018890963401645422,6.704787
0.7984374999999947,-0.0038937609642744064,0.009219596162438393,-0.005393854342401028,-0.001886615646071732,6.704787
0.798958333333328,-0.0038873939774930477,0.009206586517393589,-0.00538407638669014,-0.001884355559013784,6.704787
0.7994791666666613,-0.003881111042574048,0.009193656966090202,-0.0053742011077702045,-0.0018815970979630947,6.704787
0.7999999999999946,-0.003874906338751316,0.009180896915495396,-0.005364435259252787,-0.0018792413175106049,6.704787
0.8005208333333279,-0.00386877846904099,0.009168244898319244,-0.005354488734155893,-0.0018767350120469928,6.704787
0.8010416666666612,-0.003862716257572174,0.00915581826120615,-0.005344855133444071,-0.0018741460517048836,6.704787
0.8015624999999945,-0.0038567157462239265,0.009143342263996601,-0.005335088353604078,-0.0018712426535785198,6.704787
0.8020833333333278,-0.0038507955614477396,0.009131204336881638,-0.005325305741280317,-0.0018686169059947133,6.704787
0.8026041666666611,-0.0038449454586952925,0.009119221940636635,-0.005315673537552357,-0.0018663076916709542,6.704787
0.8031249999999944,-0.003839133307337761,0.009107159450650215,-0.005306092556566,-0.001864191610366106,6.704787
0.8036458333333277,-0.0038333970587700605,0.009095316752791405,-0.005296197719871998,-0.0018619694747030735,6.704787
0.804166666666661,-0.0038277171552181244,0.00908361654728651,-0.005286805331707001,-0.0018602658528834581,6.704787
0.8046874999999943,-0.0038220712449401617,0.009072236716747284,-0.005277545657008886,-0.001857468276284635,6.704787
0.8052083333333276,-0.0038164914585649967,0.009060838259756565,-0.0052680568769574165,-0.0018554858397692442,6.704787
0.805729166666661,-0.0038109743036329746,0.009049697779119015,-0.005258651450276375,-0.0018536115530878305,6.704787
0.8062499999999942,-0.0038054846227169037,0.009038599207997322,-0.005249273497611284,-0.0018513015238568187,6.704787
0.8067708333333276,-0.0038000508211553097,0.009027856402099133,-0.005240773782134056,-0.0018498898716643453,6.704787
0.8072916666666609,-0.003794666612520814,0.009017043747007847,-0.0052313548512756824,-0.0018476006807759404,6.704787
0.8078124999999942,-0.003789314068853855,0.00900636613368988,-0.005222698207944632,-0.0018451976357027888,6.704787
0.8083333333333275,-0.0037840111181139946,0.00899574626237154,-0.005213616881519556,-0.001843537436798215,6.704787
0.8088541666666608,-0.0037787610199302435,0.008985384367406368,-0.005204800516366959,-0.001841588644310832,6.704787
0.8093749999999941,-0.003773533506318927,0.008975004777312279,-0.00519605353474617,-0.001839639968238771,6.704787
0.8098958333333274,-0.00376834231428802,0.00896480679512024,-0.0051872325129806995,-0.0018376408843323588,6.704787
0.8104166666666607,-0.0037631969898939133,0.008954822085797787,-0.005178413353860378,-0.0018359542591497302,6.704787
0.810937499999994,-0.0037580819334834814,0.008944928646087646,-0.0051699914038181305,-0.0018338678637519479,6.704787
0.8114583333333273,-0.0037530031986534595,0.00893502589315176,-0.0051611606031656265,-0.0018324923003092408,6.704787
0.8119791666666606,-0.003747956594452262,0.00892519298940897,-0.005152765195816755,-0.0018309056758880615,6.704787
0.8124999999999939,-0.0037429356016218662,0.008915520273149014,-0.005143823102116585,-0.001828639069572091,6.704787
0.8130208333333272,-0.0037379565183073282,0.008905874565243721,-0.00513558741658926,-0.0018269786378368735,6.704787
0.8135416666666605,-0.003733014687895775,0.008896361105144024,-0.005126888398081064,-0.0018246980616822839,6.704787
0.8140624999999938,-0.00372809125110507,0.008886878378689289,-0.005118197295814753,-0.001821798738092184,6.704787
0.8145833333333271,-0.0037231892347335815,0.008877601474523544,-0.005109884776175022,-0.001819336204789579,6.704787
0.8151041666666604,-0.003718316787853837,0.008868354372680187,-0.005101124756038189,-0.001817396143451333,6.704787
0.8156249999999937,-0.003713476238772273,0.00885920599102974,-0.005092664156109095,-0.0018146869260817766,6.704787
0.816145833333327,-0.0037086487282067537,0.008850174024701118,-0.005084257572889328,-0.0018125127535313368,6.704787
0.8166666666666603,-0.0037038414739072323,0.00884118489921093,-0.005076204426586628,-0.0018105751369148493,6.704787
0.8171874999999936,-0.0036990640219300985,0.008832216262817383,-0.005067877005785704,-0.0018091084202751517,6.704787
0.8177083333333269,-0.0036943024024367332,0.008823233656585217,-0.005059000104665756,-0.001807119813747704,6.704787
0.8182291666666602,-0.0036895531229674816,0.008814271539449692,-0.0050509097054600716,-0.0018045117612928152,6.704787
0.8187499999999935,-0.003684840863570571,0.008805675432085991,-0.005042750388383865,-0.0018027897458523512,6.704787
0.8192708333333268,-0.0036801323294639587,0.008796910755336285,-0.005034312605857849,-0.001800387050025165,6.704787
0.8197916666666601,-0.0036754459142684937,0.00878836028277874,-0.00502641499042511,-0.0017984160222113132,6.704787
0.8203124999999934,-0.003670778824016452,0.008779852651059628,-0.005018710158765316,-0.0017977084498852491,6.704787
0.8208333333333268,-0.003666121978312731,0.008771317079663277,-0.00501084141433239,-0.0017960488330572844,6.704787
0.8213541666666601,-0.003661477006971836,0.008762694895267487,-0.00500262388959527,-0.001794053940102458,6.704787
0.8218749999999934,-0.003656845074146986,0.008754374459385872,-0.004994597751647234,-0.0017924680141732097,6.704787
0.8223958333333267,-0.003652232466265559,0.008745956234633923,-0.0049860128201544285,-0.0017912328476086259,6.704787
0.82291666666666,-0.0036476284731179476,0.008737829513847828,-0.004978613927960396,-0.0017895549535751343,6.704787
0.8234374999999933,-0.0036430328618735075,0.008729711174964905,-0.00497057568281889,-0.0017879566876217723,6.704787
0.8239583333333266,-0.003638429567217827,0.008721495047211647,-0.004962821491062641,-0.0017860396765172482,6.704787
0.8244791666666599,-0.003633834421634674,0.008713267743587494,-0.004954934120178223,-0.001784982392564416,6.704787
0.8249999999999932,-0.003629269078373909,0.008705183863639832,-0.0049469079822301865,-0.0017825589748099446,6.704787
0.8255208333333265,-0.0036247121170163155,0.008697007782757282,-0.0049387430772185326,-0.0017807373078539968,6.704787
0.8260416666666598,-0.0036201574839651585,0.008688990026712418,-0.004930945113301277,-0.0017793948063626885,6.704787
0.8265624999999931,-0.003615601221099496,0.008680970408022404,-0.004922452848404646,-0.00177877233363688,6.704787
0.8270833333333264,-0.0036110489163547754,0.008673225529491901,-0.0049150241538882256,-0.001777798868715763,6.704787
0.8276041666666597,-0.0036065008025616407,0.008665410801768303,-0.004907037131488323,-0.0017759210895746946,6.704787
0.828124999999993,-0.0036019585095345974,0.008657476864755154,-0.004898922983556986,-0.001774491393007338,6.704787
0.8286458333333263,-0.0035974199417978525,0.008649720810353756,-0.004891404416412115,-0.0017729403916746378,6.704787
0.8291666666666596,-0.0035929041914641857,0.008641956374049187,-0.004883429501205683,-0.0017715339781716466,6.704787
0.8296874999999929,-0.0035883563105016947,0.008634164929389954,-0.00487549090757966,-0.0017697860021144152,6.704787
0.8302083333333262,-0.003583811456337571,0.008626588620245457,-0.0048673562705516815,-0.0017676285933703184,6.704787
0.8307291666666595,-0.0035792700946331024,0.008619032800197601,-0.0048594423569738865,-0.0017659050645306706,6.704787
0.8312499999999928,-0.003574745962396264,0.00861147791147232,-0.004851524252444506,-0.001764967106282711,6.704787
0.8317708333333261,-0.003570194821804762,0.008603928610682487,-0.004843775182962418,-0.0017635648837313056,6.704787
0.8322916666666594,-0.003565665101632476,0.008596477098762989,-0.004836359992623329,-0.0017619059653952718,6.704787
0.8328124999999927,-0.0035611186176538467,0.00858902744948864,-0.004828590899705887,-0.0017600400606170297,6.704787
0.833333333333326,-0.003556586569175124,0.008581627160310745,-0.004820793867111206,-0.0017580779967829585,6.704787
0.8338541666666593,-0.0035520505625754595,0.008574195206165314,-0.004813399165868759,-0.0017576150130480528,6.704787
0.8343749999999927,-0.0035474789328873158,0.008566929027438164,-0.004806078039109707,-0.0017566226888448,6.704787
0.834895833333326,-0.003542934311553836,0.008559636771678925,-0.004798458889126778,-0.0017551429336890578,6.704787
0.8354166666666593,-0.0035383696667850018,0.008552269078791142,-0.004791251849383116,-0.0017532591009512544,6.704787
0.8359374999999926,-0.003533817594870925,0.008545059710741043,-0.004783750977367163,-0.0017517025116831064,6.704787
0.8364583333333259,-0.003529263660311699,0.008537747897207737,-0.004776212852448225,-0.0017499421956017613,6.704787
0.8369791666666592,-0.003524704836308956,0.00853042770177126,-0.004768329206854105,-0.001749269780702889,6.704787
0.8374999999999925,-0.003520125290378928,0.008523219265043736,-0.0047608548775315285,-0.0017477910732850432,6.704787
0.8380208333333258,-0.0035155429504811764,0.008515937253832817,-0.0047534070909023285,-0.0017466164426878095,6.704787
0.8385416666666591,-0.00351093546487391,0.008508812636137009,-0.004745787475258112,-0.0017448202706873417,6.704787
0.8390624999999924,-0.003506328910589218,0.008501593954861164,-0.004738477524369955,-0.0017426797421649098,6.704787
0.8395833333333257,-0.0035017302725464106,0.00849436316639185,-0.004730484448373318,-0.0017414697213098407,6.704787
0.840104166666659,-0.003497134428471327,0.008487211540341377,-0.004722720943391323,-0.0017397742485627532,6.704787
0.8406249999999923,-0.003492544637992978,0.008480086922645569,-0.00471527362242341,-0.0017386405961588025,6.704787
0.8411458333333256,-0.003487905953079462,0.008472993038594723,-0.004707375541329384,-0.001737233716994524,6.704787
0.8416666666666589,-0.0034832579549402,0.008465777151286602,-0.0046998122707009315,-0.0017360132187604904,6.704787
0.8421874999999922,-0.003478609025478363,0.008458705618977547,-0.004691970068961382,-0.0017345119267702103,6.704787
0.8427083333333255,-0.00347393867559731,0.008451459929347038,-0.004683902487158775,-0.0017324852524325252,6.704787
0.8432291666666588,-0.0034692734479904175,0.008444259874522686,-0.004675803706049919,-0.0017303304048255086,6.704787
0.8437499999999921,-0.003464608220383525,0.008437138050794601,-0.004668006673455238,-0.0017284657806158066,6.704787
0.8442708333333254,-0.0034599113278090954,0.00843014009296894,-0.00466011231765151,-0.00172667414881289,6.704787
0.8447916666666587,-0.003455227240920067,0.00842303317040205,-0.00465232040733099,-0.0017250243108719587,6.704787
0.845312499999992,-0.0034505228977650404,0.008415992371737957,-0.004644780419766903,-0.0017234927508980036,6.704787
0.8458333333333253,-0.00344581576064229,0.008409113623201847,-0.004637480713427067,-0.0017222425667569041,6.704787
0.8463541666666586,-0.003441072767600417,0.008402017876505852,-0.004629525355994701,-0.0017210959922522306,6.704787
0.8468749999999919,-0.003436292288824916,0.008394916541874409,-0.0046218628995120525,-0.0017202317249029875,6.704787
0.8473958333333252,-0.00343153509311378,0.008387933485209942,-0.004614654928445816,-0.001719506923109293,6.704787
0.8479166666666585,-0.003426750423386693,0.008380935527384281,-0.00460731890052557,-0.00171869364567101,6.704787
0.8484374999999919,-0.0034219417721033096,0.008373890072107315,-0.004599638748914003,-0.001717682578600943,6.704787
0.8489583333333252,-0.003417140804231167,0.008366856724023819,-0.004591348581016064,-0.0017170439241454005,6.704787
0.8494791666666585,-0.0034123340155929327,0.008359742350876331,-0.004584020469337702,-0.0017166304169222713,6.704787
0.8499999999999918,-0.003407473675906658,0.008352757431566715,-0.004576374311000109,-0.001715955208055675,6.704787
0.8505208333333251,-0.0034026242792606354,0.008345680311322212,-0.0045686149969697,-0.0017157822148874402,6.704787
0.8510416666666584,-0.003397733438760042,0.008338607847690582,-0.0045605991035699844,-0.001715669292025268,6.704787
0.8515624999999917,-0.0033928328193724155,0.008331522345542908,-0.0045525007881224155,-0.001715320162475109,6.704787
0.852083333333325,-0.0033879103139042854,0.008324399590492249,-0.0045441496185958385,-0.0017145025776699185,6.704787
0.8526041666666583,-0.0033829722087830305,0.008317245170474052,-0.004535934887826443,-0.001713785226456821,6.704787
0.8531249999999916,-0.003378030378371477,0.008310113102197647,-0.004527898970991373,-0.001713279983960092,6.704787
0.8536458333333249,-0.002994736423715949,0.008897806517779827,-0.003918050322681665,-0.01097528450191021,6.704787
0.8541666666666582,-0.0025739800184965134,0.009805897250771523,-0.0019388284999877214,-0.016709398478269577,6.704787
0.8546874999999915,-0.002145562320947647,0.010752870701253414,0.0005834795883856714,-0.02012612111866474,6.704787
0.8552083333333248,-0.0017127093160524964,0.011560012586414814,0.003326613688841462,-0.022266430780291557,6.704787
0.8557291666666581,-0.0012794706271961331,0.01223986316472292,0.0060417563654482365,-0.023698167875409126,6.704787
0.8562499999999914,-0.0008483596611768007,0.012815459631383419,0.008626662194728851,-0.024716664105653763,6.704787
0.8567708333333247,-0.00042160903103649616,0.013293570838868618,0.011015067808330059,-0.025483081117272377,6.704787
0.857291666666658,-2.035141733358614e-06,0.013692233711481094,0.013193445280194283,-0.026088161394000053,6.704787
0.8578124999999913,0.00040928611997514963,0.014024687930941582,0.015174641273915768,-0.026579003781080246,6.704787
0.8583333333333246,0.0008117104880511761,0.014310909435153008,0.01697937399148941,-0.026984909549355507,6.704787
0.8588541666666579,0.0012044243048876524,0.014566312544047832,0.018621517345309258,-0.02732679806649685,6.704787
0.8593749999999912,0.0015868827467784286,0.01480032131075859,0.020115777850151062,-0.02761766128242016,6.704787
0.8598958333333245,0.0019584086257964373,0.015018447302281857,0.02147660404443741,-0.027866918593645096,6.704787
0.8604166666666578,0.0023184549063444138,0.015223350375890732,0.022716622799634933,-0.028081394731998444,6.704787
0.8609374999999911,0.002666632179170847,0.01541619747877121,0.023846406489610672,-0.028265995904803276,6.704787
0.8614583333333244,0.003002641722559929,0.015598107129335403,0.024875713512301445,-0.028425633907318115,6.704787
0.8619791666666577,0.00332632870413363,0.015765279531478882,0.02581487037241459,-0.028562890365719795,6.704787
0.862499999999991,0.0036388433072715998,0.015911705791950226,0.02666880004107952,-0.02866407297551632,6.704787
0.8630208333333244,0.003938560374081135,0.01606873981654644,0.02746468409895897,-0.028748854994773865,6.704787
0.8635416666666577,0.004224785137921572,0.016205931082367897,0.028175756335258484,-0.028827056288719177,6.704787
0.864062499999991,0.00449854601174593,0.016338104382157326,0.028851613402366638,-0.028896082192659378,6.704787
0.8645833333333243,0.004762164317071438,0.01645823009312153,0.02963554859161377,-0.028978900983929634,6.704787
0.8651041666666576,0.0050134798511862755,0.016565242782235146,0.030361805111169815,-0.029043899849057198,6.704787
0.8656249999999909,0.0052523864433169365,0.016661586239933968,0.031035030260682106,-0.029092397540807724,6.704787
0.8661458333333242,0.005478879902511835,0.0167478509247303,0.03165929764509201,-0.02912573143839836,6.704787
0.8666666666666575,0.005692931357771158,0.01682407408952713,0.03223545476794243,-0.02914467081427574,6.704787
0.8671874999999908,0.005894591100513935,0.01689051277935505,0.03276916220784187,-0.029150284826755524,6.704787
0.8677083333333241,0.00608386704698205,0.016946863383054733,0.033262062817811966,-0.029142586514353752,6.704787
0.8682291666666574,0.006260788533836603,0.016993217170238495,0.03371515870094299,-0.029121218249201775,6.704787
0.8687499999999907,0.00642543938010931,0.017029451206326485,0.034131232649087906,-0.029087308794260025,6.704787
0.869270833333324,0.0065778698772192,0.017055366188287735,0.03451428934931755,-0.02904043346643448,6.704787
0.8697916666666573,0.006718144752085209,0.017071112990379333,0.034864164888858795,-0.028980810195207596,6.704787
0.8703124999999906,0.006846324540674686,0.0170766469091177,0.03518415614962578,-0.028908943757414818,6.704787
0.8708333333333239,0.0069624981842935085,0.01707196608185768,0.03547586873173714,-0.02882511168718338,6.704787
0.8713541666666572,0.007066727615892887,0.01705729216337204,0.03573914244771004,-0.028727976605296135,6.704787
0.8718749999999905,0.0071591222658753395,0.017032474279403687,0.03597884625196457,-0.028617922216653824,6.704787
0.8723958333333238,0.00723973149433732,0.0169975645840168,0.036195266991853714,-0.028494857251644135,6.704787
0.8729166666666571,0.007308642845600843,0.016952641308307648,0.03639013692736626,-0.028359072282910347,6.704787
0.8734374999999904,0.007365926634520292,0.01689779758453369,0.036562953144311905,-0.028209660202264786,6.704787
0.8739583333333237,0.007411730010062456,0.016833247616887093,0.03671752288937569,-0.02804754301905632,6.704787
0.874479166666657,0.007446190342307091,0.016759054735302925,0.03685253858566284,-0.027874015271663666,6.704787
0.8749999999999903,0.007469549309462309,0.01667567901313305,0.03696979582309723,-0.02768709510564804,6.704787
0.8755208333333236,0.007480111438781023,0.01658332347869873,0.03707300126552582,-0.0274899210780859,6.704787
0.876041666666657,0.007479403633624315,0.016481677070260048,0.03716717287898064,-0.027280552312731743,6.704787
0.8765624999999903,0.007471010554581881,0.016369212418794632,0.03725002706050873,-0.02705882303416729,6.704787
0.8770833333333236,0.007455441635102034,0.016245193779468536,0.037321463227272034,-0.026826249435544014,6.704787
0.8776041666666569,0.007432807236909866,0.016109798103570938,0.03737875819206238,-0.026582637801766396,6.704787
0.8781249999999902,0.007403209339827299,0.015964092686772346,0.037422243505716324,-0.026327673345804214,6.704787
0.8786458333333235,0.007366758771240711,0.015808332711458206,0.03745352849364281,-0.026061106473207474,6.704787
0.8791666666666568,0.00732358917593956,0.015643522143363953,0.037473902106285095,-0.025785503908991814,6.704787
0.8796874999999901,0.0072737499140203,0.015469982288777828,0.03748273849487305,-0.02549910545349121,6.704787
0.8802083333333234,0.007217384874820709,0.015288256108760834,0.037478044629096985,-0.025203391909599304,6.704787
0.8807291666666567,0.007154646795243025,0.015098398551344872,0.03746175765991211,-0.024898303672671318,6.704787
0.88124999999999,0.007085669320076704,0.014900866895914078,0.03743327781558037,-0.02458219975233078,6.704787
0.8817708333333233,0.007010650355368853,0.014695748686790466,0.037392422556877136,-0.024258112534880638,6.704787
0.8822916666666566,0.006929673254489899,0.014483491890132427,0.037338439375162125,-0.02392403781414032,6.704787
0.8828124999999899,0.006842915900051594,0.014264202676713467,0.0372718907892704,-0.023581717163324356,6.704787
0.8833333333333232,0.00675047654658556,0.014037752524018288,0.03719261661171913,-0.023229315876960754,6.704787
0.8838541666666565,0.006652550771832466,0.013804721646010876,0.0370996855199337,-0.022869093343615532,6.704787
0.8843749999999898,0.006549229845404625,0.01356631238013506,0.03699370101094246,-0.02250010333955288,6.704787
0.8848958333333231,0.006440661381930113,0.013321290723979473,0.03687429055571556,-0.022122656926512718,6.704787
0.8854166666666564,0.006326987408101559,0.013069801032543182,0.03674033656716347,-0.021736664697527885,6.704787
0.8859374999999897,0.00620837090536952,0.012813013046979904,0.0365939699113369,-0.021343963220715523,6.704787
0.886458333333323,0.006084883585572243,0.012549896724522114,0.036433544009923935,-0.0209422018378973,6.704787
0.8869791666666563,0.005956694483757019,0.012281393632292747,0.03625893220305443,-0.020533708855509758,6.704787
0.8874999999999896,0.005823922343552113,0.01200729887932539,0.03607046976685524,-0.020116837695240974,6.704787
0.8880208333333229,0.005686725489795208,0.011727589182555676,0.0358673594892025,-0.01969210058450699,6.704787
0.8885416666666562,0.005545277614146471,0.011442378163337708,0.03565194457769394,-0.019260868430137634,6.704787
0.8890624999999895,0.005399677902460098,0.011151421815156937,0.03542191907763481,-0.018821926787495613,6.704787
0.8895833333333228,0.005250089336186647,0.010854342021048069,0.0351795069873333,-0.0183759406208992,6.704787
0.8901041666666561,0.005096616689115763,0.0105508454144001,0.03492278978228569,-0.017922217026352882,6.704787
0.8906249999999895,0.004939410835504532,0.010241290554404259,0.0346541628241539,-0.017461474984884262,6.704787
0.8911458333333228,0.004778580740094185,0.009925504215061665,0.03437361866235733,-0.016993992030620575,6.704787
0.8916666666666561,0.0046142288483679295,0.009603932499885559,0.03408122807741165,-0.016519086435437202,6.704787
0.8921874999999894,0.0044464790262281895,0.009276124648749828,0.03377687186002731,-0.01603667065501213,6.704787
0.8927083333333227,0.00427549472078681,0.008942276239395142,0.03346099704504013,-0.015548992902040482,6.704787
0.893229166666656,0.004101353697478771,0.00860116071999073,0.03313393518328667,-0.015053479932248592,6.704787
0.8937499999999893,0.003924216143786907,0.008252806961536407,0.032796040177345276,-0.01455136388540268,6.704787
0.8942708333333226,0.003744219895452261,0.00789574533700943,0.03244737535715103,-0.014042493887245655,6.704787
0.8947916666666559,0.0035614771768450737,0.0075286561623215675,0.032089266926050186,-0.013527171686291695,6.704787
0.8953124999999892,0.003376089036464691,0.007151326164603233,0.031720712780952454,-0.013005510903894901,6.704787
0.8958333333333225,0.003189755603671074,0.00676795793697238,0.0313166119158268,-0.012482823804020882,6.704787
0.8963541666666558,0.0030068508349359035,0.0064090546220541,0.030828122049570084,-0.011971702799201012,6.704787
0.8968749999999891,0.002831650199368596,0.0060845594853162766,0.03028050996363163,-0.011466406285762787,6.704787
0.8973958333333224,0.0026659576687961817,0.005770463030785322,0.029714850708842278,-0.010966256260871887,6.704787
0.8979166666666557,0.0025087743997573853,0.0054833972826600075,0.029114296659827232,-0.010484342463314533,6.704787
0.898437499999989,0.002361579332500696,0.005229004193097353,0.028474142774939537,-0.010022979229688644,6.704787
0.8989583333333223,0.002224794588983059,0.004995643626898527,0.02779216319322586,-0.009588424116373062,6.704787
0.8994791666666556,0.0021002565044909716,0.004773207940161228,0.027074133977293968,-0.009186114184558392,6.704787
0.8999999999999889,0.001987691503018141,0.0045617991127073765,0.026356913149356842,-0.008810780011117458,6.704787
0.9005208333333222,0.0018857751274481416,0.004363670479506254,0.02565024048089981,-0.008458376862108707,6.704787
