Time,Pistoning (suspension_slide),Angle_X,Angle_Y,Angle_Z,Mean_Wall_Time_Sec
0.0010416666666666667,5.0957743951585144e-05,0.0006129423854872584,-1.0049259344668826e-06,-0.00019299621635582298,3.195638
0.0020833333333333333,5.2320749091450125e-05,0.0008655386627651751,2.4105022475851e-06,-0.0002875378413591534,3.195638
0.003125,5.088390753371641e-05,0.0010976851917803288,-5.36637435288867e-06,-0.0003769795875996351,3.195638
0.004166666666666667,4.942245868733153e-05,0.0013122388627380133,-1.4627345080953091e-05,-0.00046046244096942246,3.195638
0.005208333333333333,4.9493675760459155e-05,0.0015119389863684773,-2.242469236080069e-05,-0.0005377016495913267,3.195638
0.0062499999999999995,4.788515798281878e-05,0.0016952574951574206,-2.7831516490550712e-05,-0.0006109296227805316,3.195638
0.007291666666666666,4.6195225877454504e-05,0.0018648841651156545,-3.584360092645511e-05,-0.0006798028480261564,3.195638
0.008333333333333333,4.444384831003845e-05,0.002021593740209937,-4.2685293010436e-05,-0.0007446411182172596,3.195638
0.009375,4.262962829670869e-05,0.0021664900705218315,-4.824187999474816e-05,-0.0008055108482949436,3.195638
0.010416666666666666,4.074727985425852e-05,0.0023003476671874523,-5.256806980469264e-05,-0.0008626317139714956,3.195638
0.011458333333333333,3.880710937664844e-05,0.002424149541184306,-5.5923545005498454e-05,-0.000916526245418936,3.195638
0.012499999999999999,3.681253656395711e-05,0.0025391194503754377,-5.783010055893101e-05,-0.0009673553286120296,3.195638
0.013541666666666665,3.476818528724834e-05,0.0026451637968420982,-5.594471440417692e-05,-0.0010152269387617707,3.195638
0.014583333333333332,3.316365837235935e-05,0.0027438397519290447,-5.3584182751365006e-05,-0.0010599180823192,3.195638
0.015624999999999998,3.2112493499880657e-05,0.0028383980970829725,-5.171668090042658e-05,-0.001101703499443829,3.195638
0.016666666666666666,3.045617813768331e-05,0.0029229088686406612,-4.657841054722667e-05,-0.001141294720582664,3.195638
0.017708333333333333,2.8743712391587906e-05,0.003001699922606349,-4.015073136542924e-05,-0.0011797471670433879,3.195638
0.01875,2.6985457225237042e-05,0.003074262524023652,-3.588648542063311e-05,-0.0012158878380432725,3.195638
0.019791666666666666,2.5177860152325593e-05,0.0031415438279509544,-3.103665221715346e-05,-0.0012501096352934837,3.195638
0.020833333333333332,2.392474743828643e-05,0.003208473324775696,-2.5596680643502623e-05,-0.001282365876249969,3.195638
0.021875,2.2862155674374662e-05,0.0032729075755923986,-1.923328818520531e-05,-0.0013120457297191024,3.195638
0.022916666666666665,2.129428685293533e-05,0.0033305801916867495,-1.3539301107812207e-05,-0.0013419266324490309,3.195638
0.02395833333333333,1.9432996850810014e-05,0.0033829675521701574,-3.869903139275266e-06,-0.0013703260337933898,3.195638
0.024999999999999998,1.755333687469829e-05,0.0034318272955715656,4.521319624473108e-06,-0.001397139742039144,3.195638
0.026041666666666664,1.5662233636248857e-05,0.0034777894616127014,1.292696651944425e-05,-0.001422678935341537,3.195638
0.02708333333333333,1.3746692275162786e-05,0.0035222885198891163,2.168131868529599e-05,-0.0014472489710897207,3.195638
0.028124999999999997,1.1808034287241753e-05,0.0035647344775497913,3.0968047212809324e-05,-0.0014704014174640179,3.195638
0.029166666666666664,9.840813618211541e-06,0.0036055054515600204,4.024027657578699e-05,-0.0014926715521141887,3.195638
0.03020833333333333,7.855332114559133e-06,0.0036446410231292248,4.986626299796626e-05,-0.0015144342323765159,3.195638
0.031249999999999997,5.838814104208723e-06,0.0036831763572990894,5.94770499446895e-05,-0.0015356420772150159,3.195638
0.03229166666666666,3.861024197249208e-06,0.0037203975953161716,6.857149855932221e-05,-0.0015554481651633978,3.195638
0.03333333333333333,1.8698864323596354e-06,0.0037561252247542143,7.766576163703576e-05,-0.0015748068690299988,3.195638
0.034375,-6.07889205639367e-07,0.0037865934427827597,8.654759585624561e-05,-0.0015938732540234923,3.195638
0.03541666666666667,-2.737069735303521e-06,0.003813707735389471,9.355744259664789e-05,-0.001611522980965674,3.195638
0.03645833333333334,-4.756030648422893e-06,0.0038409135304391384,0.00010101408406626433,-0.001628456637263298,3.195638
0.03750000000000001,-6.908175691933138e-06,0.0038679081480950117,0.00010835961438715458,-0.0016446667723357677,3.195638
0.03854166666666668,-8.914912541513331e-06,0.0038946650456637144,0.00011553792137419805,-0.001660250942222774,3.195638
0.03958333333333335,-1.1083952813351061e-05,0.0039209784008562565,0.00012289409642107785,-0.0016755012329667807,3.195638
0.04062500000000002,-1.3073027730570175e-05,0.003946870565414429,0.00012987441732548177,-0.0016898951726034284,3.195638
0.04166666666666669,-1.5532757970504463e-05,0.003970504738390446,0.00013414642307907343,-0.0017038711812347174,3.195638
0.04270833333333336,-1.7709704479784705e-05,0.003996340092271566,0.00014131779607851058,-0.0017176367109641433,3.195638
0.04375000000000003,-1.9680552213685587e-05,0.0040213968604803085,0.00014821888180449605,-0.0017306769732385874,3.195638
0.0447916666666667,-2.188274265790824e-05,0.004045234061777592,0.00015509274089708924,-0.0017428426072001457,3.195638
0.04583333333333337,-2.3843813323765062e-05,0.004069276619702578,0.00016179216618184,-0.001754740602336824,3.195638
0.04687500000000004,-2.604984001663979e-05,0.00409290287643671,0.00016855490684974939,-0.001766147674061358,3.195638
0.04791666666666671,-2.7991405659122393e-05,0.004115660674870014,0.0001748507929733023,-0.0017765412339940667,3.195638
0.04895833333333338,-3.0196812076610513e-05,0.004138090182095766,0.00018128915689885616,-0.0017864641267806292,3.195638
0.05000000000000005,-3.2133884815266356e-05,0.004160312935709953,0.00018779504171106964,-0.001796208438463509,3.195638
0.05104166666666672,-3.442520392127335e-05,0.004179562907665968,0.00019220092508476228,-0.0018066071206703782,3.195638
0.05208333333333339,-3.685036062961444e-05,0.004198324400931597,0.00019567854178603739,-0.001816088450141251,3.195638
0.05312500000000006,-3.87791296816431e-05,0.004220074508339167,0.0002022546686930582,-0.0018249662825837731,3.195638
0.05416666666666673,-4.107929999008775e-05,0.004237856715917587,0.00020647572819143534,-0.0018338869558647275,3.195638
0.0552083333333334,-4.299244028516114e-05,0.004258373286575079,0.00021201824711170048,-0.001841400284320116,3.195638
0.05625000000000007,-4.529325815383345e-05,0.004275504965335131,0.0002163881727028638,-0.0018497271230444312,3.195638
0.05729166666666674,-4.7197041567415e-05,0.004295362159609795,0.0002220838941866532,-0.0018564496422186494,3.195638
0.05833333333333341,-4.94933410664089e-05,0.004311566706746817,0.00022642326075583696,-0.0018639855552464724,3.195638
0.05937500000000008,-5.0838345487136394e-05,0.004335378762334585,0.00022801761224400252,-0.0018669372657313943,3.195638
0.06041666666666675,-5.3035175369586796e-05,0.004353751894086599,0.00023395738389808685,-0.0018726482521742582,3.195638
0.06145833333333342,-5.489780232892372e-05,0.0043724533170461655,0.00023973954375833273,-0.0018785953288897872,3.195638
0.06250000000000008,-5.706215961254202e-05,0.004391244612634182,0.00024609369575046003,-0.0018838164396584034,3.195638
0.06354166666666675,-5.8918176364386454e-05,0.004409975837916136,0.00025198340881615877,-0.0018886512843891978,3.195638
0.06458333333333341,-6.107356603024527e-05,0.0044288611970841885,0.00025864140479825437,-0.0018938143039122224,3.195638
0.06562500000000007,-6.291898171184584e-05,0.004446419421583414,0.0002636384160723537,-0.0018981029279530048,3.195638
0.06666666666666674,-6.504026532638818e-05,0.004464197903871536,0.00026987618184648454,-0.0019016708247363567,3.195638
0.0677083333333334,-6.687182758469135e-05,0.004481696989387274,0.0002749300329014659,-0.0019058461766690016,3.195638
0.06875000000000006,-6.927710637683049e-05,0.004495695699006319,0.0002791458391584456,-0.0019107048865407705,3.195638
0.06979166666666672,-7.047519466141239e-05,0.0045183016918599606,0.000282968656392768,-0.0019123220117762685,3.195638
0.07083333333333339,-7.287374319275841e-05,0.004531849641352892,0.0002872900804504752,-0.001917544286698103,3.195638
0.07187500000000005,-7.409736281260848e-05,0.004553262144327164,0.00029092293698340654,-0.0019183546537533402,3.195638
0.07291666666666671,-7.64852884458378e-05,0.0045663947239518166,0.00029507276485674083,-0.0019229816971346736,3.195638
0.07395833333333338,-7.769906369503587e-05,0.0045850141905248165,0.0002964238519780338,-0.0019228204619139433,3.195638
0.07500000000000004,-7.989495497895405e-05,0.004594380501657724,0.00029973083292134106,-0.0019248616881668568,3.195638
0.0760416666666667,-8.043486741371453e-05,0.004603021778166294,0.000299290259135887,-0.0019202862167730927,3.195638
0.07708333333333336,-8.231385436374694e-05,0.0046026017516851425,0.0003004534519277513,-0.0019213436171412468,3.195638
0.07812500000000003,-8.287281525554135e-05,0.004607557784765959,0.0002993405214510858,-0.0019206887809559703,3.195638
0.07916666666666669,-8.450339373666793e-05,0.004606698639690876,0.0003015291877090931,-0.0019231103360652924,3.195638
0.08020833333333335,-8.617245475761592e-05,0.004604403395205736,0.000302080501569435,-0.001924605923704803,3.195638
0.08125000000000002,-8.723267092136666e-05,0.004619233310222626,0.00030302105005830526,-0.0019250119803473353,3.195638
0.08229166666666668,-8.909473399398848e-05,0.0046136993914842606,0.0003027079510502517,-0.0019256536616012454,3.195638
0.08333333333333334,-8.957289537647739e-05,0.0046195341274142265,0.00030346581479534507,-0.001925487769767642,3.195638
0.084375,-9.178751497529447e-05,0.004617059137672186,0.0003053702530451119,-0.0019274111837148666,3.195638
0.08541666666666667,-9.358528041047975e-05,0.004617690108716488,0.00030663813231512904,-0.0019294036319479346,3.195638
0.08645833333333333,-9.460155706619844e-05,0.004631440620869398,0.00030669686384499073,-0.0019292945507913828,3.195638
0.0875,-9.631006832933053e-05,0.004626653157174587,0.0003063439216930419,-0.0019307943293824792,3.195638
0.08854166666666666,-9.68203748925589e-05,0.004629567265510559,0.0003071405226364732,-0.0019306308822706342,3.195638
0.08958333333333332,-9.912937821354717e-05,0.004631041549146175,0.0003093825944233686,-0.001933203893713653,3.195638
0.09062499999999998,-0.00010092296724906191,0.004631820134818554,0.0003104462812189013,-0.001935015432536602,3.195638
0.09166666666666665,-0.00010194450442213565,0.004645091947168112,0.0003105571959167719,-0.00193492672406137,3.195638
0.09270833333333331,-0.00010365273919887841,0.004639949183911085,0.0003105581854470074,-0.0019356642151251435,3.195638
0.09374999999999997,-0.00010530353029025719,0.004637888167053461,0.0003106706717517227,-0.0019366625929251313,3.195638
0.09479166666666664,-0.00010641965491231531,0.004651076626032591,0.00031191331800073385,-0.001937709515914321,3.195638
0.0958333333333333,-0.00010804663907038048,0.004645481240004301,0.0003118466411251575,-0.0019388856599107385,3.195638
0.09687499999999996,-0.0001097549611586146,0.004643545486032963,0.00031228698207996786,-0.0019402704201638699,3.195638
0.09791666666666662,-0.00011079298565164208,0.004657837096601725,0.0003126619558315724,-0.0019405985949561,3.195638
0.09895833333333329,-0.0001126520219258964,0.004652960691601038,0.0003129711840301752,-0.0019412827678024769,3.195638
0.09999999999999995,-0.00011316504969727248,0.004658043850213289,0.00031350311473943293,-0.001941304188221693,3.195638
0.10104166666666661,-0.00011483174603199586,0.0046575539745390415,0.00031469116220250726,-0.0019431737018749118,3.195638
0.10208333333333328,-0.00011643088510027155,0.004654748365283012,0.00031486028456129134,-0.0019441115437075496,3.195638
0.10312499999999994,-0.00011750303383450955,0.0046685608103871346,0.00031534911249764264,-0.0019444365752860904,3.195638
0.1041666666666666,-0.00011925031139981002,0.0046633826568722725,0.0003149918047711253,-0.001945732394233346,3.195638
0.10520833333333326,-0.00011984714365098625,0.004667727742344141,0.0003152719000354409,-0.001945393392816186,3.195638
0.10624999999999993,-0.0001221125276060775,0.004668448120355606,0.0003170896088704467,-0.0019478832837194204,3.195638
0.10729166666666659,-0.0001238060649484396,0.004666282329708338,0.0003163125948049128,-0.0019488499965518713,3.195638
0.10833333333333325,-0.0001248746702913195,0.004680006764829159,0.00031682985718362033,-0.0019494713051244617,3.195638
0.10937499999999992,-0.0001264880265807733,0.00467447005212307,0.00031668259180150926,-0.0019504762021824718,3.195638
0.11041666666666658,-0.00012700915976893157,0.004677862860262394,0.0003171900170855224,-0.0019503425573930144,3.195638
0.11145833333333324,-0.00012883235467597842,0.004678263328969479,0.00031891270191408694,-0.0019527480471879244,3.195638
0.1124999999999999,-0.0001309230865444988,0.004679322708398104,0.00032130267936736345,-0.001955469138920307,3.195638
0.11354166666666657,-0.00013145226694177836,0.004686777014285326,0.000320676394039765,-0.0019576644990593195,3.195638
0.11458333333333323,-0.00013371434761211276,0.004687777254730463,0.00032334355637431145,-0.001960068242624402,3.195638
0.1156249999999999,-0.00013548776041716337,0.004688049666583538,0.0003246063133701682,-0.0019618249498307705,3.195638
0.11666666666666656,-0.00013651486369781196,0.004701860249042511,0.0003250735462643206,-0.0019620414823293686,3.195638
0.11770833333333322,-0.00013822512119077146,0.004696355666965246,0.00032515882048755884,-0.0019634051714092493,3.195638
0.11874999999999988,-0.0001398602471454069,0.004694089293479919,0.0003256478812545538,-0.0019643777050077915,3.195638
0.11979166666666655,-0.00014092186756897718,0.004707755986601114,0.0003264057158958167,-0.0019647604785859585,3.195638
0.12083333333333321,-0.0001426196249667555,0.004702492151409388,0.000326234323438257,-0.0019656717777252197,3.195638
0.12187499999999987,-0.00014308778918348253,0.004706546664237976,0.00032752612605690956,-0.0019657888915389776,3.195638
0.12291666666666654,-0.00014536638627760112,0.004707363899797201,0.00033005603472702205,-0.0019684340804815292,3.195638
0.1239583333333332,-0.00014713134441990405,0.004707579035311937,0.0003313798224553466,-0.001970126759260893,3.195638
0.12499999999999986,-0.0001481788494857028,0.004720673430711031,0.00033162819454446435,-0.0019704008009284735,3.195638
0.12604166666666652,-0.00014998602273408324,0.004721334204077721,0.000332735973643139,-0.0019710566848516464,3.195638
0.1270833333333332,-0.00015097353025339544,0.004734640475362539,0.00033340297522954643,-0.001971064368262887,3.195638
0.12812499999999985,-0.00015277399506885558,0.004734652582556009,0.00033486660686321557,-0.001972184283658862,3.195638
0.1291666666666665,-0.00015350499597843736,0.00474792905151844,0.00033556215930730104,-0.0019717528484761715,3.195638
0.13020833333333318,-0.00015529069059994072,0.004743372090160847,0.00033485254971310496,-0.0019729367922991514,3.195638
0.13124999999999984,-0.00015702942619100213,0.0047398521564900875,0.00033542769961059093,-0.001974140526726842,3.195638
0.1322916666666665,-0.00015820929547771811,0.004746464546769857,0.00033761930535547435,-0.001975651364773512,3.195638
0.13333333333333316,-0.00016013086133170873,0.004740413278341293,0.00033771010930649936,-0.001978186657652259,3.195638
0.13437499999999983,-0.0001619024551473558,0.004741705488413572,0.00033951608929783106,-0.0019800174050033092,3.195638
0.1354166666666665,-0.00016292578948196024,0.004755029454827309,0.00033964315662160516,-0.001980126602575183,3.195638
0.13645833333333315,-0.00016480160411447287,0.004754948895424604,0.0003410167992115021,-0.00198122370056808,3.195638
0.13749999999999982,-0.00016481554484926164,0.004755984991788864,0.0003409742203075439,-0.001983736641705036,3.195638
0.13854166666666648,-0.00016710595809854567,0.004758177790790796,0.00034366571344435215,-0.0019864169880747795,3.195638
0.13958333333333314,-0.00016885843069758266,0.0047583868727087975,0.00034452276304364204,-0.00198775390163064,3.195638
0.1406249999999998,-0.00016989896539598703,0.004771387670189142,0.0003452073724474758,-0.0019879855681210756,3.195638
0.14166666666666647,-0.00017175276298075914,0.004771346226334572,0.00034697045339271426,-0.0019892523996531963,3.195638
0.14270833333333313,-0.00017240400484297425,0.004777809139341116,0.0003470101801212877,-0.001989627256989479,3.195638
0.1437499999999998,-0.00017455665511079133,0.0047755190171301365,0.0003495259734336287,-0.001990620279684663,3.195638
0.14479166666666646,-0.00017609626229386777,0.004770305939018726,0.0003493485855869949,-0.001993179554119706,3.195638
0.14583333333333312,-0.00017673245747573674,0.0047756670974195,0.0003498200385365635,-0.001992260105907917,3.195638
0.14687499999999978,-0.00017897193902172148,0.004775376059114933,0.00035190198104828596,-0.0019947150722146034,3.195638
0.14791666666666645,-0.00018060836009681225,0.0047723110765218735,0.00035102604306302965,-0.0019953600130975246,3.195638
0.1489583333333331,-0.00018119624292012304,0.004780398216098547,0.00035224563907831907,-0.001996151637285948,3.195638
0.14999999999999977,-0.00018300366355106235,0.004778657574206591,0.00035301398020237684,-0.0019966475665569305,3.195638
0.15104166666666644,-0.00018470585928298533,0.004769803956151009,0.00035375257721170783,-0.002000383334234357,3.195638
0.1520833333333331,-0.00018701536464504898,0.004773008171468973,0.0003563343780115247,-0.002002972410991788,3.195638
0.15312499999999976,-0.00018875022942665964,0.004773638676851988,0.00035739867598749697,-0.0020046639256179333,3.195638
0.15416666666666642,-0.00018973773694597185,0.004787244368344545,0.00035791908157989383,-0.0020046730060130358,3.195638
0.1552083333333331,-0.000191552157048136,0.0047872597351670265,0.0003594176669139415,-0.0020058504305779934,3.195638
0.15624999999999975,-0.0001920326321851462,0.004793151281774044,0.0003592442371882498,-0.0020058092195540667,3.195638
0.1572916666666664,-0.00019424229685682803,0.004792322870343924,0.0003615276946220547,-0.0020074830390512943,3.195638
0.15833333333333308,-0.0001957429776666686,0.004787564277648926,0.00036177976289764047,-0.002010095166042447,3.195638
0.15937499999999974,-0.00019625933782663196,0.004791561514139175,0.00036209161044098437,-0.0020092688500881195,3.195638
0.1604166666666664,-0.0001981032983167097,0.004791362211108208,0.00036418208037503064,-0.002011387376114726,3.195638
0.16145833333333307,-0.00020014532492496073,0.00479286490008235,0.0003659138164948672,-0.0020137494429945946,3.195638
0.16249999999999973,-0.00020016032794956118,0.004799375310540199,0.00036563471076078713,-0.002015539910644293,3.195638
0.1635416666666664,-0.00020241258607711643,0.004800698254257441,0.0003679278015624732,-0.0020180700812488794,3.195638
0.16458333333333305,-0.00020414144091773778,0.0048011792823672295,0.0003693788021337241,-0.00201971223577857,3.195638
0.16562499999999972,-0.00020511524053290486,0.004814604297280312,0.00036981047014705837,-0.002019815379753709,3.195638
0.16666666666666638,-0.0002069403708446771,0.0048152366653084755,0.00037086434895172715,-0.002020230982452631,3.195638
0.16770833333333304,-0.00020753675198648125,0.004821132868528366,0.00037106822128407657,-0.002020602347329259,3.195638
0.1687499999999997,-0.00020977904205210507,0.004822035785764456,0.00037357417750172317,-0.0020229239016771317,3.195638
0.16979166666666637,-0.00021150379325263202,0.004822255577892065,0.00037508318200707436,-0.0020245288033038378,3.195638
0.17083333333333303,-0.00021247276163194329,0.004835470579564571,0.0003754558856599033,-0.0020244503393769264,3.195638
0.1718749999999997,-0.0002142996236216277,0.004835545551031828,0.00037701340625062585,-0.002025598892942071,3.195638
0.17291666666666636,-0.0002148843923350796,0.004842009395360947,0.00037679437082260847,-0.002025580033659935,3.195638
0.17395833333333302,-0.0002170958323404193,0.004842111375182867,0.0003790581540670246,-0.0020279502496123314,3.195638
0.17499999999999968,-0.00021881921566091478,0.004842504393309355,0.000380595593014732,-0.002029621973633766,3.195638
0.17604166666666635,-0.00021978160657454282,0.004855747800320387,0.00038075842894613743,-0.0020294238347560167,3.195638
0.177083333333333,-0.00022164106485433877,0.004855704493820667,0.00038225771277211607,-0.0020302452612668276,3.195638
0.17812499999999967,-0.00022220287064556032,0.00486138416454196,0.00038169632898643613,-0.002030289499089122,3.195638
0.17916666666666634,-0.00022394716506823897,0.004859809763729572,0.0003830821078736335,-0.0020308203529566526,3.195638
0.180208333333333,-0.00022609825828112662,0.0048574223183095455,0.0003854118112940341,-0.0020336767192929983,3.195638
0.18124999999999966,-0.00022770215582568198,0.00485427537932992,0.00038499245420098305,-0.0020347433164715767,3.195638
0.18229166666666632,-0.0002282092609675601,0.00486247893422842,0.0003858697018586099,-0.0020349991973489523,3.195638
0.183333333333333,-0.0002303889050381258,0.004861229099333286,0.0003879413998220116,-0.002036964287981391,3.195638
0.18437499999999965,-0.0002320987405255437,0.0048620738089084625,0.0003895965637639165,-0.002038814825937152,3.195638
0.1854166666666663,-0.00023311701079364866,0.004875468090176582,0.0003905240446329117,-0.002039305865764618,3.195638
0.18645833333333298,-0.00023496653011534363,0.004875453654676676,0.00039214262505993247,-0.0020401612855494022,3.195638
0.18749999999999964,-0.00023554787912871689,0.004881612956523895,0.0003914182016160339,-0.0020398448687046766,3.195638
0.1885416666666663,-0.00023776863235980272,0.00488195288926363,0.0003940091410186142,-0.002042429754510522,3.195638
0.18958333333333297,-0.00023947404406499118,0.0048822578974068165,0.0003955218708142638,-0.00204366073012352,3.195638
0.19062499999999963,-0.00024020246928557754,0.004894487094134092,0.0003961736219935119,-0.0020433468744158745,3.195638
0.1916666666666663,-0.00024196907179430127,0.004888139199465513,0.00039567879866808653,-0.0020444949623197317,3.195638
0.19270833333333295,-0.00024313430185429752,0.0049034422263503075,0.00039606369682587683,-0.002044372959062457,3.195638
0.19374999999999962,-0.0002446567523293197,0.004897636361420155,0.0003956792934332043,-0.0020453701727092266,3.195638
0.19479166666666628,-0.00024632865097373724,0.004894967656582594,0.00039576590643264353,-0.0020458665676414967,3.195638
0.19583333333333294,-0.0002470015315338969,0.0049034967087209225,0.0003960907051805407,-0.0020458176732063293,3.195638
0.1968749999999996,-0.00024915701942518353,0.004902430810034275,0.00039810925954952836,-0.0020484153646975756,3.195638
0.19791666666666627,-0.00025086908135563135,0.004902943968772888,0.0003996466693934053,-0.002049848437309265,3.195638
0.19895833333333293,-0.0002518330584280193,0.004916217178106308,0.0004003067151643336,-0.0020498386584222317,3.195638
0.1999999999999996,-0.0002536997781135142,0.004916490986943245,0.0004011739220004529,-0.0020506104920059443,3.195638
0.20104166666666626,-0.00025429215747863054,0.004922716878354549,0.00040124202496372163,-0.0020504212006926537,3.195638
0.20208333333333292,-0.0002564849564805627,0.004922905936837196,0.000403422920498997,-0.002052910393103957,3.195638
0.20312499999999958,-0.0002581879962235689,0.004922674037516117,0.0004050991265103221,-0.002054521581158042,3.195638
0.20416666666666625,-0.00025889751850627363,0.0049352627247571945,0.0004054682212881744,-0.0020538184326142073,3.195638
0.2052083333333329,-0.00026070131571032107,0.004934124648571014,0.00040658912621438503,-0.0020547856111079454,3.195638
0.20624999999999957,-0.0002621500170789659,0.004928418435156345,0.00040661313687451184,-0.002055760473012924,3.195638
0.20729166666666624,-0.00026316000730730593,0.004941691178828478,0.0004078487691003829,-0.0020566361490637064,3.195638
0.2083333333333329,-0.00026501892716623843,0.00494161294773221,0.00040913812699727714,-0.0020574701484292746,3.195638
0.20937499999999956,-0.000265611510258168,0.0049425819888710976,0.0004086929257027805,-0.0020587530452758074,3.195638
0.21041666666666622,-0.00026764688664115965,0.004942316096276045,0.0004099106590729207,-0.002059225458651781,3.195638
0.2114583333333329,-0.0002692748967092484,0.004938327707350254,0.0004093427851330489,-0.0020606480538845062,3.195638
0.21249999999999955,-0.00026998735847882926,0.004951248411089182,0.00041017920011654496,-0.0020602617878466845,3.195638
0.2135416666666662,-0.00027170934481546283,0.004945168737322092,0.00040956822340376675,-0.002061414299532771,3.195638
0.21458333333333288,-0.00027367763686925173,0.004946346394717693,0.00041194961522705853,-0.002063959836959839,3.195638
0.21562499999999954,-0.00027438424876891077,0.004961049649864435,0.0004116162599530071,-0.0020625919569283724,3.195638
0.2166666666666662,-0.00027636782033368945,0.004955241456627846,0.0004120964731555432,-0.0020660357549786568,3.195638
0.21770833333333287,-0.00027806058642454445,0.004956323187798262,0.0004136698553338647,-0.0020674197003245354,3.195638
0.21874999999999953,-0.00027924624737352133,0.0049706376157701015,0.00041406904347240925,-0.002067647408694029,3.195638
0.2197916666666662,-0.00028131113504059613,0.004971535410732031,0.0004157536313869059,-0.0020692013204097748,3.195638
0.22083333333333285,-0.00028197973733767867,0.004985351115465164,0.0004163584380876273,-0.002068299800157547,3.195638
0.22187499999999952,-0.00028405606281012297,0.004982052370905876,0.00041701854206621647,-0.0020717603620141745,3.195638
0.22291666666666618,-0.00028574367752298713,0.004982570186257362,0.0004188526072539389,-0.0020736411679536104,3.195638
0.22395833333333284,-0.00028688026941381395,0.004996768664568663,0.0004191180632915348,-0.0020735703874379396,3.195638
0.2249999999999995,-0.000288928160443902,0.004997096955776215,0.0004205618752166629,-0.002074906136840582,3.195638
0.22604166666666617,-0.0002889275492634624,0.0049972981214523315,0.0004202860582154244,-0.002077632350847125,3.195638
0.22708333333333283,-0.0002911498013418168,0.004997540265321732,0.00042207594378851354,-0.002080002333968878,3.195638
0.2281249999999995,-0.0002926581946667284,0.0049924422055482864,0.00042114101233892143,-0.0020808568224310875,3.195638
0.22916666666666616,-0.0002938396646641195,0.005006764084100723,0.0004222985007800162,-0.002081588376313448,3.195638
0.23020833333333282,-0.0002958837430924177,0.005007305182516575,0.0004239786649122834,-0.0020829876884818077,3.195638
0.23124999999999948,-0.00029654623358510435,0.005021956283599138,0.0004248263721819967,-0.0020817106124013662,3.195638
0.23229166666666615,-0.0002985750325024128,0.005016809795051813,0.0004251992213539779,-0.002085126703605056,3.195638
0.2333333333333328,-0.00030025685555301607,0.005017233546823263,0.0004269451310392469,-0.0020864768885076046,3.195638
0.23437499999999947,-0.0003009546489920467,0.0050288098864257336,0.00042772144661284983,-0.0020864647813141346,3.195638
0.23541666666666614,-0.00030312035232782364,0.005027447361499071,0.00042974078678525984,-0.0020886817947030067,3.195638
0.2364583333333328,-0.00030464003793895245,0.005022737663239241,0.00042893720092251897,-0.0020892112515866756,3.195638
0.23749999999999946,-0.0003058485744986683,0.005036849062889814,0.0004303818568587303,-0.0020900112576782703,3.195638
0.23854166666666612,-0.0003078872978221625,0.005037330090999603,0.00043227412970736623,-0.002091265982016921,3.195638
0.2395833333333328,-0.00030790240271016955,0.00504048727452755,0.0004307911731302738,-0.0020899067167192698,3.195638
0.24062499999999945,-0.00031011944520287216,0.005039719399064779,0.0004333708784542978,-0.002092225942760706,3.195638
0.2416666666666661,-0.0003115630825050175,0.005033663474023342,0.00043222421663813293,-0.002092783572152257,3.195638
0.24270833333333278,-0.0003135079168714583,0.005033917259424925,0.00043427268974483013,-0.0020951463375240564,3.195638
0.24374999999999944,-0.0003146275703329593,0.005047905724495649,0.0004345470224507153,-0.002093808725476265,3.195638
0.2447916666666661,-0.0003164961526636034,0.005040634423494339,0.0004344339540693909,-0.0020964457653462887,3.195638
0.24583333333333277,-0.00031817384297028184,0.0050417776219546795,0.00043612008448690176,-0.002098451368510723,3.195638
0.24687499999999943,-0.00031885382486507297,0.005053407046943903,0.0004367143556009978,-0.002098049968481064,3.195638
0.2479166666666661,-0.0003210113209206611,0.00505257910117507,0.0004385629727039486,-0.0021003293804824352,3.195638
0.24895833333333275,-0.0003225192485842854,0.005047688726335764,0.00043757481034845114,-0.0021007079631090164,3.195638
0.24999999999999942,-0.00032368238316848874,0.005061980336904526,0.0004386168147902936,-0.0021012926008552313,3.195638
0.2510416666666661,-0.000325716013321653,0.005062759388238192,0.0004403267812449485,-0.002102521015331149,3.195638
0.25208333333333277,-0.0003257342614233494,0.005066335666924715,0.0004394093994051218,-0.0021016469690948725,3.195638
0.25312499999999943,-0.00032793128048069775,0.005065686069428921,0.00044198063551448286,-0.002104205312207341,3.195638
0.2541666666666661,-0.00032937133801169693,0.005059452727437019,0.0004404841747600585,-0.0021045682951807976,3.195638
0.25520833333333276,-0.00033130255178548396,0.005060211289674044,0.00044218587572686374,-0.0021067734342068434,3.195638
0.2562499999999994,-0.0003319715615361929,0.005074650049209595,0.0004424436192493886,-0.002105529885739088,3.195638
0.2572916666666661,-0.00033399355015717447,0.005070130806416273,0.00044291745871305466,-0.002108562272042036,3.195638
0.25833333333333275,-0.0003356508386787027,0.0050704386085271835,0.0004448429390322417,-0.0021100868470966816,3.195638
0.2593749999999994,-0.0003363254072610289,0.00508200703188777,0.0004452831926755607,-0.002109866589307785,3.195638
0.2604166666666661,-0.00033847332815639675,0.005080583039671183,0.00044715660624206066,-0.0021123255137354136,3.195638
0.26145833333333274,-0.0003399685665499419,0.005075753200799227,0.00044623317080549896,-0.0021128286607563496,3.195638
0.2624999999999994,-0.00034115323796868324,0.005089623853564262,0.0004473811713978648,-0.002113648923113942,3.195638
0.26354166666666606,-0.0003431733639445156,0.005090105347335339,0.0004490095598157495,-0.0021148654632270336,3.195638
0.2645833333333327,-0.00034318375401198864,0.005092342384159565,0.0004479370836634189,-0.0021137131843715906,3.195638
0.2656249999999994,-0.00034540193155407906,0.005092769395560026,0.00045055404189042747,-0.002116094110533595,3.195638
0.26666666666666605,-0.00034649958251975477,0.005079309921711683,0.00044943488319404423,-0.0021184913348406553,3.195638
0.2677083333333327,-0.00034763349685817957,0.0050935386680066586,0.0004506527038756758,-0.002119080862030387,3.195638
0.2687499999999994,-0.0003496434073895216,0.005093032494187355,0.0004515415639616549,-0.0021196489688009024,3.195638
0.26979166666666604,-0.00035077950451523066,0.005107444245368242,0.0004521358641795814,-0.002118997508659959,3.195638
0.2708333333333327,-0.0003524379280861467,0.005102301482111216,0.0004524107789620757,-0.0021200308110564947,3.195638
0.27187499999999937,-0.00035375484731048346,0.005109879653900862,0.00045610565575771034,-0.0021224794909358025,3.195638
0.27291666666666603,-0.0003557369054760784,0.005110751837491989,0.0004579426604323089,-0.002124286023899913,3.195638
0.2739583333333327,-0.00035573981585912406,0.005111518315970898,0.0004576973442453891,-0.0021262981463223696,3.195638
0.27499999999999936,-0.0003579433832783252,0.00511131389066577,0.00045971552026458085,-0.0021286485716700554,3.195638
0.276041666666666,-0.00035937828943133354,0.0051057906821370125,0.00045824472908861935,-0.0021289060823619366,3.195638
0.2770833333333327,-0.00036129713407717645,0.005106552969664335,0.0004601601103786379,-0.002130937995389104,3.195638
0.27812499999999934,-0.00036130298394709826,0.005107266362756491,0.0004604525747708976,-0.0021335978526622057,3.195638
0.279166666666666,-0.0003635058819781989,0.005106676369905472,0.0004624989232979715,-0.002135851653292775,3.195638
0.28020833333333267,-0.00036494116648100317,0.0051011862233281136,0.00046127240057103336,-0.0021362043917179108,3.195638
0.28124999999999933,-0.00036612534313462675,0.0051151760853827,0.0004623593995347619,-0.002137172967195511,3.195638
0.282291666666666,-0.00036815303610637784,0.005116044543683529,0.0004641107516363263,-0.002138253301382065,3.195638
0.28333333333333266,-0.0003681690141092986,0.005120045971125364,0.000463723175926134,-0.002137587871402502,3.195638
0.2843749999999993,-0.0003703602706082165,0.005119366571307182,0.0004659120459109545,-0.0021399587858468294,3.195638
0.285416666666666,-0.00037150830030441284,0.005108265206217766,0.0004654946969822049,-0.0021417944226413965,3.195638
0.28645833333333265,-0.00037269023596309125,0.005122109316289425,0.0004666477325372398,-0.0021427294705063105,3.195638
0.2874999999999993,-0.00037471714313142,0.005122857633978128,0.00046812446089461446,-0.002143890131264925,3.195638
0.288541666666666,-0.0003747292794287205,0.005126467905938625,0.00046764887520112097,-0.0021429890766739845,3.195638
0.28958333333333264,-0.00037691311445087194,0.00512573029845953,0.00047010747948661447,-0.0021452521905303,3.195638
0.2906249999999993,-0.0003783038991969079,0.0051202960312366486,0.00046825665049254894,-0.0021456582471728325,3.195638
0.29166666666666596,-0.000379524368327111,0.005134556908160448,0.0004697811382357031,-0.002146658254787326,3.195638
0.2927083333333326,-0.00038154091453179717,0.005135127808898687,0.0004715041723102331,-0.0021478214766830206,3.195638
0.2937499999999993,-0.0003815527306869626,0.005138494074344635,0.00047028937842696905,-0.0021463765297085047,3.195638
0.29479166666666595,-0.00038373604184016585,0.00513773038983345,0.00047321515739895403,-0.002149053383618593,3.195638
0.2958333333333326,-0.00038512182072736323,0.005132090300321579,0.0004716360999736935,-0.0021493411622941494,3.195638
0.2968749999999993,-0.00038632331416010857,0.005146268289536238,0.0004736622213385999,-0.0021506110206246376,3.195638
0.29791666666666594,-0.0003883356985170394,0.005146779119968414,0.0004752652021124959,-0.0021517423447221518,3.195638
0.2989583333333326,-0.000388337328331545,0.00514784874394536,0.00047573077608831227,-0.0021542052272707224,3.195638
0.29999999999999927,-0.00039000995457172394,0.00514809088781476,0.0004772558168042451,-0.0021556178107857704,3.195638
0.30104166666666593,-0.000390641886042431,0.0051605552434921265,0.00047761929454281926,-0.002154923975467682,3.195638
0.3020833333333326,-0.00039191756513901055,0.005154052283614874,0.0004763322358485311,-0.00215535843744874,3.195638
0.30312499999999926,-0.0003931380342692137,0.005167710594832897,0.00047723023453727365,-0.0021563605405390263,3.195638
0.3041666666666659,-0.000395129231037572,0.005167417228221893,0.00047853702562861145,-0.002156808041036129,3.195638
0.3052083333333326,-0.00039572760579176247,0.00518179452046752,0.0004790674429386854,-0.0021555933635681868,3.195638
0.30624999999999925,-0.00039742395165376365,0.0051803793758153915,0.00047941910452209413,-0.0021568231750279665,3.195638
0.3072916666666659,-0.0003979475877713412,0.00518242409452796,0.0004796154098585248,-0.0021563370246440172,3.195638
0.30833333333333257,-0.0003995664301328361,0.005182924214750528,0.0004805809585377574,-0.0021574313286691904,3.195638
0.30937499999999923,-0.0004001333436463028,0.005185974296182394,0.00048073750804178417,-0.002158048562705517,3.195638
0.3104166666666659,-0.00040231479215435684,0.005185443442314863,0.0004826327203772962,-0.0021603021305054426,3.195638
0.31145833333333256,-0.0004038774350192398,0.005178998224437237,0.0004808826488442719,-0.002160260220989585,3.195638
0.3124999999999992,-0.0004057556507177651,0.005180174019187689,0.00048268327373079956,-0.00216199760325253,3.195638
0.3135416666666659,-0.0004057720070704818,0.00518448231741786,0.0004837535961996764,-0.002164835575968027,3.195638
0.31458333333333255,-0.00040794225060380995,0.005183979403227568,0.00048561900621280074,-0.0021671170834451914,3.195638
0.3156249999999992,-0.0004095137119293213,0.00517824525013566,0.0004831073456443846,-0.0021665948443114758,3.195638
0.3166666666666659,-0.00041140196844935417,0.005179394502192736,0.00048505698214285076,-0.0021685075480490923,3.195638
0.31770833333333254,-0.000411419925512746,0.005183748435229063,0.0004849944671150297,-0.0021708484273403883,3.195638
0.3187499999999992,-0.0004135829221922904,0.0051835766062140465,0.0004872784193139523,-0.002173131564632058,3.195638
0.31979166666666586,-0.00041515479097142816,0.005177962593734264,0.00048514906666241586,-0.002172822365537286,3.195638
0.3208333333333325,-0.00041704002069309354,0.005179144907742739,0.0004871836572419852,-0.0021746738348156214,3.195638
0.3218749999999992,-0.00041705684270709753,0.005184064619243145,0.00048690452240407467,-0.0021768349688500166,3.195638
0.32291666666666585,-0.0004192172200419009,0.005183565430343151,0.0004890720010735095,-0.0021789611782878637,3.195638
0.3239583333333325,-0.0004207880701869726,0.005178164225071669,0.00048715437878854573,-0.002178692724555731,3.195638
0.3249999999999992,-0.00042268220568075776,0.005179825238883495,0.0004893656587228179,-0.0021808971650898457,3.195638
0.32604166666666584,-0.0004226973105687648,0.005184984300285578,0.000489085796289146,-0.002183259930461645,3.195638
0.3270833333333325,-0.0004248572513461113,0.005184783134609461,0.000491229584440589,-0.0021855421364307404,3.195638
0.32812499999999917,-0.00042645432404242456,0.005185483023524284,0.0004931064322590828,-0.0021870946511626244,3.195638
0.32916666666666583,-0.00042761059012264013,0.005199090112000704,0.0004943038220517337,-0.0021875612437725067,3.195638
0.3302083333333325,-0.0004296043189242482,0.0052001080475747585,0.0004959975485689938,-0.002188336569815874,3.195638
0.33124999999999916,-0.0004296160477679223,0.005204137414693832,0.0004956164630129933,-0.0021873789373785257,3.195638
0.3322916666666658,-0.00043178259511478245,0.005203729495406151,0.0004979906370863318,-0.0021896623075008392,3.195638
0.3333333333333325,-0.0004332885146141052,0.005197457503527403,0.000495556800160557,-0.002189201069995761,3.195638
0.33437499999999915,-0.00043515273137018085,0.005199235398322344,0.0004974519251845777,-0.0021911386866122484,3.195638
0.3354166666666658,-0.00043516032746993005,0.005200088955461979,0.0004965292755514383,-0.002193053252995014,3.195638
0.33645833333333247,-0.00043681179522536695,0.005201488733291626,0.0004975645570084453,-0.0021938495337963104,3.195638
0.33749999999999913,-0.00043747277231886983,0.005213625729084015,0.0004980668891221285,-0.0021938348654657602,3.195638
0.3385416666666658,-0.0004387433873489499,0.005207699723541737,0.0004975014016963542,-0.0021944469772279263,3.195638
0.33958333333333246,-0.0004399270983412862,0.005221543833613396,0.0004989074659533799,-0.002195288660004735,3.195638
0.3406249999999991,-0.0004419171018525958,0.00522202905267477,0.0005001026438549161,-0.002195771550759673,3.195638
0.3416666666666658,-0.00044253389933146536,0.005237248260527849,0.0005013046320527792,-0.002194800414144993,3.195638
0.34270833333333245,-0.00044451147550716996,0.00523353461176157,0.000501875882036984,-0.0021976956631988287,3.195638
0.3437499999999991,-0.0022671620827168226,0.00022881886980030686,-7.915245078038424e-05,-0.00046761936391703784,3.195638
0.3447916666666658,-0.004582791589200497,0.001830986118875444,-0.0013058371841907501,-0.000480575836263597,3.195638
0.34583333333333244,-0.00607009744271636,0.004591579083353281,-0.0022702859714627266,-0.0006877511623315513,3.195638
0.3468749999999991,-0.0069878739304840565,0.006754165980964899,-0.0029400268103927374,-0.0008434801711700857,3.195638
0.34791666666666576,-0.007508440408855677,0.008336118422448635,-0.0034144348464906216,-0.0009951076935976744,3.195638
0.3489583333333324,-0.0077729178592562675,0.009496355429291725,-0.003723956411704421,-0.0011486512375995517,3.195638
0.3499999999999991,-0.007876742631196976,0.010359423235058784,-0.0038724136538803577,-0.0013031435664743185,3.195638
0.35104166666666575,-0.007896052673459053,0.010886498726904392,-0.0038889353163540363,-0.0014893708284944296,3.195638
0.3520833333333324,-0.007886195555329323,0.011293815448880196,-0.0039019340183585882,-0.0017123016295954585,3.195638
0.3531249999999991,-0.007865739986300468,0.011701454408466816,-0.003868226194754243,-0.0019404191989451647,3.195638
0.35416666666666574,-0.007844294421374798,0.012087610550224781,-0.003819250501692295,-0.002167125465348363,3.195638
0.3552083333333324,-0.007820398546755314,0.01244055014103651,-0.0037843857426196337,-0.0023732937406748533,3.195638
0.35624999999999907,-0.007878738455474377,0.01306193694472313,-0.0038142804987728596,-0.0027129496447741985,3.195638
0.35729166666666573,-0.007889341562986374,0.013366833329200745,-0.0038105067797005177,-0.002946361666545272,3.195638
0.3583333333333324,-0.00787787139415741,0.013635440729558468,-0.0038089470472186804,-0.0031337884720414877,3.195638
0.35937499999999906,-0.00785988848656416,0.01387837529182434,-0.003770444542169571,-0.0033207510132342577,3.195638
0.3604166666666657,-0.00784477312117815,0.01411436963826418,-0.0037308165337890387,-0.0034997710026800632,3.195638
0.3614583333333324,-0.00782660860568285,0.014324312098324299,-0.0036944581661373377,-0.0036653599236160517,3.195638
0.36249999999999905,-0.007813108153641224,0.014527223072946072,-0.003658248344436288,-0.00382403377443552,3.195638
0.3635416666666657,-0.007797646801918745,0.014678661711513996,-0.0036226962693035603,-0.00397082231938839,3.195638
0.36458333333333237,-0.007787227164953947,0.014827234670519829,-0.003583975601941347,-0.004114422015845776,3.195638
0.36562499999999903,-0.007773922756314278,0.014960618689656258,-0.00355341169051826,-0.004243627190589905,3.195638
0.3666666666666657,-0.007767325732856989,0.01509182434529066,-0.003519471036270261,-0.004367077723145485,3.195638
0.36770833333333236,-0.007755950093269348,0.015210932120680809,-0.003492662450298667,-0.0044815195724368095,3.195638
0.368749999999999,-0.007751500699669123,0.015302564017474651,-0.003472877899184823,-0.0045930505730211735,3.195638
0.3697916666666657,-0.007742154411971569,0.015380778349936008,-0.003466770751401782,-0.004694296047091484,3.195638
0.37083333333333235,-0.00773764168843627,0.015467314049601555,-0.0034460360184311867,-0.0047967638820409775,3.195638
0.371874999999999,-0.007728731259703636,0.015539179556071758,-0.0034396564587950706,-0.004885978996753693,3.195638
0.3729166666666657,-0.007725898176431656,0.01562341395765543,-0.003419844899326563,-0.004973666742444038,3.195638
0.37395833333333234,-0.007717585656791925,0.015689872205257416,-0.003413177328184247,-0.005052746273577213,3.195638
0.374999999999999,-0.007715052925050259,0.015770385041832924,-0.003393028862774372,-0.005132138263434172,3.195638
0.37604166666666566,-0.007707362528890371,0.015832319855690002,-0.003386272583156824,-0.0052015213295817375,3.195638
0.3770833333333323,-0.007705212105065584,0.01591055653989315,-0.0033658433239907026,-0.005272620357573032,3.195638
0.378124999999999,-0.0076978774741292,0.015967193990945816,-0.003356472123414278,-0.005334639921784401,3.195638
0.37916666666666565,-0.007696071173995733,0.01604260690510273,-0.0033365259878337383,-0.005397566594183445,3.195638
0.3802083333333323,-0.007689087186008692,0.01609528623521328,-0.003327063051983714,-0.005451669450849295,3.195638
0.381249999999999,-0.007687001954764128,0.016166318207979202,-0.0033073043450713158,-0.0055099171586334705,3.195638
0.38229166666666564,-0.007680519949644804,0.016216181218624115,-0.0032974970526993275,-0.0055573005229234695,3.195638
0.3833333333333323,-0.007678772322833538,0.016285371035337448,-0.0032779257744550705,-0.005609316751360893,3.195638
0.38437499999999897,-0.007672655396163464,0.016332535073161125,-0.003267898689955473,-0.005650155711919069,3.195638
0.38541666666666563,-0.007671868894249201,0.016403090208768845,-0.003250197507441044,-0.005695845000445843,3.195638
0.3864583333333323,-0.00766515638679266,0.016446469351649284,-0.0032418929040431976,-0.005731206852942705,3.195638
0.38749999999999896,-0.007664581295102835,0.016514921560883522,-0.003225269727408886,-0.005771435331553221,3.195638
0.3885416666666656,-0.007657746318727732,0.016554825007915497,-0.0032179737463593483,-0.005802132189273834,3.195638
0.3895833333333323,-0.0076570711098611355,0.016620703041553497,-0.0032008723355829716,-0.00583750382065773,3.195638
0.39062499999999895,-0.007651128806173801,0.016659369692206383,-0.003193207550793886,-0.005864142440259457,3.195638
0.3916666666666656,-0.007651142776012421,0.016727326437830925,-0.0031783690210431814,-0.005895666312426329,3.195638
0.39270833333333227,-0.0076440246775746346,0.01676163077354431,-0.003174019744619727,-0.005918203387409449,3.195638
0.39374999999999893,-0.007643445860594511,0.016823021695017815,-0.003158359322696924,-0.0059454659931361675,3.195638
0.3947916666666656,-0.007638041395694017,0.016856996342539787,-0.003152034245431423,-0.005965054500848055,3.195638
0.39583333333333226,-0.007638036739081144,0.016922343522310257,-0.0031377975828945637,-0.005991077981889248,3.195638
0.3968749999999989,-0.007631564047187567,0.01695183850824833,-0.0031339810229837894,-0.006007426884025335,3.195638
0.3979166666666656,-0.007631638087332249,0.017014440149068832,-0.003120546694844961,-0.006029180716723204,3.195638
0.39895833333333225,-0.007625514641404152,0.0170187596231699,-0.003121823538094759,-0.006043157074600458,3.195638
0.3999999999999989,-0.007625183556228876,0.01706562377512455,-0.003113535465672612,-0.006064340006560087,3.195638
0.4010416666666656,-0.007621369324624538,0.017073413357138634,-0.0031127091497182846,-0.006079351995140314,3.195638
0.40208333333333224,-0.007622008677572012,0.01712641678750515,-0.003104912582784891,-0.006099349819123745,3.195638
0.4031249999999989,-0.007616240531206131,0.017121396958827972,-0.0031080665066838264,-0.006110312882810831,3.195638
0.40416666666666556,-0.007616078946739435,0.017165759578347206,-0.0031002452597022057,-0.006126812659204006,3.195638
0.4052083333333322,-0.0076134284026920795,0.01717490889132023,-0.0031005525961518288,-0.006135876756161451,3.195638
0.4062499999999989,-0.007614629343152046,0.017225278541445732,-0.00309199932962656,-0.006156018003821373,3.195638
0.40729166666666555,-0.007607878651469946,0.017212463542819023,-0.003099168185144663,-0.006162202451378107,3.195638
0.4083333333333322,-0.007607945706695318,0.017245415598154068,-0.00308823399245739,-0.006174169946461916,3.195638
0.4093749999999989,-0.007606788072735071,0.017259949818253517,-0.003088745754212141,-0.00618214113637805,3.195638
0.41041666666666554,-0.007607278414070606,0.01730327121913433,-0.0030827235896140337,-0.006199963390827179,3.195638
0.4114583333333322,-0.007603888865560293,0.017302880063652992,-0.0030860709957778454,-0.006203511264175177,3.195638
0.41249999999999887,-0.0076048304326832294,0.017346642911434174,-0.0030770432204008102,-0.00621854467317462,3.195638
0.41354166666666553,-0.007599344477057457,0.017333684489130974,-0.0030840816907584667,-0.006220382638275623,3.195638
0.4145833333333322,-0.007599521428346634,0.017369264736771584,-0.0030766138806939125,-0.006231175735592842,3.195638
0.41562499999999886,-0.007596658077090979,0.01736929453909397,-0.0030804616399109364,-0.0062336367554962635,3.195638
0.4166666666666655,-0.00759725971147418,0.017412008717656136,-0.0030709111597388983,-0.0062482282519340515,3.195638
0.4177083333333322,-0.0075928340665996075,0.017402291297912598,-0.0030770753510296345,-0.006247141398489475,3.195638
0.41874999999999885,-0.0075928098522126675,0.01743941381573677,-0.0030676887836307287,-0.0062587386928498745,3.195638
0.4197916666666655,-0.007590658962726593,0.017441382631659508,-0.00307096098549664,-0.006257307715713978,3.195638
0.42083333333333217,-0.0075929840095341206,0.017483705654740334,-0.003062737872824073,-0.006270906887948513,3.195638
0.42187499999999883,-0.007584506180137396,0.017451319843530655,-0.003077872097492218,-0.006264342926442623,3.195638
0.4229166666666655,-0.007582423742860556,0.017461581155657768,-0.003070018719881773,-0.0062681566923856735,3.195638
0.42395833333333216,-0.00758338300511241,0.017493870109319687,-0.003067289711907506,-0.006275522988289595,3.195638
0.4249999999999988,-0.007579072844237089,0.017479844391345978,-0.00307480338960886,-0.006272058468312025,3.195638
0.4260416666666655,-0.007579184137284756,0.01751348376274109,-0.0030662757344543934,-0.00628120731562376,3.195638
0.42708333333333215,-0.007577224168926477,0.017514003440737724,-0.0030702899675816298,-0.006275927647948265,3.195638
0.4281249999999988,-0.007579605095088482,0.01755368895828724,-0.00306190038099885,-0.006288460455834866,3.195638
0.4291666666666655,-0.007571264170110226,0.017519325017929077,-0.0030777219217270613,-0.006280154921114445,3.195638
0.43020833333333214,-0.00756912911310792,0.01752646267414093,-0.003068545600399375,-0.006282594054937363,3.195638
0.4312499999999988,-0.007570110727101564,0.0175539031624794,-0.003067266196012497,-0.006286122836172581,3.195638
0.43229166666666546,-0.00758082140237093,0.017413239926099777,-0.00305855181068182,-0.006312080193310976,3.195638
0.4333333333333321,-0.00757155567407608,0.017363904044032097,-0.0030506004113703966,-0.006311884615570307,3.195638
0.4343749999999988,-0.007564412895590067,0.017325548455119133,-0.003053089138120413,-0.006313047371804714,3.195638
0.43541666666666545,-0.007562747225165367,0.017268361523747444,-0.0030214968137443066,-0.00632688170298934,3.195638
0.4364583333333321,-0.007558122742921114,0.01722746528685093,-0.003015912836417556,-0.0063301012851297855,3.195638
0.4374999999999988,-0.007553363684564829,0.017185598611831665,-0.0030016915407031775,-0.006335106678307056,3.195638
0.43854166666666544,-0.007548712193965912,0.01714472845196724,-0.002988997381180525,-0.006338994950056076,3.195638
0.4395833333333321,-0.007543954998254776,0.017104998230934143,-0.0029760932084172964,-0.006342010106891394,3.195638
0.44062499999999877,-0.007539229933172464,0.017066288739442825,-0.0029634523671120405,-0.006344828754663467,3.195638
0.44166666666666543,-0.00753445690497756,0.017029229551553726,-0.002950505120679736,-0.006347269285470247,3.195638
0.4427083333333321,-0.0075297788716852665,0.016993071883916855,-0.0029378491453826427,-0.006349992472678423,3.195638
0.44374999999999876,-0.007525011897087097,0.016958126798272133,-0.0029245601035654545,-0.0063511403277516365,3.195638
0.4447916666666654,-0.007520269136875868,0.01692408323287964,-0.0029108733870089054,-0.006352367345243692,3.195638
0.4458333333333321,-0.007515571545809507,0.01689123548567295,-0.0028972793370485306,-0.0063538565300405025,3.195638
0.44687499999999875,-0.007510927505791187,0.016859091818332672,-0.0028829381335526705,-0.006355141289532185,3.195638
0.4479166666666654,-0.007514846511185169,0.0168575718998909,-0.002852272242307663,-0.006338849663734436,3.195638
0.44895833333333207,-0.0075059691444039345,0.016818305477499962,-0.0028953503351658583,-0.006337624508887529,3.195638
0.44999999999999873,-0.007501190062612295,0.016803307458758354,-0.002908864291384816,-0.006338347680866718,3.195638
0.4510416666666654,-0.007500591222196817,0.016802342608571053,-0.0029113723430782557,-0.006335881073027849,3.195638
0.45208333333333206,-0.007500454317778349,0.0168034415692091,-0.00291169504635036,-0.006335428915917873,3.195638
0.4531249999999987,-0.0074997697956860065,0.016803709790110588,-0.0029106843285262585,-0.006334623321890831,3.195638
0.4541666666666654,-0.007499390747398138,0.01680285669863224,-0.0029091231990605593,-0.006335430312901735,3.195638
0.45520833333333205,-0.007498539984226227,0.016802364960312843,-0.0029055767226964235,-0.006335506681352854,3.195638
0.4562499999999987,-0.007499022409319878,0.01680333912372589,-0.002901247702538967,-0.006337331607937813,3.195638
0.4572916666666654,-0.007496454752981663,0.016795402392745018,-0.0029012667946517467,-0.006338335108011961,3.195638
0.45833333333333204,-0.007495788391679525,0.01679183915257454,-0.0028963936492800713,-0.00634129298850894,3.195638
0.4593749999999987,-0.007495268248021603,0.01679244078695774,-0.0028900550678372383,-0.006343362852931023,3.195638
0.46041666666666536,-0.007495599333196878,0.01679922267794609,-0.0028956281021237373,-0.006342179607599974,3.195638
0.461458333333332,-0.007497567217797041,0.016847137361764908,-0.0028819546569138765,-0.006357555743306875,3.195638
0.4624999999999987,-0.007492636330425739,0.016863316297531128,-0.002869930351153016,-0.006360341794788837,3.195638
0.46354166666666535,-0.007492780685424805,0.01689496822655201,-0.002861386863514781,-0.006366898771375418,3.195638
0.464583333333332,-0.00749311875551939,0.016907619312405586,-0.0028574741445481777,-0.006372123956680298,3.195638
0.4656249999999987,-0.007491524796932936,0.01692068763077259,-0.002854967722669244,-0.006374550051987171,3.195638
0.46666666666666534,-0.007492600008845329,0.016945913434028625,-0.002847774885594845,-0.006381351500749588,3.195638
0.467708333333332,-0.0074900067411363125,0.016945146024227142,-0.0028510207775980234,-0.006381532642990351,3.195638
0.46874999999999867,-0.00749013340100646,0.01696905680000782,-0.0028441466856747866,-0.0063849217258393764,3.195638
0.46979166666666533,-0.007490325253456831,0.016981154680252075,-0.0028434982523322105,-0.006390322931110859,3.195638
0.470833333333332,-0.007489972282201052,0.016997871920466423,-0.002839277731254697,-0.00639394111931324,3.195638
0.47187499999999866,-0.007490723859518766,0.017017962411046028,-0.002835133345797658,-0.006400374695658684,3.195638
0.4729166666666653,-0.00748899532482028,0.017024684697389603,-0.002831475343555212,-0.006401168182492256,3.195638
0.473958333333332,-0.007489763665944338,0.017049280926585197,-0.0028235390782356262,-0.006407276727259159,3.195638
0.47499999999999865,-0.007488246541470289,0.0170524250715971,-0.0028239332605153322,-0.006409863941371441,3.195638
0.4760416666666653,-0.007488775532692671,0.017075851559638977,-0.002816598629578948,-0.006414917763322592,3.195638
0.47708333333333197,-0.007488807197660208,0.017085503786802292,-0.0028144584503024817,-0.0064198607578873634,3.195638
0.47812499999999863,-0.007487285416573286,0.017095066606998444,-0.0028105482924729586,-0.006422384176403284,3.195638
0.4791666666666653,-0.0074892230331897736,0.01712021417915821,-0.0028018467128276825,-0.006431254558265209,3.195638
0.48020833333333196,-0.0074853477999567986,0.017110560089349747,-0.002804360818117857,-0.006430584937334061,3.195638
0.4812499999999986,-0.007485771551728249,0.01713651977479458,-0.0027951193042099476,-0.006434553302824497,3.195638
0.4822916666666653,-0.0074862283654510975,0.017144273966550827,-0.0027940357103943825,-0.006440345197916031,3.195638
0.48333333333333195,-0.00748404348269105,0.017148589715361595,-0.0027926857583224773,-0.006439459975808859,3.195638
0.4843749999999986,-0.0074846940115094185,0.01716872677206993,-0.002785077318549156,-0.0064439233392477036,3.195638
0.4854166666666653,-0.007484766189008951,0.017177078872919083,-0.0027843827847391367,-0.006447309628129005,3.195638
0.48645833333333194,-0.007483170833438635,0.017182670533657074,-0.002781450981274247,-0.00644618971273303,3.195638
0.4874999999999986,-0.0074841720052063465,0.017202291637659073,-0.002774864435195923,-0.006450604647397995,3.195638
0.48854166666666526,-0.007482421584427357,0.017202120274305344,-0.002775318920612335,-0.00644912151619792,3.195638
0.4895833333333319,-0.007483083754777908,0.017220813781023026,-0.0027687253896147013,-0.006451573222875595,3.195638
0.4906249999999986,-0.007484016008675098,0.017213309183716774,-0.0027847851160913706,-0.006463579833507538,3.195638
0.49166666666666525,-0.007480635307729244,0.017183391377329826,-0.002791977720335126,-0.006464961916208267,3.195638
0.4927083333333319,-0.007479693274945021,0.017164602875709534,-0.002785777673125267,-0.006463239435106516,3.195638
0.4937499999999986,-0.007478819228708744,0.017153434455394745,-0.002780931768938899,-0.006458420306444168,3.195638
0.49479166666666524,-0.007478638086467981,0.01715596579015255,-0.002774972701445222,-0.006455754861235619,3.195638
0.4958333333333319,-0.007479354739189148,0.017174582928419113,-0.0027686585672199726,-0.006456616334617138,3.195638
0.49687499999999857,-0.007479110267013311,0.017187340185046196,-0.0027692855801433325,-0.0064567700028419495,3.195638
0.49791666666666523,-0.00747915031388402,0.017190199345350266,-0.002765236422419548,-0.006457241252064705,3.195638
0.4989583333333319,-0.007478051353245974,0.01718824915587902,-0.0027630694676190615,-0.006455431692302227,3.195638
0.49999999999999856,-0.007479482796043158,0.017198165878653526,-0.002756773727014661,-0.006458061281591654,3.195638
0.5010416666666653,-0.007476118393242359,0.01719418354332447,-0.002756713889539242,-0.006451305001974106,3.195638
0.502083333333332,-0.007476611994206905,0.017209043726325035,-0.0027513746172189713,-0.006452296860516071,3.195638
0.5031249999999987,-0.00747632933780551,0.017208559438586235,-0.0027497003320604563,-0.006452997215092182,3.195638
0.5041666666666654,-0.007476284168660641,0.017210397869348526,-0.002748236060142517,-0.006453775800764561,3.195638
0.5052083333333321,-0.007476090453565121,0.017221469432115555,-0.0027425619773566723,-0.006452261470258236,3.195638
0.5062499999999989,-0.007477162405848503,0.017234014347195625,-0.00273932795971632,-0.006452901754528284,3.195638
0.5072916666666656,-0.007474640384316444,0.01722717098891735,-0.0027372189797461033,-0.0064496248960494995,3.195638
0.5083333333333323,-0.007474964950233698,0.017235325649380684,-0.0027329286094754934,-0.006450082175433636,3.195638
0.509374999999999,-0.007474842481315136,0.01724141649901867,-0.0027292876038700342,-0.006450496148318052,3.195638
0.5104166666666657,-0.007474815007299185,0.017246246337890625,-0.0027292948216199875,-0.0064512151293456554,3.195638
0.5114583333333325,-0.007474914193153381,0.017251787707209587,-0.0027244521770626307,-0.006451639346778393,3.195638
0.5124999999999992,-0.007474720012396574,0.01725810579955578,-0.0027224563527852297,-0.006451520603150129,3.195638
0.5135416666666659,-0.007474021054804325,0.017260711640119553,-0.002720162970945239,-0.006450953893363476,3.195638
0.5145833333333326,-0.007474496494978666,0.017270101234316826,-0.0027170327957719564,-0.006453470326960087,3.195638
0.5156249999999993,-0.0074736070819199085,0.017271539196372032,-0.0027135799173265696,-0.0064515299163758755,3.195638
0.516666666666666,-0.007474282756447792,0.01728237234055996,-0.002707610372453928,-0.006452399771660566,3.195638
0.5177083333333328,-0.007473490666598082,0.01728491671383381,-0.0027067784685641527,-0.006451331079006195,3.195638
0.5187499999999995,-0.007473924662917852,0.01728876121342182,-0.0027040832210332155,-0.006452326662838459,3.195638
0.5197916666666662,-0.007472877856343985,0.01729479432106018,-0.0026989576872438192,-0.006448344327509403,3.195638
0.5208333333333329,-0.007473563775420189,0.017301078885793686,-0.002695083152502775,-0.006449873559176922,3.195638
0.5218749999999996,-0.007472728844732046,0.017304832115769386,-0.0026905667036771774,-0.006446652114391327,3.195638
0.5229166666666664,-0.007473034784197807,0.017309630289673805,-0.0026887638960033655,-0.006447074934840202,3.195638
0.5239583333333331,-0.00747154513373971,0.017312534153461456,-0.0026836558245122433,-0.00644292077049613,3.195638
0.5249999999999998,-0.00747325737029314,0.017319846898317337,-0.002679683268070221,-0.006446583196520805,3.195638
0.5260416666666665,-0.007468167692422867,0.017307523638010025,-0.0026803608052432537,-0.006438941229134798,3.195638
0.5270833333333332,-0.0074681774713099,0.01731446385383606,-0.002674755407497287,-0.006438292097300291,3.195638
0.528125,-0.00746833486482501,0.017316002398729324,-0.0026721854228526354,-0.006439213175326586,3.195638
0.5291666666666667,-0.007468091323971748,0.01731891557574272,-0.002671981230378151,-0.006438679993152618,3.195638
0.5302083333333334,-0.00746842660009861,0.017326967790722847,-0.0026680901646614075,-0.0064379568211734295,3.195638
0.5312500000000001,-0.0074679115787148476,0.017329970374703407,-0.0026637783739715815,-0.006436434108763933,3.195638
0.5322916666666668,-0.007468074094504118,0.017336230725049973,-0.0026592048816382885,-0.006436272524297237,3.195638
0.5333333333333335,-0.007467314600944519,0.017337646335363388,-0.0026563953142613173,-0.006434290669858456,3.195638
0.5343750000000003,-0.0074682109989225864,0.01734447292983532,-0.0026509191375225782,-0.006435730028897524,3.195638
0.535416666666667,-0.0074655297212302685,0.01734105311334133,-0.0026503116823732853,-0.0064308494329452515,3.195638
0.5364583333333337,-0.007466110400855541,0.017347052693367004,-0.0026453956961631775,-0.00643230602145195,3.195638
0.5375000000000004,-0.007464998867362738,0.017346717417240143,-0.002642641309648752,-0.006430560257285833,3.195638
0.5385416666666671,-0.007465817034244537,0.017352597787976265,-0.0026374952867627144,-0.006431304384022951,3.195638
0.5395833333333339,-0.007464204449206591,0.017352472990751266,-0.0026346533559262753,-0.006427242886275053,3.195638
0.5406250000000006,-0.0074656009674072266,0.017360106110572815,-0.002629560884088278,-0.006429613102227449,3.195638
0.5416666666666673,-0.0074616181664168835,0.017347294837236404,-0.0026282579638063908,-0.0064224726520478725,3.195638
0.542708333333334,-0.0074615078046917915,0.01735108532011509,-0.002623698441311717,-0.006421179976314306,3.195638
0.5437500000000007,-0.007461389992386103,0.017352407798171043,-0.002617694903165102,-0.006420115474611521,3.195638
0.5447916666666675,-0.007461449131369591,0.017359159886837006,-0.002612447366118431,-0.006418680306524038,3.195638
0.5458333333333342,-0.007461479399353266,0.017366154119372368,-0.0026088485028594732,-0.006419801153242588,3.195638
0.5468750000000009,-0.0074609615840017796,0.017368538305163383,-0.0026077330112457275,-0.006419289391487837,3.195638
0.5479166666666676,-0.007460905704647303,0.01737077534198761,-0.002602923661470413,-0.00641987519338727,3.195638
0.5489583333333343,-0.007459704764187336,0.01736944355070591,-0.0025989417918026447,-0.006417317781597376,3.195638
0.550000000000001,-0.007459945511072874,0.01737350784242153,-0.002594392979517579,-0.006418192759156227,3.195638
0.5510416666666678,-0.007459075655788183,0.017375962808728218,-0.002590752439573407,-0.006415976211428642,3.195638
0.5520833333333345,-0.007459548301994801,0.01738109439611435,-0.002585895359516144,-0.0064173308201134205,3.195638
0.5531250000000012,-0.007457347586750984,0.017376214265823364,-0.0025834888219833374,-0.006413365248590708,3.195638
0.5541666666666679,-0.007457588333636522,0.017379343509674072,-0.002579321386292577,-0.006414264906197786,3.195638
0.5552083333333346,-0.007456658408045769,0.01738043688237667,-0.002574925310909748,-0.006411626469343901,3.195638
0.5562500000000014,-0.007456771098077297,0.017383793368935585,-0.0025710947811603546,-0.006411882117390633,3.195638
0.5572916666666681,-0.007456528022885323,0.017387421801686287,-0.002566348062828183,-0.006410645321011543,3.195638
0.5583333333333348,-0.00745651638135314,0.01738864555954933,-0.002565966220572591,-0.0064092217944562435,3.195638
0.5593750000000015,-0.007456365507096052,0.0173902940005064,-0.0025605689734220505,-0.006407545413821936,3.195638
0.5604166666666682,-0.007456137333065271,0.017393914982676506,-0.0025568222627043724,-0.0064057959243655205,3.195638
0.561458333333335,-0.007455925922840834,0.017397701740264893,-0.002551714424043894,-0.006403343286365271,3.195638
0.5625000000000017,-0.0074556246399879456,0.017400698736310005,-0.002549064112827182,-0.006401896011084318,3.195638
0.5635416666666684,-0.007455403450876474,0.017403429374098778,-0.002543496433645487,-0.006400095298886299,3.195638
0.5645833333333351,-0.007455084007233381,0.01740642823278904,-0.002540661720559001,-0.006398775149136782,3.195638
0.5656250000000018,-0.007454718463122845,0.017409976571798325,-0.00253562955185771,-0.006397356279194355,3.195638
0.5666666666666685,-0.0074545047245919704,0.017412783578038216,-0.0025307105388492346,-0.006395214237272739,3.195638
0.5677083333333353,-0.0074541145004332066,0.017414357513189316,-0.002527606673538685,-0.006394307129085064,3.195638
0.568750000000002,-0.007453823462128639,0.017416788265109062,-0.0025224019773304462,-0.006392057053744793,3.195638
0.5697916666666687,-0.007453413680195808,0.01741875149309635,-0.0025190445594489574,-0.006390462163835764,3.195638
0.5708333333333354,-0.007453083526343107,0.017420951277017593,-0.0025135809555649757,-0.006388256326317787,3.195638
0.5718750000000021,-0.0074526481330394745,0.01742321066558361,-0.002510698977857828,-0.00638670613989234,3.195638
0.5729166666666689,-0.007452109362930059,0.01742522604763508,-0.0025057371240109205,-0.006385083310306072,3.195638
0.5739583333333356,-0.0074523319490253925,0.01742979884147644,-0.0024998111184686422,-0.006385286804288626,3.195638
0.5750000000000023,-0.007451054640114307,0.01742718368768692,-0.002497867215424776,-0.006382795982062817,3.195638
0.576041666666669,-0.007450898643583059,0.017427993938326836,-0.0024939458817243576,-0.006383087020367384,3.195638
0.5770833333333357,-0.007449772208929062,0.0173941757529974,-0.0024978681467473507,-0.006384208798408508,3.195638
0.5781250000000024,-0.007448716554790735,0.017399536445736885,-0.0024902226869016886,-0.006381609942764044,3.195638
0.5791666666666692,-0.0074491677805781364,0.017399843782186508,-0.0024864717852324247,-0.006383395753800869,3.195638
0.5802083333333359,-0.007446687202900648,0.017388595268130302,-0.0024835546500980854,-0.006378570571541786,3.195638
0.5812500000000026,-0.007446798961609602,0.017390837892889977,-0.002478566486388445,-0.006379382684826851,3.195638
0.5822916666666693,-0.007445031311362982,0.01738731563091278,-0.0024752088356763124,-0.0063760047778487206,3.195638
0.583333333333336,-0.00744539313018322,0.017391487956047058,-0.0024706909898668528,-0.006376941222697496,3.195638
0.5843750000000028,-0.007442976348102093,0.017384730279445648,-0.0024683671072125435,-0.006374472286552191,3.195638
0.5854166666666695,-0.007443549111485481,0.017386378720402718,-0.0024638178292661905,-0.006376214325428009,3.195638
0.5864583333333362,-0.007441814988851547,0.017382824793457985,-0.002459114883095026,-0.0063711716793477535,3.195638
0.5875000000000029,-0.007442428730428219,0.017384372651576996,-0.0024543514009565115,-0.006372918374836445,3.195638
0.5885416666666696,-0.0074404519982635975,0.01738242246210575,-0.0024497732520103455,-0.006370041519403458,3.195638
0.5895833333333363,-0.007440584246069193,0.017385292798280716,-0.0024457231629639864,-0.006370724178850651,3.195638
0.5906250000000031,-0.007439033593982458,0.01738233119249344,-0.0024411731865257025,-0.006368037313222885,3.195638
0.5916666666666698,-0.0074392156675457954,0.017384883016347885,-0.002436374081298709,-0.006369332782924175,3.195638
0.5927083333333365,-0.007437690161168575,0.017381949350237846,-0.002432375680655241,-0.00636684475466609,3.195638
0.5937500000000032,-0.007438259664922953,0.017383746802806854,-0.0024279439821839333,-0.006368083413690329,3.195638
0.5947916666666699,-0.007436387240886688,0.01738031394779682,-0.0024218771141022444,-0.006364209111779928,3.195638
0.5958333333333367,-0.00743647338822484,0.017382407560944557,-0.002417267533019185,-0.006364875007420778,3.195638
0.5968750000000034,-0.007434423081576824,0.017376380041241646,-0.002413427224382758,-0.006361114326864481,3.195638
0.5979166666666701,-0.007434421684592962,0.01737777329981327,-0.00240922998636961,-0.006361944135278463,3.195638
0.5989583333333368,-0.007433561608195305,0.017377374693751335,-0.0024037270341068506,-0.006359905935823917,3.195638
0.6000000000000035,-0.007433249149471521,0.01737828738987446,-0.0023998026736080647,-0.006360343657433987,3.195638
0.6010416666666702,-0.007431769277900457,0.017343351617455482,-0.002403339371085167,-0.0063621243461966515,3.195638
0.602083333333337,-0.007431077305227518,0.017351891845464706,-0.0023953765630722046,-0.0063601406291127205,3.195638
0.6031250000000037,-0.007430889178067446,0.017350248992443085,-0.002392358845099807,-0.006358884274959564,3.195638
0.6041666666666704,-0.007429942488670349,0.017345523461699486,-0.002386294538155198,-0.00635826401412487,3.195638
0.6052083333333371,-0.007429706398397684,0.01734667643904686,-0.0023815289605408907,-0.0063577936962246895,3.195638
0.6062500000000038,-0.007428863551467657,0.017347346991300583,-0.0023754287976771593,-0.006355535704642534,3.195638
0.6072916666666706,-0.007429123390465975,0.017351526767015457,-0.0023701810277998447,-0.0063554211519658566,3.195638
0.6083333333333373,-0.007427514530718327,0.017349829897284508,-0.0023670129012316465,-0.006352909374982119,3.195638
0.609375000000004,-0.0074273874051868916,0.017352210357785225,-0.002362770028412342,-0.006353623233735561,3.195638
0.6104166666666707,-0.007426307071000338,0.01735047437250614,-0.002357700141146779,-0.00635180389508605,3.195638
0.6114583333333374,-0.007426522206515074,0.017352115362882614,-0.00235305679962039,-0.0063531482592225075,3.195638
0.6125000000000042,-0.007424854673445225,0.017348507419228554,-0.0023482516407966614,-0.006349674891680479,3.195638
0.6135416666666709,-0.00742470845580101,0.0173504501581192,-0.002343128900974989,-0.006350238341838121,3.195638
0.6145833333333376,-0.0074236090295016766,0.017348064109683037,-0.0023383016232401133,-0.006347998045384884,3.195638
0.6156250000000043,-0.007423859089612961,0.017350224778056145,-0.0023338112514466047,-0.0063499584794044495,3.195638
0.616666666666671,-0.007421996910125017,0.017346300184726715,-0.002329028444364667,-0.006347364280372858,3.195638
0.6177083333333377,-0.007421708665788174,0.017347631976008415,-0.0023250782396644354,-0.006347589660435915,3.195638
0.6187500000000045,-0.007420421577990055,0.017345989122986794,-0.0023202640004456043,-0.006344909779727459,3.195638
0.6197916666666712,-0.0074205705896019936,0.01734733022749424,-0.0023154972586780787,-0.006345822010189295,3.195638
0.6208333333333379,-0.007417991757392883,0.017306717112660408,-0.0023197925183922052,-0.006346171721816063,3.195638
0.6218750000000046,-0.007416794076561928,0.017311224713921547,-0.002312241354957223,-0.006343990098685026,3.195638
0.6229166666666713,-0.0074163819663226604,0.01731116697192192,-0.002308986382558942,-0.006344493944197893,3.195638
0.623958333333338,-0.007414974272251129,0.017307771369814873,-0.002302739303559065,-0.006342360749840736,3.195638
0.6250000000000048,-0.0074149370193481445,0.017307253554463387,-0.002298137405887246,-0.006342723034322262,3.195638
0.6260416666666715,-0.00741357309743762,0.017305711284279823,-0.0022937448229640722,-0.006340244319289923,3.195638
0.6270833333333382,-0.007413163315504789,0.017308412119746208,-0.002288967836648226,-0.006340298801660538,3.195638
0.6281250000000049,-0.007411976810544729,0.017307395115494728,-0.0022855137940496206,-0.006336413789540529,3.195638
0.6291666666666716,-0.0074115535244345665,0.017309993505477905,-0.0022800229489803314,-0.0063372328877449036,3.195638
0.6302083333333384,-0.007410180754959583,0.017309095710515976,-0.002277716062963009,-0.006334473844617605,3.195638
0.6312500000000051,-0.0074096848256886005,0.017311125993728638,-0.0022720671258866787,-0.006334295962005854,3.195638
0.6322916666666718,-0.007409217767417431,0.017313024029135704,-0.0022662710398435593,-0.0063333287835121155,3.195638
0.6333333333333385,-0.007407738361507654,0.017310505732893944,-0.002261135959997773,-0.0063314069993793964,3.195638
0.6343750000000052,-0.007407128345221281,0.01731155626475811,-0.002256054198369384,-0.0063307322561740875,3.195638
0.635416666666672,-0.007406530901789665,0.017312176525592804,-0.0022502534557133913,-0.006328487303107977,3.195638
0.6364583333333387,-0.0074050212278962135,0.01730896160006523,-0.00224810978397727,-0.006326231174170971,3.195638
0.6375000000000054,-0.0074044158682227135,0.017310772091150284,-0.002242244314402342,-0.006326005328446627,3.195638
0.6385416666666721,-0.007403679192066193,0.017309527844190598,-0.0022379811853170395,-0.006324522662907839,3.195638
0.6395833333333388,-0.007403322961181402,0.01731104403734207,-0.00223370548337698,-0.006323707289993763,3.195638
0.6406250000000056,-0.007401166949421167,0.01727212779223919,-0.0022377644199877977,-0.006324648391455412,3.195638
0.6416666666666723,-0.007399522699415684,0.017274979501962662,-0.0022293548099696636,-0.006322003435343504,3.195638
0.642708333333339,-0.007398759014904499,0.01727386936545372,-0.002226955955848098,-0.006322586443275213,3.195638
0.6437500000000057,-0.007397540379315615,0.0172728281468153,-0.0022201265674084425,-0.006322158500552177,3.195638
0.6447916666666724,-0.00739714689552784,0.01727215386927128,-0.0022157200146466494,-0.006321547087281942,3.195638
0.6458333333333391,-0.007395319174975157,0.017267907038331032,-0.002210172126069665,-0.006318999920040369,3.195638
0.6468750000000059,-0.007394559681415558,0.017269128933548927,-0.00220462866127491,-0.006319023668766022,3.195638
0.6479166666666726,-0.007393233943730593,0.017268387600779533,-0.0022002849727869034,-0.006317846477031708,3.195638
0.6489583333333393,-0.007392842322587967,0.017270134761929512,-0.0021952411625534296,-0.006318130996078253,3.195638
0.650000000000006,-0.007391231134533882,0.017267705872654915,-0.0021915968973189592,-0.006314222235232592,3.195638
0.6510416666666727,-0.007390337064862251,0.017269166186451912,-0.0021868771873414516,-0.006314481142908335,3.195638
0.6520833333333395,-0.007388940546661615,0.01726752333343029,-0.0021824503783136606,-0.006313047371804714,3.195638
0.6531250000000062,-0.007388458587229252,0.017268316820263863,-0.002177552320063114,-0.006312980782240629,3.195638
0.6541666666666729,-0.007386357523500919,0.01726371981203556,-0.002174234017729759,-0.006308418698608875,3.195638
0.6552083333333396,-0.007385434582829475,0.01726449653506279,-0.0021694586612284184,-0.006308448035269976,3.195638
0.6562500000000063,-0.0073838913813233376,0.017261894419789314,-0.0021653666626662016,-0.0063070738688111305,3.195638
0.657291666666673,-0.007382859010249376,0.017262235283851624,-0.0021601507905870676,-0.006306561175733805,3.195638
0.6583333333333398,-0.0073821526020765305,0.017262911424040794,-0.002155665308237076,-0.006306058261543512,3.195638
0.6593750000000065,-0.0073797875083982944,0.017223525792360306,-0.002162983175367117,-0.006306509952992201,3.195638
0.6604166666666732,-0.007377403322607279,0.01722213812172413,-0.0021542501635849476,-0.006301430054008961,3.195638
0.6614583333333399,-0.007375677581876516,0.017218567430973053,-0.002150577260181308,-0.006300955545157194,3.195638
0.6625000000000066,-0.007374590262770653,0.01722041144967079,-0.0021452337969094515,-0.006299915723502636,3.195638
0.6635416666666734,-0.0073739103972911835,0.01722121052443981,-0.0021415078081190586,-0.006299340166151524,3.195638
0.6645833333333401,-0.0073727755807340145,0.017220349982380867,-0.0021359953097999096,-0.006298193242400885,3.195638
0.6656250000000068,-0.007371927611529827,0.017220722511410713,-0.002130884677171707,-0.00629837391898036,3.195638
0.6666666666666735,-0.0073701441287994385,0.017218345776200294,-0.002126458566635847,-0.006296888925135136,3.195638
0.6677083333333402,-0.007368950173258781,0.01721956767141819,-0.0021212981082499027,-0.006296261213719845,3.195638
0.668750000000007,-0.00736822048202157,0.017220839858055115,-0.002117839874699712,-0.006296004168689251,3.195638
0.6697916666666737,-0.007366708479821682,0.017217252403497696,-0.0021095862612128258,-0.006293404847383499,3.195638
0.6708333333333404,-0.0073654912412166595,0.01721838116645813,-0.002106988336890936,-0.0062924716621637344,3.195638
0.6718750000000071,-0.007364554796367884,0.017218133434653282,-0.0021023210138082504,-0.006291708908975124,3.195638
0.6729166666666738,-0.007362429518252611,0.017213381826877594,-0.00209755077958107,-0.00628959434106946,3.195638
0.6739583333333405,-0.007361133582890034,0.017214171588420868,-0.002092650393024087,-0.006288996897637844,3.195638
0.6750000000000073,-0.0073601072654128075,0.017214346677064896,-0.0020886955317109823,-0.006287696771323681,3.195638
0.676041666666674,-0.0073578073643147945,0.017208203673362732,-0.002084350911900401,-0.00628537405282259,3.195638
0.6770833333333407,-0.0073566921055316925,0.017208658158779144,-0.0020801378414034843,-0.0062842960469424725,3.195638
0.6781250000000074,-0.007355544250458479,0.017209192737936974,-0.0020762826316058636,-0.006282197777181864,3.195638
0.6791666666666741,-0.007354054134339094,0.017206385731697083,-0.0020705151837319136,-0.0062806555069983006,3.195638
0.6802083333333409,-0.007350996136665344,0.017163334414362907,-0.0020806952379643917,-0.0062789046205580235,3.195638
0.6812500000000076,-0.007347865030169487,0.01715637929737568,-0.0020719110034406185,-0.006273642648011446,3.195638
0.6822916666666743,-0.007344942539930344,0.017147574573755264,-0.002068753819912672,-0.006269089877605438,3.195638
0.683333333333341,-0.00734233483672142,0.017140986397862434,-0.0020648175850510597,-0.006265915464609861,3.195638
0.6843750000000077,-0.007340690586715937,0.01714116521179676,-0.0020602657459676266,-0.006263360846787691,3.195638
0.6854166666666744,-0.0073381648398935795,0.017134014517068863,-0.002056799829006195,-0.006259519141167402,3.195638
0.6864583333333412,-0.00733532477170229,0.017127040773630142,-0.0020540773402899504,-0.006255730986595154,3.195638
0.6875000000000079,-0.007332234177738428,0.017116764560341835,-0.002049822360277176,-0.006251803133636713,3.195638
0.6885416666666746,-0.007329001557081938,0.017108459025621414,-0.002047185320407152,-0.006247841753065586,3.195638
0.6895833333333413,-0.007326060440391302,0.01710115186870098,-0.0020409750286489725,-0.0062431469559669495,3.195638
0.690625000000008,-0.007322563324123621,0.017089897766709328,-0.0020381901413202286,-0.006239055655896664,3.195638
0.6916666666666748,-0.007318984717130661,0.017078842967748642,-0.002034633420407772,-0.0062346188351511955,3.195638
0.6927083333333415,-0.007315338589251041,0.01706787571310997,-0.0020317588932812214,-0.006229768507182598,3.195638
0.6937500000000082,-0.007311571389436722,0.017056385055184364,-0.002027906710281968,-0.006224791053682566,3.195638
0.6947916666666749,-0.007307746447622776,0.01704440265893936,-0.0020242915488779545,-0.006219872739166021,3.195638
0.6958333333333416,-0.0073037659749388695,0.017031550407409668,-0.002020633313804865,-0.0062147025018930435,3.195638
0.6968750000000083,-0.007300095167011023,0.017023084685206413,-0.0020184521563351154,-0.006210064049810171,3.195638
0.6979166666666751,-0.00729585625231266,0.017008552327752113,-0.0020132451318204403,-0.006205160170793533,3.195638
0.6989583333333418,-0.007291871588677168,0.016997968778014183,-0.002010297030210495,-0.006199308671057224,3.195638
0.7000000000000085,-0.007287528831511736,0.01698390580713749,-0.0020058141089975834,-0.00619399594143033,3.195638
0.7010416666666752,-0.0072832126170396805,0.016970502212643623,-0.0020027526188641787,-0.00618866179138422,3.195638
0.7020833333333419,-0.007278832141309977,0.0169572401791811,-0.0019992918241769075,-0.006182731129229069,3.195638
0.7031250000000087,-0.00727432407438755,0.016943199560046196,-0.0019956387113779783,-0.006177433300763369,3.195638
0.7041666666666754,-0.007269694935530424,0.016928672790527344,-0.0019916240125894547,-0.00617257971316576,3.195638
0.7052083333333421,-0.007265102118253708,0.016914620995521545,-0.0019875518046319485,-0.006167227867990732,3.195638
0.7062500000000088,-0.007260324899107218,0.01690005138516426,-0.0019844293128699064,-0.0061623393557965755,3.195638
0.7072916666666755,-0.0072555141523480415,0.01688525266945362,-0.0019803382456302643,-0.006156549323350191,3.195638
0.7083333333333423,-0.007250529248267412,0.016869869083166122,-0.0019768953789025545,-0.0061514489352703094,3.195638
0.709375000000009,-0.007245600689202547,0.016855070367455482,-0.0019731943029910326,-0.00614607660099864,3.195638
0.7104166666666757,-0.007240517996251583,0.016839366406202316,-0.001969478791579604,-0.006140309851616621,3.195638
0.7114583333333424,-0.007235256023705006,0.016822654753923416,-0.0019649954047054052,-0.006134526804089546,3.195638
0.7125000000000091,-0.0072298613376915455,0.01680545136332512,-0.001961752772331238,-0.006128390785306692,3.195638
0.7135416666666758,-0.007224450819194317,0.016788572072982788,-0.0019575729966163635,-0.006122899707406759,3.195638
0.7145833333333426,-0.007218920160084963,0.016771450638771057,-0.001954101026058197,-0.006116929929703474,3.195638
0.7156250000000093,-0.0072133708745241165,0.01675434224307537,-0.0019502178765833378,-0.006111267022788525,3.195638
0.716666666666676,-0.007207777816802263,0.016737142577767372,-0.0019457791931927204,-0.006105661392211914,3.195638
0.7177083333333427,-0.0072020068764686584,0.0167191494256258,-0.0019417779985815287,-0.006100369617342949,3.195638
0.7187500000000094,-0.00719614839181304,0.01670127734541893,-0.001937798340804875,-0.006094800774008036,3.195638
0.7197916666666762,-0.0071902708150446415,0.01668335124850273,-0.0019331366056576371,-0.006089030299335718,3.195638
0.7208333333333429,-0.007184870075434446,0.016670847311615944,-0.0019317182013764977,-0.006083285436034203,3.195638
0.7218750000000096,-0.007178709376603365,0.016651760786771774,-0.0019248687895014882,-0.006078386679291725,3.195638
0.7229166666666763,-0.007172511890530586,0.01663309335708618,-0.0019211736507713795,-0.006072711199522018,3.195638
0.723958333333343,-0.007166297174990177,0.016614358872175217,-0.001916081178933382,-0.006067638751119375,3.195638
0.7250000000000097,-0.007160595152527094,0.0166010744869709,-0.0019144329708069563,-0.006062119733542204,3.195638
0.7260416666666765,-0.007154121529310942,0.01658136583864689,-0.001906977267935872,-0.0060572088696062565,3.195638
0.7270833333333432,-0.0071481759659945965,0.01656711846590042,-0.0019053479190915823,-0.006051359698176384,3.195638
0.7281250000000099,-0.007141554728150368,0.016547389328479767,-0.001898080692626536,-0.0060463580302894115,3.195638
0.7291666666666766,-0.007134921848773956,0.016527792438864708,-0.001893863664008677,-0.00604159664362669,3.195638
0.7302083333333433,-0.007128227036446333,0.01650812476873398,-0.0018881924916058779,-0.006036729086190462,3.195638
0.7312500000000101,-0.007122004870325327,0.01649339683353901,-0.0018868078477680683,-0.006031251512467861,3.195638
0.7322916666666768,-0.007115109823644161,0.016473226249217987,-0.001879001036286354,-0.006026269402354956,3.195638
0.7333333333333435,-0.007108735851943493,0.016458291560411453,-0.0018775468925014138,-0.006021349225193262,3.195638
0.7343750000000102,-0.00710154278203845,0.016436882317066193,-0.001868650782853365,-0.006016140803694725,3.195638
0.7354166666666769,-0.00709442188963294,0.01641836203634739,-0.001867052516900003,-0.006010329816490412,3.195638
0.7364583333333437,-0.007086900528520346,0.016395941376686096,-0.0018583261407911777,-0.006005148869007826,3.195638
0.7375000000000104,-0.007078510709106922,0.0163714699447155,-0.0018589524552226067,-0.00599916884675622,3.195638
0.7385416666666771,-0.007069855462759733,0.016344444826245308,-0.001850136904977262,-0.005993487313389778,3.195638
0.7395833333333438,-0.00706084119156003,0.016316713765263557,-0.001847666222602129,-0.005987836048007011,3.195638
0.7406250000000105,-0.007052161265164614,0.016290469095110893,-0.0018402786226943135,-0.005982585251331329,3.195638
0.7416666666666772,-0.007042849436402321,0.01626272313296795,-0.0018380488036200404,-0.005977591034024954,3.195638
0.742708333333344,-0.007033640053123236,0.016234636306762695,-0.0018312556203454733,-0.005972752813249826,3.195638
0.7437500000000107,-0.0070245033130049706,0.016209429129958153,-0.0018294118344783783,-0.005968126002699137,3.195638
0.7447916666666774,-0.0070130424574017525,0.016174310818314552,-0.0018250044668093324,-0.0059623559936881065,3.195638
0.7458333333333441,-0.007000255864113569,0.01613488793373108,-0.0018226060783490539,-0.005957069806754589,3.195638
0.7468750000000108,-0.006985649932175875,0.016091082245111465,-0.0018226715037599206,-0.005950291641056538,3.195638
0.7479166666666776,-0.0069695040583610535,0.016043873503804207,-0.0018223432125523686,-0.005943189840763807,3.195638
0.7489583333333443,-0.006951567716896534,0.0159930232912302,-0.001824509701691568,-0.0059358421713113785,3.195638
0.750000000000011,-0.006932241842150688,0.0159405879676342,-0.0018268878338858485,-0.005926573649048805,3.195638
0.7510416666666777,-0.006911246106028557,0.015886090695858,-0.001832151785492897,-0.005916181951761246,3.195638
0.7520833333333444,-0.006888683419674635,0.0158301442861557,-0.0018376127118244767,-0.0059051415883004665,3.195638
0.7531250000000111,-0.006864606402814388,0.015772735700011253,-0.001844765734858811,-0.0058929710648953915,3.195638
0.7541666666666779,-0.006839171051979065,0.01571468822658062,-0.0018521547317504883,-0.005879513453692198,3.195638
0.7552083333333446,-0.0068122874945402145,0.015655651688575745,-0.001861340133473277,-0.005865201819688082,3.195638
0.7562500000000113,-0.0067841666750609875,0.015596018172800541,-0.0018713738536462188,-0.005849519278854132,3.195638
0.757291666666678,-0.006754778791218996,0.015535766258835793,-0.0018809698522090912,-0.005832993425428867,3.195638
0.7583333333333447,-0.006724292412400246,0.015505082905292511,-0.0018958903383463621,-0.005810283590108156,3.195638
0.7593750000000115,-0.006693532224744558,0.015443646349012852,-0.0019105691462755203,-0.005792668089270592,3.195638
0.7604166666666782,-0.006661014165729284,0.015380487777292728,-0.0019304248271510005,-0.005768593866378069,3.195638
0.7614583333333449,-0.006627330556511879,0.01531713455915451,-0.0019510951824486256,-0.005743078887462616,3.195638
0.7625000000000116,-0.006593048106878996,0.015253360383212566,-0.001972486497834325,-0.005717974156141281,3.195638
0.7635416666666783,-0.0065584946423769,0.015189697965979576,-0.0019930461421608925,-0.005692827049642801,3.195638
0.764583333333345,-0.006523899734020233,0.01512624230235815,-0.002012666082009673,-0.00566687760874629,3.195638
0.7656250000000118,-0.006489426828920841,0.015063286758959293,-0.002031557261943817,-0.005641940049827099,3.195638
0.7666666666666785,-0.006455200258642435,0.0150009635835886,-0.0020496631041169167,-0.005617303773760796,3.195638
0.7677083333333452,-0.006421307101845741,0.014939199201762676,-0.0020670536905527115,-0.0055937268771231174,3.195638
0.7687500000000119,-0.006387806031852961,0.01487815473228693,-0.0020828794222325087,-0.005570283625274897,3.195638
0.7697916666666786,-0.006354744546115398,0.014817729592323303,-0.0020979824475944042,-0.005547466687858105,3.195638
0.7708333333333454,-0.006322147324681282,0.014758181758224964,-0.0021122698672115803,-0.005524872336536646,3.195638
0.7718750000000121,-0.006290031597018242,0.014699390158057213,-0.002125087194144726,-0.005502907559275627,3.195638
0.7729166666666788,-0.006258409004658461,0.014641347341239452,-0.0021370435133576393,-0.00548166036605835,3.195638
0.7739583333333455,-0.006227284204214811,0.01458414364606142,-0.0021481614094227552,-0.0054611326195299625,3.195638
0.7750000000000122,-0.0061965687200427055,0.014557745307683945,-0.0021567302756011486,-0.0054383124224841595,3.195638
0.776041666666679,-0.006165995728224516,0.014499912038445473,-0.002169945277273655,-0.005417796783149242,3.195638
0.7770833333333457,-0.006136070005595684,0.014443651773035526,-0.0021793118212372065,-0.005397898145020008,3.195638
0.7781250000000124,-0.006106730550527573,0.014388473704457283,-0.002186782890930772,-0.005378372501581907,3.195638
0.7791666666666791,-0.00607793964445591,0.014334117993712425,-0.0021934418473392725,-0.0053596943616867065,3.195638
0.7802083333333458,-0.0060496702790260315,0.01428083423525095,-0.00219931174069643,-0.005341426003724337,3.195638
0.7812500000000125,-0.006021894980221987,0.014228523708879948,-0.002204683143645525,-0.0053232451900839806,3.195638
0.7822916666666793,-0.005994593724608421,0.014176989905536175,-0.002208893420174718,-0.005305876489728689,3.195638
0.783333333333346,-0.005967744626104832,0.014126583933830261,-0.002212417544797063,-0.005288224667310715,3.195638
0.7843750000000127,-0.0059413304552435875,0.014077001251280308,-0.0022157584317028522,-0.0052712284959852695,3.195638
0.7854166666666794,-0.005915273446589708,0.014057016931474209,-0.0022170529700815678,-0.005252472590655088,3.195638
0.7864583333333461,-0.005889188032597303,0.014007014222443104,-0.0022233843337744474,-0.005235591437667608,3.195638
0.7875000000000129,-0.005863669328391552,0.013958214782178402,-0.00222553382627666,-0.005219629034399986,3.195638
0.7885416666666796,-0.005838663317263126,0.013910593464970589,-0.0022271773777902126,-0.005204220302402973,3.195638
0.7895833333333463,-0.005814117379486561,0.0138639435172081,-0.002227615099400282,-0.005188874434679747,3.195638
0.790625000000013,-0.005789998918771744,0.013818124309182167,-0.002227616962045431,-0.005173779092729092,3.195638
0.7916666666666797,-0.0057662781327962875,0.01377338171005249,-0.002227349439635873,-0.005158551037311554,3.195638
0.7927083333333464,-0.005742927547544241,0.013729474507272243,-0.002226577140390873,-0.0051438696682453156,3.195638
0.7937500000000132,-0.005719899199903011,0.013714033178985119,-0.0022239505778998137,-0.005128020886331797,3.195638
0.7947916666666799,-0.005696712993085384,0.013669301755726337,-0.0022264206781983376,-0.005113409366458654,3.195638
0.7958333333333466,-0.005674030631780624,0.013626056723296642,-0.0022254586219787598,-0.005099556874483824,3.195638
0.7968750000000133,-0.005651799030601978,0.013583879917860031,-0.002223315415903926,-0.00508596608415246,3.195638
0.79791666666668,-0.00562997255474329,0.013542586006224155,-0.002220714697614312,-0.005072784144431353,3.195638
0.7989583333333468,-0.005608502775430679,0.013502201996743679,-0.002217887667939067,-0.0050594094209373,3.195638
0.8000000000000135,-0.005587374325841665,0.013462732546031475,-0.002214477164670825,-0.0050462703220546246,3.195638
0.8010416666666802,-0.005566559266299009,0.013423924334347248,-0.0022111220750957727,-0.005033417604863644,3.195638
0.8020833333333469,-0.005546043161302805,0.013412626460194588,-0.002205748576670885,-0.005019851494580507,3.195638
0.8031250000000136,-0.0055252136662602425,0.013372902758419514,-0.0022065341472625732,-0.005006599240005016,3.195638
0.8041666666666804,-0.005504848901182413,0.013334423303604126,-0.002202916657552123,-0.004994084592908621,3.195638
0.8052083333333471,-0.005484879948198795,0.01329696923494339,-0.0021986414212733507,-0.0049819257110357285,3.195638
0.8062500000000138,-0.005465246737003326,0.013260433450341225,-0.002194266300648451,-0.004970293026417494,3.195638
0.8072916666666805,-0.005445918533951044,0.013224643655121326,-0.002189254853874445,-0.0049589695408940315,3.195638
0.8083333333333472,-0.0054268683306872845,0.013189581222832203,-0.0021841637790203094,-0.004947787616401911,3.195638
0.8093750000000139,-0.0054080793634057045,0.013155188411474228,-0.002178971888497472,-0.0049371011555194855,3.195638
0.8104166666666807,-0.005389520898461342,0.013121422380208969,-0.0021737501956522465,-0.004926407244056463,3.195638
0.8114583333333474,-0.005371225066483021,0.013113876804709435,-0.0021667422261089087,-0.004914280492812395,3.195638
0.8125000000000141,-0.005352505948394537,0.013078794814646244,-0.0021656702738255262,-0.004902768414467573,3.195638
0.8135416666666808,-0.005334170069545507,0.013045016676187515,-0.002160293748602271,-0.004891434218734503,3.195638
0.8145833333333475,-0.005316170398145914,0.013011982664465904,-0.002154415240511298,-0.0048804981634020805,3.195638
0.8156250000000143,-0.005298466421663761,0.012979722581803799,-0.0021482701413333416,-0.004869405645877123,3.195638
0.816666666666681,-0.005281038116663694,0.012948324903845787,-0.002142482902854681,-0.004859244450926781,3.195638
0.8177083333333477,-0.005263796076178551,0.012917370535433292,-0.0021358495578169823,-0.004848938900977373,3.195638
0.8187500000000144,-0.005246773362159729,0.012886986136436462,-0.002129468135535717,-0.004838712979108095,3.195638
0.8197916666666811,-0.00522993877530098,0.012857095338404179,-0.0021229605190455914,-0.004828539211302996,3.195638
0.8208333333333478,-0.005213291384279728,0.012827884405851364,-0.002116589806973934,-0.004819277673959732,3.195638
0.8218750000000146,-0.005196769256144762,0.012799005024135113,-0.002109937835484743,-0.0048098270781338215,3.195638
0.8229166666666813,-0.005180405452847481,0.012770519591867924,-0.0021026532631367445,-0.00480026938021183,3.195638
0.823958333333348,-0.005164192058146,0.012742549180984497,-0.0020958895329385996,-0.0047903237864375114,3.195638
0.8250000000000147,-0.005148087628185749,0.012714951299130917,-0.002088824985548854,-0.0047807772643864155,3.195638
0.8260416666666814,-0.005132120102643967,0.01268767286092043,-0.002081476617604494,-0.004770888015627861,3.195638
0.8270833333333482,-0.005116279702633619,0.012660851702094078,-0.002074379939585924,-0.004761222284287214,3.195638
0.8281250000000149,-0.005100536160171032,0.012634257785975933,-0.0020669344812631607,-0.004752243869006634,3.195638
0.8291666666666816,-0.005084900185465813,0.012607939541339874,-0.002059734193608165,-0.0047425576485693455,3.195638
0.8302083333333483,-0.005069381557404995,0.012582005001604557,-0.002052654977887869,-0.0047334604896605015,3.195638
0.831250000000015,-0.005053950939327478,0.012556283734738827,-0.0020451329182833433,-0.004724591970443726,3.195638
0.8322916666666818,-0.0050386181101202965,0.012530767358839512,-0.0020375698804855347,-0.004715616814792156,3.195638
0.8333333333333485,-0.0050233774818480015,0.012505611404776573,-0.002030189149081707,-0.00470701465383172,3.195638
0.8343750000000152,-0.0050082216039299965,0.012480618432164192,-0.002022614935413003,-0.004698288161307573,3.195638
0.8354166666666819,-0.004993148613721132,0.012455912306904793,-0.002015214180573821,-0.0046891141682863235,3.195638
0.8364583333333486,-0.004978175740689039,0.012431456707417965,-0.0020082055125385523,-0.004680350422859192,3.195638
0.8375000000000153,-0.00496325409039855,0.012407219968736172,-0.0020005125552415848,-0.00467152101919055,3.195638
0.8385416666666821,-0.004948392976075411,0.012382950633764267,-0.0019928808324038982,-0.004662910010665655,3.195638
0.8395833333333488,-0.004933600313961506,0.012359004467725754,-0.0019854484125971794,-0.0046538859605789185,3.195638
0.8406250000000155,-0.004918869584798813,0.012335236184298992,-0.0019778262358158827,-0.004645140375941992,3.195638
0.8416666666666822,-0.004904197528958321,0.012311487458646297,-0.001970174489542842,-0.004635936580598354,3.195638
0.8427083333333489,-0.004889579024165869,0.01228804886341095,-0.00196253415197134,-0.00462700892239809,3.195638
0.8437500000000157,-0.00487501872703433,0.012264725752174854,-0.0019550304859876633,-0.004618083592504263,3.195638
0.8447916666666824,-0.004860471934080124,0.012241436168551445,-0.0019474754808470607,-0.004609373863786459,3.195638
0.8458333333333491,-0.004845995455980301,0.012218417599797249,-0.0019397763535380363,-0.004600741434842348,3.195638
0.8468750000000158,-0.004831528756767511,0.012195304967463017,-0.0019320118008181453,-0.0045921034179627895,3.195638
0.8479166666666825,-0.004817091394215822,0.012172311544418335,-0.0019245153525844216,-0.004583355505019426,3.195638
0.8489583333333492,-0.004802681040018797,0.012149407528340816,-0.001916860812343657,-0.00457449397072196,3.195638
0.850000000000016,-0.004689653404057026,0.012042107991874218,-0.0020088590681552887,-0.010977024212479591,3.195638
0.8510416666666827,-0.0034991928841918707,0.014360904693603516,0.003420967375859618,-0.0189609806984663,3.195638
0.8520833333333494,-0.0025487232487648726,0.015413422137498856,0.009117667563259602,-0.021818187087774277,3.195638
0.8531250000000161,-0.0017238263972103596,0.016164623200893402,0.013745879754424095,-0.02336759865283966,3.195638
0.8541666666666828,-0.0009475460974499583,0.016763798892498016,0.017486879602074623,-0.02444140985608101,3.195638
0.8552083333333496,-0.0002117665862897411,0.01726219430565834,0.02061103656888008,-0.025282712653279305,3.195638
0.8562500000000163,0.0004778633010573685,0.01767558604478836,0.023237235844135284,-0.025979146361351013,3.195638
0.857291666666683,0.0011179493740200996,0.018024379387497902,0.025454159826040268,-0.02657245099544525,3.195638
0.8583333333333497,0.0017071805195882916,0.018319835886359215,0.02732461877167225,-0.027079371735453606,3.195638
0.8593750000000164,0.0022453449200838804,0.018566595390439034,0.02889569289982319,-0.02750762738287449,3.195638
0.8604166666666831,0.0027327516581863165,0.018766365945339203,0.030206583440303802,-0.02786082588136196,3.195638
0.8614583333333499,0.003170458134263754,0.018921077251434326,0.031328145414590836,-0.028147801756858826,3.195638
0.8625000000000166,0.003568165935575962,0.019015759229660034,0.0325920544564724,-0.02833482250571251,3.195638
0.8635416666666833,0.0039169383235275745,0.019059179350733757,0.033800940960645676,-0.02845005877315998,3.195638
0.86458333333335,0.0042123314924538136,0.019036704674363136,0.03480664640665054,-0.02854260616004467,3.195638
0.8656250000000167,0.004459095187485218,0.018970748409628868,0.03566388413310051,-0.028564559295773506,3.195638
0.8666666666666835,0.004657479468733072,0.018859878182411194,0.03638610243797302,-0.02851891703903675,3.195638
0.8677083333333502,0.004807909019291401,0.01870434172451496,0.03698625788092613,-0.028407759964466095,3.195638
0.8687500000000169,0.004911166150122881,0.018504338338971138,0.03748214244842529,-0.0282298531383276,3.195638
0.8697916666666836,0.004968001041561365,0.01826447807252407,0.037886153906583786,-0.02798629365861416,3.195638
0.8708333333333503,0.00498190289363265,0.018003413453698158,0.038212850689888,-0.027684295549988747,3.195638
0.871875000000017,0.004969271365553141,0.017725037410855293,0.038468170911073685,-0.02733086794614792,3.195638
0.8729166666666838,0.004939843434840441,0.017399027943611145,0.03862576559185982,-0.026928871870040894,3.195638
0.8739583333333505,0.004891151562333107,0.017038239166140556,0.038710881024599075,-0.026486285030841827,3.195638
0.8750000000000172,0.004823639988899231,0.01665022224187851,0.038741301745176315,-0.02600700594484806,3.195638
0.8760416666666839,0.004738619551062584,0.016239436343312263,0.03873131424188614,-0.025495899841189384,3.195638
0.8770833333333506,0.00463748537003994,0.01580946333706379,0.038688041269779205,-0.024956688284873962,3.195638
0.8781250000000174,0.004521654918789864,0.015361849218606949,0.038618553429841995,-0.024391505867242813,3.195638
0.8791666666666841,0.004392566159367561,0.014896539971232414,0.038528114557266235,-0.023802919313311577,3.195638
0.8802083333333508,0.004251400474458933,0.014414342120289803,0.038424648344516754,-0.023191044107079506,3.195638
0.8812500000000175,0.00409923680126667,0.01391586847603321,0.0383111909031868,-0.02255725860595703,3.195638
0.8822916666666842,0.003936897497624159,0.013401065021753311,0.03819006681442261,-0.02190231718122959,3.195638
0.883333333333351,0.003764939261600375,0.012870337814092636,0.03806139528751373,-0.021226219832897186,3.195638
0.8843750000000177,0.0035838312469422817,0.012324877083301544,0.037927549332380295,-0.020530058071017265,3.195638
0.8854166666666844,0.003393984166905284,0.01176182460039854,0.0377897173166275,-0.019813451915979385,3.195638
0.8864583333333511,0.0031972816213965416,0.011186262592673302,0.03769102320075035,-0.01906321570277214,3.195638
0.8875000000000178,0.0029933282639831305,0.010598116554319859,0.03757726028561592,-0.018291383981704712,3.195638
0.8885416666666845,0.0027926606126129627,0.009979317896068096,0.037382014095783234,-0.017510859295725822,3.195638
0.8895833333333513,0.0026070750318467617,0.009444264695048332,0.0369143970310688,-0.016815662384033203,3.195638
0.890625000000018,0.002449697582051158,0.009004988707602024,0.0362316370010376,-0.016179313883185387,3.195638
0.8916666666666847,0.0023224875330924988,0.008616807870566845,0.035544589161872864,-0.015628527849912643,3.195638
0.8927083333333514,0.0022122147493064404,0.00826289039105177,0.03484654799103737,-0.015116994269192219,3.195638
0.8937500000000181,0.0021153290290385485,0.007933377288281918,0.03420020639896393,-0.014639101922512054,3.195638
0.8947916666666849,0.002030144212767482,0.00765059283003211,0.03357944265007973,-0.014193674549460411,3.195638
0.8958333333333516,0.0019593508914113045,0.007402318064123392,0.0329868346452713,-0.013787888921797276,3.195638
0.8968750000000183,0.0018983936170116067,0.00717638386413455,0.03244059160351753,-0.013414277695119381,3.195638
0.897916666666685,0.0018570964457467198,0.006989886052906513,0.031421683728694916,-0.013024842366576195,3.195638
0.8989583333333517,0.0018132609548047185,0.006792524363845587,0.030591070652008057,-0.012639069929718971,3.195638
0.9000000000000185,0.0017675942508503795,0.006600355263799429,0.029976341873407364,-0.012287321500480175,3.195638
