Time,Pistoning (suspension_slide),Angle_X,Angle_Y,Angle_Z,Mean_Wall_Time_Sec
0.00020833333333333335,4.581055236485554e-06,4.633339631254785e-05,-4.668788164963189e-07,-9.49097920965869e-06,22.840111
0.0004166666666666667,6.001441761327442e-06,6.9589885242749e-05,1.445787347620353e-06,-1.3751398910244461e-05,22.840111
0.000625,7.320149506995222e-06,9.223638335242867e-05,5.3577082326228265e-06,-1.7881007806863636e-05,22.840111
0.0008333333333333334,8.622011591796763e-06,0.00011494317732285708,9.443413546250667e-06,-2.212731124018319e-05,22.840111
0.0010416666666666667,9.912721907312516e-06,0.0001377932057948783,1.2940270607941784e-05,-2.5900761102093384e-05,22.840111
0.00125,1.1186904885107651e-05,0.00016082853835541755,1.7082014892366715e-05,-3.030361585842911e-05,22.840111
0.0014583333333333334,1.2447134395188186e-05,0.00018359493697062135,2.128763298969716e-05,-3.461204323684797e-05,22.840111
0.0016666666666666668,1.3698407201445661e-05,0.00020638975547626615,2.528681761759799e-05,-3.88350454159081e-05,22.840111
0.0018750000000000001,1.4936165825929493e-05,0.00022945276577956975,2.9286713470355608e-05,-4.302856177673675e-05,22.840111
0.0020833333333333333,1.6159508959390223e-05,0.0002522416762076318,3.27785310219042e-05,-4.671511851483956e-05,22.840111
0.0022916666666666667,1.7376691175741144e-05,0.00027509607025422156,3.684087278088555e-05,-5.075711305835284e-05,22.840111
0.0025,1.8579381503514014e-05,0.0002975841925945133,4.049932613270357e-05,-5.4903670388739556e-05,22.840111
0.0027083333333333334,1.9773136955336668e-05,0.00032013552845455706,4.439689655555412e-05,-5.9136382333235815e-05,22.840111
0.002916666666666667,2.0955420040991157e-05,0.0003422688751015812,4.808439553016797e-05,-6.309085438260809e-05,22.840111
0.003125,2.2119700588518754e-05,0.00036415879731066525,5.159951979294419e-05,-6.681086961179972e-05,22.840111
0.0033333333333333335,2.3279029846889898e-05,0.000386109109967947,5.5164960940601304e-05,-7.080309296725318e-05,22.840111
0.003541666666666667,2.4428290998912416e-05,0.0004080304061062634,5.8765952417161316e-05,-7.476875907741487e-05,22.840111
0.0037500000000000003,2.5563176677678712e-05,0.0004297145933378488,6.209438288351521e-05,-7.8865465184208e-05,22.840111
0.003958333333333334,2.6681544113671407e-05,0.0004513362655416131,6.580379704246297e-05,-8.286561205750331e-05,22.840111
0.004166666666666667,2.779108217509929e-05,0.0004725670150946826,6.904495239723474e-05,-8.664315828355029e-05,22.840111
0.0043749999999999995,2.888931157940533e-05,0.0004941298975609243,7.245564484037459e-05,-9.077834693016484e-05,22.840111
0.0045833333333333325,2.997023329953663e-05,0.0005155968829058111,7.56861045374535e-05,-9.457208216190338e-05,22.840111
0.004791666666666665,3.1047817174112424e-05,0.0005365550750866532,7.902641664259136e-05,-9.863049490377307e-05,22.840111
0.004999999999999998,3.210911381756887e-05,0.0005560785648413002,8.223245094995946e-05,-0.00010263202420901507,22.840111
0.005208333333333331,3.3162388717755675e-05,0.0005724896327592432,8.502153650624678e-05,-0.00010569275036687031,22.840111
0.005416666666666664,3.420514985918999e-05,0.0005893464549444616,8.773057197686285e-05,-0.00010881414345931262,22.840111
0.005624999999999997,3.523568739183247e-05,0.0006062855827622116,8.992441144073382e-05,-0.00011163220915477723,22.840111
0.00583333333333333,3.6258483305573463e-05,0.0006230224389582872,9.265751577913761e-05,-0.00011461104440968484,22.840111
0.006041666666666663,3.728338924702257e-05,0.000640175596345216,9.538343147141859e-05,-0.00011773741425713524,22.840111
0.006249999999999996,3.8289483200060204e-05,0.0006574431899935007,9.787024464458227e-05,-0.00012062861060258001,22.840111
0.006458333333333329,3.928950900444761e-05,0.0006742978002876043,0.00010063244553748518,-0.0001236951065948233,22.840111
0.006666666666666662,4.027977047371678e-05,0.0006915084668435156,0.00010349880903959274,-0.0001268872438231483,22.840111
0.006874999999999995,4.125744089833461e-05,0.0007083644741214812,0.00010627429583109915,-0.00013015410513617098,22.840111
0.007083333333333328,4.223076393827796e-05,0.0007251908537000418,0.00010964226385112852,-0.00013343892351258546,22.840111
0.007291666666666661,4.319319850765169e-05,0.0007421645568683743,0.00011280013131909072,-0.00013674348883796483,22.840111
0.007499999999999994,4.414461727719754e-05,0.000758844253141433,0.00011622769670793787,-0.00014002407260704786,22.840111
0.007708333333333327,4.509217251325026e-05,0.000775668304413557,0.00011941109551116824,-0.00014315737644210458,22.840111
0.00791666666666666,4.602531043929048e-05,0.0007926731486804783,0.00012295920168980956,-0.0001463817898184061,22.840111
0.008124999999999993,4.695065945270471e-05,0.0008095562807284296,0.00012596881424542516,-0.00014939341053832322,22.840111
0.008333333333333326,4.786784847965464e-05,0.0008262333576567471,0.00012927420902997255,-0.00015255073958542198,22.840111
0.00854166666666666,4.877536412095651e-05,0.000843298330437392,0.00013263792789075524,-0.00015598857135046273,22.840111
0.008749999999999992,4.967470158590004e-05,0.0008602735470049083,0.00013606405991595238,-0.00015950680244714022,22.840111
0.008958333333333325,5.05629759572912e-05,0.000876923615578562,0.00013943837257102132,-0.0001628113677725196,22.840111
0.009166666666666658,5.1445917051751167e-05,0.0008935668738558888,0.00014255783753469586,-0.00016568218416068703,22.840111
0.009374999999999991,5.2324037824291736e-05,0.0009097912115976214,0.0001457964681321755,-0.00016887945821508765,22.840111
0.009583333333333324,5.318796684150584e-05,0.0009259301004931331,0.00014918918896000832,-0.00017225630290340632,22.840111
0.009791666666666657,5.404799594543874e-05,0.0009424524614587426,0.00015254491881933063,-0.00017549513722769916,22.840111
0.00999999999999999,5.489822797244415e-05,0.0009587080567143857,0.00015553728735540062,-0.00017883245891425759,22.840111
0.010208333333333323,5.5741136748110875e-05,0.0009745727875269949,0.0001582664845045656,-0.0001820237230276689,22.840111
0.010416666666666656,5.6578854128019884e-05,0.0009903510799631476,0.00016137880447786301,-0.00018539953453000635,22.840111
0.010624999999999989,5.739988773711957e-05,0.001006006496027112,0.0001642286079004407,-0.00018861531862057745,22.840111
0.010833333333333322,5.822108869324438e-05,0.001021784613840282,0.00016722743748687208,-0.00019189600425306708,22.840111
0.011041666666666655,5.90321360505186e-05,0.0010374420089647174,0.00017045388813130558,-0.0001951913145603612,22.840111
0.011249999999999987,5.983006485621445e-05,0.0010527124395594,0.00017356332682538778,-0.00019862252520397305,22.840111
0.01145833333333332,6.062437387299724e-05,0.0010682536521926522,0.00017682465841062367,-0.00020217685960233212,22.840111
0.011666666666666653,6.140743789728731e-05,0.001083634328097105,0.00017975590890273452,-0.00020493543706834316,22.840111
0.011874999999999986,6.218350608833134e-05,0.0010986268753185868,0.0001826850784709677,-0.00020773500727955252,22.840111
0.01208333333333332,6.295570346992463e-05,0.0011122171999886632,0.00018562603509053588,-0.00021065035252831876,22.840111
0.012291666666666652,6.371620838763192e-05,0.0011238817824050784,0.00018787769658956677,-0.00021299105719663203,22.840111
0.012499999999999985,6.447785563068464e-05,0.0011352462461218238,0.0001900165807455778,-0.00021520801237784326,22.840111
0.012708333333333318,6.522527837660164e-05,0.001146641094237566,0.00019182049436494708,-0.00021733406174462289,22.840111
0.012916666666666651,6.596775347134098e-05,0.0011583637678995728,0.00019437156151980162,-0.0002195670094806701,22.840111
0.013124999999999984,6.670733273494989e-05,0.0011696130968630314,0.00019668351160362363,-0.00022225678549148142,22.840111
0.013333333333333317,6.744021084159613e-05,0.0011810967698693275,0.0001985222625080496,-0.00022452442499343306,22.840111
0.01354166666666665,6.816057430114597e-05,0.0011926393490284681,0.00020036745991092175,-0.00022664977586828172,22.840111
0.013749999999999983,6.887822382850572e-05,0.001204306143335998,0.0002027781738433987,-0.00022920234187040478,22.840111
0.013958333333333316,6.958919402677566e-05,0.0012157366145402193,0.00020492711337283254,-0.00023165724996943027,22.840111
0.014166666666666649,7.028987602097914e-05,0.0012272519525140524,0.00020689147640950978,-0.00023404507373925298,22.840111
0.014374999999999982,7.097914931364357e-05,0.001238678116351366,0.00020880703232251108,-0.00023628963390365243,22.840111
0.014583333333333314,7.166212890297174e-05,0.0012501617893576622,0.00021059832943137735,-0.00023821239301469177,22.840111
0.014791666666666647,7.234349322970957e-05,0.0012618857435882092,0.000212469749385491,-0.00024075416149571538,22.840111
0.01499999999999998,7.30170140741393e-05,0.001273609814234078,0.00021437884424813092,-0.00024314626352861524,22.840111
0.015208333333333313,7.36851361580193e-05,0.001284710131585598,0.00021619490871671587,-0.0002455010835547,22.840111
0.015416666666666646,7.43516138754785e-05,0.0012964295456185937,0.00021802107221446931,-0.00024754449259489775,22.840111
0.01562499999999998,7.50155231798999e-05,0.0013078564079478383,0.00021989535889588296,-0.00024996642605401576,22.840111
0.015833333333333314,7.567101420136169e-05,0.00131940096616745,0.00022171431919559836,-0.00025235424982383847,22.840111
0.01604166666666665,7.631577318534255e-05,0.0013309178175404668,0.00022344317403621972,-0.0002548009797465056,22.840111
0.016249999999999983,7.696325337747112e-05,0.0013426966033875942,0.00022541399812325835,-0.00025666982401162386,22.840111
0.016458333333333318,7.759399886708707e-05,0.0013541836524382234,0.00022746919421479106,-0.00025889056269079447,22.840111
0.016666666666666653,7.822659972589463e-05,0.0013658178504556417,0.00022928748512640595,-0.0002613099932204932,22.840111
0.016874999999999987,7.885583909228444e-05,0.0013770365621894598,0.0002311071293661371,-0.00026387060643173754,22.840111
0.017083333333333322,7.946952246129513e-05,0.0013883707579225302,0.00023266008065547794,-0.0002657884615473449,22.840111
0.017291666666666657,8.008367149159312e-05,0.0014001806266605854,0.0002343300438951701,-0.0002679761382751167,22.840111
0.01749999999999999,8.069552131928504e-05,0.001411698292940855,0.00023653352400287986,-0.0002702547353692353,22.840111
0.017708333333333326,8.130089554470032e-05,0.0014236589195206761,0.00023859532666392624,-0.00027274771127849817,22.840111
0.01791666666666666,8.189486834453419e-05,0.0014354119775816798,0.00024064697208814323,-0.00027529129874892533,22.840111
0.018124999999999995,8.24836824904196e-05,0.0014465732965618372,0.0002425886777928099,-0.00027753436006605625,22.840111
0.01833333333333333,8.306522067869082e-05,0.0014580576680600643,0.00024458562256768346,-0.00027963094180449843,22.840111
0.018541666666666665,8.363911183550954e-05,0.0014692434342578053,0.0002464301651343703,-0.0002819706278387457,22.840111
0.01875,8.421644452027977e-05,0.0014799181371927261,0.0002480674011167139,-0.00028392227250151336,22.840111
0.018958333333333334,8.477252413285896e-05,0.0014908642042428255,0.00025028488016687334,-0.00028638579533435404,22.840111
0.01916666666666667,8.530540799256414e-05,0.0015017192345112562,0.0002518625697121024,-0.00028853744152002037,22.840111
0.019375000000000003,8.583695307606831e-05,0.0015127247897908092,0.00025387582718394697,-0.00029102835105732083,22.840111
0.019583333333333338,8.636152051622048e-05,0.0015236643375828862,0.00025573704624548554,-0.0002929851762019098,22.840111
0.019791666666666673,8.687425724929199e-05,0.0015346355503425002,0.00025718193501234055,-0.00029535044450312853,22.840111
0.020000000000000007,8.737631287658587e-05,0.0015453415689989924,0.00025907671079039574,-0.000297892460366711,22.840111
0.020208333333333342,8.787698607193306e-05,0.0015556555008515716,0.00026069380692206323,-0.000299820996588096,22.840111
0.020416666666666677,8.83759930729866e-05,0.001566356047987938,0.00026270915986970067,-0.00030190579127520323,22.840111
0.02062500000000001,8.886245632311329e-05,0.0015768797602504492,0.0002642993931658566,-0.0003042440803255886,22.840111
0.020833333333333346,8.93480537342839e-05,0.0015876981196925044,0.000265984155703336,-0.0003063274489250034,22.840111
0.02104166666666668,8.983226143755019e-05,0.00159822020214051,0.0002677262236829847,-0.00030837595113553107,22.840111
0.021250000000000015,9.030810178956017e-05,0.0016083837253972888,0.00026958106900565326,-0.0003104895004071295,22.840111
0.02145833333333335,9.077465801965445e-05,0.0016184885753318667,0.00027131172828376293,-0.00031283003045246005,22.840111
0.021666666666666685,9.12386312847957e-05,0.0016287392936646938,0.00027287364355288446,-0.0003148535033687949,22.840111
0.02187500000000002,9.169620898319408e-05,0.0016386883798986673,0.00027443113503977656,-0.00031655689235776663,22.840111
0.022083333333333354,9.21464161365293e-05,0.0016482241917401552,0.00027589494129642844,-0.00031862891046330333,22.840111
0.02229166666666669,9.259077341994271e-05,0.0016576392808929086,0.0002774999593384564,-0.0003209455462638289,22.840111
0.022500000000000023,9.303540718974546e-05,0.0016664232825860381,0.00027885576128028333,-0.00032294291304424405,22.840111
0.022708333333333358,9.346879232907668e-05,0.001672056969255209,0.0002792589948512614,-0.00032385383383370936,22.840111
0.022916666666666693,9.390588820679113e-05,0.0016778444405645132,0.0002804652904160321,-0.0003251788148190826,22.840111
0.023125000000000027,9.433711966266856e-05,0.0016833936097100377,0.0002815205662045628,-0.0003264275728724897,22.840111
0.023333333333333362,9.476478589931503e-05,0.0016888825921341777,0.00028231189935468137,-0.0003278086369391531,22.840111
0.023541666666666697,9.519175364403054e-05,0.0016947289695963264,0.0002832167374435812,-0.000329137867083773,22.840111
0.02375000000000003,9.561450133332983e-05,0.0017004861729219556,0.0002844507689587772,-0.00033056363463401794,22.840111
0.023958333333333366,9.603524813428521e-05,0.0017063005361706018,0.00028551381547003984,-0.0003314862842671573,22.840111
0.0241666666666667,9.644733654567972e-05,0.0017117011593654752,0.0002865405986085534,-0.00033280946081504226,22.840111
0.024375000000000036,9.685758413979784e-05,0.0017176395049318671,0.00028768822085112333,-0.0003342097334098071,22.840111
0.02458333333333337,9.726619464345276e-05,0.001723372028209269,0.00028927551466040313,-0.0003361622802913189,22.840111
0.024791666666666705,9.766820585355163e-05,0.0017296022269874811,0.0002900329418480396,-0.00033735643955878913,22.840111
0.02500000000000004,9.806908201426268e-05,0.001735297148115933,0.0002908497117459774,-0.00033842059201560915,22.840111
0.025208333333333374,9.846709144767374e-05,0.001741049694828689,0.00029154587537050247,-0.0003396270622033626,22.840111
0.02541666666666671,9.886405314318836e-05,0.0017469287849962711,0.00029290415113791823,-0.00034126071841455996,22.840111
0.025625000000000044,9.92592322290875e-05,0.0017525660805404186,0.00029375075246207416,-0.0003423837770242244,22.840111
0.025833333333333378,9.964768833015114e-05,0.0017581728752702475,0.00029448390705510974,-0.0003434753743931651,22.840111
0.026041666666666713,0.00010003663192037493,0.0017640163423493505,0.0002954141818918288,-0.0003445991314947605,22.840111
0.026250000000000048,0.00010042307258117944,0.0017699196469038725,0.00029620411805808544,-0.00034599367063492537,22.840111
0.026458333333333382,0.00010080730862682685,0.0017751712584868073,0.0002969678316731006,-0.0003470743540674448,22.840111
0.026666666666666717,0.00010118644422618672,0.0017806602409109473,0.0002977554395329207,-0.00034845308982767165,22.840111
0.02687500000000005,0.00010156368080060929,0.0017867402639240026,0.00029842116055078804,-0.0003494552511256188,22.840111
0.027083333333333386,0.0001019320116029121,0.0017924363492056727,0.0002991514920722693,-0.00035087455762550235,22.840111
0.02729166666666672,0.00010230652696918696,0.0017982800491154194,0.00030003226129338145,-0.000351972586940974,22.840111
0.027500000000000056,0.00010267592006130144,0.0018040650757029653,0.00030099370633251965,-0.00035318179288879037,22.840111
0.02770833333333339,0.0001030414568958804,0.0018097918946295977,0.0003018737770617008,-0.0003545745857991278,22.840111
0.027916666666666725,0.00010340345033910125,0.0018157544545829296,0.00030281339422799647,-0.000355875410605222,22.840111
0.02812500000000006,0.0001037653346429579,0.0018213943112641573,0.0003037791757378727,-0.0003572088317014277,22.840111
0.028333333333333394,0.00010412018309580162,0.0018269409192726016,0.0003046024648938328,-0.0003583309007808566,22.840111
0.02854166666666673,0.00010446634405525401,0.0018325477140024304,0.00030526876798830926,-0.00035959298838861287,22.840111
0.028750000000000064,0.0001048190679284744,0.0018383633578196168,0.00030620917095802724,-0.0003608367987908423,22.840111
0.0289583333333334,0.00010517263581277803,0.0018437606049701571,0.0003069379599764943,-0.0003621568321250379,22.840111
0.029166666666666733,0.00010551612649578601,0.0018496694974601269,0.0003079358139075339,-0.0003636953479144722,22.840111
0.029375000000000068,0.00010586193820927292,0.0018551008542999625,0.0003089321544393897,-0.0003653159365057945,22.840111
0.029583333333333402,0.000106200241134502,0.0018613908905535936,0.00030992430401965976,-0.00036665506195276976,22.840111
0.029791666666666737,0.00010653577919583768,0.0018671753350645304,0.0003107447118964046,-0.00036787145654670894,22.840111
0.030000000000000072,0.00010686647146940231,0.0018726037815213203,0.0003113237617071718,-0.000369013607269153,22.840111
0.030208333333333406,0.00010720013233367354,0.0018783287378028035,0.000312086078338325,-0.00037016315036453307,22.840111
0.03041666666666674,0.00010752915113698691,0.001884022611193359,0.0003127524978481233,-0.00037151543074287474,22.840111
0.030625000000000076,0.00010785659105749801,0.0018898658454418182,0.0003133883001282811,-0.00037284381687641144,22.840111
0.03083333333333341,0.00010817763541126624,0.0018957075662910938,0.00031415055855177343,-0.00037370939389802516,22.840111
0.031041666666666745,0.000108487976831384,0.001901821931824088,0.0003151731798425317,-0.00037516269367188215,22.840111
0.031250000000000076,0.00010881078196689487,0.001907730009406805,0.0003163803194183856,-0.0003769992617890239,22.840111
0.03145833333333341,0.00010912481957348064,0.001913401298224926,0.00031755981035530567,-0.0003786886518355459,22.840111
0.03166666666666674,0.00010943372762994841,0.0019190952880308032,0.00031831636442802846,-0.00038004343514330685,22.840111
0.03187500000000007,0.00010974182077916339,0.0019248535390943289,0.0003190771385561675,-0.00038131052860990167,22.840111
0.0320833333333334,0.0001100509543903172,0.0019304616143926978,0.00032001748331822455,-0.0003828193002846092,22.840111
0.03229166666666673,0.00011035334318876266,0.001936307642608881,0.0003209840215276927,-0.000383976410375908,22.840111
0.032500000000000064,0.00011065148282796144,0.001942122238688171,0.00032192427897825837,-0.0003853342786896974,22.840111
0.032708333333333395,0.00011095053923781961,0.0019478789763525128,0.0003225638356525451,-0.000386982224881649,22.840111
0.032916666666666726,0.00011124758748337626,0.0019536062609404325,0.0003237731580156833,-0.00038838249747641385,22.840111
0.03312500000000006,0.00011153781815664843,0.001959331100806594,0.0003242003731429577,-0.00038961577229201794,22.840111
0.03333333333333339,0.00011183197057107463,0.0019651183392852545,0.0003254408948123455,-0.0003908049548044801,22.840111
0.03354166666666672,0.00011211260425625369,0.001970785204321146,0.00032628676854074,-0.0003922533360309899,22.840111
0.03375000000000005,0.00011239174637012184,0.001976746367290616,0.0003271987079642713,-0.00039329269202426076,22.840111
0.03395833333333338,0.00011267470108577982,0.0019826253410428762,0.0003282582329120487,-0.00039498048136010766,22.840111
0.03416666666666671,0.00011294804426142946,0.0019883541390299797,0.0003293461923021823,-0.00039658439345657825,22.840111
0.034375000000000044,0.00011323080980218947,0.0019942608196288347,0.00033049084595404565,-0.00039800972444936633,22.840111
0.034583333333333376,0.00011350756540196016,0.001999953994527459,0.0003311948385089636,-0.00039892911445349455,22.840111
0.03479166666666671,0.00011378234921721742,0.002005592919886112,0.0003321047406643629,-0.0004004925722256303,22.840111
0.03500000000000004,0.00011404998076613992,0.002011525444686413,0.0003328364109620452,-0.00040170675492845476,22.840111
0.03520833333333337,0.00011432030441937968,0.0020174889359623194,0.0003337157249916345,-0.0004031012358609587,22.840111
0.0354166666666667,0.00011458023072918877,0.0020233653485774994,0.00033465109299868345,-0.00040463762707076967,22.840111
0.03562500000000003,0.00011483779962873086,0.0020291742403060198,0.0003352841886226088,-0.0004060045466758311,22.840111
0.03583333333333336,0.00011509552132338285,0.0020347198005765676,0.0003361344279255718,-0.0004071983275935054,22.840111
0.036041666666666694,0.00011523284047143534,0.002039692597463727,0.00033655736478976905,-0.00040867869392968714,22.840111
0.036250000000000025,0.00011536675447132438,0.0020450495649129152,0.00033676897874101996,-0.0004101981467101723,22.840111
0.036458333333333356,0.00011549529153853655,0.002050528535619378,0.00033727858681231737,-0.00041186658199876547,22.840111
0.03666666666666669,0.00011562297004275024,0.002055412158370018,0.00033720419742166996,-0.0004134820483159274,22.840111
0.03687500000000002,0.00011575435200938955,0.00206062407232821,0.0003376569948159158,-0.0004152029869146645,22.840111
0.03708333333333335,0.00011588435882003978,0.0020659773144870996,0.000337806879542768,-0.000416697992477566,22.840111
0.03729166666666668,0.00011601311416598037,0.002070826943963766,0.0003378998953849077,-0.0004180929099675268,22.840111
0.03750000000000001,0.00011614180402830243,0.00207531894557178,0.0003379978006705642,-0.00041924696415662766,22.840111
0.037708333333333344,0.00011626811465248466,0.0020799306221306324,0.0003382077848073095,-0.0004205790755804628,22.840111
0.037916666666666675,0.00011639696458587423,0.0020844237878918648,0.00033848380553536117,-0.0004216270172037184,22.840111
0.038125000000000006,0.00011651968816295266,0.0020892433822155,0.00033882082789205015,-0.0004226412856951356,22.840111
0.03833333333333334,0.00011664273188216612,0.0020941561087965965,0.0003390665806364268,-0.0004243690345901996,22.840111
0.03854166666666667,0.00011676346912281588,0.002098735421895981,0.00033915939275175333,-0.0004254030645824969,22.840111
0.03875,0.00011689144594129175,0.002103499136865139,0.00033954979153349996,-0.0004272440855856985,22.840111
0.03895833333333333,0.00011701124458340928,0.002108024898916483,0.00033969947253353894,-0.0004287517804186791,22.840111
0.03916666666666666,0.00011713601998053491,0.0021125758066773415,0.00033986064954660833,-0.0004298807471059263,22.840111
0.03937499999999999,0.00011725621880032122,0.0021173388231545687,0.0003401600697543472,-0.0004312767123337835,22.840111
0.039583333333333325,0.00011737511522369459,0.002121882513165474,0.0003398003173060715,-0.0004322845779825002,22.840111
0.039791666666666656,0.00011749266559490934,0.0021262550726532936,0.0003400997375138104,-0.00043353598448447883,22.840111
0.03999999999999999,0.0001176105288323015,0.002130976179614663,0.00033992022508755326,-0.0004344048211351037,22.840111
0.04020833333333332,0.00011772618745453656,0.002135405782610178,0.00033991955569945276,-0.0004355071287136525,22.840111
0.04041666666666665,0.00011784426897065714,0.0021397187374532223,0.0003400983987376094,-0.0004369008238427341,22.840111
0.04062499999999998,0.00011796025501098484,0.0021441553253680468,0.00034069447428919375,-0.0004384279018267989,22.840111
0.04083333333333331,0.00011807418195530772,0.0021482643205672503,0.0003413542581256479,-0.000439999537775293,22.840111
0.04104166666666664,0.00011818686471087858,0.002152544679120183,0.0003418515552766621,-0.0004412636626511812,22.840111
0.041249999999999974,0.00011829791765194386,0.002156946575269103,0.0003422958543524146,-0.00044267522753216326,22.840111
0.041458333333333305,0.00011840836668852717,0.0021611377596855164,0.0003426738840062171,-0.0004439609474502504,22.840111
0.04166666666666664,0.00011852235911646858,0.002165211131796241,0.0003428768250159919,-0.00044512833119370043,22.840111
0.04187499999999997,0.0001186314839287661,0.0021693450398743153,0.0003431336081121117,-0.00044670645729638636,22.840111
0.0420833333333333,0.00011874808114953339,0.002172675682231784,0.0003436038095969707,-0.00044795864960178733,22.840111
0.04229166666666663,0.0001188620226457715,0.0021765942219644785,0.00034371798392385244,-0.0004490642750170082,22.840111
0.04249999999999996,0.00011897498916368932,0.0021769856102764606,0.00034370028879493475,-0.0004492024891078472,22.840111
0.04270833333333329,0.00011908585292985663,0.0021772868931293488,0.0003437338164076209,-0.0004493221058510244,22.840111
0.042916666666666624,0.00011919457756448537,0.002177495276555419,0.00034368198248557746,-0.0004492272564675659,22.840111
0.043124999999999955,0.00011930774053325877,0.002177495276555419,0.00034368198248557746,-0.0004492272564675659,22.840111
0.043333333333333286,0.00011942120909225196,0.002177495276555419,0.00034368198248557746,-0.0004492272564675659,22.840111
0.04354166666666662,0.00011953384091611952,0.002177495276555419,0.00034368198248557746,-0.0004492272564675659,22.840111
0.04374999999999995,0.00011964797886321321,0.002177495276555419,0.00034368198248557746,-0.0004492272564675659,22.840111
0.04395833333333328,0.0001197624224005267,0.002177495276555419,0.00034368198248557746,-0.0004492272564675659,22.840111
0.04416666666666661,0.0001198763056891039,0.002177495276555419,0.00034368198248557746,-0.0004492272564675659,22.840111
0.04437499999999994,0.00011998895206488669,0.002177495276555419,0.00034368198248557746,-0.0004492272564675659,22.840111
0.044583333333333273,0.0001201010454678908,0.002177495276555419,0.00034368198248557746,-0.0004492272564675659,22.840111
0.044791666666666605,0.00012021413567708805,0.002177495276555419,0.00034368198248557746,-0.0004492272564675659,22.840111
0.044999999999999936,0.00012032849917886779,0.002177495276555419,0.00034368198248557746,-0.0004492272564675659,22.840111
0.04520833333333327,0.00012044102186337113,0.002177495276555419,0.00034368198248557746,-0.0004492272564675659,22.840111
0.0454166666666666,0.0001205547378049232,0.002177495276555419,0.00034368198248557746,-0.0004492272564675659,22.840111
0.04562499999999993,0.00012066724593751132,0.002177495276555419,0.00034368198248557746,-0.0004492272564675659,22.840111
0.04583333333333326,0.00012077885185135528,0.002177495276555419,0.00034368198248557746,-0.0004492272564675659,22.840111
0.04604166666666659,0.00012089164374629036,0.002177495276555419,0.00034368198248557746,-0.0004492272564675659,22.840111
0.04624999999999992,0.00012100409367121756,0.002177495276555419,0.00034368198248557746,-0.0004492272564675659,22.840111
0.046458333333333254,0.00012111656542401761,0.002177495276555419,0.00034368198248557746,-0.0004492272564675659,22.840111
0.046666666666666586,0.00012122897896915674,0.002177495276555419,0.00034368198248557746,-0.0004492272564675659,22.840111
0.04687499999999992,0.0001213424329762347,0.002177495276555419,0.00034368198248557746,-0.0004492272564675659,22.840111
0.04708333333333325,0.00012145539949415252,0.002177495276555419,0.00034368198248557746,-0.0004492272564675659,22.840111
0.04729166666666658,0.00012156814045738429,0.002177495276555419,0.00034368198248557746,-0.0004492272564675659,22.840111
0.04749999999999991,0.00012168014654889703,0.002177495276555419,0.00034368198248557746,-0.0004492272564675659,22.840111
0.04770833333333324,0.00012179223267594352,0.002177495276555419,0.00034368198248557746,-0.0004492272564675659,22.840111
0.04791666666666657,0.00012190592678962275,0.002177495276555419,0.00034368198248557746,-0.0004492272564675659,22.840111
0.048124999999999904,0.00012201915524201468,0.002177495276555419,0.00034368198248557746,-0.0004492272564675659,22.840111
0.048333333333333235,0.00012213154695928097,0.002177495276555419,0.00034368198248557746,-0.0004492272564675659,22.840111
0.048541666666666566,0.00012224300007801503,0.002177495276555419,0.00034368198248557746,-0.0004492272564675659,22.840111
0.0487499999999999,0.00012235551548656076,0.002177495276555419,0.00034368198248557746,-0.0004492272564675659,22.840111
0.04895833333333323,0.00012246734695509076,0.002177495276555419,0.00034368198248557746,-0.0004492272564675659,22.840111
0.04916666666666656,0.0001225800660904497,0.002177495276555419,0.00034368198248557746,-0.0004492272564675659,22.840111
0.04937499999999989,0.00012269229046069086,0.002177495276555419,0.00034368198248557746,-0.0004492272564675659,22.840111
0.04958333333333322,0.00012280454393476248,0.002177495276555419,0.00034368198248557746,-0.0004492272564675659,22.840111
0.049791666666666554,0.0001229171029990539,0.002177495276555419,0.00034368198248557746,-0.0004492272564675659,22.840111
0.049999999999999885,0.00012302905088290572,0.002177495276555419,0.00034368198248557746,-0.0004492272564675659,22.840111
0.050208333333333216,0.00012314172636251897,0.002177495276555419,0.00034368198248557746,-0.0004492272564675659,22.840111
0.05041666666666655,0.00012325335410423577,0.002177495276555419,0.00034368198248557746,-0.0004492272564675659,22.840111
0.05062499999999988,0.0001233642251463607,0.002177495276555419,0.00034368198248557746,-0.0004492272564675659,22.840111
0.05083333333333321,0.00012347545998636633,0.002177495276555419,0.00034368198248557746,-0.0004492272564675659,22.840111
0.05104166666666654,0.00012358828098513186,0.002177495276555419,0.00034368198248557746,-0.0004492272564675659,22.840111
0.05124999999999987,0.0001237003889400512,0.002177495276555419,0.00034368198248557746,-0.0004492272564675659,22.840111
0.0514583333333332,0.00012381172564346343,0.002177495276555419,0.00034368198248557746,-0.0004492272564675659,22.840111
0.051666666666666534,0.00012392322241794318,0.002177495276555419,0.00034368198248557746,-0.0004492272564675659,22.840111
0.051874999999999866,0.00012403553409967571,0.002177495276555419,0.00034368198248557746,-0.0004492272564675659,22.840111
0.0520833333333332,0.00012414786033332348,0.002177495276555419,0.00034368198248557746,-0.0004492272564675659,22.840111
0.05229166666666653,0.00012425937165971845,0.002177495276555419,0.00034368198248557746,-0.0004492272564675659,22.840111
0.05249999999999986,0.0001243717852048576,0.002177495276555419,0.00034368198248557746,-0.0004492272564675659,22.840111
0.05270833333333319,0.00012448304914869368,0.002177495276555419,0.00034368198248557746,-0.0004492272564675659,22.840111
0.05291666666666652,0.00012459543359000236,0.002177495276555419,0.00034368198248557746,-0.0004492272564675659,22.840111
0.05312499999999985,0.00012470665387809277,0.002177495276555419,0.00034368198248557746,-0.0004492272564675659,22.840111
0.053333333333333184,0.00012481700105126947,0.002177495276555419,0.00034368198248557746,-0.0004492272564675659,22.840111
0.053541666666666515,0.0001249277120223269,0.002177495276555419,0.00034368198248557746,-0.0004492272564675659,22.840111
0.053749999999999847,0.0001250382192665711,0.002177495276555419,0.00034368198248557746,-0.0004492272564675659,22.840111
0.05395833333333318,0.00012515000707935542,0.002177495276555419,0.00034368198248557746,-0.0004492272564675659,22.840111
0.05416666666666651,0.00012526263890322298,0.002177495276555419,0.00034368198248557746,-0.0004492272564675659,22.840111
0.05437499999999984,0.0001253743248526007,0.002177495276555419,0.00034368198248557746,-0.0004492272564675659,22.840111
0.05458333333333317,0.00012548539962153882,0.002177495276555419,0.00034368198248557746,-0.0004492272564675659,22.840111
0.0547916666666665,0.00012559740571305156,0.002177495276555419,0.00034368198248557746,-0.0004492272564675659,22.840111
0.054999999999999834,0.0001257083349628374,0.002177495276555419,0.00034368198248557746,-0.0004492272564675659,22.840111
0.055208333333333165,0.00012581895862240344,0.002177495276555419,0.00034368198248557746,-0.0004492272564675659,22.840111
0.055416666666666496,0.0001259295822819695,0.002177495276555419,0.00034368198248557746,-0.0004492272564675659,22.840111
0.05562499999999983,0.00012604077346622944,0.002177495276555419,0.00034368198248557746,-0.0004492272564675659,22.840111
0.05583333333333316,0.00012615221203304827,0.002177495276555419,0.00034368198248557746,-0.0004492272564675659,22.840111
0.05604166666666649,0.00012626330135390162,0.002177495276555419,0.00034368198248557746,-0.0004492272564675659,22.840111
0.05624999999999982,0.00012637446343433112,0.002177495276555419,0.00034368198248557746,-0.0004492272564675659,22.840111
0.05645833333333315,0.0001264858728973195,0.002177495276555419,0.00034368198248557746,-0.0004492272564675659,22.840111
0.05666666666666648,0.0001265952450921759,0.002177495276555419,0.00034368198248557746,-0.0004492272564675659,22.840111
0.056874999999999815,0.0001267061015823856,0.002177495276555419,0.00034368198248557746,-0.0004492272564675659,22.840111
0.057083333333333146,0.00012681866064667702,0.002177495276555419,0.00034368198248557746,-0.0004492272564675659,22.840111
0.05729166666666648,0.0001269298663828522,0.002177495276555419,0.00034368198248557746,-0.0004492272564675659,22.840111
0.05749999999999981,0.00012704147957265377,0.002177495276555419,0.00034368198248557746,-0.0004492272564675659,22.840111
0.05770833333333314,0.00012715169577859342,0.002177495276555419,0.00034368198248557746,-0.0004492272564675659,22.840111
0.05791666666666647,0.0001272618246730417,0.002177495276555419,0.00034368198248557746,-0.0004492272564675659,22.840111
0.0581249999999998,0.0001273731904802844,0.002177495276555419,0.00034368198248557746,-0.0004492272564675659,22.840111
0.05833333333333313,0.00012748388689942658,0.002177495276555419,0.00034368198248557746,-0.0004492272564675659,22.840111
0.058541666666666464,0.0001275939866900444,0.002177495276555419,0.00034368198248557746,-0.0004492272564675659,22.840111
0.058749999999999795,0.0001277048868359998,0.002177495276555419,0.00034368198248557746,-0.0004492272564675659,22.840111
0.05895833333333313,0.00012781476834788918,0.002177495276555419,0.00034368198248557746,-0.0004492272564675659,22.840111
0.05916666666666646,0.00012792498455382884,0.002177495276555419,0.00034368198248557746,-0.0004492272564675659,22.840111
0.05937499999999979,0.000128035360830836,0.002177495276555419,0.00034368198248557746,-0.0004492272564675659,22.840111
0.05958333333333312,0.00012814613000955433,0.002177495276555419,0.00034368198248557746,-0.0004492272564675659,22.840111
0.05979166666666645,0.00012825672456528991,0.002177495276555419,0.00034368198248557746,-0.0004492272564675659,22.840111
0.05999999999999978,0.00012836656242143363,0.002177495276555419,0.00034368198248557746,-0.0004492272564675659,22.840111
0.060208333333333114,0.00012847645848523825,0.002177495276555419,0.00034368198248557746,-0.0004492272564675659,22.840111
0.060416666666666445,0.00012858527770731598,0.002177495276555419,0.00034368198248557746,-0.0004492272564675659,22.840111
0.060624999999999776,0.00012869498459622264,0.002177495276555419,0.00034368198248557746,-0.0004492272564675659,22.840111
0.06083333333333311,0.00012880467693321407,0.002177495276555419,0.00034368198248557746,-0.0004492272564675659,22.840111
0.06104166666666644,0.0001289140636799857,0.002177495276555419,0.00034368198248557746,-0.0004492272564675659,22.840111
0.06124999999999977,0.00012902381422463804,0.002177495276555419,0.00034368198248557746,-0.0004492272564675659,22.840111
0.0614583333333331,0.00012913384125567973,0.002177495276555419,0.00034368198248557746,-0.0004492272564675659,22.840111
0.06166666666666643,0.00012924254406243563,0.002177495276555419,0.00034368198248557746,-0.0004492272564675659,22.840111
0.061874999999999764,0.00012935146514791995,0.002177495276555419,0.00034368198248557746,-0.0004492272564675659,22.840111
0.062083333333333095,0.0001294606481678784,0.002177495276555419,0.00034368198248557746,-0.0004492272564675659,22.840111
0.062291666666666426,0.0001295707479584962,0.002177495276555419,0.00034368198248557746,-0.0004492272564675659,22.840111
0.06249999999999976,0.00012968033843208104,0.002177495276555419,0.00034368198248557746,-0.0004492272564675659,22.840111
0.06270833333333309,0.00012978979793842882,0.002177495276555419,0.00034368198248557746,-0.0004492272564675659,22.840111
0.06291666666666643,0.00012990010145585984,0.002177495276555419,0.00034368198248557746,-0.0004492272564675659,22.840111
0.06312499999999976,0.00013000841136090457,0.002177495276555419,0.00034368198248557746,-0.0004492272564675659,22.840111
0.0633333333333331,0.00013011785631533712,0.002177495276555419,0.00034368198248557746,-0.0004492272564675659,22.840111
0.06354166666666644,0.00013022801431361586,0.002177495276555419,0.00034368198248557746,-0.0004492272564675659,22.840111
0.06374999999999978,0.0001303381286561489,0.002177495276555419,0.00034368198248557746,-0.0004492272564675659,22.840111
0.06395833333333312,0.0001304473844356835,0.002177495276555419,0.00034368198248557746,-0.0004492272564675659,22.840111
0.06416666666666646,0.00013055597082711756,0.002177495276555419,0.00034368198248557746,-0.0004492272564675659,22.840111
0.0643749999999998,0.0001306657213717699,0.002177495276555419,0.00034368198248557746,-0.0004492272564675659,22.840111
0.06458333333333313,0.00013077504991088063,0.002177495276555419,0.00034368198248557746,-0.0004492272564675659,22.840111
0.06479166666666647,0.0001308838982367888,0.002177495276555419,0.00034368198248557746,-0.0004492272564675659,22.840111
0.06499999999999981,0.0001309933140873909,0.002177495276555419,0.00034368198248557746,-0.0004492272564675659,22.840111
0.06520833333333315,0.00013110136205796152,0.002177495276555419,0.00034368198248557746,-0.0004492272564675659,22.840111
0.06541666666666648,0.000131210355903022,0.002177495276555419,0.00034368198248557746,-0.0004492272564675659,22.840111
0.06562499999999982,0.0001313195825787261,0.002177495276555419,0.00034368198248557746,-0.0004492272564675659,22.840111
0.06583333333333316,0.00013142896932549775,0.002177495276555419,0.00034368198248557746,-0.0004492272564675659,22.840111
0.0660416666666665,0.0001315380650339648,0.002177495276555419,0.00034368198248557746,-0.0004492272564675659,22.840111
0.06624999999999984,0.0001316464476985857,0.002177495276555419,0.00034368198248557746,-0.0004492272564675659,22.840111
0.06645833333333317,0.00013175462663639337,0.002177495276555419,0.00034368198248557746,-0.0004492272564675659,22.840111
0.06666666666666651,0.00013186351861804724,0.002177495276555419,0.00034368198248557746,-0.0004492272564675659,22.840111
0.06687499999999985,0.00013197319640312344,0.002177495276555419,0.00034368198248557746,-0.0004492272564675659,22.840111
0.06708333333333319,0.00013208099699113518,0.002177495276555419,0.00034368198248557746,-0.0004492272564675659,22.840111
0.06729166666666653,0.0001321907911915332,0.002177495276555419,0.00034368198248557746,-0.0004492272564675659,22.840111
0.06749999999999987,0.0001322992902714759,0.002177495276555419,0.00034368198248557746,-0.0004492272564675659,22.840111
0.0677083333333332,0.0001324073236901313,0.002177495276555419,0.00034368198248557746,-0.0004492272564675659,22.840111
0.06791666666666654,0.00013251580821815878,0.002177495276555419,0.00034368198248557746,-0.0004492272564675659,22.840111
0.06812499999999988,0.00013262649008538574,0.002177495276555419,0.00034368198248557746,-0.0004492272564675659,22.840111
0.06833333333333322,0.00013273389777168632,0.002177495276555419,0.00034368198248557746,-0.0004492272564675659,22.840111
0.06854166666666656,0.00013284251326695085,0.002177495276555419,0.00034368198248557746,-0.0004492272564675659,22.840111
0.0687499999999999,0.00013295092503540218,0.002177495276555419,0.00034368198248557746,-0.0004492272564675659,22.840111
0.06895833333333323,0.00013305993343237787,0.002177495276555419,0.00034368198248557746,-0.0004492272564675659,22.840111
0.06916666666666657,0.0001331683452008292,0.002177495276555419,0.00034368198248557746,-0.0004492272564675659,22.840111
0.06937499999999991,0.00013327671331353486,0.002177495276555419,0.00034368198248557746,-0.0004492272564675659,22.840111
0.06958333333333325,0.00013338473218027502,0.002177495276555419,0.00034368198248557746,-0.0004492272564675659,22.840111
0.06979166666666659,0.00013349302753340453,0.002177495276555419,0.00034368198248557746,-0.0004492272564675659,22.840111
0.06999999999999992,0.0001336014101980254,0.002177495276555419,0.00034368198248557746,-0.0004492272564675659,22.840111
0.07020833333333326,0.00013370976375881582,0.002177495276555419,0.00034368198248557746,-0.0004492272564675659,22.840111
0.0704166666666666,0.0001338180445600301,0.002177495276555419,0.00034368198248557746,-0.0004492272564675659,22.840111
0.07062499999999994,0.00013392593245953321,0.002177495276555419,0.00034368198248557746,-0.0004492272564675659,22.840111
0.07083333333333328,0.0001340347371296957,0.002177495276555419,0.00034368198248557746,-0.0004492272564675659,22.840111
0.07104166666666661,0.00013414170825853944,0.002177495276555419,0.00034368198248557746,-0.0004492272564675659,22.840111
0.07124999999999995,0.00013425096403807402,0.002177495276555419,0.00034368198248557746,-0.0004492272564675659,22.840111
0.07145833333333329,0.000134358779178001,0.002177495276555419,0.00034368198248557746,-0.0004492272564675659,22.840111
0.07166666666666663,0.00013446711818687618,0.002177495276555419,0.00034368198248557746,-0.0004492272564675659,22.840111
0.07187499999999997,0.00013457519526127726,0.002177495276555419,0.00034368198248557746,-0.0004492272564675659,22.840111
0.0720833333333333,0.00013468322867993265,0.002177495276555419,0.00034368198248557746,-0.0004492272564675659,22.840111
0.07229166666666664,0.00013479174231179059,0.002177495276555419,0.00034368198248557746,-0.0004492272564675659,22.840111
0.07249999999999998,0.00013489909179043025,0.002177495276555419,0.00034368198248557746,-0.0004492272564675659,22.840111
0.07270833333333332,0.0001350059174001217,0.002177495276555419,0.00034368198248557746,-0.0004492272564675659,22.840111
0.07291666666666666,0.00013511533325072378,0.002177495276555419,0.00034368198248557746,-0.0004492272564675659,22.840111
0.073125,0.00013522263907361776,0.002177495276555419,0.00034368198248557746,-0.0004492272564675659,22.840111
0.07333333333333333,0.00013532917364500463,0.002177495276555419,0.00034368198248557746,-0.0004492272564675659,22.840111
0.07354166666666667,0.00013543640670832247,0.002177495276555419,0.00034368198248557746,-0.0004492272564675659,22.840111
0.07375000000000001,0.0001355441054329276,0.002177495276555419,0.00034368198248557746,-0.0004492272564675659,22.840111
0.07395833333333335,0.00013565141125582159,0.002177495276555419,0.00034368198248557746,-0.0004492272564675659,22.840111
0.07416666666666669,0.0001357584842480719,0.002177495276555419,0.00034368198248557746,-0.0004492272564675659,22.840111
0.07437500000000002,0.00013586488785222173,0.002177495276555419,0.00034368198248557746,-0.0004492272564675659,22.840111
0.07458333333333336,0.00013597086945082992,0.002177495276555419,0.00034368198248557746,-0.0004492272564675659,22.840111
0.0747916666666667,0.00013607760774903,0.002177495276555419,0.00034368198248557746,-0.0004492272564675659,22.840111
0.07500000000000004,0.00013618494267575443,0.002177495276555419,0.00034368198248557746,-0.0004492272564675659,22.840111
0.07520833333333338,0.00013629165187012404,0.002177495276555419,0.00034368198248557746,-0.0004492272564675659,22.840111
0.07541666666666672,0.00013639903045259416,0.002177495276555419,0.00034368198248557746,-0.0004492272564675659,22.840111
0.07562500000000005,0.00013650603068526834,0.002177495276555419,0.00034368198248557746,-0.0004492272564675659,22.840111
0.07583333333333339,0.0001366135838907212,0.002177495276555419,0.00034368198248557746,-0.0004492272564675659,22.840111
0.07604166666666673,0.00013671883789356798,0.002177495276555419,0.00034368198248557746,-0.0004492272564675659,22.840111
0.07625000000000007,0.00013682525604963303,0.002177495276555419,0.00034368198248557746,-0.0004492272564675659,22.840111
0.0764583333333334,0.000136932052555494,0.002177495276555419,0.00034368198248557746,-0.0004492272564675659,22.840111
0.07666666666666674,0.00013703867443837225,0.002177495276555419,0.00034368198248557746,-0.0004492272564675659,22.840111
0.07687500000000008,0.00013714416127186269,0.002177495276555419,0.00034368198248557746,-0.0004492272564675659,22.840111
0.07708333333333342,0.00013725033204536885,0.002177495276555419,0.00034368198248557746,-0.0004492272564675659,22.840111
0.07729166666666676,0.00013735663378611207,0.002177495276555419,0.00034368198248557746,-0.0004492272564675659,22.840111
0.0775000000000001,0.0001374626299366355,0.002177495276555419,0.00034368198248557746,-0.0004492272564675659,22.840111
0.07770833333333343,0.00013756932457908988,0.002177495276555419,0.00034368198248557746,-0.0004492272564675659,22.840111
0.07791666666666677,0.000137675684527494,0.002177495276555419,0.00034368198248557746,-0.0004492272564675659,22.840111
0.07812500000000011,0.00013778239372186363,0.002177495276555419,0.00034368198248557746,-0.0004492272564675659,22.840111
0.07833333333333345,0.00013788971409667283,0.002177495276555419,0.00034368198248557746,-0.0004492272564675659,22.840111
0.07854166666666679,0.0001379969617119059,0.002177495276555419,0.00034368198248557746,-0.0004492272564675659,22.840111
0.07875000000000013,0.00013810332166031003,0.002177495276555419,0.00034368198248557746,-0.0004492272564675659,22.840111
0.07895833333333346,0.00013820988533552736,0.002177495276555419,0.00034368198248557746,-0.0004492272564675659,22.840111
0.0791666666666668,0.00013831719115842134,0.002177495276555419,0.00034368198248557746,-0.0004492272564675659,22.840111
0.07937500000000014,0.0001384236238664016,0.002177495276555419,0.00034368198248557746,-0.0004492272564675659,22.840111
0.07958333333333348,0.00013853050768375397,0.002177495276555419,0.00034368198248557746,-0.0004492272564675659,22.840111
0.07979166666666682,0.00013863672211300582,0.002177495276555419,0.00034368198248557746,-0.0004492272564675659,22.840111
0.08000000000000015,0.00013874178694095463,0.002177495276555419,0.00034368198248557746,-0.0004492272564675659,22.840111
0.08020833333333349,0.0001388469827361405,0.002177495276555419,0.00034368198248557746,-0.0004492272564675659,22.840111
0.08041666666666683,0.00013895386655349284,0.002177495276555419,0.00034368198248557746,-0.0004492272564675659,22.840111
0.08062500000000017,0.0001390603865729645,0.002177495276555419,0.00034368198248557746,-0.0004492272564675659,22.840111
0.0808333333333335,0.00013916578609496355,0.002177495276555419,0.00034368198248557746,-0.0004492272564675659,22.840111
0.08104166666666685,0.00013927185500506312,0.002177495276555419,0.00034368198248557746,-0.0004492272564675659,22.840111
0.08125000000000018,0.0001393765996908769,0.002177495276555419,0.00034368198248557746,-0.0004492272564675659,22.840111
0.08145833333333352,0.00013948246487416327,0.002177495276555419,0.00034368198248557746,-0.0004492272564675659,22.840111
0.08166666666666686,0.0001395877479808405,0.002177495276555419,0.00034368198248557746,-0.0004492272564675659,22.840111
0.0818750000000002,0.00013969313295092434,0.002177495276555419,0.00034368198248557746,-0.0004492272564675659,22.840111
0.08208333333333354,0.00013979939103592187,0.002177495276555419,0.00034368198248557746,-0.0004492272564675659,22.840111
0.08229166666666687,0.00013990438310429454,0.002177495276555419,0.00034368198248557746,-0.0004492272564675659,22.840111
0.08250000000000021,0.00014001103409100324,0.002177495276555419,0.00034368198248557746,-0.0004492272564675659,22.840111
0.08270833333333355,0.00014011681196279824,0.002177495276555419,0.00034368198248557746,-0.0004492272564675659,22.840111
0.08291666666666689,0.0001402232883265242,0.002177495276555419,0.00034368198248557746,-0.0004492272564675659,22.840111
0.08312500000000023,0.0001403302449034527,0.002177495276555419,0.00034368198248557746,-0.0004492272564675659,22.840111
0.08333333333333356,0.00014043562987353653,0.002177495276555419,0.00034368198248557746,-0.0004492272564675659,22.840111
0.0835416666666669,0.00014054137864150107,0.002177495276555419,0.00034368198248557746,-0.0004492272564675659,22.840111
0.08375000000000024,0.00014064802962820977,0.002177495276555419,0.00034368198248557746,-0.0004492272564675659,22.840111
0.08395833333333358,0.0001407543895766139,0.002177495276555419,0.00034368198248557746,-0.0004492272564675659,22.840111
0.08416666666666692,0.0001408593525411561,0.002177495276555419,0.00034368198248557746,-0.0004492272564675659,22.840111
0.08437500000000026,0.0001409642572980374,0.002177495276555419,0.00034368198248557746,-0.0004492272564675659,22.840111
0.0845833333333336,0.00014106952585279942,0.002177495276555419,0.00034368198248557746,-0.0004492272564675659,22.840111
0.08479166666666693,0.00014117387763690203,0.002177495276555419,0.00034368198248557746,-0.0004492272564675659,22.840111
0.08500000000000027,0.0001412787678418681,0.002177495276555419,0.00034368198248557746,-0.0004492272564675659,22.840111
0.08520833333333361,0.0001413838326698169,0.002177495276555419,0.00034368198248557746,-0.0004492272564675659,22.840111
0.08541666666666695,0.00014148972695693374,0.002177495276555419,0.00034368198248557746,-0.0004492272564675659,22.840111
0.08562500000000028,0.0001415950828231871,0.002177495276555419,0.00034368198248557746,-0.0004492272564675659,22.840111
0.08583333333333362,0.00014170071517582983,0.002177495276555419,0.00034368198248557746,-0.0004492272564675659,22.840111
0.08604166666666696,0.00014180659491103142,0.002177495276555419,0.00034368198248557746,-0.0004492272564675659,22.840111
0.0862500000000003,0.0001419114414602518,0.002177495276555419,0.00034368198248557746,-0.0004492272564675659,22.840111
0.08645833333333364,0.0001420174667146057,0.002177495276555419,0.00034368198248557746,-0.0004492272564675659,22.840111
0.08666666666666697,0.00014212173118721694,0.002177495276555419,0.00034368198248557746,-0.0004492272564675659,22.840111
0.08687500000000031,0.000142226621392183,0.002177495276555419,0.00034368198248557746,-0.0004492272564675659,22.840111
0.08708333333333365,0.00014233299589250237,0.002177495276555419,0.00034368198248557746,-0.0004492272564675659,22.840111
0.08729166666666699,0.00014243870100472122,0.002177495276555419,0.00034368198248557746,-0.0004492272564675659,22.840111
0.08750000000000033,0.00014254455163609236,0.002177495276555419,0.00034368198248557746,-0.0004492272564675659,22.840111
0.08770833333333367,0.00014264900528360158,0.002177495276555419,0.00034368198248557746,-0.0004492272564675659,22.840111
0.087916666666667,0.0001427537208655849,0.002177495276555419,0.00034368198248557746,-0.0004492272564675659,22.840111
0.08812500000000034,0.00014285907673183829,0.002177495276555419,0.00034368198248557746,-0.0004492272564675659,22.840111
0.08833333333333368,0.00014296338486019522,0.002177495276555419,0.00034368198248557746,-0.0004492272564675659,22.840111
0.08854166666666702,0.00014306680532172322,0.002177495276555419,0.00034368198248557746,-0.0004492272564675659,22.840111
0.08875000000000036,0.00014317131717689335,0.002177495276555419,0.00034368198248557746,-0.0004492272564675659,22.840111
0.0889583333333337,0.00014327530516311526,0.002177495276555419,0.00034368198248557746,-0.0004492272564675659,22.840111
0.08916666666666703,0.00014338004984892905,0.002177495276555419,0.00034368198248557746,-0.0004492272564675659,22.840111
0.08937500000000037,0.00014348526019603014,0.002177495276555419,0.00034368198248557746,-0.0004492272564675659,22.840111
0.08958333333333371,0.000143590455991216,0.002177495276555419,0.00034368198248557746,-0.0004492272564675659,22.840111
0.08979166666666705,0.00014369527343660593,0.002177495276555419,0.00034368198248557746,-0.0004492272564675659,22.840111
0.09000000000000039,0.0001437996979802847,0.002177495276555419,0.00034368198248557746,-0.0004492272564675659,22.840111
0.09020833333333372,0.0001439052284695208,0.002177495276555419,0.00034368198248557746,-0.0004492272564675659,22.840111
0.09041666666666706,0.0001440108462702483,0.002177495276555419,0.00034368198248557746,-0.0004492272564675659,22.840111
0.0906250000000004,0.00014411511074285954,0.002177495276555419,0.00034368198248557746,-0.0004492272564675659,22.840111
0.09083333333333374,0.0001442187640350312,0.002177495276555419,0.00034368198248557746,-0.0004492272564675659,22.840111
0.09104166666666708,0.0001443229557480663,0.002177495276555419,0.00034368198248557746,-0.0004492272564675659,22.840111
0.09125000000000041,0.00014442813699133694,0.002177495276555419,0.00034368198248557746,-0.0004492272564675659,22.840111
0.09145833333333375,0.0001445315283490345,0.002177495276555419,0.00034368198248557746,-0.0004492272564675659,22.840111
0.09166666666666709,0.0001446355745429173,0.002177495276555419,0.00034368198248557746,-0.0004492272564675659,22.840111
0.09187500000000043,0.00014473948976956308,0.002177495276555419,0.00034368198248557746,-0.0004492272564675659,22.840111
0.09208333333333377,0.00014484291023109108,0.002177495276555419,0.00034368198248557746,-0.0004492272564675659,22.840111
0.0922916666666671,0.00014494810602627695,0.002177495276555419,0.00034368198248557746,-0.0004492272564675659,22.840111
0.09250000000000044,0.00014505215222015977,0.002177495276555419,0.00034368198248557746,-0.0004492272564675659,22.840111
0.09270833333333378,0.0001451544521842152,0.002177495276555419,0.00034368198248557746,-0.0004492272564675659,22.840111
0.09291666666666712,0.00014525841106660664,0.002177495276555419,0.00034368198248557746,-0.0004492272564675659,22.840111
0.09312500000000046,0.000145361598697491,0.002177495276555419,0.00034368198248557746,-0.0004492272564675659,22.840111
0.0933333333333338,0.00014546488819178194,0.002177495276555419,0.00034368198248557746,-0.0004492272564675659,22.840111
0.09354166666666713,0.00014556963287759572,0.002177495276555419,0.00034368198248557746,-0.0004492272564675659,22.840111
0.09375000000000047,0.0001456745230825618,0.002177495276555419,0.00034368198248557746,-0.0004492272564675659,22.840111
0.09395833333333381,0.00014577747788280249,0.002177495276555419,0.00034368198248557746,-0.0004492272564675659,22.840111
0.09416666666666715,0.00014588118938263506,0.002177495276555419,0.00034368198248557746,-0.0004492272564675659,22.840111
0.09437500000000049,0.0001459848863305524,0.002177495276555419,0.00034368198248557746,-0.0004492272564675659,22.840111
0.09458333333333382,0.00014608884521294385,0.002177495276555419,0.00034368198248557746,-0.0004492272564675659,22.840111
0.09479166666666716,0.00014619168359786272,0.002177495276555419,0.00034368198248557746,-0.0004492272564675659,22.840111
0.0950000000000005,0.0001462957006879151,0.002177495276555419,0.00034368198248557746,-0.0004492272564675659,22.840111
0.09520833333333384,0.00014639894652646035,0.002177495276555419,0.00034368198248557746,-0.0004492272564675659,22.840111
0.09541666666666718,0.00014650168304797262,0.002177495276555419,0.00034368198248557746,-0.0004492272564675659,22.840111
0.09562500000000052,0.00014660489978268743,0.002177495276555419,0.00034368198248557746,-0.0004492272564675659,22.840111
0.09583333333333385,0.00014670829114038497,0.002177495276555419,0.00034368198248557746,-0.0004492272564675659,22.840111
0.09604166666666719,0.0001468120899517089,0.002177495276555419,0.00034368198248557746,-0.0004492272564675659,22.840111
0.09625000000000053,0.00014691569958813488,0.002177495276555419,0.00034368198248557746,-0.0004492272564675659,22.840111
0.09645833333333387,0.00014701750478707254,0.002177495276555419,0.00034368198248557746,-0.0004492272564675659,22.840111
0.0966666666666672,0.00014712000847794116,0.002177495276555419,0.00034368198248557746,-0.0004492272564675659,22.840111
0.09687500000000054,0.00014722261403221637,0.002177495276555419,0.00034368198248557746,-0.0004492272564675659,22.840111
0.09708333333333388,0.00014732622366864234,0.002177495276555419,0.00034368198248557746,-0.0004492272564675659,22.840111
0.09729166666666722,0.00014743026986252517,0.002177495276555419,0.00034368198248557746,-0.0004492272564675659,22.840111
0.09750000000000056,0.00014753419964108616,0.002177495276555419,0.00034368198248557746,-0.0004492272564675659,22.840111
0.0977083333333339,0.00014763668878003955,0.002177495276555419,0.00034368198248557746,-0.0004492272564675659,22.840111
0.09791666666666723,0.0001477398327551782,0.002177495276555419,0.00034368198248557746,-0.0004492272564675659,22.840111
0.09812500000000057,0.00014784291852265596,0.002177495276555419,0.00034368198248557746,-0.0004492272564675659,22.840111
0.09833333333333391,0.0001479462516726926,0.002177495276555419,0.00034368198248557746,-0.0004492272564675659,22.840111
0.09854166666666725,0.00014804898819420487,0.002177495276555419,0.00034368198248557746,-0.0004492272564675659,22.840111
0.09875000000000059,0.00014815187023486942,0.002177495276555419,0.00034368198248557746,-0.0004492272564675659,22.840111
0.09895833333333393,0.00014825515972916037,0.002177495276555419,0.00034368198248557746,-0.0004492272564675659,22.840111
0.09916666666666726,0.00014835801266599447,0.002177495276555419,0.00034368198248557746,-0.0004492272564675659,22.840111
0.0993750000000006,0.00014846127305645496,0.002177495276555419,0.00034368198248557746,-0.0004492272564675659,22.840111
0.09958333333333394,0.00014856370398774743,0.002177495276555419,0.00034368198248557746,-0.0004492272564675659,22.840111
0.09979166666666728,0.00014866532001178712,0.002177495276555419,0.00034368198248557746,-0.0004492272564675659,22.840111
0.10000000000000062,0.00014876812929287553,0.002177495276555419,0.00034368198248557746,-0.0004492272564675659,22.840111
0.10020833333333395,0.000148870560224168,0.002177495276555419,0.00034368198248557746,-0.0004492272564675659,22.840111
0.10041666666666729,0.00014897210348863155,0.002177495276555419,0.00034368198248557746,-0.0004492272564675659,22.840111
0.10062500000000063,0.00014907460717950016,0.002177495276555419,0.00034368198248557746,-0.0004492272564675659,22.840111
0.10083333333333397,0.0001491767616244033,0.002177495276555419,0.00034368198248557746,-0.0004492272564675659,22.840111
0.1010416666666673,0.00014927750453352928,0.002177495276555419,0.00034368198248557746,-0.0004492272564675659,22.840111
0.10125000000000065,0.000149380270158872,0.002177495276555419,0.00034368198248557746,-0.0004492272564675659,22.840111
0.10145833333333398,0.00014948305033612996,0.002177495276555419,0.00034368198248557746,-0.0004492272564675659,22.840111
0.10166666666666732,0.00014958553947508335,0.002177495276555419,0.00034368198248557746,-0.0004492272564675659,22.840111
0.10187500000000066,0.000149687344674021,0.002177495276555419,0.00034368198248557746,-0.0004492272564675659,22.840111
0.102083333333334,0.0001497891207691282,0.002177495276555419,0.00034368198248557746,-0.0004492272564675659,22.840111
0.10229166666666734,0.00014989124611020088,0.002177495276555419,0.00034368198248557746,-0.0004492272564675659,22.840111
0.10250000000000067,0.00014999347331468016,0.002177495276555419,0.00034368198248557746,-0.0004492272564675659,22.840111
0.10270833333333401,0.0001500953803770244,0.002177495276555419,0.00034368198248557746,-0.0004492272564675659,22.840111
0.10291666666666735,0.00015019696729723364,0.002177495276555419,0.00034368198248557746,-0.0004492272564675659,22.840111
0.10312500000000069,0.00015029894711915404,0.002177495276555419,0.00034368198248557746,-0.0004492272564675659,22.840111
0.10333333333333403,0.00015040021389722824,0.002177495276555419,0.00034368198248557746,-0.0004492272564675659,22.840111
0.10354166666666736,0.00015050313959363848,0.002177495276555419,0.00034368198248557746,-0.0004492272564675659,22.840111
0.1037500000000007,0.00015060679288581014,0.002177495276555419,0.00034368198248557746,-0.0004492272564675659,22.840111
0.10395833333333404,0.000150709121953696,0.002177495276555419,0.00034368198248557746,-0.0004492272564675659,22.840111
0.10416666666666738,0.0001508104323875159,0.002177495276555419,0.00034368198248557746,-0.0004492272564675659,22.840111
0.10437500000000072,0.00015091183013282716,0.002177495276555419,0.00034368198248557746,-0.0004492272564675659,22.840111
0.10458333333333406,0.00015101399912964553,0.002177495276555419,0.00034368198248557746,-0.0004492272564675659,22.840111
0.1047916666666674,0.00015111587708815932,0.002177495276555419,0.00034368198248557746,-0.0004492272564675659,22.840111
0.10500000000000073,0.00015121762407943606,0.002177495276555419,0.00034368198248557746,-0.0004492272564675659,22.840111
0.10520833333333407,0.00015131807595025748,0.002177495276555419,0.00034368198248557746,-0.0004492272564675659,22.840111
0.10541666666666741,0.0001514190371381119,0.002177495276555419,0.00034368198248557746,-0.0004492272564675659,22.840111
0.10562500000000075,0.00015152084233704954,0.002177495276555419,0.00034368198248557746,-0.0004492272564675659,22.840111
0.10583333333333408,0.00015162266208790243,0.002177495276555419,0.00034368198248557746,-0.0004492272564675659,22.840111
0.10604166666666742,0.0001517232449259609,0.002177495276555419,0.00034368198248557746,-0.0004492272564675659,22.840111
0.10625000000000076,0.00015182555944193155,0.002177495276555419,0.00034368198248557746,-0.0004492272564675659,22.840111
0.1064583333333341,0.00015192694263532758,0.002177495276555419,0.00034368198248557746,-0.0004492272564675659,22.840111
0.10666666666666744,0.00015202800568658859,0.002177495276555419,0.00034368198248557746,-0.0004492272564675659,22.840111
0.10687500000000077,0.00015212883590720594,0.002177495276555419,0.00034368198248557746,-0.0004492272564675659,22.840111
0.10708333333333411,0.00015223036461975425,0.002177495276555419,0.00034368198248557746,-0.0004492272564675659,22.840111
0.10729166666666745,0.0001523318060208112,0.002177495276555419,0.00034368198248557746,-0.0004492272564675659,22.840111
0.10750000000000079,0.0001524332765256986,0.002177495276555419,0.00034368198248557746,-0.0004492272564675659,22.840111
0.10770833333333413,0.0001525332045275718,0.002177495276555419,0.00034368198248557746,-0.0004492272564675659,22.840111
0.10791666666666747,0.00015263466048054397,0.002177495276555419,0.00034368198248557746,-0.0004492272564675659,22.840111
0.1081250000000008,0.00015273572353180498,0.002177495276555419,0.00034368198248557746,-0.0004492272564675659,22.840111
0.10833333333333414,0.00015283635002560914,0.002177495276555419,0.00034368198248557746,-0.0004492272564675659,22.840111
0.10854166666666748,0.0001529377477709204,0.002177495276555419,0.00034368198248557746,-0.0004492272564675659,22.840111
0.10875000000000082,0.00015303821419365704,0.002177495276555419,0.00034368198248557746,-0.0004492272564675659,22.840111
0.10895833333333416,0.0001531384768895805,0.002177495276555419,0.00034368198248557746,-0.0004492272564675659,22.840111
0.1091666666666675,0.0001532388268969953,0.002177495276555419,0.00034368198248557746,-0.0004492272564675659,22.840111
0.10937500000000083,0.00015334076306317002,0.002177495276555419,0.00034368198248557746,-0.0004492272564675659,22.840111
0.10958333333333417,0.00015344005078077316,0.002177495276555419,0.00034368198248557746,-0.0004492272564675659,22.840111
0.10979166666666751,0.00015354207425843924,0.002177495276555419,0.00034368198248557746,-0.0004492272564675659,22.840111
0.11000000000000085,0.00015364272985607386,0.002177495276555419,0.00034368198248557746,-0.0004492272564675659,22.840111
0.11020833333333419,0.00015374408394563943,0.002177495276555419,0.00034368198248557746,-0.0004492272564675659,22.840111
0.11041666666666752,0.0001538455835543573,0.002177495276555419,0.00034368198248557746,-0.0004492272564675659,22.840111
0.11062500000000086,0.00015394666115753353,0.002177495276555419,0.00034368198248557746,-0.0004492272564675659,22.840111
0.1108333333333342,0.0001540468365419656,0.002177495276555419,0.00034368198248557746,-0.0004492272564675659,22.840111
0.11104166666666754,0.00015414795780088753,0.002177495276555419,0.00034368198248557746,-0.0004492272564675659,22.840111
0.11125000000000088,0.00015424887533299625,0.002177495276555419,0.00034368198248557746,-0.0004492272564675659,22.840111
0.11145833333333421,0.00015434993838425726,0.002177495276555419,0.00034368198248557746,-0.0004492272564675659,22.840111
0.11166666666666755,0.00015445056487806141,0.002177495276555419,0.00034368198248557746,-0.0004492272564675659,22.840111
0.11187500000000089,0.00015455123502761126,0.002177495276555419,0.00034368198248557746,-0.0004492272564675659,22.840111
0.11208333333333423,0.00015464956231880933,0.002177495276555419,0.00034368198248557746,-0.0004492272564675659,22.840111
0.11229166666666757,0.0001547505089547485,0.002177495276555419,0.00034368198248557746,-0.0004492272564675659,22.840111
0.1125000000000009,0.000154851921251975,0.002177495276555419,0.00034368198248557746,-0.0004492272564675659,22.840111
0.11270833333333424,0.000154952154844068,0.002177495276555419,0.00034368198248557746,-0.0004492272564675659,22.840111
0.11291666666666758,0.00015505199553444982,0.002177495276555419,0.00034368198248557746,-0.0004492272564675659,22.840111
0.11312500000000092,0.000155151094077155,0.002177495276555419,0.00034368198248557746,-0.0004492272564675659,22.840111
0.11333333333333426,0.00015525096387136728,0.002177495276555419,0.00034368198248557746,-0.0004492272564675659,22.840111
0.1135416666666676,0.00015535038255620748,0.002177495276555419,0.00034368198248557746,-0.0004492272564675659,22.840111
0.11375000000000093,0.00015544990310445428,0.002177495276555419,0.00034368198248557746,-0.0004492272564675659,22.840111
0.11395833333333427,0.00015554895799141377,0.002177495276555419,0.00034368198248557746,-0.0004492272564675659,22.840111
0.11416666666666761,0.00015565000649075955,0.002177495276555419,0.00034368198248557746,-0.0004492272564675659,22.840111
0.11437500000000095,0.0001557492942083627,0.002177495276555419,0.00034368198248557746,-0.0004492272564675659,22.840111
0.11458333333333429,0.0001558492804178968,0.002177495276555419,0.00034368198248557746,-0.0004492272564675659,22.840111
0.11479166666666762,0.00015594954311382025,0.002177495276555419,0.00034368198248557746,-0.0004492272564675659,22.840111
0.11500000000000096,0.00015604875807184726,0.002177495276555419,0.00034368198248557746,-0.0004492272564675659,22.840111
0.1152083333333343,0.00015614878793712705,0.002177495276555419,0.00034368198248557746,-0.0004492272564675659,22.840111
0.11541666666666764,0.0001562485413160175,0.002177495276555419,0.00034368198248557746,-0.0004492272564675659,22.840111
0.11562500000000098,0.00015634771261829883,0.002177495276555419,0.00034368198248557746,-0.0004492272564675659,22.840111
0.11583333333333432,0.00015644750965293497,0.002177495276555419,0.00034368198248557746,-0.0004492272564675659,22.840111
0.11604166666666765,0.00015654742310289294,0.002177495276555419,0.00034368198248557746,-0.0004492272564675659,22.840111
0.11625000000000099,0.00015664745296817273,0.002177495276555419,0.00034368198248557746,-0.0004492272564675659,22.840111
0.11645833333333433,0.0001567461877129972,0.002177495276555419,0.00034368198248557746,-0.0004492272564675659,22.840111
0.11666666666666767,0.00015684579557273537,0.002177495276555419,0.00034368198248557746,-0.0004492272564675659,22.840111
0.116875000000001,0.0001569449668750167,0.002177495276555419,0.00034368198248557746,-0.0004492272564675659,22.840111
0.11708333333333434,0.00015704410907346755,0.002177495276555419,0.00034368198248557746,-0.0004492272564675659,22.840111
0.11729166666666768,0.00015714456094428897,0.002177495276555419,0.00034368198248557746,-0.0004492272564675659,22.840111
0.11750000000000102,0.00015724365948699415,0.002177495276555419,0.00034368198248557746,-0.0004492272564675659,22.840111
0.11770833333333436,0.00015734400949440897,0.002177495276555419,0.00034368198248557746,-0.0004492272564675659,22.840111
0.1179166666666677,0.00015744240954518318,0.002177495276555419,0.00034368198248557746,-0.0004492272564675659,22.840111
0.11812500000000103,0.00015754144988022745,0.002177495276555419,0.00034368198248557746,-0.0004492272564675659,22.840111
0.11833333333333437,0.00015764091222081333,0.002177495276555419,0.00034368198248557746,-0.0004492272564675659,22.840111
0.11854166666666771,0.00015774009807500988,0.002177495276555419,0.00034368198248557746,-0.0004492272564675659,22.840111
0.11875000000000105,0.00015784040442667902,0.002177495276555419,0.00034368198248557746,-0.0004492272564675659,22.840111
0.11895833333333439,0.00015793961938470602,0.002177495276555419,0.00034368198248557746,-0.0004492272564675659,22.840111
0.11916666666666773,0.00015803816495463252,0.002177495276555419,0.00034368198248557746,-0.0004492272564675659,22.840111
0.11937500000000106,0.00015813774371054024,0.002177495276555419,0.00034368198248557746,-0.0004492272564675659,22.840111
0.1195833333333344,0.0001582370459800586,0.002177495276555419,0.00034368198248557746,-0.0004492272564675659,22.840111
0.11979166666666774,0.00015833607176318765,0.002177495276555419,0.00034368198248557746,-0.0004492272564675659,22.840111
0.12000000000000108,0.00015843585424590856,0.002177495276555419,0.00034368198248557746,-0.0004492272564675659,22.840111
0.12020833333333442,0.0001585349382366985,0.002177495276555419,0.00034368198248557746,-0.0004492272564675659,22.840111
0.12041666666666775,0.00015863351291045547,0.002177495276555419,0.00034368198248557746,-0.0004492272564675659,22.840111
0.12062500000000109,0.0001587319275131449,0.002177495276555419,0.00034368198248557746,-0.0004492272564675659,22.840111
0.12083333333333443,0.00015883053129073232,0.002177495276555419,0.00034368198248557746,-0.0004492272564675659,22.840111
0.12104166666666777,0.00015892881492618471,0.002177495276555419,0.00034368198248557746,-0.0004492272564675659,22.840111
0.1212500000000011,0.00015902842278592288,0.002177495276555419,0.00034368198248557746,-0.0004492272564675659,22.840111
0.12145833333333445,0.00015912638627924025,0.002177495276555419,0.00034368198248557746,-0.0004492272564675659,22.840111
0.12166666666666778,0.00015922548482194543,0.002177495276555419,0.00034368198248557746,-0.0004492272564675659,22.840111
0.12187500000000112,0.00015932413225527853,0.002177495276555419,0.00034368198248557746,-0.0004492272564675659,22.840111
0.12208333333333446,0.00015942261961754411,0.002177495276555419,0.00034368198248557746,-0.0004492272564675659,22.840111
0.1222916666666678,0.00015952071407809854,0.002177495276555419,0.00034368198248557746,-0.0004492272564675659,22.840111
0.12250000000000114,0.0001596200600033626,0.002177495276555419,0.00034368198248557746,-0.0004492272564675659,22.840111
0.12270833333333447,0.00015971822722349316,0.002177495276555419,0.00034368198248557746,-0.0004492272564675659,22.840111
0.12291666666666781,0.00015981585602276027,0.002177495276555419,0.00034368198248557746,-0.0004492272564675659,22.840111
0.12312500000000115,0.0001599142560735345,0.002177495276555419,0.00034368198248557746,-0.0004492272564675659,22.840111
0.12333333333333449,0.0001600121904630214,0.002177495276555419,0.00034368198248557746,-0.0004492272564675659,22.840111
0.12354166666666783,0.00016011038678698242,0.002177495276555419,0.00034368198248557746,-0.0004492272564675659,22.840111
0.12375000000000116,0.00016020766634028405,0.002177495276555419,0.00034368198248557746,-0.0004492272564675659,22.840111
0.1239583333333345,0.00016030627011787146,0.002177495276555419,0.00034368198248557746,-0.0004492272564675659,22.840111
0.12416666666666784,0.0001604064309503883,0.002177495276555419,0.00034368198248557746,-0.0004492272564675659,22.840111
0.12437500000000118,0.00016050401609390974,0.002177495276555419,0.00034368198248557746,-0.0004492272564675659,22.840111
0.12458333333333452,0.0001606023288331926,0.002177495276555419,0.00034368198248557746,-0.0004492272564675659,22.840111
0.12479166666666786,0.00016069991397671402,0.002177495276555419,0.00034368198248557746,-0.0004492272564675659,22.840111
0.1250000000000012,0.00016079678607638925,0.002177495276555419,0.00034368198248557746,-0.0004492272564675659,22.840111
0.12520833333333453,0.00016089437121991068,0.002177495276555419,0.00034368198248557746,-0.0004492272564675659,22.840111
0.12541666666666787,0.00016099109780043364,0.002177495276555419,0.00034368198248557746,-0.0004492272564675659,22.840111
0.1256250000000012,0.0001610888575669378,0.002177495276555419,0.00034368198248557746,-0.0004492272564675659,22.840111
0.12583333333333455,0.0001611869956832379,0.002177495276555419,0.00034368198248557746,-0.0004492272564675659,22.840111
0.12604166666666788,0.00016128385323099792,0.002177495276555419,0.00034368198248557746,-0.0004492272564675659,22.840111
0.12625000000000122,0.0001613811036804691,0.002177495276555419,0.00034368198248557746,-0.0004492272564675659,22.840111
0.12645833333333456,0.00016147849964909256,0.002177495276555419,0.00034368198248557746,-0.0004492272564675659,22.840111
0.1266666666666679,0.00016157559002749622,0.002177495276555419,0.00034368198248557746,-0.0004492272564675659,22.840111
0.12687500000000124,0.00016167305875569582,0.002177495276555419,0.00034368198248557746,-0.0004492272564675659,22.840111
0.12708333333333457,0.00016177003271877766,0.002177495276555419,0.00034368198248557746,-0.0004492272564675659,22.840111
0.1272916666666679,0.0001618672686163336,0.002177495276555419,0.00034368198248557746,-0.0004492272564675659,22.840111
0.12750000000000125,0.0001619647810002789,0.002177495276555419,0.00034368198248557746,-0.0004492272564675659,22.840111
0.1277083333333346,0.00016206208965741098,0.002177495276555419,0.00034368198248557746,-0.0004492272564675659,22.840111
0.12791666666666793,0.0001621593110030517,0.002177495276555419,0.00034368198248557746,-0.0004492272564675659,22.840111
0.12812500000000127,0.00016225772560574114,0.002177495276555419,0.00034368198248557746,-0.0004492272564675659,22.840111
0.1283333333333346,0.00016235493239946663,0.002177495276555419,0.00034368198248557746,-0.0004492272564675659,22.840111
0.12854166666666794,0.0001624521828489378,0.002177495276555419,0.00034368198248557746,-0.0004492272564675659,22.840111
0.12875000000000128,0.00016254947695415467,0.002177495276555419,0.00034368198248557746,-0.0004492272564675659,22.840111
0.12895833333333462,0.0001626464509172365,0.002177495276555419,0.00034368198248557746,-0.0004492272564675659,22.840111
0.12916666666666796,0.0001627430901862681,0.002177495276555419,0.00034368198248557746,-0.0004492272564675659,22.840111
0.1293750000000013,0.0001628401514608413,0.002177495276555419,0.00034368198248557746,-0.0004492272564675659,22.840111
0.12958333333333463,0.0001629356702324003,0.002177495276555419,0.00034368198248557746,-0.0004492272564675659,22.840111
0.12979166666666797,0.0001630326732993126,0.002177495276555419,0.00034368198248557746,-0.0004492272564675659,22.840111
0.1300000000000013,0.00016312957450281829,0.002177495276555419,0.00034368198248557746,-0.0004492272564675659,22.840111
0.13020833333333465,0.0001632267376407981,0.002177495276555419,0.00034368198248557746,-0.0004492272564675659,22.840111
0.13041666666666799,0.00016332417726516724,0.002177495276555419,0.00034368198248557746,-0.0004492272564675659,22.840111
0.13062500000000132,0.00016342118033207953,0.002177495276555419,0.00034368198248557746,-0.0004492272564675659,22.840111
0.13083333333333466,0.00016351754311472178,0.002177495276555419,0.00034368198248557746,-0.0004492272564675659,22.840111
0.131041666666668,0.00016361429879907519,0.002177495276555419,0.00034368198248557746,-0.0004492272564675659,22.840111
0.13125000000000134,0.00016371080710086972,0.002177495276555419,0.00034368198248557746,-0.0004492272564675659,22.840111
0.13145833333333468,0.00016380721353925765,0.002177495276555419,0.00034368198248557746,-0.0004492272564675659,22.840111
0.13166666666666801,0.00016390379460062832,0.002177495276555419,0.00034368198248557746,-0.0004492272564675659,22.840111
0.13187500000000135,0.00016400039021391422,0.002177495276555419,0.00034368198248557746,-0.0004492272564675659,22.840111
0.1320833333333347,0.00016409787349402905,0.002177495276555419,0.00034368198248557746,-0.0004492272564675659,22.840111
0.13229166666666803,0.00016419420717284083,0.002177495276555419,0.00034368198248557746,-0.0004492272564675659,22.840111
0.13250000000000137,0.0001642923743929714,0.002177495276555419,0.00034368198248557746,-0.0004492272564675659,22.840111
0.1327083333333347,0.00016439070168416947,0.002177495276555419,0.00034368198248557746,-0.0004492272564675659,22.840111
0.13291666666666804,0.00016448793758172542,0.002177495276555419,0.00034368198248557746,-0.0004492272564675659,22.840111
0.13312500000000138,0.00016458377649541944,0.002177495276555419,0.00034368198248557746,-0.0004492272564675659,22.840111
0.13333333333333472,0.0001646801974857226,0.002177495276555419,0.00034368198248557746,-0.0004492272564675659,22.840111
0.13354166666666806,0.00016477702592965215,0.002177495276555419,0.00034368198248557746,-0.0004492272564675659,22.840111
0.1337500000000014,0.00016487321408931166,0.002177495276555419,0.00034368198248557746,-0.0004492272564675659,22.840111
0.13395833333333473,0.00016497056640218943,0.002177495276555419,0.00034368198248557746,-0.0004492272564675659,22.840111
0.13416666666666807,0.0001650680642342195,0.002177495276555419,0.00034368198248557746,-0.0004492272564675659,22.840111
0.1343750000000014,0.000165163743076846,0.002177495276555419,0.00034368198248557746,-0.0004492272564675659,22.840111
0.13458333333333475,0.00016525923274457455,0.002177495276555419,0.00034368198248557746,-0.0004492272564675659,22.840111
0.1347916666666681,0.00016535601753275841,0.002177495276555419,0.00034368198248557746,-0.0004492272564675659,22.840111
0.13500000000000142,0.00016545213293284178,0.002177495276555419,0.00034368198248557746,-0.0004492272564675659,22.840111
0.13520833333333476,0.000165548175573349,0.002177495276555419,0.00034368198248557746,-0.0004492272564675659,22.840111
0.1354166666666681,0.000165644203661941,0.002177495276555419,0.00034368198248557746,-0.0004492272564675659,22.840111
0.13562500000000144,0.00016574135224800557,0.002177495276555419,0.00034368198248557746,-0.0004492272564675659,22.840111
0.13583333333333478,0.00016583800606895238,0.002177495276555419,0.00034368198248557746,-0.0004492272564675659,22.840111
0.13604166666666812,0.0001659344125073403,0.002177495276555419,0.00034368198248557746,-0.0004492272564675659,22.840111
0.13625000000000145,0.00016603137191850692,0.002177495276555419,0.00034368198248557746,-0.0004492272564675659,22.840111
0.1364583333333348,0.00016612782201264054,0.002177495276555419,0.00034368198248557746,-0.0004492272564675659,22.840111
0.13666666666666813,0.00016622390830889344,0.002177495276555419,0.00034368198248557746,-0.0004492272564675659,22.840111
0.13687500000000147,0.00016631890321150422,0.002177495276555419,0.00034368198248557746,-0.0004492272564675659,22.840111
0.1370833333333348,0.00016641616821289062,0.002177495276555419,0.00034368198248557746,-0.0004492272564675659,22.840111
0.13729166666666814,0.00016651312762405723,0.002177495276555419,0.00034368198248557746,-0.0004492272564675659,22.840111
0.13750000000000148,0.00016660959227010608,0.002177495276555419,0.00034368198248557746,-0.0004492272564675659,22.840111
0.13770833333333482,0.0001667067699600011,0.002177495276555419,0.00034368198248557746,-0.0004492272564675659,22.840111
0.13791666666666816,0.00016680198314134032,0.002177495276555419,0.00034368198248557746,-0.0004492272564675659,22.840111
0.1381250000000015,0.0001668966724537313,0.002177495276555419,0.00034368198248557746,-0.0004492272564675659,22.840111
0.13833333333333483,0.00016699361731298268,0.002177495276555419,0.00034368198248557746,-0.0004492272564675659,22.840111
0.13854166666666817,0.00016708890325389802,0.002177495276555419,0.00034368198248557746,-0.0004492272564675659,22.840111
0.1387500000000015,0.00016718378174118698,0.002177495276555419,0.00034368198248557746,-0.0004492272564675659,22.840111
0.13895833333333485,0.00016727836919017136,0.002177495276555419,0.00034368198248557746,-0.0004492272564675659,22.840111
0.1391666666666682,0.00016737414989620447,0.002177495276555419,0.00034368198248557746,-0.0004492272564675659,22.840111
0.13937500000000153,0.00016746991605032235,0.002177495276555419,0.00034368198248557746,-0.0004492272564675659,22.840111
0.13958333333333486,0.00016756575496401638,0.002177495276555419,0.00034368198248557746,-0.0004492272564675659,22.840111
0.1397916666666682,0.0001676605606917292,0.002177495276555419,0.00034368198248557746,-0.0004492272564675659,22.840111
0.14000000000000154,0.00016775677795521915,0.002177495276555419,0.00034368198248557746,-0.0004492272564675659,22.840111
0.14020833333333488,0.00016785255866125226,0.002177495276555419,0.00034368198248557746,-0.0004492272564675659,22.840111
0.14041666666666822,0.0001679474808042869,0.002177495276555419,0.00034368198248557746,-0.0004492272564675659,22.840111
0.14062500000000155,0.00016804215556476265,0.002177495276555419,0.00034368198248557746,-0.0004492272564675659,22.840111
0.1408333333333349,0.00016813822730910033,0.002177495276555419,0.00034368198248557746,-0.0004492272564675659,22.840111
0.14104166666666823,0.00016823469195514917,0.002177495276555419,0.00034368198248557746,-0.0004492272564675659,22.840111
0.14125000000000157,0.00016833019617479295,0.002177495276555419,0.00034368198248557746,-0.0004492272564675659,22.840111
0.1414583333333349,0.00016842431796249002,0.002177495276555419,0.00034368198248557746,-0.0004492272564675659,22.840111
0.14166666666666825,0.00016851958935149014,0.002177495276555419,0.00034368198248557746,-0.0004492272564675659,22.840111
0.14187500000000158,0.00016861468611750752,0.002177495276555419,0.00034368198248557746,-0.0004492272564675659,22.840111
0.14208333333333492,0.00016871013212949038,0.002177495276555419,0.00034368198248557746,-0.0004492272564675659,22.840111
0.14229166666666826,0.0001688048359937966,0.002177495276555419,0.00034368198248557746,-0.0004492272564675659,22.840111
0.1425000000000016,0.000168900252901949,0.002177495276555419,0.00034368198248557746,-0.0004492272564675659,22.840111
0.14270833333333494,0.0001689951604930684,0.002177495276555419,0.00034368198248557746,-0.0004492272564675659,22.840111
0.14291666666666827,0.00016908865654841065,0.002177495276555419,0.00034368198248557746,-0.0004492272564675659,22.840111
0.1431250000000016,0.00016918349137995392,0.002177495276555419,0.00034368198248557746,-0.0004492272564675659,22.840111
0.14333333333333495,0.00016927784599829465,0.002177495276555419,0.00034368198248557746,-0.0004492272564675659,22.840111
0.1435416666666683,0.00016937234613578767,0.002177495276555419,0.00034368198248557746,-0.0004492272564675659,22.840111
0.14375000000000163,0.00016946693358477205,0.002177495276555419,0.00034368198248557746,-0.0004492272564675659,22.840111
0.14395833333333496,0.00016956216131802648,0.002177495276555419,0.00034368198248557746,-0.0004492272564675659,22.840111
0.1441666666666683,0.00016965653048828244,0.002177495276555419,0.00034368198248557746,-0.0004492272564675659,22.840111
0.14437500000000164,0.00016975159815046936,0.002177495276555419,0.00034368198248557746,-0.0004492272564675659,22.840111
0.14458333333333498,0.00016984660760499537,0.002177495276555419,0.00034368198248557746,-0.0004492272564675659,22.840111
0.14479166666666832,0.00016994211182463914,0.002177495276555419,0.00034368198248557746,-0.0004492272564675659,22.840111
0.14500000000000166,0.00017003681568894535,0.002177495276555419,0.00034368198248557746,-0.0004492272564675659,22.840111
0.145208333333335,0.0001701308647170663,0.002177495276555419,0.00034368198248557746,-0.0004492272564675659,22.840111
0.14541666666666833,0.00017022612155415118,0.002177495276555419,0.00034368198248557746,-0.0004492272564675659,22.840111
0.14562500000000167,0.00017032194591592997,0.002177495276555419,0.00034368198248557746,-0.0004492272564675659,22.840111
0.145833333333335,0.00017041602404788136,0.002177495276555419,0.00034368198248557746,-0.0004492272564675659,22.840111
0.14604166666666835,0.00017051008762791753,0.002177495276555419,0.00034368198248557746,-0.0004492272564675659,22.840111
0.14625000000000168,0.0001706044567981735,0.002177495276555419,0.00034368198248557746,-0.0004492272564675659,22.840111
0.14645833333333502,0.00017069806926883757,0.002177495276555419,0.00034368198248557746,-0.0004492272564675659,22.840111
0.14666666666666836,0.00017079213284887373,0.002177495276555419,0.00034368198248557746,-0.0004492272564675659,22.840111
0.1468750000000017,0.00017088653112296015,0.002177495276555419,0.00034368198248557746,-0.0004492272564675659,22.840111
0.14708333333333504,0.00017098152602557093,0.002177495276555419,0.00034368198248557746,-0.0004492272564675659,22.840111
0.14729166666666837,0.00017107563326135278,0.002177495276555419,0.00034368198248557746,-0.0004492272564675659,22.840111
0.1475000000000017,0.0001711689110379666,0.002177495276555419,0.00034368198248557746,-0.0004492272564675659,22.840111
0.14770833333333505,0.00017126250895671546,0.002177495276555419,0.00034368198248557746,-0.0004492272564675659,22.840111
0.1479166666666684,0.00017135705274995416,0.002177495276555419,0.00034368198248557746,-0.0004492272564675659,22.840111
0.14812500000000173,0.0001714513055048883,0.002177495276555419,0.00034368198248557746,-0.0004492272564675659,22.840111
0.14833333333333507,0.00017154501983895898,0.002177495276555419,0.00034368198248557746,-0.0004492272564675659,22.840111
0.1485416666666684,0.0001716393162496388,0.002177495276555419,0.00034368198248557746,-0.0004492272564675659,22.840111
0.14875000000000174,0.00017173323431052268,0.002177495276555419,0.00034368198248557746,-0.0004492272564675659,22.840111
0.14895833333333508,0.00017182677402161062,0.002177495276555419,0.00034368198248557746,-0.0004492272564675659,22.840111
0.14916666666666842,0.00017192198720294982,0.002177495276555419,0.00034368198248557746,-0.0004492272564675659,22.840111
0.14937500000000176,0.00017201645823661238,0.002177495276555419,0.00034368198248557746,-0.0004492272564675659,22.840111
0.1495833333333351,0.00017211087106261402,0.002177495276555419,0.00034368198248557746,-0.0004492272564675659,22.840111
0.14979166666666843,0.0001722053566481918,0.002177495276555419,0.00034368198248557746,-0.0004492272564675659,22.840111
0.15000000000000177,0.00017229824152309448,0.002177495276555419,0.00034368198248557746,-0.0004492272564675659,22.840111
0.1502083333333351,0.00017239242151845247,0.002177495276555419,0.00034368198248557746,-0.0004492272564675659,22.840111
0.15041666666666845,0.00017248645599465817,0.002177495276555419,0.00034368198248557746,-0.0004492272564675659,22.840111
0.15062500000000179,0.00017258017032872885,0.002177495276555419,0.00034368198248557746,-0.0004492272564675659,22.840111
0.15083333333333512,0.0001726735645206645,0.002177495276555419,0.00034368198248557746,-0.0004492272564675659,22.840111
0.15104166666666846,0.00017276700236834586,0.002177495276555419,0.00034368198248557746,-0.0004492272564675659,22.840111
0.1512500000000018,0.00017286004731431603,0.002177495276555419,0.00034368198248557746,-0.0004492272564675659,22.840111
0.15145833333333514,0.00017295291763730347,0.002177495276555419,0.00034368198248557746,-0.0004492272564675659,22.840111
0.15166666666666848,0.00017304689390584826,0.002177495276555419,0.00034368198248557746,-0.0004492272564675659,22.840111
0.15187500000000181,0.00017314089927822351,0.002177495276555419,0.00034368198248557746,-0.0004492272564675659,22.840111
0.15208333333333515,0.00017323267820756882,0.002177495276555419,0.00034368198248557746,-0.0004492272564675659,22.840111
0.1522916666666685,0.0001733264361973852,0.002177495276555419,0.00034368198248557746,-0.0004492272564675659,22.840111
0.15250000000000183,0.000173419903148897,0.002177495276555419,0.00034368198248557746,-0.0004492272564675659,22.840111
0.15270833333333517,0.00017351348651573062,0.002177495276555419,0.00034368198248557746,-0.0004492272564675659,22.840111
0.1529166666666685,0.00017360634228680283,0.002177495276555419,0.00034368198248557746,-0.0004492272564675659,22.840111
0.15312500000000184,0.0001736994308885187,0.002177495276555419,0.00034368198248557746,-0.0004492272564675659,22.840111
0.15333333333333518,0.00017379250493831933,0.002177495276555419,0.00034368198248557746,-0.0004492272564675659,22.840111
0.15354166666666852,0.00017388541891705245,0.002177495276555419,0.00034368198248557746,-0.0004492272564675659,22.840111
0.15375000000000186,0.00017397789633832872,0.002177495276555419,0.00034368198248557746,-0.0004492272564675659,22.840111
0.1539583333333352,0.00017407092673238367,0.002177495276555419,0.00034368198248557746,-0.0004492272564675659,22.840111
0.15416666666666853,0.00017416504852008075,0.002177495276555419,0.00034368198248557746,-0.0004492272564675659,22.840111
0.15437500000000187,0.00017425832629669458,0.002177495276555419,0.00034368198248557746,-0.0004492272564675659,22.840111
0.1545833333333352,0.00017435156041756272,0.002177495276555419,0.00034368198248557746,-0.0004492272564675659,22.840111
0.15479166666666855,0.00017444518744014204,0.002177495276555419,0.00034368198248557746,-0.0004492272564675659,22.840111
0.1550000000000019,0.000174539047293365,0.002177495276555419,0.00034368198248557746,-0.0004492272564675659,22.840111
0.15520833333333522,0.0001746325579006225,0.002177495276555419,0.00034368198248557746,-0.0004492272564675659,22.840111
0.15541666666666856,0.0001747259811963886,0.002177495276555419,0.00034368198248557746,-0.0004492272564675659,22.840111
0.1556250000000019,0.00017481901159044355,0.002177495276555419,0.00034368198248557746,-0.0004492272564675659,22.840111
0.15583333333333524,0.00017491118342150003,0.002177495276555419,0.00034368198248557746,-0.0004492272564675659,22.840111
0.15604166666666858,0.00017500277317594737,0.002177495276555419,0.00034368198248557746,-0.0004492272564675659,22.840111
0.15625000000000192,0.0001750951778376475,0.002177495276555419,0.00034368198248557746,-0.0004492272564675659,22.840111
0.15645833333333525,0.00017518839740660042,0.002177495276555419,0.00034368198248557746,-0.0004492272564675659,22.840111
0.1566666666666686,0.00017528051102999598,0.002177495276555419,0.00034368198248557746,-0.0004492272564675659,22.840111
0.15687500000000193,0.00017537253734190017,0.002177495276555419,0.00034368198248557746,-0.0004492272564675659,22.840111
0.15708333333333527,0.00017546454910188913,0.002177495276555419,0.00034368198248557746,-0.0004492272564675659,22.840111
0.1572916666666686,0.0001755570265231654,0.002177495276555419,0.00034368198248557746,-0.0004492272564675659,22.840111
0.15750000000000194,0.00017564835434313864,0.002177495276555419,0.00034368198248557746,-0.0004492272564675659,22.840111
0.15770833333333528,0.00017574024968780577,0.002177495276555419,0.00034368198248557746,-0.0004492272564675659,22.840111
0.15791666666666862,0.0001758324942784384,0.002177495276555419,0.00034368198248557746,-0.0004492272564675659,22.840111
0.15812500000000196,0.00017592626682016999,0.002177495276555419,0.00034368198248557746,-0.0004492272564675659,22.840111
0.1583333333333353,0.00017601864237803966,0.002177495276555419,0.00034368198248557746,-0.0004492272564675659,22.840111
0.15854166666666863,0.0001761110033839941,0.002177495276555419,0.00034368198248557746,-0.0004492272564675659,22.840111
0.15875000000000197,0.00017620334983803332,0.002177495276555419,0.00034368198248557746,-0.0004492272564675659,22.840111
0.1589583333333353,0.00017629654030315578,0.002177495276555419,0.00034368198248557746,-0.0004492272564675659,22.840111
0.15916666666666865,0.00017638967256061733,0.002177495276555419,0.00034368198248557746,-0.0004492272564675659,22.840111
0.159375000000002,0.00017648280481807888,0.002177495276555419,0.00034368198248557746,-0.0004492272564675659,22.840111
0.15958333333333533,0.00017657538410276175,0.002177495276555419,0.00034368198248557746,-0.0004492272564675659,22.840111
0.15979166666666866,0.00017666850180830806,0.002177495276555419,0.00034368198248557746,-0.0004492272564675659,22.840111
0.160000000000002,0.00017675910203251988,0.002177495276555419,0.00034368198248557746,-0.0004492272564675659,22.840111
0.16020833333333534,0.00017685105558484793,0.002177495276555419,0.00034368198248557746,-0.0004492272564675659,22.840111
0.16041666666666868,0.00017694340203888714,0.002177495276555419,0.00034368198248557746,-0.0004492272564675659,22.840111
0.16062500000000202,0.00017703590856399387,0.002177495276555419,0.00034368198248557746,-0.0004492272564675659,22.840111
0.16083333333333535,0.00017712758562993258,0.002177495276555419,0.00034368198248557746,-0.0004492272564675659,22.840111
0.1610416666666687,0.00017721888434607536,0.002177495276555419,0.00034368198248557746,-0.0004492272564675659,22.840111
0.16125000000000203,0.00017731120169628412,0.002177495276555419,0.00034368198248557746,-0.0004492272564675659,22.840111
0.16145833333333537,0.00017740300972945988,0.002177495276555419,0.00034368198248557746,-0.0004492272564675659,22.840111
0.1616666666666687,0.00017749410471878946,0.002177495276555419,0.00034368198248557746,-0.0004492272564675659,22.840111
0.16187500000000205,0.00017758681497070938,0.002177495276555419,0.00034368198248557746,-0.0004492272564675659,22.840111
0.16208333333333538,0.0001776792632881552,0.002177495276555419,0.00034368198248557746,-0.0004492272564675659,22.840111
0.16229166666666872,0.00017777127504814416,0.002177495276555419,0.00034368198248557746,-0.0004492272564675659,22.840111
0.16250000000000206,0.00017786267562769353,0.002177495276555419,0.00034368198248557746,-0.0004492272564675659,22.840111
0.1627083333333354,0.00017795460007619113,0.002177495276555419,0.00034368198248557746,-0.0004492272564675659,22.840111
0.16291666666666874,0.0001780469174263999,0.002177495276555419,0.00034368198248557746,-0.0004492272564675659,22.840111
0.16312500000000207,0.00017813872545957565,0.002177495276555419,0.00034368198248557746,-0.0004492272564675659,22.840111
0.1633333333333354,0.00017823086818680167,0.002177495276555419,0.00034368198248557746,-0.0004492272564675659,22.840111
0.16354166666666875,0.00017832226876635104,0.002177495276555419,0.00034368198248557746,-0.0004492272564675659,22.840111
0.1637500000000021,0.00017841372755356133,0.002177495276555419,0.00034368198248557746,-0.0004492272564675659,22.840111
0.16395833333333543,0.00017850662698037922,0.002177495276555419,0.00034368198248557746,-0.0004492272564675659,22.840111
0.16416666666666876,0.0001785974600352347,0.002177495276555419,0.00034368198248557746,-0.0004492272564675659,22.840111
0.1643750000000021,0.00017868840950541198,0.002177495276555419,0.00034368198248557746,-0.0004492272564675659,22.840111
0.16458333333333544,0.00017877925711218268,0.002177495276555419,0.00034368198248557746,-0.0004492272564675659,22.840111
0.16479166666666878,0.00017886907153297216,0.002177495276555419,0.00034368198248557746,-0.0004492272564675659,22.840111
0.16500000000000212,0.0001789600501069799,0.002177495276555419,0.00034368198248557746,-0.0004492272564675659,22.840111
0.16520833333333546,0.00017905153799802065,0.002177495276555419,0.00034368198248557746,-0.0004492272564675659,22.840111
0.1654166666666688,0.00017914343334268779,0.002177495276555419,0.00034368198248557746,-0.0004492272564675659,22.840111
0.16562500000000213,0.00017923492123372853,0.002177495276555419,0.00034368198248557746,-0.0004492272564675659,22.840111
0.16583333333333547,0.00017932649643626064,0.002177495276555419,0.00034368198248557746,-0.0004492272564675659,22.840111
0.1660416666666688,0.0001794166601030156,0.002177495276555419,0.00034368198248557746,-0.0004492272564675659,22.840111
0.16625000000000215,0.00017950647452380508,0.002177495276555419,0.00034368198248557746,-0.0004492272564675659,22.840111
0.16645833333333548,0.00017959973774850368,0.002177495276555419,0.00034368198248557746,-0.0004492272564675659,22.840111
0.16666666666666882,0.00017969097825698555,0.002177495276555419,0.00034368198248557746,-0.0004492272564675659,22.840111
0.16687500000000216,0.00017978200048673898,0.002177495276555419,0.00034368198248557746,-0.0004492272564675659,22.840111
0.1670833333333355,0.00017987293540500104,0.002177495276555419,0.00034368198248557746,-0.0004492272564675659,22.840111
0.16729166666666884,0.0001799637684598565,0.002177495276555419,0.00034368198248557746,-0.0004492272564675659,22.840111
0.16750000000000217,0.00018005436868406832,0.002177495276555419,0.00034368198248557746,-0.0004492272564675659,22.840111
0.1677083333333355,0.00018014511442743242,0.002177495276555419,0.00034368198248557746,-0.0004492272564675659,22.840111
0.16791666666666885,0.00018023705342784524,0.002177495276555419,0.00034368198248557746,-0.0004492272564675659,22.840111
0.1681250000000022,0.00018032730440609157,0.002177495276555419,0.00034368198248557746,-0.0004492272564675659,22.840111
0.16833333333333553,0.00018041839939542115,0.002177495276555419,0.00034368198248557746,-0.0004492272564675659,22.840111
0.16854166666666887,0.00018050942162517458,0.002177495276555419,0.00034368198248557746,-0.0004492272564675659,22.840111
0.1687500000000022,0.00018059916328638792,0.002177495276555419,0.00034368198248557746,-0.0004492272564675659,22.840111
0.16895833333333554,0.00018069044745061547,0.002177495276555419,0.00034368198248557746,-0.0004492272564675659,22.840111
0.16916666666666888,0.00018078171706292778,0.002177495276555419,0.00034368198248557746,-0.0004492272564675659,22.840111
0.16937500000000222,0.00018087239004671574,0.002177495276555419,0.00034368198248557746,-0.0004492272564675659,22.840111
0.16958333333333556,0.00018096329586114734,0.002177495276555419,0.00034368198248557746,-0.0004492272564675659,22.840111
0.1697916666666689,0.00018105375056620687,0.002177495276555419,0.00034368198248557746,-0.0004492272564675659,22.840111
0.17000000000000223,0.00018114557315129787,0.002177495276555419,0.00034368198248557746,-0.0004492272564675659,22.840111
0.17020833333333557,0.00018123697373084724,0.002177495276555419,0.00034368198248557746,-0.0004492272564675659,22.840111
0.1704166666666689,0.0001813272392610088,0.002177495276555419,0.00034368198248557746,-0.0004492272564675659,22.840111
0.17062500000000225,0.00018141600594390184,0.002177495276555419,0.00034368198248557746,-0.0004492272564675659,22.840111
0.17083333333333559,0.00018150685355067253,0.002177495276555419,0.00034368198248557746,-0.0004492272564675659,22.840111
0.17104166666666892,0.00018159567844122648,0.002177495276555419,0.00034368198248557746,-0.0004492272564675659,22.840111
0.17125000000000226,0.00018168512906413525,0.002177495276555419,0.00034368198248557746,-0.0004492272564675659,22.840111
0.1714583333333356,0.00018177532183472067,0.002177495276555419,0.00034368198248557746,-0.0004492272564675659,22.840111
0.17166666666666894,0.0001818657765397802,0.002177495276555419,0.00034368198248557746,-0.0004492272564675659,22.840111
0.17187500000000228,0.00018195492157246917,0.002177495276555419,0.00034368198248557746,-0.0004492272564675659,22.840111
0.17208333333333561,0.00018204448861069977,0.002177495276555419,0.00034368198248557746,-0.0004492272564675659,22.840111
0.17229166666666895,0.00018213507428299636,0.002177495276555419,0.00034368198248557746,-0.0004492272564675659,22.840111
0.1725000000000023,0.00018222563085146248,0.002177495276555419,0.00034368198248557746,-0.0004492272564675659,22.840111
0.17270833333333563,0.00018231719150207937,0.002177495276555419,0.00034368198248557746,-0.0004492272564675659,22.840111
0.17291666666666897,0.00018240732606500387,0.002177495276555419,0.00034368198248557746,-0.0004492272564675659,22.840111
0.1731250000000023,0.00018249871209263802,0.002177495276555419,0.00034368198248557746,-0.0004492272564675659,22.840111
0.17333333333333564,0.00018258941418025643,0.002177495276555419,0.00034368198248557746,-0.0004492272564675659,22.840111
0.17354166666666898,0.00018267911218572408,0.002177495276555419,0.00034368198248557746,-0.0004492272564675659,22.840111
0.17375000000000232,0.00018276923219673336,0.002177495276555419,0.00034368198248557746,-0.0004492272564675659,22.840111
0.17395833333333566,0.00018285916303284466,0.002177495276555419,0.00034368198248557746,-0.0004492272564675659,22.840111
0.174166666666669,0.0001829492102842778,0.002177495276555419,0.00034368198248557746,-0.0004492272564675659,22.840111
0.17437500000000233,0.00018303756951354444,0.002177495276555419,0.00034368198248557746,-0.0004492272564675659,22.840111
0.17458333333333567,0.00018312646716367453,0.002177495276555419,0.00034368198248557746,-0.0004492272564675659,22.840111
0.174791666666669,0.00018321519019082189,0.002177495276555419,0.00034368198248557746,-0.0004492272564675659,22.840111
0.17500000000000235,0.00018330621242057532,0.002177495276555419,0.00034368198248557746,-0.0004492272564675659,22.840111
0.1752083333333357,0.0001833950518630445,0.002177495276555419,0.00034368198248557746,-0.0004492272564675659,22.840111
0.17541666666666902,0.00018348588491789997,0.002177495276555419,0.00034368198248557746,-0.0004492272564675659,22.840111
0.17562500000000236,0.00018357628141529858,0.002177495276555419,0.00034368198248557746,-0.0004492272564675659,22.840111
0.1758333333333357,0.00018366561562288553,0.002177495276555419,0.00034368198248557746,-0.0004492272564675659,22.840111
0.17604166666666904,0.00018375575018581003,0.002177495276555419,0.00034368198248557746,-0.0004492272564675659,22.840111
0.17625000000000238,0.00018384477880317718,0.002177495276555419,0.00034368198248557746,-0.0004492272564675659,22.840111
0.17645833333333572,0.00018393447680864483,0.002177495276555419,0.00034368198248557746,-0.0004492272564675659,22.840111
0.17666666666666905,0.00018402477144263685,0.002177495276555419,0.00034368198248557746,-0.0004492272564675659,22.840111
0.1768750000000024,0.00018411496421322227,0.002177495276555419,0.00034368198248557746,-0.0004492272564675659,22.840111
0.17708333333333573,0.00018420605920255184,0.002177495276555419,0.00034368198248557746,-0.0004492272564675659,22.840111
0.17729166666666907,0.0001842958154156804,0.002177495276555419,0.00034368198248557746,-0.0004492272564675659,22.840111
0.1775000000000024,0.00018438590632285923,0.002177495276555419,0.00034368198248557746,-0.0004492272564675659,22.840111
0.17770833333333574,0.0001844757207436487,0.002177495276555419,0.00034368198248557746,-0.0004492272564675659,22.840111
0.17791666666666908,0.00018456454563420266,0.002177495276555419,0.00034368198248557746,-0.0004492272564675659,22.840111
0.17812500000000242,0.0001846554660005495,0.002177495276555419,0.00034368198248557746,-0.0004492272564675659,22.840111
0.17833333333333576,0.0001847447274485603,0.002177495276555419,0.00034368198248557746,-0.0004492272564675659,22.840111
0.1785416666666691,0.00018483375606592745,0.002177495276555419,0.00034368198248557746,-0.0004492272564675659,22.840111
0.17875000000000243,0.00018492240633349866,0.002177495276555419,0.00034368198248557746,-0.0004492272564675659,22.840111
0.17895833333333577,0.00018501172598917037,0.002177495276555419,0.00034368198248557746,-0.0004492272564675659,22.840111
0.1791666666666691,0.00018510162772145122,0.002177495276555419,0.00034368198248557746,-0.0004492272564675659,22.840111
0.17937500000000245,0.00018519088916946203,0.002177495276555419,0.00034368198248557746,-0.0004492272564675659,22.840111
0.1795833333333358,0.0001852792192948982,0.002177495276555419,0.00034368198248557746,-0.0004492272564675659,22.840111
0.17979166666666913,0.00018536807328928262,0.002177495276555419,0.00034368198248557746,-0.0004492272564675659,22.840111
0.18000000000000246,0.00018545807688497007,0.002177495276555419,0.00034368198248557746,-0.0004492272564675659,22.840111
0.1802083333333358,0.00018554646521806717,0.002177495276555419,0.00034368198248557746,-0.0004492272564675659,22.840111
0.18041666666666914,0.00018563524645287544,0.002177495276555419,0.00034368198248557746,-0.0004492272564675659,22.840111
0.18062500000000248,0.00018572440603747964,0.002177495276555419,0.00034368198248557746,-0.0004492272564675659,22.840111
0.18083333333333582,0.00018581299809738994,0.002177495276555419,0.00034368198248557746,-0.0004492272564675659,22.840111
0.18104166666666915,0.00018590191029943526,0.002177495276555419,0.00034368198248557746,-0.0004492272564675659,22.840111
0.1812500000000025,0.00018599060422275215,0.002177495276555419,0.00034368198248557746,-0.0004492272564675659,22.840111
0.18145833333333583,0.0001860794727690518,0.002177495276555419,0.00034368198248557746,-0.0004492272564675659,22.840111
0.18166666666666917,0.00018616754096001387,0.002177495276555419,0.00034368198248557746,-0.0004492272564675659,22.840111
0.1818750000000025,0.00018625649681780487,0.002177495276555419,0.00034368198248557746,-0.0004492272564675659,22.840111
0.18208333333333585,0.00018634606385603547,0.002177495276555419,0.00034368198248557746,-0.0004492272564675659,22.840111
0.18229166666666918,0.00018643539806362242,0.002177495276555419,0.00034368198248557746,-0.0004492272564675659,22.840111
0.18250000000000252,0.00018652481958270073,0.002177495276555419,0.00034368198248557746,-0.0004492272564675659,22.840111
0.18270833333333586,0.00018661354260984808,0.002177495276555419,0.00034368198248557746,-0.0004492272564675659,22.840111
0.1829166666666692,0.0001867028622655198,0.002177495276555419,0.00034368198248557746,-0.0004492272564675659,22.840111
0.18312500000000254,0.00018679113418329507,0.002177495276555419,0.00034368198248557746,-0.0004492272564675659,22.840111
0.18333333333333587,0.00018687960982788354,0.002177495276555419,0.00034368198248557746,-0.0004492272564675659,22.840111
0.1835416666666692,0.00018696850747801363,0.002177495276555419,0.00034368198248557746,-0.0004492272564675659,22.840111
0.18375000000000255,0.0001870571868494153,0.002177495276555419,0.00034368198248557746,-0.0004492272564675659,22.840111
0.1839583333333359,0.00018714589532464743,0.002177495276555419,0.00034368198248557746,-0.0004492272564675659,22.840111
0.18416666666666923,0.0001872353459475562,0.002177495276555419,0.00034368198248557746,-0.0004492272564675659,22.840111
0.18437500000000256,0.00018732374883256853,0.002177495276555419,0.00034368198248557746,-0.0004492272564675659,22.840111
0.1845833333333359,0.0001874130975920707,0.002177495276555419,0.00034368198248557746,-0.0004492272564675659,22.840111
0.18479166666666924,0.0001875015441328287,0.002177495276555419,0.00034368198248557746,-0.0004492272564675659,22.840111
0.18500000000000258,0.00018759060185402632,0.002177495276555419,0.00034368198248557746,-0.0004492272564675659,22.840111
0.18520833333333592,0.00018767830624710768,0.002177495276555419,0.00034368198248557746,-0.0004492272564675659,22.840111
0.18541666666666926,0.00018776586512103677,0.002177495276555419,0.00034368198248557746,-0.0004492272564675659,22.840111
0.1856250000000026,0.0001878550392575562,0.002177495276555419,0.00034368198248557746,-0.0004492272564675659,22.840111
0.18583333333333593,0.00018794323841575533,0.002177495276555419,0.00034368198248557746,-0.0004492272564675659,22.840111
0.18604166666666927,0.0001880312483990565,0.002177495276555419,0.00034368198248557746,-0.0004492272564675659,22.840111
0.1862500000000026,0.00018811901099979877,0.002177495276555419,0.00034368198248557746,-0.0004492272564675659,22.840111
0.18645833333333595,0.00018820837431121618,0.002177495276555419,0.00034368198248557746,-0.0004492272564675659,22.840111
0.18666666666666928,0.0001882978976937011,0.002177495276555419,0.00034368198248557746,-0.0004492272564675659,22.840111
0.18687500000000262,0.00018838609685190022,0.002177495276555419,0.00034368198248557746,-0.0004492272564675659,22.840111
0.18708333333333596,0.0001884746743598953,0.002177495276555419,0.00034368198248557746,-0.0004492272564675659,22.840111
0.1872916666666693,0.00018856310634873807,0.002177495276555419,0.00034368198248557746,-0.0004492272564675659,22.840111
0.18750000000000264,0.00018865276069846004,0.002177495276555419,0.00034368198248557746,-0.0004492272564675659,22.840111
0.18770833333333597,0.00018874014494940639,0.002177495276555419,0.00034368198248557746,-0.0004492272564675659,22.840111
0.1879166666666693,0.00018882754375226796,0.002177495276555419,0.00034368198248557746,-0.0004492272564675659,22.840111
0.18812500000000265,0.000188915801118128,0.002177495276555419,0.00034368198248557746,-0.0004492272564675659,22.840111
0.188333333333336,0.000189002908882685,0.002177495276555419,0.00034368198248557746,-0.0004492272564675659,22.840111
0.18854166666666933,0.0001890907296910882,0.002177495276555419,0.00034368198248557746,-0.0004492272564675659,22.840111
0.18875000000000267,0.00018917849229183048,0.002177495276555419,0.00034368198248557746,-0.0004492272564675659,22.840111
0.188958333333336,0.0001892674481496215,0.002177495276555419,0.00034368198248557746,-0.0004492272564675659,22.840111
0.18916666666666934,0.00018935457046609372,0.002177495276555419,0.00034368198248557746,-0.0004492272564675659,22.840111
0.18937500000000268,0.00018944285693578422,0.002177495276555419,0.00034368198248557746,-0.0004492272564675659,22.840111
0.18958333333333602,0.0001895298482850194,0.002177495276555419,0.00034368198248557746,-0.0004492272564675659,22.840111
0.18979166666666936,0.00018961720343213528,0.002177495276555419,0.00034368198248557746,-0.0004492272564675659,22.840111
0.1900000000000027,0.00018970627570524812,0.002177495276555419,0.00034368198248557746,-0.0004492272564675659,22.840111
0.19020833333333603,0.0001897931651910767,0.002177495276555419,0.00034368198248557746,-0.0004492272564675659,22.840111
0.19041666666666937,0.00018988022929988801,0.002177495276555419,0.00034368198248557746,-0.0004492272564675659,22.840111
0.1906250000000027,0.00018996844301000237,0.002177495276555419,0.00034368198248557746,-0.0004492272564675659,22.840111
0.19083333333333605,0.00019005608919542283,0.002177495276555419,0.00034368198248557746,-0.0004492272564675659,22.840111
0.19104166666666939,0.00019014361896552145,0.002177495276555419,0.00034368198248557746,-0.0004492272564675659,22.840111
0.19125000000000272,0.0001902309013530612,0.002177495276555419,0.00034368198248557746,-0.0004492272564675659,22.840111
0.19145833333333606,0.0001903197990031913,0.002177495276555419,0.00034368198248557746,-0.0004492272564675659,22.840111
0.1916666666666694,0.00019040770712308586,0.002177495276555419,0.00034368198248557746,-0.0004492272564675659,22.840111
0.19187500000000274,0.0001904952951008454,0.002177495276555419,0.00034368198248557746,-0.0004492272564675659,22.840111
0.19208333333333608,0.00019058333418797702,0.002177495276555419,0.00034368198248557746,-0.0004492272564675659,22.840111
0.19229166666666941,0.00019067288667429239,0.002177495276555419,0.00034368198248557746,-0.0004492272564675659,22.840111
0.19250000000000275,0.0001907611294882372,0.002177495276555419,0.00034368198248557746,-0.0004492272564675659,22.840111
0.1927083333333361,0.0001908482809085399,0.002177495276555419,0.00034368198248557746,-0.0004492272564675659,22.840111
0.19291666666666943,0.00019093533046543598,0.002177495276555419,0.00034368198248557746,-0.0004492272564675659,22.840111
0.19312500000000277,0.00019102243822999299,0.002177495276555419,0.00034368198248557746,-0.0004492272564675659,22.840111
0.1933333333333361,0.00019110902212560177,0.002177495276555419,0.00034368198248557746,-0.0004492272564675659,22.840111
0.19354166666666944,0.00019119628996122628,0.002177495276555419,0.00034368198248557746,-0.0004492272564675659,22.840111
0.19375000000000278,0.0001912850420922041,0.002177495276555419,0.00034368198248557746,-0.0004492272564675659,22.840111
0.19395833333333612,0.00019137283379677683,0.002177495276555419,0.00034368198248557746,-0.0004492272564675659,22.840111
0.19416666666666946,0.00019146034901496023,0.002177495276555419,0.00034368198248557746,-0.0004492272564675659,22.840111
0.1943750000000028,0.00019154670007992536,0.002177495276555419,0.00034368198248557746,-0.0004492272564675659,22.840111
0.19458333333333613,0.00019163227989338338,0.002177495276555419,0.00034368198248557746,-0.0004492272564675659,22.840111
0.19479166666666947,0.00019171919848304242,0.002177495276555419,0.00034368198248557746,-0.0004492272564675659,22.840111
0.1950000000000028,0.00019180723757017404,0.002177495276555419,0.00034368198248557746,-0.0004492272564675659,22.840111
0.19520833333333615,0.00019189395243301988,0.002177495276555419,0.00034368198248557746,-0.0004492272564675659,22.840111
0.1954166666666695,0.00019198057998437434,0.002177495276555419,0.00034368198248557746,-0.0004492272564675659,22.840111
0.19562500000000282,0.00019206904107704759,0.002177495276555419,0.00034368198248557746,-0.0004492272564675659,22.840111
0.19583333333333616,0.00019215550855733454,0.002177495276555419,0.00034368198248557746,-0.0004492272564675659,22.840111
0.1960416666666695,0.00019224075367674232,0.002177495276555419,0.00034368198248557746,-0.0004492272564675659,22.840111
0.19625000000000284,0.00019232813792768866,0.002177495276555419,0.00034368198248557746,-0.0004492272564675659,22.840111
0.19645833333333618,0.000192414183402434,0.002177495276555419,0.00034368198248557746,-0.0004492272564675659,22.840111
0.19666666666666952,0.00019250143668614328,0.002177495276555419,0.00034368198248557746,-0.0004492272564675659,22.840111
0.19687500000000285,0.00019258787506259978,0.002177495276555419,0.00034368198248557746,-0.0004492272564675659,22.840111
0.1970833333333362,0.00019267374591436237,0.002177495276555419,0.00034368198248557746,-0.0004492272564675659,22.840111
0.19729166666666953,0.00019276114471722394,0.002177495276555419,0.00034368198248557746,-0.0004492272564675659,22.840111
0.19750000000000287,0.00019284784502815455,0.002177495276555419,0.00034368198248557746,-0.0004492272564675659,22.840111
0.1977083333333362,0.0001929337449837476,0.002177495276555419,0.00034368198248557746,-0.0004492272564675659,22.840111
0.19791666666666954,0.0001930195721797645,0.002177495276555419,0.00034368198248557746,-0.0004492272564675659,22.840111
0.19812500000000288,0.0001931057049660012,0.002177495276555419,0.00034368198248557746,-0.0004492272564675659,22.840111
0.19833333333333622,0.0001931915176101029,0.002177495276555419,0.00034368198248557746,-0.0004492272564675659,22.840111
0.19854166666666956,0.00019327845075167716,0.002177495276555419,0.00034368198248557746,-0.0004492272564675659,22.840111
0.1987500000000029,0.00019336461264174432,0.002177495276555419,0.00034368198248557746,-0.0004492272564675659,22.840111
0.19895833333333623,0.00019345108012203127,0.002177495276555419,0.00034368198248557746,-0.0004492272564675659,22.840111
0.19916666666666957,0.0001935373729793355,0.002177495276555419,0.00034368198248557746,-0.0004492272564675659,22.840111
0.1993750000000029,0.00019362353486940265,0.002177495276555419,0.00034368198248557746,-0.0004492272564675659,22.840111
0.19958333333333625,0.00019371023518033326,0.002177495276555419,0.00034368198248557746,-0.0004492272564675659,22.840111
0.1997916666666696,0.0001937963388627395,0.002177495276555419,0.00034368198248557746,-0.0004492272564675659,22.840111
0.20000000000000293,0.00019388286455068737,0.002177495276555419,0.00034368198248557746,-0.0004492272564675659,22.840111
0.20020833333333626,0.00019397046708036214,0.002177495276555419,0.00034368198248557746,-0.0004492272564675659,22.840111
0.2004166666666696,0.00019405639613978565,0.002177495276555419,0.00034368198248557746,-0.0004492272564675659,22.840111
0.20062500000000294,0.00019414268899708986,0.002177495276555419,0.00034368198248557746,-0.0004492272564675659,22.840111
0.20083333333333628,0.00019422988407313824,0.002177495276555419,0.00034368198248557746,-0.0004492272564675659,22.840111
0.20104166666666962,0.00019431495456956327,0.002177495276555419,0.00034368198248557746,-0.0004492272564675659,22.840111
0.20125000000000295,0.00019440005416981876,0.002177495276555419,0.00034368198248557746,-0.0004492272564675659,22.840111
0.2014583333333363,0.00019448602688498795,0.002177495276555419,0.00034368198248557746,-0.0004492272564675659,22.840111
0.20166666666666963,0.0001945723925018683,0.002177495276555419,0.00034368198248557746,-0.0004492272564675659,22.840111
0.20187500000000297,0.00019465753575786948,0.002177495276555419,0.00034368198248557746,-0.0004492272564675659,22.840111
0.2020833333333363,0.00019474272266961634,0.002177495276555419,0.00034368198248557746,-0.0004492272564675659,22.840111
0.20229166666666965,0.00019482815696392208,0.002177495276555419,0.00034368198248557746,-0.0004492272564675659,22.840111
0.20250000000000298,0.00019491379498504102,0.002177495276555419,0.00034368198248557746,-0.0004492272564675659,22.840111
0.20270833333333632,0.0001950009464053437,0.002177495276555419,0.00034368198248557746,-0.0004492272564675659,22.840111
0.20291666666666966,0.00019508627883624285,0.002177495276555419,0.00034368198248557746,-0.0004492272564675659,22.840111
0.203125000000003,0.0001951719168573618,0.002177495276555419,0.00034368198248557746,-0.0004492272564675659,22.840111
0.20333333333333634,0.00019525729294400662,0.002177495276555419,0.00034368198248557746,-0.0004492272564675659,22.840111
0.20354166666666967,0.00019534221792127937,0.002177495276555419,0.00034368198248557746,-0.0004492272564675659,22.840111
0.203750000000003,0.0001954282051883638,0.002177495276555419,0.00034368198248557746,-0.0004492272564675659,22.840111
0.20395833333333635,0.0001955147454282269,0.002177495276555419,0.00034368198248557746,-0.0004492272564675659,22.840111
0.2041666666666697,0.00019559991778805852,0.002177495276555419,0.00034368198248557746,-0.0004492272564675659,22.840111
0.20437500000000303,0.0001956853229785338,0.002177495276555419,0.00034368198248557746,-0.0004492272564675659,22.840111
0.20458333333333636,0.00019577097555156797,0.002177495276555419,0.00034368198248557746,-0.0004492272564675659,22.840111
0.2047916666666697,0.00019585617701523006,0.002177495276555419,0.00034368198248557746,-0.0004492272564675659,22.840111
0.20500000000000304,0.00019594196055550128,0.002177495276555419,0.00034368198248557746,-0.0004492272564675659,22.840111
0.20520833333333638,0.00019602832617238164,0.002177495276555419,0.00034368198248557746,-0.0004492272564675659,22.840111
0.20541666666666972,0.0001961127418326214,0.002177495276555419,0.00034368198248557746,-0.0004492272564675659,22.840111
0.20562500000000306,0.00019619843806140125,0.002177495276555419,0.00034368198248557746,-0.0004492272564675659,22.840111
0.2058333333333364,0.00019628398877102882,0.002177495276555419,0.00034368198248557746,-0.0004492272564675659,22.840111
0.20604166666666973,0.00019637044169940054,0.002177495276555419,0.00034368198248557746,-0.0004492272564675659,22.840111
0.20625000000000307,0.00019645635620690882,0.002177495276555419,0.00034368198248557746,-0.0004492272564675659,22.840111
0.2064583333333364,0.00019654125208035111,0.002177495276555419,0.00034368198248557746,-0.0004492272564675659,22.840111
0.20666666666666975,0.00019662638078443706,0.002177495276555419,0.00034368198248557746,-0.0004492272564675659,22.840111
0.20687500000000308,0.00019671249901875854,0.002177495276555419,0.00034368198248557746,-0.0004492272564675659,22.840111
0.20708333333333642,0.00019679723482113332,0.002177495276555419,0.00034368198248557746,-0.0004492272564675659,22.840111
0.20729166666666976,0.00019688134489115328,0.002177495276555419,0.00034368198248557746,-0.0004492272564675659,22.840111
0.2075000000000031,0.00019696725939866155,0.002177495276555419,0.00034368198248557746,-0.0004492272564675659,22.840111
0.20770833333333644,0.00019705193699337542,0.002177495276555419,0.00034368198248557746,-0.0004492272564675659,22.840111
0.20791666666666977,0.00019713737128768116,0.002177495276555419,0.00034368198248557746,-0.0004492272564675659,22.840111
0.2081250000000031,0.0001972222962649539,0.002177495276555419,0.00034368198248557746,-0.0004492272564675659,22.840111
0.20833333333333645,0.00019730720669031143,0.002177495276555419,0.00034368198248557746,-0.0004492272564675659,22.840111
0.2085416666666698,0.00019739232084248215,0.002177495276555419,0.00034368198248557746,-0.0004492272564675659,22.840111
0.20875000000000313,0.00019747605256270617,0.002177495276555419,0.00034368198248557746,-0.0004492272564675659,22.840111
0.20895833333333647,0.00019756099209189415,0.002177495276555419,0.00034368198248557746,-0.0004492272564675659,22.840111
0.2091666666666698,0.00019764533499255776,0.002177495276555419,0.00034368198248557746,-0.0004492272564675659,22.840111
0.20937500000000314,0.00019773110398091376,0.002177495276555419,0.00034368198248557746,-0.0004492272564675659,22.840111
0.20958333333333648,0.0001978159707505256,0.002177495276555419,0.00034368198248557746,-0.0004492272564675659,22.840111
0.20979166666666982,0.00019790093938354403,0.002177495276555419,0.00034368198248557746,-0.0004492272564675659,22.840111
0.21000000000000316,0.0001979854132514447,0.002177495276555419,0.00034368198248557746,-0.0004492272564675659,22.840111
0.2102083333333365,0.00019807038188446313,0.002177495276555419,0.00034368198248557746,-0.0004492272564675659,22.840111
0.21041666666666983,0.00019815507403109223,0.002177495276555419,0.00034368198248557746,-0.0004492272564675659,22.840111
0.21062500000000317,0.0001982397079700604,0.002177495276555419,0.00034368198248557746,-0.0004492272564675659,22.840111
0.2108333333333365,0.00019832522957585752,0.002177495276555419,0.00034368198248557746,-0.0004492272564675659,22.840111
0.21104166666666985,0.00019841048924718052,0.002177495276555419,0.00034368198248557746,-0.0004492272564675659,22.840111
0.21125000000000319,0.00019849513773806393,0.002177495276555419,0.00034368198248557746,-0.0004492272564675659,22.840111
0.21145833333333652,0.00019858111045323312,0.002177495276555419,0.00034368198248557746,-0.0004492272564675659,22.840111
0.21166666666666986,0.00019866556976921856,0.002177495276555419,0.00034368198248557746,-0.0004492272564675659,22.840111
0.2118750000000032,0.0001987497234949842,0.002177495276555419,0.00034368198248557746,-0.0004492272564675659,22.840111
0.21208333333333654,0.00019883418281096965,0.002177495276555419,0.00034368198248557746,-0.0004492272564675659,22.840111
0.21229166666666988,0.00019891778356395662,0.002177495276555419,0.00034368198248557746,-0.0004492272564675659,22.840111
0.21250000000000321,0.00019900129700545222,0.002177495276555419,0.00034368198248557746,-0.0004492272564675659,22.840111
0.21270833333333655,0.00019908671674784273,0.002177495276555419,0.00034368198248557746,-0.0004492272564675659,22.840111
0.2129166666666699,0.00019917005556635559,0.002177495276555419,0.00034368198248557746,-0.0004492272564675659,22.840111
0.21312500000000323,0.00019925435481127352,0.002177495276555419,0.00034368198248557746,-0.0004492272564675659,22.840111
0.21333333333333657,0.00019933813018724322,0.002177495276555419,0.00034368198248557746,-0.0004492272564675659,22.840111
0.2135416666666699,0.00019942222570534796,0.002177495276555419,0.00034368198248557746,-0.0004492272564675659,22.840111
0.21375000000000324,0.00019950690330006182,0.002177495276555419,0.00034368198248557746,-0.0004492272564675659,22.840111
0.21395833333333658,0.00019959099881816655,0.002177495276555419,0.00034368198248557746,-0.0004492272564675659,22.840111
0.21416666666666992,0.0001996747450903058,0.002177495276555419,0.00034368198248557746,-0.0004492272564675659,22.840111
0.21437500000000326,0.00019975806935690343,0.002177495276555419,0.00034368198248557746,-0.0004492272564675659,22.840111
0.2145833333333366,0.00019984247046522796,0.002177495276555419,0.00034368198248557746,-0.0004492272564675659,22.840111
0.21479166666666993,0.00019992684246972203,0.002177495276555419,0.00034368198248557746,-0.0004492272564675659,22.840111
0.21500000000000327,0.0002000112581299618,0.002177495276555419,0.00034368198248557746,-0.0004492272564675659,22.840111
0.2152083333333366,0.00020009532454423606,0.002177495276555419,0.00034368198248557746,-0.0004492272564675659,22.840111
0.21541666666666995,0.00020018032228108495,0.002177495276555419,0.00034368198248557746,-0.0004492272564675659,22.840111
0.2156250000000033,0.00020026433048769832,0.002177495276555419,0.00034368198248557746,-0.0004492272564675659,22.840111
0.21583333333333662,0.00020034873159602284,0.002177495276555419,0.00034368198248557746,-0.0004492272564675659,22.840111
0.21604166666666996,0.00020043175027240068,0.002177495276555419,0.00034368198248557746,-0.0004492272564675659,22.840111
0.2162500000000033,0.00020051543833687901,0.002177495276555419,0.00034368198248557746,-0.0004492272564675659,22.840111
0.21645833333333664,0.0002005994028877467,0.002177495276555419,0.00034368198248557746,-0.0004492272564675659,22.840111
0.21666666666666998,0.00020068208687007427,0.002177495276555419,0.00034368198248557746,-0.0004492272564675659,22.840111
0.21687500000000332,0.00020076542568858713,0.002177495276555419,0.00034368198248557746,-0.0004492272564675659,22.840111
0.21708333333333665,0.00020084874995518476,0.002177495276555419,0.00034368198248557746,-0.0004492272564675659,22.840111
0.21729166666667,0.00020093248167540878,0.002177495276555419,0.00034368198248557746,-0.0004492272564675659,22.840111
0.21750000000000333,0.00020101502013858408,0.002177495276555419,0.00034368198248557746,-0.0004492272564675659,22.840111
0.21770833333333667,0.00020109959586989135,0.002177495276555419,0.00034368198248557746,-0.0004492272564675659,22.840111
0.21791666666667,0.0002011831384152174,0.002177495276555419,0.00034368198248557746,-0.0004492272564675659,22.840111
0.21812500000000334,0.00020126564777456224,0.002177495276555419,0.00034368198248557746,-0.0004492272564675659,22.840111
0.21833333333333668,0.0002013494522543624,0.002177495276555419,0.00034368198248557746,-0.0004492272564675659,22.840111
0.21854166666667002,0.00020143184519838542,0.002177495276555419,0.00034368198248557746,-0.0004492272564675659,22.840111
0.21875000000000336,0.00020151419448666275,0.002177495276555419,0.00034368198248557746,-0.0004492272564675659,22.840111
0.2189583333333367,0.0002015986538026482,0.002177495276555419,0.00034368198248557746,-0.0004492272564675659,22.840111
0.21916666666667003,0.0002016828366322443,0.002177495276555419,0.00034368198248557746,-0.0004492272564675659,22.840111
0.21937500000000337,0.000201766102691181,0.002177495276555419,0.00034368198248557746,-0.0004492272564675659,22.840111
0.2195833333333367,0.00020185025641694665,0.002177495276555419,0.00034368198248557746,-0.0004492272564675659,22.840111
0.21979166666667005,0.00020193442469462752,0.002177495276555419,0.00034368198248557746,-0.0004492272564675659,22.840111
0.2200000000000034,0.00020201786537654698,0.002177495276555419,0.00034368198248557746,-0.0004492272564675659,22.840111
0.22020833333333673,0.00020210060756653547,0.002177495276555419,0.00034368198248557746,-0.0004492272564675659,22.840111
0.22041666666667006,0.00020218471763655543,0.002177495276555419,0.00034368198248557746,-0.0004492272564675659,22.840111
0.2206250000000034,0.00020226881315466017,0.002177495276555419,0.00034368198248557746,-0.0004492272564675659,22.840111
0.22083333333333674,0.0002023514243774116,0.002177495276555419,0.00034368198248557746,-0.0004492272564675659,22.840111
0.22104166666667008,0.0002024349378189072,0.002177495276555419,0.00034368198248557746,-0.0004492272564675659,22.840111
0.22125000000000342,0.0002025169087573886,0.002177495276555419,0.00034368198248557746,-0.0004492272564675659,22.840111
0.22145833333333675,0.00020259965094737709,0.002177495276555419,0.00034368198248557746,-0.0004492272564675659,22.840111
0.2216666666666701,0.0002026817383011803,0.002177495276555419,0.00034368198248557746,-0.0004492272564675659,22.840111
0.22187500000000343,0.00020276533905416727,0.002177495276555419,0.00034368198248557746,-0.0004492272564675659,22.840111
0.22208333333333677,0.00020284793572500348,0.002177495276555419,0.00034368198248557746,-0.0004492272564675659,22.840111
0.2222916666666701,0.0002029317693086341,0.002177495276555419,0.00034368198248557746,-0.0004492272564675659,22.840111
0.22250000000000345,0.00020301407494116575,0.002177495276555419,0.00034368198248557746,-0.0004492272564675659,22.840111
0.22270833333333678,0.000203095973120071,0.002177495276555419,0.00034368198248557746,-0.0004492272564675659,22.840111
0.22291666666667012,0.00020317881717346609,0.002177495276555419,0.00034368198248557746,-0.0004492272564675659,22.840111
0.22312500000000346,0.0002032616757787764,0.002177495276555419,0.00034368198248557746,-0.0004492272564675659,22.840111
0.2233333333333368,0.0002033449272857979,0.002177495276555419,0.00034368198248557746,-0.0004492272564675659,22.840111
0.22354166666667014,0.00020342688367236406,0.002177495276555419,0.00034368198248557746,-0.0004492272564675659,22.840111
0.22375000000000347,0.000203508825507015,0.002177495276555419,0.00034368198248557746,-0.0004492272564675659,22.840111
0.2239583333333368,0.0002035916259046644,0.002177495276555419,0.00034368198248557746,-0.0004492272564675659,22.840111
0.22416666666667015,0.00020367464458104223,0.002177495276555419,0.00034368198248557746,-0.0004492272564675659,22.840111
0.2243750000000035,0.00020375604799482971,0.002177495276555419,0.00034368198248557746,-0.0004492272564675659,22.840111
0.22458333333333683,0.00020383916853461415,0.002177495276555419,0.00034368198248557746,-0.0004492272564675659,22.840111
0.22479166666667016,0.00020392262376844883,0.002177495276555419,0.00034368198248557746,-0.0004492272564675659,22.840111
0.2250000000000035,0.0002040052058873698,0.002177495276555419,0.00034368198248557746,-0.0004492272564675659,22.840111
0.22520833333333684,0.00020408832642715424,0.002177495276555419,0.00034368198248557746,-0.0004492272564675659,22.840111
0.22541666666667018,0.00020417144696693867,0.002177495276555419,0.00034368198248557746,-0.0004492272564675659,22.840111
0.22562500000000352,0.0002042547130258754,0.002177495276555419,0.00034368198248557746,-0.0004492272564675659,22.840111
0.22583333333333686,0.00020433847384992987,0.002177495276555419,0.00034368198248557746,-0.0004492272564675659,22.840111
0.2260416666666702,0.00020442120148800313,0.002177495276555419,0.00034368198248557746,-0.0004492272564675659,22.840111
0.22625000000000353,0.00020450350712053478,0.002177495276555419,0.00034368198248557746,-0.0004492272564675659,22.840111
0.22645833333333687,0.00020458397921174765,0.002177495276555419,0.00034368198248557746,-0.0004492272564675659,22.840111
0.2266666666666702,0.00020466611022129655,0.002177495276555419,0.00034368198248557746,-0.0004492272564675659,22.840111
0.22687500000000355,0.00020474834309425205,0.002177495276555419,0.00034368198248557746,-0.0004492272564675659,22.840111
0.22708333333333688,0.0002048305032076314,0.002177495276555419,0.00034368198248557746,-0.0004492272564675659,22.840111
0.22729166666667022,0.00020491312898229808,0.002177495276555419,0.00034368198248557746,-0.0004492272564675659,22.840111
0.22750000000000356,0.00020499518723227084,0.002177495276555419,0.00034368198248557746,-0.0004492272564675659,22.840111
0.2277083333333369,0.0002050786279141903,0.002177495276555419,0.00034368198248557746,-0.0004492272564675659,22.840111
0.22791666666667024,0.00020516093354672194,0.002177495276555419,0.00034368198248557746,-0.0004492272564675659,22.840111
0.22812500000000357,0.0002052432537311688,0.002177495276555419,0.00034368198248557746,-0.0004492272564675659,22.840111
0.2283333333333369,0.00020532576309051365,0.002177495276555419,0.00034368198248557746,-0.0004492272564675659,22.840111
0.22854166666667025,0.00020540799596346915,0.002177495276555419,0.00034368198248557746,-0.0004492272564675659,22.840111
0.2287500000000036,0.0002054903598036617,0.002177495276555419,0.00034368198248557746,-0.0004492272564675659,22.840111
0.22895833333333693,0.00020557285461109132,0.002177495276555419,0.00034368198248557746,-0.0004492272564675659,22.840111
0.22916666666667027,0.00020565438899211586,0.002177495276555419,0.00034368198248557746,-0.0004492272564675659,22.840111
0.2293750000000036,0.00020573652000166476,0.002177495276555419,0.00034368198248557746,-0.0004492272564675659,22.840111
0.22958333333333694,0.0002058191312244162,0.002177495276555419,0.00034368198248557746,-0.0004492272564675659,22.840111
0.22979166666667028,0.0002059005491901189,0.002177495276555419,0.00034368198248557746,-0.0004492272564675659,22.840111
0.23000000000000362,0.0002059821563307196,0.002177495276555419,0.00034368198248557746,-0.0004492272564675659,22.840111
0.23020833333333696,0.0002060647530015558,0.002177495276555419,0.00034368198248557746,-0.0004492272564675659,22.840111
0.2304166666666703,0.00020614772802218795,0.002177495276555419,0.00034368198248557746,-0.0004492272564675659,22.840111
0.23062500000000363,0.00020622936426661909,0.002177495276555419,0.00034368198248557746,-0.0004492272564675659,22.840111
0.23083333333333697,0.00020631049119401723,0.002177495276555419,0.00034368198248557746,-0.0004492272564675659,22.840111
0.2310416666666703,0.00020639148715417832,0.002177495276555419,0.00034368198248557746,-0.0004492272564675659,22.840111
0.23125000000000365,0.00020647383644245565,0.002177495276555419,0.00034368198248557746,-0.0004492272564675659,22.840111
0.23145833333333699,0.00020655577827710658,0.002177495276555419,0.00034368198248557746,-0.0004492272564675659,22.840111
0.23166666666667032,0.00020663677423726767,0.002177495276555419,0.00034368198248557746,-0.0004492272564675659,22.840111
0.23187500000000366,0.0002067178866127506,0.002177495276555419,0.00034368198248557746,-0.0004492272564675659,22.840111
0.232083333333337,0.00020679888257291168,0.002177495276555419,0.00034368198248557746,-0.0004492272564675659,22.840111
0.23229166666667034,0.00020687957294285297,0.002177495276555419,0.00034368198248557746,-0.0004492272564675659,22.840111
0.23250000000000368,0.0002069605397991836,0.002177495276555419,0.00034368198248557746,-0.0004492272564675659,22.840111
0.23270833333333701,0.00020704157941509038,0.002177495276555419,0.00034368198248557746,-0.0004492272564675659,22.840111
0.23291666666667035,0.00020712235709652305,0.002177495276555419,0.00034368198248557746,-0.0004492272564675659,22.840111
0.2331250000000037,0.00020720345492009073,0.002177495276555419,0.00034368198248557746,-0.0004492272564675659,22.840111
0.23333333333333703,0.00020728506206069142,0.002177495276555419,0.00034368198248557746,-0.0004492272564675659,22.840111
0.23354166666667037,0.00020736551959998906,0.002177495276555419,0.00034368198248557746,-0.0004492272564675659,22.840111
0.2337500000000037,0.00020744717039633542,0.002177495276555419,0.00034368198248557746,-0.0004492272564675659,22.840111
0.23395833333333704,0.00020752911223098636,0.002177495276555419,0.00034368198248557746,-0.0004492272564675659,22.840111
0.23416666666667038,0.00020760948245879263,0.002177495276555419,0.00034368198248557746,-0.0004492272564675659,22.840111
0.23437500000000372,0.00020769136608578265,0.002177495276555419,0.00034368198248557746,-0.0004492272564675659,22.840111
0.23458333333333706,0.0002077728568110615,0.002177495276555419,0.00034368198248557746,-0.0004492272564675659,22.840111
0.2347916666666704,0.0002078551915474236,0.002177495276555419,0.00034368198248557746,-0.0004492272564675659,22.840111
0.23500000000000373,0.00020793674048036337,0.002177495276555419,0.00034368198248557746,-0.0004492272564675659,22.840111
0.23520833333333707,0.00020801718346774578,0.002177495276555419,0.00034368198248557746,-0.0004492272564675659,22.840111
0.2354166666666704,0.0002080991689581424,0.002177495276555419,0.00034368198248557746,-0.0004492272564675659,22.840111
0.23562500000000375,0.00020818074699491262,0.002177495276555419,0.00034368198248557746,-0.0004492272564675659,22.840111
0.2358333333333371,0.00020826136460527778,0.002177495276555419,0.00034368198248557746,-0.0004492272564675659,22.840111
0.23604166666667042,0.00020834220049437135,0.002177495276555419,0.00034368198248557746,-0.0004492272564675659,22.840111
0.23625000000000376,0.00020842216326855123,0.002177495276555419,0.00034368198248557746,-0.0004492272564675659,22.840111
0.2364583333333371,0.0002085026353597641,0.002177495276555419,0.00034368198248557746,-0.0004492272564675659,22.840111
0.23666666666667044,0.00020858335483353585,0.002177495276555419,0.00034368198248557746,-0.0004492272564675659,22.840111
0.23687500000000378,0.0002086634049192071,0.002177495276555419,0.00034368198248557746,-0.0004492272564675659,22.840111
0.23708333333333712,0.00020874437177553773,0.002177495276555419,0.00034368198248557746,-0.0004492272564675659,22.840111
0.23729166666667045,0.00020882469834759831,0.002177495276555419,0.00034368198248557746,-0.0004492272564675659,22.840111
0.2375000000000038,0.00020890551968477666,0.002177495276555419,0.00034368198248557746,-0.0004492272564675659,22.840111
0.23770833333333713,0.00020898539514746517,0.002177495276555419,0.00034368198248557746,-0.0004492272564675659,22.840111
0.23791666666667047,0.0002090656926156953,0.002177495276555419,0.00034368198248557746,-0.0004492272564675659,22.840111
0.2381250000000038,0.00020914518972858787,0.002177495276555419,0.00034368198248557746,-0.0004492272564675659,22.840111
0.23833333333333714,0.00020922475960105658,0.002177495276555419,0.00034368198248557746,-0.0004492272564675659,22.840111
0.23854166666667048,0.00020930447499267757,0.002177495276555419,0.00034368198248557746,-0.0004492272564675659,22.840111
0.23875000000000382,0.00020938699890393764,0.002177495276555419,0.00034368198248557746,-0.0004492272564675659,22.840111
0.23895833333333716,0.000209468140383251,0.002177495276555419,0.00034368198248557746,-0.0004492272564675659,22.840111
0.2391666666666705,0.00020954808860551566,0.002177495276555419,0.00034368198248557746,-0.0004492272564675659,22.840111
0.23937500000000383,0.0002096290554618463,0.002177495276555419,0.00034368198248557746,-0.0004492272564675659,22.840111
0.23958333333333717,0.00020970957120880485,0.002177495276555419,0.00034368198248557746,-0.0004492272564675659,22.840111
0.2397916666666705,0.00020978930115234107,0.002177495276555419,0.00034368198248557746,-0.0004492272564675659,22.840111
0.24000000000000385,0.00020987074822187424,0.002177495276555419,0.00034368198248557746,-0.0004492272564675659,22.840111
0.2402083333333372,0.00020995161321479827,0.002177495276555419,0.00034368198248557746,-0.0004492272564675659,22.840111
0.24041666666667053,0.0002100322162732482,0.002177495276555419,0.00034368198248557746,-0.0004492272564675659,22.840111
0.24062500000000386,0.00021011322678532451,0.002177495276555419,0.00034368198248557746,-0.0004492272564675659,22.840111
0.2408333333333372,0.00021019289852119982,0.002177495276555419,0.00034368198248557746,-0.0004492272564675659,22.840111
0.24104166666667054,0.00021027287584729493,0.002177495276555419,0.00034368198248557746,-0.0004492272564675659,22.840111
0.24125000000000388,0.0002103524311678484,0.002177495276555419,0.00034368198248557746,-0.0004492272564675659,22.840111
0.24145833333333722,0.00021043396554887295,0.002177495276555419,0.00034368198248557746,-0.0004492272564675659,22.840111
0.24166666666667055,0.00021051378280390054,0.002177495276555419,0.00034368198248557746,-0.0004492272564675659,22.840111
0.2418750000000039,0.00021059304708614945,0.002177495276555419,0.00034368198248557746,-0.0004492272564675659,22.840111
0.24208333333333723,0.00021067241323180497,0.002177495276555419,0.00034368198248557746,-0.0004492272564675659,22.840111
0.24229166666667057,0.00021075292897876352,0.002177495276555419,0.00034368198248557746,-0.0004492272564675659,22.840111
0.2425000000000039,0.00021083277533762157,0.002177495276555419,0.00034368198248557746,-0.0004492272564675659,22.840111
0.24270833333333725,0.00021091301459819078,0.002177495276555419,0.00034368198248557746,-0.0004492272564675659,22.840111
0.24291666666667058,0.00021099338482599705,0.002177495276555419,0.00034368198248557746,-0.0004492272564675659,22.840111
0.24312500000000392,0.00021107427892275155,0.002177495276555419,0.00034368198248557746,-0.0004492272564675659,22.840111
0.24333333333333726,0.00021115376148372889,0.002177495276555419,0.00034368198248557746,-0.0004492272564675659,22.840111
0.2435416666666706,0.0002112335932906717,0.002177495276555419,0.00034368198248557746,-0.0004492272564675659,22.840111
0.24375000000000394,0.0002113131049554795,0.002177495276555419,0.00034368198248557746,-0.0004492272564675659,22.840111
0.24395833333333727,0.00021139273303560913,0.002177495276555419,0.00034368198248557746,-0.0004492272564675659,22.840111
0.2441666666666706,0.00021147372899577022,0.002177495276555419,0.00034368198248557746,-0.0004492272564675659,22.840111
0.24437500000000395,0.00021155401191208512,0.002177495276555419,0.00034368198248557746,-0.0004492272564675659,22.840111
0.2445833333333373,0.00021163414930924773,0.002177495276555419,0.00034368198248557746,-0.0004492272564675659,22.840111
0.24479166666667063,0.0002117143594659865,0.002177495276555419,0.00034368198248557746,-0.0004492272564675659,22.840111
0.24500000000000396,0.00021179334726184607,0.002177495276555419,0.00034368198248557746,-0.0004492272564675659,22.840111
0.2452083333333373,0.00021187341189943254,0.002177495276555419,0.00034368198248557746,-0.0004492272564675659,22.840111
0.24541666666667064,0.00021195401495788246,0.002177495276555419,0.00034368198248557746,-0.0004492272564675659,22.840111
0.24562500000000398,0.00021203317737672478,0.002177495276555419,0.00034368198248557746,-0.0004492272564675659,22.840111
0.24583333333333732,0.00021211330022197217,0.002177495276555419,0.00034368198248557746,-0.0004492272564675659,22.840111
0.24604166666667066,0.00021219388872850686,0.002177495276555419,0.00034368198248557746,-0.0004492272564675659,22.840111
0.246250000000004,0.00021227452089078724,0.002177495276555419,0.00034368198248557746,-0.0004492272564675659,22.840111
0.24645833333333733,0.0002123539161402732,0.002177495276555419,0.00034368198248557746,-0.0004492272564675659,22.840111
0.24666666666667067,0.0002124338352587074,0.002177495276555419,0.00034368198248557746,-0.0004492272564675659,22.840111
0.246875000000004,0.00021251379803288728,0.002177495276555419,0.00034368198248557746,-0.0004492272564675659,22.840111
0.24708333333333735,0.00021259333880152553,0.002177495276555419,0.00034368198248557746,-0.0004492272564675659,22.840111
0.24729166666667068,0.00021267269039526582,0.002177495276555419,0.00034368198248557746,-0.0004492272564675659,22.840111
0.24750000000000402,0.0002127527113771066,0.002177495276555419,0.00034368198248557746,-0.0004492272564675659,22.840111
0.24770833333333736,0.0002128329360857606,0.002177495276555419,0.00034368198248557746,-0.0004492272564675659,22.840111
0.2479166666666707,0.0002129113709088415,0.002177495276555419,0.00034368198248557746,-0.0004492272564675659,22.840111
0.24812500000000404,0.0002129910426447168,0.002177495276555419,0.00034368198248557746,-0.0004492272564675659,22.840111
0.24833333333333737,0.00021307013230398297,0.002177495276555419,0.00034368198248557746,-0.0004492272564675659,22.840111
0.2485416666666707,0.00021314885816536844,0.002177495276555419,0.00034368198248557746,-0.0004492272564675659,22.840111
0.24875000000000405,0.00021322976681403816,0.002177495276555419,0.00034368198248557746,-0.0004492272564675659,22.840111
0.2489583333333374,0.00021330936579033732,0.002177495276555419,0.00034368198248557746,-0.0004492272564675659,22.840111
0.24916666666667073,0.00021338877559173852,0.002177495276555419,0.00034368198248557746,-0.0004492272564675659,22.840111
0.24937500000000407,0.00021346773428376764,0.002177495276555419,0.00034368198248557746,-0.0004492272564675659,22.840111
0.2495833333333374,0.00021354760974645615,0.002177495276555419,0.00034368198248557746,-0.0004492272564675659,22.840111
0.24979166666667074,0.00021362780535127968,0.002177495276555419,0.00034368198248557746,-0.0004492272564675659,22.840111
0.25000000000000405,0.00021370660397224128,0.002177495276555419,0.00034368198248557746,-0.0004492272564675659,22.840111
0.25020833333333736,0.00021378585370257497,0.002177495276555419,0.00034368198248557746,-0.0004492272564675659,22.840111
0.2504166666666707,0.00021386559819802642,0.002177495276555419,0.00034368198248557746,-0.0004492272564675659,22.840111
0.250625000000004,0.00021394500799942762,0.002177495276555419,0.00034368198248557746,-0.0004492272564675659,22.840111
0.2508333333333373,0.00021402355923783034,0.002177495276555419,0.00034368198248557746,-0.0004492272564675659,22.840111
0.2510416666666706,0.00021410237241070718,0.002177495276555419,0.00034368198248557746,-0.0004492272564675659,22.840111
0.2512500000000039,0.000214181185583584,0.002177495276555419,0.00034368198248557746,-0.0004492272564675659,22.840111
0.2514583333333372,0.00021426255989354104,0.002177495276555419,0.00034368198248557746,-0.0004492272564675659,22.840111
0.25166666666667054,0.00021434141672216356,0.002177495276555419,0.00034368198248557746,-0.0004492272564675659,22.840111
0.25187500000000385,0.00021442097204271704,0.002177495276555419,0.00034368198248557746,-0.0004492272564675659,22.840111
0.25208333333333716,0.00021450078929774463,0.002177495276555419,0.00034368198248557746,-0.0004492272564675659,22.840111
0.25229166666667047,0.00021458113042172045,0.002177495276555419,0.00034368198248557746,-0.0004492272564675659,22.840111
0.2525000000000038,0.00021465907047968358,0.002177495276555419,0.00034368198248557746,-0.0004492272564675659,22.840111
0.2527083333333371,0.000214737665373832,0.002177495276555419,0.00034368198248557746,-0.0004492272564675659,22.840111
0.2529166666666704,0.00021481730800587684,0.002177495276555419,0.00034368198248557746,-0.0004492272564675659,22.840111
0.2531250000000037,0.00021489703794941306,0.002177495276555419,0.00034368198248557746,-0.0004492272564675659,22.840111
0.253333333333337,0.000214976113056764,0.002177495276555419,0.00034368198248557746,-0.0004492272564675659,22.840111
0.25354166666667033,0.000215055319131352,0.002177495276555419,0.00034368198248557746,-0.0004492272564675659,22.840111
0.25375000000000364,0.0002151330845663324,0.002177495276555419,0.00034368198248557746,-0.0004492272564675659,22.840111
0.25395833333333695,0.00021521156304515898,0.002177495276555419,0.00034368198248557746,-0.0004492272564675659,22.840111
0.25416666666667026,0.00021529037621803582,0.002177495276555419,0.00034368198248557746,-0.0004492272564675659,22.840111
0.25437500000000357,0.0002153685927623883,0.002177495276555419,0.00034368198248557746,-0.0004492272564675659,22.840111
0.2545833333333369,0.00021544747869484127,0.002177495276555419,0.00034368198248557746,-0.0004492272564675659,22.840111
0.2547916666666702,0.00021552544785663486,0.002177495276555419,0.00034368198248557746,-0.0004492272564675659,22.840111
0.2550000000000035,0.00021560420282185078,0.002177495276555419,0.00034368198248557746,-0.0004492272564675659,22.840111
0.2552083333333368,0.00021568343800026923,0.002177495276555419,0.00034368198248557746,-0.0004492272564675659,22.840111
0.2554166666666701,0.00021576203289441764,0.002177495276555419,0.00034368198248557746,-0.0004492272564675659,22.840111
0.25562500000000343,0.0002158407005481422,0.002177495276555419,0.00034368198248557746,-0.0004492272564675659,22.840111
0.25583333333333674,0.00021591808763332665,0.002177495276555419,0.00034368198248557746,-0.0004492272564675659,22.840111
0.25604166666667005,0.00021599743922706693,0.002177495276555419,0.00034368198248557746,-0.0004492272564675659,22.840111
0.25625000000000336,0.00021607532107736915,0.002177495276555419,0.00034368198248557746,-0.0004492272564675659,22.840111
0.2564583333333367,0.00021615336299873888,0.002177495276555419,0.00034368198248557746,-0.0004492272564675659,22.840111
0.25666666666667,0.00021623159409500659,0.002177495276555419,0.00034368198248557746,-0.0004492272564675659,22.840111
0.2568750000000033,0.00021630995615851134,0.002177495276555419,0.00034368198248557746,-0.0004492272564675659,22.840111
0.2570833333333366,0.00021638926409650594,0.002177495276555419,0.00034368198248557746,-0.0004492272564675659,22.840111
0.2572916666666699,0.0002164674806408584,0.002177495276555419,0.00034368198248557746,-0.0004492272564675659,22.840111
0.2575000000000032,0.00021654559532180429,0.002177495276555419,0.00034368198248557746,-0.0004492272564675659,22.840111
0.25770833333333654,0.00021662359358742833,0.002177495276555419,0.00034368198248557746,-0.0004492272564675659,22.840111
0.25791666666666985,0.00021670265414286405,0.002177495276555419,0.00034368198248557746,-0.0004492272564675659,22.840111
0.25812500000000316,0.00021678036137018353,0.002177495276555419,0.00034368198248557746,-0.0004492272564675659,22.840111
0.25833333333333647,0.0002168577047996223,0.002177495276555419,0.00034368198248557746,-0.0004492272564675659,22.840111
0.2585416666666698,0.00021693533926736563,0.002177495276555419,0.00034368198248557746,-0.0004492272564675659,22.840111
0.2587500000000031,0.00021701287187170237,0.002177495276555419,0.00034368198248557746,-0.0004492272564675659,22.840111
0.2589583333333364,0.00021709180145990103,0.002177495276555419,0.00034368198248557746,-0.0004492272564675659,22.840111
0.2591666666666697,0.00021717025083489716,0.002177495276555419,0.00034368198248557746,-0.0004492272564675659,22.840111
0.259375000000003,0.00021724852558691055,0.002177495276555419,0.00034368198248557746,-0.0004492272564675659,22.840111
0.25958333333333633,0.00021732602908741683,0.002177495276555419,0.00034368198248557746,-0.0004492272564675659,22.840111
0.25979166666666964,0.00021740351803600788,0.002177495276555419,0.00034368198248557746,-0.0004492272564675659,22.840111
0.26000000000000295,0.0002174815017497167,0.002177495276555419,0.00034368198248557746,-0.0004492272564675659,22.840111
0.26020833333333626,0.00021756016940344125,0.002177495276555419,0.00034368198248557746,-0.0004492272564675659,22.840111
0.26041666666666957,0.00021763784752693027,0.002177495276555419,0.00034368198248557746,-0.0004492272564675659,22.840111
0.2606250000000029,0.00021771591855213046,0.002177495276555419,0.00034368198248557746,-0.0004492272564675659,22.840111
0.2608333333333362,0.0002177944261347875,0.002177495276555419,0.00034368198248557746,-0.0004492272564675659,22.840111
0.2610416666666695,0.0002178720460506156,0.002177495276555419,0.00034368198248557746,-0.0004492272564675659,22.840111
0.2612500000000028,0.0002179499133490026,0.002177495276555419,0.00034368198248557746,-0.0004492272564675659,22.840111
0.2614583333333361,0.0002180260344175622,0.002177495276555419,0.00034368198248557746,-0.0004492272564675659,22.840111
0.26166666666666943,0.00021810508042108268,0.002177495276555419,0.00034368198248557746,-0.0004492272564675659,22.840111
0.26187500000000274,0.00021818303503096104,0.002177495276555419,0.00034368198248557746,-0.0004492272564675659,22.840111
0.26208333333333605,0.00021826113515999168,0.002177495276555419,0.00034368198248557746,-0.0004492272564675659,22.840111
0.26229166666666937,0.00021833842038176954,0.002177495276555419,0.00034368198248557746,-0.0004492272564675659,22.840111
0.2625000000000027,0.00021841544366907328,0.002177495276555419,0.00034368198248557746,-0.0004492272564675659,22.840111
0.262708333333336,0.0002184921904699877,0.002177495276555419,0.00034368198248557746,-0.0004492272564675659,22.840111
0.2629166666666693,0.00021856941748410463,0.002177495276555419,0.00034368198248557746,-0.0004492272564675659,22.840111
0.2631250000000026,0.0002186472702305764,0.002177495276555419,0.00034368198248557746,-0.0004492272564675659,22.840111
0.2633333333333359,0.0002187245845561847,0.002177495276555419,0.00034368198248557746,-0.0004492272564675659,22.840111
0.2635416666666692,0.0002188033686252311,0.002177495276555419,0.00034368198248557746,-0.0004492272564675659,22.840111
0.26375000000000254,0.0002188808430219069,0.002177495276555419,0.00034368198248557746,-0.0004492272564675659,22.840111
0.26395833333333585,0.00021895700774621218,0.002177495276555419,0.00034368198248557746,-0.0004492272564675659,22.840111
0.26416666666666916,0.00021903423476032913,0.002177495276555419,0.00034368198248557746,-0.0004492272564675659,22.840111
0.26437500000000247,0.00021911095245741308,0.002177495276555419,0.00034368198248557746,-0.0004492272564675659,22.840111
0.2645833333333358,0.0002191879611928016,0.002177495276555419,0.00034368198248557746,-0.0004492272564675659,22.840111
0.2647916666666691,0.00021926504268776625,0.002177495276555419,0.00034368198248557746,-0.0004492272564675659,22.840111
0.2650000000000024,0.00021934213873464614,0.002177495276555419,0.00034368198248557746,-0.0004492272564675659,22.840111
0.2652083333333357,0.00021942023886367679,0.002177495276555419,0.00034368198248557746,-0.0004492272564675659,22.840111
0.265416666666669,0.000219497611396946,0.002177495276555419,0.00034368198248557746,-0.0004492272564675659,22.840111
0.26562500000000233,0.00021957536228001118,0.002177495276555419,0.00034368198248557746,-0.0004492272564675659,22.840111
0.26583333333333564,0.00021965065388940275,0.002177495276555419,0.00034368198248557746,-0.0004492272564675659,22.840111
0.26604166666666895,0.00021972782269585878,0.002177495276555419,0.00034368198248557746,-0.0004492272564675659,22.840111
0.26625000000000226,0.00021980561723466963,0.002177495276555419,0.00034368198248557746,-0.0004492272564675659,22.840111
0.2664583333333356,0.00021988354274071753,0.002177495276555419,0.00034368198248557746,-0.0004492272564675659,22.840111
0.2666666666666689,0.000219961249968037,0.002177495276555419,0.00034368198248557746,-0.0004492272564675659,22.840111
0.2668750000000022,0.00022003872436471283,0.002177495276555419,0.00034368198248557746,-0.0004492272564675659,22.840111
0.2670833333333355,0.00022011518012732267,0.002177495276555419,0.00034368198248557746,-0.0004492272564675659,22.840111
0.2672916666666688,0.000220192494452931,0.002177495276555419,0.00034368198248557746,-0.0004492272564675659,22.840111
0.2675000000000021,0.0002202700125053525,0.002177495276555419,0.00034368198248557746,-0.0004492272564675659,22.840111
0.26770833333333544,0.00022034654102753848,0.002177495276555419,0.00034368198248557746,-0.0004492272564675659,22.840111
0.26791666666666875,0.00022042430646251887,0.002177495276555419,0.00034368198248557746,-0.0004492272564675659,22.840111
0.26812500000000206,0.00022050092229619622,0.002177495276555419,0.00034368198248557746,-0.0004492272564675659,22.840111
0.26833333333333537,0.00022057758178561926,0.002177495276555419,0.00034368198248557746,-0.0004492272564675659,22.840111
0.2685416666666687,0.00022065421217121184,0.002177495276555419,0.00034368198248557746,-0.0004492272564675659,22.840111
0.268750000000002,0.00022073087166063488,0.002177495276555419,0.00034368198248557746,-0.0004492272564675659,22.840111
0.2689583333333353,0.00022080857888795435,0.002177495276555419,0.00034368198248557746,-0.0004492272564675659,22.840111
0.2691666666666686,0.0002208845253335312,0.002177495276555419,0.00034368198248557746,-0.0004492272564675659,22.840111
0.2693750000000019,0.00022096038446761668,0.002177495276555419,0.00034368198248557746,-0.0004492272564675659,22.840111
0.26958333333333523,0.000221037698793225,0.002177495276555419,0.00034368198248557746,-0.0004492272564675659,22.840111
0.26979166666666854,0.00022111379075795412,0.002177495276555419,0.00034368198248557746,-0.0004492272564675659,22.840111
0.27000000000000185,0.0002211897517554462,0.002177495276555419,0.00034368198248557746,-0.0004492272564675659,22.840111
0.27020833333333516,0.0002212654217146337,0.002177495276555419,0.00034368198248557746,-0.0004492272564675659,22.840111
0.27041666666666847,0.00022134312894195318,0.002177495276555419,0.00034368198248557746,-0.0004492272564675659,22.840111
0.2706250000000018,0.0002214187989011407,0.002177495276555419,0.00034368198248557746,-0.0004492272564675659,22.840111
0.2708333333333351,0.0002214955020463094,0.002177495276555419,0.00034368198248557746,-0.0004492272564675659,22.840111
0.2710416666666684,0.0002215718850493431,0.002177495276555419,0.00034368198248557746,-0.0004492272564675659,22.840111
0.2712500000000017,0.00022164825350046158,0.002177495276555419,0.00034368198248557746,-0.0004492272564675659,22.840111
0.271458333333335,0.0002217251167166978,0.002177495276555419,0.00034368198248557746,-0.0004492272564675659,22.840111
0.27166666666666833,0.00022180125233717263,0.002177495276555419,0.00034368198248557746,-0.0004492272564675659,22.840111
0.27187500000000164,0.00022187797003425658,0.002177495276555419,0.00034368198248557746,-0.0004492272564675659,22.840111
0.27208333333333495,0.0002219552843598649,0.002177495276555419,0.00034368198248557746,-0.0004492272564675659,22.840111
0.27229166666666826,0.00022203191474545747,0.002177495276555419,0.00034368198248557746,-0.0004492272564675659,22.840111
0.2725000000000016,0.00022210812312550843,0.002177495276555419,0.00034368198248557746,-0.0004492272564675659,22.840111
0.2727083333333349,0.00022218405501917005,0.002177495276555419,0.00034368198248557746,-0.0004492272564675659,22.840111
0.2729166666666682,0.00022225997236091644,0.002177495276555419,0.00034368198248557746,-0.0004492272564675659,22.840111
0.2731250000000015,0.0002223361807409674,0.002177495276555419,0.00034368198248557746,-0.0004492272564675659,22.840111
0.2733333333333348,0.0002224119525635615,0.002177495276555419,0.00034368198248557746,-0.0004492272564675659,22.840111
0.2735416666666681,0.0002224884956376627,0.002177495276555419,0.00034368198248557746,-0.0004492272564675659,22.840111
0.27375000000000144,0.00022256531519815326,0.002177495276555419,0.00034368198248557746,-0.0004492272564675659,22.840111
0.27395833333333475,0.00022264118888415396,0.002177495276555419,0.00034368198248557746,-0.0004492272564675659,22.840111
0.27416666666666806,0.00022271781926974654,0.002177495276555419,0.00034368198248557746,-0.0004492272564675659,22.840111
0.27437500000000137,0.00022279330005403608,0.002177495276555419,0.00034368198248557746,-0.0004492272564675659,22.840111
0.2745833333333347,0.0002228690718766302,0.002177495276555419,0.00034368198248557746,-0.0004492272564675659,22.840111
0.274791666666668,0.0002229436213383451,0.002177495276555419,0.00034368198248557746,-0.0004492272564675659,22.840111
0.2750000000000013,0.0002230183017672971,0.002177495276555419,0.00034368198248557746,-0.0004492272564675659,22.840111
0.2752083333333346,0.00022309395717456937,0.002177495276555419,0.00034368198248557746,-0.0004492272564675659,22.840111
0.2754166666666679,0.000223169379751198,0.002177495276555419,0.00034368198248557746,-0.0004492272564675659,22.840111
0.27562500000000123,0.0002232449915027246,0.002177495276555419,0.00034368198248557746,-0.0004492272564675659,22.840111
0.27583333333333454,0.00022332010848913342,0.002177495276555419,0.00034368198248557746,-0.0004492272564675659,22.840111
0.27604166666666785,0.00022339583665598184,0.002177495276555419,0.00034368198248557746,-0.0004492272564675659,22.840111
0.27625000000000116,0.00022347211779560894,0.002177495276555419,0.00034368198248557746,-0.0004492272564675659,22.840111
0.27645833333333447,0.00022354794782586396,0.002177495276555419,0.00034368198248557746,-0.0004492272564675659,22.840111
0.2766666666666678,0.0002236237342003733,0.002177495276555419,0.00034368198248557746,-0.0004492272564675659,22.840111
0.2768750000000011,0.0002237000153400004,0.002177495276555419,0.00034368198248557746,-0.0004492272564675659,22.840111
0.2770833333333344,0.00022377551067620516,0.002177495276555419,0.00034368198248557746,-0.0004492272564675659,22.840111
0.2772916666666677,0.00022385208285413682,0.002177495276555419,0.00034368198248557746,-0.0004492272564675659,22.840111
0.277500000000001,0.0002239286550320685,0.002177495276555419,0.00034368198248557746,-0.0004492272564675659,22.840111
0.27770833333333433,0.00022400362649932504,0.002177495276555419,0.00034368198248557746,-0.0004492272564675659,22.840111
0.27791666666666764,0.00022407938377000391,0.002177495276555419,0.00034368198248557746,-0.0004492272564675659,22.840111
0.27812500000000095,0.00022415487910620868,0.002177495276555419,0.00034368198248557746,-0.0004492272564675659,22.840111
0.27833333333333427,0.0002242314803879708,0.002177495276555419,0.00034368198248557746,-0.0004492272564675659,22.840111
0.2785416666666676,0.0002243072958663106,0.002177495276555419,0.00034368198248557746,-0.0004492272564675659,22.840111
0.2787500000000009,0.0002243827620986849,0.002177495276555419,0.00034368198248557746,-0.0004492272564675659,22.840111
0.2789583333333342,0.0002244583156425506,0.002177495276555419,0.00034368198248557746,-0.0004492272564675659,22.840111
0.2791666666666675,0.0002245329669676721,0.002177495276555419,0.00034368198248557746,-0.0004492272564675659,22.840111
0.2793750000000008,0.00022460846230387688,0.002177495276555419,0.00034368198248557746,-0.0004492272564675659,22.840111
0.2795833333333341,0.00022468350653070956,0.002177495276555419,0.00034368198248557746,-0.0004492272564675659,22.840111
0.27979166666666744,0.00022476022422779351,0.002177495276555419,0.00034368198248557746,-0.0004492272564675659,22.840111
0.28000000000000075,0.00022483539942186326,0.002177495276555419,0.00034368198248557746,-0.0004492272564675659,22.840111
0.28020833333333406,0.00022491002164315432,0.002177495276555419,0.00034368198248557746,-0.0004492272564675659,22.840111
0.28041666666666737,0.00022498508042190224,0.002177495276555419,0.00034368198248557746,-0.0004492272564675659,22.840111
0.2806250000000007,0.00022506029927171767,0.002177495276555419,0.00034368198248557746,-0.0004492272564675659,22.840111
0.280833333333334,0.0002251356199849397,0.002177495276555419,0.00034368198248557746,-0.0004492272564675659,22.840111
0.2810416666666673,0.00022521075152326375,0.002177495276555419,0.00034368198248557746,-0.0004492272564675659,22.840111
0.2812500000000006,0.00022528630506712943,0.002177495276555419,0.00034368198248557746,-0.0004492272564675659,22.840111
0.2814583333333339,0.00022536292090080678,0.002177495276555419,0.00034368198248557746,-0.0004492272564675659,22.840111
0.28166666666666723,0.0002254375722259283,0.002177495276555419,0.00034368198248557746,-0.0004492272564675659,22.840111
0.28187500000000054,0.0002255116414744407,0.002177495276555419,0.00034368198248557746,-0.0004492272564675659,22.840111
0.28208333333333385,0.00022558748605661094,0.002177495276555419,0.00034368198248557746,-0.0004492272564675659,22.840111
0.28229166666666716,0.0002256629813928157,0.002177495276555419,0.00034368198248557746,-0.0004492272564675659,22.840111
0.2825000000000005,0.00022573908790946007,0.002177495276555419,0.00034368198248557746,-0.0004492272564675659,22.840111
0.2827083333333338,0.00022581539815291762,0.002177495276555419,0.00034368198248557746,-0.0004492272564675659,22.840111
0.2829166666666671,0.00022589029686059803,0.002177495276555419,0.00034368198248557746,-0.0004492272564675659,22.840111
0.2831250000000004,0.00022596670896746218,0.002177495276555419,0.00034368198248557746,-0.0004492272564675659,22.840111
0.2833333333333337,0.00022604224795941263,0.002177495276555419,0.00034368198248557746,-0.0004492272564675659,22.840111
0.283541666666667,0.0002261184126837179,0.002177495276555419,0.00034368198248557746,-0.0004492272564675659,22.840111
0.28375000000000034,0.00022619390801992267,0.002177495276555419,0.00034368198248557746,-0.0004492272564675659,22.840111
0.28395833333333365,0.00022626911231782287,0.002177495276555419,0.00034368198248557746,-0.0004492272564675659,22.840111
0.28416666666666696,0.0002263441710965708,0.002177495276555419,0.00034368198248557746,-0.0004492272564675659,22.840111
0.28437500000000027,0.0002264189242850989,0.002177495276555419,0.00034368198248557746,-0.0004492272564675659,22.840111
0.2845833333333336,0.0002264937647851184,0.002177495276555419,0.00034368198248557746,-0.0004492272564675659,22.840111
0.2847916666666669,0.00022656831424683332,0.002177495276555419,0.00034368198248557746,-0.0004492272564675659,22.840111
0.2850000000000002,0.00022664236894343048,0.002177495276555419,0.00034368198248557746,-0.0004492272564675659,22.840111
0.2852083333333335,0.00022671662736684084,0.002177495276555419,0.00034368198248557746,-0.0004492272564675659,22.840111
0.2854166666666668,0.00022679146786686033,0.002177495276555419,0.00034368198248557746,-0.0004492272564675659,22.840111
0.28562500000000013,0.00022686633747071028,0.002177495276555419,0.00034368198248557746,-0.0004492272564675659,22.840111
0.28583333333333344,0.00022694138169754297,0.002177495276555419,0.00034368198248557746,-0.0004492272564675659,22.840111
0.28604166666666675,0.0002270170080009848,0.002177495276555419,0.00034368198248557746,-0.0004492272564675659,22.840111
0.28625000000000006,0.00022709248878527433,0.002177495276555419,0.00034368198248557746,-0.0004492272564675659,22.840111
0.28645833333333337,0.00022716792591381818,0.002177495276555419,0.00034368198248557746,-0.0004492272564675659,22.840111
0.2866666666666667,0.00022724238806404173,0.002177495276555419,0.00034368198248557746,-0.0004492272564675659,22.840111
0.286875,0.00022731673379894346,0.002177495276555419,0.00034368198248557746,-0.0004492272564675659,22.840111
0.2870833333333333,0.00022739233099855483,0.002177495276555419,0.00034368198248557746,-0.0004492272564675659,22.840111
0.2872916666666666,0.00022746744798496366,0.002177495276555419,0.00034368198248557746,-0.0004492272564675659,22.840111
0.2874999999999999,0.00022754332167096436,0.002177495276555419,0.00034368198248557746,-0.0004492272564675659,22.840111
0.28770833333333323,0.00022761827858630568,0.002177495276555419,0.00034368198248557746,-0.0004492272564675659,22.840111
0.28791666666666654,0.00022769271163269877,0.002177495276555419,0.00034368198248557746,-0.0004492272564675659,22.840111
0.28812499999999985,0.00022776737750973552,0.002177495276555419,0.00034368198248557746,-0.0004492272564675659,22.840111
0.28833333333333316,0.00022784326574765146,0.002177495276555419,0.00034368198248557746,-0.0004492272564675659,22.840111
0.2885416666666665,0.0002279189502587542,0.002177495276555419,0.00034368198248557746,-0.0004492272564675659,22.840111
0.2887499999999998,0.00022799427097197622,0.002177495276555419,0.00034368198248557746,-0.0004492272564675659,22.840111
0.2889583333333331,0.0002280694607179612,0.002177495276555419,0.00034368198248557746,-0.0004492272564675659,22.840111
0.2891666666666664,0.00022814342810306698,0.002177495276555419,0.00034368198248557746,-0.0004492272564675659,22.840111
0.2893749999999997,0.0002282179775647819,0.002177495276555419,0.00034368198248557746,-0.0004492272564675659,22.840111
0.289583333333333,0.00022829294903203845,0.002177495276555419,0.00034368198248557746,-0.0004492272564675659,22.840111
0.28979166666666634,0.00022836585412733257,0.002177495276555419,0.00034368198248557746,-0.0004492272564675659,22.840111
0.28999999999999965,0.00022844165505375713,0.002177495276555419,0.00034368198248557746,-0.0004492272564675659,22.840111
0.29020833333333296,0.00022851611720398068,0.002177495276555419,0.00034368198248557746,-0.0004492272564675659,22.840111
0.29041666666666627,0.00022858980810269713,0.002177495276555419,0.00034368198248557746,-0.0004492272564675659,22.840111
0.2906249999999996,0.0002286641247337684,0.002177495276555419,0.00034368198248557746,-0.0004492272564675659,22.840111
0.2908333333333329,0.00022873847046867013,0.002177495276555419,0.00034368198248557746,-0.0004492272564675659,22.840111
0.2910416666666662,0.00022881172480992973,0.002177495276555419,0.00034368198248557746,-0.0004492272564675659,22.840111
0.2912499999999995,0.00022888580861035734,0.002177495276555419,0.00034368198248557746,-0.0004492272564675659,22.840111
0.2914583333333328,0.00022895958682056516,0.002177495276555419,0.00034368198248557746,-0.0004492272564675659,22.840111
0.29166666666666613,0.0002290335833095014,0.002177495276555419,0.00034368198248557746,-0.0004492272564675659,22.840111
0.29187499999999944,0.00022910848201718181,0.002177495276555419,0.00034368198248557746,-0.0004492272564675659,22.840111
0.29208333333333275,0.00022918300237506628,0.002177495276555419,0.00034368198248557746,-0.0004492272564675659,22.840111
0.29229166666666606,0.0002292564749950543,0.002177495276555419,0.00034368198248557746,-0.0004492272564675659,22.840111
0.29249999999999937,0.00022933093714527786,0.002177495276555419,0.00034368198248557746,-0.0004492272564675659,22.840111
0.2927083333333327,0.00022940387134440243,0.002177495276555419,0.00034368198248557746,-0.0004492272564675659,22.840111
0.292916666666666,0.0002294784499099478,0.002177495276555419,0.00034368198248557746,-0.0004492272564675659,22.840111
0.2931249999999993,0.00022955270833335817,0.002177495276555419,0.00034368198248557746,-0.0004492272564675659,22.840111
0.2933333333333326,0.00022962728689890355,0.002177495276555419,0.00034368198248557746,-0.0004492272564675659,22.840111
0.2935416666666659,0.0002297027240274474,0.002177495276555419,0.00034368198248557746,-0.0004492272564675659,22.840111
0.29374999999999923,0.0002297772589372471,0.002177495276555419,0.00034368198248557746,-0.0004492272564675659,22.840111
0.29395833333333254,0.0002298518957104534,0.002177495276555419,0.00034368198248557746,-0.0004492272564675659,22.840111
0.29416666666666585,0.0002299270563526079,0.002177495276555419,0.00034368198248557746,-0.0004492272564675659,22.840111
0.29437499999999917,0.0002300014311913401,0.002177495276555419,0.00034368198248557746,-0.0004492272564675659,22.840111
0.2945833333333325,0.00023007683921605349,0.002177495276555419,0.00034368198248557746,-0.0004492272564675659,22.840111
0.2947916666666658,0.00023015029728412628,0.002177495276555419,0.00034368198248557746,-0.0004492272564675659,22.840111
0.2949999999999991,0.00023022323148325086,0.002177495276555419,0.00034368198248557746,-0.0004492272564675659,22.840111
0.2952083333333324,0.00023029858130030334,0.002177495276555419,0.00034368198248557746,-0.0004492272564675659,22.840111
0.2954166666666657,0.0002303732471773401,0.002177495276555419,0.00034368198248557746,-0.0004492272564675659,22.840111
0.295624999999999,0.0002304474328411743,0.002177495276555419,0.00034368198248557746,-0.0004492272564675659,22.840111
0.29583333333333234,0.00023052059987094253,0.002177495276555419,0.00034368198248557746,-0.0004492272564675659,22.840111
0.29604166666666565,0.00023059334489516914,0.002177495276555419,0.00034368198248557746,-0.0004492272564675659,22.840111
0.29624999999999896,0.0002306670940015465,0.002177495276555419,0.00034368198248557746,-0.0004492272564675659,22.840111
0.29645833333333227,0.00023074068303685635,0.002177495276555419,0.00034368198248557746,-0.0004492272564675659,22.840111
0.2966666666666656,0.0002308133407495916,0.002177495276555419,0.00034368198248557746,-0.0004492272564675659,22.840111
0.2968749999999989,0.00023088676971383393,0.002177495276555419,0.00034368198248557746,-0.0004492272564675659,22.840111
0.2970833333333322,0.0002309597475687042,0.002177495276555419,0.00034368198248557746,-0.0004492272564675659,22.840111
0.2972916666666655,0.00023103339481167495,0.002177495276555419,0.00034368198248557746,-0.0004492272564675659,22.840111
0.2974999999999988,0.00023110488837119192,0.002177495276555419,0.00034368198248557746,-0.0004492272564675659,22.840111
0.29770833333333213,0.00023117876844480634,0.002177495276555419,0.00034368198248557746,-0.0004492272564675659,22.840111
0.29791666666666544,0.00023125085863284767,0.002177495276555419,0.00034368198248557746,-0.0004492272564675659,22.840111
0.29812499999999875,0.00023132548085413873,0.002177495276555419,0.00034368198248557746,-0.0004492272564675659,22.840111
0.29833333333333206,0.00023139760014601052,0.002177495276555419,0.00034368198248557746,-0.0004492272564675659,22.840111
0.2985416666666654,0.00023147168394643813,0.002177495276555419,0.00034368198248557746,-0.0004492272564675659,22.840111
0.2987499999999987,0.00023154499649535865,0.002177495276555419,0.00034368198248557746,-0.0004492272564675659,22.840111
0.298958333333332,0.00023161734861787409,0.002177495276555419,0.00034368198248557746,-0.0004492272564675659,22.840111
0.2991666666666653,0.00023169103951659054,0.002177495276555419,0.00034368198248557746,-0.0004492272564675659,22.840111
0.2993749999999986,0.00023176486138254404,0.002177495276555419,0.00034368198248557746,-0.0004492272564675659,22.840111
0.2995833333333319,0.00023183866869658232,0.002177495276555419,0.00034368198248557746,-0.0004492272564675659,22.840111
0.29979166666666524,0.00023191249056253582,0.002177495276555419,0.00034368198248557746,-0.0004492272564675659,22.840111
0.29999999999999855,0.00023198591952677816,0.002177495276555419,0.00034368198248557746,-0.0004492272564675659,22.840111
0.30020833333333186,0.00023205997422337532,0.002177495276555419,0.00034368198248557746,-0.0004492272564675659,22.840111
0.30041666666666517,0.00023213328677229583,0.002177495276555419,0.00034368198248557746,-0.0004492272564675659,22.840111
0.3006249999999985,0.00023220536240842193,0.002177495276555419,0.00034368198248557746,-0.0004492272564675659,22.840111
0.3008333333333318,0.00023227818019222468,0.002177495276555419,0.00034368198248557746,-0.0004492272564675659,22.840111
0.3010416666666651,0.00023235028493218124,0.002177495276555419,0.00034368198248557746,-0.0004492272564675659,22.840111
0.3012499999999984,0.0002324237721040845,0.002177495276555419,0.00034368198248557746,-0.0004492272564675659,22.840111
0.3014583333333317,0.00023249676451086998,0.002177495276555419,0.00034368198248557746,-0.0004492272564675659,22.840111
0.30166666666666503,0.00023257032444234937,0.002177495276555419,0.00034368198248557746,-0.0004492272564675659,22.840111
0.30187499999999834,0.00023264216724783182,0.002177495276555419,0.00034368198248557746,-0.0004492272564675659,22.840111
0.30208333333333165,0.00023271513055078685,0.002177495276555419,0.00034368198248557746,-0.0004492272564675659,22.840111
0.30229166666666496,0.00023278719163499773,0.002177495276555419,0.00034368198248557746,-0.0004492272564675659,22.840111
0.30249999999999827,0.00023286056239157915,0.002177495276555419,0.00034368198248557746,-0.0004492272564675659,22.840111
0.3027083333333316,0.00023293431149795651,0.002177495276555419,0.00034368198248557746,-0.0004492272564675659,22.840111
0.3029166666666649,0.0002330071001779288,0.002177495276555419,0.00034368198248557746,-0.0004492272564675659,22.840111
0.3031249999999982,0.00023307811352424324,0.002177495276555419,0.00034368198248557746,-0.0004492272564675659,22.840111
0.3033333333333315,0.0002331505238544196,0.002177495276555419,0.00034368198248557746,-0.0004492272564675659,22.840111
0.3035416666666648,0.00023322291963268071,0.002177495276555419,0.00034368198248557746,-0.0004492272564675659,22.840111
0.30374999999999813,0.0002332959120394662,0.002177495276555419,0.00034368198248557746,-0.0004492272564675659,22.840111
0.30395833333333144,0.0002333681914024055,0.002177495276555419,0.00034368198248557746,-0.0004492272564675659,22.840111
0.30416666666666475,0.000233441503951326,0.002177495276555419,0.00034368198248557746,-0.0004492272564675659,22.840111
0.30437499999999806,0.00023351357958745211,0.002177495276555419,0.00034368198248557746,-0.0004492272564675659,22.840111
0.3045833333333314,0.00023358617909252644,0.002177495276555419,0.00034368198248557746,-0.0004492272564675659,22.840111
0.3047916666666647,0.00023366014647763222,0.002177495276555419,0.00034368198248557746,-0.0004492272564675659,22.840111
0.304999999999998,0.00023373268777504563,0.002177495276555419,0.00034368198248557746,-0.0004492272564675659,22.840111
0.3052083333333313,0.00023380618949886411,0.002177495276555419,0.00034368198248557746,-0.0004492272564675659,22.840111
0.3054166666666646,0.00023387806140817702,0.002177495276555419,0.00034368198248557746,-0.0004492272564675659,22.840111
0.3056249999999979,0.00023395137395709753,0.002177495276555419,0.00034368198248557746,-0.0004492272564675659,22.840111
0.30583333333333124,0.00023402417718898505,0.002177495276555419,0.00034368198248557746,-0.0004492272564675659,22.840111
0.30604166666666455,0.00023409764980897307,0.002177495276555419,0.00034368198248557746,-0.0004492272564675659,22.840111
0.30624999999999786,0.0002341693761991337,0.002177495276555419,0.00034368198248557746,-0.0004492272564675659,22.840111
0.30645833333333117,0.00023424343089573085,0.002177495276555419,0.00034368198248557746,-0.0004492272564675659,22.840111
0.3066666666666645,0.0002343153755646199,0.002177495276555419,0.00034368198248557746,-0.0004492272564675659,22.840111
0.3068749999999978,0.00023438659263774753,0.002177495276555419,0.00034368198248557746,-0.0004492272564675659,22.840111
0.3070833333333311,0.00023445903207175434,0.002177495276555419,0.00034368198248557746,-0.0004492272564675659,22.840111
0.3072916666666644,0.0002345315442653373,0.002177495276555419,0.00034368198248557746,-0.0004492272564675659,22.840111
0.3074999999999977,0.00023460490047000349,0.002177495276555419,0.00034368198248557746,-0.0004492272564675659,22.840111
0.30770833333333103,0.00023467819846700877,0.002177495276555419,0.00034368198248557746,-0.0004492272564675659,22.840111
0.30791666666666434,0.00023475050693377852,0.002177495276555419,0.00034368198248557746,-0.0004492272564675659,22.840111
0.30812499999999765,0.00023482386313844472,0.002177495276555419,0.00034368198248557746,-0.0004492272564675659,22.840111
0.30833333333333096,0.00023489614250138402,0.002177495276555419,0.00034368198248557746,-0.0004492272564675659,22.840111
0.30854166666666427,0.0002349672868149355,0.002177495276555419,0.00034368198248557746,-0.0004492272564675659,22.840111
0.3087499999999976,0.00023504070122726262,0.002177495276555419,0.00034368198248557746,-0.0004492272564675659,22.840111
0.3089583333333309,0.00023511341714765877,0.002177495276555419,0.00034368198248557746,-0.0004492272564675659,22.840111
0.3091666666666642,0.00023518537636846304,0.002177495276555419,0.00034368198248557746,-0.0004492272564675659,22.840111
0.3093749999999975,0.0002352576411794871,0.002177495276555419,0.00034368198248557746,-0.0004492272564675659,22.840111
0.3095833333333308,0.00023532962950412184,0.002177495276555419,0.00034368198248557746,-0.0004492272564675659,22.840111
0.30979166666666413,0.00023540160327684134,0.002177495276555419,0.00034368198248557746,-0.0004492272564675659,22.840111
0.30999999999999744,0.00023547335877083242,0.002177495276555419,0.00034368198248557746,-0.0004492272564675659,22.840111
0.31020833333333075,0.00023554512881673872,0.002177495276555419,0.00034368198248557746,-0.0004492272564675659,22.840111
0.31041666666666407,0.00023561733542010188,0.002177495276555419,0.00034368198248557746,-0.0004492272564675659,22.840111
0.3106249999999974,0.00023568964388687164,0.002177495276555419,0.00034368198248557746,-0.0004492272564675659,22.840111
0.3108333333333307,0.00023576199600938708,0.002177495276555419,0.00034368198248557746,-0.0004492272564675659,22.840111
0.311041666666664,0.0002358342899242416,0.002177495276555419,0.00034368198248557746,-0.0004492272564675659,22.840111
0.3112499999999973,0.00023590688942931592,0.002177495276555419,0.00034368198248557746,-0.0004492272564675659,22.840111
0.3114583333333306,0.00023597880499437451,0.002177495276555419,0.00034368198248557746,-0.0004492272564675659,22.840111
0.3116666666666639,0.00023605182650499046,0.002177495276555419,0.00034368198248557746,-0.0004492272564675659,22.840111
0.31187499999999724,0.0002361246442887932,0.002177495276555419,0.00034368198248557746,-0.0004492272564675659,22.840111
0.31208333333333055,0.0002361968654440716,0.002177495276555419,0.00034368198248557746,-0.0004492272564675659,22.840111
0.31229166666666386,0.0002362691448070109,0.002177495276555419,0.00034368198248557746,-0.0004492272564675659,22.840111
0.31249999999999717,0.00023634202079847455,0.002177495276555419,0.00034368198248557746,-0.0004492272564675659,22.840111
0.3127083333333305,0.00023641399457119405,0.002177495276555419,0.00034368198248557746,-0.0004492272564675659,22.840111
0.3129166666666638,0.00023648631758987904,0.002177495276555419,0.00034368198248557746,-0.0004492272564675659,22.840111
0.3131249999999971,0.00023655816039536148,0.002177495276555419,0.00034368198248557746,-0.0004492272564675659,22.840111
0.3133333333333304,0.0002366302942391485,0.002177495276555419,0.00034368198248557746,-0.0004492272564675659,22.840111
0.3135416666666637,0.00023670215159654617,0.002177495276555419,0.00034368198248557746,-0.0004492272564675659,22.840111
0.31374999999999703,0.0002367741835769266,0.002177495276555419,0.00034368198248557746,-0.0004492272564675659,22.840111
0.31395833333333034,0.000236845386098139,0.002177495276555419,0.00034368198248557746,-0.0004492272564675659,22.840111
0.31416666666666365,0.00023691538081038743,0.002177495276555419,0.00034368198248557746,-0.0004492272564675659,22.840111
0.31437499999999696,0.0002369871799601242,0.002177495276555419,0.00034368198248557746,-0.0004492272564675659,22.840111
0.3145833333333303,0.0002370583824813366,0.002177495276555419,0.00034368198248557746,-0.0004492272564675659,22.840111
0.3147916666666636,0.00023713016707915813,0.002177495276555419,0.00034368198248557746,-0.0004492272564675659,22.840111
0.3149999999999969,0.00023720080207567662,0.002177495276555419,0.00034368198248557746,-0.0004492272564675659,22.840111
0.3152083333333302,0.0002372730668867007,0.002177495276555419,0.00034368198248557746,-0.0004492272564675659,22.840111
0.3154166666666635,0.0002373449970036745,0.002177495276555419,0.00034368198248557746,-0.0004492272564675659,22.840111
0.3156249999999968,0.00023741669429000467,0.002177495276555419,0.00034368198248557746,-0.0004492272564675659,22.840111
0.31583333333333014,0.00023748938110657036,0.002177495276555419,0.00034368198248557746,-0.0004492272564675659,22.840111
0.31604166666666345,0.00023755944857839495,0.002177495276555419,0.00034368198248557746,-0.0004492272564675659,22.840111
0.31624999999999676,0.00023763168428558856,0.002177495276555419,0.00034368198248557746,-0.0004492272564675659,22.840111
0.31645833333333007,0.00023770271218381822,0.002177495276555419,0.00034368198248557746,-0.0004492272564675659,22.840111
0.3166666666666634,0.00023777388560120016,0.002177495276555419,0.00034368198248557746,-0.0004492272564675659,22.840111
0.3168749999999967,0.00023784596123732626,0.002177495276555419,0.00034368198248557746,-0.0004492272564675659,22.840111
0.31708333333333,0.000237916101468727,0.002177495276555419,0.00034368198248557746,-0.0004492272564675659,22.840111
0.3172916666666633,0.00023798804613761604,0.002177495276555419,0.00034368198248557746,-0.0004492272564675659,22.840111
0.3174999999999966,0.0002380595833528787,0.002177495276555419,0.00034368198248557746,-0.0004492272564675659,22.840111
0.31770833333332993,0.00023812914150767028,0.002177495276555419,0.00034368198248557746,-0.0004492272564675659,22.840111
0.31791666666666324,0.00023820059141144156,0.002177495276555419,0.00034368198248557746,-0.0004492272564675659,22.840111
0.31812499999999655,0.00023827127006370574,0.002177495276555419,0.00034368198248557746,-0.0004492272564675659,22.840111
0.31833333333332986,0.00023834263265598565,0.002177495276555419,0.00034368198248557746,-0.0004492272564675659,22.840111
0.31854166666666317,0.0002384152903687209,0.002177495276555419,0.00034368198248557746,-0.0004492272564675659,22.840111
0.3187499999999965,0.00023848765704315156,0.002177495276555419,0.00034368198248557746,-0.0004492272564675659,22.840111
0.3189583333333298,0.0002385585685260594,0.002177495276555419,0.00034368198248557746,-0.0004492272564675659,22.840111
0.3191666666666631,0.00023862863599788398,0.002177495276555419,0.00034368198248557746,-0.0004492272564675659,22.840111
0.3193749999999964,0.000238699241890572,0.002177495276555419,0.00034368198248557746,-0.0004492272564675659,22.840111
0.3195833333333297,0.00023876916384324431,0.002177495276555419,0.00034368198248557746,-0.0004492272564675659,22.840111
0.31979166666666303,0.00023883947869762778,0.002177495276555419,0.00034368198248557746,-0.0004492272564675659,22.840111
0.31999999999999634,0.00023890851298347116,0.002177495276555419,0.00034368198248557746,-0.0004492272564675659,22.840111
0.32020833333332965,0.00023897997743915766,0.002177495276555419,0.00034368198248557746,-0.0004492272564675659,22.840111
0.32041666666666296,0.00023905120906420052,0.002177495276555419,0.00034368198248557746,-0.0004492272564675659,22.840111
0.3206249999999963,0.0002391226589679718,0.002177495276555419,0.00034368198248557746,-0.0004492272564675659,22.840111
0.3208333333333296,0.00023919371597003192,0.002177495276555419,0.00034368198248557746,-0.0004492272564675659,22.840111
0.3210416666666629,0.00023926381254568696,0.002177495276555419,0.00034368198248557746,-0.0004492272564675659,22.840111
0.3212499999999962,0.00023933393822517246,0.002177495276555419,0.00034368198248557746,-0.0004492272564675659,22.840111
0.3214583333333295,0.00023940438404679298,0.002177495276555419,0.00034368198248557746,-0.0004492272564675659,22.840111
0.3216666666666628,0.00023947407316882163,0.002177495276555419,0.00034368198248557746,-0.0004492272564675659,22.840111
0.32187499999999614,0.0002395455667283386,0.002177495276555419,0.00034368198248557746,-0.0004492272564675659,22.840111
0.32208333333332945,0.0002396167255938053,0.002177495276555419,0.00034368198248557746,-0.0004492272564675659,22.840111
0.32229166666666276,0.00023968754976522177,0.002177495276555419,0.00034368198248557746,-0.0004492272564675659,22.840111
0.32249999999999607,0.00023975694784894586,0.002177495276555419,0.00034368198248557746,-0.0004492272564675659,22.840111
0.3227083333333294,0.0002398278593318537,0.002177495276555419,0.00034368198248557746,-0.0004492272564675659,22.840111
0.3229166666666627,0.00023989893088582903,0.002177495276555419,0.00034368198248557746,-0.0004492272564675659,22.840111
0.323124999999996,0.00023996969684958458,0.002177495276555419,0.00034368198248557746,-0.0004492272564675659,22.840111
0.3233333333333293,0.0002400416851742193,0.002177495276555419,0.00034368198248557746,-0.0004492272564675659,22.840111
0.3235416666666626,0.00024011240748222917,0.002177495276555419,0.00034368198248557746,-0.0004492272564675659,22.840111
0.32374999999999593,0.00024018304247874767,0.002177495276555419,0.00034368198248557746,-0.0004492272564675659,22.840111
0.32395833333332924,0.00024025392485782504,0.002177495276555419,0.00034368198248557746,-0.0004492272564675659,22.840111
0.32416666666666255,0.00024032325018197298,0.002177495276555419,0.00034368198248557746,-0.0004492272564675659,22.840111
0.32437499999999586,0.00024039193522185087,0.002177495276555419,0.00034368198248557746,-0.0004492272564675659,22.840111
0.32458333333332917,0.00024046174075920135,0.002177495276555419,0.00034368198248557746,-0.0004492272564675659,22.840111
0.3247916666666625,0.00024053175002336502,0.002177495276555419,0.00034368198248557746,-0.0004492272564675659,22.840111
0.3249999999999958,0.00024060337455011904,0.002177495276555419,0.00034368198248557746,-0.0004492272564675659,22.840111
0.3252083333333291,0.00024067307822406292,0.002177495276555419,0.00034368198248557746,-0.0004492272564675659,22.840111
0.3254166666666624,0.0002407430438324809,0.002177495276555419,0.00034368198248557746,-0.0004492272564675659,22.840111
0.3256249999999957,0.0002408136206213385,0.002177495276555419,0.00034368198248557746,-0.0004492272564675659,22.840111
0.32583333333332903,0.0002408831351203844,0.002177495276555419,0.00034368198248557746,-0.0004492272564675659,22.840111
0.32604166666666234,0.0002409514709142968,0.002177495276555419,0.00034368198248557746,-0.0004492272564675659,22.840111
0.32624999999999565,0.0002410211891401559,0.002177495276555419,0.00034368198248557746,-0.0004492272564675659,22.840111
0.32645833333332896,0.00024109195510391146,0.002177495276555419,0.00034368198248557746,-0.0004492272564675659,22.840111
0.3266666666666623,0.00024116109125316143,0.002177495276555419,0.00034368198248557746,-0.0004492272564675659,22.840111
0.3268749999999956,0.00024123190087266266,0.002177495276555419,0.00034368198248557746,-0.0004492272564675659,22.840111
0.3270833333333289,0.0002413012261968106,0.002177495276555419,0.00034368198248557746,-0.0004492272564675659,22.840111
0.3272916666666622,0.00024137066793628037,0.002177495276555419,0.00034368198248557746,-0.0004492272564675659,22.840111
0.3274999999999955,0.00024144085182342678,0.002177495276555419,0.00034368198248557746,-0.0004492272564675659,22.840111
0.3277083333333288,0.00024151054094545543,0.002177495276555419,0.00034368198248557746,-0.0004492272564675659,22.840111
0.32791666666666214,0.0002415809576632455,0.002177495276555419,0.00034368198248557746,-0.0004492272564675659,22.840111
0.32812499999999545,0.0002416502684354782,0.002177495276555419,0.00034368198248557746,-0.0004492272564675659,22.840111
0.32833333333332876,0.00024172097619157284,0.002177495276555419,0.00034368198248557746,-0.0004492272564675659,22.840111
0.32854166666666207,0.00024179008323699236,0.002177495276555419,0.00034368198248557746,-0.0004492272564675659,22.840111
0.3287499999999954,0.00024186061637010425,0.002177495276555419,0.00034368198248557746,-0.0004492272564675659,22.840111
0.3289583333333287,0.0002419299999019131,0.002177495276555419,0.00034368198248557746,-0.0004492272564675659,22.840111
0.329166666666662,0.00024199970357585698,0.002177495276555419,0.00034368198248557746,-0.0004492272564675659,22.840111
0.3293749999999953,0.0002420691744191572,0.002177495276555419,0.00034368198248557746,-0.0004492272564675659,22.840111
0.3295833333333286,0.00024213881988544017,0.002177495276555419,0.00034368198248557746,-0.0004492272564675659,22.840111
0.32979166666666193,0.00024220920749939978,0.002177495276555419,0.00034368198248557746,-0.0004492272564675659,22.840111
0.32999999999999524,0.00024227850371971726,0.002177495276555419,0.00034368198248557746,-0.0004492272564675659,22.840111
0.33020833333332855,0.00024234886222984642,0.002177495276555419,0.00034368198248557746,-0.0004492272564675659,22.840111
0.33041666666666186,0.00024241989012807608,0.002177495276555419,0.00034368198248557746,-0.0004492272564675659,22.840111
0.3306249999999952,0.00024248824047390372,0.002177495276555419,0.00034368198248557746,-0.0004492272564675659,22.840111
0.3308333333333285,0.00024255817697849125,0.002177495276555419,0.00034368198248557746,-0.0004492272564675659,22.840111
0.3310416666666618,0.00024262767692562193,0.002177495276555419,0.00034368198248557746,-0.0004492272564675659,22.840111
0.3312499999999951,0.00024269749701488763,0.002177495276555419,0.00034368198248557746,-0.0004492272564675659,22.840111
0.3314583333333284,0.00024276570184156299,0.002177495276555419,0.00034368198248557746,-0.0004492272564675659,22.840111
0.3316666666666617,0.0002428337757010013,0.002177495276555419,0.00034368198248557746,-0.0004492272564675659,22.840111
0.33187499999999504,0.00024290230066981167,0.002177495276555419,0.00034368198248557746,-0.0004492272564675659,22.840111
0.33208333333332835,0.00024297228083014488,0.002177495276555419,0.00034368198248557746,-0.0004492272564675659,22.840111
0.33229166666666166,0.00024304090766236186,0.002177495276555419,0.00034368198248557746,-0.0004492272564675659,22.840111
0.33249999999999497,0.00024311128072440624,0.002177495276555419,0.00034368198248557746,-0.0004492272564675659,22.840111
0.3327083333333283,0.0002431797474855557,0.002177495276555419,0.00034368198248557746,-0.0004492272564675659,22.840111
0.3329166666666616,0.00024324862170033157,0.002177495276555419,0.00034368198248557746,-0.0004492272564675659,22.840111
0.3331249999999949,0.00024331698659807444,0.002177495276555419,0.00034368198248557746,-0.0004492272564675659,22.840111
0.3333333333333282,0.00024338554067071527,0.002177495276555419,0.00034368198248557746,-0.0004492272564675659,22.840111
0.3335416666666615,0.00024345355632249266,0.002177495276555419,0.00034368198248557746,-0.0004492272564675659,22.840111
0.33374999999999483,0.00024352292530238628,0.002177495276555419,0.00034368198248557746,-0.0004492272564675659,22.840111
0.33395833333332814,0.00024359268718399107,0.002177495276555419,0.00034368198248557746,-0.0004492272564675659,22.840111
0.33416666666666145,0.0002436609211144969,0.002177495276555419,0.00034368198248557746,-0.0004492272564675659,22.840111
0.33437499999999476,0.000243730639340356,0.002177495276555419,0.00034368198248557746,-0.0004492272564675659,22.840111
0.33458333333332807,0.00024380077957175672,0.002177495276555419,0.00034368198248557746,-0.0004492272564675659,22.840111
0.3347916666666614,0.0002438712544972077,0.002177495276555419,0.00034368198248557746,-0.0004492272564675659,22.840111
0.3349999999999947,0.0002439411182422191,0.002177495276555419,0.00034368198248557746,-0.0004492272564675659,22.840111
0.335208333333328,0.0002440113021293655,0.002177495276555419,0.00034368198248557746,-0.0004492272564675659,22.840111
0.3354166666666613,0.0002440811658743769,0.002177495276555419,0.00034368198248557746,-0.0004492272564675659,22.840111
0.3356249999999946,0.0002441503165755421,0.002177495276555419,0.00034368198248557746,-0.0004492272564675659,22.840111
0.33583333333332793,0.0002442194672767073,0.002177495276555419,0.00034368198248557746,-0.0004492272564675659,22.840111
0.33604166666666124,0.00024428911274299026,0.002177495276555419,0.00034368198248557746,-0.0004492272564675659,22.840111
0.33624999999999455,0.0002443565463181585,0.002177495276555419,0.00034368198248557746,-0.0004492272564675659,22.840111
0.33645833333332786,0.00024442511494271457,0.002177495276555419,0.00034368198248557746,-0.0004492272564675659,22.840111
0.3366666666666612,0.00024449461488984525,0.002177495276555419,0.00034368198248557746,-0.0004492272564675659,22.840111
0.3368749999999945,0.0002445636491756886,0.002177495276555419,0.00034368198248557746,-0.0004492272564675659,22.840111
0.3370833333333278,0.00024463277077302337,0.002177495276555419,0.00034368198248557746,-0.0004492272564675659,22.840111
0.3372916666666611,0.00024470160133205354,0.002177495276555419,0.00034368198248557746,-0.0004492272564675659,22.840111
0.3374999999999944,0.0002447701117489487,0.002177495276555419,0.00034368198248557746,-0.0004492272564675659,22.840111
0.3377083333333277,0.0002448391169309616,0.002177495276555419,0.00034368198248557746,-0.0004492272564675659,22.840111
0.33791666666666104,0.000244907132582739,0.002177495276555419,0.00034368198248557746,-0.0004492272564675659,22.840111
0.33812499999999435,0.0002449762250762433,0.002177495276555419,0.00034368198248557746,-0.0004492272564675659,22.840111
0.33833333333332766,0.00024504485190846026,0.002177495276555419,0.00034368198248557746,-0.0004492272564675659,22.840111
0.33854166666666097,0.00024511339142918587,0.002177495276555419,0.00034368198248557746,-0.0004492272564675659,22.840111
0.3387499999999943,0.00024518289137631655,0.002177495276555419,0.00034368198248557746,-0.0004492272564675659,22.840111
0.3389583333333276,0.0002452518092468381,0.002177495276555419,0.00034368198248557746,-0.0004492272564675659,22.840111
0.3391666666666609,0.0002453199995215982,0.002177495276555419,0.00034368198248557746,-0.0004492272564675659,22.840111
0.3393749999999942,0.00024538690922781825,0.002177495276555419,0.00034368198248557746,-0.0004492272564675659,22.840111
0.3395833333333275,0.0002454555651638657,0.002177495276555419,0.00034368198248557746,-0.0004492272564675659,22.840111
0.33979166666666083,0.0002455236972309649,0.002177495276555419,0.00034368198248557746,-0.0004492272564675659,22.840111
0.33999999999999414,0.00024559334269724786,0.002177495276555419,0.00034368198248557746,-0.0004492272564675659,22.840111
0.34020833333332745,0.00024566202773712575,0.002177495276555419,0.00034368198248557746,-0.0004492272564675659,22.840111
0.34041666666666076,0.0002457312948536128,0.002177495276555419,0.00034368198248557746,-0.0004492272564675659,22.840111
0.34062499999999407,0.0002457993396092206,0.002177495276555419,0.00034368198248557746,-0.0004492272564675659,22.840111
0.3408333333333274,0.0002458674134686589,0.002177495276555419,0.00034368198248557746,-0.0004492272564675659,22.840111
0.3410416666666607,0.0002459359238855541,0.002177495276555419,0.00034368198248557746,-0.0004492272564675659,22.840111
0.341249999999994,0.0002460044634062797,0.002177495276555419,0.00034368198248557746,-0.0004492272564675659,22.840111
0.3414583333333273,0.0002460732066538185,0.002177495276555419,0.00034368198248557746,-0.0004492272564675659,22.840111
0.3416666666666606,0.00024614250287413597,0.002177495276555419,0.00034368198248557746,-0.0004492272564675659,22.840111
0.34187499999999393,0.0002462108386680484,0.002177495276555419,0.00034368198248557746,-0.0004492272564675659,22.840111
0.34208333333332724,0.0002462790289428085,0.002177495276555419,0.00034368198248557746,-0.0004492272564675659,22.840111
0.34229166666666055,0.0002463475684635341,0.002177495276555419,0.00034368198248557746,-0.0004492272564675659,22.840111
0.34249999999999386,0.00024641622439958155,0.002177495276555419,0.00034368198248557746,-0.0004492272564675659,22.840111
0.3427083333333272,0.00024648444377817214,0.002177495276555419,0.00034368198248557746,-0.0004492272564675659,22.840111
0.3429166666666605,0.00024655222659930587,0.002177495276555419,0.00034368198248557746,-0.0004492272564675659,22.840111
0.3431249999999938,0.00024662070791237056,0.002177495276555419,0.00034368198248557746,-0.0004492272564675659,22.840111
0.3433333333333271,0.0002466890146024525,0.002177495276555419,0.00034368198248557746,-0.0004492272564675659,22.840111
0.3435416666666604,0.0002467576996423304,0.002177495276555419,0.00034368198248557746,-0.0004492272564675659,22.840111
0.3437499999999937,0.0002468256279826164,0.002177495276555419,0.00034368198248557746,-0.0004492272564675659,22.840111
0.34395833333332704,0.00024689288693480194,0.002177495276555419,0.00034368198248557746,-0.0004492272564675659,22.840111
0.34416666666666035,0.00024695973843336105,0.002177495276555419,0.00034368198248557746,-0.0004492272564675659,22.840111
0.34437499999999366,0.0002470279869157821,0.002177495276555419,0.00034368198248557746,-0.0004492272564675659,22.840111
0.34458333333332697,0.0002470951294526458,0.002177495276555419,0.00034368198248557746,-0.0004492272564675659,22.840111
0.3447916666666603,0.00024716314510442317,0.002177495276555419,0.00034368198248557746,-0.0004492272564675659,22.840111
0.3449999999999936,-0.00026349679683335125,0.0018294918118044734,0.0002905370492953807,0.00023768476967234164,22.840111
0.3452083333333269,-0.000930886366404593,0.001607051701284945,8.8572058302816e-05,0.0005994609091430902,22.840111
0.3454166666666602,-0.0015772178303450346,0.001636321539990604,-0.0001534071343485266,0.0007820535684004426,22.840111
0.3456249999999935,-0.0021921414881944656,0.001648654229938984,-0.0004245431046001613,0.000917022698558867,22.840111
0.34583333333332683,-0.002777785062789917,0.0016844678902998567,-0.0006822659634053707,0.0010263682343065739,22.840111
0.34604166666666014,-0.0033400235697627068,0.0017850521253421903,-0.0009310931200161576,0.0011330677662044764,22.840111
0.34624999999999345,-0.003877226496115327,0.001912526204250753,-0.0011807342525571585,0.0012334350030869246,22.840111
0.34645833333332676,-0.004395534284412861,0.0021602825727313757,-0.0014275063294917345,0.0013294416712597013,22.840111
0.3466666666666601,-0.004892939701676369,0.0025218173395842314,-0.001672733691520989,0.0014140737475827336,22.840111
0.3468749999999934,-0.005369588267058134,0.0028424286283552647,-0.0019148264545947313,0.0014951989287510514,22.840111
0.3470833333333267,-0.00582570256665349,0.003153991186991334,-0.00215306063182652,0.0015715161571279168,22.840111
0.34729166666666,-0.006261568516492844,0.003467223607003689,-0.002390405163168907,0.0016436337027698755,22.840111
0.3474999999999933,-0.006678086239844561,0.0037686771247535944,-0.00262274919077754,0.0017098428215831518,22.840111
0.3477083333333266,-0.00707534933462739,0.0040726689621806145,-0.0028541467618197203,0.0017720643663778901,22.840111
0.34791666666665994,-0.00745415547862649,0.004369872156530619,-0.003083240706473589,0.001829633372835815,22.840111
0.34812499999999325,-0.007815174758434296,0.004659505560994148,-0.0033078535925596952,0.0018825727747753263,22.840111
0.34833333333332656,-0.00815850030630827,0.004949786234647036,-0.003529831999912858,0.0019328410271555185,22.840111
0.34854166666665987,-0.008485025726258755,0.0052329013124108315,-0.003747480921447277,0.0019787997007369995,22.840111
0.3487499999999932,-0.008794907480478287,0.00551286805421114,-0.003962239716202021,0.00201989384368062,22.840111
0.3489583333333265,-0.00908892322331667,0.005784225184470415,-0.004172861576080322,0.0020590319763869047,22.840111
0.3491666666666598,-0.009367343969643116,0.006058253813534975,-0.004379940219223499,0.0020915353670716286,22.840111
0.3493749999999931,-0.009630638174712658,0.00631860364228487,-0.004582751076668501,0.002122848993167281,22.840111
0.3495833333333264,-0.00987938977777958,0.0065824128687381744,-0.004781659692525864,0.0021485951729118824,22.840111
0.34979166666665973,-0.010113835334777832,0.006833916995674372,-0.004976180382072926,0.002172572072595358,22.840111
0.34999999999999304,-0.010334344580769539,0.007086038123816252,-0.005165739916265011,0.0021916746627539396,22.840111
0.35020833333332635,-0.010541660711169243,0.0073266662657260895,-0.005351178348064423,0.00220893369987607,22.840111
0.35041666666665966,-0.010736105963587761,0.007565529551357031,-0.005530776921659708,0.002222232287749648,22.840111
0.35062499999999297,-0.010917806066572666,0.00780086126178503,-0.00570437079295516,0.0022329615894705057,22.840111
0.3508333333333263,-0.011087474413216114,0.008026810362935066,-0.005875566974282265,0.0022415537387132645,22.840111
0.3510416666666596,-0.01124541275203228,0.008246762678027153,-0.006040162406861782,0.0022454073186963797,22.840111
0.3512499999999929,-0.011391732841730118,0.008466213941574097,-0.006198274902999401,0.0022475814912468195,22.840111
0.3514583333333262,-0.011527071706950665,0.008673137985169888,-0.006352375727146864,0.002247207798063755,22.840111
0.3516666666666595,-0.011651892215013504,0.00887894444167614,-0.006499017123132944,0.0022444715723395348,22.840111
0.35187499999999283,-0.011766132898628712,0.009077598340809345,-0.006641007494181395,0.0022390782833099365,22.840111
0.35208333333332614,-0.01187063753604889,0.009275578893721104,-0.006776271853595972,0.0022301124408841133,22.840111
0.35229166666665945,-0.011965216137468815,0.00946065317839384,-0.006905372720211744,0.0022210257593542337,22.840111
0.35249999999999276,-0.012050577439367771,0.009641189128160477,-0.007028237916529179,0.002208707155659795,22.840111
0.3527083333333261,-0.012126813642680645,0.009816618636250496,-0.007143781520426273,0.002197056310251355,22.840111
0.3529166666666594,-0.012194325216114521,0.009986779652535915,-0.0072536831721663475,0.002178771886974573,22.840111
0.3531249999999927,-0.012253673747181892,0.010152607224881649,-0.0073569114319980145,0.0021598481107503176,22.840111
0.353333333333326,-0.012304685078561306,0.010310472920536995,-0.00745228910818696,0.0021411674097180367,22.840111
0.3535416666666593,-0.012347855605185032,0.010461082682013512,-0.007540281396359205,0.0021218403708189726,22.840111
0.3537499999999926,-0.012383472174406052,0.010608618147671223,-0.007620781194418669,0.0020978490356355906,22.840111
0.35395833333332594,-0.012411929666996002,0.010747089982032776,-0.007692692801356316,0.00207287585362792,22.840111
0.35416666666665925,-0.012433581054210663,0.010880894958972931,-0.0077565498650074005,0.0020473815966397524,22.840111
0.35437499999999256,-0.012448327615857124,0.011008803732693195,-0.007808838039636612,0.002020180458202958,22.840111
0.35458333333332587,-0.012456953525543213,0.011125407181680202,-0.00784634705632925,0.0019921408966183662,22.840111
0.3547916666666592,-0.012460269965231419,0.011232689023017883,-0.007868808694183826,0.0019629893358796835,22.840111
0.3549999999999925,-0.01246048416942358,0.011322065256536007,-0.007881393656134605,0.0019293517107143998,22.840111
0.3552083333333258,-0.012457975186407566,0.01140567846596241,-0.007884030230343342,0.0018959398148581386,22.840111
0.3554166666666591,-0.01245411392301321,0.011493259109556675,-0.007877770811319351,0.0018591710831969976,22.840111
0.3556249999999924,-0.01244913786649704,0.011584595777094364,-0.007870148867368698,0.0018200586782768369,22.840111
0.35583333333332573,-0.01244333665817976,0.011675168760120869,-0.007864372804760933,0.001777034136466682,22.840111
0.35604166666665904,-0.012436755001544952,0.011755776591598988,-0.007861963473260403,0.0017363475635647774,22.840111
0.35624999999999235,-0.012429436668753624,0.011837526224553585,-0.007862052880227566,0.0016909968107938766,22.840111
0.35645833333332566,-0.01242137048393488,0.011920125223696232,-0.007863056845963001,0.0016453627031296492,22.840111
0.35666666666665897,-0.01241267379373312,0.012002041563391685,-0.007864969782531261,0.0015977383591234684,22.840111
0.3568749999999923,-0.01240343227982521,0.012084737420082092,-0.007868071086704731,0.0015488110948354006,22.840111
0.3570833333333256,-0.0123934680595994,0.012166452594101429,-0.007871834561228752,0.0014993982622399926,22.840111
0.3572916666666589,-0.012383000925183296,0.012247350066900253,-0.007876617833971977,0.0014497312949970365,22.840111
0.3574999999999922,-0.012371519580483437,0.012330479919910431,-0.007884115912020206,0.0014072187477722764,22.840111
0.3577083333333255,-0.012359845452010632,0.012412074953317642,-0.007889186032116413,0.0013619725359603763,22.840111
0.35791666666665883,-0.012361278757452965,0.012483622878789902,-0.007895557209849358,0.0013031966518610716,22.840111
0.35812499999999214,-0.012378854677081108,0.012536011636257172,-0.007911313325166702,0.0012301943497732282,22.840111
0.35833333333332545,-0.0123903164640069,0.012602521106600761,-0.00792762078344822,0.001163399196229875,22.840111
0.35854166666665876,-0.012396087870001793,0.012676388956606388,-0.007941431365907192,0.00110239174682647,22.840111
0.3587499999999921,-0.012397317215800285,0.012746402993798256,-0.007952519692480564,0.001053558080457151,22.840111
0.3589583333333254,-0.012395947240293026,0.012810048647224903,-0.007954028435051441,0.0010104408720508218,22.840111
0.3591666666666587,-0.012393016368150711,0.0128709701821208,-0.0079495282843709,0.000969344808254391,22.840111
0.359374999999992,-0.012389146722853184,0.012935019098222256,-0.007945130579173565,0.000929816800635308,22.840111
0.3595833333333253,-0.012384247034788132,0.012999584898352623,-0.007941720075905323,0.0008885704446583986,22.840111
0.3597916666666586,-0.012378731742501259,0.013066473416984081,-0.007939762435853481,0.000846201553940773,22.840111
0.35999999999999194,-0.012372562661767006,0.013130386359989643,-0.007939238101243973,0.000806302297860384,22.840111
0.36020833333332525,-0.01236561220139265,0.01319426205009222,-0.00793962087482214,0.0007618194213137031,22.840111
0.36041666666665856,-0.012358104810118675,0.013259083963930607,-0.007939598523080349,0.0007137581706047058,22.840111
0.36062499999999187,-0.012349867261946201,0.013323557563126087,-0.007940505631268024,0.0006676171906292439,22.840111
0.3608333333333252,-0.012341219931840897,0.013388511724770069,-0.007942994125187397,0.0006250446895137429,22.840111
0.3610416666666585,-0.012331819161772728,0.01345419604331255,-0.007945943623781204,0.0005799627979286015,22.840111
0.3612499999999918,-0.012322082184255123,0.013517234474420547,-0.007948917336761951,0.0005370118888095021,22.840111
0.3614583333333251,-0.01231183111667633,0.01358025148510933,-0.007952137850224972,0.0004942605155520141,22.840111
0.3616666666666584,-0.01230111625045538,0.013644035905599594,-0.00795641727745533,0.0004523141833487898,22.840111
0.36187499999999173,-0.012290004640817642,0.013707968406379223,-0.007960783317685127,0.0004105755651835352,22.840111
0.36208333333332504,-0.012278263457119465,0.0137702077627182,-0.007965607568621635,0.00036799453664571047,22.840111
0.36229166666665835,-0.01226617582142353,0.013829023577272892,-0.007971270009875298,0.00032764230854809284,22.840111
0.36249999999999166,-0.012253752909600735,0.013888945803046227,-0.007977673783898354,0.0002875398495234549,22.840111
0.362708333333325,-0.012240982614457607,0.01394970528781414,-0.007984844967722893,0.00025084795197471976,22.840111
0.3629166666666583,-0.012227796018123627,0.014010023325681686,-0.007991194725036621,0.00021324236877262592,22.840111
0.3631249999999916,-0.012214161455631256,0.0140698766335845,-0.007997709326446056,0.00017515456420369446,22.840111
0.3633333333333249,-0.01220017485320568,0.014125767163932323,-0.008004283532500267,0.0001374625280732289,22.840111
0.3635416666666582,-0.01218585204333067,0.014181532897055149,-0.008012433536350727,9.792276250664145e-05,22.840111
0.3637499999999915,-0.012171231210231781,0.014234952628612518,-0.00802083034068346,5.848731234436855e-05,22.840111
0.36395833333332483,-0.012156016193330288,0.01428808644413948,-0.008029533550143242,2.041530933638569e-05,22.840111
0.36416666666665815,-0.01214076392352581,0.014339051209390163,-0.008038287051022053,-1.9263849026174285e-05,22.840111
0.36437499999999146,-0.01212496031075716,0.014391466043889523,-0.008047462441027164,-5.921820775256492e-05,22.840111
0.36458333333332477,-0.012108891271054745,0.014441417530179024,-0.008056522347033024,-9.726583812152967e-05,22.840111
0.3647916666666581,-0.012092416174709797,0.014491367153823376,-0.008065899834036827,-0.00013513803423848003,22.840111
0.3649999999999914,-0.012075744569301605,0.014541657641530037,-0.008074043318629265,-0.00017392825975548476,22.840111
0.3652083333333247,-0.012058698572218418,0.014592119492590427,-0.008082783780992031,-0.00021237574401311576,22.840111
0.365416666666658,-0.012041471898555756,0.014641724526882172,-0.00809148233383894,-0.00025071651907637715,22.840111
0.3656249999999913,-0.012023940682411194,0.014687476679682732,-0.00809966679662466,-0.0002879383973777294,22.840111
0.36583333333332463,-0.012006194330751896,0.01473280694335699,-0.008107712492346764,-0.0003243066603317857,22.840111
0.36604166666665794,-0.011988116428256035,0.014779980294406414,-0.00811639241874218,-0.00035865881363861263,22.840111
0.36624999999999125,-0.011969886720180511,0.014823377132415771,-0.00812363252043724,-0.000392018147977069,22.840111
0.36645833333332456,-0.011951196007430553,0.014866831712424755,-0.008131308481097221,-0.00042523667798377573,22.840111
0.36666666666665787,-0.011932441033422947,0.014906729571521282,-0.008139071054756641,-0.00045906344894319773,22.840111
0.3668749999999912,-0.011913353577256203,0.01494710985571146,-0.008147206157445908,-0.0004923706292174757,22.840111
0.3670833333333245,-0.011894209310412407,0.014987318776547909,-0.008155185729265213,-0.0005252028931863606,22.840111
0.3672916666666578,-0.011874631978571415,0.01502680778503418,-0.00816335342824459,-0.0005579058197326958,22.840111
0.3674999999999911,-0.011854990385472775,0.015064608305692673,-0.008172187954187393,-0.0005886486615054309,22.840111
0.3677083333333244,-0.011835136450827122,0.015103316865861416,-0.008180706761777401,-0.0006187859689816833,22.840111
0.36791666666665773,-0.011815178208053112,0.015140114352107048,-0.008188830688595772,-0.0006451857043430209,22.840111
0.36812499999999104,-0.011794917285442352,0.01517675444483757,-0.008197315037250519,-0.0006731722387485206,22.840111
0.36833333333332435,-0.011774469166994095,0.015212318859994411,-0.008205154910683632,-0.0007001478807069361,22.840111
0.36854166666665766,-0.011753823608160019,0.015247328206896782,-0.008213079534471035,-0.0007276305695995688,22.840111
0.368749999999991,-0.011733130551874638,0.015281225554645061,-0.008221210911870003,-0.0007549774018116295,22.840111
0.3689583333333243,-0.01171221025288105,0.01531408540904522,-0.008229663595557213,-0.0007823021151125431,22.840111
0.3691666666666576,-0.011690902523696423,0.015346942469477654,-0.008237210102379322,-0.0008094510994851589,22.840111
0.3693749999999909,-0.011669629253447056,0.015378433279693127,-0.008245225064456463,-0.0008361032232642174,22.840111
0.3695833333333242,-0.011648165062069893,0.015407087281346321,-0.008253340609371662,-0.000861549167893827,22.840111
0.3697916666666575,-0.011626582592725754,0.015435314737260342,-0.008262231945991516,-0.0008870697929523885,22.840111
0.36999999999999084,-0.011604640632867813,0.015463422052562237,-0.008270299062132835,-0.0009111776016652584,22.840111
0.37020833333332415,-0.011582632549107075,0.01548953726887703,-0.00827860739082098,-0.0009337015799246728,22.840111
0.37041666666665746,-0.011560418643057346,0.015514178201556206,-0.008286667987704277,-0.0009560047765262425,22.840111
0.37062499999999077,-0.011538175866007805,0.015539981424808502,-0.008294057101011276,-0.0009780962718650699,22.840111
0.3708333333333241,-0.011515741236507893,0.01556498371064663,-0.008301373571157455,-0.0010011665290221572,22.840111
0.3710416666666574,-0.011493022553622723,0.015589174814522266,-0.008308324962854385,-0.0010258352849632502,22.840111
0.3712499999999907,-0.011470315046608448,0.015611556358635426,-0.00831547286361456,-0.0010503233643248677,22.840111
0.371458333333324,-0.011447369121015072,0.01563352532684803,-0.008322511799633503,-0.00107373611535877,22.840111
0.3716666666666573,-0.011424225755035877,0.015655064955353737,-0.0083296624943614,-0.001097638625651598,22.840111
0.37187499999999063,-0.011400973424315453,0.01567632146179676,-0.008336261846125126,-0.0011213658144697547,22.840111
0.37208333333332394,-0.0113776670768857,0.015696989372372627,-0.008342860266566277,-0.0011440613307058811,22.840111
0.37229166666665725,-0.011354337446391582,0.015717502683401108,-0.008349145762622356,-0.001165022375062108,22.840111
0.37249999999999056,-0.011330755427479744,0.015736809000372887,-0.008355269208550453,-0.001185910776257515,22.840111
0.37270833333332387,-0.011307223699986935,0.015753332525491714,-0.008362316526472569,-0.001207806752063334,22.840111
0.3729166666666572,-0.011283461935818195,0.01576964743435383,-0.008368097245693207,-0.0012306503485888243,22.840111
0.3731249999999905,-0.011259551160037518,0.015786439180374146,-0.00837410893291235,-0.001253504422493279,22.840111
0.3733333333333238,-0.011235610581934452,0.01580292172729969,-0.008380156941711903,-0.0012765052961185575,22.840111
0.3735416666666571,-0.011211526580154896,0.015819113701581955,-0.008386131376028061,-0.0012996317818760872,22.840111
0.3737499999999904,-0.011187362484633923,0.015834815800189972,-0.008391492068767548,-0.001323188655078411,22.840111
0.37395833333332373,-0.011163010261952877,0.015850335359573364,-0.008397834375500679,-0.0013464164221659303,22.840111
0.37416666666665704,-0.011138536967337132,0.01586526446044445,-0.00840404350310564,-0.0013633709168061614,22.840111
0.37437499999999035,-0.011114425957202911,0.01587677001953125,-0.008409231901168823,-0.0013829631498083472,22.840111
0.37458333333332366,-0.011089899577200413,0.015887347981333733,-0.00841458048671484,-0.0014019364025443792,22.840111
0.374791666666657,-0.011065424419939518,0.01589709334075451,-0.008420192636549473,-0.0014208402717486024,22.840111
0.3749999999999903,-0.011040751822292805,0.015906870365142822,-0.008425322361290455,-0.0014385496033355594,22.840111
0.3752083333333236,-0.011016136035323143,0.015915509313344955,-0.008430399000644684,-0.001456375466659665,22.840111
0.3754166666666569,-0.010991283692419529,0.0159246027469635,-0.008434822782874107,-0.0014740091282874346,22.840111
0.3756249999999902,-0.010966463014483452,0.0159310270100832,-0.008440020494163036,-0.0014909739838913083,22.840111
0.3758333333333235,-0.01094161719083786,0.015938863158226013,-0.008444380946457386,-0.001508594723418355,22.840111
0.37604166666665684,-0.010916724801063538,0.01594575308263302,-0.008448833599686623,-0.0015260021900758147,22.840111
0.37624999999999015,-0.010891825892031193,0.015952639281749725,-0.008453203365206718,-0.001543355407193303,22.840111
0.37645833333332346,-0.010866787284612656,0.0159576628357172,-0.00845787301659584,-0.001560873119160533,22.840111
0.37666666666665677,-0.01084175519645214,0.015963228419423103,-0.0084622697904706,-0.0015784724382683635,22.840111
0.3768749999999901,-0.010816599242389202,0.01596982590854168,-0.008466830477118492,-0.001592119224369526,22.840111
0.3770833333333234,-0.010791466571390629,0.01597517356276512,-0.008470756933093071,-0.0016047789249569178,22.840111
0.3772916666666567,-0.010766446590423584,0.015978137031197548,-0.00847500842064619,-0.0016159997321665287,22.840111
0.37749999999999,-0.0107411565259099,0.01598190888762474,-0.008478065952658653,-0.001627826364710927,22.840111
0.3777083333333233,-0.010715954005718231,0.015985233709216118,-0.008480703458189964,-0.001639181631617248,22.840111
0.37791666666665663,-0.010690855793654919,0.01598742976784706,-0.008484158664941788,-0.001651118160225451,22.840111
0.37812499999998994,-0.01066564116626978,0.015988729894161224,-0.008487142622470856,-0.0016629152232781053,22.840111
0.37833333333332325,-0.010640319436788559,0.0159896332770586,-0.008490328676998615,-0.0016744063468649983,22.840111
0.37854166666665656,-0.010614940896630287,0.01599067449569702,-0.008493059314787388,-0.0016855467110872269,22.840111
0.3787499999999899,-0.0105896582826972,0.015991711989045143,-0.008495875634253025,-0.0016967373667284846,22.840111
0.3789583333333232,-0.010564298368990421,0.015992289409041405,-0.008498283103108406,-0.0017080861143767834,22.840111
0.3791666666666565,-0.010538885369896889,0.015992194414138794,-0.008500943891704082,-0.001719644875265658,22.840111
0.3793749999999898,-0.010513557121157646,0.015990203246474266,-0.00850291270762682,-0.0017315575387328863,22.840111
0.3795833333333231,-0.010488046333193779,0.01598941721022129,-0.008504821918904781,-0.001743263565003872,22.840111
0.3797916666666564,-0.010462830774486065,0.015989050269126892,-0.008507054299116135,-0.0017550166230648756,22.840111
0.37999999999998973,-0.010437375865876675,0.015986010432243347,-0.00850909948348999,-0.0017664089100435376,22.840111
0.38020833333332305,-0.01041202712804079,0.01598447561264038,-0.008511190302670002,-0.0017788687255233526,22.840111
0.38041666666665636,-0.01038671750575304,0.01598290726542473,-0.0085122836753726,-0.0017870796145871282,22.840111
0.38062499999998967,-0.01036137156188488,0.015979180112481117,-0.008513602428138256,-0.0017939001554623246,22.840111
0.380833333333323,-0.010335945524275303,0.01597610116004944,-0.00851447507739067,-0.0018003260483965278,22.840111
0.3810416666666563,-0.010310685262084007,0.01597125642001629,-0.008515040390193462,-0.001806548796594143,22.840111
0.3812499999999896,-0.010285296477377415,0.015966767445206642,-0.008515683002769947,-0.0018125483766198158,22.840111
0.3814583333333229,-0.010259964503347874,0.015961289405822754,-0.008515724912285805,-0.0018196634482592344,22.840111
0.3816666666666562,-0.010234687477350235,0.015957077965140343,-0.008515419438481331,-0.0018278147326782346,22.840111
0.38187499999998953,-0.010209389962255955,0.015952857211232185,-0.00851485226303339,-0.0018363583367317915,22.840111
0.38208333333332284,-0.010184086859226227,0.01594671979546547,-0.008515174500644207,-0.001845665043219924,22.840111
0.38229166666665615,-0.010158902034163475,0.01594037562608719,-0.00851555448025465,-0.0018557891016826034,22.840111
0.38249999999998946,-0.010133719071745872,0.01593533344566822,-0.00851590745151043,-0.0018655604217201471,22.840111
0.38270833333332277,-0.010108301416039467,0.015930429100990295,-0.008515134453773499,-0.001874334760941565,22.840111
0.3829166666666561,-0.010083159431815147,0.01592188887298107,-0.008515712805092335,-0.0018851164495572448,22.840111
0.3831249999999894,-0.01005803607404232,0.015914374962449074,-0.008515646681189537,-0.001894624438136816,22.840111
0.3833333333333227,-0.010032852180302143,0.015906797721982002,-0.008515452966094017,-0.001905122771859169,22.840111
0.383541666666656,-0.010007797740399837,0.015899162739515305,-0.008515133522450924,-0.0019160815281793475,22.840111
0.3837499999999893,-0.00998290441930294,0.015890061855316162,-0.008515061810612679,-0.001927076024003327,22.840111
0.38395833333332263,-0.009957774542272091,0.01588142104446888,-0.008514832705259323,-0.0019375082338228822,22.840111
0.38416666666665594,-0.0099328039214015,0.01587126962840557,-0.008513790555298328,-0.001945394091308117,22.840111
0.38437499999998925,-0.009907908737659454,0.015862321481108665,-0.008512813597917557,-0.0019535182509571314,22.840111
0.38458333333332256,-0.009883047081530094,0.015852387994527817,-0.008511754684150219,-0.0019598437938839197,22.840111
0.3847916666666559,-0.009858213365077972,0.015843357890844345,-0.008510983549058437,-0.0019659544341266155,22.840111
0.3849999999999892,-0.009833481162786484,0.015832452103495598,-0.008510652929544449,-0.0019718739204108715,22.840111
0.3852083333333225,-0.00980872381478548,0.015821460634469986,-0.00851033441722393,-0.001977720530703664,22.840111
0.3854166666666558,-0.009784066118299961,0.01581055112183094,-0.008509683422744274,-0.001983450958505273,22.840111
0.3856249999999891,-0.009759387001395226,0.015799852088093758,-0.00850939005613327,-0.0019894654396921396,22.840111
0.3858333333333224,-0.009734743274748325,0.015789294615387917,-0.008508044295012951,-0.001996072009205818,22.840111
0.38604166666665574,-0.00971030443906784,0.015777871012687683,-0.008506417274475098,-0.0020023866090923548,22.840111
0.38624999999998905,-0.009685949422419071,0.01576620526611805,-0.008505232632160187,-0.002008381998166442,22.840111
0.38645833333332236,-0.009661608375608921,0.015754500404000282,-0.008503755554556847,-0.0020149201154708862,22.840111
0.38666666666665567,-0.009637282229959965,0.015742268413305283,-0.008503599092364311,-0.002020337851718068,22.840111
0.386874999999989,-0.009613130241632462,0.015729693695902824,-0.008501839824020863,-0.002026159781962633,22.840111
0.3870833333333223,-0.009589161723852158,0.0157182477414608,-0.008500085212290287,-0.002032665768638253,22.840111
0.3872916666666556,-0.009564988315105438,0.015704434365034103,-0.008496756665408611,-0.002040035557001829,22.840111
0.3874999999999889,-0.009541111998260021,0.015691054984927177,-0.00849505327641964,-0.002046884736046195,22.840111
0.3877083333333222,-0.009517181664705276,0.015678102150559425,-0.008491795510053635,-0.002054020529612899,22.840111
0.38791666666665553,-0.009493393823504448,0.01566612534224987,-0.00848960131406784,-0.002060567494481802,22.840111
0.38812499999998884,-0.009469659067690372,0.01565365307033062,-0.008486033417284489,-0.002066731685772538,22.840111
0.38833333333332215,-0.009446118026971817,0.01564095914363861,-0.008483772166073322,-0.0020737031009048223,22.840111
0.38854166666665546,-0.00942258257418871,0.01562531851232052,-0.00847990158945322,-0.0020809927955269814,22.840111
0.38874999999998877,-0.009399238042533398,0.015610730275511742,-0.008477142080664635,-0.0020881458185613155,22.840111
0.3889583333333221,-0.009375862777233124,0.015596644021570683,-0.008473014459013939,-0.002092560287564993,22.840111
0.3891666666666554,-0.009352614171802998,0.015583531931042671,-0.008469381369650364,-0.002095151925459504,22.840111
0.3893749999999887,-0.009329543448984623,0.01556882169097662,-0.008465400896966457,-0.002097785472869873,22.840111
0.389583333333322,-0.00930644292384386,0.015552017837762833,-0.008461610414087772,-0.002099043922498822,22.840111
0.3897916666666553,-0.009283501654863358,0.015536784194409847,-0.008457440882921219,-0.0021000781562179327,22.840111
0.38999999999998863,-0.00926064234226942,0.015520176850259304,-0.008453651331365108,-0.002100840210914612,22.840111
0.39020833333332194,-0.00923794973641634,0.015504670329391956,-0.008450314402580261,-0.002100606681779027,22.840111
0.39041666666665525,-0.009215278550982475,0.015487110242247581,-0.008446692489087582,-0.002099987119436264,22.840111
0.39062499999998856,-0.009192805737257004,0.015471111051738262,-0.008442887105047703,-0.002099246485158801,22.840111
0.3908333333333219,-0.009170285426080227,0.015454377979040146,-0.00843858066946268,-0.002098785014823079,22.840111
0.3910416666666552,-0.009147999808192253,0.015437726862728596,-0.008438190445303917,-0.002097989432513714,22.840111
0.3912499999999885,-0.009125757962465286,0.015421983785927296,-0.00843335036188364,-0.0020984073635190725,22.840111
0.3914583333333218,-0.009103751741349697,0.01540388073772192,-0.008429505862295628,-0.002098392229527235,22.840111
0.3916666666666551,-0.009081659838557243,0.015387413091957569,-0.008425689302384853,-0.0020983724389225245,22.840111
0.3918749999999884,-0.009059800766408443,0.015371015295386314,-0.008422095328569412,-0.0020984497386962175,22.840111
0.39208333333332174,-0.009037967771291733,0.015353431925177574,-0.008418923243880272,-0.0020982036367058754,22.840111
0.39229166666665505,-0.009016224183142185,0.015335497446358204,-0.008415897376835346,-0.002097953110933304,22.840111
0.39249999999998836,-0.008994578383862972,0.015318029560148716,-0.008412475697696209,-0.0020980583503842354,22.840111
0.39270833333332167,-0.008973166346549988,0.015300553292036057,-0.008408782072365284,-0.0020976392552256584,22.840111
0.392916666666655,-0.008951853029429913,0.015281724743545055,-0.00840489286929369,-0.0020978546235710382,22.840111
0.3931249999999883,-0.00893063098192215,0.015264312736690044,-0.00840133335441351,-0.0020973552018404007,22.840111
0.3933333333333216,-0.008909545838832855,0.015246185474097729,-0.008397887460887432,-0.0020973223727196455,22.840111
0.3935416666666549,-0.00888856966048479,0.015228389762341976,-0.008394591510295868,-0.0020973451901227236,22.840111
0.3937499999999882,-0.008867699652910233,0.015210495330393314,-0.008391216397285461,-0.0020981996785849333,22.840111
0.39395833333332153,-0.008846982382237911,0.015192297287285328,-0.008387469686567783,-0.0020982304122298956,22.840111
0.39416666666665484,-0.0088264225050807,0.01517455279827118,-0.00838334858417511,-0.002099239733070135,22.840111
0.39437499999998815,-0.008805898949503899,0.015156811103224754,-0.008379178121685982,-0.002101231599226594,22.840111
0.39458333333332146,-0.008785356767475605,0.015137583948671818,-0.008374768309295177,-0.0021013084333389997,22.840111
0.3947916666666548,-0.008765031583607197,0.015119427815079689,-0.008371099829673767,-0.002102351514622569,22.840111
0.3949999999999881,-0.008744950406253338,0.01510110218077898,-0.008367390371859074,-0.0021027422044426203,22.840111
0.3952083333333214,-0.00872488971799612,0.015083235688507557,-0.008363273926079273,-0.0021039925049990416,22.840111
0.3954166666666547,-0.008704911917448044,0.015065445564687252,-0.008359245955944061,-0.0021053666714578867,22.840111
0.395624999999988,-0.008685177192091942,0.015046789310872555,-0.00835514534264803,-0.0021061720326542854,22.840111
0.3958333333333213,-0.008665427565574646,0.015028640627861023,-0.00835170317441225,-0.0021073720417916775,22.840111
0.39604166666665463,-0.008645973168313503,0.015009992755949497,-0.008347565308213234,-0.0021084065083414316,22.840111
0.39624999999998795,-0.008626488037407398,0.014992405660450459,-0.008343670517206192,-0.00210966938175261,22.840111
0.39645833333332126,-0.008607348427176476,0.014973947778344154,-0.008339161053299904,-0.0021106931380927563,22.840111
0.39666666666665457,-0.008588043972849846,0.014956405386328697,-0.008334916085004807,-0.0021113294642418623,22.840111
0.3968749999999879,-0.00856909342110157,0.014938760548830032,-0.008330602198839188,-0.002111236797645688,22.840111
0.3970833333333212,-0.008550090715289116,0.014920523390173912,-0.008326367475092411,-0.0021091524977236986,22.840111
0.3972916666666545,-0.008531186729669571,0.014903390780091286,-0.008322015404701233,-0.0021060463041067123,22.840111
0.3974999999999878,-0.008512639440596104,0.014884833246469498,-0.008318512700498104,-0.0021077103447169065,22.840111
0.3977083333333211,-0.008494099602103233,0.014866811223328114,-0.008314970880746841,-0.0021062707528471947,22.840111
0.39791666666665443,-0.008475610055029392,0.014849089086055756,-0.008310796692967415,-0.0021044849418103695,22.840111
0.39812499999998774,-0.008457396179437637,0.01483073178678751,-0.008306819945573807,-0.002104975515976548,22.840111
0.39833333333332105,-0.008439290337264538,0.014813394285738468,-0.008302574045956135,-0.002104933140799403,22.840111
0.39854166666665436,-0.008421264588832855,0.014794937334954739,-0.008298385888338089,-0.002105157356709242,22.840111
0.39874999999998767,-0.008403272368013859,0.01477751974016428,-0.008294633589684963,-0.0021041284780949354,22.840111
0.398958333333321,-0.008385661989450455,0.01475999504327774,-0.008289836347103119,-0.00210364768281579,22.840111
0.3991666666666543,-0.008367965929210186,0.014741698279976845,-0.008285599760711193,-0.0021032707300037146,22.840111
0.3993749999999876,-0.008350552059710026,0.014723275788128376,-0.008281409740447998,-0.0021024460438638926,22.840111
0.3995833333333209,-0.008333236910402775,0.014706187881529331,-0.008277088403701782,-0.002101736608892679,22.840111
0.3997916666666542,-0.008316012099385262,0.014688664115965366,-0.008272519335150719,-0.0021017068065702915,22.840111
0.39999999999998753,-0.008298966102302074,0.01467039529234171,-0.008268611505627632,-0.002101183170452714,22.840111
0.40020833333332084,-0.00828215479850769,0.014652821235358715,-0.008263915777206421,-0.0021010511554777622,22.840111
0.40041666666665415,-0.008265431970357895,0.014635145664215088,-0.00825944822281599,-0.002100475365296006,22.840111
0.40062499999998746,-0.008248810656368732,0.014617233537137508,-0.008254976943135262,-0.002100128447636962,22.840111
0.4008333333333208,-0.008232367224991322,0.014599543996155262,-0.008251073770225048,-0.0020995710510760546,22.840111
0.4010416666666541,-0.00821604859083891,0.01458194199949503,-0.008246907033026218,-0.0020993079524487257,22.840111
0.4012499999999874,-0.008199910633265972,0.014564321376383305,-0.008242708630859852,-0.0020993389189243317,22.840111
0.4014583333333207,-0.008183863013982773,0.014546356163918972,-0.008237836882472038,-0.0020993384532630444,22.840111
0.401666666666654,-0.008167949505150318,0.01452939584851265,-0.008234471082687378,-0.0020988730248063803,22.840111
0.4018749999999873,-0.008152215741574764,0.014511266723275185,-0.008230225183069706,-0.0020984471775591373,22.840111
0.40208333333332064,-0.008136558346450329,0.014494081027805805,-0.00822565145790577,-0.0020981437992304564,22.840111
0.40229166666665395,-0.00812104344367981,0.01447602454572916,-0.008220761083066463,-0.0020977670792490244,22.840111
0.40249999999998726,-0.008105711080133915,0.014458602294325829,-0.008217337541282177,-0.002096933778375387,22.840111
0.40270833333332057,-0.008090564981102943,0.01444149948656559,-0.008213094435632229,-0.0020966141019016504,22.840111
0.4029166666666539,-0.008075588382780552,0.014424034394323826,-0.008209488354623318,-0.002096734242513776,22.840111
0.4031249999999872,-0.00806071050465107,0.014407203532755375,-0.008205816149711609,-0.002097081858664751,22.840111
0.4033333333333205,-0.008046031929552555,0.014389684423804283,-0.00820221472531557,-0.0020966765005141497,22.840111
0.4035416666666538,-0.00803136546164751,0.014372911304235458,-0.008198064751923084,-0.0020971731282770634,22.840111
0.4037499999999871,-0.008016993291676044,0.014355999417603016,-0.00819422211498022,-0.0020972932688891888,22.840111
0.40395833333332043,-0.00800277478992939,0.014339054934680462,-0.008190350607037544,-0.0020972369238734245,22.840111
0.40416666666665374,-0.007988718338310719,0.014322481118142605,-0.008186742663383484,-0.002096867887303233,22.840111
0.40437499999998705,-0.007974747568368912,0.01430524606257677,-0.00818298663944006,-0.002097480231896043,22.840111
0.40458333333332036,-0.007960927672684193,0.014289360493421555,-0.008178634569048882,-0.002098174300044775,22.840111
0.40479166666665367,-0.007947254925966263,0.014271315187215805,-0.008172961883246899,-0.002099229721352458,22.840111
0.404999999999987,-0.007933723740279675,0.014255501329898834,-0.008168517611920834,-0.002100180834531784,22.840111
0.4052083333333203,-0.007920296862721443,0.014237784780561924,-0.008163206279277802,-0.0021012050565332174,22.840111
0.4054166666666536,-0.007907149381935596,0.014221015386283398,-0.00815812312066555,-0.002102164551615715,22.840111
0.4056249999999869,-0.007894136011600494,0.01420576497912407,-0.008152872323989868,-0.002103621605783701,22.840111
0.4058333333333202,-0.007881219498813152,0.014189226552844048,-0.008148422464728355,-0.002103897277265787,22.840111
0.40604166666665353,-0.007868412882089615,0.01417347602546215,-0.00814378634095192,-0.0021044265013188124,22.840111
0.40624999999998684,-0.007855786941945553,0.014157113619148731,-0.008137405849993229,-0.002105508465319872,22.840111
0.40645833333332015,-0.007843339815735817,0.01413881778717041,-0.008131415583193302,-0.002106308238580823,22.840111
0.40666666666665346,-0.00783110037446022,0.014122751541435719,-0.00812621507793665,-0.0021066120825707912,22.840111
0.4068749999999868,-0.007818984799087048,0.0141062680631876,-0.008120502345263958,-0.0021068670321255922,22.840111
0.4070833333333201,-0.007806937675923109,0.014089872129261494,-0.008115214295685291,-0.002107461215928197,22.840111
0.4072916666666534,-0.007795152720063925,0.014073256403207779,-0.008109237998723984,-0.0021082796156406403,22.840111
0.4074999999999867,-0.007783425971865654,0.014056759886443615,-0.00810325238853693,-0.0021089925430715084,22.840111
0.40770833333332,-0.007771845906972885,0.014041703194379807,-0.008097621612250805,-0.002109882887452841,22.840111
0.4079166666666533,-0.007760521490126848,0.014025771990418434,-0.008091146126389503,-0.0021105557680130005,22.840111
0.40812499999998664,-0.007749219425022602,0.014007198624312878,-0.008085361681878567,-0.002110544592142105,22.840111
0.40833333333331995,-0.007738098036497831,0.013991876505315304,-0.00808052159845829,-0.002110349480062723,22.840111
0.40854166666665326,-0.007727163843810558,0.013976740650832653,-0.008074923418462276,-0.0021101804450154305,22.840111
0.40874999999998657,-0.007716337684541941,0.013960436917841434,-0.008069436065852642,-0.002110334811732173,22.840111
0.4089583333333199,-0.00770574901252985,0.013944655656814575,-0.008063949644565582,-0.002110008616000414,22.840111
0.4091666666666532,-0.0076951393857598305,0.01392979733645916,-0.008058346807956696,-0.0021106102503836155,22.840111
0.4093749999999865,-0.007685007993131876,0.013913783244788647,-0.008052338846027851,-0.002110929461196065,22.840111
0.4095833333333198,-0.007674702908843756,0.013897208496928215,-0.008046201430261135,-0.0021120004821568727,22.840111
0.4097916666666531,-0.00766462367027998,0.013882800005376339,-0.008041147142648697,-0.002112062182277441,22.840111
0.40999999999998643,-0.0076548210345208645,0.013867196626961231,-0.008034827187657356,-0.0021122642792761326,22.840111
0.41020833333331974,-0.0076450444757938385,0.013851933181285858,-0.008028336800634861,-0.0021127655636519194,22.840111
0.41041666666665305,-0.007635537069290876,0.013836637139320374,-0.008022468537092209,-0.002113482216373086,22.840111
0.41062499999998636,-0.007625986821949482,0.013822481967508793,-0.008016549982130527,-0.002113599795848131,22.840111
0.4108333333333197,-0.00761682353913784,0.01380757987499237,-0.008009793236851692,-0.0021140410099178553,22.840111
0.411041666666653,-0.007607671897858381,0.013792172074317932,-0.0080026313662529,-0.0021147020161151886,22.840111
0.4112499999999863,-0.0075986310839653015,0.013777468353509903,-0.007996038533747196,-0.002114878734573722,22.840111
0.4114583333333196,-0.007589926477521658,0.013763115741312504,-0.007988503202795982,-0.002115948824211955,22.840111
0.4116666666666529,-0.007581114768981934,0.013749103993177414,-0.007980246096849442,-0.0021169341634958982,22.840111
0.4118749999999862,-0.0075725954957306385,0.013734742999076843,-0.00797226931899786,-0.002117109252139926,22.840111
0.41208333333331953,-0.007564219180494547,0.01372047420591116,-0.007963712327182293,-0.0021180962212383747,22.840111
0.41229166666665285,-0.007556053809821606,0.013706610538065434,-0.007955210283398628,-0.002118800999596715,22.840111
0.41249999999998616,-0.007547975517809391,0.013692224398255348,-0.00794663093984127,-0.002119506010785699,22.840111
0.41270833333331947,-0.007540025282651186,0.013678766787052155,-0.007937890477478504,-0.0021202366333454847,22.840111
0.4129166666666528,-0.0075323013588786125,0.013664720579981804,-0.007929020561277866,-0.002120528370141983,22.840111
0.4131249999999861,-0.007524746470153332,0.013650836423039436,-0.00791938602924347,-0.0021217705216258764,22.840111
0.4133333333333194,-0.0075172982178628445,0.013637282885611057,-0.007909749634563923,-0.0021226899698376656,22.840111
0.4135416666666527,-0.007509984076023102,0.01362377218902111,-0.007899446412920952,-0.002123249461874366,22.840111
0.413749999999986,-0.00750274583697319,0.013609863817691803,-0.007888915948569775,-0.0021237728651612997,22.840111
0.41395833333331933,-0.007495715282857418,0.013597285374999046,-0.007878338918089867,-0.002124667866155505,22.840111
0.41416666666665264,-0.007488905917853117,0.013584007509052753,-0.007867606356739998,-0.002125243656337261,22.840111
0.41437499999998595,-0.0074820066802203655,0.013570866547524929,-0.00785778183490038,-0.0021251942962408066,22.840111
0.41458333333331926,-0.007475471589714289,0.01355824526399374,-0.007847812958061695,-0.00212576100602746,22.840111
0.41479166666665257,-0.007468998432159424,0.013545040972530842,-0.007837203331291676,-0.0021260669454932213,22.840111
0.4149999999999859,-0.007462653797119856,0.013531752862036228,-0.007826938293874264,-0.002126146573573351,22.840111
0.4152083333333192,-0.007456549443304539,0.013519066385924816,-0.007815862074494362,-0.0021269263233989477,22.840111
0.4154166666666525,-0.007450438570231199,0.013507278636097908,-0.007805396802723408,-0.0021276327315717936,22.840111
0.4156249999999858,-0.007444643881171942,0.013494297862052917,-0.007795121055096388,-0.0021286613773554564,22.840111
0.4158333333333191,-0.007438777945935726,0.013482890091836452,-0.007785504218190908,-0.002129914704710245,22.840111
0.41604166666665243,-0.007433108054101467,0.013470299541950226,-0.007774940226227045,-0.002131786197423935,22.840111
0.41624999999998574,-0.00742767658084631,0.013458420522511005,-0.00776556646451354,-0.002133219037204981,22.840111
0.41645833333331905,-0.007422346156090498,0.013447253033518791,-0.00775637524202466,-0.0021354767959564924,22.840111
0.41666666666665236,-0.007417232729494572,0.013435372151434422,-0.007747714873403311,-0.002136652823537588,22.840111
0.4168749999999857,-0.007412156090140343,0.013422839343547821,-0.00773915508762002,-0.0021385473664849997,22.840111
0.417083333333319,-0.0074073499999940395,0.013412587344646454,-0.007731791120022535,-0.002139766700565815,22.840111
0.4172916666666523,-0.007402601186186075,0.013400999829173088,-0.007723614107817411,-0.0021414824295789003,22.840111
0.4174999999999856,-0.007397947367280722,0.013391119427978992,-0.00771729089319706,-0.002143136691302061,22.840111
0.4177083333333189,-0.007393438834697008,0.013379471376538277,-0.007710614707320929,-0.002144098049029708,22.840111
0.4179166666666522,-0.007389080245047808,0.013369597494602203,-0.00770527170971036,-0.0021453117951750755,22.840111
0.41812499999998554,-0.007384961936622858,0.013359475880861282,-0.007700121961534023,-0.002146270824596286,22.840111
0.41833333333331885,-0.007380875758826733,0.013349535875022411,-0.007696165237575769,-0.002146734856069088,22.840111
0.41854166666665216,-0.007376998197287321,0.013339980505406857,-0.007692650426179171,-0.0021473809611052275,22.840111
0.41874999999998547,-0.007373237516731024,0.013330718502402306,-0.007689808961004019,-0.002147787483409047,22.840111
0.4189583333333188,-0.0073695676401257515,0.013322307728230953,-0.007687699515372515,-0.00214817700907588,22.840111
0.4191666666666521,-0.007366017438471317,0.013312622904777527,-0.007686063181608915,-0.002148363273590803,22.840111
0.4193749999999854,-0.007362642791122198,0.013304928317666054,-0.007685027085244656,-0.0021489085629582405,22.840111
0.4195833333333187,-0.007359350565820932,0.013296310789883137,-0.007684617303311825,-0.0021493700332939625,22.840111
0.419791666666652,-0.007356309797614813,0.013289004564285278,-0.007684460375458002,-0.00215001474134624,22.840111
0.41999999999998533,-0.0073533146642148495,0.01328139565885067,-0.007684191223233938,-0.002150176092982292,22.840111
0.42020833333331864,-0.00735038798302412,0.013273765332996845,-0.007684525102376938,-0.002150818007066846,22.840111
0.42041666666665195,-0.007347656413912773,0.013265623711049557,-0.007685904391109943,-0.002149862004444003,22.840111
0.42062499999998526,-0.007345088757574558,0.013258766382932663,-0.007687766570597887,-0.0021488473284989595,22.840111
0.42083333333331857,-0.007342488970607519,0.013251611962914467,-0.007689494639635086,-0.0021472005173563957,22.840111
0.4210416666666519,-0.007340132724493742,0.0132437814027071,-0.00769019452854991,-0.002146563958376646,22.840111
0.4212499999999852,-0.007337902672588825,0.013237827457487583,-0.007691764272749424,-0.0021456426475197077,22.840111
0.4214583333333185,-0.007335747126489878,0.013229460455477238,-0.007692154496908188,-0.002144936239346862,22.840111
0.4216666666666518,-0.007333696354180574,0.013223388232290745,-0.0076933931559324265,-0.002143014222383499,22.840111
0.4218749999999851,-0.007331795059144497,0.013216430321335793,-0.007693319581449032,-0.0021423809230327606,22.840111
0.42208333333331843,-0.007329989690333605,0.01321055181324482,-0.007694122847169638,-0.002141747158020735,22.840111
0.42229166666665174,-0.007328294683247805,0.01320364698767662,-0.007695383857935667,-0.0021415965165942907,22.840111
0.42249999999998505,-0.007326713763177395,0.013197454623878002,-0.007696612738072872,-0.0021408337634056807,22.840111
0.42270833333331836,-0.007325207348912954,0.013192613609135151,-0.00769774429500103,-0.002140388824045658,22.840111
0.4229166666666517,-0.007323929108679295,0.0131865618750453,-0.00769761810079217,-0.0021404740400612354,22.840111
0.423124999999985,-0.007322627119719982,0.013181276619434357,-0.007698487490415573,-0.0021405864972621202,22.840111
0.4233333333333183,-0.007321409415453672,0.013175856322050095,-0.007699183188378811,-0.0021400623954832554,22.840111
0.4235416666666516,-0.007320417556911707,0.013170844875276089,-0.007699575275182724,-0.0021391091868281364,22.840111
0.4237499999999849,-0.007319553289562464,0.0131651870906353,-0.0077001978643238544,-0.0021385960280895233,22.840111
0.4239583333333182,-0.007318655960261822,0.013161727227270603,-0.007700961548835039,-0.002138193231076002,22.840111
0.42416666666665154,-0.007318003103137016,0.013157620094716549,-0.007700518239289522,-0.0021382207050919533,22.840111
0.42437499999998485,-0.007317326031625271,0.013154219835996628,-0.0077000828459858894,-0.002138230251148343,22.840111
0.42458333333331816,-0.007316816132515669,0.013151726685464382,-0.007700384594500065,-0.002137659350410104,22.840111
0.42479166666665147,-0.007316356059163809,0.013149118050932884,-0.007700896356254816,-0.002137701725587249,22.840111
0.4249999999999848,-0.007315983530133963,0.013146623969078064,-0.007701306138187647,-0.0021376635413616896,22.840111
0.4252083333333181,-0.007315748371183872,0.013144263066351414,-0.007701572962105274,-0.0021376507356762886,22.840111
0.4254166666666514,-0.0073156217113137245,0.013143183663487434,-0.007702124770730734,-0.002136827213689685,22.840111
0.4256249999999847,-0.007315572816878557,0.013142398558557034,-0.007702345959842205,-0.00213674851693213,22.840111
0.425833333333318,-0.007315556984394789,0.013141794130206108,-0.007702195551246405,-0.0021364211570471525,22.840111
0.42604166666665133,-0.00731550483033061,0.01314148772507906,-0.007703050971031189,-0.002135793911293149,22.840111
0.42624999999998464,-0.007315498311072588,0.013140683062374592,-0.007703164126724005,-0.002135265851393342,22.840111
0.42645833333331795,-0.007315481547266245,0.013140453957021236,-0.007703288923949003,-0.0021349971648305655,22.840111
0.42666666666665126,-0.007315452676266432,0.013140130788087845,-0.007703305687755346,-0.002134971786290407,22.840111
0.4268749999999846,-0.007315449882298708,0.013139212504029274,-0.007702867966145277,-0.002135536167770624,22.840111
0.4270833333333179,-0.007315396331250668,0.013138865120708942,-0.007701902184635401,-0.00213601510040462,22.840111
0.4272916666666512,-0.007315379101783037,0.013137868605554104,-0.007700785994529724,-0.0021366714499890804,22.840111
0.4274999999999845,-0.007315365131944418,0.013137003406882286,-0.007700564805418253,-0.002136928029358387,22.840111
0.4277083333333178,-0.007315366063266993,0.013136263005435467,-0.00769977318122983,-0.0021383697167038918,22.840111
0.4279166666666511,-0.007315324619412422,0.013135554268956184,-0.007698957808315754,-0.0021392020862549543,22.840111
0.42812499999998443,-0.007315212860703468,0.01313443947583437,-0.007698092609643936,-0.0021403366699814796,22.840111
0.42833333333331775,-0.007315193768590689,0.013133550994098186,-0.007697508670389652,-0.0021404987201094627,22.840111
0.42854166666665106,-0.0073151905089616776,0.013132806867361069,-0.007697063498198986,-0.0021411068737506866,22.840111
0.42874999999998437,-0.007315157447010279,0.013132736086845398,-0.0076963999308645725,-0.0021408959291875362,22.840111
0.4289583333333177,-0.007315141148865223,0.013132298365235329,-0.007696009706705809,-0.002141239121556282,22.840111
0.429166666666651,-0.007315125782042742,0.013132341206073761,-0.007694772444665432,-0.002142564160749316,22.840111
0.4293749999999843,-0.007315116003155708,0.013132608495652676,-0.007693842984735966,-0.0021435837261378765,22.840111
0.4295833333333176,-0.007315082009881735,0.013132208026945591,-0.007693275343626738,-0.002144578844308853,22.840111
0.4297916666666509,-0.007315057795494795,0.013131977990269661,-0.007692457176744938,-0.002145733218640089,22.840111
0.42999999999998423,-0.007315052207559347,0.013132310472428799,-0.007691864389926195,-0.0021462065633386374,22.840111
0.43020833333331754,-0.007315043359994888,0.013132397085428238,-0.0076909251511096954,-0.0021470063365995884,22.840111
0.43041666666665085,-0.007314987014979124,0.013131543062627316,-0.007690839935094118,-0.0021474773529917,22.840111
0.43062499999998416,-0.0073149739764630795,0.013131489045917988,-0.007689990568906069,-0.002148501807823777,22.840111
0.43083333333331747,-0.007314961403608322,0.01313191931694746,-0.007689580786973238,-0.0021488259080797434,22.840111
0.4310416666666508,-0.007314950693398714,0.013132014311850071,-0.007689032703638077,-0.002148970030248165,22.840111
0.4312499999999841,-0.00731492368504405,0.01313196774572134,-0.007688472047448158,-0.002149405889213085,22.840111
0.4314583333333174,-0.007314915768802166,0.013132316991686821,-0.0076878853142261505,-0.002149874111637473,22.840111
0.4316666666666507,-0.007314881309866905,0.01313233096152544,-0.007687035482376814,-0.0021511176601052284,22.840111
0.431874999999984,-0.00731487013399601,0.013132670894265175,-0.007685825228691101,-0.002151910914108157,22.840111
0.43208333333331733,-0.007314844522625208,0.013133281841874123,-0.007684953510761261,-0.002152756555005908,22.840111
0.43229166666665064,-0.0073148347437381744,0.013134187087416649,-0.007684127427637577,-0.002153826644644141,22.840111
0.43249999999998395,-0.007314830552786589,0.01313476637005806,-0.007683692499995232,-0.0021543584298342466,22.840111
0.43270833333331726,-0.007314730901271105,0.013134495355188847,-0.007682649418711662,-0.0021551481913775206,22.840111
0.4329166666666506,-0.007314730901271105,0.013134296983480453,-0.007682360243052244,-0.002155093941837549,22.840111
0.4331249999999839,-0.007314726244658232,0.013133680447936058,-0.007682397495955229,-0.002154336078092456,22.840111
0.4333333333333172,-0.007314711809158325,0.013133008033037186,-0.00768287805840373,-0.00215358380228281,22.840111
0.4335416666666505,-0.0073146941140294075,0.013132253661751747,-0.007683806587010622,-0.0021526971831917763,22.840111
0.4337499999999838,-0.00731468852609396,0.013131879270076752,-0.007683617528527975,-0.002152626635506749,22.840111
0.4339583333333171,-0.007314658258110285,0.013131367042660713,-0.0076843914575874805,-0.0021520941518247128,22.840111
0.43416666666665044,-0.00731464009732008,0.013131133280694485,-0.007685061544179916,-0.002151686232537031,22.840111
0.43437499999998375,-0.007314625661820173,0.01313054095953703,-0.007685898337513208,-0.00215098331682384,22.840111
0.43458333333331706,-0.007314605638384819,0.013130171224474907,-0.00768671091645956,-0.0021507577039301395,22.840111
0.43479166666665037,-0.007314574904739857,0.013129457831382751,-0.00768740801140666,-0.0021504403557628393,22.840111
0.4349999999999837,-0.007314575370401144,0.013129478320479393,-0.0076881106942892075,-0.0021497192792594433,22.840111
0.435208333333317,-0.00731457257643342,0.01312972791492939,-0.007689350750297308,-0.002149387029930949,22.840111
0.4354166666666503,-0.007314530201256275,0.013129310682415962,-0.0076911915093660355,-0.0021492878440767527,22.840111
0.4356249999999836,-0.007314514368772507,0.01312899962067604,-0.007692195475101471,-0.0021494252141565084,22.840111
0.4358333333333169,-0.0073144929483532906,0.013129187747836113,-0.007693517487496138,-0.002149680396541953,22.840111
0.43604166666665023,-0.007314467802643776,0.013128605671226978,-0.007694699801504612,-0.002148745348677039,22.840111
0.43624999999998354,-0.007314461283385754,0.013127930462360382,-0.0076965694315731525,-0.002148145344108343,22.840111
0.43645833333331685,-0.007314446847885847,0.013127898797392845,-0.007697658147662878,-0.0021473572123795748,22.840111
0.43666666666665016,-0.007314443588256836,0.013128240592777729,-0.00769794499501586,-0.002146155573427677,22.840111
0.43687499999998347,-0.007314400281757116,0.01312829926609993,-0.007698571775108576,-0.0021467856131494045,22.840111
0.4370833333333168,-0.0073143853805959225,0.013128546997904778,-0.007698740344494581,-0.002145658480003476,22.840111
0.4372916666666501,-0.007314370945096016,0.01312926970422268,-0.007699629757553339,-0.002145226811990142,22.840111
0.4374999999999834,-0.007314344868063927,0.013129634782671928,-0.0076998937875032425,-0.002144698752090335,22.840111
0.4377083333333167,-0.007314343471080065,0.01312991138547659,-0.007700935006141663,-0.0021442377474159002,22.840111
0.43791666666665,-0.0073143248446285725,0.013129006139934063,-0.007700685411691666,-0.0021441257558763027,22.840111
0.43812499999998333,-0.007314321119338274,0.01312899962067604,-0.007700201123952866,-0.0021441278513520956,22.840111
0.43833333333331664,-0.007314272224903107,0.013128375634551048,-0.007699789013713598,-0.0021437860559672117,22.840111
0.43854166666664995,-0.007314254064112902,0.013127749785780907,-0.007699934765696526,-0.0021439099218696356,22.840111
0.43874999999998326,-0.007314236834645271,0.013126613572239876,-0.007699279114603996,-0.0021439113188534975,22.840111
0.4389583333333166,-0.007314233109354973,0.01312632579356432,-0.007699429057538509,-0.0021436430979520082,22.840111
0.4391666666666499,-0.007314212154597044,0.013125856406986713,-0.007698192726820707,-0.0021449418272823095,22.840111
0.4393749999999832,-0.007314199116080999,0.013125699013471603,-0.007697610650211573,-0.002145572565495968,22.840111
0.4395833333333165,-0.007314189337193966,0.013125332072377205,-0.007696621119976044,-0.0021457176189869642,22.840111
0.4397916666666498,-0.0073141600005328655,0.01312461867928505,-0.0076956856064498425,-0.0021465029567480087,22.840111
0.4399999999999831,-0.007314157672226429,0.013125634752213955,-0.007696465123444796,-0.002146777929738164,22.840111
0.44020833333331644,-0.007314103189855814,0.013125022873282433,-0.007695366628468037,-0.002147786086425185,22.840111
0.44041666666664975,-0.007314098533242941,0.013124591670930386,-0.007694447413086891,-0.002148550236597657,22.840111
0.44062499999998306,-0.0073140873573720455,0.013125176541507244,-0.007694104686379433,-0.002149719512090087,22.840111
0.44083333333331637,-0.0073140813037753105,0.013125301338732243,-0.00769312446936965,-0.002150672720745206,22.840111
0.4410416666666497,-0.007314067799597979,0.013125710189342499,-0.007693692110478878,-0.0021513814572244883,22.840111
0.441249999999983,-0.0073140584863722324,0.013125755824148655,-0.007692911196500063,-0.0021524601615965366,22.840111
0.4414583333333163,-0.007314055692404509,0.013125301338732243,-0.007692284416407347,-0.002153043868020177,22.840111
0.4416666666666496,-0.007314009591937065,0.013124399818480015,-0.007691024802625179,-0.0021541942842304707,22.840111
0.4418749999999829,-0.007314001210033894,0.013124925084412098,-0.007690821774303913,-0.002155085327103734,22.840111
0.44208333333331623,-0.007313974667340517,0.013123874552547932,-0.007689710706472397,-0.002155157970264554,22.840111
0.44229166666664954,-0.007313963025808334,0.013123515993356705,-0.007689600344747305,-0.002155518624931574,22.840111
0.44249999999998285,-0.007313942536711693,0.013122597709298134,-0.007688519544899464,-0.002155481604859233,22.840111
0.44270833333331616,-0.007313939277082682,0.013122842647135258,-0.007687865756452084,-0.002155701396986842,22.840111
0.4429166666666495,-0.007313914131373167,0.013121897354722023,-0.007687035948038101,-0.0021564136259257793,22.840111
0.4431249999999828,-0.007313900161534548,0.013122930191457272,-0.007686642464250326,-0.002158102113753557,22.840111
0.4433333333333161,-0.007313871290534735,0.01312286127358675,-0.0076859742403030396,-0.002158645773306489,22.840111
0.4435416666666494,-0.007313869893550873,0.0131233474239707,-0.0076850345358252525,-0.0021598818711936474,22.840111
0.4437499999999827,-0.007313810288906097,0.013121755793690681,-0.007684072945266962,-0.0021602606866508722,22.840111
0.443958333333316,-0.007313776761293411,0.013122285716235638,-0.00768392626196146,-0.0021620215848088264,22.840111
0.44416666666664933,-0.007313765585422516,0.013121988624334335,-0.007683333475142717,-0.002162305871024728,22.840111
0.44437499999998264,-0.007313761860132217,0.01312279887497425,-0.007683347444981337,-0.0021635384764522314,22.840111
0.44458333333331596,-0.007313734386116266,0.013122600503265858,-0.007682760711759329,-0.002163379220291972,22.840111
0.44479166666664927,-0.0073137227445840836,0.013122696429491043,-0.007682065013796091,-0.002163413679227233,22.840111
0.4449999999999826,-0.007313715759664774,0.013122253119945526,-0.007680895272642374,-0.002163098193705082,22.840111
0.4452083333333159,-0.007313685026019812,0.013122143223881721,-0.007680070120841265,-0.002162590157240629,22.840111
0.4454166666666492,-0.007313683163374662,0.01312266942113638,-0.007678552996367216,-0.0021631699055433273,22.840111
0.4456249999999825,-0.007313629612326622,0.013121499679982662,-0.007677740883082151,-0.002164050005376339,22.840111
0.4458333333333158,-0.007313594222068787,0.013121497817337513,-0.007677022833377123,-0.002163548022508621,22.840111
0.44604166666664913,-0.0073135835118591785,0.013121576979756355,-0.007675784640014172,-0.002163681900128722,22.840111
0.44624999999998244,-0.00731356767937541,0.013121196068823338,-0.007674340158700943,-0.0021642553620040417,22.840111
0.44645833333331575,-0.00731355044990778,0.013121162541210651,-0.007672938518226147,-0.0021642972715198994,22.840111
0.44666666666664906,-0.007313542068004608,0.013120880350470543,-0.00767167704179883,-0.002164151519536972,22.840111
0.44687499999998237,-0.007313535548746586,0.013121172785758972,-0.00767113920301199,-0.0021639864426106215,22.840111
0.4470833333333157,-0.007313525769859552,0.013121149502694607,-0.007670110557228327,-0.0021637091413140297,22.840111
0.447291666666649,-0.007313509471714497,0.013121379539370537,-0.007669920101761818,-0.0021632167045027018,22.840111
0.4474999999999823,-0.007313500624150038,0.013121485710144043,-0.007669518701732159,-0.0021637764293700457,22.840111
0.4477083333333156,-0.007313487119972706,0.01312133390456438,-0.007669214159250259,-0.0021635410375893116,22.840111
0.4479166666666489,-0.007313457317650318,0.01312170084565878,-0.00766880763694644,-0.0021640227641910315,22.840111
0.44812499999998223,-0.007313454523682594,0.013121732510626316,-0.0076686544343829155,-0.0021643091458827257,22.840111
0.44833333333331554,-0.007313447073101997,0.013121849857270718,-0.007668393664062023,-0.0021652684081345797,22.840111
0.44854166666664885,-0.007313436828553677,0.013121465221047401,-0.007668182719498873,-0.002165527082979679,22.840111
0.44874999999998216,-0.0073134261183440685,0.013121030293405056,-0.007667125202715397,-0.0021672884467989206,22.840111
0.4489583333333155,-0.007313419133424759,0.01312100701034069,-0.0076662469655275345,-0.002169144805520773,22.840111
0.4491666666666488,-0.007313407026231289,0.013120224699378014,-0.007665474899113178,-0.002171979518607259,22.840111
0.4493749999999821,-0.00731339817866683,0.013119527138769627,-0.007665558718144894,-0.0021729739382863045,22.840111
0.4495833333333154,-0.007313376292586327,0.013118279166519642,-0.007664439734071493,-0.002174282679334283,22.840111
0.4497916666666487,-0.0073133595287799835,0.013117978349328041,-0.007665049284696579,-0.002174158813431859,22.840111
0.449999999999982,-0.007313364185392857,0.013117833994328976,-0.007665139622986317,-0.002174969296902418,22.840111
0.45020833333331534,-0.007313321810215712,0.013117789290845394,-0.007664651609957218,-0.002173658460378647,22.840111
0.45041666666664865,-0.007313307840377092,0.01311847660690546,-0.007665132638067007,-0.0021728994324803352,22.840111
0.45062499999998196,-0.007313291076570749,0.013119157403707504,-0.007665232755243778,-0.002172983717173338,22.840111
0.45083333333331527,-0.007313273847103119,0.013120007701218128,-0.007665236014872789,-0.002173477318137884,22.840111
0.4510416666666486,-0.007313271053135395,0.013121439144015312,-0.007665298879146576,-0.0021736719645559788,22.840111
0.4512499999999819,-0.00731319934129715,0.013120915740728378,-0.007666056510061026,-0.002172958105802536,22.840111
0.4514583333333152,-0.00731317326426506,0.013121524825692177,-0.007666348945349455,-0.002172840526327491,22.840111
0.4516666666666485,-0.007313171401619911,0.013122310861945152,-0.007666863966733217,-0.0021726537961512804,22.840111
0.4518749999999818,-0.007313130889087915,0.01312256045639515,-0.007667710073292255,-0.0021725890692323446,22.840111
0.45208333333331513,-0.007313076872378588,0.013122720643877983,-0.00766811752691865,-0.002171433065086603,22.840111
0.45229166666664844,-0.007313051261007786,0.013122878968715668,-0.007667995989322662,-0.0021718761418014765,22.840111
0.45249999999998175,-0.00731302797794342,0.013123239390552044,-0.007667323108762503,-0.0021717273630201817,22.840111
0.45270833333331506,-0.007313027512282133,0.013122736476361752,-0.0076662832871079445,-0.0021719459909945726,22.840111
0.45291666666664837,-0.007312965579330921,0.013123135082423687,-0.007665529847145081,-0.002172740874812007,22.840111
0.4531249999999817,-0.007312912493944168,0.013123281300067902,-0.007664521690458059,-0.0021736067719757557,22.840111
0.453333333333315,-0.007312905974686146,0.013124040327966213,-0.007664659060537815,-0.0021743709221482277,22.840111
0.4535416666666483,-0.007312849164009094,0.013123415410518646,-0.007664126809686422,-0.002173989312723279,22.840111
0.4537499999999816,-0.007312823086977005,0.013123832643032074,-0.007663964293897152,-0.002174604218453169,22.840111
0.4539583333333149,-0.007312817499041557,0.013123561628162861,-0.007663746364414692,-0.002175603760406375,22.840111
0.45416666666664823,-0.007312731817364693,0.013122825883328915,-0.0076627773232758045,-0.0021762943360954523,22.840111
0.45437499999998154,-0.007312704809010029,0.013122297823429108,-0.007662953343242407,-0.0021763211116194725,22.840111
0.45458333333331485,-0.007312694564461708,0.01312227826565504,-0.00766395078971982,-0.0021760144736617804,22.840111
0.45479166666664816,-0.007312685716897249,0.013121793046593666,-0.0076640211045742035,-0.002176329493522644,22.840111
0.4549999999999815,-0.007312670815736055,0.013121302239596844,-0.007664402015507221,-0.0021754633635282516,22.840111
0.4552083333333148,-0.007312665693461895,0.01312115415930748,-0.007664316799491644,-0.0021756754722446203,22.840111
0.4554166666666481,-0.007312644273042679,0.013121359050273895,-0.007663878612220287,-0.002176268957555294,22.840111
0.4556249999999814,-0.0073126391507685184,0.013121072202920914,-0.007663547061383724,-0.002176884328946471,22.840111
0.4558333333333147,-0.007312600966542959,0.013121301308274269,-0.007663661148399115,-0.002177254296839237,22.840111
0.456041666666648,-0.007312591653317213,0.013121564872562885,-0.007663425523787737,-0.0021777127403765917,22.840111
0.45624999999998134,-0.007312581408768892,0.013121658936142921,-0.007663477212190628,-0.0021786808501929045,22.840111
0.45645833333331465,-0.007312568370252848,0.01312180981040001,-0.007663938216865063,-0.0021792943589389324,22.840111
0.45666666666664796,-0.007312541361898184,0.013121708296239376,-0.007663489319384098,-0.0021792552433907986,22.840111
0.45687499999998127,-0.007312535308301449,0.013121768832206726,-0.0076635149307549,-0.002179598668590188,22.840111
0.4570833333333146,-0.007312519941478968,0.013121778145432472,-0.007664050906896591,-0.0021793392952531576,22.840111
0.4572916666666479,-0.007312505040317774,0.01312190480530262,-0.0076633901335299015,-0.0021793716587126255,22.840111
0.4574999999999812,-0.007312489207834005,0.013122659176588058,-0.007663642521947622,-0.0021791080944240093,22.840111
0.4577083333333145,-0.007312466390430927,0.013122517615556717,-0.007662950549274683,-0.0021781257819384336,22.840111
0.4579166666666478,-0.0073124621994793415,0.013123802840709686,-0.007662806659936905,-0.0021780827082693577,22.840111
0.45812499999998113,-0.007312406320124865,0.01312398724257946,-0.007662097457796335,-0.0021780431270599365,22.840111
0.45833333333331444,-0.00731239840388298,0.013124370016157627,-0.007661880925297737,-0.002178578171879053,22.840111
0.45854166666664775,-0.007312390953302383,0.013126170262694359,-0.007662171497941017,-0.002179506467655301,22.840111
0.45874999999998106,-0.00731230154633522,0.013125554658472538,-0.0076634581200778484,-0.002179640345275402,22.840111
0.45895833333331437,-0.007312261499464512,0.013126051984727383,-0.007663528900593519,-0.002180174458771944,22.840111
0.4591666666666477,-0.007312249857932329,0.013126852922141552,-0.007664201781153679,-0.0021808056626468897,22.840111
0.459374999999981,-0.007312234025448561,0.013127644546329975,-0.007664710748940706,-0.002181009389460087,22.840111
0.4595833333333143,-0.007312222383916378,0.013128773309290409,-0.007665801327675581,-0.002181412884965539,22.840111
0.4597916666666476,-0.007312203757464886,0.013129385188221931,-0.007666753139346838,-0.002181696007028222,22.840111
0.4599999999999809,-0.007312159053981304,0.013130078092217445,-0.007667544763535261,-0.002181660383939743,22.840111
0.46020833333331423,-0.007312146946787834,0.01313098520040512,-0.007668735925108194,-0.002181751187890768,22.840111
0.46041666666664754,-0.007312117610126734,0.013131914660334587,-0.0076692961156368256,-0.00218192464672029,22.840111
0.46062499999998086,-0.007312120869755745,0.013132126070559025,-0.007669941056519747,-0.0021825532894581556,22.840111
0.46083333333331417,-0.007312084548175335,0.013132772408425808,-0.007670477963984013,-0.002182882046326995,22.840111
0.4610416666666475,-0.0073120626620948315,0.013133391737937927,-0.007671193219721317,-0.0021826839074492455,22.840111
0.4612499999999808,-0.007312058471143246,0.013134144246578217,-0.0076716686598956585,-0.0021828855387866497,22.840111
0.4614583333333141,-0.007312015630304813,0.013134270906448364,-0.007672145497053862,-0.002182913711294532,22.840111
0.4616666666666474,-0.0073119886219501495,0.013135266490280628,-0.007673427928239107,-0.0021828932221978903,22.840111
0.4618749999999807,-0.007311975583434105,0.013135400600731373,-0.0076741380617022514,-0.0021831709891557693,22.840111
0.46208333333331403,-0.007311968598514795,0.01313632819801569,-0.007675298489630222,-0.00218303338624537,22.840111
0.46229166666664734,-0.007311939261853695,0.013136169873178005,-0.007676826324313879,-0.002182676224038005,22.840111
0.46249999999998065,-0.00731190899387002,0.013135755434632301,-0.007677233312278986,-0.002183216158300638,22.840111
0.46270833333331396,-0.00731190899387002,0.013135491870343685,-0.007676762528717518,-0.002183378441259265,22.840111
0.46291666666664727,-0.007311881985515356,0.013135313056409359,-0.007676292676478624,-0.0021842573769390583,22.840111
0.4631249999999806,-0.007311871740967035,0.013135196641087532,-0.007676209323108196,-0.0021852345671504736,22.840111
0.4633333333333139,-0.007311869878321886,0.013135653920471668,-0.007676131557673216,-0.002185942605137825,22.840111
0.4635416666666472,-0.007311847992241383,0.013135146349668503,-0.007676142733544111,-0.0021860685665160418,22.840111
0.4637499999999805,-0.007311823777854443,0.013135017827153206,-0.00767560163512826,-0.0021866157185286283,22.840111
0.4639583333333138,-0.007311818655580282,0.01313424576073885,-0.00767534039914608,-0.002186737721785903,22.840111
0.46416666666664713,-0.007311750203371048,0.013134234584867954,-0.007675567641854286,-0.0021874576341360807,22.840111
0.46437499999998044,-0.007311736699193716,0.013133841566741467,-0.00767548056319356,-0.0021881135180592537,22.840111
0.46458333333331375,-0.007311724126338959,0.01313388254493475,-0.007675814907997847,-0.0021883153822273016,22.840111
0.46479166666664706,-0.007311706896871328,0.013133330270648003,-0.007675791159272194,-0.0021880343556404114,22.840111
0.4649999999999804,-0.007311702705919743,0.013133476488292217,-0.007676314562559128,-0.002187930280342698,22.840111
0.4652083333333137,-0.007311694789677858,0.01313385646790266,-0.007676531560719013,-0.0021879952400922775,22.840111
0.465416666666647,-0.007311644963920116,0.013133440166711807,-0.007675995118916035,-0.002188353566452861,22.840111
0.4656249999999803,-0.007311605848371983,0.013133667409420013,-0.00767510524019599,-0.0021885703317821026,22.840111
0.4658333333333136,-0.007311603520065546,0.013134232722222805,-0.007674568332731724,-0.0021892490331083536,22.840111
0.4660416666666469,-0.007311561610549688,0.013133819214999676,-0.007674111519008875,-0.0021904115565121174,22.840111
0.46624999999998024,-0.007311523426324129,0.013133305124938488,-0.007674018852412701,-0.002191687934100628,22.840111
0.46645833333331355,-0.007311513647437096,0.013133716769516468,-0.007674384396523237,-0.002193728694692254,22.840111
0.46666666666664686,-0.007311482913792133,0.013133177533745766,-0.007673925254493952,-0.0021931214723736048,22.840111
0.46687499999998017,-0.0073114801198244095,0.013132956810295582,-0.007673860527575016,-0.0021927400957792997,22.840111
0.4670833333333135,-0.007311479188501835,0.01313299685716629,-0.007674881722778082,-0.00219320273026824,22.840111
0.4672916666666468,-0.0073114559054374695,0.013133124448359013,-0.0076752761378884315,-0.0021903072483837605,22.840111
0.4674999999999801,-0.0073114498518407345,0.013132809661328793,-0.007675232831388712,-0.002190361963585019,22.840111
0.4677083333333134,-0.007311409339308739,0.013133514672517776,-0.007675456814467907,-0.002190364059060812,22.840111
0.4679166666666467,-0.007311372086405754,0.013133815489709377,-0.007675549015402794,-0.0021914790850132704,22.840111
0.46812499999998003,-0.007311368361115456,0.013133935630321503,-0.007675670552998781,-0.002191921230405569,22.840111
0.46833333333331334,-0.007311334367841482,0.013134115375578403,-0.007676336914300919,-0.0021916585974395275,22.840111
0.46854166666664665,-0.007311323191970587,0.013133678585290909,-0.007676583249121904,-0.002192072104662657,22.840111
0.46874999999997996,-0.007311306893825531,0.013134011067450047,-0.007677148561924696,-0.002192556159570813,22.840111
0.46895833333331327,-0.0073112985119223595,0.013134214095771313,-0.007678389083594084,-0.0021928974892944098,22.840111
0.4691666666666466,-0.0073112924583256245,0.013134477660059929,-0.007679674308747053,-0.0021929023787379265,22.840111
0.4693749999999799,-0.0073112603276968,0.013134455308318138,-0.007679877337068319,-0.002192938467487693,22.840111
0.4695833333333132,-0.007311249151825905,0.013135482557117939,-0.007680763024836779,-0.0021927535999566317,22.840111
0.4697916666666465,-0.007311198860406876,0.013135328888893127,-0.0076812636107206345,-0.0021928944624960423,22.840111
0.4699999999999798,-0.0073111942037940025,0.013136057183146477,-0.007681608200073242,-0.0021929871290922165,22.840111
0.47020833333331313,-0.007311153691262007,0.013136165216565132,-0.007681217510253191,-0.0021930867806077003,22.840111
0.47041666666664644,-0.007311142049729824,0.013136578723788261,-0.007681000512093306,-0.002193192485719919,22.840111
0.47062499999997975,-0.007311126217246056,0.01313685905188322,-0.00768069876357913,-0.002193235093727708,22.840111
0.47083333333331306,-0.007311111316084862,0.013137728907167912,-0.007680617272853851,-0.002192985499277711,22.840111
0.4710416666666464,-0.0073110852390527725,0.013138324953615665,-0.007680801209062338,-0.0021929824724793434,22.840111
0.4712499999999797,-0.007311063352972269,0.01313935685902834,-0.0076812803745269775,-0.002192743821069598,22.840111
0.471458333333313,-0.0073110489174723625,0.013139316812157631,-0.007681739516556263,-0.0021918355487287045,22.840111
0.4716666666666463,-0.0073110442608594894,0.013139558956027031,-0.007682450581341982,-0.0021908862981945276,22.840111
0.4718749999999796,-0.007311035413295031,0.013139693066477776,-0.007683997042477131,-0.0021899889688938856,22.840111
0.4720833333333129,-0.0073109897784888744,0.013139341957867146,-0.007684167940169573,-0.0021892504300922155,22.840111
0.47229166666664624,-0.007310953922569752,0.013139227405190468,-0.007684790529310703,-0.0021882085129618645,22.840111
0.47249999999997955,-0.007310946471989155,0.013139959424734116,-0.007685176562517881,-0.0021874471567571163,22.840111
0.47270833333331286,-0.007310923654586077,0.013140047900378704,-0.0076857502572238445,-0.0021872774232178926,22.840111
0.47291666666664617,-0.007310898043215275,0.013140050694346428,-0.007686074823141098,-0.0021867856848984957,22.840111
0.4731249999999795,-0.007310888729989529,0.013140913099050522,-0.007686485070735216,-0.0021860203705728054,22.840111
0.4733333333333128,-0.007310877088457346,0.013140729628503323,-0.007686805445700884,-0.0021855614613741636,22.840111
0.4735416666666461,-0.007310863118618727,0.013140945695340633,-0.007687483448535204,-0.002184763317927718,22.840111
0.4737499999999794,-0.00731083657592535,0.013141310773789883,-0.007687630597501993,-0.0021842082496732473,22.840111
0.4739583333333127,-0.007310826797038317,0.01314148586243391,-0.007688064128160477,-0.0021837472449988127,22.840111
0.47416666666664603,-0.007310817483812571,0.013142315670847893,-0.007688962854444981,-0.0021829705219715834,22.840111
0.47437499999997934,-0.007310785353183746,0.013142389245331287,-0.0076894392259418964,-0.0021820354741066694,22.840111
0.47458333333331265,-0.007310772314667702,0.013142858631908894,-0.007689975202083588,-0.002181356307119131,22.840111
0.47479166666664596,-0.007310755085200071,0.01314318273216486,-0.007690060883760452,-0.002180658280849457,22.840111
0.47499999999997927,-0.007310745306313038,0.013143655844032764,-0.0076904320158064365,-0.00218045967631042,22.840111
0.4752083333333126,-0.007310733664780855,0.013144419528543949,-0.007691150065511465,-0.002180294366553426,22.840111
0.4754166666666459,-0.007310706190764904,0.013144592754542828,-0.0076914033852517605,-0.0021806105505675077,22.840111
0.4756249999999792,-0.007310693617910147,0.013144636526703835,-0.007691385690122843,-0.0021810834296047688,22.840111
0.4758333333333125,-0.0073106600902974606,0.013144291006028652,-0.007691169157624245,-0.002182205906137824,22.840111
0.4760416666666458,-0.007310656830668449,0.013143339194357395,-0.007690486032515764,-0.0021829064935445786,22.840111
0.47624999999997913,-0.007310615852475166,0.013142377138137817,-0.007689748425036669,-0.002184020821005106,22.840111
0.47645833333331244,-0.007310600485652685,0.013141258619725704,-0.007688845042139292,-0.0021843677386641502,22.840111
0.47666666666664576,-0.007310591172426939,0.01314042042940855,-0.007688515353947878,-0.002184400102123618,22.840111
0.47687499999997907,-0.0073105888441205025,0.013140426017343998,-0.007688798476010561,-0.0021850180346518755,22.840111
0.4770833333333124,-0.007310566492378712,0.013140854425728321,-0.007688811514526606,-0.0021854457445442677,22.840111
0.4772916666666457,-0.007310530636459589,0.013141120783984661,-0.007688751444220543,-0.002185533521696925,22.840111
0.477499999999979,-0.0073105087503790855,0.013141595758497715,-0.007689252030104399,-0.0021865011658519506,22.840111
0.4777083333333123,-0.00731049757450819,0.013142161071300507,-0.007689723279327154,-0.0021866068709641695,22.840111
0.4779166666666456,-0.007310479413717985,0.013142849318683147,-0.007690638303756714,-0.0021864089649170637,22.840111
0.47812499999997893,-0.007310456596314907,0.013142957352101803,-0.007691241800785065,-0.0021860941778868437,22.840111
0.47833333333331224,-0.007310444489121437,0.013142918236553669,-0.007692320272326469,-0.0021857167594134808,22.840111
0.47854166666664555,-0.0073104253970086575,0.01314298901706934,-0.007692969869822264,-0.002185553079470992,22.840111
0.47874999999997886,-0.007310414686799049,0.01314291637390852,-0.007694201543927193,-0.002185620367527008,22.840111
0.47895833333331217,-0.007310396060347557,0.013141872361302376,-0.007694290950894356,-0.0021863742731511593,22.840111
0.4791666666666455,-0.007310385815799236,0.013141279108822346,-0.007694205269217491,-0.002186959143728018,22.840111
0.4793749999999788,-0.00731037650257349,0.013140176422894001,-0.007693638559430838,-0.002187305362895131,22.840111
0.4795833333333121,-0.007310331333428621,0.01313969399780035,-0.00769333029165864,-0.002187916310504079,22.840111
0.4797916666666454,-0.007310323882848024,0.01313960924744606,-0.007692658342421055,-0.002188484650105238,22.840111
0.4799999999999787,-0.007310283370316029,0.013138818554580212,-0.007692198734730482,-0.0021890585776418447,22.840111
0.48020833333331203,-0.007310275919735432,0.013138056732714176,-0.0076915244571864605,-0.002189411548897624,22.840111
0.48041666666664534,-0.007310251705348492,0.013137283734977245,-0.0076910145580768585,-0.0021898141130805016,22.840111
0.48062499999997865,-0.00731024332344532,0.01313702017068863,-0.007690375670790672,-0.002190725412219763,22.840111
0.48083333333331196,-0.007310229353606701,0.013136414811015129,-0.007689998019486666,-0.002191297709941864,22.840111
0.4810416666666453,-0.007310216780751944,0.01313538197427988,-0.0076895044185221195,-0.0021912958472967148,22.840111
0.4812499999999786,-0.007310186047106981,0.013134440407156944,-0.007688295096158981,-0.002191554056480527,22.840111
0.4814583333333119,-0.007310176733881235,0.013134045526385307,-0.007688011042773724,-0.0021906073670834303,22.840111
0.4816666666666452,-0.007310172077268362,0.013132969848811626,-0.00768676633015275,-0.0021903833840042353,22.840111
0.4818749999999785,-0.007310132961720228,0.013132920488715172,-0.007686124183237553,-0.002190053230151534,22.840111
0.4820833333333118,-0.007310125511139631,0.013132748194038868,-0.007685014512389898,-0.0021898532286286354,22.840111
0.48229166666664514,-0.007310113869607449,0.013131935149431229,-0.007683997042477131,-0.002189293270930648,22.840111
0.48249999999997845,-0.0073100971058011055,0.013131389394402504,-0.007683460135012865,-0.0021886283066123724,22.840111
0.48270833333331176,-0.0073100910522043705,0.013130756095051765,-0.007682398892939091,-0.0021880180574953556,22.840111
0.48291666666664507,-0.007310046348720789,0.013129672035574913,-0.007682404946535826,-0.002187827369198203,22.840111
0.4831249999999784,-0.007310015149414539,0.013129007071256638,-0.007681618444621563,-0.002187259728088975,22.840111
0.4833333333333117,-0.007310007698833942,0.013129109516739845,-0.007682099472731352,-0.002186912577599287,22.840111
0.483541666666645,-0.007309971377253532,0.01312916912138462,-0.007682547904551029,-0.0021863861475139856,22.840111
0.4837499999999783,-0.007309961598366499,0.0131294634193182,-0.007683068048208952,-0.0021854427177459,22.840111
0.4839583333333116,-0.007309922017157078,0.013129542581737041,-0.007684020325541496,-0.0021854478400200605,22.840111
0.48416666666664493,-0.007309908512979746,0.013130269013345242,-0.007685196120291948,-0.0021851027850061655,22.840111
0.48437499999997824,-0.007309888489544392,0.013131209649145603,-0.007685813121497631,-0.002184879034757614,22.840111
0.48458333333331155,-0.007309881504625082,0.013132145628333092,-0.007686254568397999,-0.0021851337514817715,22.840111
0.48479166666664486,-0.007309828884899616,0.013131896033883095,-0.007686270866543055,-0.002185752149671316,22.840111
0.48499999999997817,-0.00730981444939971,0.013132530264556408,-0.007686717435717583,-0.0021869344636797905,22.840111
0.4852083333333115,-0.007309795822948217,0.013133319094777107,-0.00768689438700676,-0.0021894865203648806,22.840111
0.4854166666666448,-0.007309782784432173,0.013133709318935871,-0.007686462718993425,-0.0021903417073190212,22.840111
0.4856249999999781,-0.007309775799512863,0.013134519569575787,-0.007686110679060221,-0.0021898034028708935,22.840111
0.4858333333333114,-0.007309751585125923,0.013133821077644825,-0.007685041520744562,-0.002189452527090907,22.840111
0.4860416666666447,-0.007309730630367994,0.013133225962519646,-0.0076842946000397205,-0.002189017366617918,22.840111
0.48624999999997803,-0.007309704087674618,0.01313313003629446,-0.007683922071009874,-0.002187009435147047,22.840111
0.48645833333331134,-0.007309698034077883,0.013133252039551735,-0.0076834638603031635,-0.002186220372095704,22.840111
0.48666666666664465,-0.007309676147997379,0.013133124448359013,-0.007682455703616142,-0.002186212223023176,22.840111
0.48687499999997796,-0.0073096673004329205,0.013133648782968521,-0.007681434974074364,-0.002186184050515294,22.840111
0.4870833333333113,-0.00730964494869113,0.013133630156517029,-0.007680920884013176,-0.0021862199064344168,22.840111
0.4872916666666446,-0.007309636566787958,0.013134058564901352,-0.00768014881759882,-0.002186030615121126,22.840111
0.4874999999999779,-0.0073096235282719135,0.013134432956576347,-0.007679777219891548,-0.0021860389970242977,22.840111
0.4877083333333112,-0.007309615612030029,0.013134567998349667,-0.007679182570427656,-0.002185576595366001,22.840111
0.4879166666666445,-0.007309603504836559,0.013134624809026718,-0.0076784612610936165,-0.002185682998970151,22.840111
0.4881249999999778,-0.00730957742780447,0.01313447393476963,-0.007678066845983267,-0.002185502788051963,22.840111
0.48833333333331114,-0.0073095690459012985,0.013134628534317017,-0.007677625399082899,-0.002185053424909711,22.840111
0.48854166666664445,-0.007309558801352978,0.013134464621543884,-0.007677615154534578,-0.002184927463531494,22.840111
0.48874999999997776,-0.007309525273740292,0.013134046457707882,-0.0076774973422288895,-0.0021845935843884945,22.840111
0.48895833333331107,-0.007309522479772568,0.013134202919900417,-0.007676749490201473,-0.002184387296438217,22.840111
0.4891666666666444,-0.007309499196708202,0.013133824802935123,-0.00767572782933712,-0.002184115583077073,22.840111
0.4893749999999777,-0.0073094782419502735,0.013133925385773182,-0.007675449829548597,-0.0021840466652065516,22.840111
0.489583333333311,-0.007309477776288986,0.013134153559803963,-0.00767526077106595,-0.0021840205881744623,22.840111
0.4897916666666443,-0.007309462875127792,0.013135036453604698,-0.007675975561141968,-0.002184131648391485,22.840111
0.4899999999999776,-0.00730942701920867,0.013135440647602081,-0.007676337845623493,-0.0021848061587661505,22.840111
0.49020833333331093,-0.007309406064450741,0.013135835528373718,-0.007676706183701754,-0.0021862150169909,22.840111
0.49041666666664424,-0.007309396285563707,0.013136290945112705,-0.007677402347326279,-0.0021865812595933676,22.840111
0.49062499999997755,-0.007309382781386375,0.013136970810592175,-0.007678573485463858,-0.002187419217079878,22.840111
0.49083333333331086,-0.007309373933821917,0.013137050904333591,-0.00767928222194314,-0.0021877270191907883,22.840111
0.49104166666664417,-0.007309348322451115,0.013137461617588997,-0.007680336944758892,-0.0021885144524276257,22.840111
0.4912499999999775,-0.0073093390092253685,0.013138016685843468,-0.0076806736178696156,-0.002189189661294222,22.840111
0.4914583333333108,-0.00730930408462882,0.013138296082615852,-0.007680551148951054,-0.0021880976855754852,22.840111
0.4916666666666441,-0.00730925053358078,0.01313815824687481,-0.007680302020162344,-0.002187494421377778,22.840111
0.4918749999999774,-0.007309218868613243,0.013139050453901291,-0.007680776994675398,-0.002188741695135832,22.840111
0.4920833333333107,-0.007309199310839176,0.013139529153704643,-0.0076812622137367725,-0.0021886450704187155,22.840111
0.49229166666664403,-0.0073091862723231316,0.013139639049768448,-0.007680789567530155,-0.0021893931552767754,22.840111
0.49249999999997734,-0.007309169042855501,0.013139734975993633,-0.007681067567318678,-0.0021892045624554157,22.840111
0.49270833333331066,-0.00730913458392024,0.013139334507286549,-0.007681054994463921,-0.0021891272626817226,22.840111
0.49291666666664397,-0.007309139706194401,0.01313838642090559,-0.007680864538997412,-0.0021890413481742144,22.840111
0.4931249999999773,-0.00730906194075942,0.013137350790202618,-0.007680437061935663,-0.002187435980886221,22.840111
0.4933333333333106,-0.007309040520340204,0.013137879781425,-0.0076816389337182045,-0.0021878406405448914,22.840111
0.4935416666666439,-0.007308987434953451,0.013137826696038246,-0.007682545110583305,-0.0021880981512367725,22.840111
0.4937499999999772,-0.007308946922421455,0.013137908652424812,-0.00768324825912714,-0.002188713988289237,22.840111
0.4939583333333105,-0.00730894086882472,0.013137907721102238,-0.00768381217494607,-0.0021886311005800962,22.840111
0.49416666666664383,-0.007308908272534609,0.0131380008533597,-0.007684630341827869,-0.0021886476315557957,22.840111
0.49437499999997714,-0.0073088607750833035,0.013137632049620152,-0.007685049436986446,-0.0021886404138058424,22.840111
0.49458333333331045,-0.007308735512197018,0.013136728666722775,-0.007685346528887749,-0.002188739599660039,22.840111
0.49479166666664376,-0.007308667991310358,0.01313581969588995,-0.0076858364045619965,-0.0021888732444494963,22.840111
0.49499999999997707,-0.00730854831635952,0.01313534751534462,-0.0076866899617016315,-0.002189385937526822,22.840111
0.4952083333333104,-0.007308488246053457,0.013135217130184174,-0.007687773555517197,-0.002189741702750325,22.840111
0.4954166666666437,-0.0073083993047475815,0.013135308399796486,-0.0076878853142261505,-0.002189354505389929,22.840111
0.495624999999977,-0.0073083448223769665,0.013135058805346489,-0.007688325364142656,-0.0021892180666327477,22.840111
0.4958333333333103,-0.007308277301490307,0.013135146349668503,-0.007688210345804691,-0.0021892564836889505,22.840111
0.4960416666666436,-0.007308201398700476,0.013135187327861786,-0.007687736768275499,-0.0021894092205911875,22.840111
0.49624999999997693,-0.0073081390000879765,0.013134974986314774,-0.007687336765229702,-0.0021889780182391405,22.840111
0.49645833333331024,-0.007308067753911018,0.013135074637830257,-0.0076872920617461205,-0.0021886974573135376,22.840111
0.49666666666664355,-0.007307970430701971,0.01313488744199276,-0.007687085773795843,-0.002188479295000434,22.840111
0.49687499999997686,-0.0073079075664281845,0.013134980574250221,-0.007686728611588478,-0.0021883950103074312,22.840111
0.4970833333333102,-0.007307806517928839,0.01313452236354351,-0.007686315570026636,-0.0021882664877921343,22.840111
0.4972916666666435,-0.007307706866413355,0.013133891858160496,-0.007685655727982521,-0.0021889503113925457,22.840111
0.4974999999999768,-0.007307641673833132,0.013133406639099121,-0.007685083895921707,-0.002190009690821171,22.840111
0.4977083333333101,-0.007307543884962797,0.01313189696520567,-0.007685539312660694,-0.002189991297200322,22.840111
0.4979166666666434,-0.007307495456188917,0.013131318613886833,-0.00768507644534111,-0.0021902727894484997,22.840111
0.4981249999999767,-0.007307416293770075,0.013130675069987774,-0.0076843928545713425,-0.002190548926591873,22.840111
0.49833333333331004,-0.0073073385283350945,0.013129312545061111,-0.007683662697672844,-0.0021909892093390226,22.840111
0.49854166666664335,-0.007307260297238827,0.01312794629484415,-0.007682330906391144,-0.0021911398507654667,22.840111
0.49874999999997666,-0.0073071978986263275,0.01312616840004921,-0.007680908776819706,-0.0021922283340245485,22.840111
0.49895833333330997,-0.00730713177472353,0.013124380260705948,-0.007679819595068693,-0.0021927347406744957,22.840111
0.4991666666666433,-0.00730706425383687,0.0131224999204278,-0.007678895257413387,-0.002193565247580409,22.840111
0.4993749999999766,-0.007306909188628197,0.013120189309120178,-0.007677844725549221,-0.00219335057772696,22.840111
0.4995833333333099,-0.0073068225756287575,0.013118655420839787,-0.00767721189185977,-0.002193455584347248,22.840111
0.4997916666666432,-0.007306771352887154,0.0131177743896842,-0.0076771872118115425,-0.0021939019206911325,22.840111
0.4999999999999765,-0.007306672632694244,0.013115904293954372,-0.007676420733332634,-0.0021946069318801165,22.840111
0.5002083333333098,-0.007306583225727081,0.01311485655605793,-0.007676403503865004,-0.0021955918055027723,22.840111
0.5004166666666432,-0.007306631654500961,0.013115989975631237,-0.0076762605458498,-0.0021977757569402456,22.840111
0.5006249999999766,-0.00730655062943697,0.013115257024765015,-0.007676517590880394,-0.002198943169787526,22.840111
0.5008333333333099,-0.007306535728275776,0.013114765286445618,-0.007675983943045139,-0.0022005620412528515,22.840111
0.5010416666666433,-0.007306489162147045,0.013113630004227161,-0.0076752835884690285,-0.002202758565545082,22.840111
0.5012499999999767,-0.007306443527340889,0.013112685643136501,-0.007673720829188824,-0.002203866606578231,22.840111
0.50145833333331,-0.0073064095340669155,0.013112965039908886,-0.007673447020351887,-0.0022053516004234552,22.840111
0.5016666666666434,-0.007306406740099192,0.013113519176840782,-0.007673691026866436,-0.002205851022154093,22.840111
0.5018749999999768,-0.007306388579308987,0.013113431632518768,-0.007673840969800949,-0.0022056421730667353,22.840111
0.5020833333333101,-0.007306352723389864,0.013113007880747318,-0.007674450986087322,-0.002204930642619729,22.840111
0.5022916666666435,-0.007306317798793316,0.013112162239849567,-0.007674895692616701,-0.0022047043312340975,22.840111
0.5024999999999769,-0.007306310348212719,0.01311255432665348,-0.00767498416826129,-0.0022042265627533197,22.840111
0.5027083333333102,-0.007306199055165052,0.013111663050949574,-0.007674562279134989,-0.0022047418169677258,22.840111
0.5029166666666436,-0.007306153420358896,0.013111114501953125,-0.007674153428524733,-0.0022054424043744802,22.840111
0.503124999999977,-0.007306127808988094,0.013110280968248844,-0.0076734512113034725,-0.002205665921792388,22.840111
0.5033333333333103,-0.007306124549359083,0.013109497725963593,-0.0076724993996322155,-0.0022061923518776894,22.840111
0.5035416666666437,-0.0073060099966824055,0.013108543120324612,-0.0076723587699234486,-0.002205983968451619,22.840111
0.503749999999977,-0.007305958773940802,0.013108113780617714,-0.007672751322388649,-0.0022062123753130436,22.840111
0.5039583333333104,-0.007305948995053768,0.01310793124139309,-0.0076726991683244705,-0.0022061443887650967,22.840111
0.5041666666666438,-0.007305915933102369,0.013107280246913433,-0.007672857027500868,-0.002206090372055769,22.840111
0.5043749999999771,-0.007305916398763657,0.013107079081237316,-0.007672956213355064,-0.002206185134127736,22.840111
0.5045833333333105,-0.007305890321731567,0.013106726109981537,-0.007673146203160286,-0.002205998171120882,22.840111
0.5047916666666439,-0.007305875886231661,0.013106140308082104,-0.007672526407986879,-0.00220643007196486,22.840111
0.5049999999999772,-0.0073058344423770905,0.013105778023600578,-0.0076720090582966805,-0.0022061725612729788,22.840111
0.5052083333333106,-0.007305847946554422,0.013104598969221115,-0.007671251427382231,-0.002206741599366069,22.840111
0.505416666666644,-0.007305637933313847,0.013103415258228779,-0.00767070846632123,-0.0022066060919314623,22.840111
0.5056249999999773,-0.00730553176254034,0.013103191740810871,-0.007670662831515074,-0.0022068507969379425,22.840111
0.5058333333333107,-0.0073054018430411816,0.013102040626108646,-0.007670415565371513,-0.002206625649705529,22.840111
0.5060416666666441,-0.007305336184799671,0.013101106509566307,-0.007669554091989994,-0.002207196084782481,22.840111
0.5062499999999774,-0.007305237930268049,0.013099651783704758,-0.0076687950640916824,-0.002206961391493678,22.840111
0.5064583333333108,-0.007305184379220009,0.013098222203552723,-0.007667459547519684,-0.0022067108657211065,22.840111
0.5066666666666442,-0.007305115927010775,0.013097214512526989,-0.007666273042559624,-0.0022064887452870607,22.840111
0.5068749999999775,-0.007305049803107977,0.013096807524561882,-0.007665073499083519,-0.0022058747708797455,22.840111
0.5070833333333109,-0.007304986473172903,0.013096715323626995,-0.007663928437978029,-0.00220630900003016,22.840111
0.5072916666666443,-0.007304890546947718,0.01309598982334137,-0.007663162425160408,-0.0022068973630666733,22.840111
0.5074999999999776,-0.007304792758077383,0.01309516467154026,-0.007662532385438681,-0.002206891542300582,22.840111
0.507708333333311,-0.007304741069674492,0.013094707392156124,-0.0076619419269263744,-0.0022068198304623365,22.840111
0.5079166666666444,-0.007304644677788019,0.013094660826027393,-0.0076615214347839355,-0.0022067278623580933,22.840111
0.5081249999999777,-0.007304564584046602,0.013094669207930565,-0.007661818992346525,-0.00220695068128407,22.840111
0.5083333333333111,-0.007304485887289047,0.01309383288025856,-0.007661731448024511,-0.0022067883983254433,22.840111
0.5085416666666445,-0.007304514292627573,0.01309395395219326,-0.00766210351139307,-0.0022075697779655457,22.840111
0.5087499999999778,-0.007304341532289982,0.013092610985040665,-0.007661659736186266,-0.0022057194728404284,22.840111
0.5089583333333112,-0.007304235827177763,0.013091896660625935,-0.007661896292120218,-0.0022047432139515877,22.840111
0.5091666666666446,-0.007304212544113398,0.013091498054564,-0.007660936564207077,-0.0022049995604902506,22.840111
0.5093749999999779,-0.00730416364967823,0.01309171412140131,-0.007659848779439926,-0.0022029185201972723,22.840111
0.5095833333333113,-0.007304158993065357,0.013092215172946453,-0.007658917456865311,-0.002202152507379651,22.840111
0.5097916666666447,-0.007304150611162186,0.013091973960399628,-0.007657705806195736,-0.002202030038461089,22.840111
0.509999999999978,-0.007304126396775246,0.013091843575239182,-0.007657099049538374,-0.0022011687979102135,22.840111
0.5102083333333114,-0.007304127793759108,0.013091778382658958,-0.007656941190361977,-0.0022009294480085373,22.840111
0.5104166666666448,-0.007304085418581963,0.013090967200696468,-0.007656126283109188,-0.0022012917324900627,22.840111
0.5106249999999781,-0.007304036989808083,0.01309057418256998,-0.007655834313482046,-0.002200882649049163,22.840111
0.5108333333333115,-0.007303991820663214,0.01309039443731308,-0.007654950488358736,-0.0022009408567100763,22.840111
0.5110416666666449,-0.007303962018340826,0.013089872896671295,-0.0076543064787983894,-0.0022006542421877384,22.840111
0.5112499999999782,-0.007303943857550621,0.01309006754308939,-0.007654133252799511,-0.002201298251748085,22.840111
0.5114583333333116,-0.0073039173148572445,0.013090433552861214,-0.007653879467397928,-0.002201427472755313,22.840111
0.511666666666645,-0.007303900551050901,0.013090454041957855,-0.007652833126485348,-0.0022014756686985493,22.840111
0.5118749999999783,-0.007303894031792879,0.013090744614601135,-0.007652273867279291,-0.0022018132731318474,22.840111
0.5120833333333117,-0.007303870283067226,0.013090234249830246,-0.007651724852621555,-0.0022017883602529764,22.840111
0.512291666666645,-0.007303859572857618,0.013089712709188461,-0.007651532534509897,-0.0022015110589563847,22.840111
0.5124999999999784,-0.007303839549422264,0.013088995590806007,-0.007651473395526409,-0.002200957154855132,22.840111
0.5127083333333118,-0.0073038386180996895,0.01308822724968195,-0.007650920655578375,-0.002200397429987788,22.840111
0.5129166666666451,-0.0073037948459386826,0.013087080791592598,-0.007650480605661869,-0.0021997648291289806,22.840111
0.5131249999999785,-0.007303709629923105,0.013085182756185532,-0.007649911567568779,-0.002198899397626519,22.840111
0.5133333333333119,-0.0073036192916333675,0.013083426281809807,-0.0076485262252390385,-0.0021993292029947042,22.840111
0.5135416666666452,-0.007303585298359394,0.013082589954137802,-0.007647096645087004,-0.0021999499294906855,22.840111
0.5137499999999786,-0.0073035345412790775,0.013081484474241734,-0.007646217942237854,-0.0022006488870829344,22.840111
0.513958333333312,-0.007303517311811447,0.013081289827823639,-0.007645318750292063,-0.002200908260419965,22.840111
0.5141666666666453,-0.007303522899746895,0.013080086559057236,-0.007644667290151119,-0.002201146213337779,22.840111
0.5143749999999787,-0.007303441874682903,0.013078582473099232,-0.007643165998160839,-0.0022015366703271866,22.840111
0.5145833333333121,-0.0073033282533288,0.013077192939817905,-0.007642678916454315,-0.002202922711148858,22.840111
0.5147916666666454,-0.007303290069103241,0.013076642528176308,-0.007642367389053106,-0.002204114804044366,22.840111
0.5149999999999788,-0.0073032379150390625,0.013076398521661758,-0.007642804645001888,-0.0022038244642317295,22.840111
0.5152083333333122,-0.007303193677216768,0.013075984083116055,-0.007643194869160652,-0.00220443494617939,22.840111
0.5154166666666455,-0.007303123362362385,0.013075471855700016,-0.007643173914402723,-0.0022040989715605974,22.840111
0.5156249999999789,-0.007303072139620781,0.013075465336441994,-0.0076424190774559975,-0.002204692689701915,22.840111
0.5158333333333123,-0.007303018122911453,0.013076012022793293,-0.007642109878361225,-0.0022053674329072237,22.840111
0.5160416666666456,-0.007302985992282629,0.013076290488243103,-0.007641946896910667,-0.0022055841982364655,22.840111
0.516249999999979,-0.007302893325686455,0.01307565625756979,-0.007641798350960016,-0.0022063064388930798,22.840111
0.5164583333333124,-0.007302898447960615,0.013075731694698334,-0.007641267962753773,-0.0022074386943131685,22.840111
0.5166666666666457,-0.007302863523364067,0.01307547464966774,-0.007641162723302841,-0.002206231001764536,22.840111
0.5168749999999791,-0.0073027838952839375,0.013074386864900589,-0.0076408376917243,-0.002207071054726839,22.840111
0.5170833333333125,-0.007302755955606699,0.01307373121380806,-0.007640478666871786,-0.002206820761784911,22.840111
0.5172916666666458,-0.007302726618945599,0.013072973117232323,-0.00763988122344017,-0.0022057669702917337,22.840111
0.5174999999999792,-0.007302720099687576,0.013072355650365353,-0.007639098446816206,-0.0022057390306144953,22.840111
0.5177083333333126,-0.007302720099687576,0.01307226624339819,-0.007638383191078901,-0.002206034492701292,22.840111
0.5179166666666459,-0.007302651181817055,0.01307186670601368,-0.007637328002601862,-0.0022063611540943384,22.840111
0.5181249999999793,-0.007302605081349611,0.013071957975625992,-0.007636236492544413,-0.002206576755270362,22.840111
0.5183333333333127,-0.007302527315914631,0.013071338646113873,-0.007635361514985561,-0.002206715987995267,22.840111
0.518541666666646,-0.007302521727979183,0.013071781024336815,-0.007634484674781561,-0.002206952776759863,22.840111
0.5187499999999794,-0.007302484475076199,0.013071254827082157,-0.007634235545992851,-0.002207124838605523,22.840111
0.5189583333333128,-0.007302433252334595,0.01307083759456873,-0.007633783854544163,-0.002207269426435232,22.840111
0.5191666666666461,-0.007302416488528252,0.013070565648376942,-0.007632935419678688,-0.0022074554581195116,22.840111
0.5193749999999795,-0.007302411366254091,0.0130701819434762,-0.007632496301084757,-0.0022076962050050497,22.840111
0.5195833333333129,-0.007302355486899614,0.013069257140159607,-0.007631476502865553,-0.002207688521593809,22.840111
0.5197916666666462,-0.0073023648001253605,0.01306921523064375,-0.007631110027432442,-0.0022081404458731413,22.840111
0.5199999999999796,-0.007302324287593365,0.013069062493741512,-0.007630499079823494,-0.0022086070384830236,22.840111
0.520208333333313,-0.0073022847063839436,0.013068481348454952,-0.007629047147929668,-0.002209183294326067,22.840111
0.5204166666666463,-0.007302155718207359,0.013066898100078106,-0.007627998478710651,-0.0022089912090450525,22.840111
0.5206249999999797,-0.007302113343030214,0.013066797517240047,-0.007627629674971104,-0.002209920436143875,22.840111
0.520833333333313,-0.007302117999643087,0.01306674350053072,-0.007626773323863745,-0.00221035024151206,22.840111
0.5210416666666464,-0.007302049081772566,0.013065955601632595,-0.007627122104167938,-0.002210519975051284,22.840111
0.5212499999999798,-0.007301967125386,0.013065564446151257,-0.007626322563737631,-0.002210000529885292,22.840111
0.5214583333333132,-0.007301962934434414,0.013065430335700512,-0.0076257348991930485,-0.0022106594406068325,22.840111
0.5216666666666465,-0.007301931735128164,0.013064947910606861,-0.007625605911016464,-0.0022099886555224657,22.840111
0.5218749999999799,-0.007301934529095888,0.013064258731901646,-0.007625454571098089,-0.002210308564826846,22.840111
0.5220833333333132,-0.007301779929548502,0.013063203543424606,-0.007623812183737755,-0.0022100426722317934,22.840111
0.5222916666666466,-0.007301787380129099,0.013063455931842327,-0.007623767945915461,-0.0022113770246505737,22.840111
0.52249999999998,-0.007301717530936003,0.013062373735010624,-0.0076234545558691025,-0.0022110440768301487,22.840111
0.5227083333333133,-0.007301646750420332,0.01306147314608097,-0.007622855249792337,-0.0022111088037490845,22.840111
0.5229166666666467,-0.007301596459001303,0.013061373494565487,-0.0076224422082304955,-0.0022116859909147024,22.840111
0.5231249999999801,-0.0073015703819692135,0.013060740195214748,-0.007621877361088991,-0.0022111590951681137,22.840111
0.5233333333333134,-0.007301563862711191,0.013060489669442177,-0.00762132229283452,-0.0022102247457951307,22.840111
0.5235416666666468,-0.007301539182662964,0.01305970549583435,-0.007620982360094786,-0.002209732308983803,22.840111
0.5237499999999802,-0.007301522884517908,0.013058842159807682,-0.00762053020298481,-0.0022101954091340303,22.840111
0.5239583333333135,-0.0073014856316149235,0.013058622367680073,-0.007620039861649275,-0.002208743244409561,22.840111
0.5241666666666469,-0.0073014735244214535,0.013058694079518318,-0.007619258016347885,-0.002209087135270238,22.840111
0.5243749999999803,-0.007301429286599159,0.013058535754680634,-0.007618551608175039,-0.00220948806963861,22.840111
0.5245833333333136,-0.007301371078938246,0.01305858138948679,-0.007617837283760309,-0.0022099975030869246,22.840111
0.524791666666647,-0.0073013389483094215,0.013059115037322044,-0.007618039380759001,-0.002210608683526516,22.840111
0.5249999999999804,-0.007301274221390486,0.01305839791893959,-0.007618152070790529,-0.0022103390656411648,22.840111
0.5252083333333137,-0.007301273290067911,0.01305838581174612,-0.007618201430886984,-0.002210254082456231,22.840111
0.5254166666666471,-0.007301255129277706,0.013058459386229515,-0.00761854974552989,-0.002209746977314353,22.840111
0.5256249999999805,-0.007301237899810076,0.013057783246040344,-0.00761889573186636,-0.0022092568688094616,22.840111
0.5258333333333138,-0.007301232311874628,0.013057214207947254,-0.007619420997798443,-0.002208837540820241,22.840111
0.5260416666666472,-0.007301209960132837,0.013056503608822823,-0.007619050797075033,-0.0022085311356931925,22.840111
0.5262499999999806,-0.0073011512868106365,0.013056784868240356,-0.007618708070367575,-0.0022083022631704807,22.840111
0.5264583333333139,-0.00730112986639142,0.013057028874754906,-0.007618296891450882,-0.00220744451507926,22.840111
0.5266666666666473,-0.0073010665364563465,0.013057053089141846,-0.007618261501193047,-0.0022061411291360855,22.840111
0.5268749999999807,-0.007301033940166235,0.013056591153144836,-0.007617959287017584,-0.0022053539287298918,22.840111
0.527083333333314,-0.007301022298634052,0.013057256117463112,-0.007618272211402655,-0.002204363467171788,22.840111
0.5272916666666474,-0.007300988305360079,0.013056772761046886,-0.007617705501616001,-0.0022041380871087313,22.840111
0.5274999999999808,-0.00730098458006978,0.013056255877017975,-0.007616551127284765,-0.0022046170197427273,22.840111
0.5277083333333141,-0.0073009394109249115,0.013054960407316685,-0.007615271955728531,-0.002204439602792263,22.840111
0.5279166666666475,-0.007300911471247673,0.013054585084319115,-0.007614499423652887,-0.002204824471846223,22.840111
0.5281249999999809,-0.0073008774779737,0.013053769245743752,-0.007613859139382839,-0.002205492230132222,22.840111
0.5283333333333142,-0.007300850469619036,0.013053680770099163,-0.007613105233758688,-0.002207068493589759,22.840111
0.5285416666666476,-0.007300851866602898,0.01305328868329525,-0.00761182326823473,-0.0022085802629590034,22.840111
0.528749999999981,-0.007300765253603458,0.013052466325461864,-0.007610552944242954,-0.0022059627808630466,22.840111
0.5289583333333143,-0.00730072520673275,0.01305172685533762,-0.00760976318269968,-0.00220598210580647,22.840111
0.5291666666666477,-0.0073006488382816315,0.01305127702653408,-0.0076094395481050014,-0.0022056885063648224,22.840111
0.529374999999981,-0.007300559431314468,0.013050990179181099,-0.0076086148619651794,-0.0022050931584089994,22.840111
0.5295833333333144,-0.007300559431314468,0.013050530105829239,-0.007607314269989729,-0.00220501609146595,22.840111
0.5297916666666478,-0.007300545461475849,0.013049696572124958,-0.00760640436783433,-0.0022045813966542482,22.840111
0.5299999999999812,-0.007300523575395346,0.013048500753939152,-0.007604809943586588,-0.002204479416832328,22.840111
0.5302083333333145,-0.0073005277663469315,0.013047851622104645,-0.007603562902659178,-0.002204480580985546,22.840111
0.5304166666666479,-0.007300396915525198,0.013046767562627792,-0.007602678146213293,-0.0022050284314900637,22.840111
0.5306249999999813,-0.0073003629222512245,0.013045868836343288,-0.007601982448250055,-0.0022057166788727045,22.840111
0.5308333333333146,-0.00730033777654171,0.013044886291027069,-0.0076013654470443726,-0.002206003526225686,22.840111
0.531041666666648,-0.007300249300897121,0.013043390586972237,-0.007599950302392244,-0.0022064887452870607,22.840111
0.5312499999999813,-0.007300174795091152,0.013042337261140347,-0.007599020376801491,-0.002206539735198021,22.840111
0.5314583333333147,-0.007300124038010836,0.013041683472692966,-0.007597970776259899,-0.0022069434635341167,22.840111
0.5316666666666481,-0.007300116121768951,0.013040882535278797,-0.007596892770379782,-0.0022075646556913853,22.840111
0.5318749999999814,-0.00730009563267231,0.013039890676736832,-0.007595710456371307,-0.002207724377512932,22.840111
0.5320833333333148,-0.007300020195543766,0.013038823381066322,-0.0075945607386529446,-0.0022076049353927374,22.840111
0.5322916666666482,-0.007300014141947031,0.013038218021392822,-0.007593775168061256,-0.002208123216405511,22.840111
0.5324999999999815,-0.007299948949366808,0.01303777564316988,-0.007592672947794199,-0.0022085721138864756,22.840111
0.5327083333333149,-0.0072999210096895695,0.013037117198109627,-0.007591702975332737,-0.0022091108839958906,22.840111
0.5329166666666483,-0.00729987770318985,0.013036451302468777,-0.007590186316519976,-0.0022091201972216368,22.840111
0.5331249999999816,-0.00729985348880291,0.013035665266215801,-0.0075889588333666325,-0.002208979334682226,22.840111
0.533333333333315,-0.0072997817769646645,0.013034995645284653,-0.007588043808937073,-0.0022092259023338556,22.840111
0.5335416666666484,-0.007299783639609814,0.013035045936703682,-0.007587744854390621,-0.0022103546652942896,22.840111
0.5337499999999817,-0.007299695163965225,0.013034630566835403,-0.0075878179632127285,-0.0022103076335042715,22.840111
0.5339583333333151,-0.007299619726836681,0.013034244999289513,-0.007588258944451809,-0.002211754908785224,22.840111
0.5341666666666485,-0.00729945907369256,0.01303236186504364,-0.007587396539747715,-0.0022108384873718023,22.840111
0.5343749999999818,-0.007299421820789576,0.013031715527176857,-0.007587307132780552,-0.002211759565398097,22.840111
0.5345833333333152,-0.007299413904547691,0.01303164940327406,-0.0075882249511778355,-0.002214611740782857,22.840111
0.5347916666666486,-0.007299358025193214,0.01303119957447052,-0.007586990017443895,-0.0022114163730293512,22.840111
0.5349999999999819,-0.007299282122403383,0.01303054578602314,-0.007586600258946419,-0.0022119663190096617,22.840111
0.5352083333333153,-0.007299206685274839,0.013029833324253559,-0.007586218416690826,-0.002211452927440405,22.840111
0.5354166666666487,-0.007299189921468496,0.013029408641159534,-0.007585161831229925,-0.002212010556831956,22.840111
0.535624999999982,-0.007299169898033142,0.013029024004936218,-0.007584480103105307,-0.002212485298514366,22.840111
0.5358333333333154,-0.007299133576452732,0.01302898209542036,-0.007584242150187492,-0.002212400082498789,22.840111
0.5360416666666488,-0.007299135904759169,0.013029074296355247,-0.007584205362945795,-0.002212464576587081,22.840111
0.5362499999999821,-0.007299097254872322,0.013028775341808796,-0.0075838686898350716,-0.0022118138149380684,22.840111
0.5364583333333155,-0.0072990707121789455,0.01302851177752018,-0.007582956459373236,-0.0022124960087239742,22.840111
0.5366666666666489,-0.007299044635146856,0.013028525747358799,-0.007582103367894888,-0.002212990541011095,22.840111
0.5368749999999822,-0.0072990418411791325,0.013028454035520554,-0.007581660989671946,-0.0022138755302876234,22.840111
0.5370833333333156,-0.007298977579921484,0.013028566725552082,-0.00758087495341897,-0.002214110689237714,22.840111
0.537291666666649,-0.007298940792679787,0.01302905473858118,-0.007580443751066923,-0.002213811269029975,22.840111
0.5374999999999823,-0.007298916112631559,0.013029300607740879,-0.007579232100397348,-0.002213945146650076,22.840111
0.5377083333333157,-0.00729889003559947,0.013029510155320168,-0.007578146178275347,-0.0022140666842460632,22.840111
0.5379166666666491,-0.0072988830506801605,0.013029874302446842,-0.0075773210264742374,-0.0022138834465295076,22.840111
0.5381249999999824,-0.007298840209841728,0.013028772547841072,-0.007577377371490002,-0.002213548868894577,22.840111
0.5383333333333158,-0.007298814598470926,0.013028907589614391,-0.007577277719974518,-0.0022124373354017735,22.840111
0.5385416666666492,-0.007298808079212904,0.013028883375227451,-0.007576781790703535,-0.0022122792433947325,22.840111
0.5387499999999825,-0.0072987922467291355,0.013029126450419426,-0.0075762392953038216,-0.0022121784277260303,22.840111
0.5389583333333159,-0.007298751268535852,0.013028630055487156,-0.007575915195047855,-0.002211212646216154,22.840111
0.5391666666666493,-0.007298717740923166,0.013028734363615513,-0.007575868163257837,-0.002210642211139202,22.840111
0.5393749999999826,-0.007298698648810387,0.01302811224013567,-0.007575057912617922,-0.0022106855176389217,22.840111
0.539583333333316,-0.007298667915165424,0.013028077781200409,-0.007574956864118576,-0.002210964448750019,22.840111
0.5397916666666494,-0.007298675831407309,0.013027719222009182,-0.007574501447379589,-0.002213494386523962,22.840111
0.5399999999999827,-0.007298596668988466,0.01302716787904501,-0.007573793642222881,-0.0022115004248917103,22.840111
0.5402083333333161,-0.007298565935343504,0.01302656065672636,-0.007573113311082125,-0.0022112911101430655,22.840111
0.5404166666666494,-0.007298495154827833,0.013025501742959023,-0.007571936585009098,-0.0022114973980933428,22.840111
0.5406249999999828,-0.00729846628382802,0.013025457039475441,-0.007571471389383078,-0.002211721381172538,22.840111
0.5408333333333162,-0.0072984229773283005,0.013025034219026566,-0.007570711430162191,-0.0022094633895903826,22.840111
0.5410416666666495,-0.007298421114683151,0.013024753890931606,-0.007569864857941866,-0.0022080689668655396,22.840111
0.5412499999999829,-0.007298388052731752,0.01302410289645195,-0.007569351699203253,-0.002207178622484207,22.840111
0.5414583333333163,-0.0072983503341674805,0.013023557141423225,-0.007568970322608948,-0.0022062091156840324,22.840111
0.5416666666666496,-0.007298314478248358,0.013023653998970985,-0.007569063920527697,-0.002205735072493553,22.840111
0.541874999999983,-0.007298304233700037,0.013023851439356804,-0.007569479756057262,-0.0022063462529331446,22.840111
0.5420833333333164,-0.007298235781490803,0.01302250288426876,-0.007569010369479656,-0.002207184210419655,22.840111
0.5422916666666497,-0.007298212498426437,0.013022403232753277,-0.007569022476673126,-0.002207618672400713,22.840111
0.5424999999999831,-0.007298204116523266,0.013021999970078468,-0.007568585220724344,-0.002208050573244691,22.840111
0.5427083333333165,-0.007298177573829889,0.013022585771977901,-0.007568564731627703,-0.002209036611020565,22.840111
0.5429166666666498,-0.007298148237168789,0.013022264465689659,-0.007568609435111284,-0.002210258971899748,22.840111
0.5431249999999832,-0.0072981189005076885,0.013021879829466343,-0.00756803760305047,-0.0022114054299890995,22.840111
0.5433333333333166,-0.0072980900295078754,0.013021465390920639,-0.007567696273326874,-0.0022128126583993435,22.840111
0.5435416666666499,-0.007298058830201626,0.01302148588001728,-0.00756749277934432,-0.0022138345520943403,22.840111
0.5437499999999833,-0.007298049982637167,0.013021336868405342,-0.007567500229924917,-0.002214241772890091,22.840111
0.5439583333333167,-0.007298000622540712,0.01302039809525013,-0.007567104417830706,-0.0022150217555463314,22.840111
0.54416666666665,-0.007297964300960302,0.013020285405218601,-0.007566640619188547,-0.002214988460764289,22.840111
0.5443749999999834,-0.00729795265942812,0.013019566424190998,-0.00756551930680871,-0.0022161672823131084,22.840111
0.5445833333333168,-0.007297847885638475,0.013019378297030926,-0.007565564475953579,-0.0022179048974066973,22.840111
0.5447916666666501,-0.0072978525422513485,0.013019812293350697,-0.007565622683614492,-0.0022214914206415415,22.840111
0.5449999999999835,-0.007297706790268421,0.013018294237554073,-0.007564414758235216,-0.002218805253505707,22.840111
0.5452083333333169,-0.007297644391655922,0.013018248602747917,-0.007564061786979437,-0.0022178853396326303,22.840111
0.5454166666666502,-0.007297617848962545,0.013017415069043636,-0.007562876213341951,-0.0022179228253662586,22.840111
0.5456249999999836,-0.007297585252672434,0.0130168367177248,-0.00756216561421752,-0.0022172974422574043,22.840111
0.545833333333317,-0.0072975484654307365,0.013016154058277607,-0.007561523001641035,-0.002216457389295101,22.840111
0.5460416666666503,-0.0072975461371243,0.013015592470765114,-0.007561855483800173,-0.002216183114796877,22.840111
0.5462499999999837,-0.007297537289559841,0.013014847412705421,-0.007560763042420149,-0.002216699533164501,22.840111
0.5464583333333171,-0.007297494914382696,0.013013916090130806,-0.007560008205473423,-0.0022169784642755985,22.840111
0.5466666666666504,-0.007297474425286055,0.013013225980103016,-0.007559147663414478,-0.0022173207253217697,22.840111
0.5468749999999838,-0.007297437638044357,0.013012835755944252,-0.007558205630630255,-0.002217930741608143,22.840111
0.5470833333333172,-0.0072973971255123615,0.013012263923883438,-0.007556332740932703,-0.002217866014689207,22.840111
0.5472916666666505,-0.007297354284673929,0.013012452982366085,-0.007555557880550623,-0.0022173256147652864,22.840111
0.5474999999999839,-0.007297345902770758,0.013011980801820755,-0.007554258219897747,-0.00221711746416986,22.840111
0.5477083333333173,-0.007297263480722904,0.013011765666306019,-0.007553303148597479,-0.002216203138232231,22.840111
0.5479166666666506,-0.007297256961464882,0.013011214323341846,-0.007552257739007473,-0.002215756569057703,22.840111
0.548124999999984,-0.0072972155176103115,0.013010596856474876,-0.0075510418973863125,-0.0022154399193823338,22.840111
0.5483333333333174,-0.007297174073755741,0.013010255992412567,-0.00754987308755517,-0.0022146839182823896,22.840111
0.5485416666666507,-0.007297173608094454,0.01301006693392992,-0.007548758294433355,-0.0022143027745187283,22.840111
0.5487499999999841,-0.007297131232917309,0.013008926063776016,-0.0075468868017196655,-0.0022137779742479324,22.840111
0.5489583333333174,-0.007297065109014511,0.01300873700529337,-0.007545891217887402,-0.0022137113846838474,22.840111
0.5491666666666508,-0.007297025993466377,0.013008448295295238,-0.007545026019215584,-0.0022138210479170084,22.840111
0.5493749999999842,-0.007296998519450426,0.01300855539739132,-0.0075449454598128796,-0.002213935134932399,22.840111
0.5495833333333175,-0.0072969733737409115,0.013008306734263897,-0.0075448183342814445,-0.002213969361037016,22.840111
0.5497916666666509,-0.007296921219676733,0.013007955625653267,-0.007544605992734432,-0.002215093467384577,22.840111
0.5499999999999843,-0.007296917028725147,0.01300792582333088,-0.007544603198766708,-0.0022146767005324364,22.840111
0.5502083333333176,-0.007296879310160875,0.013007896021008492,-0.007544729858636856,-0.0022143863607198,22.840111
0.550416666666651,-0.007296844385564327,0.01300765760242939,-0.007543675135821104,-0.002213449217379093,22.840111
0.5506249999999844,-0.0072968490421772,0.013008078560233116,-0.007542754057794809,-0.0022129355929791927,22.840111
0.5508333333333177,-0.007296795956790447,0.013007131405174732,-0.007541836705058813,-0.002212704624980688,22.840111
0.5510416666666511,-0.007296720054000616,0.013006685301661491,-0.007540896534919739,-0.002211836166679859,22.840111
0.5512499999999845,-0.00729667441919446,0.01300637237727642,-0.007539722137153149,-0.0022111167199909687,22.840111
0.5514583333333178,-0.0072966692969202995,0.01300544198602438,-0.0075386082753539085,-0.00221053184941411,22.840111
0.5516666666666512,-0.007296588737517595,0.013005094602704048,-0.00753784878179431,-0.002210116246715188,22.840111
0.5518749999999846,-0.00729658268392086,0.013005233369767666,-0.007537489756941795,-0.0022096866741776466,22.840111
0.5520833333333179,-0.0072965663857758045,0.013004729524254799,-0.00753649789839983,-0.002209268743172288,22.840111
0.5522916666666513,-0.007296534720808268,0.013003967702388763,-0.007535525597631931,-0.0022082861978560686,22.840111
0.5524999999999847,-0.007296471390873194,0.01300346665084362,-0.007534675300121307,-0.0022079627960920334,22.840111
0.552708333333318,-0.007296418771147728,0.013003077358007431,-0.007534413132816553,-0.0022068533580750227,22.840111
0.5529166666666514,-0.007296359166502953,0.013003258965909481,-0.007535420358181,-0.0022074924781918526,22.840111
0.5531249999999848,-0.00729620736092329,0.013002299703657627,-0.00753494817763567,-0.0022075092419981956,22.840111
0.5533333333333181,-0.007296204566955566,0.013002019375562668,-0.0075347404927015305,-0.0022091190330684185,22.840111
0.5535416666666515,-0.007296138443052769,0.013001197949051857,-0.007534025702625513,-0.0022091404534876347,22.840111
0.5537499999999849,-0.007296102587133646,0.013000518083572388,-0.007533499505370855,-0.0022092745639383793,22.840111
0.5539583333333182,-0.0072960443794727325,0.012999817728996277,-0.007533796597272158,-0.0022099134512245655,22.840111
0.5541666666666516,-0.007296049036085606,0.012999553233385086,-0.007533428259193897,-0.002210838720202446,22.840111
0.554374999999985,-0.00729597732424736,0.012999143451452255,-0.007532471790909767,-0.002212031278759241,22.840111
0.5545833333333183,-0.0072959307581186295,0.012998671270906925,-0.007531610317528248,-0.0022128643468022346,22.840111
0.5547916666666517,-0.007295905612409115,0.012998299673199654,-0.0075303795747458935,-0.002212352817878127,22.840111
0.5549999999999851,-0.007295901421457529,0.012997818179428577,-0.007529189810156822,-0.0022119637578725815,22.840111
0.5552083333333184,-0.007295865565538406,0.012996548786759377,-0.0075284568592906,-0.0022115863393992186,22.840111
0.5554166666666518,-0.007295777555555105,0.012995008379220963,-0.007527588866651058,-0.0022112936712801456,22.840111
0.5556249999999852,-0.0072957416996359825,0.012994122691452503,-0.007527435198426247,-0.0022104724775999784,22.840111
0.5558333333333185,-0.0072957416996359825,0.012992936186492443,-0.007527443114668131,-0.0022099525667726994,22.840111
0.5560416666666519,-0.007295703515410423,0.012991094030439854,-0.007526615168899298,-0.002210041508078575,22.840111
0.5562499999999853,-0.007295568939298391,0.012991067953407764,-0.007526478264480829,-0.002210636157542467,22.840111
0.5564583333333186,-0.007295553106814623,0.012991709634661674,-0.0075264438055455685,-0.0022112312726676464,22.840111
0.556666666666652,-0.007295496296137571,0.01299081277102232,-0.007525627966970205,-0.0022108168341219425,22.840111
0.5568749999999854,-0.00729542737826705,0.012990632094442844,-0.007525044493377209,-0.0022110221907496452,22.840111
0.5570833333333187,-0.007295393384993076,0.01299041137099266,-0.007524114102125168,-0.002211487852036953,22.840111
0.5572916666666521,-0.007295360788702965,0.012990579009056091,-0.007523876149207354,-0.002212260849773884,22.840111
0.5574999999999855,-0.007295321207493544,0.012990360148251057,-0.0075238291174173355,-0.0022126457188278437,22.840111
0.5577083333333188,-0.007295297924429178,0.012990371324121952,-0.007523118983954191,-0.0022122410591691732,22.840111
0.5579166666666522,-0.007295265328139067,0.012990567833185196,-0.007522871717810631,-0.0022123735398054123,22.840111
0.5581249999999855,-0.007295211777091026,0.012990412302315235,-0.007522325497120619,-0.002213072031736374,22.840111
0.5583333333333189,-0.007295159623026848,0.012990394607186317,-0.007522162050008774,-0.002212808234617114,22.840111
0.5585416666666523,-0.007295150775462389,0.012990949675440788,-0.007521374616771936,-0.002213133266195655,22.840111
0.5587499999999856,-0.0072951046749949455,0.0129904355853796,-0.007521434221416712,-0.002214498119428754,22.840111
0.558958333333319,-0.00729509349912405,0.012990384362637997,-0.007520432583987713,-0.0022153628524392843,22.840111
0.5591666666666524,-0.007295068819075823,0.012989658862352371,-0.007519761566072702,-0.0022160487715154886,22.840111
0.5593749999999857,-0.007294979877769947,0.0129890451207757,-0.007519635371863842,-0.002215825952589512,22.840111
0.5595833333333191,-0.00729494821280241,0.012988056056201458,-0.007518227677792311,-0.0022156464401632547,22.840111
0.5597916666666525,-0.007294915616512299,0.012987918220460415,-0.007518039550632238,-0.002215634798631072,22.840111
0.5599999999999858,-0.007294911891222,0.012988087721168995,-0.007517402525991201,-0.002215940970927477,22.840111
0.5602083333333192,-0.007294885814189911,0.01298760436475277,-0.007516891695559025,-0.0022165148984640837,22.840111
0.5604166666666526,-0.007294842042028904,0.012987333349883556,-0.007516386918723583,-0.0022167193237692118,22.840111
0.5606249999999859,-0.007294803392142057,0.012986754067242146,-0.007515387609601021,-0.0022171209566295147,22.840111
0.5608333333333193,-0.007294764742255211,0.01298670656979084,-0.007515011355280876,-0.0022179887164384127,22.840111
0.5610416666666527,-0.007294726092368364,0.012985669076442719,-0.007514654193073511,-0.0022186152637004852,22.840111
0.561249999999986,-0.007294670678675175,0.012985100038349628,-0.007513752672821283,-0.002219459507614374,22.840111
0.5614583333333194,-0.007294645998626947,0.012984588742256165,-0.007513665594160557,-0.0022203903645277023,22.840111
0.5616666666666528,-0.007294639013707638,0.012984574772417545,-0.0075137922540307045,-0.0022212776821106672,22.840111
0.5618749999999861,-0.007294574752449989,0.012984062545001507,-0.007513458840548992,-0.0022215682547539473,22.840111
0.5620833333333195,-0.007294560316950083,0.012983584776520729,-0.007512797601521015,-0.002222089795395732,22.840111
0.5622916666666529,-0.007294526789337397,0.01298278383910656,-0.007512283511459827,-0.0022219743113964796,22.840111
0.5624999999999862,-0.007294496987015009,0.012982579879462719,-0.007512361742556095,-0.002221697708591819,22.840111
0.5627083333333196,-0.007294481620192528,0.012982028536498547,-0.007512126117944717,-0.002221438568085432,22.840111
0.562916666666653,-0.0072944373823702335,0.012981503270566463,-0.007511939853429794,-0.002221045782789588,22.840111
0.5631249999999863,-0.007294401992112398,0.012981155887246132,-0.007512790150940418,-0.002222443697974086,22.840111
0.5633333333333197,-0.007294351700693369,0.012980612926185131,-0.007512993179261684,-0.002222275361418724,22.840111
0.5635416666666531,-0.007294344715774059,0.012980792671442032,-0.00751210143789649,-0.002221772912889719,22.840111
0.5637499999999864,-0.0072943237610161304,0.012981146574020386,-0.007512036245316267,-0.0022222576662898064,22.840111
0.5639583333333198,-0.007294276729226112,0.01298105251044035,-0.007511846721172333,-0.002223266987130046,22.840111
0.5641666666666532,-0.007294257637113333,0.012980970554053783,-0.007511556148529053,-0.002223567571491003,22.840111
0.5643749999999865,-0.007294229697436094,0.01298102643340826,-0.0075116269290447235,-0.0022240416146814823,22.840111
0.5645833333333199,-0.007294181734323502,0.012981218285858631,-0.007511861622333527,-0.0022245219442993402,22.840111
0.5647916666666533,-0.00729412492364645,0.012980594299733639,-0.007511341944336891,-0.00222496734932065,22.840111
0.5649999999999866,-0.007294090464711189,0.012980185449123383,-0.00750961247831583,-0.002224868396297097,22.840111
0.56520833333332,-0.007294047623872757,0.01297965832054615,-0.007509133778512478,-0.0022242660634219646,22.840111
0.5654166666666534,-0.007294039241969585,0.01297953724861145,-0.00750831700861454,-0.002223905175924301,22.840111
0.5656249999999867,-0.0072940196841955185,0.012979512102901936,-0.007508071605116129,-0.0022246402222663164,22.840111
0.5658333333333201,-0.0072939954698085785,0.012979255057871342,-0.007507501170039177,-0.0022247107699513435,22.840111
0.5660416666666535,-0.00729395542293787,0.012978753075003624,-0.007506079040467739,-0.002224582713097334,22.840111
0.5662499999999868,-0.007293900474905968,0.012978211045265198,-0.00750547181814909,-0.002224490512162447,22.840111
0.5664583333333202,-0.007293891627341509,0.01297793909907341,-0.007504904642701149,-0.0022255107760429382,22.840111
0.5666666666666536,-0.007293864618986845,0.012977936305105686,-0.007504399865865707,-0.0022261617705225945,22.840111
0.5668749999999869,-0.0072938138619065285,0.012977274134755135,-0.007503743749111891,-0.002225966425612569,22.840111
0.5670833333333203,-0.007293809205293655,0.012977207079529762,-0.007503584027290344,-0.0022275508381426334,22.840111
0.5672916666666536,-0.007293753791600466,0.012977360747754574,-0.007502532098442316,-0.002227609744295478,22.840111
0.567499999999987,-0.007293715141713619,0.01297715026885271,-0.007501135114580393,-0.002227251650765538,22.840111
0.5677083333333204,-0.0072936853393912315,0.0129768718034029,-0.0075007034465670586,-0.002227076794952154,22.840111
0.5679166666666537,-0.0072936746291816235,0.012976791709661484,-0.007500101812183857,-0.002226804383099079,22.840111
0.5681249999999871,-0.007293673697859049,0.012976692058146,-0.00749974325299263,-0.002226174809038639,22.840111
0.5683333333333205,-0.0072936126962304115,0.012975875288248062,-0.007498337887227535,-0.0022251519840210676,22.840111
0.5685416666666538,-0.007293559145182371,0.012976337224245071,-0.007497961167246103,-0.0022243468556553125,22.840111
0.5687499999999872,-0.00729354377835989,0.012976277619600296,-0.007497219368815422,-0.002223796444013715,22.840111
0.5689583333333206,-0.007293479982763529,0.012975784949958324,-0.00749620608985424,-0.0022237945813685656,22.840111
0.5691666666666539,-0.007293446455150843,0.012975859455764294,-0.007495553698390722,-0.002223842078819871,22.840111
0.5693749999999873,-0.007293397095054388,0.012975530698895454,-0.007494866382330656,-0.00222466210834682,22.840111
0.5695833333333207,-0.007293390575796366,0.012975490652024746,-0.007493836339563131,-0.002224493073299527,22.840111
0.569791666666654,-0.00729336915537715,0.012975303456187248,-0.007493250072002411,-0.002225136151537299,22.840111
0.5699999999999874,-0.007293322589248419,0.01297488622367382,-0.0074935429729521275,-0.002225747797638178,22.840111
0.5702083333333208,-0.007293253671377897,0.012973833829164505,-0.00749260513111949,-0.0022258348762989044,22.840111
0.5704166666666541,-0.007293204311281443,0.012973571196198463,-0.007492556236684322,-0.0022253727074712515,22.840111
0.5706249999999875,-0.007293158210813999,0.012973210774362087,-0.0074922628700733185,-0.002225513570010662,22.840111
0.5708333333333209,-0.007293125614523888,0.012972541153430939,-0.007491368800401688,-0.002225670963525772,22.840111
0.5710416666666542,-0.007293070200830698,0.012972393073141575,-0.007491213269531727,-0.0022268795873969793,22.840111
0.5712499999999876,-0.007293013855814934,0.012972026132047176,-0.007490564603358507,-0.002227685647085309,22.840111
0.571458333333321,-0.007293014787137508,0.01297217421233654,-0.007490372285246849,-0.002227882156148553,22.840111
0.5716666666666543,-0.007292969152331352,0.012971353717148304,-0.007489841431379318,-0.0022282241843640804,22.840111
0.5718749999999877,-0.007292940281331539,0.01297102402895689,-0.007489435840398073,-0.0022279443219304085,22.840111
0.5720833333333211,-0.007292930968105793,0.01297091320157051,-0.007489593233913183,-0.002228126861155033,22.840111
0.5722916666666544,-0.007292874623090029,0.012970147654414177,-0.007489154115319252,-0.002226985292509198,22.840111
0.5724999999999878,-0.007292863447219133,0.01296996884047985,-0.007488638162612915,-0.0022270316258072853,22.840111
0.5727083333333212,-0.007292842958122492,0.012970233336091042,-0.00748830521479249,-0.0022273417562246323,22.840111
0.5729166666666545,-0.007292765658348799,0.01296973042190075,-0.007487656082957983,-0.002227885415777564,22.840111
0.5731249999999879,-0.007292714435607195,0.01296976674348116,-0.0074861557222902775,-0.0022273410577327013,22.840111
0.5733333333333213,-0.0072926729917526245,0.012970123440027237,-0.007485269568860531,-0.0022273219656199217,22.840111
0.5735416666666546,-0.007292657624930143,0.012970673851668835,-0.00748404860496521,-0.002226717071607709,22.840111
0.573749999999988,-0.0072926487773656845,0.01297123171389103,-0.007482919842004776,-0.002226118929684162,22.840111
0.5739583333333214,-0.007292593829333782,0.012970022857189178,-0.007481044624000788,-0.002226586453616619,22.840111
0.5741666666666547,-0.00729245925322175,0.012969420291483402,-0.00747970025986433,-0.0022262721322476864,22.840111
0.5743749999999881,-0.0072924112901091576,0.012969370931386948,-0.007477960083633661,-0.0022259477991610765,22.840111
0.5745833333333215,-0.007292394991964102,0.012969523668289185,-0.007477402221411467,-0.002226572949439287,22.840111
0.5747916666666548,-0.0072923265397548676,0.012968367896974087,-0.007476285099983215,-0.002227343153208494,22.840111
0.5749999999999882,-0.007292242255061865,0.01296782772988081,-0.007475166581571102,-0.0022273436188697815,22.840111
0.5752083333333216,-0.0072922115214169025,0.012967841699719429,-0.007474278099834919,-0.0022274074144661427,22.840111
0.5754166666666549,-0.0072921765968203545,0.012967323884367943,-0.007473149802535772,-0.002227610908448696,22.840111
0.5756249999999883,-0.007292142603546381,0.012967058457434177,-0.007472288329154253,-0.0022274667862802744,22.840111
0.5758333333333217,-0.0072921402752399445,0.01296693179756403,-0.007471388205885887,-0.0022276260424405336,22.840111
0.576041666666655,-0.00729210814461112,0.012966870330274105,-0.007470787037163973,-0.002226920099928975,22.840111
0.5762499999999884,-0.007292069960385561,0.012966354377567768,-0.007469229865819216,-0.0022276812233030796,22.840111
0.5764583333333217,-0.007292000576853752,0.012966451235115528,-0.007467770483344793,-0.002227954799309373,22.840111
0.5766666666666551,-0.007291980087757111,0.012966607697308064,-0.007466916460543871,-0.0022277175448834896,22.840111
0.5768749999999885,-0.0072919405065476894,0.012965761125087738,-0.007465901784598827,-0.0022282672580331564,22.840111
0.5770833333333218,-0.0072918664664030075,0.012965066358447075,-0.007465399336069822,-0.0022278849501162767,22.840111
0.5772916666666552,-0.007291838992387056,0.012964615598320961,-0.007464813068509102,-0.002227003686130047,22.840111
0.5774999999999886,-0.007291819434612989,0.012964113615453243,-0.0074641951359808445,-0.002226043725386262,22.840111
0.5777083333333219,-0.007291790097951889,0.012963558547198772,-0.0074631148017942905,-0.002225768519565463,22.840111
0.5779166666666553,-0.007291746791452169,0.012963302433490753,-0.007462669163942337,-0.002225339412689209,22.840111
0.5781249999999887,-0.007291674148291349,0.01296321302652359,-0.007461819332093,-0.002225227188318968,22.840111
0.578333333333322,-0.007291617803275585,0.012963431887328625,-0.0074615818448364735,-0.002225349424406886,22.840111
0.5785416666666554,-0.007291571702808142,0.0129630072042346,-0.007461148779839277,-0.0022264462895691395,22.840111
0.5787499999999888,-0.007291493006050587,0.012962628155946732,-0.007460464723408222,-0.002226624870672822,22.840111
0.5789583333333221,-0.007291459944099188,0.012962870299816132,-0.0074600218795239925,-0.0022268027532845736,22.840111
0.5791666666666555,-0.007291457615792751,0.012962148524820805,-0.00745935644954443,-0.00222592381760478,22.840111
0.5793749999999889,-0.007291379850357771,0.01296220812946558,-0.007459145970642567,-0.0022244295105338097,22.840111
0.5795833333333222,-0.00729136960580945,0.01296157855540514,-0.007458679378032684,-0.002224043244495988,22.840111
0.5797916666666556,-0.007291317451745272,0.012960988096892834,-0.0074577960185706615,-0.0022231503389775753,22.840111
0.579999999999989,-0.007291294168680906,0.012961303815245628,-0.00745754037052393,-0.0022231319453567266,22.840111
0.5802083333333223,-0.007291252724826336,0.012960720807313919,-0.007456876803189516,-0.002223000628873706,22.840111
0.5804166666666557,-0.007291201502084732,0.012960590422153473,-0.007456974126398563,-0.002223128918558359,22.840111
0.5806249999999891,-0.0072911810129880905,0.012961434200406075,-0.0074575175531208515,-0.0022232041228562593,22.840111
0.5808333333333224,-0.007291060406714678,0.012961434200406075,-0.00745763024315238,-0.0022226832807064056,22.840111
0.5810416666666558,-0.007290951907634735,0.012961805798113346,-0.007458353880792856,-0.002222127513960004,22.840111
0.5812499999999892,-0.007290863431990147,0.012961830012500286,-0.007458167616277933,-0.002222196664661169,22.840111
0.5814583333333225,-0.00729080755263567,0.012962520122528076,-0.007457745727151632,-0.002221645787358284,22.840111
0.5816666666666559,-0.007290807086974382,0.012963841669261456,-0.0074570514261722565,-0.0022217966616153717,22.840111
0.5818749999999893,-0.0072906906716525555,0.012963027693331242,-0.0074570984579622746,-0.002221795730292797,22.840111
0.5820833333333226,-0.007290609646588564,0.012963606975972652,-0.007456794381141663,-0.0022216623183339834,22.840111
0.582291666666656,-0.007290590554475784,0.012963405810296535,-0.007455488201230764,-0.0022239836398512125,22.840111
0.5824999999999894,-0.007290505338460207,0.012963672168552876,-0.007454552687704563,-0.002220338210463524,22.840111
0.5827083333333227,-0.0072905016131699085,0.01296377182006836,-0.007453931961208582,-0.0022200988605618477,22.840111
0.5829166666666561,-0.007290456909686327,0.01296465564519167,-0.007454937789589167,-0.002218573121353984,22.840111
0.5831249999999895,-0.007290343288332224,0.012964135967195034,-0.007453961297869682,-0.0022186192218214273,22.840111
0.5833333333333228,-0.007290257140994072,0.012963510118424892,-0.007452884688973427,-0.0022194762714207172,22.840111
0.5835416666666562,-0.007290217559784651,0.012964684516191483,-0.0074526360258460045,-0.002219593385234475,22.840111
0.5837499999999896,-0.007290123961865902,0.012964271940290928,-0.007451948709785938,-0.0022202669642865658,22.840111
0.5839583333333229,-0.007290087640285492,0.012964120134711266,-0.007451432757079601,-0.002221153350546956,22.840111
0.5841666666666563,-0.007290037348866463,0.012964372523128986,-0.00745090376585722,-0.002221620874479413,22.840111
0.5843749999999897,-0.007289982866495848,0.012963823974132538,-0.00744977779686451,-0.00222217570990324,22.840111
0.584583333333323,-0.007289922796189785,0.012963645160198212,-0.007449361961334944,-0.0022225542925298214,22.840111
0.5847916666666564,-0.007289886474609375,0.012963918037712574,-0.007448968477547169,-0.0022226900327950716,22.840111
0.5849999999999898,-0.007289830595254898,0.012963391840457916,-0.007448401302099228,-0.002223452553153038,22.840111
0.5852083333333231,-0.0072897751815617085,0.012963354587554932,-0.0074486141093075275,-0.0022244523279368877,22.840111
0.5854166666666565,-0.007289706729352474,0.012962845154106617,-0.007448252756148577,-0.0022253505885601044,22.840111
0.5856249999999898,-0.007289680186659098,0.012963470071554184,-0.0074485293589532375,-0.0022258625831454992,22.840111
0.5858333333333232,-0.007289587520062923,0.01296236738562584,-0.007448023185133934,-0.0022252153139561415,22.840111
0.5860416666666566,-0.007289530243724585,0.012962333858013153,-0.007447672076523304,-0.0022245277650654316,22.840111
0.58624999999999,-0.00728951720520854,0.012962930835783482,-0.007447951938956976,-0.0022246716544032097,22.840111
0.5864583333333233,-0.007289471570402384,0.012962914071977139,-0.007447703741490841,-0.0022252483759075403,22.840111
0.5866666666666567,-0.0072894105687737465,0.012962963432073593,-0.007446955889463425,-0.002225909847766161,22.840111
0.58687499999999,-0.00728935981169343,0.012963028624653816,-0.007446561474353075,-0.002226256299763918,22.840111
0.5870833333333234,-0.007289325352758169,0.012963144108653069,-0.007446707226336002,-0.0022265363950282335,22.840111
0.5872916666666568,-0.007289272733032703,0.012962402775883675,-0.007446164730936289,-0.0022268567699939013,22.840111
0.5874999999999901,-0.007289217785000801,0.012962319888174534,-0.00744647067040205,-0.0022265948355197906,22.840111
0.5877083333333235,-0.0072891744785010815,0.012962231412529945,-0.007446458097547293,-0.002226193668320775,22.840111
0.5879166666666569,-0.007289113011211157,0.012961911037564278,-0.007446052506566048,-0.0022253203205764294,22.840111
0.5881249999999902,-0.007289073895663023,0.012961995787918568,-0.007445258554071188,-0.0022253654897212982,22.840111
0.5883333333333236,-0.007289042696356773,0.012962501496076584,-0.007445427123457193,-0.0022248609457165003,22.840111
0.588541666666657,-0.007288970518857241,0.012962214648723602,-0.007445258554071188,-0.002224774332717061,22.840111
0.5887499999999903,-0.007288896478712559,0.012961837463080883,-0.0074445023201406,-0.0022247498854994774,22.840111
0.5889583333333237,-0.00728883920237422,0.012962106615304947,-0.007444286253303289,-0.002224798547104001,22.840111
0.5891666666666571,-0.007288820575922728,0.01296248473227024,-0.007444178219884634,-0.0022245098371058702,22.840111
0.5893749999999904,-0.0072887665592134,0.01296216156333685,-0.007443481124937534,-0.002224151510745287,22.840111
0.5895833333333238,-0.007288718596100807,0.012962142936885357,-0.007443487178534269,-0.002223421586677432,22.840111
0.5897916666666572,-0.007288685999810696,0.012962489388883114,-0.007442624773830175,-0.0022225063294172287,22.840111
0.5899999999999905,-0.007288660854101181,0.012962748296558857,-0.00744183175265789,-0.0022223391570150852,22.840111
0.5902083333333239,-0.007288659457117319,0.012963246554136276,-0.0074418410658836365,-0.002221613423898816,22.840111
0.5904166666666573,-0.007288570981472731,0.01296232920140028,-0.007441893685609102,-0.0022217421792447567,22.840111
0.5906249999999906,-0.007288509514182806,0.012961636297404766,-0.007440110202878714,-0.002222175942733884,22.840111
0.590833333333324,-0.007288398686796427,0.012960933148860931,-0.007439876440912485,-0.0022222730331122875,22.840111
0.5910416666666574,-0.007288359105587006,0.012961216270923615,-0.0074401418678462505,-0.0022236290387809277,22.840111
0.5912499999999907,-0.007288276217877865,0.012960942462086678,-0.007440291345119476,-0.0022243233397603035,22.840111
0.5914583333333241,-0.0072882091626524925,0.01296110451221466,-0.007440025452524424,-0.002225465141236782,22.840111
0.5916666666666575,-0.0072881244122982025,0.012961218133568764,-0.00743983406573534,-0.0022265403531491756,22.840111
0.5918749999999908,-0.007288049906492233,0.012961026281118393,-0.007439399138092995,-0.002227607648819685,22.840111
0.5920833333333242,-0.007287976797670126,0.012961079366505146,-0.007438954897224903,-0.0022288404870778322,22.840111
0.5922916666666576,-0.007287933025509119,0.012960849329829216,-0.0074386862106621265,-0.002229657955467701,22.840111
0.5924999999999909,-0.007287849672138691,0.012960162945091724,-0.007438574451953173,-0.0022305857855826616,22.840111
0.5927083333333243,-0.007287811953574419,0.012959829531610012,-0.007439004722982645,-0.00223183399066329,22.840111
0.5929166666666577,-0.0072877672500908375,0.012959667481482029,-0.007437948137521744,-0.0022314684465527534,22.840111
0.593124999999991,-0.007287745829671621,0.012959648855030537,-0.007437353953719139,-0.0022319075651466846,22.840111
0.5933333333333244,-0.007287738379091024,0.012960263527929783,-0.007436977233737707,-0.0022327464539557695,22.840111
0.5935416666666578,-0.007287661544978619,0.012959695421159267,-0.00743604451417923,-0.002233457285910845,22.840111
0.5937499999999911,-0.0072876024059951305,0.012959160842001438,-0.007435459643602371,-0.002234117593616247,22.840111
0.5939583333333245,-0.00728756096214056,0.01295868307352066,-0.007435076404362917,-0.0022344968747347593,22.840111
0.5941666666666579,-0.007287491112947464,0.01295854989439249,-0.007433820981532335,-0.0022347569465637207,22.840111
0.5943749999999912,-0.007287451531738043,0.012959201820194721,-0.007433419115841389,-0.002234045648947358,22.840111
0.5945833333333246,-0.00728737423196435,0.012959391809999943,-0.007432510145008564,-0.002233776031062007,22.840111
0.594791666666658,-0.0072873057797551155,0.012959080748260021,-0.007431704085320234,-0.0022329948842525482,22.840111
0.5949999999999913,-0.007287246640771627,0.012959123589098454,-0.007430937606841326,-0.0022322305012494326,22.840111
0.5952083333333247,-0.007287196349352598,0.012958930805325508,-0.007430012803524733,-0.002231887076050043,22.840111
0.595416666666658,-0.007287167944014072,0.012959431856870651,-0.007430462632328272,-0.00223236670717597,22.840111
0.5956249999999914,-0.007287096232175827,0.012959904968738556,-0.007431141100823879,-0.002232528058812022,22.840111
0.5958333333333248,-0.007286969106644392,0.012959870509803295,-0.007431568577885628,-0.0022316172253340483,22.840111
0.5960416666666581,-0.007286881096661091,0.01296013779938221,-0.007431459613144398,-0.002229782287031412,22.840111
0.5962499999999915,-0.007286815904080868,0.012960315681993961,-0.0074306814931333065,-0.0022288095206022263,22.840111
0.5964583333333249,-0.0072867958806455135,0.012960750609636307,-0.007430287543684244,-0.002228248631581664,22.840111
0.5966666666666582,-0.007286776322871447,0.012960627675056458,-0.007429673336446285,-0.0022276451345533133,22.840111
0.5968749999999916,-0.007286752108484507,0.012960906140506268,-0.007429680321365595,-0.0022274567745625973,22.840111
0.597083333333325,-0.00728668412193656,0.012960664927959442,-0.007429324556142092,-0.002227006945759058,22.840111
0.5972916666666583,-0.00728666502982378,0.01296093501150608,-0.007429271936416626,-0.002226129872724414,22.840111
0.5974999999999917,-0.007286586333066225,0.01296022068709135,-0.007428730372339487,-0.0022264153230935335,22.840111
0.5977083333333251,-0.007286500185728073,0.012960614636540413,-0.0074288626201450825,-0.0022269063629209995,22.840111
0.5979166666666584,-0.00728642800822854,0.012960931286215782,-0.00742808822542429,-0.0022278851829469204,22.840111
0.5981249999999918,-0.007286358624696732,0.012960915453732014,-0.007427732925862074,-0.0022284307051450014,22.840111
0.5983333333333252,-0.007286297623068094,0.012961015105247498,-0.007427514065057039,-0.0022291059140115976,22.840111
0.5985416666666585,-0.007286232430487871,0.012960919179022312,-0.007426890544593334,-0.00222972733899951,22.840111
0.5987499999999919,-0.0072861467488110065,0.012960049323737621,-0.007426596712321043,-0.0022313594818115234,22.840111
0.5989583333333253,-0.00728608388453722,0.01296005118638277,-0.007426380645483732,-0.0022325324825942516,22.840111
0.5991666666666586,-0.0072860317304730415,0.012959545478224754,-0.007425369694828987,-0.002232913626357913,22.840111
0.599374999999992,-0.0072859590873122215,0.012959311716258526,-0.007425118703395128,-0.0022325015161186457,22.840111
0.5995833333333254,-0.007285894360393286,0.012959160842001438,-0.007425169926136732,-0.002232931088656187,22.840111
0.5997916666666587,-0.007285841275006533,0.012959427200257778,-0.007425164803862572,-0.0022341683506965637,22.840111
0.5999999999999921,-0.007285807281732559,0.01295942161232233,-0.007425523363053799,-0.002234953222796321,22.840111
0.6002083333333255,-0.007285750471055508,0.012959558516740799,-0.007425655145198107,-0.002235632622614503,22.840111
0.6004166666666588,-0.007285686209797859,0.012959827668964863,-0.007425962947309017,-0.002236077096313238,22.840111
0.6006249999999922,-0.007285621482878923,0.012960667721927166,-0.007426119409501553,-0.0022360344883054495,22.840111
0.6008333333333256,-0.007285526022315025,0.012961343862116337,-0.007425407879054546,-0.0022355590481311083,22.840111
0.6010416666666589,-0.007285435684025288,0.01296205259859562,-0.00742535712197423,-0.002236180705949664,22.840111
0.6012499999999923,-0.007285351399332285,0.012962874956429005,-0.0074254912324249744,-0.0022364568430930376,22.840111
0.6014583333333257,-0.007285257801413536,0.012963117100298405,-0.007424360606819391,-0.0022363951429724693,22.840111
0.601666666666659,-0.007285175379365683,0.01296328566968441,-0.00742423115298152,-0.0022363602183759212,22.840111
0.6018749999999924,-0.007285109255462885,0.012963596731424332,-0.0074243019334971905,-0.0022362496238201857,22.840111
0.6020833333333258,-0.007285041734576225,0.012963651679456234,-0.007424524985253811,-0.002236024709418416,22.840111
0.6022916666666591,-0.007284987717866898,0.012964031659066677,-0.0074246590957045555,-0.002235767198726535,22.840111
0.6024999999999925,-0.007284908089786768,0.012964868918061256,-0.007424709387123585,-0.002235701773315668,22.840111
0.6027083333333259,-0.007284810300916433,0.01296535786241293,-0.007425184827297926,-0.0022343462333083153,22.840111
0.6029166666666592,-0.007284737192094326,0.012965826317667961,-0.0074242716655135155,-0.0022347921039909124,22.840111
0.6031249999999926,-0.007284676656126976,0.012966286391019821,-0.007424117531627417,-0.002235020510852337,22.840111
0.603333333333326,-0.0072846305556595325,0.012966937385499477,-0.007424426730722189,-0.0022343064192682505,22.840111
0.6035416666666593,-0.0072845639660954475,0.012966854497790337,-0.007425340358167887,-0.002233722945675254,22.840111
0.6037499999999927,-0.0072844913229346275,0.012966999784111977,-0.007426006253808737,-0.0022334984969347715,22.840111
0.603958333333326,-0.0072844307869672775,0.012966575101017952,-0.007425480522215366,-0.0022337387781590223,22.840111
0.6041666666666594,-0.007284323684871197,0.012965883128345013,-0.007424790412187576,-0.002233358798548579,22.840111
0.6043749999999928,-0.0072842612862586975,0.012965927831828594,-0.0074250963516533375,-0.0022328714840114117,22.840111
0.6045833333333261,-0.007284179329872131,0.012965337373316288,-0.007424577604979277,-0.0022331869695335627,22.840111
0.6047916666666595,-0.007284143939614296,0.012965127825737,-0.007424192503094673,-0.002233838429674506,22.840111
0.6049999999999929,-0.007284057326614857,0.012964854948222637,-0.007424172013998032,-0.002234312007203698,22.840111
0.6052083333333262,-0.007283966988325119,0.012964020483195782,-0.0074225435964763165,-0.002234966494143009,22.840111
0.6054166666666596,-0.007283883634954691,0.012963764369487762,-0.007421733345836401,-0.0022346104960888624,22.840111
0.605624999999993,-0.007283820770680904,0.01296341884881258,-0.007421345915645361,-0.0022348358761519194,22.840111
0.6058333333333263,-0.007283789571374655,0.012963471002876759,-0.007421039044857025,-0.0022350375074893236,22.840111
0.6060416666666597,-0.007283733692020178,0.012963032349944115,-0.007420915178954601,-0.0022343266755342484,22.840111
0.6062499999999931,-0.0072836787439882755,0.012962977401912212,-0.007421240210533142,-0.0022334475070238113,22.840111
0.6064583333333264,-0.007283602841198444,0.012962312437593937,-0.007420639507472515,-0.0022332812659442425,22.840111
0.6066666666666598,-0.007283531595021486,0.012962713837623596,-0.007420341018587351,-0.00223299628123641,22.840111
0.6068749999999932,-0.00728344451636076,0.01296265795826912,-0.007419297005981207,-0.0022327343467622995,22.840111
0.6070833333333265,-0.007283361628651619,0.012962419539690018,-0.007418318185955286,-0.0022325869649648666,22.840111
0.6072916666666599,-0.007283278275281191,0.012962411157786846,-0.007417446468025446,-0.002232505939900875,22.840111
0.6074999999999933,-0.007283193524926901,0.012961977161467075,-0.007416638545691967,-0.0022319320123642683,22.840111
0.6077083333333266,-0.007283132057636976,0.01296164095401764,-0.0074163079261779785,-0.0022319683339446783,22.840111
0.60791666666666,-0.0072830296121537685,0.012961192056536674,-0.007415093015879393,-0.0022316607646644115,22.840111
0.6081249999999934,-0.007282954640686512,0.012961030006408691,-0.007414362858980894,-0.002231414197012782,22.840111
0.6083333333333267,-0.007282861042767763,0.012960475869476795,-0.007413600571453571,-0.0022291941568255424,22.840111
0.6085416666666601,-0.00728279585018754,0.012960551306605339,-0.007413660641759634,-0.0022291920613497496,22.840111
0.6087499999999935,-0.00728269200772047,0.0129604646936059,-0.007413674611598253,-0.0022293273359537125,22.840111
0.6089583333333268,-0.007282610982656479,0.012960447929799557,-0.007412799168378115,-0.0022290446795523167,22.840111
0.6091666666666602,-0.007282549049705267,0.012960465624928474,-0.007412427105009556,-0.0022290160413831472,22.840111
0.6093749999999936,-0.007282488979399204,0.012960587628185749,-0.007412260863929987,-0.00222832802683115,22.840111
0.6095833333333269,-0.007282435894012451,0.01296030543744564,-0.00741242803633213,-0.0022274674847722054,22.840111
0.6097916666666603,-0.0072823562659323215,0.01295971218496561,-0.0074111479334533215,-0.002227721270173788,22.840111
0.6099999999999937,-0.007282265927642584,0.012959484942257404,-0.00741081265732646,-0.0022276935633271933,22.840111
0.610208333333327,-0.007282165810465813,0.012959282845258713,-0.007410417776554823,-0.002228422788903117,22.840111
0.6104166666666604,-0.007282088976353407,0.012958785519003868,-0.007410030346363783,-0.002229139441624284,22.840111
0.6106249999999938,-0.007282005622982979,0.012957993894815445,-0.007410215679556131,-0.0022297773975878954,22.840111
0.6108333333333271,-0.007281929720193148,0.012957497499883175,-0.007410201709717512,-0.0022304255980998278,22.840111
0.6110416666666605,-0.00728182215243578,0.012956238351762295,-0.007409772370010614,-0.0022305643651634455,22.840111
0.6112499999999939,-0.007281752768903971,0.01295609399676323,-0.0074096499010920525,-0.0022307278122752905,22.840111
0.6114583333333272,-0.007281648926436901,0.012955723330378532,-0.007408949080854654,-0.0022302602883428335,22.840111
0.6116666666666606,-0.007281551603227854,0.01295542437583208,-0.007409955840557814,-0.0022302870638668537,22.840111
0.611874999999994,-0.007281447295099497,0.012955091893672943,-0.00741024361923337,-0.002231006743386388,22.840111
0.6120833333333273,-0.007281378842890263,0.012954863719642162,-0.007410438731312752,-0.002230983227491379,22.840111
0.6122916666666607,-0.007281285244971514,0.012955008074641228,-0.007410050835460424,-0.002230501500889659,22.840111
0.612499999999994,-0.007281207479536533,0.01295496802777052,-0.007410063408315182,-0.002230229787528515,22.840111
0.6127083333333274,-0.007281112484633923,0.012954742647707462,-0.007409899029880762,-0.002230448881164193,22.840111
0.6129166666666608,-0.00728100910782814,0.012955131009221077,-0.0074096261523664,-0.0022305205930024385,22.840111
0.6131249999999941,-0.007280911318957806,0.012955481186509132,-0.007409185636788607,-0.0022301580756902695,22.840111
0.6133333333333275,-0.007280830759555101,0.012955416925251484,-0.007408980745822191,-0.002230390440672636,22.840111
0.6135416666666609,-0.007280740886926651,0.012955600395798683,-0.007409239187836647,-0.002231402788311243,22.840111
0.6137499999999942,-0.00728064076974988,0.012955237179994583,-0.007408963516354561,-0.0022317657712846994,22.840111
0.6139583333333276,-0.007280539721250534,0.012955383397638798,-0.0074083805084228516,-0.0022318612318485975,22.840111
0.614166666666661,-0.0072804586961865425,0.012955332174897194,-0.007408689707517624,-0.002231193706393242,22.840111
0.6143749999999943,-0.007280350662767887,0.012955370359122753,-0.007408336270600557,-0.0022300558630377054,22.840111
0.6145833333333277,-0.007280264515429735,0.01295571681112051,-0.007408299017697573,-0.0022300039418041706,22.840111
0.6147916666666611,-0.007280163932591677,0.012955834157764912,-0.0074086678214371204,-0.002229758771136403,22.840111
0.6149999999999944,-0.007280096411705017,0.012956768274307251,-0.007409311830997467,-0.0022295895032584667,22.840111
0.6152083333333278,-0.007279978599399328,0.012956268154084682,-0.007409146521240473,-0.0022295485250651836,22.840111
0.6154166666666612,-0.007279850542545319,0.012955259531736374,-0.007408429402858019,-0.0022301371209323406,22.840111
0.6156249999999945,-0.007279745768755674,0.012954723089933395,-0.0074081155471503735,-0.0022309268824756145,22.840111
0.6158333333333279,-0.007279661949723959,0.012954307720065117,-0.007406656630337238,-0.002232038415968418,22.840111
0.6160416666666613,-0.0072795432060956955,0.012953955680131912,-0.007405639160424471,-0.0022326495964080095,22.840111
0.6162499999999946,-0.00727944215759635,0.012953662313520908,-0.00740528479218483,-0.0022335313260555267,22.840111
0.616458333333328,-0.007279376965016127,0.012952934950590134,-0.007405127864331007,-0.002234848216176033,22.840111
0.6166666666666614,-0.00727927265688777,0.01295243576169014,-0.0074044750072062016,-0.0022347255144268274,22.840111
0.6168749999999947,-0.00727918790653348,0.012952165678143501,-0.007403858471661806,-0.002234030282124877,22.840111
0.6170833333333281,-0.007279091980308294,0.012951657176017761,-0.00740349106490612,-0.002233208855614066,22.840111
0.6172916666666615,-0.007279044017195702,0.012952321209013462,-0.007402791175991297,-0.0022331885993480682,22.840111
0.6174999999999948,-0.007278955075889826,0.012952622026205063,-0.00740237208083272,-0.002233215607702732,22.840111
0.6177083333333282,-0.007278867065906525,0.012952827848494053,-0.007402709685266018,-0.002232343191280961,22.840111
0.6179166666666616,-0.007278771139681339,0.012952551245689392,-0.007402142509818077,-0.002231893828138709,22.840111
0.6181249999999949,-0.00727869151160121,0.012952045537531376,-0.0074019040912389755,-0.0022310102358460426,22.840111
0.6183333333333283,-0.007278647273778915,0.012951924465596676,-0.007401058916002512,-0.002230115234851837,22.840111
0.6185416666666617,-0.007278545759618282,0.012951335869729519,-0.007400112692266703,-0.002228830009698868,22.840111
0.618749999999995,-0.007278452627360821,0.012950833886861801,-0.007399643771350384,-0.00222804956138134,22.840111
0.6189583333333284,-0.00727836275473237,0.012950479052960873,-0.007399345748126507,-0.0022275580558925867,22.840111
0.6191666666666618,-0.0072782509960234165,0.012950016185641289,-0.007398879621177912,-0.002227603690698743,22.840111
0.6193749999999951,-0.00727814668789506,0.012950240634381771,-0.007399750407785177,-0.0022285054437816143,22.840111
0.6195833333333285,-0.0072780391201376915,0.012949627824127674,-0.007399995345622301,-0.002226431155577302,22.840111
0.6197916666666619,-0.00727793900296092,0.012949117459356785,-0.007399710360914469,-0.002224984113126993,22.840111
0.6199999999999952,-0.0072778682224452496,0.01294931024312973,-0.007400270085781813,-0.0022244055289775133,22.840111
0.6202083333333286,-0.007277789991348982,0.01294888649135828,-0.0073996419087052345,-0.0022247531451284885,22.840111
0.620416666666662,-0.007277693133801222,0.012948268093168736,-0.007398598361760378,-0.002224973402917385,22.840111
0.6206249999999953,-0.007277616299688816,0.012948103249073029,-0.007398662157356739,-0.0022256881929934025,22.840111
0.6208333333333287,-0.007277509197592735,0.012947868555784225,-0.00739834550768137,-0.0022265843581408262,22.840111
0.621041666666662,-0.007277416065335274,0.012947674840688705,-0.007398586254566908,-0.00222734990529716,22.840111
0.6212499999999954,-0.0072773112915456295,0.012947145849466324,-0.007398453075438738,-0.0022277035750448704,22.840111
0.6214583333333288,-0.00727722467854619,0.012946948409080505,-0.007398670539259911,-0.002228085184469819,22.840111
0.6216666666666621,-0.007277089636772871,0.012946989387273788,-0.007397535722702742,-0.0022286970634013414,22.840111
0.6218749999999955,-0.007276981137692928,0.012947512790560722,-0.007396802771836519,-0.0022291173227131367,22.840111
0.6220833333333289,-0.007276860065758228,0.012947606854140759,-0.00739638926461339,-0.0022297382820397615,22.840111
0.6222916666666622,-0.007276763208210468,0.012947224080562592,-0.007396030239760876,-0.0022290528286248446,22.840111
0.6224999999999956,-0.007276654709130526,0.012947192415595055,-0.007395728956907988,-0.002227918477728963,22.840111
0.622708333333329,-0.007276568561792374,0.01294716913253069,-0.007395333144813776,-0.0022273785434663296,22.840111
0.6229166666666623,-0.0072764744982123375,0.01294740755110979,-0.0073951962403953075,-0.0022270719055086374,22.840111
0.6231249999999957,-0.007276374846696854,0.012948151677846909,-0.007395128253847361,-0.0022278439719229937,22.840111
0.6233333333333291,-0.007276252377778292,0.012948429211974144,-0.007395418826490641,-0.002227307762950659,22.840111
0.6235416666666624,-0.007276119198650122,0.0129480492323637,-0.007395884022116661,-0.0022271168418228626,22.840111
0.6237499999999958,-0.0072760325856506824,0.012947949580848217,-0.007396460510790348,-0.002226536627858877,22.840111
0.6239583333333292,-0.007275932002812624,0.012947704643011093,-0.00739691499620676,-0.0022258723620325327,22.840111
0.6241666666666625,-0.007275817915797234,0.012947351671755314,-0.007397392299026251,-0.002224983647465706,22.840111
0.6243749999999959,-0.007275721989572048,0.012947591952979565,-0.007397669833153486,-0.0022243938874453306,22.840111
0.6245833333333293,-0.007275627925992012,0.01294740941375494,-0.007397758774459362,-0.002225116826593876,22.840111
0.6247916666666626,-0.007275527808815241,0.012947418726980686,-0.0073982421308755875,-0.0022258872631937265,22.840111
0.624999999999996,-0.007275415584445,0.01294659823179245,-0.007397988811135292,-0.002225549193099141,22.840111
0.6252083333333294,-0.007275307551026344,0.012946019880473614,-0.0073973932303488255,-0.0022235901560634375,22.840111
0.6254166666666627,-0.007275201380252838,0.012944621033966541,-0.007396724075078964,-0.0022228052839636803,22.840111
0.6256249999999961,-0.007275085896253586,0.012943608686327934,-0.0073965685442090034,-0.0022225314751267433,22.840111
0.6258333333333295,-0.00727500906214118,0.012943457812070847,-0.0073961555026471615,-0.0022229200694710016,22.840111
0.6260416666666628,-0.007274922449141741,0.01294278260320425,-0.007395505905151367,-0.0022235990036278963,22.840111
0.6262499999999962,-0.007274836301803589,0.01294208224862814,-0.007395295426249504,-0.002223247429355979,22.840111
0.6264583333333296,-0.007274721283465624,0.012942297384142876,-0.007394639775156975,-0.0022229126188904047,22.840111
0.6266666666666629,-0.0072746300138533115,0.012942226603627205,-0.007394176907837391,-0.0022228241432458162,22.840111
0.6268749999999963,-0.007274513132870197,0.012942103669047356,-0.007393720559775829,-0.002223010640591383,22.840111
0.6270833333333297,-0.007274409290403128,0.012941532768309116,-0.0073928856290876865,-0.0022231778129935265,22.840111
0.627291666666663,-0.007274305913597345,0.012941336259245872,-0.007392378058284521,-0.002223906572908163,22.840111
0.6274999999999964,-0.0072742002084851265,0.012941214255988598,-0.007392367348074913,-0.002224772470071912,22.840111
0.6277083333333298,-0.007274068426340818,0.012940593995153904,-0.0073916008695960045,-0.0022226786240935326,22.840111
0.6279166666666631,-0.007273948285728693,0.012940339744091034,-0.00739072822034359,-0.002221980132162571,22.840111
0.6281249999999965,-0.007273828145116568,0.012940327636897564,-0.007390833459794521,-0.0022218225058168173,22.840111
0.6283333333333299,-0.007273746654391289,0.012940063141286373,-0.007390426006168127,-0.002221225295215845,22.840111
0.6285416666666632,-0.007273630239069462,0.012940091080963612,-0.007390354759991169,-0.002220480004325509,22.840111
0.6287499999999966,-0.007273516152054071,0.012939861044287682,-0.007389823440462351,-0.0022202192340046167,22.840111
0.62895833333333,-0.00727339880540967,0.012940023094415665,-0.007390294689685106,-0.0022202094551175833,22.840111
0.6291666666666633,-0.007273276336491108,0.012940041720867157,-0.007391395978629589,-0.0022200285457074642,22.840111
0.6293749999999967,-0.007273151073604822,0.012939573265612125,-0.007392122410237789,-0.0022203505504876375,22.840111
0.62958333333333,-0.007273033261299133,0.012938758358359337,-0.007391802035272121,-0.0022205852437764406,22.840111
0.6297916666666634,-0.007272884715348482,0.012937688268721104,-0.007390855345875025,-0.0022221936378628016,22.840111
0.6299999999999968,-0.007272772956639528,0.012936820276081562,-0.007390701677650213,-0.0022235505748540163,22.840111
0.6302083333333302,-0.007272625342011452,0.012936485931277275,-0.0073907338082790375,-0.002223684685304761,22.840111
0.6304166666666635,-0.007272533141076565,0.012935957871377468,-0.007390457671135664,-0.0022227431181818247,22.840111
0.6306249999999969,-0.0072724162600934505,0.012935332953929901,-0.007390362210571766,-0.002222422044724226,22.840111
0.6308333333333302,-0.007272309623658657,0.01293482817709446,-0.007391032762825489,-0.0022224332205951214,22.840111
0.6310416666666636,-0.007272166199982166,0.012934529222548008,-0.0073907929472625256,-0.002221887232735753,22.840111
0.631249999999997,-0.007272034417837858,0.012934411875903606,-0.007390850689262152,-0.0022218439262360334,22.840111
0.6314583333333303,-0.007271913345903158,0.012934129685163498,-0.0073906839825212955,-0.0022219023667275906,22.840111
0.6316666666666637,-0.007271773647516966,0.012933945283293724,-0.00738996546715498,-0.0022213298361748457,22.840111
0.6318749999999971,-0.007271650247275829,0.01293410174548626,-0.007389375939965248,-0.002220788272097707,22.840111
0.6320833333333304,-0.007271526847034693,0.01293424516916275,-0.007389061152935028,-0.0022212727926671505,22.840111
0.6322916666666638,-0.007271395064890385,0.012934225611388683,-0.0073894327506423,-0.0022224762942641973,22.840111
0.6324999999999972,-0.007271264214068651,0.01293390616774559,-0.007389485836029053,-0.00222208839841187,22.840111
0.6327083333333305,-0.007271124515682459,0.012933949939906597,-0.00738948117941618,-0.0022216406650841236,22.840111
0.6329166666666639,-0.0072709945961833,0.012933505699038506,-0.007389205973595381,-0.0022192890755832195,22.840111
0.6331249999999973,-0.0072708819061517715,0.01293367613106966,-0.007388979662209749,-0.002218118403106928,22.840111
0.6333333333333306,-0.007270761765539646,0.012933705002069473,-0.007389376871287823,-0.0022181752137839794,22.840111
0.633541666666664,-0.007270640227943659,0.01293323002755642,-0.007389470469206572,-0.0022178064100444317,22.840111
0.6337499999999974,-0.007270520552992821,0.01293287705630064,-0.007389121688902378,-0.0022181174717843533,22.840111
0.6339583333333307,-0.00727038225159049,0.012931864708662033,-0.007388093043118715,-0.002217910485342145,22.840111
0.6341666666666641,-0.007270256523042917,0.012930972501635551,-0.007386880926787853,-0.002217755652964115,22.840111
0.6343749999999975,-0.007270112633705139,0.012929562479257584,-0.00738590257242322,-0.002217736793681979,22.840111
0.6345833333333308,-0.007269973400980234,0.012927881442010403,-0.007384642958641052,-0.0022175656631588936,22.840111
0.6347916666666642,-0.007269855588674545,0.012926917523145676,-0.007384513039141893,-0.0022191437892615795,22.840111
0.6349999999999976,-0.007269748020917177,0.012925874441862106,-0.007383714895695448,-0.0022190248128026724,22.840111
0.6352083333333309,-0.0072696032002568245,0.012925475835800171,-0.007383433636277914,-0.002218500943854451,22.840111
0.6354166666666643,-0.007269452791661024,0.012925165705382824,-0.0073835719376802444,-0.002217718167230487,22.840111
0.6356249999999977,-0.007269313558936119,0.012925233691930771,-0.007383465301245451,-0.002217316534370184,22.840111
0.635833333333331,-0.007269153371453285,0.012924945913255215,-0.007383754942566156,-0.002217361005023122,22.840111
0.6360416666666644,-0.007269017398357391,0.01292487420141697,-0.00738382525742054,-0.0022169474977999926,22.840111
0.6362499999999978,-0.007268878165632486,0.012924657203257084,-0.007383749354630709,-0.0022165935952216387,22.840111
0.6364583333333311,-0.007268750108778477,0.01292429305613041,-0.007383949123322964,-0.002215922810137272,22.840111
0.6366666666666645,-0.007268611341714859,0.012923873960971832,-0.007384089287370443,-0.002214783802628517,22.840111
0.6368749999999979,-0.0072684697806835175,0.012923914939165115,-0.007383628282696009,-0.002214748878031969,22.840111
0.6370833333333312,-0.007268347777426243,0.012923731468617916,-0.007383587770164013,-0.002215864835307002,22.840111
0.6372916666666646,-0.00726819783449173,0.012923060916364193,-0.007383454125374556,-0.002215519780293107,22.840111
0.637499999999998,-0.007268045097589493,0.01292237639427185,-0.007383689284324646,-0.0022148103453218937,22.840111
0.6377083333333313,-0.007267911918461323,0.012921097688376904,-0.007383082993328571,-0.0022125516552478075,22.840111
0.6379166666666647,-0.007267743349075317,0.012920605018734932,-0.007382818963378668,-0.00221129204146564,22.840111
0.638124999999998,-0.007267627399414778,0.012919703498482704,-0.00738223223015666,-0.0022115425672382116,22.840111
0.6383333333333314,-0.007267490960657597,0.012919526547193527,-0.007381237577646971,-0.0022115157917141914,22.840111
0.6385416666666648,-0.007267356384545565,0.012919249013066292,-0.007380983792245388,-0.0022115742322057486,22.840111
0.6387499999999982,-0.007267216220498085,0.012918953783810139,-0.007380487397313118,-0.002212194725871086,22.840111
0.6389583333333315,-0.007267094682902098,0.012918053194880486,-0.007380339782685041,-0.002211409155279398,22.840111
0.6391666666666649,-0.007266937755048275,0.012917689047753811,-0.007380124181509018,-0.0022110294084995985,22.840111
0.6393749999999983,-0.007266790606081486,0.012917594984173775,-0.007379373535513878,-0.0022112191654741764,22.840111
0.6395833333333316,-0.00726665835827589,0.012917261570692062,-0.007379021495580673,-0.002211998915299773,22.840111
0.639791666666665,-0.007266541011631489,0.012917054817080498,-0.007378790527582169,-0.0022126086987555027,22.840111
0.6399999999999983,-0.007266422733664513,0.012916657142341137,-0.007378747221082449,-0.0022119067143648863,22.840111
0.6402083333333317,-0.007266271393746138,0.0129158366471529,-0.007378289010375738,-0.002208840334787965,22.840111
0.6404166666666651,-0.007266137283295393,0.012915128841996193,-0.00737821776419878,-0.0022072966676205397,22.840111
0.6406249999999984,-0.007266022264957428,0.01291442196816206,-0.007377830799669027,-0.0022066347301006317,22.840111
0.6408333333333318,-0.007265898864716291,0.012913966551423073,-0.007377292029559612,-0.002205538796260953,22.840111
0.6410416666666652,-0.007265777792781591,0.012913990765810013,-0.007376916706562042,-0.002204352058470249,22.840111
0.6412499999999985,-0.007265632972121239,0.012913556769490242,-0.007376763503998518,-0.0022025862708687782,22.840111
0.6414583333333319,-0.0072654858231544495,0.012912444770336151,-0.007375935558229685,-0.00220170384272933,22.840111
0.6416666666666653,-0.007265337277203798,0.012910914607346058,-0.00737476721405983,-0.0022011660039424896,22.840111
0.6418749999999986,-0.007265192456543446,0.012909861281514168,-0.007373463362455368,-0.002201593015342951,22.840111
0.642083333333332,-0.007265046238899231,0.012909771874547005,-0.00737358583137393,-0.0022022002376616,22.840111
0.6422916666666654,-0.007264916785061359,0.012909342534840107,-0.007372783962637186,-0.002202650997787714,22.840111
0.6424999999999987,-0.007264783605933189,0.012908595614135265,-0.007372166030108929,-0.002202060306444764,22.840111
0.6427083333333321,-0.007264651358127594,0.012907414697110653,-0.007370710838586092,-0.002199161099269986,22.840111
0.6429166666666655,-0.007264507468789816,0.012906459160149097,-0.007370213977992535,-0.0021987571381032467,22.840111
0.6431249999999988,-0.007264367304742336,0.012906218878924847,-0.007370129693299532,-0.0021979529410600662,22.840111
0.6433333333333322,-0.007264226209372282,0.012906471267342567,-0.0073700034990906715,-0.002197402296587825,22.840111
0.6435416666666656,-0.00726406229659915,0.012906587682664394,-0.007370176259428263,-0.0021975813433527946,22.840111
0.6437499999999989,-0.0072639151476323605,0.012906420044600964,-0.007370113395154476,-0.0021976495627313852,22.840111
0.6439583333333323,-0.007263767998665571,0.012905603274703026,-0.0073698172345757484,-0.0021972996182739735,22.840111
0.6441666666666657,-0.007263632025569677,0.012905062176287174,-0.007370134815573692,-0.0021974521223455667,22.840111
0.644374999999999,-0.007263473700731993,0.012904890812933445,-0.007370257284492254,-0.0021975410636514425,22.840111
0.6445833333333324,-0.007263340055942535,0.012904576025903225,-0.007370498962700367,-0.00219713500700891,22.840111
0.6447916666666658,-0.007263184525072575,0.01290410477668047,-0.007370713632553816,-0.0021949701476842165,22.840111
0.6449999999999991,-0.0072630406357347965,0.012903808616101742,-0.0073702638037502766,-0.002192863030359149,22.840111
0.6452083333333325,-0.007262871600687504,0.012902455404400826,-0.007369513623416424,-0.00219195568934083,22.840111
0.6454166666666659,-0.0072626955807209015,0.01290151011198759,-0.007368608843535185,-0.002191919833421707,22.840111
0.6456249999999992,-0.007262527476996183,0.01290063001215458,-0.007367911748588085,-0.002191526349633932,22.840111
0.6458333333333326,-0.007262371014803648,0.012899630703032017,-0.007367087062448263,-0.002190401777625084,22.840111
0.646041666666666,-0.007262206170707941,0.012898583896458149,-0.007366708479821682,-0.002189453924074769,22.840111
0.6462499999999993,-0.00726203341037035,0.012897796928882599,-0.007365511730313301,-0.002189218532294035,22.840111
0.6464583333333327,-0.0072618694975972176,0.012896940112113953,-0.007364726159721613,-0.0021889004856348038,22.840111
0.6466666666666661,-0.007261712569743395,0.012896197848021984,-0.007364177610725164,-0.0021887992043048143,22.840111
0.6468749999999994,-0.0072615682147443295,0.012895801104605198,-0.007363791111856699,-0.002188653452321887,22.840111
0.6470833333333328,-0.007261399179697037,0.012895388528704643,-0.0073634483851492405,-0.0021859873086214066,22.840111
0.6472916666666662,-0.007261231541633606,0.012895076535642147,-0.007362517062574625,-0.002183634089305997,22.840111
0.6474999999999995,-0.007261078804731369,0.012894632294774055,-0.007361713331192732,-0.002183420117944479,22.840111
0.6477083333333329,-0.007260911166667938,0.012894079089164734,-0.0073606534861028194,-0.002182226162403822,22.840111
0.6479166666666663,-0.007260783109813929,0.012893511913716793,-0.00735958106815815,-0.002181240590289235,22.840111
0.6481249999999996,-0.007260633632540703,0.012892442755401134,-0.007359142415225506,-0.002179279923439026,22.840111
0.648333333333333,-0.007260489743202925,0.012891832739114761,-0.007358971983194351,-0.002178012393414974,22.840111
0.6485416666666663,-0.007260327227413654,0.012890833429992199,-0.00735874567180872,-0.0021783672273159027,22.840111
0.6487499999999997,-0.007260184735059738,0.012890253216028214,-0.007358386181294918,-0.0021796124055981636,22.840111
0.6489583333333331,-0.007260037586092949,0.012889542616903782,-0.007358035538345575,-0.0021798491943627596,22.840111
0.6491666666666664,-0.007259861100465059,0.012888779863715172,-0.00735756941139698,-0.0021805420983582735,22.840111
0.6493749999999998,-0.007259691134095192,0.012888243421912193,-0.007357350084930658,-0.0021797888912260532,22.840111
0.6495833333333332,-0.00725952535867691,0.012887677177786827,-0.007357263471931219,-0.0021793870255351067,22.840111
0.6497916666666665,-0.007259381003677845,0.012886875309050083,-0.007357375230640173,-0.002179156057536602,22.840111
0.6499999999999999,-0.007259226869791746,0.012886050157248974,-0.007357366383075714,-0.0021795707289129496,22.840111
0.6502083333333333,-0.007259059697389603,0.012885019183158875,-0.00735692773014307,-0.002179010771214962,22.840111
0.6504166666666666,-0.00725888554006815,0.012884590774774551,-0.007356687448918819,-0.0021779052913188934,22.840111
0.650625,-0.00725872116163373,0.012883637100458145,-0.007355796173214912,-0.002176541369408369,22.840111
0.6508333333333334,-0.007258562371134758,0.012883507646620274,-0.007355501875281334,-0.0021754209883511066,22.840111
0.6510416666666667,-0.0072584087029099464,0.012883128598332405,-0.0073555693961679935,-0.0021754156332463026,22.840111
0.6512500000000001,-0.007258243393152952,0.012882789596915245,-0.007355293724685907,-0.00217597559094429,22.840111
0.6514583333333335,-0.0072580683045089245,0.012882241047918797,-0.007354958914220333,-0.002176061272621155,22.840111
0.6516666666666668,-0.007257916033267975,0.012881952337920666,-0.0073540592566132545,-0.002174731343984604,22.840111
0.6518750000000002,-0.007257763296365738,0.012881157919764519,-0.007353124674409628,-0.0021735753398388624,22.840111
0.6520833333333336,-0.007257589139044285,0.012880411930382252,-0.007351689971983433,-0.0021739439107477665,22.840111
0.6522916666666669,-0.007257422432303429,0.01287924125790596,-0.007350667845457792,-0.0021728738211095333,22.840111
0.6525000000000003,-0.007257265504449606,0.01287809293717146,-0.007350110914558172,-0.002171609550714493,22.840111
0.6527083333333337,-0.007257111836224794,0.01287671085447073,-0.007349270861595869,-0.0021704863756895065,22.840111
0.652916666666667,-0.00725693441927433,0.012875963933765888,-0.007348836399614811,-0.002170049585402012,22.840111
0.6531250000000004,-0.007256779819726944,0.012874798849225044,-0.00734782824292779,-0.0021697538904845715,22.840111
0.6533333333333338,-0.007256608922034502,0.012874346226453781,-0.0073480806313455105,-0.002170637482777238,22.840111
0.6535416666666671,-0.0072564249858260155,0.012873591855168343,-0.007348424755036831,-0.0021702293306589127,22.840111
0.6537500000000005,-0.007256264332681894,0.012872877530753613,-0.007348207291215658,-0.0021694081369787455,22.840111
0.6539583333333339,-0.00725609390065074,0.01287190429866314,-0.0073478384874761105,-0.0021657708566635847,22.840111
0.6541666666666672,-0.007255918812006712,0.01287207193672657,-0.007347527425736189,-0.0021658060140907764,22.840111
0.6543750000000006,-0.007255722302943468,0.012872030958533287,-0.007347365841269493,-0.0021653578151017427,22.840111
0.654583333333334,-0.007255525793880224,0.012871474958956242,-0.007347099017351866,-0.002164452336728573,22.840111
0.6547916666666673,-0.007255337201058865,0.012870587408542633,-0.007346109952777624,-0.002163184341043234,22.840111
0.6550000000000007,-0.00725516676902771,0.012870225124061108,-0.007344789337366819,-0.00216363905929029,22.840111
0.6552083333333341,-0.0072549860924482346,0.012870153412222862,-0.007343623787164688,-0.002163439989089966,22.840111
0.6554166666666674,-0.007254829164594412,0.012869635596871376,-0.007342542987316847,-0.0021638276521116495,22.840111
0.6556250000000008,-0.007254644297063351,0.012868690304458141,-0.007341903634369373,-0.0021644444204866886,22.840111
0.6558333333333342,-0.007254468277096748,0.012867948971688747,-0.007341525051742792,-0.0021643314976245165,22.840111
0.6560416666666675,-0.007254297845065594,0.012867000885307789,-0.0073415255174040794,-0.0021638295147567987,22.840111
0.6562500000000009,-0.00725411856546998,0.012865524739027023,-0.007341326214373112,-0.002162041375413537,22.840111
0.6564583333333343,-0.007253958377987146,0.012864280492067337,-0.007340951822698116,-0.002161766402423382,22.840111
0.6566666666666676,-0.0072537921369075775,0.01286385115236044,-0.007340964395552874,-0.00216118898242712,22.840111
0.656875000000001,-0.007253614254295826,0.012862566858530045,-0.0073408810421824455,-0.0021611277479678392,22.840111
0.6570833333333344,-0.007253444287925959,0.012861606664955616,-0.007340610958635807,-0.0021604427602142096,22.840111
0.6572916666666677,-0.0072532654739916325,0.012860733084380627,-0.0073395296931266785,-0.002159144263714552,22.840111
0.6575000000000011,-0.007253091782331467,0.012860216200351715,-0.0073392330668866634,-0.0021582595072686672,22.840111
0.6577083333333344,-0.007252916693687439,0.012859464623034,-0.007338910363614559,-0.0021581777837127447,22.840111
0.6579166666666678,-0.007252718787640333,0.012858757749199867,-0.007337816525250673,-0.0021589742973446846,22.840111
0.6581250000000012,-0.00725255673751235,0.01285799965262413,-0.007337006740272045,-0.002158733317628503,22.840111
0.6583333333333345,-0.007252365816384554,0.012856952846050262,-0.007335823029279709,-0.002156174974516034,22.840111
0.6585416666666679,-0.007252189796417952,0.012856421060860157,-0.007334928028285503,-0.0021551328245550394,22.840111
0.6587500000000013,-0.007252007722854614,0.012855502776801586,-0.007334401831030846,-0.0021545952185988426,22.840111
0.6589583333333346,-0.007251836359500885,0.012854724191129208,-0.007334048394113779,-0.0021544871851801872,22.840111
0.659166666666668,-0.00725164171308279,0.012853603810071945,-0.007333296816796064,-0.0021535586565732956,22.840111
0.6593750000000014,-0.007251464296132326,0.012853083200752735,-0.007333418820053339,-0.0021534564439207315,22.840111
0.6595833333333347,-0.007251274306327105,0.01285161729902029,-0.007333214394748211,-0.002153364708647132,22.840111
0.6597916666666681,-0.0072511108592152596,0.01285063847899437,-0.007333247922360897,-0.00215306063182652,22.840111
0.6600000000000015,-0.007250933442264795,0.012849095277488232,-0.007333102636039257,-0.002153297420591116,22.840111
0.6602083333333348,-0.007250762544572353,0.012848343700170517,-0.007333746179938316,-0.0021531004458665848,22.840111
0.6604166666666682,-0.007250584661960602,0.012847480364143848,-0.007333871442824602,-0.0021501202136278152,22.840111
0.6606250000000016,-0.007250375114381313,0.012846220284700394,-0.0073330882005393505,-0.0021487378980964422,22.840111
0.6608333333333349,-0.007250186055898666,0.012844751589000225,-0.0073317717760801315,-0.0021480547729879618,22.840111
0.6610416666666683,-0.007249994203448296,0.012843823060393333,-0.007331141736358404,-0.002146718557924032,22.840111
0.6612500000000017,-0.007249804213643074,0.012842359952628613,-0.007330351043492556,-0.002146376995369792,22.840111
0.661458333333335,-0.007249612361192703,0.012840887531638145,-0.007329484447836876,-0.0021456056274473667,22.840111
0.6616666666666684,-0.007249420043081045,0.01283954456448555,-0.0073286122642457485,-0.0021453271619975567,22.840111
0.6618750000000018,-0.007249236106872559,0.012838421389460564,-0.007327538914978504,-0.002145905513316393,22.840111
0.6620833333333351,-0.007249031215906143,0.012837722897529602,-0.007326752413064241,-0.002145388862118125,22.840111
0.6622916666666685,-0.0072488426230847836,0.012836691923439503,-0.007325985003262758,-0.002144860103726387,22.840111
0.6625000000000019,-0.007248659152537584,0.012835602276027203,-0.007324988953769207,-0.002141815610229969,22.840111
0.6627083333333352,-0.007248437963426113,0.012834246270358562,-0.0073244767263531685,-0.002140011405572295,22.840111
0.6629166666666686,-0.0072482251562178135,0.012833044864237309,-0.007324882782995701,-0.0021390889305621386,22.840111
0.663125000000002,-0.007248000707477331,0.012832146137952805,-0.007325148209929466,-0.0021386248990893364,22.840111
0.6633333333333353,-0.007247785106301308,0.012830691412091255,-0.00732567859813571,-0.0021379590034484863,22.840111
0.6635416666666687,-0.007247572764754295,0.012829168699681759,-0.007325195707380772,-0.0021371659822762012,22.840111
0.6637500000000021,-0.007247375324368477,0.012828047387301922,-0.007324866019189358,-0.00213701743632555,22.840111
0.6639583333333354,-0.0072471983730793,0.012827188707888126,-0.00732432072982192,-0.0021371482871472836,22.840111
0.6641666666666688,-0.007247020024806261,0.012826452031731606,-0.007323661353439093,-0.0021378793753683567,22.840111
0.6643750000000022,-0.0072468118742108345,0.012825099751353264,-0.007322817109525204,-0.0021383916027843952,22.840111
0.6645833333333355,-0.0072466228157281876,0.01282444130629301,-0.007322400342673063,-0.002135360846295953,22.840111
0.6647916666666689,-0.00724638719111681,0.012822819873690605,-0.007322318386286497,-0.002134646289050579,22.840111
0.6650000000000023,-0.007246183231472969,0.012821602635085583,-0.007321931421756744,-0.0021340467501431704,22.840111
0.6652083333333356,-0.007245976943522692,0.01282030250877142,-0.00732130091637373,-0.002132193185389042,22.840111
0.665416666666669,-0.007245780900120735,0.012819037772715092,-0.007320735603570938,-0.0021307107526808977,22.840111
0.6656250000000024,-0.007245570421218872,0.012817940674722195,-0.007320490665733814,-0.0021293458994477987,22.840111
0.6658333333333357,-0.007245369255542755,0.012817015871405602,-0.007320016156882048,-0.0021284010726958513,22.840111
0.6660416666666691,-0.007245176006108522,0.012815914116799831,-0.007320315111428499,-0.002129135886207223,22.840111
0.6662500000000025,-0.007244992069900036,0.01281388197094202,-0.007319311145693064,-0.0021299575455486774,22.840111
0.6664583333333358,-0.007244806736707687,0.012812480330467224,-0.007319070398807526,-0.002129651140421629,22.840111
0.6666666666666692,-0.0072446162812411785,0.012811810709536076,-0.007318237330764532,-0.0021267831325531006,22.840111
0.6668750000000025,-0.007244391832500696,0.01281029637902975,-0.007316892966628075,-0.002125068102031946,22.840111
0.6670833333333359,-0.007244151551276445,0.012809248641133308,-0.0073165432550013065,-0.0021245230454951525,22.840111
0.6672916666666693,-0.007243928499519825,0.012807805091142654,-0.007316308096051216,-0.002123443642631173,22.840111
0.6675000000000026,-0.0072437189519405365,0.0128069669008255,-0.007316517643630505,-0.002122382400557399,22.840111
0.667708333333336,-0.007243493106216192,0.01280596200376749,-0.007316883187741041,-0.0021230217535048723,22.840111
0.6679166666666694,-0.0072432830929756165,0.012804942205548286,-0.00731704942882061,-0.00212425016798079,22.840111
0.6681250000000027,-0.007243056781589985,0.012804106809198856,-0.007317513693124056,-0.0021247791592031717,22.840111
0.6683333333333361,-0.007242854218930006,0.012803529389202595,-0.007317564450204372,-0.0021231567952781916,22.840111
0.6685416666666695,-0.007242642343044281,0.012802361510694027,-0.007316831033676863,-0.0021205893717706203,22.840111
0.6687500000000028,-0.007242430932819843,0.01280113123357296,-0.007315824739634991,-0.002118132309988141,22.840111
0.6689583333333362,-0.007242205552756786,0.012799258343875408,-0.007314702030271292,-0.0021174633875489235,22.840111
0.6691666666666696,-0.007241993676871061,0.012797803618013859,-0.007313451264053583,-0.0021162470802664757,22.840111
0.6693750000000029,-0.0072417794726789,0.0127965547144413,-0.007312556263059378,-0.0021150815300643444,22.840111
0.6695833333333363,-0.007241550367325544,0.01279549952596426,-0.007311347406357527,-0.0021150391548871994,22.840111
0.6697916666666697,-0.007241342216730118,0.012794761918485165,-0.007310641463845968,-0.002114687580615282,22.840111
0.670000000000003,-0.007241106126457453,0.012793272733688354,-0.0073096659034490585,-0.002113486174494028,22.840111
0.6702083333333364,-0.0072408923879265785,0.012791850604116917,-0.0073084537871181965,-0.002113687340170145,22.840111
0.6704166666666698,-0.007240680046379566,0.012791008688509464,-0.007308595348149538,-0.0021132160909473896,22.840111
0.6706250000000031,-0.007240459322929382,0.012789852917194366,-0.007307449821382761,-0.0021099233999848366,22.840111
0.6708333333333365,-0.0072402325458824635,0.012788466177880764,-0.007307583466172218,-0.0021085303742438555,22.840111
0.6710416666666699,-0.007239984348416328,0.012787053361535072,-0.007307953666895628,-0.002108377870172262,22.840111
0.6712500000000032,-0.007239748723804951,0.012785234488546848,-0.007306910585612059,-0.00210755062289536,22.840111
0.6714583333333366,-0.00723951356485486,0.012784120626747608,-0.007306160870939493,-0.0021061620209366083,22.840111
0.67166666666667,-0.007239306345582008,0.012782661244273186,-0.007305774372071028,-0.002105884486809373,22.840111
0.6718750000000033,-0.007239099126309156,0.012781771831214428,-0.007305158767849207,-0.002105836756527424,22.840111
0.6720833333333367,-0.0072388858534395695,0.01278050895780325,-0.007304946426302195,-0.0021071825176477432,22.840111
0.6722916666666701,-0.0072386786341667175,0.012779190205037594,-0.007304354105144739,-0.002107219072058797,22.840111
0.6725000000000034,-0.007238451391458511,0.012778760865330696,-0.0073041897267103195,-0.0021064234897494316,22.840111
0.6727083333333368,-0.007238177582621574,0.012777196243405342,-0.007303466089069843,-0.0021039738785475492,22.840111
0.6729166666666702,-0.007237932179123163,0.012776288203895092,-0.0073028551414608955,-0.0021033678203821182,22.840111
0.6731250000000035,-0.007237677462399006,0.012774615548551083,-0.007302016951143742,-0.0021026700269430876,22.840111
0.6733333333333369,-0.00723743811249733,0.012773675844073296,-0.007301521021872759,-0.0021015696693211794,22.840111
0.6735416666666703,-0.007237196899950504,0.012771902605891228,-0.007300492841750383,-0.0021008148323744535,22.840111
0.6737500000000036,-0.007236884441226721,0.012769746594130993,-0.007299505639821291,-0.0021013831719756126,22.840111
0.673958333333337,-0.007236557547003031,0.012767545878887177,-0.00729783670976758,-0.002101585501804948,22.840111
0.6741666666666704,-0.00723621528595686,0.012765588238835335,-0.007297302596271038,-0.0021011659409850836,22.840111
0.6743750000000037,-0.007235860452055931,0.012763500213623047,-0.0072967419400811195,-0.0021007272880524397,22.840111
0.6745833333333371,-0.0072354888543486595,0.012761778198182583,-0.007296441122889519,-0.0020982660353183746,22.840111
0.6747916666666705,-0.007235030643641949,0.012759556993842125,-0.007296179886907339,-0.0020968327298760414,22.840111
0.6750000000000038,-0.0072344765067100525,0.012757379561662674,-0.007295619696378708,-0.002096557291224599,22.840111
0.6752083333333372,-0.007233874872326851,0.012755344621837139,-0.007294764276593924,-0.002095236675813794,22.840111
0.6754166666666706,-0.007233267650008202,0.012753658927977085,-0.007293988484889269,-0.0020951491314917803,22.840111
0.6756250000000039,-0.007232612930238247,0.012751703150570393,-0.007292863447219133,-0.002095194533467293,22.840111
0.6758333333333373,-0.00723187904804945,0.012749545276165009,-0.007292160764336586,-0.002095525385811925,22.840111
0.6760416666666706,-0.007231197785586119,0.012746723368763924,-0.007290665991604328,-0.0020963307470083237,22.840111
0.676250000000004,-0.007230483461171389,0.01274358481168747,-0.007288949564099312,-0.00209604250267148,22.840111
0.6764583333333374,-0.0072296676225960255,0.012740664184093475,-0.007286943960934877,-0.0020932096522301435,22.840111
0.6766666666666707,-0.007228737697005272,0.012737041339278221,-0.00728584174066782,-0.002091520233079791,22.840111
0.6768750000000041,-0.00722767086699605,0.012733607552945614,-0.007285596802830696,-0.0020897500216960907,22.840111
0.6770833333333375,-0.0072266836650669575,0.012730148620903492,-0.007283591199666262,-0.0020883437246084213,22.840111
0.6772916666666708,-0.007225478067994118,0.012726020999252796,-0.007282228674739599,-0.0020874894689768553,22.840111
0.6775000000000042,-0.007224364671856165,0.01272217184305191,-0.007280644960701466,-0.0020865867845714092,22.840111
0.6777083333333376,-0.007223204243928194,0.01271879393607378,-0.00728043494746089,-0.00208673975430429,22.840111
0.6779166666666709,-0.007222100626677275,0.012716488912701607,-0.007279681041836739,-0.002086940687149763,22.840111
0.6781250000000043,-0.007220918778330088,0.01271373126655817,-0.007278637494891882,-0.002086163032799959,22.840111
0.6783333333333377,-0.007219699211418629,0.012710553593933582,-0.007276732008904219,-0.002085793763399124,22.840111
0.678541666666671,-0.007218371145427227,0.012706517241895199,-0.0072753774002194405,-0.002085500629618764,22.840111
0.6787500000000044,-0.00721692806109786,0.012703191488981247,-0.007274351082742214,-0.0020850433502346277,22.840111
0.6789583333333378,-0.007215430960059166,0.012699085287749767,-0.007272451650351286,-0.0020845236722379923,22.840111
0.6791666666666711,-0.00721394456923008,0.012694913893938065,-0.007271424401551485,-0.0020835064351558685,22.840111
0.6793750000000045,-0.007212294731289148,0.012690749950706959,-0.007270127069205046,-0.002082555554807186,22.840111
0.6795833333333379,-0.007210719399154186,0.012686249800026417,-0.007268207147717476,-0.002081663813441992,22.840111
0.6797916666666712,-0.007209059316664934,0.012682085856795311,-0.007267317268997431,-0.0020804384257644415,22.840111
0.6800000000000046,-0.007207403425127268,0.012677651830017567,-0.007266007363796234,-0.0020796521566808224,22.840111
0.680208333333338,-0.007205774076282978,0.012673167511820793,-0.007264797575771809,-0.0020809140987694263,22.840111
0.6804166666666713,-0.007203914225101471,0.01266845129430294,-0.007262697909027338,-0.0020797227043658495,22.840111
0.6806250000000047,-0.007201896980404854,0.012664327397942543,-0.007261540740728378,-0.002078281482681632,22.840111
0.6808333333333381,-0.007199919782578945,0.012659776955842972,-0.007258924189954996,-0.002077477052807808,22.840111
0.6810416666666714,-0.007197762373834848,0.012656275182962418,-0.00725789787247777,-0.002076977165415883,22.840111
0.6812500000000048,-0.007195691112428904,0.012651798315346241,-0.00725574279204011,-0.0020778661128133535,22.840111
0.6814583333333382,-0.007193684112280607,0.012648043222725391,-0.007254449650645256,-0.002077633747830987,22.840111
0.6816666666666715,-0.007191651035100222,0.012643562629818916,-0.0072531444020569324,-0.002076969714835286,22.840111
0.6818750000000049,-0.007189493160694838,0.012639176100492477,-0.007252226583659649,-0.0020753887947648764,22.840111
0.6820833333333383,-0.0071873739361763,0.01263456977903843,-0.007251185830682516,-0.002076355740427971,22.840111
0.6822916666666716,-0.007184999063611031,0.012629535980522633,-0.007249619346112013,-0.0020746933296322823,22.840111
0.682500000000005,-0.007182388100773096,0.012624870985746384,-0.007249425631016493,-0.0020734351128339767,22.840111
0.6827083333333384,-0.007179827895015478,0.012619288638234138,-0.0072460169903934,-0.0020737028680741787,22.840111
0.6829166666666717,-0.007177160587161779,0.012614871375262737,-0.007245906628668308,-0.0020725622307509184,22.840111
0.6831250000000051,-0.0071745808236300945,0.012609961442649364,-0.0072431378066539764,-0.002072481904178858,22.840111
0.6833333333333385,-0.007171980571001768,0.012605637311935425,-0.007241046987473965,-0.0020713373087346554,22.840111
0.6835416666666718,-0.0071692876517772675,0.01260107196867466,-0.007238287944346666,-0.002069678856059909,22.840111
0.6837500000000052,-0.007166637107729912,0.012597042135894299,-0.00723704369738698,-0.0020708173979073763,22.840111
0.6839583333333386,-0.0071639977395534515,0.012592637911438942,-0.007235510274767876,-0.0020712735131382942,22.840111
0.6841666666666719,-0.007161006331443787,0.012588323093950748,-0.007234481163322926,-0.002070180606096983,22.840111
0.6843750000000053,-0.007157919928431511,0.012583991512656212,-0.007232689298689365,-0.002069501904770732,22.840111
0.6845833333333387,-0.0071549126878380775,0.012578807771205902,-0.007230984978377819,-0.002068116795271635,22.840111
0.684791666666672,-0.0071517089381814,0.012574165128171444,-0.0072302925400435925,-0.0020679617300629616,22.840111
0.6850000000000054,-0.0071487631648778915,0.012569217942655087,-0.007228445261716843,-0.002067666733637452,22.840111
0.6852083333333387,-0.007145632058382034,0.012564568780362606,-0.007227370515465736,-0.0020680888555943966,22.840111
0.6854166666666721,-0.007142628543078899,0.012559025548398495,-0.007225070148706436,-0.002067221561446786,22.840111
0.6856250000000055,-0.007139503490179777,0.012554456479847431,-0.0072235530242323875,-0.0020690802484750748,22.840111
0.6858333333333388,-0.007136304397135973,0.01254997681826353,-0.007222094107419252,-0.002070137532427907,22.840111
0.6860416666666722,-0.0071327947080135345,0.012545419856905937,-0.0072204782627522945,-0.0020695647690445185,22.840111
0.6862500000000056,-0.007129161152988672,0.012540977448225021,-0.00721909711137414,-0.0020682443864643574,22.840111
0.6864583333333389,-0.0071254996582865715,0.012536255642771721,-0.007216736674308777,-0.002067308174446225,22.840111
0.6866666666666723,-0.007121870759874582,0.012531682848930359,-0.007215400692075491,-0.0020660655573010445,22.840111
0.6868750000000057,-0.007118355482816696,0.01252746768295765,-0.007214128039777279,-0.002066217828541994,22.840111
0.687083333333339,-0.007114878855645657,0.012523048557341099,-0.0072133406065404415,-0.00206702365539968,22.840111
0.6872916666666724,-0.007111506536602974,0.012518486008048058,-0.007212039548903704,-0.0020672124810516834,22.840111
0.6875000000000058,-0.0071080029010772705,0.012513428926467896,-0.007211385294795036,-0.0020691235549747944,22.840111
0.6877083333333391,-0.007104378193616867,0.01250873040407896,-0.007211644202470779,-0.0020692567341029644,22.840111
0.6879166666666725,-0.00710031483322382,0.012503575533628464,-0.007210501004010439,-0.002068940782919526,22.840111
0.6881250000000059,-0.007096095941960812,0.012498673982918262,-0.00720990402624011,-0.0020680236630141735,22.840111
0.6883333333333392,-0.007091913837939501,0.01249394565820694,-0.007208621129393578,-0.002066818531602621,22.840111
0.6885416666666726,-0.007087665144354105,0.012489384040236473,-0.007207491900771856,-0.0020654192194342613,22.840111
0.688750000000006,-0.00708368606865406,0.012484646402299404,-0.007205270696431398,-0.0020650564692914486,22.840111
0.6889583333333393,-0.0070796748623251915,0.01248057559132576,-0.007203985005617142,-0.002064154716208577,22.840111
0.6891666666666727,-0.007075624540448189,0.012476115487515926,-0.007202616892755032,-0.0020640462171286345,22.840111
0.6893750000000061,-0.007071519736200571,0.012471550144255161,-0.007201116997748613,-0.0020682665053755045,22.840111
0.6895833333333394,-0.0070673939771950245,0.012466729618608952,-0.00720041710883379,-0.0020677668508142233,22.840111
0.6897916666666728,-0.007062851916998625,0.012462160550057888,-0.007200673688203096,-0.0020676618441939354,22.840111
0.6900000000000062,-0.007058226503431797,0.012456598691642284,-0.007199435960501432,-0.0020674108527600765,22.840111
0.6902083333333395,-0.007053737062960863,0.012451816350221634,-0.007200164720416069,-0.002067044610157609,22.840111
0.6904166666666729,-0.007049198728054762,0.01244725938886404,-0.007199997082352638,-0.0020662376191467047,22.840111
0.6906250000000063,-0.007044629659503698,0.01244255993515253,-0.007199348881840706,-0.0020652743987739086,22.840111
0.6908333333333396,-0.007040143478661776,0.012437487952411175,-0.007198784034699202,-0.002065015723928809,22.840111
0.691041666666673,-0.0070355855859816074,0.01243314053863287,-0.007198431994765997,-0.0020640890579670668,22.840111
0.6912500000000064,-0.0070311278104782104,0.012428706511855125,-0.007198203820735216,-0.002063225256279111,22.840111
0.6914583333333397,-0.007026064675301313,0.012423694133758545,-0.007198013365268707,-0.0020626515615731478,22.840111
0.6916666666666731,-0.007020928896963596,0.012418416328728199,-0.007197720464318991,-0.002062237123027444,22.840111
0.6918750000000065,-0.00701581034809351,0.012413742020726204,-0.007197795435786247,-0.002061137231066823,22.840111
0.6920833333333398,-0.007010763045400381,0.012408729642629623,-0.007197396829724312,-0.0020606103353202343,22.840111
0.6922916666666732,-0.00700570410117507,0.012403744272887707,-0.0071982741355896,-0.002061176346614957,22.840111
0.6925000000000066,-0.00700084213167429,0.012398836202919483,-0.007198506034910679,-0.0020610899664461613,22.840111
0.6927083333333399,-0.006995864678174257,0.012393620796501637,-0.0071988035924732685,-0.0020607965998351574,22.840111
0.6929166666666733,-0.006991029251366854,0.0123892268165946,-0.007199221756309271,-0.002059688325971365,22.840111
0.6931250000000067,-0.00698574585840106,0.012384632602334023,-0.007198964711278677,-0.002058087382465601,22.840111
0.69333333333334,-0.0069800508208572865,0.012379544787108898,-0.007199583575129509,-0.002056484343484044,22.840111
0.6935416666666734,-0.006974301300942898,0.01237453706562519,-0.00719982385635376,-0.002055593067780137,22.840111
0.6937500000000068,-0.006968719884753227,0.012369309552013874,-0.007200045045465231,-0.0020551136694848537,22.840111
0.6939583333333401,-0.006963343359529972,0.012364571914076805,-0.007200547493994236,-0.002054748125374317,22.840111
0.6941666666666735,-0.006957730744034052,0.012359760701656342,-0.007201182655990124,-0.0020549853798002005,22.840111
0.6943750000000068,-0.00695232767611742,0.012354538775980473,-0.007200469262897968,-0.0020548522006720304,22.840111
0.6945833333333402,-0.006946934387087822,0.012348862364888191,-0.0072005437687039375,-0.0020534172654151917,22.840111
0.6947916666666736,-0.006941257044672966,0.012342885136604309,-0.007202369626611471,-0.00205130479298532,22.840111
0.695000000000007,-0.0069351219572126865,0.012337041087448597,-0.0072046141140162945,-0.002050053561106324,22.840111
0.6952083333333403,-0.0069290464743971825,0.012331842444837093,-0.007204909343272448,-0.002049408620223403,22.840111
0.6954166666666737,-0.006923012901097536,0.012327085249125957,-0.007205878384411335,-0.002047990681603551,22.840111
0.695625000000007,-0.006916934624314308,0.012322044000029564,-0.00720603670924902,-0.0020471401512622833,22.840111
0.6958333333333404,-0.00691102584823966,0.01231728121638298,-0.007207635790109634,-0.0020469818264245987,22.840111
0.6960416666666738,-0.0069051096215844154,0.012312082573771477,-0.007208436261862516,-0.0020468058064579964,22.840111
0.6962500000000071,-0.006899265572428703,0.012306807562708855,-0.0072090402245521545,-0.0020440409425646067,22.840111
0.6964583333333405,-0.006893054582178593,0.012300979346036911,-0.007210664916783571,-0.0020427333656698465,22.840111
0.6966666666666739,-0.006886505987495184,0.012294809333980083,-0.007212391123175621,-0.0020416530314832926,22.840111
0.6968750000000072,-0.006880003958940506,0.012288384139537811,-0.007213464006781578,-0.002040994120761752,22.840111
0.6970833333333406,-0.006873568054288626,0.012282074429094791,-0.007215058896690607,-0.0020391212310642004,22.840111
0.697291666666674,-0.006867093499749899,0.012276391498744488,-0.007217744830995798,-0.0020378006156533957,22.840111
0.6975000000000073,-0.006860644090920687,0.012270485982298851,-0.007219037506729364,-0.0020362581126391888,22.840111
0.6977083333333407,-0.0068540917709469795,0.01226497907191515,-0.0072197262197732925,-0.0020350494887679815,22.840111
0.6979166666666741,-0.006847660057246685,0.012259576469659805,-0.0072210985235869884,-0.002032295800745487,22.840111
0.6981250000000074,-0.006841167341917753,0.01225338689982891,-0.007222173269838095,-0.0020292187109589577,22.840111
0.6983333333333408,-0.006834155879914761,0.012246978469192982,-0.007223642431199551,-0.002027994953095913,22.840111
0.6985416666666742,-0.006827145349234343,0.012240471318364143,-0.00722553301602602,-0.0020267206709831953,22.840111
0.6987500000000075,-0.0068201711401343346,0.012233896180987358,-0.007226636633276939,-0.002025498542934656,22.840111
0.6989583333333409,-0.006813353393226862,0.01222726795822382,-0.007228062022477388,-0.0020251066889613867,22.840111
0.6991666666666743,-0.006806556135416031,0.012220559641718864,-0.007228353060781956,-0.002024313434958458,22.840111
0.6993750000000076,-0.006799768190830946,0.012213715352118015,-0.007229973562061787,-0.0020237481221556664,22.840111
0.699583333333341,-0.006792934145778418,0.012207351624965668,-0.007230293937027454,-0.0020208540372550488,22.840111
0.6997916666666744,-0.0067858342081308365,0.01220062468200922,-0.007230076938867569,-0.002017754130065441,22.840111
0.7000000000000077,-0.0067783840931952,0.012194117531180382,-0.007231042720377445,-0.002016290556639433,22.840111
0.7002083333333411,-0.00677086366340518,0.012186884880065918,-0.007230774033814669,-0.002015314996242523,22.840111
0.7004166666666745,-0.006763454992324114,0.012180289253592491,-0.007231451570987701,-0.002013723598793149,22.840111
0.7006250000000078,-0.0067561413161456585,0.012173457071185112,-0.007231071591377258,-0.002013241173699498,22.840111
0.7008333333333412,-0.006748908665031195,0.012166356667876244,-0.007230416405946016,-0.0020126381423324347,22.840111
0.7010416666666746,-0.006741579156368971,0.012159591540694237,-0.007231330033391714,-0.002011762699112296,22.840111
0.7012500000000079,-0.006734333001077175,0.012152310460805893,-0.007231578230857849,-0.0020085133146494627,22.840111
0.7014583333333413,-0.006726850755512714,0.012144943699240685,-0.007231283467262983,-0.0020052825566381216,22.840111
0.7016666666666747,-0.00671900250017643,0.012137620709836483,-0.0072309947572648525,-0.0020040518138557673,22.840111
0.701875000000008,-0.0067111714743077755,0.012130601331591606,-0.007231204770505428,-0.0020034019835293293,22.840111
0.7020833333333414,-0.00670348247513175,0.012123838998377323,-0.007230519782751799,-0.0020022557582706213,22.840111
0.7022916666666748,-0.006695723161101341,0.01211682427674532,-0.007229674607515335,-0.002001341199502349,22.840111
0.7025000000000081,-0.0066881668753921986,0.012109808623790741,-0.007228882052004337,-0.0020007777493447065,22.840111
0.7027083333333415,-0.006680517457425594,0.012102716602385044,-0.007228449918329716,-0.002000311389565468,22.840111
0.7029166666666748,-0.006673048250377178,0.012095672078430653,-0.007226745132356882,-0.001996693667024374,22.840111
0.7031250000000082,-0.006665176246315241,0.012087740004062653,-0.007225157227367163,-0.0019933972507715225,22.840111
0.7033333333333416,-0.00665702112019062,0.012079750187695026,-0.007225353736430407,-0.001992475474253297,22.840111
0.703541666666675,-0.006648899056017399,0.012071511708199978,-0.00722479959949851,-0.0019919562619179487,22.840111
0.7037500000000083,-0.006640854757279158,0.012064073234796524,-0.007223593071103096,-0.001990382792428136,22.840111
0.7039583333333417,-0.006632739678025246,0.0120564429089427,-0.0072214799001812935,-0.001989098498597741,22.840111
0.704166666666675,-0.0066248574294149876,0.012048986740410328,-0.007220037281513214,-0.001988284755498171,22.840111
0.7043750000000084,-0.006616951897740364,0.01204120833426714,-0.007218674290925264,-0.001987552037462592,22.840111
0.7045833333333418,-0.006609044037759304,0.012033314444124699,-0.007216940633952618,-0.0019844830967485905,22.840111
0.7047916666666751,-0.006600863765925169,0.012024925090372562,-0.00721530057489872,-0.0019807766657322645,22.840111
0.7050000000000085,-0.006592491641640663,0.012016906403005123,-0.007214258424937725,-0.0019795510452240705,22.840111
0.7052083333333419,-0.006584065966308117,0.012008230201900005,-0.007211821619421244,-0.001978757791221142,22.840111
0.7054166666666752,-0.0065756905823946,0.011999845504760742,-0.0072107682935893536,-0.0019774867687374353,22.840111
0.7056250000000086,-0.006567523814737797,0.011991680599749088,-0.007208557799458504,-0.001976992469280958,22.840111
0.705833333333342,-0.006559321656823158,0.01198358740657568,-0.00720613170415163,-0.001976882806047797,22.840111
0.7060416666666753,-0.006551279220730066,0.01197504997253418,-0.007203465793281794,-0.0019753212109208107,22.840111
0.7062500000000087,-0.006543037481606007,0.01196698471903801,-0.007200518622994423,-0.001971094636246562,22.840111
0.7064583333333421,-0.006534515414386988,0.011958951130509377,-0.007197609171271324,-0.0019662396516650915,22.840111
0.7066666666666754,-0.0065258522517979145,0.011950407177209854,-0.007193459197878838,-0.0019653718918561935,22.840111
0.7068750000000088,-0.006517170462757349,0.011941814795136452,-0.00719093531370163,-0.0019644973799586296,22.840111
0.7070833333333422,-0.006508480291813612,0.011932872235774994,-0.0071876393631100655,-0.001964049180969596,22.840111
0.7072916666666755,-0.006499991752207279,0.011924033984541893,-0.007184492889791727,-0.0019642270635813475,22.840111
0.7075000000000089,-0.006491538602858782,0.011915041133761406,-0.007181667257100344,-0.001963592367246747,22.840111
0.7077083333333423,-0.006483051925897598,0.011905808933079243,-0.007177974563091993,-0.001962639857083559,22.840111
0.7079166666666756,-0.006474596448242664,0.011896463111042976,-0.007173537742346525,-0.001958368346095085,22.840111
0.708125000000009,-0.006465875543653965,0.011886676773428917,-0.007169772870838642,-0.001954237464815378,22.840111
0.7083333333333424,-0.006457035895437002,0.011877434328198433,-0.007167920470237732,-0.0019538120832294226,22.840111
0.7085416666666757,-0.006448088679462671,0.011867866851389408,-0.007164365146309137,-0.001953346189111471,22.840111
0.7087500000000091,-0.006439232267439365,0.011858107522130013,-0.0071599045768380165,-0.0019524649251252413,22.840111
0.7089583333333425,-0.00643045362085104,0.011848634108901024,-0.007156760431826115,-0.001952168415300548,22.840111
0.7091666666666758,-0.006421840749680996,0.01183919794857502,-0.007152755744755268,-0.001952670980244875,22.840111
0.7093750000000092,-0.006413276307284832,0.011829288676381111,-0.007148358505219221,-0.0019501136848703027,22.840111
0.7095833333333426,-0.00640454376116395,0.011819758452475071,-0.0071437000297009945,-0.0019451562548056245,22.840111
0.7097916666666759,-0.006395469885319471,0.01181002426892519,-0.007139567751437426,-0.0019412164110690355,22.840111
0.7100000000000093,-0.006386402528733015,0.011800400912761688,-0.007135231047868729,-0.001941230846568942,22.840111
0.7102083333333427,-0.006377238314598799,0.01179023738950491,-0.007130973972380161,-0.0019408323569223285,22.840111
0.710416666666676,-0.006368173286318779,0.011780529282987118,-0.007127627730369568,-0.0019402806647121906,22.840111
0.7106250000000094,-0.006359276827424765,0.011770403012633324,-0.0071223825216293335,-0.0019408442312851548,22.840111
0.7108333333333428,-0.006350550334900618,0.011760596185922623,-0.007117922883480787,-0.001940384740009904,22.840111
0.7110416666666761,-0.0063417344354093075,0.011750777252018452,-0.007113252766430378,-0.001938162138685584,22.840111
0.7112500000000095,-0.006332798395305872,0.01174094993621111,-0.007108141668140888,-0.0019327260088175535,22.840111
0.7114583333333429,-0.006323512643575668,0.011730809696018696,-0.007102671544998884,-0.0019274578662589192,22.840111
0.7116666666666762,-0.006314169615507126,0.011720671318471432,-0.007098134141415358,-0.0019268757896497846,22.840111
0.7118750000000096,-0.006304755341261625,0.011710540391504765,-0.007093620020896196,-0.0019269809126853943,22.840111
0.712083333333343,-0.006295470986515284,0.011699728667736053,-0.007087563164532185,-0.0019272231729701161,22.840111
0.7122916666666763,-0.0062864068895578384,0.011689392849802971,-0.007084098644554615,-0.0019269909244030714,22.840111
0.7125000000000097,-0.006277438718825579,0.011678970418870449,-0.007078345399349928,-0.0019266597228124738,22.840111
0.712708333333343,-0.006268579047173262,0.011668821796774864,-0.007073896937072277,-0.00192440755199641,22.840111
0.7129166666666764,-0.006259409245103598,0.011658593080937862,-0.0070683155208826065,-0.0019195625791326165,22.840111
0.7131250000000098,-0.006249892525374889,0.011648690328001976,-0.007063181139528751,-0.00191486906260252,22.840111
0.7133333333333431,-0.006240531336516142,0.011638473719358444,-0.007057186681777239,-0.001915628439746797,22.840111
0.7135416666666765,-0.006231056991964579,0.011627995409071445,-0.00705209095031023,-0.00191585929132998,22.840111
0.7137500000000099,-0.006221800111234188,0.011617251671850681,-0.007046360522508621,-0.001915582688525319,22.840111
0.7139583333333432,-0.006212588865309954,0.011606684885919094,-0.007041362579911947,-0.0019152943277731538,22.840111
0.7141666666666766,-0.006203396711498499,0.011596275493502617,-0.007036072202026844,-0.0019159817602485418,22.840111
0.71437500000001,-0.006194428075104952,0.011585699394345284,-0.007030962035059929,-0.001913857995532453,22.840111
0.7145833333333433,-0.006185133941471577,0.011575545184314251,-0.007025780621916056,-0.0019098299089819193,22.840111
0.7147916666666767,-0.006175593938678503,0.011564802378416061,-0.007019646465778351,-0.0019059405894950032,22.840111
0.7150000000000101,-0.006166059989482164,0.01155377458781004,-0.007014082744717598,-0.001904203207232058,22.840111
0.7152083333333434,-0.006156633608043194,0.011542829684913158,-0.007008777465671301,-0.0019037503516301513,22.840111
0.7154166666666768,-0.006147303618490696,0.011532336473464966,-0.0070033748634159565,-0.0019037110032513738,22.840111
0.7156250000000102,-0.00613807188346982,0.01152162253856659,-0.006997774355113506,-0.0019040893530473113,22.840111
0.7158333333333435,-0.006128818728029728,0.011511246673762798,-0.006992274895310402,-0.001904208562336862,22.840111
0.7160416666666769,-0.006119737401604652,0.01150086522102356,-0.006986858323216438,-0.0019032026175409555,22.840111
0.7162500000000103,-0.006110621616244316,0.011490041390061378,-0.006980373524129391,-0.0018990521784871817,22.840111
0.7164583333333436,-0.006101081147789955,0.01147901639342308,-0.006974822375923395,-0.0018938384018838406,22.840111
0.716666666666677,-0.006091575603932142,0.011468100361526012,-0.00696933688595891,-0.001892256666906178,22.840111
0.7168750000000104,-0.006082124076783657,0.011457390151917934,-0.006963599007576704,-0.0018926962511613965,22.840111
0.7170833333333437,-0.00607268325984478,0.011446361429989338,-0.0069577437825500965,-0.0018923584138974547,22.840111
0.7172916666666771,-0.006063339300453663,0.011435572057962418,-0.0069524613209068775,-0.0018922820454463363,22.840111
0.7175000000000105,-0.006054111756384373,0.01142504345625639,-0.006946430541574955,-0.0018923688912764192,22.840111
0.7177083333333438,-0.006044945679605007,0.011414643377065659,-0.006941430736333132,-0.001892122090794146,22.840111
0.7179166666666772,-0.0060358839109539986,0.011403919197618961,-0.006935186684131622,-0.0018889779457822442,22.840111
0.7181250000000106,-0.006026547402143478,0.011393248103559017,-0.00692903995513916,-0.0018840304110199213,22.840111
0.7183333333333439,-0.006016965489834547,0.011382495053112507,-0.006923556327819824,-0.0018806508742272854,22.840111
0.7185416666666773,-0.006007506977766752,0.0113715510815382,-0.006917975842952728,-0.0018811208428815007,22.840111
0.7187500000000107,-0.005998069886118174,0.011360585689544678,-0.0069128721952438354,-0.0018812016351148486,22.840111
0.718958333333344,-0.005988679360598326,0.011349749751389027,-0.0069075655192136765,-0.001880896044895053,22.840111
0.7191666666666774,-0.005979400128126144,0.01133841834962368,-0.006901194807142019,-0.0018807494780048728,22.840111
0.7193750000000108,-0.005970220547169447,0.01132766343653202,-0.006896210368722677,-0.0018798401579260826,22.840111
0.7195833333333441,-0.005961085204035044,0.011316755786538124,-0.006891101133078337,-0.00187648122664541,22.840111
0.7197916666666775,-0.00595175800845027,0.011306071653962135,-0.006885354407131672,-0.001872595981694758,22.840111
0.7200000000000109,-0.005942280404269695,0.011294903233647346,-0.0068794311955571175,-0.0018684628885239363,22.840111
0.7202083333333442,-0.005932807922363281,0.01128408033400774,-0.006874562706798315,-0.001867684186436236,22.840111
0.7204166666666776,-0.005923298187553883,0.011272842064499855,-0.006868971511721611,-0.001867342391051352,22.840111
0.720625000000011,-0.005914000328630209,0.01126194465905428,-0.006862889509648085,-0.0018673993181437254,22.840111
0.7208333333333443,-0.005904801189899445,0.011251105926930904,-0.006857965141534805,-0.0018673663726076484,22.840111
0.7210416666666777,-0.005895620211958885,0.011239876039326191,-0.006852099671959877,-0.001867779647000134,22.840111
0.721250000000011,-0.005886557977646589,0.011229843832552433,-0.006848080549389124,-0.00186542933806777,22.840111
0.7214583333333444,-0.005877285730093718,0.011219496838748455,-0.006841973401606083,-0.0018611729610711336,22.840111
0.7216666666666778,-0.005867930594831705,0.011208800598978996,-0.00683555705472827,-0.0018572758417576551,22.840111
0.7218750000000111,-0.005858642514795065,0.011197366751730442,-0.006829776335507631,-0.0018575391732156277,22.840111
0.7220833333333445,-0.005849210545420647,0.011186118237674236,-0.006825246382504702,-0.0018580157775431871,22.840111
0.7222916666666779,-0.005839973222464323,0.011175232008099556,-0.0068203783594071865,-0.001857964787632227,22.840111
0.7225000000000112,-0.005830772221088409,0.011163965798914433,-0.006814882159233093,-0.0018575264839455485,22.840111
0.7227083333333446,-0.005821677390486002,0.011153057217597961,-0.006809779908508062,-0.0018568243831396103,22.840111
0.722916666666678,-0.00581269571557641,0.011142523027956486,-0.006805112585425377,-0.0018542881589382887,22.840111
0.7231250000000113,-0.005803500767797232,0.011131959035992622,-0.0067992620170116425,-0.0018499101279303432,22.840111
0.7233333333333447,-0.005794187542051077,0.011121407151222229,-0.0067932698875665665,-0.0018467193003743887,22.840111
0.7235416666666781,-0.00578498188406229,0.011110465973615646,-0.00678893830627203,-0.0018443866865709424,22.840111
0.7237500000000114,-0.005775740370154381,0.011099365539848804,-0.006783824879676104,-0.0018439642153680325,22.840111
0.7239583333333448,-0.005766483023762703,0.01108834519982338,-0.0067788101732730865,-0.0018436393002048135,22.840111
0.7241666666666782,-0.005757384467869997,0.01107740867882967,-0.006774611305445433,-0.0018432018114253879,22.840111
0.7243750000000115,-0.005748335737735033,0.011066705919802189,-0.006769818253815174,-0.0018430330092087388,22.840111
0.7245833333333449,-0.005739380139857531,0.011056153103709221,-0.0067657046020030975,-0.0018428466282784939,22.840111
0.7247916666666783,-0.005730601027607918,0.011046095751225948,-0.006760729476809502,-0.0018392824567854404,22.840111
0.7250000000000116,-0.0057214731350541115,0.011035495437681675,-0.006755440030246973,-0.0018348218873143196,22.840111
0.725208333333345,-0.005712253972887993,0.01102528814226389,-0.006751381792128086,-0.0018308492144569755,22.840111
0.7254166666666784,-0.005703216418623924,0.0110143618658185,-0.006747028324753046,-0.0018303419928997755,22.840111
0.7256250000000117,-0.005694111343473196,0.011003504507243633,-0.006743170786648989,-0.0018300015944987535,22.840111
0.7258333333333451,-0.005685066804289818,0.010992152616381645,-0.0067381663247942924,-0.0018292886670678854,22.840111
0.7260416666666785,-0.005676056258380413,0.010981496423482895,-0.00673527829349041,-0.0018292692257091403,22.840111
0.7262500000000118,-0.005667179822921753,0.010970637202262878,-0.006731259170919657,-0.001829365617595613,22.840111
0.7264583333333452,-0.005658427719026804,0.010960394516587257,-0.006727379281073809,-0.0018258511554449797,22.840111
0.7266666666666786,-0.005649506114423275,0.01094966009259224,-0.006722249090671539,-0.0018208060646429658,22.840111
0.7268750000000119,-0.005640315357595682,0.010938134975731373,-0.006716681644320488,-0.0018157947342842817,22.840111
0.7270833333333453,-0.005631163716316223,0.010927175171673298,-0.006713802460581064,-0.001814924064092338,22.840111
0.7272916666666787,-0.005622225813567638,0.010916403494775295,-0.0067101577296853065,-0.001815501251257956,22.840111
0.727500000000012,-0.005613382440060377,0.010905700735747814,-0.006705758161842823,-0.001814912655390799,22.840111
0.7277083333333454,-0.005604594014585018,0.010895431973040104,-0.006702070590108633,-0.0018143842462450266,22.840111
0.7279166666666788,-0.005595887545496225,0.010885078459978104,-0.006697855424135923,-0.0018142195185646415,22.840111
0.7281250000000121,-0.0055872416123747826,0.010874574072659016,-0.006693956442177296,-0.0018132159020751715,22.840111
0.7283333333333455,-0.0055785528384149075,0.010864008218050003,-0.006689439993351698,-0.0018093716353178024,22.840111
0.7285416666666789,-0.005569702945649624,0.01085352711379528,-0.006685349158942699,-0.0018049270147457719,22.840111
0.7287500000000122,-0.005560754332691431,0.010843037627637386,-0.00668167881667614,-0.0018007722683250904,22.840111
0.7289583333333456,-0.0055519347079098225,0.01083185151219368,-0.006678165402263403,-0.001800002297386527,22.840111
0.729166666666679,-0.00554308295249939,0.010820886120200157,-0.00667553162202239,-0.001799353281967342,22.840111
0.7293750000000123,-0.0055343229323625565,0.010810538195073605,-0.006672995164990425,-0.001798798213712871,22.840111
0.7295833333333457,-0.00552580039948225,0.010799755342304707,-0.0066689313389360905,-0.0017981895944103599,22.840111
0.729791666666679,-0.0055173709988594055,0.010789266787469387,-0.006666515953838825,-0.0017965807346627116,22.840111
0.7300000000000124,-0.005509051959961653,0.010778814554214478,-0.00666301092132926,-0.0017918148078024387,22.840111
0.7302083333333458,-0.005500308237969875,0.010768602602183819,-0.006659734062850475,-0.001786708482541144,22.840111
0.7304166666666791,-0.005491441581398249,0.010757887735962868,-0.006655840203166008,-0.0017825070535764098,22.840111
0.7306250000000125,-0.005482685752213001,0.010746961459517479,-0.00665217125788331,-0.0017817763146013021,22.840111
0.7308333333333459,-0.005473907571285963,0.010736146941781044,-0.0066504888236522675,-0.001780697493813932,22.840111
0.7310416666666792,-0.005465356167405844,0.01072520948946476,-0.0066474247723817825,-0.0017806226387619972,22.840111
0.7312500000000126,-0.005456897895783186,0.010715012438595295,-0.006644700653851032,-0.0017794237937778234,22.840111
0.731458333333346,-0.00544846011325717,0.010704905726015568,-0.0066419970244169235,-0.0017785901436582208,22.840111
0.7316666666666793,-0.005440063308924437,0.01069435104727745,-0.006638338789343834,-0.0017743405187502503,22.840111
0.7318750000000127,-0.005431389901787043,0.010684194974601269,-0.006635147146880627,-0.001769490772858262,22.840111
0.7320833333333461,-0.0054226526990532875,0.01067359559237957,-0.006632436532527208,-0.0017690419917926192,22.840111
0.7322916666666794,-0.005413901060819626,0.010662972927093506,-0.006630209740251303,-0.0017685584025457501,22.840111
0.7325000000000128,-0.005405198782682419,0.01065257377922535,-0.006627985276281834,-0.0017678793519735336,22.840111
0.7327083333333462,-0.005396654363721609,0.010641883127391338,-0.006625003181397915,-0.0017667748034000397,22.840111
0.7329166666666795,-0.005388115998357534,0.010631721466779709,-0.006622467655688524,-0.0017659688601270318,22.840111
0.7331250000000129,-0.0053796665742993355,0.010620743036270142,-0.0066184368915855885,-0.001762358588166535,22.840111
0.7333333333333463,-0.005371012259274721,0.010610409080982208,-0.006616707891225815,-0.001757361344061792,22.840111
0.7335416666666796,-0.005362167023122311,0.01059973519295454,-0.006613190285861492,-0.0017529577016830444,22.840111
0.733750000000013,-0.005353421438485384,0.010590136982500553,-0.006611568853259087,-0.0017525600269436836,22.840111
0.7339583333333464,-0.005344743840396404,0.010579639114439487,-0.006608874537050724,-0.00175135035533458,22.840111
0.7341666666666797,-0.0053360057063400745,0.010569066740572453,-0.006605834700167179,-0.001750374911352992,22.840111
0.7343750000000131,-0.005327496211975813,0.010558230802416801,-0.006602800451219082,-0.0017494034254923463,22.840111
0.7345833333333465,-0.005318906158208847,0.01054784469306469,-0.006600911729037762,-0.001746155321598053,22.840111
0.7347916666666798,-0.005310170352458954,0.01053685788065195,-0.006597774103283882,-0.0017409151187166572,22.840111
0.7350000000000132,-0.00530126690864563,0.010526596568524837,-0.006596042308956385,-0.0017355703748762608,22.840111
0.7352083333333466,-0.0052922870963811874,0.010515930131077766,-0.006592895835638046,-0.0017350120469927788,22.840111
0.7354166666666799,-0.005283488426357508,0.010505544021725655,-0.006589616183191538,-0.0017343752551823854,22.840111
0.7356250000000133,-0.005274780560284853,0.010494970716536045,-0.006586799398064613,-0.0017343530198559165,22.840111
0.7358333333333467,-0.005266075022518635,0.010484172962605953,-0.006583905778825283,-0.0017334113363176584,22.840111
0.73604166666668,-0.005257450044155121,0.010473357513546944,-0.006581214256584644,-0.001730357646010816,22.840111
0.7362500000000134,-0.005248723551630974,0.010462631471455097,-0.006578155793249607,-0.0017261903267353773,22.840111
0.7364583333333468,-0.005239866208285093,0.010451896116137505,-0.006574627012014389,-0.0017222128808498383,22.840111
0.7366666666666801,-0.0052309888415038586,0.010441295802593231,-0.006572477985173464,-0.0017217925051227212,22.840111
0.7368750000000135,-0.005222095642238855,0.010430891066789627,-0.006569472141563892,-0.0017210784135386348,22.840111
0.7370833333333469,-0.005213306751102209,0.010420523583889008,-0.006566393654793501,-0.0017203675815835595,22.840111
0.7372916666666802,-0.005204733926802874,0.010410001501441002,-0.006563118658959866,-0.0017195296240970492,22.840111
0.7375000000000136,-0.005196086131036282,0.010399340651929379,-0.006559712812304497,-0.001719114021398127,22.840111
0.737708333333347,-0.0051875426433980465,0.010388548485934734,-0.0065564727410674095,-0.0017149464692920446,22.840111
0.7379166666666803,-0.005178563762456179,0.010378474369645119,-0.00655383663251996,-0.0017099195392802358,22.840111
0.7381250000000137,-0.005169583950191736,0.010367712937295437,-0.006550653371959925,-0.001707548159174621,22.840111
0.738333333333347,-0.0051606581546366215,0.010357256978750229,-0.006547365803271532,-0.001708146301098168,22.840111
0.7385416666666804,-0.005151808261871338,0.010346708819270134,-0.006543521303683519,-0.0017082616686820984,22.840111
0.7387500000000138,-0.005143058020621538,0.010335848666727543,-0.006540100090205669,-0.0017074468778446317,22.840111
0.7389583333333472,-0.005134361330419779,0.010324859991669655,-0.006536589004099369,-0.001705286093056202,22.840111
0.7391666666666805,-0.005125638097524643,0.010314594954252243,-0.006534763611853123,-0.0017017752397805452,22.840111
0.7393750000000139,-0.005116785876452923,0.010303929448127747,-0.00653144670650363,-0.0016976731130853295,22.840111
0.7395833333333472,-0.005107808858156204,0.010293234139680862,-0.006527123041450977,-0.0016943200025707483,22.840111
0.7397916666666806,-0.005098926834762096,0.010282757692039013,-0.006523453630506992,-0.0016931258141994476,22.840111
0.740000000000014,-0.005089968908578157,0.01027197390794754,-0.006519863847643137,-0.0016927566612139344,22.840111
0.7402083333333473,-0.0050811003893613815,0.01026136614382267,-0.006516748573631048,-0.0016921974020078778,22.840111
0.7404166666666807,-0.00507224490866065,0.010250157676637173,-0.00651397742331028,-0.0016910400008782744,22.840111
0.7406250000000141,-0.005063463468104601,0.010239587165415287,-0.0065109930001199245,-0.0016875668661668897,22.840111
0.7408333333333474,-0.005054432898759842,0.010228369385004044,-0.006506235338747501,-0.0016828953521326184,22.840111
0.7410416666666808,-0.005045414436608553,0.0102176982909441,-0.006502928677946329,-0.0016785881016403437,22.840111
0.7412500000000142,-0.005036395508795977,0.010206947103142738,-0.006499454379081726,-0.0016780213918536901,22.840111
0.7414583333333475,-0.005027367267757654,0.01019624900072813,-0.006495989393442869,-0.0016768965870141983,22.840111
0.7416666666666809,-0.005018319468945265,0.010185720399022102,-0.006492209620773792,-0.0016752645606175065,22.840111
0.7418750000000143,-0.005009465850889683,0.010175076313316822,-0.006488222163170576,-0.0016755899414420128,22.840111
0.7420833333333476,-0.005000812467187643,0.010164396837353706,-0.006485534366220236,-0.001671580015681684,22.840111
0.742291666666681,-0.004991745110601187,0.010153424926102161,-0.00648189801722765,-0.001666759722866118,22.840111
0.7425000000000144,-0.004982654470950365,0.010142587125301361,-0.006478324066847563,-0.0016620265087112784,22.840111
0.7427083333333477,-0.0049735866487026215,0.010131032206118107,-0.006473677698522806,-0.0016614907654002309,22.840111
0.7429166666666811,-0.004964460618793964,0.010119949467480183,-0.006470296066254377,-0.0016606658464297652,22.840111
0.7431250000000145,-0.004955413285642862,0.01010948047041893,-0.006466964725404978,-0.0016599255613982677,22.840111
0.7433333333333478,-0.004946468397974968,0.010098612867295742,-0.006463201250880957,-0.0016591472085565329,22.840111
0.7435416666666812,-0.004937713034451008,0.010087591595947742,-0.006459283642470837,-0.0016556261107325554,22.840111
0.7437500000000146,-0.004928658716380596,0.010076263919472694,-0.006454532500356436,-0.0016509242122992873,22.840111
0.7439583333333479,-0.004919401835650206,0.010065372101962566,-0.006451033521443605,-0.001646089251153171,22.840111
0.7441666666666813,-0.004910226445645094,0.010053698904812336,-0.0064461128786206245,-0.001645315787754953,22.840111
0.7443750000000147,-0.004901140928268433,0.010042622685432434,-0.006443220656365156,-0.0016444792272523046,22.840111
0.744583333333348,-0.004892094060778618,0.01003130804747343,-0.006438481155782938,-0.0016442675841972232,22.840111
0.7447916666666814,-0.004883133340626955,0.010020413435995579,-0.006434687413275242,-0.0016440566396340728,22.840111
0.7450000000000148,-0.004874308593571186,0.01000870019197464,-0.006429818458855152,-0.0016402497421950102,22.840111
0.7452083333333481,-0.004865231923758984,0.009996963664889336,-0.006425714585930109,-0.0016347425989806652,22.840111
0.7454166666666815,-0.004855950828641653,0.009985326789319515,-0.006421566940844059,-0.0016299430280923843,22.840111
0.7456250000000149,-0.004846643190830946,0.009973960928618908,-0.006417875178158283,-0.0016300868010148406,22.840111
0.7458333333333482,-0.004837495740503073,0.009962279349565506,-0.006412854418158531,-0.0016291438369080424,22.840111
0.7460416666666816,-0.004828472156077623,0.009950670413672924,-0.006407860666513443,-0.0016292736399918795,22.840111
0.746250000000015,-0.004819537978619337,0.009939647279679775,-0.006403918378055096,-0.0016283612931147218,22.840111
0.7464583333333483,-0.0048106033354997635,0.009927917271852493,-0.00639889994636178,-0.0016244839644059539,22.840111
0.7466666666666817,-0.004801396280527115,0.00991582777351141,-0.006393353920429945,-0.001619664835743606,22.840111
0.746875000000015,-0.004792027175426483,0.00990472361445427,-0.006389798130840063,-0.0016150168376043439,22.840111
0.7470833333333484,-0.004782898351550102,0.009893307462334633,-0.0063842409290373325,-0.001614949549548328,22.840111
0.7472916666666818,-0.004773714579641819,0.00988229364156723,-0.00638013519346714,-0.0016138838836923242,22.840111
0.7475000000000152,-0.004764582496136427,0.009870655834674835,-0.006375011056661606,-0.0016132983146235347,22.840111
0.7477083333333485,-0.004755571950227022,0.009859040379524231,-0.0063690426759421825,-0.0016129171708598733,22.840111
0.7479166666666819,-0.004746676422655582,0.009847549721598625,-0.0063652340322732925,-0.001609134953469038,22.840111
0.7481250000000153,-0.0047374810092151165,0.009836152195930481,-0.006360532715916634,-0.0016044339863583446,22.840111
0.7483333333333486,-0.004728198517113924,0.009824262000620365,-0.006354947574436665,-0.0016004921635612845,22.840111
0.748541666666682,-0.004718936514109373,0.009812592528760433,-0.006350490730255842,-0.0015994375571608543,22.840111
0.7487500000000153,-0.00470964377745986,0.009800626896321774,-0.00634441152215004,-0.0015992082189768553,22.840111
0.7489583333333487,-0.004700567107647657,0.009789402596652508,-0.0063405027613043785,-0.0015982110053300858,22.840111
0.7491666666666821,-0.004691547714173794,0.009777968749403954,-0.006335766986012459,-0.001597283175215125,22.840111
0.7493750000000154,-0.004682539962232113,0.009766414761543274,-0.006330334581434727,-0.0015941736055538058,22.840111
0.7495833333333488,-0.004673425108194351,0.009754923172295094,-0.006324810907244682,-0.0015897811390459538,22.840111
0.7497916666666822,-0.004664148669689894,0.009743468835949898,-0.0063202823512256145,-0.0015872182557359338,22.840111
0.7500000000000155,-0.004654864780604839,0.009731433354318142,-0.006314585451036692,-0.0015863951994106174,22.840111
0.7502083333333489,-0.0046455515548586845,0.009720231406390667,-0.0063100229017436504,-0.0015851183561608195,22.840111
0.7504166666666823,-0.0046363649889826775,0.009709269739687443,-0.006304994225502014,-0.0015847972827032208,22.840111
0.7506250000000156,-0.004627350717782974,0.00969815906137228,-0.006299390457570553,-0.0015838205581530929,22.840111
0.750833333333349,-0.004618178587406874,0.009686616249382496,-0.006293469108641148,-0.001579705742187798,22.840111
0.7510416666666824,-0.004608843941241503,0.009674948640167713,-0.00628829887136817,-0.0015749026788398623,22.840111
0.7512500000000157,-0.004599456209689379,0.00966351106762886,-0.006283850409090519,-0.0015746935969218612,22.840111
0.7514583333333491,-0.004589999560266733,0.009651866741478443,-0.0062782056629657745,-0.001575264846906066,22.840111
0.7516666666666825,-0.00458074314519763,0.00964055210351944,-0.006272900849580765,-0.001575126894749701,22.840111
0.7518750000000158,-0.004571542143821716,0.009629051201045513,-0.006267784163355827,-0.0015746208373457193,22.840111
0.7520833333333492,-0.004562397953122854,0.009617757983505726,-0.006262937560677528,-0.0015725679695606232,22.840111
0.7522916666666826,-0.00455320393666625,0.009605937637388706,-0.00625639921054244,-0.0015688403509557247,22.840111
0.7525000000000159,-0.004543798044323921,0.009594330564141273,-0.006251414772123098,-0.0015640112105756998,22.840111
0.7527083333333493,-0.004534327890723944,0.009582648053765297,-0.006246349774301052,-0.001563478261232376,22.840111
0.7529166666666827,-0.004524849355220795,0.009571200236678123,-0.006241013761609793,-0.0015634213341400027,22.840111
0.753125000000016,-0.004515457898378372,0.009559357538819313,-0.006235130131244659,-0.0015625269152224064,22.840111
0.7533333333333494,-0.0045061479322612286,0.009548059664666653,-0.0062297373078763485,-0.001561674289405346,22.840111
0.7535416666666828,-0.004496968816965818,0.009536770172417164,-0.006223609670996666,-0.00155852478928864,22.840111
0.7537500000000161,-0.004487560596317053,0.00952545553445816,-0.0062188380397856236,-0.0015538810985162854,22.840111
0.7539583333333495,-0.004477991722524166,0.009513837285339832,-0.006212931592017412,-0.001549546024762094,22.840111
0.7541666666666829,-0.004468490369617939,0.009502101689577103,-0.006206962745636702,-0.0015491145895794034,22.840111
0.7543750000000162,-0.004459023009985685,0.009490369819104671,-0.006201907992362976,-0.0015480542788282037,22.840111
0.7545833333333496,-0.004449591040611267,0.009478867053985596,-0.006196788512170315,-0.0015476447297260165,22.840111
0.754791666666683,-0.0044402750208973885,0.009467022493481636,-0.006190659012645483,-0.0015465484466403723,22.840111
0.7550000000000163,-0.004431009758263826,0.009455818682909012,-0.006185842677950859,-0.0015425862511619925,22.840111
0.7552083333333497,-0.0044215526431798935,0.009444139897823334,-0.006179374177008867,-0.001537692965939641,22.840111
0.7554166666666831,-0.004412034992128611,0.009432110004127026,-0.006173561792820692,-0.0015331772156059742,22.840111
0.7556250000000164,-0.00440248241648078,0.009420319460332394,-0.006168045569211245,-0.00153227592818439,22.840111
0.7558333333333498,-0.0043929507955908775,0.00940842367708683,-0.006161984987556934,-0.0015316859353333712,22.840111
0.7560416666666832,-0.004383525345474482,0.009397250600159168,-0.006157642230391502,-0.001531486981548369,22.840111
0.7562500000000165,-0.004374275915324688,0.009385931305587292,-0.006151225883513689,-0.0015312647446990013,22.840111
0.7564583333333499,-0.004365119617432356,0.009374747052788734,-0.006145249120891094,-0.001527582760900259,22.840111
0.7566666666666833,-0.00435571139678359,0.009362837299704552,-0.0061391061171889305,-0.0015221858629956841,22.840111
0.7568750000000166,-0.004346136003732681,0.00935090146958828,-0.0061330851167440414,-0.001518374658189714,22.840111
0.75708333333335,-0.004336597863584757,0.009339457377791405,-0.0061284215189516544,-0.0015177953755483031,22.840111
0.7572916666666833,-0.004327182658016682,0.009327813982963562,-0.006122771184891462,-0.0015170762781053782,22.840111
0.7575000000000167,-0.004317785147577524,0.009316198527812958,-0.006116794887930155,-0.0015166027005761862,22.840111
0.7577083333333501,-0.004308552015572786,0.009304773062467575,-0.006111391354352236,-0.001515657757408917,22.840111
0.7579166666666834,-0.0042993309907615185,0.009293647482991219,-0.006106160115450621,-0.0015125914942473173,22.840111
0.7581250000000168,-0.004290046636015177,0.009282325394451618,-0.00610049394890666,-0.0015076807467266917,22.840111
0.7583333333333502,-0.004280585329979658,0.009270698763430119,-0.0060946824960410595,-0.0015037503326311707,22.840111
0.7585416666666835,-0.004271188285201788,0.009258925914764404,-0.0060888309963047504,-0.001503117149695754,22.840111
0.7587500000000169,-0.004261831287294626,0.009247587993741035,-0.006083214655518532,-0.0015021971194073558,22.840111
0.7589583333333503,-0.004252546466886997,0.009236051701009274,-0.006077313795685768,-0.0015016035176813602,22.840111
0.7591666666666836,-0.004243464674800634,0.009224826470017433,-0.006072772666811943,-0.0015007208567112684,22.840111
0.759375000000017,-0.004234397318214178,0.009213495999574661,-0.00606720382347703,-0.0014982308493927121,22.840111
0.7595833333333504,-0.004225294105708599,0.0092017762362957,-0.006060407496988773,-0.001493079704232514,22.840111
0.7597916666666837,-0.0042159971781075,0.009190140292048454,-0.0060548060573637486,-0.0014890050515532494,22.840111
0.7600000000000171,-0.004206767305731773,0.009178373962640762,-0.006049255840480328,-0.0014879306545481086,22.840111
0.7602083333333505,-0.0041975583881139755,0.009167501702904701,-0.006045816000550985,-0.0014875715132802725,22.840111
0.7604166666666838,-0.004188482649624348,0.009156052954494953,-0.006038835272192955,-0.001486338209360838,22.840111
0.7606250000000172,-0.004179499577730894,0.00914483331143856,-0.006033210549503565,-0.0014852776657789946,22.840111
0.7608333333333506,-0.0041705830954015255,0.009133889339864254,-0.006028465926647186,-0.0014847255079075694,22.840111
0.7610416666666839,-0.00416188919916749,0.00912206619977951,-0.006022682413458824,-0.0014809841522946954,22.840111
0.7612500000000173,-0.004153071902692318,0.00911041907966137,-0.006017898675054312,-0.0014754990115761757,22.840111
0.7614583333333507,-0.004144092556089163,0.009099269285798073,-0.006012800149619579,-0.001472096424549818,22.840111
0.761666666666684,-0.004135224502533674,0.009087707847356796,-0.00600783433765173,-0.0014711599797010422,22.840111
0.7618750000000174,-0.004126415587961674,0.009076222777366638,-0.006002445239573717,-0.001469995710067451,22.840111
0.7620833333333508,-0.004117703530937433,0.009064659476280212,-0.005997529719024897,-0.0014682775363326073,22.840111
0.7622916666666841,-0.004109036177396774,0.00905340164899826,-0.005992634687572718,-0.0014668594812974334,22.840111
0.7625000000000175,-0.004100500140339136,0.009041755460202694,-0.005987934302538633,-0.0014650217490270734,22.840111
0.7627083333333509,-0.004092030227184296,0.009030763991177082,-0.005982988514006138,-0.0014612512895837426,22.840111
0.7629166666666842,-0.004083511885255575,0.009019507095217705,-0.0059766508638858795,-0.0014573046937584877,22.840111
0.7631250000000176,-0.004074976779520512,0.009008527733385563,-0.005972069688141346,-0.001453583245165646,22.840111
0.763333333333351,-0.004066558089107275,0.008997702971100807,-0.005967882461845875,-0.0014527656603604555,22.840111
0.7635416666666843,-0.004058200865983963,0.008986790664494038,-0.005962990690022707,-0.0014517317758873105,22.840111
0.7637500000000177,-0.004049921873956919,0.008975870907306671,-0.0059585669077932835,-0.0014501982368528843,22.840111
0.7639583333333511,-0.004041722044348717,0.008964791893959045,-0.005953382235020399,-0.001449331408366561,22.840111
0.7641666666666844,-0.004033640027046204,0.008953485637903214,-0.005948357749730349,-0.0014481686521321535,22.840111
0.7643750000000178,-0.004025629255920649,0.008942823857069016,-0.005945033393800259,-0.0014456331264227629,22.840111
0.7645833333333512,-0.004017589148133993,0.00893202144652605,-0.005939817056059837,-0.0014419651124626398,22.840111
0.7647916666666845,-0.004009546712040901,0.008921300061047077,-0.005935548339039087,-0.0014408231945708394,22.840111
0.7650000000000179,-0.004001582507044077,0.00891057401895523,-0.005930855870246887,-0.001439677202142775,22.840111
0.7652083333333513,-0.003993697464466095,0.008899791166186333,-0.005925941281020641,-0.0014382990775629878,22.840111
0.7654166666666846,-0.00398589251562953,0.008889690972864628,-0.005922954995185137,-0.0014374138554558158,22.840111
0.765625000000018,-0.00397820258513093,0.008879225701093674,-0.005918476730585098,-0.0014359870692715049,22.840111
0.7658333333333514,-0.0039705983363091946,0.008868355304002762,-0.00591353140771389,-0.0014341585338115692,22.840111
0.7660416666666847,-0.003963066730648279,0.008857988752424717,-0.0059097688645124435,-0.0014313922729343176,22.840111
0.7662500000000181,-0.003955529071390629,0.008847726508975029,-0.005905364640057087,-0.0014278755988925695,22.840111
0.7664583333333514,-0.003948010504245758,0.008837355300784111,-0.005900919903069735,-0.0014247704530134797,22.840111
0.7666666666666848,-0.003940563183277845,0.00882702972739935,-0.00589634058997035,-0.0014245756901800632,22.840111
0.7668750000000182,-0.003933199215680361,0.008816693909466267,-0.005891760811209679,-0.001423645531758666,22.840111
0.7670833333333515,-0.003925897181034088,0.008806041441857815,-0.005887381266802549,-0.0014217812567949295,22.840111
0.7672916666666849,-0.0039187148213386536,0.00879603624343872,-0.005884270183742046,-0.0014201885787770152,22.840111
0.7675000000000183,-0.0039116255939006805,0.008785845711827278,-0.005879630334675312,-0.001419753534719348,22.840111
0.7677083333333516,-0.0039046441670507193,0.00877559743821621,-0.005875743459910154,-0.0014177972916513681,22.840111
0.767916666666685,-0.003897670889273286,0.008765190839767456,-0.00587111059576273,-0.0014142910949885845,22.840111
0.7681250000000184,-0.003890711348503828,0.008755349554121494,-0.005865936167538166,-0.0014105478767305613,22.840111
0.7683333333333517,-0.003883825382217765,0.008745902217924595,-0.005862869787961245,-0.001409452990628779,22.840111
0.7685416666666851,-0.003877008333802223,0.008735357783734798,-0.00585702620446682,-0.0014086953597143292,22.840111
0.7687500000000185,-0.0038702788297086954,0.0087254224345088,-0.005853211507201195,-0.0014071982586756349,22.840111
0.7689583333333518,-0.0038636187091469765,0.008715367875993252,-0.005848523695021868,-0.001406182418577373,22.840111
0.7691666666666852,-0.0038570507895201445,0.008705168962478638,-0.0058434889651834965,-0.001404525712132454,22.840111
0.7693750000000186,-0.0038505929987877607,0.008695526048541069,-0.005840129218995571,-0.0014033546904101968,22.840111
0.7695833333333519,-0.0038442080840468407,0.008685704320669174,-0.005835712421685457,-0.0014001933159306645,22.840111
0.7697916666666853,-0.0038378224708139896,0.00867555383592844,-0.005829494912177324,-0.0013969653518870473,22.840111
0.7700000000000187,-0.003831509966403246,0.00866596307605505,-0.005825740285217762,-0.0013965658145025373,22.840111
0.770208333333352,-0.0038252666126936674,0.008656296879053116,-0.005821267608553171,-0.0013968520797789097,22.840111
0.7704166666666854,-0.003819094505161047,0.008646960370242596,-0.005817558616399765,-0.0013952779117971659,22.840111
0.7706250000000188,-0.0038129938766360283,0.008637112565338612,-0.00581137090921402,-0.0013937748735770583,22.840111
0.7708333333333521,-0.003806971712037921,0.008627993986010551,-0.005807367153465748,-0.0013928352855145931,22.840111
0.7710416666666855,-0.003801036160439253,0.008618858642876148,-0.00580308074131608,-0.0013910506386309862,22.840111
0.7712500000000189,-0.0037951632402837276,0.008609483949840069,-0.005798127967864275,-0.0013887457316741347,22.840111
0.7714583333333522,-0.003789347829297185,0.00860030110925436,-0.005793118383735418,-0.0013861716724932194,22.840111
0.7716666666666856,-0.003783602500334382,0.008590694516897202,-0.005787876900285482,-0.0013837675796821713,22.840111
0.771875000000019,-0.0037779263220727444,0.008581492118537426,-0.005783786531537771,-0.0013829178642481565,22.840111
0.7720833333333523,-0.0037723190616816282,0.008572116494178772,-0.0057793669402599335,-0.0013823764165863395,22.840111
0.7722916666666857,-0.00376678048633039,0.008563009090721607,-0.005774355959147215,-0.0013810974778607488,22.840111
0.7725000000000191,-0.003761311760172248,0.008553962223231792,-0.005769714247435331,-0.0013799816370010376,22.840111
0.7727083333333524,-0.0037559273187071085,0.008544798009097576,-0.005764912348240614,-0.0013782208552584052,22.840111
0.7729166666666858,-0.0037505964282900095,0.008536058478057384,-0.005760418716818094,-0.0013765072217211127,22.840111
0.7731250000000192,-0.0037453328259289265,0.008527101017534733,-0.005755559075623751,-0.00137342419475317,22.840111
0.7733333333333525,-0.003740138839930296,0.008518194779753685,-0.005750779993832111,-0.0013714527012780309,22.840111
0.7735416666666859,-0.003735009813681245,0.008509119972586632,-0.005745898000895977,-0.0013714134693145752,22.840111
0.7737500000000193,-0.0037299476098269224,0.008499917574226856,-0.005741706117987633,-0.0013700847048312426,22.840111
0.7739583333333526,-0.0037249517627060413,0.008490939624607563,-0.005736297462135553,-0.0013682011049240828,22.840111
0.774166666666686,-0.003720020642504096,0.008482379838824272,-0.0057320608757436275,-0.0013670327607542276,22.840111
0.7743750000000194,-0.0037151530850678682,0.008473716676235199,-0.005727406125515699,-0.0013664597645401955,22.840111
0.7745833333333527,-0.003710357006639242,0.008464840240776539,-0.005723573267459869,-0.0013649516040459275,22.840111
0.7747916666666861,-0.003705616109073162,0.008456381969153881,-0.005719313398003578,-0.0013632049085572362,22.840111
0.7750000000000195,-0.003700945293530822,0.008447887375950813,-0.005714354105293751,-0.0013614012859761715,22.840111
0.7752083333333528,-0.0036963324528187513,0.008439185097813606,-0.005710020661354065,-0.0013606504071503878,22.840111
0.7754166666666862,-0.0036917824763804674,0.008430322632193565,-0.005704058799892664,-0.0013600010424852371,22.840111
0.7756250000000195,-0.0036872965283691883,0.008422231301665306,-0.005700047127902508,-0.0013590011512860656,22.840111
0.7758333333333529,-0.0036828701850026846,0.008413922041654587,-0.005695841740816832,-0.001357424771413207,22.840111
0.7760416666666863,-0.0036785013508051634,0.008405445143580437,-0.005691559985280037,-0.0013564927503466606,22.840111
0.7762500000000196,-0.003674190491437912,0.008397298865020275,-0.005687539465725422,-0.0013558224309235811,22.840111
0.776458333333353,-0.0036699390038847923,0.008388951420783997,-0.0056827678345143795,-0.001353322877548635,22.840111
0.7766666666666864,-0.003665758529677987,0.008380966261029243,-0.005678286775946617,-0.0013507589465007186,22.840111
0.7768750000000197,-0.0036616320721805096,0.008372779004275799,-0.005672825034707785,-0.0013510521966964006,22.840111
0.7770833333333531,-0.0036575631238520145,0.008364721201360226,-0.0056686606258153915,-0.001350356382317841,22.840111
0.7772916666666865,-0.00365354772657156,0.008356856182217598,-0.005664282012730837,-0.001349083031527698,22.840111
0.7775000000000198,-0.0036495879758149385,0.008348984643816948,-0.005660255439579487,-0.001347801648080349,22.840111
0.7777083333333532,-0.003645682241767645,0.008341542445123196,-0.0056570665910840034,-0.0013469248078763485,22.840111
0.7779166666666866,-0.00364182167686522,0.008333779871463776,-0.005651514045894146,-0.0013465150259435177,22.840111
0.7781250000000199,-0.003638023743405938,0.008326118811964989,-0.0056477561593055725,-0.0013436105800792575,22.840111
0.7783333333333533,-0.0036342861130833626,0.008318093605339527,-0.005642529111355543,-0.0013404767960309982,22.840111
0.7785416666666867,-0.003630606224760413,0.008310576900839806,-0.005638367496430874,-0.0013378097210079432,22.840111
0.77875000000002,-0.003626973833888769,0.008303009904921055,-0.005633832886815071,-0.0013353555696085095,22.840111
0.7789583333333534,-0.0036233908031135798,0.008295317180454731,-0.005629304330796003,-0.001332710264250636,22.840111
0.7791666666666868,-0.003619858529418707,0.00828817579895258,-0.005625367164611816,-0.0013305542524904013,22.840111
0.7793750000000201,-0.003616370726376772,0.008281193673610687,-0.005620751064270735,-0.001327306730672717,22.840111
0.7795833333333535,-0.003612933214753866,0.008274455554783344,-0.005617503542453051,-0.0013247571187093854,22.840111
0.7797916666666869,-0.0036095345858484507,0.00826779380440712,-0.0056135221384465694,-0.001321751857176423,22.840111
0.7800000000000202,-0.00360619998537004,0.00826074555516243,-0.005608267616480589,-0.0013200417160987854,22.840111
0.7802083333333536,-0.0036029189359396696,0.008254770189523697,-0.005605176091194153,-0.001318442402407527,22.840111
0.780416666666687,-0.003599670482799411,0.008248845115303993,-0.005601140204817057,-0.0013161544920876622,22.840111
0.7806250000000203,-0.003596458351239562,0.00824215542525053,-0.005597149021923542,-0.0013124849647283554,22.840111
0.7808333333333537,-0.0035932937171310186,0.008235265500843525,-0.005592850036919117,-0.0013097564224153757,22.840111
0.7810416666666871,-0.0035901693627238274,0.008228725753724575,-0.005589368753135204,-0.0013063307851552963,22.840111
0.7812500000000204,-0.0035870890133082867,0.00822268147021532,-0.005586104467511177,-0.0013049987610429525,22.840111
0.7814583333333538,-0.0035840393975377083,0.008216649293899536,-0.005582006648182869,-0.0013018962927162647,22.840111
0.7816666666666872,-0.0035810573026537895,0.008210450410842896,-0.005577405449002981,-0.0012990990653634071,22.840111
0.7818750000000205,-0.0035781189799308777,0.00820440798997879,-0.005574382375925779,-0.0012960726162418723,22.840111
0.7820833333333539,-0.003575210925191641,0.008198671042919159,-0.00557130528613925,-0.0012929802760481834,22.840111
0.7822916666666873,-0.0035723319742828608,0.008192508481442928,-0.005566418636590242,-0.0012904577888548374,22.840111
0.7825000000000206,-0.0035694970283657312,0.008186492137610912,-0.0055638705380260944,-0.0012887648772448301,22.840111
0.782708333333354,-0.003566690953448415,0.008180320262908936,-0.005559977609664202,-0.001285774284042418,22.840111
0.7829166666666874,-0.0035639312118291855,0.00817458238452673,-0.005557572469115257,-0.0012843344593420625,22.840111
0.7831250000000207,-0.0035612022038549185,0.008168612606823444,-0.005553870461881161,-0.0012805373407900333,22.840111
0.7833333333333541,-0.003558534663170576,0.008162879385054111,-0.005550262983888388,-0.0012784393038600683,22.840111
0.7835416666666875,-0.0035559036768972874,0.008157310076057911,-0.005547033157199621,-0.0012767172884196043,22.840111
0.7837500000000208,-0.003553293878212571,0.008151947520673275,-0.005543519277125597,-0.0012742095859721303,22.840111
0.7839583333333542,-0.0035507187712937593,0.008146393112838268,-0.005540420301258564,-0.0012709831353276968,22.840111
0.7841666666666876,-0.0035481678787618876,0.008140658028423786,-0.005536946933716536,-0.0012686586705967784,22.840111
0.7843750000000209,-0.003545645857229829,0.008135448209941387,-0.005534840282052755,-0.0012666145339608192,22.840111
0.7845833333333543,-0.003543163649737835,0.008130313828587532,-0.00553134735673666,-0.0012663827510550618,22.840111
0.7847916666666876,-0.00354071706533432,0.008124816231429577,-0.005527520086616278,-0.001262627774849534,22.840111
0.785000000000021,-0.003538326593115926,0.008119753561913967,-0.005524576175957918,-0.001260404009371996,22.840111
0.7852083333333544,-0.003535957308486104,0.008114420808851719,-0.005520591977983713,-0.0012572328560054302,22.840111
0.7854166666666877,-0.003533618990331888,0.008109568618237972,-0.005518530961126089,-0.001254536327905953,22.840111
0.7856250000000211,-0.0035312888212502003,0.008104369044303894,-0.005515683442354202,-0.0012527077924460173,22.840111
0.7858333333333545,-0.003528991714119911,0.008098939433693886,-0.005512128584086895,-0.0012510245433077216,22.840111
0.7860416666666878,-0.0035267218481749296,0.008093277923762798,-0.005508720874786377,-0.0012497787829488516,22.840111
0.7862500000000212,-0.003524489002302289,0.008088191971182823,-0.005506390705704689,-0.001248084125109017,22.840111
0.7864583333333546,-0.0035222943406552076,0.00808300357311964,-0.005502229556441307,-0.0012452671071514487,22.840111
0.7866666666666879,-0.0035201411228626966,0.008078054524958134,-0.005499230232089758,-0.001243727863766253,22.840111
0.7868750000000213,-0.0035180109553039074,0.008073130622506142,-0.00549473287537694,-0.0012420850107446313,22.840111
0.7870833333333547,-0.003515897085890174,0.008068691939115524,-0.005492968484759331,-0.0012386752059683204,22.840111
0.787291666666688,-0.0035137960221618414,0.008063887245953083,-0.0054886783473193645,-0.0012358203530311584,22.840111
0.7875000000000214,-0.003511717775836587,0.008059132844209671,-0.005485481582581997,-0.0012341220863163471,22.840111
0.7877083333333548,-0.0035096711944788694,0.008054322563111782,-0.005482133477926254,-0.001235363190062344,22.840111
0.7879166666666881,-0.003507644170895219,0.008049551397562027,-0.005478702951222658,-0.0012327049626037478,22.840111
0.7881250000000215,-0.003505674423649907,0.008044629357755184,-0.00547394435852766,-0.0012299297377467155,22.840111
0.7883333333333549,-0.003503732616081834,0.008039919659495354,-0.005470083560794592,-0.0012273307656869292,22.840111
0.7885416666666882,-0.0035017994232475758,0.008035294711589813,-0.005466237664222717,-0.0012251711450517178,22.840111
0.7887500000000216,-0.0034998864866793156,0.008030557073652744,-0.005461638793349266,-0.0012233684537932277,22.840111
0.788958333333355,-0.0034979854244738817,0.00802562851458788,-0.0054572829976677895,-0.0012215147726237774,22.840111
0.7891666666666883,-0.003496103221550584,0.008020864799618721,-0.005453630816191435,-0.00121951918117702,22.840111
0.7893750000000217,-0.0034942496567964554,0.008016071282327175,-0.005448982119560242,-0.0012191834393888712,22.840111
0.7895833333333551,-0.0034924251958727837,0.008011642843484879,-0.005445281974971294,-0.0012166715459898114,22.840111
0.7897916666666884,-0.0034906482324004173,0.008006877265870571,-0.005439905449748039,-0.0012150579132139683,22.840111
0.7900000000000218,-0.0034888882655650377,0.008002415299415588,-0.005435197148472071,-0.0012124438071623445,22.840111
0.7902083333333552,-0.0034871255047619343,0.007998183369636536,-0.00543141458183527,-0.0012098950101062655,22.840111
0.7904166666666885,-0.0034853722900152206,0.007993943989276886,-0.005427139345556498,-0.0012079606531187892,22.840111
0.7906250000000219,-0.003483629785478115,0.007989253848791122,-0.005422956310212612,-0.0012071171076968312,22.840111
0.7908333333333553,-0.003481899155303836,0.007984647527337074,-0.005418156273663044,-0.0012068810174241662,22.840111
0.7910416666666886,-0.003480191109701991,0.007980270311236382,-0.005414747167378664,-0.0012053981190547347,22.840111
0.791250000000022,-0.0034785140305757523,0.007975885644555092,-0.005409122444689274,-0.0012024480383843184,22.840111
0.7914583333333554,-0.003476879093796015,0.007971822284162045,-0.005404871888458729,-0.0012007331242784858,22.840111
0.7916666666666887,-0.003475247649475932,0.007967582903802395,-0.005400924943387508,-0.001198669895529747,22.840111
0.7918750000000221,-0.003473632037639618,0.007963406853377819,-0.005397033877670765,-0.0011965391458943486,22.840111
0.7920833333333555,-0.00347200152464211,0.007959072478115559,-0.005392918828874826,-0.0011945682344958186,22.840111
0.7922916666666888,-0.0034703854471445084,0.007954930886626244,-0.0053891269490122795,-0.0011944640427827835,22.840111
0.7925000000000222,-0.003468782175332308,0.007950684055685997,-0.0053854091092944145,-0.0011956676607951522,22.840111
0.7927083333333556,-0.0034672017209231853,0.007946723140776157,-0.005381129682064056,-0.0011929654283449054,22.840111
0.7929166666666889,-0.003465679008513689,0.007942740805447102,-0.005376116372644901,-0.0011905174469575286,22.840111
0.7931250000000223,-0.0034641576930880547,0.007938588969409466,-0.005372279789298773,-0.001187997288070619,22.840111
0.7933333333333557,-0.0034626389387995005,0.00793448369950056,-0.00536793889477849,-0.0011859326623380184,22.840111
0.793541666666689,-0.0034611274022608995,0.007930846884846687,-0.005364070646464825,-0.0011842385865747929,22.840111
0.7937500000000224,-0.003459604922682047,0.00792677327990532,-0.00535964360460639,-0.0011820950312539935,22.840111
0.7939583333333557,-0.0034581066574901342,0.007923063822090626,-0.0053567527793347836,-0.0011832290329039097,22.840111
0.7941666666666891,-0.0034566058311611414,0.007919033989310265,-0.005352483130991459,-0.0011836570920422673,22.840111
0.7943750000000225,-0.003455138998106122,0.007915121503174305,-0.005348248407244682,-0.0011810717405751348,22.840111
0.7945833333333558,-0.0034537205938249826,0.00791150238364935,-0.005343663040548563,-0.0011795638129115105,22.840111
0.7947916666666892,-0.003452291479334235,0.007908008992671967,-0.005340286064893007,-0.0011765314266085625,22.840111
0.7950000000000226,-0.0034508625976741314,0.007904095575213432,-0.005335809662938118,-0.0011740936897695065,22.840111
0.7952083333333559,-0.003449440933763981,0.00790036004036665,-0.005332310684025288,-0.0011721639893949032,22.840111
0.7954166666666893,-0.003448008093982935,0.007896676659584045,-0.005328505299985409,-0.0011721282498911023,22.840111
0.7956250000000227,-0.0034465868957340717,0.00789304543286562,-0.005324702709913254,-0.001171676442027092,22.840111
0.795833333333356,-0.0034451778046786785,0.00788943376392126,-0.005321127828210592,-0.0011697161244228482,22.840111
0.7960416666666894,-0.003443819470703602,0.007885818369686604,-0.005316085182130337,-0.0011680996976792812,22.840111
0.7962500000000228,-0.0034424755722284317,0.007882265374064445,-0.005311948712915182,-0.0011657911818474531,22.840111
0.7964583333333561,-0.0034411197993904352,0.007878938689827919,-0.005308990366756916,-0.0011641525197774172,22.840111
0.7966666666666895,-0.003439753083512187,0.007875354960560799,-0.005304329562932253,-0.001161530613899231,22.840111
0.7968750000000229,-0.0034383819438517094,0.007871873676776886,-0.005301014054566622,-0.001160590909421444,22.840111
0.7970833333333562,-0.0034370131324976683,0.007868344895541668,-0.005297111812978983,-0.001161589752882719,22.840111
0.7972916666666896,-0.003435669466853142,0.00786533486098051,-0.005294316913932562,-0.00116116798017174,22.840111
0.797500000000023,-0.003434329992160201,0.007861638441681862,-0.005289298482239246,-0.0011576554970815778,22.840111
0.7977083333333563,-0.0034330354537814856,0.007858267053961754,-0.00528599601238966,-0.0011556106619536877,22.840111
0.7979166666666897,-0.0034317432437092066,0.00785499345511198,-0.005281929858028889,-0.0011535012163221836,22.840111
0.7981250000000231,-0.00343043589964509,0.007851721718907356,-0.0052783191204071045,-0.0011518237879499793,22.840111
0.7983333333333564,-0.0034291113261133432,0.00784810446202755,-0.00527454586699605,-0.0011499628890305758,22.840111
0.7985416666666898,-0.0034277935046702623,0.007844824343919754,-0.005271719302982092,-0.0011505595175549388,22.840111
0.7987500000000232,-0.0034264991991221905,0.007841359823942184,-0.005267652682960033,-0.0011521565029397607,22.840111
0.7989583333333565,-0.003425193950533867,0.007838202640414238,-0.005263854283839464,-0.001149949966929853,22.840111
0.7991666666666899,-0.003423945978283882,0.007834840565919876,-0.005259102676063776,-0.0011474064085632563,22.840111
0.7993750000000233,-0.0034226987045258284,0.007831527851521969,-0.0052553992718458176,-0.0011452118633314967,22.840111
0.7995833333333566,-0.0034214360639452934,0.007828176952898502,-0.005252004135400057,-0.0011427132412791252,22.840111
0.79979166666669,-0.0034201662056148052,0.007824951782822609,-0.0052484795451164246,-0.001140918699093163,22.840111
0.8000000000000234,-0.0034188819117844105,0.007821602746844292,-0.005244091153144836,-0.0011400791117921472,22.840111
0.8002083333333567,-0.0034175897017121315,0.007818380370736122,-0.005241509061306715,-0.001140314619988203,22.840111
0.8004166666666901,-0.0034163149539381266,0.007815200835466385,-0.005237429868429899,-0.0011406128760427237,22.840111
0.8006250000000235,-0.0034150502178817987,0.007812509313225746,-0.005234173499047756,-0.0011384871322661638,22.840111
0.8008333333333568,-0.0034138255286961794,0.007809677626937628,-0.005230616312474012,-0.0011371689615771174,22.840111
0.8010416666666902,-0.003412592923268676,0.007806690409779549,-0.005226634908467531,-0.0011352745350450277,22.840111
0.8012500000000236,-0.0034113479778170586,0.007803848013281822,-0.005223121028393507,-0.0011334465816617012,22.840111
0.8014583333333569,-0.003410095116123557,0.007801142055541277,-0.005220327060669661,-0.001133163459599018,22.840111
0.8016666666666903,-0.003408824559301138,0.007798139937222004,-0.005217909347265959,-0.0011341668432578444,22.840111
0.8018750000000237,-0.00340757193043828,0.007795098703354597,-0.005215286742895842,-0.001135643688030541,22.840111
0.802083333333357,-0.0034063130151480436,0.007792129646986723,-0.005212314892560244,-0.0011334432056173682,22.840111
0.8022916666666904,-0.0034051216207444668,0.007789158262312412,-0.005208867136389017,-0.0011326683452352881,22.840111
0.8025000000000237,-0.003403926268219948,0.007786334492266178,-0.005205820314586163,-0.0011325873201712966,22.840111
0.8027083333333571,-0.003402709262445569,0.007783510256558657,-0.005203926935791969,-0.00113091676030308,22.840111
0.8029166666666905,-0.0034014740958809853,0.007780663203448057,-0.005200987681746483,-0.0011292333947494626,22.840111
0.8031250000000238,-0.0034002247266471386,0.007777860388159752,-0.005198165774345398,-0.001129762502387166,22.840111
0.8033333333333572,-0.003398974658921361,0.00777513487264514,-0.00519523536786437,-0.0011303627397865057,22.840111
0.8035416666666906,-0.0033977204002439976,0.007772478740662336,-0.005192892625927925,-0.0011299896286800504,22.840111
0.803750000000024,-0.0033964687027037144,0.007769851945340633,-0.005190826486796141,-0.0011273154523223639,22.840111
0.8039583333333573,-0.003395277541130781,0.007767135743051767,-0.005187629256397486,-0.0011253239354118705,22.840111
0.8041666666666907,-0.003394067520275712,0.007764359936118126,-0.005184787325561047,-0.001123676192946732,22.840111
0.804375000000024,-0.0033928421325981617,0.007761780172586441,-0.005182737018913031,-0.0011215698905289173,22.840111
0.8045833333333574,-0.0033915983512997627,0.0077590360306203365,-0.005180629901587963,-0.001120476284995675,22.840111
0.8047916666666908,-0.003390346188098192,0.007756298407912254,-0.005178818013519049,-0.0011208198266103864,22.840111
0.8050000000000241,-0.0033891135826706886,0.0077535780146718025,-0.005176187958568335,-0.0011215296108275652,22.840111
0.8052083333333575,-0.0033878714311867952,0.0077507514506578445,-0.005172821693122387,-0.0011178957065567374,22.840111
0.8054166666666909,-0.0033866874873638153,0.007748017553240061,-0.0051699732430279255,-0.0011154011590406299,22.840111
0.8056250000000242,-0.0033854974899441004,0.007745569571852684,-0.005167799070477486,-0.0011131297796964645,22.840111
0.8058333333333576,-0.0033842758275568485,0.007742999121546745,-0.005165602546185255,-0.0011110748164355755,22.840111
0.806041666666691,-0.003383045317605138,0.007740357890725136,-0.005162292625755072,-0.0011098167160525918,22.840111
0.8062500000000243,-0.0033817924559116364,0.007737448439002037,-0.005159679334610701,-0.0011106416350230575,22.840111
0.8064583333333577,-0.003380553098395467,0.007734840270131826,-0.005158121697604656,-0.0011112390784546733,22.840111
0.8066666666666911,-0.003379306523129344,0.007732215337455273,-0.00515505438670516,-0.0011098956456407905,22.840111
0.8068750000000244,-0.003378089750185609,0.007729530334472656,-0.005152640398591757,-0.0011066008592024446,22.840111
0.8070833333333578,-0.003376888344064355,0.00772705115377903,-0.005149968434125185,-0.0011041192337870598,22.840111
0.8072916666666912,-0.0033756671473383904,0.0077245114371180534,-0.005147385876625776,-0.001102638547308743,22.840111
0.8075000000000245,-0.0033744319807738066,0.007721705827862024,-0.005144685972481966,-0.0011008959263563156,22.840111
0.8077083333333579,-0.003373177722096443,0.007719287183135748,-0.005142726469784975,-0.0011005805572494864,22.840111
0.8079166666666913,-0.0033719162456691265,0.007716446183621883,-0.005139805842190981,-0.0011010669404640794,22.840111
0.8081250000000246,-0.0033706598915159702,0.0077139572240412235,-0.005137517582625151,-0.001100975670851767,22.840111
0.808333333333358,-0.003369405400007963,0.007711626123636961,-0.00513475900515914,-0.0010977580677717924,22.840111
0.8085416666666914,-0.003368198871612549,0.007709143217653036,-0.005131993908435106,-0.0010952259181067348,22.840111
0.8087500000000247,-0.0033669844269752502,0.007706673815846443,-0.005129464436322451,-0.0010923666413873434,22.840111
0.8089583333333581,-0.003365732729434967,0.007703900802880526,-0.005126443691551685,-0.0010903781512752175,22.840111
0.8091666666666915,-0.0033644731156527996,0.007701498456299305,-0.005124703980982304,-0.0010899697663262486,22.840111
0.8093750000000248,-0.0033631939440965652,0.00769919203594327,-0.005122553091496229,-0.0010910275159403682,22.840111
0.8095833333333582,-0.003361909184604883,0.0076965768821537495,-0.005121006164699793,-0.0010913258884102106,22.840111
0.8097916666666916,-0.0033606193028390408,0.007694019470363855,-0.0051180897280573845,-0.0010896687163040042,22.840111
0.8100000000000249,-0.003359396941959858,0.0076915607787668705,-0.005114681087434292,-0.001086903503164649,22.840111
0.8102083333333583,-0.0033581675961613655,0.007689078338444233,-0.0051117767579853535,-0.001084214192815125,22.840111
0.8104166666666917,-0.0033569016959518194,0.007686733268201351,-0.005109860096126795,-0.001082384493201971,22.840111
0.810625000000025,-0.0033556262496858835,0.0076843323186039925,-0.005107673816382885,-0.0010814458364620805,22.840111
0.8108333333333584,-0.0033543261233717203,0.0076815844513475895,-0.0051046679727733135,-0.0010825138306245208,22.840111
0.8110416666666918,-0.0033530390355736017,0.007679088972508907,-0.005102692171931267,-0.0010835683206096292,22.840111
0.8112500000000251,-0.0033517281990498304,0.00767670851200819,-0.0051008425652980804,-0.0010826553916558623,22.840111
0.8114583333333585,-0.003350440878421068,0.007674340158700943,-0.005097928456962109,-0.0010796060087159276,22.840111
0.8116666666666918,-0.0033491887152194977,0.007672247476875782,-0.005096491891890764,-0.0010772045934572816,22.840111
0.8118750000000252,-0.0033478992991149426,0.007670178078114986,-0.00509375287219882,-0.001075385487638414,22.840111
0.8120833333333586,-0.0033465938176959753,0.007667756639420986,-0.005091743543744087,-0.0010736776748672128,22.840111
0.812291666666692,-0.00334528717212379,0.007665477227419615,-0.005089728161692619,-0.0010746681364253163,22.840111
0.8125000000000253,-0.003343959804624319,0.007663291413336992,-0.005088269244879484,-0.0010752137750387192,22.840111
0.8127083333333587,-0.003342624753713608,0.007661297917366028,-0.005086202640086412,-0.0010761268204078078,22.840111
0.812916666666692,-0.0033412701450288296,0.0076590487733483315,-0.00508423475548625,-0.0010728102643042803,22.840111
0.8131250000000254,-0.0033400091342628,0.007657070644199848,-0.005081619136035442,-0.001070692902430892,22.840111
0.8133333333333588,-0.003338721115142107,0.007654882501810789,-0.0050798398442566395,-0.0010676918318495154,22.840111
0.8135416666666921,-0.0033374056220054626,0.0076524862088263035,-0.005076657049357891,-0.0010660754051059484,22.840111
0.8137500000000255,-0.00333607429638505,0.007650136947631836,-0.0050750309601426125,-0.0010662783170118928,22.840111
0.8139583333333589,-0.0033347296994179487,0.007647934835404158,-0.00507321348413825,-0.0010675229132175446,22.840111
0.8141666666666922,-0.0033333690371364355,0.007645720150321722,-0.00507142161950469,-0.001068332465365529,22.840111
0.8143750000000256,-0.003331990446895361,0.007643469143658876,-0.005068856757134199,-0.0010663886787369847,22.840111
0.814583333333359,-0.0033306728582829237,0.007640915922820568,-0.005065575707703829,-0.0010637871455401182,22.840111
0.8147916666666923,-0.003329365747049451,0.007638431154191494,-0.005063291173428297,-0.0010611718753352761,22.840111
0.8150000000000257,-0.0033280206844210625,0.0076364027336239815,-0.005061653908342123,-0.001059908070601523,22.840111
0.8152083333333591,-0.003326656762510538,0.007634174544364214,-0.005058716982603073,-0.0010600128443911672,22.840111
0.8154166666666924,-0.003325279802083969,0.007631740998476744,-0.005056535825133324,-0.001061032060533762,22.840111
0.8156250000000258,-0.0033239112235605717,0.007629272062331438,-0.005054382141679525,-0.0010618874803185463,22.840111
0.8158333333333592,-0.0033225174993276596,0.007626982405781746,-0.0050527192652225494,-0.0010612249607220292,22.840111
0.8160416666666925,-0.003321152413263917,0.0076249027624726295,-0.0050500319339334965,-0.0010581620736047626,22.840111
0.8162500000000259,-0.0033198115415871143,0.0076226904056966305,-0.005047587212175131,-0.0010561203816905618,22.840111
0.8164583333333593,-0.003318450879305601,0.007620424497872591,-0.005044742487370968,-0.0010546427220106125,22.840111
0.8166666666666926,-0.003317074151709676,0.007618076168000698,-0.0050424253568053246,-0.0010536478366702795,22.840111
0.816875000000026,-0.0033156967256218195,0.0076158251613378525,-0.005040950607508421,-0.00105603679548949,22.840111
0.8170833333333594,-0.00331426621414721,0.007613595575094223,-0.005038927309215069,-0.0010566948913037777,22.840111
0.8172916666666927,-0.00331284711137414,0.0076113115064799786,-0.005036730319261551,-0.0010574087500572205,22.840111
0.8175000000000261,-0.003311410080641508,0.007609101478010416,-0.0050339545123279095,-0.001054557622410357,22.840111
0.8177083333333595,-0.003310060128569603,0.0076069519855082035,-0.005031467415392399,-0.0010522899683564901,22.840111
0.8179166666666928,-0.0033086733892560005,0.007604650221765041,-0.005028380546718836,-0.0010502641089260578,22.840111
0.8181250000000262,-0.0033072910737246275,0.007602148689329624,-0.005025989841669798,-0.0010494458256289363,22.840111
0.8183333333333596,-0.003305870108306408,0.007599922828376293,-0.005023865029215813,-0.001051191589795053,22.840111
0.8185416666666929,-0.003304429352283478,0.007597549818456173,-0.00502142496407032,-0.0010521282674744725,22.840111
0.8187500000000263,-0.003302984870970249,0.00759529322385788,-0.0050186095759272575,-0.0010530345607548952,22.840111
0.8189583333333597,-0.0033015061635524035,0.0075928703881800175,-0.005015288479626179,-0.0010498161427676678,22.840111
0.819166666666693,-0.003300140146166086,0.00759085500612855,-0.005012798123061657,-0.001047605532221496,22.840111
0.8193750000000264,-0.0032987426966428757,0.007588581182062626,-0.005010389722883701,-0.0010461150668561459,22.840111
0.8195833333333598,-0.0032973247580230236,0.007586320396512747,-0.005007203668355942,-0.0010444041108712554,22.840111
0.8197916666666931,-0.0032958851661533117,0.007584110833704472,-0.0050043812952935696,-0.001045597018674016,22.840111
0.8200000000000265,-0.003294421825557947,0.007581921294331551,-0.005002391058951616,-0.001046820543706417,22.840111
0.8202083333333599,-0.0032929491717368364,0.007579647935926914,-0.005000369623303413,-0.0010473839938640594,22.840111
0.8204166666666932,-0.0032914523035287857,0.0075773741118609905,-0.004997088573873043,-0.0010463314829394221,22.840111
0.8206250000000266,-0.003290005959570408,0.007575021591037512,-0.004994092509150505,-0.001044050557538867,22.840111
0.82083333333336,-0.0032885861583054066,0.0075727468356490135,-0.004990817047655582,-0.001042762422002852,22.840111
0.8210416666666933,-0.003287167986854911,0.007570554967969656,-0.004988395608961582,-0.0010407374938949943,22.840111
0.8212500000000267,-0.0032856983598321676,0.007568434812128544,-0.004985396284610033,-0.0010419354075565934,22.840111
0.82145833333336,-0.003284202190116048,0.007565957494080067,-0.004982474725693464,-0.0010425106156617403,22.840111
0.8216666666666934,-0.0032827183604240417,0.007563657592982054,-0.0049798982217907906,-0.0010428500827401876,22.840111
0.8218750000000268,-0.0032812103163450956,0.007561382371932268,-0.004977532662451267,-0.0010420557809993625,22.840111
0.8220833333333601,-0.0032797406893223524,0.007558908313512802,-0.004973344970494509,-0.0010398339945822954,22.840111
0.8222916666666935,-0.003278314834460616,0.007556777913123369,-0.004970640409737825,-0.0010378481820225716,22.840111
0.8225000000000269,-0.003276838455349207,0.007554644253104925,-0.00496749859303236,-0.001036182977259159,22.840111
0.8227083333333602,-0.003275354392826557,0.007552538067102432,-0.004964461084455252,-0.0010361367603763938,22.840111
0.8229166666666936,-0.0032738519366830587,0.007550385314971209,-0.00496182544156909,-0.0010372904362156987,22.840111
0.823125000000027,-0.003272314090281725,0.007548176683485508,-0.004959247075021267,-0.0010378547012805939,22.840111
0.8233333333333603,-0.0032707909122109413,0.00754593638703227,-0.00495612807571888,-0.001037535141222179,22.840111
0.8235416666666937,-0.003269276348873973,0.007543875370174646,-0.004953173920512199,-0.0010348219657316804,22.840111
0.8237500000000271,-0.0032678311690688133,0.007541730534285307,-0.004948783200234175,-0.001032994594424963,22.840111
0.8239583333333604,-0.0032663424499332905,0.0075396825559437275,-0.004945911001414061,-0.0010310941142961383,22.840111
0.8241666666666938,-0.0032648248597979546,0.00753749068826437,-0.0049432977102696896,-0.0010306114563718438,22.840111
0.8243750000000272,-0.0032632919028401375,0.00753535283729434,-0.00494057172909379,-0.0010321364970877767,22.840111
0.8245833333333605,-0.0032617321703583,0.007533341646194458,-0.004938226658850908,-0.0010331515222787857,22.840111
0.8247916666666939,-0.003260168479755521,0.0075313253328204155,-0.004935223143547773,-0.0010333805112168193,22.840111
0.8250000000000273,-0.0032586189918220043,0.00752928014844656,-0.004932839423418045,-0.001030468731187284,22.840111
0.8252083333333606,-0.0032571391202509403,0.007527521811425686,-0.004930416122078896,-0.001028583850711584,22.840111
0.825416666666694,-0.0032556059304624796,0.007525315973907709,-0.004927762318402529,-0.001026397105306387,22.840111
0.8256250000000274,-0.003254059934988618,0.007523189298808575,-0.0049258628860116005,-0.0010263322619721293,22.840111
0.8258333333333607,-0.0032525036949664354,0.007521223276853561,-0.004924294073134661,-0.0010280454298481345,22.840111
0.8260416666666941,-0.0032509188167750835,0.007519396021962166,-0.004922258667647839,-0.001028750790283084,22.840111
0.8262500000000275,-0.003249336266890168,0.007517555728554726,-0.0049202474765479565,-0.0010291424114257097,22.840111
0.8264583333333608,-0.003247730666771531,0.007515571545809507,-0.004917875397950411,-0.0010269134072586894,22.840111
0.8266666666666942,-0.0032462156377732754,0.0075135729275643826,-0.0049159713089466095,-0.0010253668297082186,22.840111
0.8268750000000276,-0.003244668710976839,0.0075114816427230835,-0.004913503769785166,-0.0010233563371002674,22.840111
0.8270833333333609,-0.0032431173603981733,0.0075093540363013744,-0.004911576397716999,-0.0010225634323433042,22.840111
0.8272916666666943,-0.0032415331806987524,0.007507278583943844,-0.004910531919449568,-0.0010241984855383635,22.840111
0.8275000000000277,-0.0032399301417171955,0.007504895329475403,-0.004907719790935516,-0.0010238278191536665,22.840111
0.827708333333361,-0.0032383238431066275,0.007502693682909012,-0.004906760528683662,-0.0010244413278996944,22.840111
0.8279166666666944,-0.0032367040403187275,0.007500326260924339,-0.004903733730316162,-0.001021555159240961,22.840111
0.8281250000000278,-0.003235197626054287,0.0074979267083108425,-0.004902719520032406,-0.0010194792412221432,22.840111
0.8283333333333611,-0.0032336374279111624,0.0074957492761313915,-0.004899955820292234,-0.001016678404994309,22.840111
0.8285416666666945,-0.003232072340324521,0.0074934884905815125,-0.004897685721516609,-0.0010160342790186405,22.840111
0.8287500000000279,-0.0032304704654961824,0.0074915471486747265,-0.004896874539554119,-0.0010165962157770991,22.840111
0.8289583333333612,-0.0032288397196680307,0.0074893939308822155,-0.004895059857517481,-0.0010171036701649427,22.840111
0.8291666666666946,-0.003227201523259282,0.007487154565751553,-0.004893008153885603,-0.0010180227691307664,22.840111
0.829375000000028,-0.0032255633268505335,0.00748494453728199,-0.00489075668156147,-0.0010146440472453833,22.840111
0.8295833333333613,-0.0032240303698927164,0.00748283788561821,-0.004888234194368124,-0.0010124658001586795,22.840111
0.8297916666666947,-0.003222443861886859,0.007480812259018421,-0.0048865508288145065,-0.0010109514696523547,22.840111
0.830000000000028,-0.003220852930098772,0.007478712592273951,-0.004883887246251106,-0.0010100059444084764,22.840111
0.8302083333333614,-0.0032192356884479523,0.0074765607714653015,-0.004882590379565954,-0.0010114610195159912,22.840111
0.8304166666666948,-0.0032175895757973194,0.007474485319107771,-0.004881042987108231,-0.0010126486886292696,22.840111
0.8306250000000281,-0.0032159399706870317,0.007472283206880093,-0.0048783621750772,-0.001012300723232329,22.840111
0.8308333333333615,-0.003214271040633321,0.007470337674021721,-0.004876370541751385,-0.0010093888267874718,22.840111
0.8310416666666949,-0.0032127033919095993,0.007468299474567175,-0.004873830825090408,-0.0010079059284180403,22.840111
0.8312500000000282,-0.0032111008185893297,0.007466189097613096,-0.004871244542300701,-0.001006380538456142,22.840111
0.8314583333333616,-0.0032094959169626236,0.007464125286787748,-0.004868616815656424,-0.0010054889135062695,22.840111
0.831666666666695,-0.003207861678674817,0.007462006527930498,-0.0048668766394257545,-0.0010076118633151054,22.840111
0.8318750000000283,-0.0032061918172985315,0.007459654472768307,-0.0048645539209246635,-0.0010071831056848168,22.840111
0.8320833333333617,-0.003204532666131854,0.00745731545612216,-0.00486200675368309,-0.0010069485288113356,22.840111
0.8322916666666951,-0.003202862339094281,0.007455234881490469,-0.0048594060353934765,-0.001004632911644876,22.840111
0.8325000000000284,-0.003201280953362584,0.007453089579939842,-0.004857394844293594,-0.0010025539668276906,22.840111
0.8327083333333618,-0.0031996681354939938,0.007450962904840708,-0.004854455590248108,-0.0010004298528656363,22.840111
0.8329166666666952,-0.0031980371568351984,0.007448625285178423,-0.0048515331000089645,-0.0010002398630604148,22.840111
0.8331250000000285,-0.003196378704160452,0.007446357514709234,-0.0048497747629880905,-0.0010009879479184747,22.840111
0.8333333333333619,-0.0031947013922035694,0.007444157265126705,-0.004847698379307985,-0.0010013101855292916,22.840111
0.8335416666666953,-0.0031930056866258383,0.007441774941980839,-0.004845184739679098,-0.001001509022898972,22.840111
0.8337500000000286,-0.0031913353595882654,0.007439516019076109,-0.004842041060328484,-0.0009987647645175457,22.840111
0.833958333333362,-0.0031897323206067085,0.007437358610332012,-0.004839466884732246,-0.0009966370416805148,22.840111
0.8341666666666954,-0.003188087372109294,0.0074352091178298,-0.004836552776396275,-0.000995017820969224,22.840111
0.8343750000000287,-0.003186431247740984,0.00743280490860343,-0.004833569750189781,-0.0009963159682229161,22.840111
0.8345833333333621,-0.003184748347848654,0.007430640980601311,-0.004831335507333279,-0.0009976411238312721,22.840111
0.8347916666666955,-0.003183042397722602,0.007428448647260666,-0.004829155281186104,-0.0009978617308661342,22.840111
0.8350000000000288,-0.0031813299283385277,0.007426172494888306,-0.004825963173061609,-0.000997352646663785,22.840111
0.8352083333333622,-0.0031796395778656006,0.007424015551805496,-0.004822934046387672,-0.0009945613564923406,22.840111
0.8354166666666956,-0.0031780265271663666,0.007421955466270447,-0.004819793161004782,-0.0009932169923558831,22.840111
0.8356250000000289,-0.0031763766892254353,0.007419791538268328,-0.004815735854208469,-0.0009918014984577894,22.840111
0.8358333333333623,-0.003174693789333105,0.007417462300509214,-0.004812942817807198,-0.0009930809028446674,22.840111
0.8360416666666957,-0.0031730011105537415,0.007415276952087879,-0.0048099663108587265,-0.0009940259624272585,22.840111
0.836250000000029,-0.003171265125274658,0.0074130576103925705,-0.0048065041191875935,-0.0009947489015758038,22.840111
0.8364583333333624,-0.003169514937326312,0.007410900201648474,-0.004803230054676533,-0.0009943355107679963,22.840111
0.8366666666666958,-0.003167809685692191,0.007408568635582924,-0.004799400456249714,-0.0009914564434438944,22.840111
0.8368750000000291,-0.003166179172694683,0.0074064405634999275,-0.0047967988066375256,-0.0009901620214805007,22.840111
0.8370833333333625,-0.0031644944101572037,0.0074042328633368015,-0.004792673047631979,-0.0009888960048556328,22.840111
0.8372916666666959,-0.003162796376273036,0.007401912473142147,-0.004789834376424551,-0.0009908467764034867,22.840111
0.8375000000000292,-0.003161067608743906,0.007399768102914095,-0.0047868238762021065,-0.0009926555212587118,22.840111
0.8377083333333626,-0.0031593062449246645,0.007397628389298916,-0.00478364247828722,-0.000992680317722261,22.840111
0.837916666666696,-0.0031575311440974474,0.007395376451313496,-0.0047796545550227165,-0.000991159351542592,22.840111
0.8381250000000293,-0.0031558452174067497,0.007393074221909046,-0.004776190500706434,-0.0009894618997350335,22.840111
0.8383333333333627,-0.003154178848490119,0.007391010876744986,-0.00477273715659976,-0.000987049425020814,22.840111
0.838541666666696,-0.0031524845398962498,0.007388907950371504,-0.004769300576299429,-0.000987206818535924,22.840111
0.8387500000000294,-0.003150771837681532,0.007386539597064257,-0.004765693563967943,-0.0009887894848361611,22.840111
0.8389583333333628,-0.003148996504023671,0.007384318392723799,-0.004762647207826376,-0.000988829997368157,22.840111
0.8391666666666961,-0.0031472472473978996,0.007382210809737444,-0.00475855590775609,-0.000989396939985454,22.840111
0.8393750000000295,-0.00314547261223197,0.007379978895187378,-0.004755109082907438,-0.0009864016901701689,22.840111
0.8395833333333629,-0.0031438160222023726,0.00737780099734664,-0.004751097876578569,-0.0009839063277468085,22.840111
0.8397916666666962,-0.003142112633213401,0.007375435438007116,-0.004746975377202034,-0.0009825059678405523,22.840111
0.8400000000000296,-0.0031403934117406607,0.007373182103037834,-0.004744202364236116,-0.0009842899162322283,22.840111
0.840208333333363,-0.003138647647574544,0.0073706405237317085,-0.004740826785564423,-0.000985310529358685,22.840111
0.8404166666666963,-0.0031368760392069817,0.007368292659521103,-0.004736375063657761,-0.000985907157883048,22.840111
0.8406250000000297,-0.003135095117613673,0.00736611895263195,-0.004733521956950426,-0.0009849838679656386,22.840111
0.8408333333333631,-0.0031333407387137413,0.007363870739936829,-0.0047297971323132515,-0.0009824151638895273,22.840111
0.8410416666666964,-0.0031316482927650213,0.007361832074820995,-0.004725924227386713,-0.0009816365782171488,22.840111
0.8412500000000298,-0.003129928605630994,0.0073594762943685055,-0.004721678793430328,-0.0009803561260923743,22.840111
0.8414583333333632,-0.0031281751580536366,0.007357192691415548,-0.004718341864645481,-0.000981745426543057,22.840111
0.8416666666666965,-0.0031263793352991343,0.007354907225817442,-0.004715588875114918,-0.0009825212182477117,22.840111
0.8418750000000299,-0.003124563954770565,0.007352682761847973,-0.004711709916591644,-0.0009833526564761996,22.840111
0.8420833333333633,-0.0031227353028953075,0.00735052302479744,-0.004708954133093357,-0.000980410841293633,22.840111
0.8422916666666966,-0.0031210363376885653,0.007348425220698118,-0.004705969709903002,-0.000978295225650072,22.840111
0.84250000000003,-0.0031192987225949764,0.007346350699663162,-0.004702780395746231,-0.0009766517905518413,22.840111
0.8427083333333634,-0.003117527812719345,0.0073442053981125355,-0.004700582008808851,-0.0009782639099285007,22.840111
0.8429166666666967,-0.0031157489866018295,0.007342092227190733,-0.0046981084160506725,-0.0009802794083952904,22.840111
0.8431250000000301,-0.003113923827186227,0.007339895237237215,-0.004695944953709841,-0.0009801468113437295,22.840111
0.8433333333333635,-0.0031120816711336374,0.007337817456573248,-0.004693374503403902,-0.0009793093195185065,22.840111
0.8435416666666968,-0.0031102600041776896,0.007335744332522154,-0.004690816625952721,-0.0009769003372639418,22.840111
0.8437500000000302,-0.0031085314694792032,0.007333532907068729,-0.0046877674758434296,-0.0009752411860972643,22.840111
0.8439583333333636,-0.0031067514792084694,0.007331457920372486,-0.004685808904469013,-0.0009747279691509902,22.840111
0.8441666666666969,-0.003104961011558771,0.007329261861741543,-0.004683083388954401,-0.0009762680856510997,22.840111
0.8443750000000303,-0.0031031377147883177,0.007327024359256029,-0.004680799786001444,-0.0009770190808922052,22.840111
0.8445833333333637,-0.003101274138316512,0.007324810139834881,-0.004678518045693636,-0.000977897783741355,22.840111
0.844791666666697,-0.0030994070693850517,0.007322507910430431,-0.004675830248743296,-0.0009748220909386873,22.840111
0.8450000000000304,-0.0030976838897913694,0.007320409640669823,-0.004672786686569452,-0.0009723374387249351,22.840111
0.8452083333333638,-0.00309589970856905,0.007318215444684029,-0.004669812973588705,-0.000971152912825346,22.840111
0.8454166666666971,-0.0030940978322178125,0.0073159970343112946,-0.004667605739086866,-0.0009729646844789386,22.840111
0.8456250000000305,-0.0030922850128263235,0.00731374928727746,-0.0046653891913592815,-0.0009745568386279047,22.840111
0.8458333333333639,-0.0030904188752174377,0.007311305962502956,-0.004661678336560726,-0.0009747593430802226,22.840111
0.8460416666666972,-0.0030885550659149885,0.0073088728822767735,-0.004659272730350494,-0.0009731153841130435,22.840111
0.8462500000000306,-0.0030867282766848803,0.007306499872356653,-0.004656258970499039,-0.0009708716534078121,22.840111
0.846458333333364,-0.0030849918257445097,0.00730426050722599,-0.004652687814086676,-0.0009688789723441005,22.840111
0.8466666666666973,-0.0030831678304821253,0.007302038837224245,-0.00464985566213727,-0.0009685770492069423,22.840111
0.8468750000000307,-0.003081324277445674,0.007299728691577911,-0.004646943882107735,-0.0009703117539174855,22.840111
0.847083333333364,-0.003079464891925454,0.007297329138964415,-0.0046439142897725105,-0.0009719239897094667,22.840111
0.8472916666666974,-0.0030775817576795816,0.007294879294931889,-0.00464112451300025,-0.000971790577750653,22.840111
0.8475000000000308,-0.003075673943385482,0.007292474620044231,-0.004637763369828463,-0.0009700123337097466,22.840111
0.8477083333333642,-0.0030739184003323317,0.007290188688784838,-0.004633976612240076,-0.0009688510908745229,22.840111
0.8479166666666975,-0.003072099993005395,0.007287986576557159,-0.004630813375115395,-0.0009674402535893023,22.840111
0.8481250000000309,-0.003070262260735035,0.007285619620233774,-0.00462760403752327,-0.0009703143732622266,22.840111
0.8483333333333642,-0.0030684121884405613,0.007283166516572237,-0.0046243020333349705,-0.0009718204964883626,22.840111
0.8485416666666976,-0.0030664971563965082,0.007280721794813871,-0.004621588625013828,-0.0009728855802677572,22.840111
0.848750000000031,-0.0030645737424492836,0.0072783008217811584,-0.004617669153958559,-0.0009725276031531394,22.840111
0.8489583333333643,-0.0030627765227109194,0.007276021409779787,-0.004613563418388367,-0.000971273344475776,22.840111
0.8491666666666977,-0.0030609541572630405,0.007273619528859854,-0.004610644653439522,-0.000970844179391861,22.840111
0.8493750000000311,-0.003059141105040908,0.00727128004655242,-0.004606664180755615,-0.0009721969836391509,22.840111
0.8495833333333644,-0.003057285910472274,0.0072690583765506744,-0.004603080451488495,-0.0009754642378538847,22.840111
0.8497916666666978,-0.0030553939286619425,0.007266706321388483,-0.004599945154041052,-0.0009784302674233913,22.840111
0.8500000000000312,-0.003053480526432395,0.007264354731887579,-0.0045965006574988365,-0.0009791700867936015,22.840111
0.8502083333333645,-0.0030516369733959436,0.007262101862579584,-0.004592618439346552,-0.0009785447036847472,22.840111
0.8504166666666979,-0.003049840684980154,0.007259667851030827,-0.004588333424180746,-0.0009788594907149673,22.840111
0.8506250000000313,-0.0030480013228952885,0.007257508113980293,-0.004585152957588434,-0.0009801653213799,22.840111
0.8508333333333646,-0.0030461233109235764,0.007255222648382187,-0.004581377375870943,-0.0009842587169259787,22.840111
0.851041666666698,-0.003044209908694029,0.007252801675349474,-0.004578120540827513,-0.0009881779551506042,22.840111
0.8512500000000314,-0.003042270429432392,0.007250365801155567,-0.004573802463710308,-0.0009893845999613404,22.840111
0.8514583333333647,-0.0030403919517993927,0.007248057518154383,-0.0045704832300543785,-0.0009893596870824695,22.840111
0.8516666666666981,-0.0030385786667466164,0.007245685439556837,-0.0045664990320801735,-0.0009904118487611413,22.840111
0.8518750000000315,-0.0030367118306457996,0.007243286352604628,-0.004561979789286852,-0.0009909658692777157,22.840111
0.8520833333333648,-0.002916566329076886,0.007369863335043192,-0.004593112971633673,-0.004700147546827793,22.840111
0.8522916666666982,-0.0027588983066380024,0.007643467281013727,-0.004426538944244385,-0.00874888151884079,22.840111
0.8525000000000316,-0.0025971378199756145,0.008010906167328358,-0.004087294917553663,-0.012117715552449226,22.840111
0.8527083333333649,-0.0024314606562256813,0.008420774713158607,-0.003588393796235323,-0.014919525012373924,22.840111
0.8529166666666983,-0.002263192553073168,0.008846892043948174,-0.0029418969061225653,-0.017258968204259872,22.840111
0.8531250000000317,-0.0020929398015141487,0.009271704591810703,-0.0021681594662368298,-0.01921824738383293,22.840111
0.853333333333365,-0.0019212305778637528,0.009683681651949883,-0.0012891166843473911,-0.02086530067026615,22.840111
0.8535416666666984,-0.0017484145937487483,0.010074435733258724,-0.00033075964893214405,-0.022253431379795074,22.840111
0.8537500000000318,-0.0015748270088806748,0.010440181009471416,0.0006820624112151563,-0.02342815510928631,22.840111
0.8539583333333651,-0.0014007359277456999,0.010780236683785915,0.00173287489451468,-0.024426227435469627,22.840111
0.8541666666666985,-0.001226315158419311,0.011098158545792103,0.0028076437301933765,-0.02527759037911892,22.840111
0.8543750000000319,-0.0010518135968595743,0.01139690913259983,0.003892963519319892,-0.02600276656448841,22.840111
0.8545833333333652,-0.0008774195448495448,0.011677155271172523,0.004982104524970055,-0.026627125218510628,22.840111
0.8547916666666986,-0.00070329406298697,0.011940334923565388,0.006066452711820602,-0.027164146304130554,22.840111
0.855000000000032,-0.0005295404698699713,0.01218742411583662,0.007138389628380537,-0.027628546580672264,22.840111
0.8552083333333653,-0.000356292468495667,0.0124193225055933,0.008195048198103905,-0.028030604124069214,22.840111
0.8554166666666987,-0.00018365448340773582,0.01263670064508915,0.009233587421476841,-0.028379756957292557,22.840111
0.855625000000032,-1.1702144547598436e-05,0.012839949689805508,0.010250987485051155,-0.02868564799427986,22.840111
0.8558333333333654,0.00015943031758069992,0.013029127381742,0.011240937747061253,-0.028949936851859093,22.840111
0.8560416666666988,0.0003296365321148187,0.01320653036236763,0.012206845916807652,-0.029183223843574524,22.840111
0.8562500000000322,0.0004988310392946005,0.013372473418712616,0.013144571334123611,-0.029387909919023514,22.840111
0.8564583333333655,0.0006668921560049057,0.01352823805063963,0.014052476733922958,-0.029566839337348938,22.840111
0.8566666666666989,0.0008337621693499386,0.013673375360667706,0.014929895289242268,-0.029723191633820534,22.840111
0.8568750000000322,0.0009993982966989279,0.013808095827698708,0.015779027715325356,-0.029861781746149063,22.840111
0.8570833333333656,0.001163655542768538,0.013932574540376663,0.01659896783530712,-0.02998392842710018,22.840111
0.857291666666699,0.001326467259787023,0.014048486948013306,0.017390083521604538,-0.030091462656855583,22.840111
0.8575000000000323,0.001487762201577425,0.014156748540699482,0.018152862787246704,-0.03018403984606266,22.840111
0.8577083333333657,0.001647495781071484,0.014258460141718388,0.018889274448156357,-0.030264532193541527,22.840111
0.8579166666666991,0.0018055863911285996,0.014354228973388672,0.019599854946136475,-0.030334200710058212,22.840111
0.8581250000000324,0.001961945090442896,0.014444533735513687,0.020283972844481468,-0.03039412386715412,22.840111
0.8583333333333658,0.0021165029611438513,0.014529820531606674,0.02094270847737789,-0.030444979667663574,22.840111
0.8585416666666992,0.0022702724672853947,0.014613388106226921,0.02165159024298191,-0.03050200641155243,22.840111
0.8587500000000325,0.0024225646629929543,0.014690594747662544,0.02235378697514534,-0.030550984665751457,22.840111
0.8589583333333659,0.0025731080677360296,0.014761894010007381,0.02303687296807766,-0.030594855546951294,22.840111
0.8591666666666993,0.00272178091108799,0.014828482642769814,0.023698490113019943,-0.030630679801106453,22.840111
0.8593750000000326,0.002868556883186102,0.014891295693814754,0.024341264739632607,-0.030660152435302734,22.840111
0.859583333333366,0.0030133938416838646,0.014951100572943687,0.024965332821011543,-0.030684819445014,22.840111
0.8597916666666994,0.0031562207732349634,0.015008015558123589,0.025567004457116127,-0.030701326206326485,22.840111
0.8600000000000327,0.0032970630563795567,0.015061280690133572,0.026151636615395546,-0.030713671818375587,22.840111
0.8602083333333661,0.003436110680922866,0.015111902728676796,0.02671949751675129,-0.03072136454284191,22.840111
0.8604166666666995,0.0035733412951231003,0.01516171544790268,0.02727222628891468,-0.03072015568614006,22.840111
0.8606250000000328,0.0037085511721670628,0.015210683457553387,0.027809759601950645,-0.030714066699147224,22.840111
0.8608333333333662,0.0038416017778217793,0.015257008373737335,0.028331255540251732,-0.03070475533604622,22.840111
0.8610416666666996,0.003972473554313183,0.015301144681870937,0.028836438432335854,-0.030691824853420258,22.840111
0.8612500000000329,0.004101167432963848,0.01534357201308012,0.029327409341931343,-0.030675407499074936,22.840111
0.8614583333333663,0.004227678291499615,0.015384046360850334,0.029804479330778122,-0.03065619245171547,22.840111
0.8616666666666997,0.004351987037807703,0.015422937460243702,0.030268078669905663,-0.03063390776515007,22.840111
0.861875000000033,0.004474092274904251,0.015460416674613953,0.030717145651578903,-0.03060944564640522,22.840111
0.8620833333333664,0.004593988880515099,0.015496183186769485,0.031152518466114998,-0.030583476647734642,22.840111
0.8622916666666998,0.004711664281785488,0.015530231408774853,0.03157408535480499,-0.030553624033927917,22.840111
0.8625000000000331,0.004827138036489487,0.01556303072720766,0.031982529908418655,-0.030520856380462646,22.840111
0.8627083333333665,0.004940440878272057,0.015594283118844032,0.0323796272277832,-0.0304875485599041,22.840111
0.8629166666666999,0.005051541142165661,0.01562410406768322,0.03276499733328819,-0.030453745275735855,22.840111
0.8631250000000332,0.005160399246960878,0.015652410686016083,0.03313957154750824,-0.03041752055287361,22.840111
0.8633333333333666,0.005267021711915731,0.015679264441132545,0.033502865582704544,-0.03037811443209648,22.840111
0.8635416666667,0.005371435545384884,0.015704607591032982,0.033855319023132324,-0.03033715859055519,22.840111
0.8637500000000333,0.005473632365465164,0.015728406608104706,0.034196887165308,-0.030294599011540413,22.840111
0.8639583333333667,0.005573619622737169,0.015750732272863388,0.034527361392974854,-0.030249424278736115,22.840111
0.8641666666667001,0.005671422462910414,0.015771618112921715,0.03484862670302391,-0.030203718692064285,22.840111
0.8643750000000334,0.005767012480646372,0.015791140496730804,0.03516056016087532,-0.030157197266817093,22.840111
0.8645833333333668,0.005860375240445137,0.015809068456292152,0.03546254336833954,-0.030109820887446404,22.840111
0.8647916666667002,0.0059515186585485935,0.015825478360056877,0.03575298190116882,-0.0300590917468071,22.840111
0.8650000000000335,0.006040496751666069,0.015840640291571617,0.036036327481269836,-0.030007682740688324,22.840111
0.8652083333333669,0.006127284839749336,0.01585434004664421,0.03630990907549858,-0.029955701902508736,22.840111
0.8654166666667003,0.0062118819914758205,0.015866510570049286,0.03657332807779312,-0.029901642352342606,22.840111
0.8656250000000336,0.006294314283877611,0.01587718538939953,0.03683055192232132,-0.029847905039787292,22.840111
0.865833333333367,0.006374546326696873,0.015886496752500534,0.037078484892845154,-0.029790878295898438,22.840111
0.8660416666667003,0.006452613510191441,0.01589423604309559,0.03731855750083923,-0.02973392978310585,22.840111
0.8662500000000337,0.006528510246425867,0.01590043306350708,0.03755074739456177,-0.029675554484128952,22.840111
0.8664583333333671,0.006602248642593622,0.01590513251721859,0.037774041295051575,-0.029614651575684547,22.840111
0.8666666666667004,0.006673850119113922,0.01590847410261631,0.03799070417881012,-0.029552040621638298,22.840111
0.8668750000000338,0.006743341218680143,0.01591051183640957,0.03820085525512695,-0.02948826178908348,22.840111
0.8670833333333672,0.0068107168190181255,0.015911096706986427,0.03840399533510208,-0.02942429855465889,22.840111
0.8672916666667005,0.006875959224998951,0.015910234302282333,0.038599926978349686,-0.029358554631471634,22.840111
0.8675000000000339,0.006939084734767675,0.015907952561974525,0.03878813609480858,-0.029291583225131035,22.840111
0.8677083333333673,0.007000102195888758,0.01590426079928875,0.03896905854344368,-0.029223276302218437,22.840111
0.8679166666667006,0.007059032097458839,0.015898780897259712,0.03914664685726166,-0.029154732823371887,22.840111
0.868125000000034,0.007115836720913649,0.015891939401626587,0.039315491914749146,-0.029084036126732826,22.840111
0.8683333333333674,0.007170545402914286,0.015883684158325195,0.039477650076150894,-0.029012493789196014,22.840111
0.8685416666667007,0.007223167922347784,0.01587388850748539,0.03963387757539749,-0.028939735144376755,22.840111
0.8687500000000341,0.007273711264133453,0.015862558037042618,0.039784837514162064,-0.028865378350019455,22.840111
0.8689583333333675,0.00732217775657773,0.015850016847252846,0.03992864117026329,-0.02878820337355137,22.840111
0.8691666666667008,0.007368610706180334,0.015836074948310852,0.04006652534008026,-0.02871054969727993,22.840111
0.8693750000000342,0.007413006853312254,0.01582024246454239,0.04020208120346069,-0.02863420359790325,22.840111
0.8695833333333676,0.007455309387296438,0.015803126618266106,0.04033012315630913,-0.02855355478823185,22.840111
0.8697916666667009,0.007495583035051823,0.015784528106451035,0.040452055633068085,-0.028472628444433212,22.840111
0.8700000000000343,0.00753013277426362,0.015763811767101288,0.04056864604353905,-0.02839459665119648,22.840111
0.8702083333333677,0.00755636440590024,0.015739472582936287,0.040677759796381,-0.028314337134361267,22.840111
0.870416666666701,0.007575701456516981,0.015711164101958275,0.04077904671430588,-0.02822585590183735,22.840111
0.8706250000000344,0.007589584216475487,0.015678469091653824,0.04087524861097336,-0.02814110554754734,22.840111
0.8708333333333678,0.007599052507430315,0.01564187742769718,0.040968045592308044,-0.028053443878889084,22.840111
0.8710416666667011,0.007604951038956642,0.015602773055434227,0.04105321690440178,-0.027962058782577515,22.840111
0.8712500000000345,0.0076079885475337505,0.01555996760725975,0.04113700985908508,-0.027866043150424957,22.840111
0.8714583333333679,0.007608762942254543,0.01551551092416048,0.041217803955078125,-0.027770821005105972,22.840111
0.8716666666667012,0.007607706356793642,0.01546861045062542,0.04129447415471077,-0.027668725699186325,22.840111
0.8718750000000346,0.007605261169373989,0.01541894394904375,0.04136976599693298,-0.027563683688640594,22.840111
0.872083333333368,0.007601710502058268,0.015368392691016197,0.04143831878900528,-0.02745683677494526,22.840111
0.8722916666667013,0.007597104646265507,0.015314819291234016,0.0415051244199276,-0.02734549529850483,22.840111
0.8725000000000347,0.0075914752669632435,0.015258131548762321,0.041571371257305145,-0.02723131701350212,22.840111
0.8727083333333681,0.007584814913570881,0.015200696885585785,0.04163256287574768,-0.027116741985082626,22.840111
0.8729166666667014,0.007577076088637114,0.015140846371650696,0.04168976843357086,-0.026997897773981094,22.840111
0.8731250000000348,0.007568292785435915,0.015078364871442318,0.04174479469656944,-0.02687636762857437,22.840111
0.8733333333333682,0.007558475714176893,0.015015597455203533,0.041795454919338226,-0.026753146201372147,22.840111
0.8735416666667015,0.00754760904237628,0.01495080441236496,0.0418427549302578,-0.026627376675605774,22.840111
0.8737500000000349,0.00753571093082428,0.014883395284414291,0.0418887734413147,-0.026499349623918533,22.840111
0.8739583333333683,0.0075227790512144566,0.014816301874816418,0.04192891716957092,-0.026370679959654808,22.840111
0.8741666666667016,0.0075087896548211575,0.014747601002454758,0.04196532443165779,-0.0262391809374094,22.840111
0.874375000000035,0.0074937655590474606,0.014676511287689209,0.042000189423561096,-0.02610662579536438,22.840111
0.8745833333333684,0.0074776955880224705,0.014603568241000175,0.04203177988529205,-0.02597111277282238,22.840111
0.8747916666667017,0.007460598833858967,0.014528400264680386,0.04206489026546478,-0.02583555318415165,22.840111
0.8750000000000351,0.0074424101039767265,0.014454000629484653,0.042089276015758514,-0.025697456672787666,22.840111
0.8752083333333684,0.007423184346407652,0.014378166757524014,0.04211178049445152,-0.025558726862072945,22.840111
0.8754166666667018,0.00740289781242609,0.014300702139735222,0.04213269427418709,-0.025418654084205627,22.840111
0.8756250000000352,0.007381548173725605,0.014221787452697754,0.0421503484249115,-0.025276951491832733,22.840111
0.8758333333333685,0.007359140552580357,0.014141413383185863,0.04216471686959267,-0.02513323724269867,22.840111
0.8760416666667019,0.007335699629038572,0.014059693552553654,0.04217598959803581,-0.024988863617181778,22.840111
0.8762500000000353,0.0073112305253744125,0.013976342976093292,0.042187273502349854,-0.02484334260225296,22.840111
0.8764583333333686,0.00728570856153965,0.013891838490962982,0.042194101959466934,-0.024697018787264824,22.840111
0.876666666666702,0.00725915189832449,0.01380647998303175,0.04219850152730942,-0.024548452347517014,22.840111
0.8768750000000354,0.007231575902551413,0.013719922862946987,0.04219982400536537,-0.024398084729909897,22.840111
0.8770833333333687,0.007203000131994486,0.01363237202167511,0.042199451476335526,-0.024246860295534134,22.840111
0.8772916666667021,0.007173419464379549,0.013543752022087574,0.04219747334718704,-0.024095138534903526,22.840111
0.8775000000000355,0.007142822258174419,0.013454245403409004,0.04219186305999756,-0.023941949009895325,22.840111
0.8777083333333688,0.007111235521733761,0.01336353924125433,0.04218422621488571,-0.023786630481481552,22.840111
0.8779166666667022,0.0070786685682833195,0.013272124342620373,0.04217417538166046,-0.023631049320101738,22.840111
0.8781250000000356,0.007045113481581211,0.013178029097616673,0.0421631783246994,-0.023472996428608894,22.840111
0.8783333333333689,0.007010594941675663,0.013082092627882957,0.04215032234787941,-0.023312536999583244,22.840111
0.8785416666667023,0.006975136231631041,0.012985373847186565,0.042135339230298996,-0.02315135858952999,22.840111
0.8787500000000357,0.006938741076737642,0.012888212688267231,0.04211860150098801,-0.022989613935351372,22.840111
0.878958333333369,0.006901392247527838,0.01279078796505928,0.04209942743182182,-0.022827405482530594,22.840111
0.8791666666667024,0.006863081362098455,0.012692534364759922,0.04207654669880867,-0.022662915289402008,22.840111
0.8793750000000358,0.006823844276368618,0.01259114220738411,0.04205312579870224,-0.022496012970805168,22.840111
0.8795833333333691,0.006783698219805956,0.012489406391978264,0.04202703386545181,-0.022329866886138916,22.840111
0.8797916666667025,0.006742626894265413,0.012387705035507679,0.04200020059943199,-0.02216169610619545,22.840111
0.8800000000000359,0.006700616329908371,0.012285390868782997,0.041969235986471176,-0.021992860361933708,22.840111
0.8802083333333692,0.006657692138105631,0.012179948389530182,0.04193829745054245,-0.021822717040777206,22.840111
0.8804166666667026,0.006613845471292734,0.012074783444404602,0.041903674602508545,-0.021651677787303925,22.840111
0.880625000000036,0.00656908517703414,0.011969063431024551,0.04186679795384407,-0.021480338647961617,22.840111
0.8808333333333693,0.006523405201733112,0.011860513128340244,0.04182793200016022,-0.02130509726703167,22.840111
0.8810416666667027,0.006476865615695715,0.011751549318432808,0.04178827628493309,-0.02113032341003418,22.840111
0.8812500000000361,0.006429431494325399,0.011642605066299438,0.04174499213695526,-0.02095469832420349,22.840111
0.8814583333333694,0.0063811298459768295,0.011531288735568523,0.041699863970279694,-0.020776066929101944,22.840111
0.8816666666667028,0.0063319881446659565,0.011419100686907768,0.04165443778038025,-0.020597660914063454,22.840111
0.8818750000000362,0.006281986366957426,0.011307206936180592,0.04160590097308159,-0.020418837666511536,22.840111
0.8820833333333695,0.006231119390577078,0.011192520149052143,0.04155607894062996,-0.020236434414982796,22.840111
0.8822916666667029,0.006179428193718195,0.011077581904828548,0.04150373116135597,-0.020054681226611137,22.840111
0.8825000000000363,0.006126901134848595,0.010962337255477905,0.04145157337188721,-0.01987341232597828,22.840111
0.8827083333333696,0.006073500961065292,0.010844782926142216,0.04139520227909088,-0.019688459113240242,22.840111
0.882916666666703,0.006019280292093754,0.010727759450674057,0.0413365364074707,-0.019502904266119003,22.840111
0.8831250000000364,0.005964252632111311,0.010608527809381485,0.041276831179857254,-0.019314469769597054,22.840111
0.8833333333333697,0.0059084477834403515,0.010487821884453297,0.041216667741537094,-0.019127149134874344,22.840111
0.8835416666667031,0.005851827096194029,0.01036775391548872,0.04115362465381622,-0.018939342349767685,22.840111
0.8837500000000365,0.005794395226985216,0.010245355777442455,0.04108752682805061,-0.01874893344938755,22.840111
0.8839583333333698,0.005736186634749174,0.01012348011136055,0.041019245982170105,-0.018558822572231293,22.840111
0.8841666666667032,0.005677196197211742,0.00999915599822998,0.04094874486327171,-0.01836727187037468,22.840111
0.8843750000000365,0.005617428105324507,0.009874781593680382,0.04087720066308975,-0.01817641593515873,22.840111
0.8845833333333699,0.0055568628013134,0.009748240001499653,0.04080306738615036,-0.017982972785830498,22.840111
0.8847916666667033,0.005495527759194374,0.00962151400744915,0.04072732478380203,-0.017788151279091835,22.840111
0.8850000000000366,0.005433440674096346,0.009494449011981487,0.04064903035759926,-0.01759135164320469,22.840111
0.88520833333337,0.005370636470615864,0.009365919046103954,0.0405692495405674,-0.01739329658448696,22.840111
0.8854166666667034,0.0053071207366883755,0.009237021207809448,0.04048875346779823,-0.01719679683446884,22.840111
0.8856250000000367,0.005242859944701195,0.009105459786951542,0.04040569067001343,-0.016996921971440315,22.840111
0.8858333333333701,0.0051778871566057205,0.008974646218121052,0.04032091796398163,-0.016797319054603577,22.840111
0.8860416666667035,0.0051122019067406654,0.008842092007398605,0.040233150124549866,-0.016594529151916504,22.840111
0.8862500000000368,0.00504583865404129,0.008710023947060108,0.04014349728822708,-0.016392452642321587,22.840111
0.8864583333333702,0.0049787950702011585,0.00857544131577015,0.04005160182714462,-0.016187431290745735,22.840111
0.8866666666667036,0.004911108873784542,0.008439633995294571,0.03995940461754799,-0.01598316989839077,22.840111
0.8868750000000369,0.004842744674533606,0.008301998488605022,0.039864517748355865,-0.015775414183735847,22.840111
0.8870833333333703,0.004773746244609356,0.008165493607521057,0.03976725786924362,-0.015568935312330723,22.840111
0.8872916666667037,0.004704097285866737,0.008027267642319202,0.03966747224330902,-0.015359451994299889,22.840111
0.887500000000037,0.00463383411988616,0.007889894768595695,0.0395662784576416,-0.015151278115808964,22.840111
0.8877083333333704,0.00456292973831296,0.007747749797999859,0.03946256637573242,-0.014940435066819191,22.840111
0.8879166666667038,0.0044914050959050655,0.007605370599776506,0.0393577478826046,-0.014730740338563919,22.840111
0.8881250000000371,0.004419235046952963,0.007461064960807562,0.039249345660209656,-0.01451811846345663,22.840111
0.8883333333333705,0.004346450325101614,0.007315737195312977,0.03914075344800949,-0.014307157136499882,22.840111
0.8885416666667039,0.004273011814802885,0.0071683041751384735,0.03902845084667206,-0.014090619049966335,22.840111
0.8887500000000372,0.004199008923023939,0.007021751720458269,0.03891458362340927,-0.013876807875931263,22.840111
0.8889583333333706,0.004124405328184366,0.006873131264001131,0.03879885375499725,-0.013659539632499218,22.840111
0.889166666666704,0.004049226175993681,0.006724403239786625,0.03868101164698601,-0.013443310745060444,22.840111
0.8893750000000373,0.003973464947193861,0.00657420651987195,0.03856246918439865,-0.013224930502474308,22.840111
0.8895833333333707,0.00389712187461555,0.006422434933483601,0.03843976929783821,-0.013005598448216915,22.840111
0.8897916666667041,0.00382023467682302,0.006270310841500759,0.038316499441862106,-0.012786579318344593,22.840111
0.8900000000000374,0.003743034554645419,0.006116792559623718,0.03818506374955177,-0.012565329670906067,22.840111
0.8902083333333708,0.0036658374592661858,0.005964306183159351,0.038044702261686325,-0.01234607957303524,22.840111
0.8904166666667042,0.003588874824345112,0.005815489217638969,0.03789062798023224,-0.012128784321248531,22.840111
0.8906250000000375,0.0035123866982758045,0.005675606429576874,0.037722133100032806,-0.011913372203707695,22.840111
0.8908333333333709,0.0034363851882517338,0.005539978388696909,0.03754078969359398,-0.011700411327183247,22.840111
0.8910416666667043,0.003360871458426118,0.005408294498920441,0.03734510391950607,-0.011488975957036018,22.840111
0.8912500000000376,0.003285865532234311,0.00528296921402216,0.037135615944862366,-0.011279493570327759,22.840111
0.891458333333371,0.003211384639143944,0.005158881191164255,0.036915142089128494,-0.011070740409195423,22.840111
0.8916666666667044,0.0031374413520097733,0.005035794340074062,0.03668256103992462,-0.010863502509891987,22.840111
0.8918750000000377,0.0030642948113381863,0.004916764330118895,0.036437951028347015,-0.010659236460924149,22.840111
0.8920833333333711,0.0029921820387244225,0.00480837095528841,0.03618048131465912,-0.01045696996152401,22.840111
0.8922916666667045,0.0029213624075055122,0.004702969454228878,0.035905398428440094,-0.010258669033646584,22.840111
0.8925000000000378,0.0028520971536636353,0.00460066506639123,0.035611577332019806,-0.010063998401165009,22.840111
0.8927083333333712,0.002784580457955599,0.004500693175941706,0.03530311584472656,-0.009872913360595703,22.840111
0.8929166666667046,0.002718922682106495,0.004403526429086924,0.03498148173093796,-0.009684236720204353,22.840111
0.8931250000000379,0.002655154326930642,0.004305716138333082,0.034645576030015945,-0.009498532861471176,22.840111
0.8933333333333713,0.0025930951815098524,0.00420639431104064,0.03430051729083061,-0.009316273964941502,22.840111
0.8935416666667046,0.002532429061830044,0.004109376110136509,0.03394400700926781,-0.009137017652392387,22.840111
0.893750000000038,0.0024730272125452757,0.004016745835542679,0.033579759299755096,-0.008959921076893806,22.840111
0.8939583333333714,0.0024149175733327866,0.003930686507374048,0.03320788964629173,-0.00878741405904293,22.840111
0.8941666666667047,0.002358074299991131,0.0038463377859443426,0.03283071517944336,-0.008618191815912724,22.840111
0.8943750000000381,0.002302444539964199,0.0037634398322552443,0.0324462465941906,-0.008450992405414581,22.840111
0.8945833333333715,0.002248211996629834,0.0036836855579167604,0.03205602988600731,-0.008286697790026665,22.840111
0.8947916666667048,0.0021953596733510494,0.0036053010262548923,0.0316595695912838,-0.00812479667365551,22.840111
0.8950000000000382,0.002143694320693612,0.0035259046126157045,0.03126087039709091,-0.007965534925460815,22.840111
0.8952083333333716,0.0020931544713675976,0.0034502639900892973,0.030860306695103645,-0.007809978909790516,22.840111
0.8954166666667049,0.00204379647038877,0.003382408060133457,0.030458340421319008,-0.00765517633408308,22.840111
0.8956250000000383,0.0019959660712629557,0.0033206825610250235,0.030056709423661232,-0.007503855973482132,22.840111
0.8958333333333717,0.0019497640896588564,0.0032624846789985895,0.029657017439603806,-0.007356940768659115,22.840111
0.896041666666705,0.0019052192801609635,0.003204223932698369,0.029259467497467995,-0.007210728712379932,22.840111
0.8962500000000384,0.001862390199676156,0.0031465664505958557,0.028865939006209373,-0.007066635414958,22.840111
0.8964583333333718,0.0018213002476841211,0.003098044777289033,0.028478311374783516,-0.00692577101290226,22.840111
0.8966666666667051,0.0017820131033658981,0.003058900823816657,0.028100868687033653,-0.006791054271161556,22.840111
0.8968750000000385,0.0017445135163143277,0.0030197894666343927,0.027726244181394577,-0.006656666286289692,22.840111
0.8970833333333719,0.0017088752938434482,0.0029798022005707026,0.0273600947111845,-0.0065251304768025875,22.840111
0.8972916666667052,0.0016750141512602568,0.0029426757246255875,0.027003223076462746,-0.006398474797606468,22.840111
0.8975000000000386,0.001642801915295422,0.002905442612245679,0.02665388211607933,-0.0062741925939917564,22.840111
0.897708333333372,0.0016121764201670885,0.0028709187172353268,0.02631518244743347,-0.0061558005400002,22.840111
0.8979166666667053,0.0015829926123842597,0.0028369752690196037,0.025983858853578568,-0.006038576364517212,22.840111
0.8981250000000387,0.0015552369877696037,0.0028048837557435036,0.02566143125295639,-0.0059264181181788445,22.840111
0.8983333333333721,0.0015288477297872305,0.0027745389379560947,0.025342551991343498,-0.0058176699094474316,22.840111
0.8985416666667054,0.0015039078425616026,0.0027470970526337624,0.025029869750142097,-0.00571632944047451,22.840111
0.8987500000000388,0.0014803739031776786,0.0027204295620322227,0.024719977751374245,-0.005619391333311796,22.840111
0.8989583333333722,0.0014582440489903092,0.0026953485794365406,0.02442007139325142,-0.005527852568775415,22.840111
0.8991666666667055,0.0014375195605680346,0.0026729186065495014,0.024127116426825523,-0.005442596506327391,22.840111
0.8993750000000389,0.0014181722654029727,0.0026507023721933365,0.023843318223953247,-0.005359101574867964,22.840111
0.8995833333333723,0.0014001507079228759,0.002630129223689437,0.02357141301035881,-0.00528191402554512,22.840111
0.8997916666667056,0.0013833974953740835,0.0026108231395483017,0.023308195173740387,-0.005206223111599684,22.840111
0.900000000000039,0.0013679113471880555,0.0025923983193933964,0.023054594174027443,-0.005134194623678923,22.840111
