Time,Pistoning (suspension_slide),Angle_X,Angle_Y,Angle_Z,Mean_Wall_Time_Sec
0.0005208333333333333,2.045894507318735e-05,0.0002718703472055495,-7.592625024699373e-06,-7.423265196848661e-05,4.334424
0.0010416666666666667,2.3400396457873285e-05,0.0003849882632493973,6.0832958297396544e-06,-0.00010643545829225332,4.334424
0.0015625,2.6044259357149713e-05,0.0004919333732686937,2.07989287446253e-05,-0.00013749186473432928,4.334424
0.0020833333333333333,2.8583344828803092e-05,0.0005952285719104111,3.4929948014905676e-05,-0.00016750757640693337,4.334424
0.0026041666666666665,3.10212308249902e-05,0.0006952364929020405,4.8677713493816555e-05,-0.00019650481408461928,4.334424
0.0031249999999999997,3.3145803172374144e-05,0.000791905855294317,5.939101902185939e-05,-0.00022470366093330085,4.334424
0.003645833333333333,3.514236232149415e-05,0.0008855474879965186,6.798218237236142e-05,-0.000252160825766623,4.334424
0.004166666666666667,3.700100933201611e-05,0.0009746304713189602,7.79727051849477e-05,-0.00027974965632893145,4.334424
0.0046875,3.874033791362308e-05,0.0010609005112200975,8.743369835428894e-05,-0.00030661773052997887,4.334424
0.005208333333333333,4.0297629311680794e-05,0.0011439394438639283,9.63106140261516e-05,-0.0003327093436382711,4.334424
0.005729166666666666,4.172988701611757e-05,0.0012242535594850779,0.00010421890328871086,-0.0003580167540349066,4.334424
0.0062499999999999995,4.3050524254795164e-05,0.0013016413431614637,0.00011160696158185601,-0.0003828958433587104,4.334424
0.006770833333333333,4.427932435646653e-05,0.0013755018590018153,0.00011802848166553304,-0.00040686680586077273,4.334424
0.007291666666666666,4.542328679235652e-05,0.0014474441995844245,0.00012405485904309899,-0.0004300505097489804,4.334424
0.007812499999999999,4.648504909710027e-05,0.0015161278424784541,0.00012948688527103513,-0.0004522731760516763,4.334424
0.008333333333333333,4.747356069856323e-05,0.0015828058822080493,0.00013422778283711523,-0.000473975291242823,4.334424
0.008854166666666666,4.83890762552619e-05,0.001647094963118434,0.0001385137438774109,-0.0004947232082486153,4.334424
0.009375,4.924104723613709e-05,0.0017095577204599977,0.00014278320304583758,-0.000515267311129719,4.334424
0.009895833333333333,5.002781836083159e-05,0.0017692733090370893,0.000146619655424729,-0.0005350355640985072,4.334424
0.010416666666666666,5.075914668850601e-05,0.0018265051767230034,0.00014987605391070247,-0.000553812540601939,4.334424
0.0109375,5.1437298679957166e-05,0.0018817927921190858,0.0001529408327769488,-0.0005721526104025543,4.334424
0.011458333333333333,5.2058709115954116e-05,0.0019352325471118093,0.00015611467824783176,-0.0005903142737224698,4.334424
0.011979166666666666,5.263571802061051e-05,0.001986878924071789,0.00015921234444249421,-0.0006079678423702717,4.334424
0.012499999999999999,5.3165786084719e-05,0.002036402467638254,0.00016168260481208563,-0.0006246863049454987,4.334424
0.013020833333333332,5.3648531320504844e-05,0.0020848200656473637,0.0001641668932279572,-0.000641411286778748,4.334424
0.013541666666666665,5.409376899478957e-05,0.002130968263372779,0.00016646225412841886,-0.0006573349237442017,4.334424
0.014062499999999999,5.449753371067345e-05,0.0021758913062512875,0.00016860417963471264,-0.0006727462750859559,4.334424
0.014583333333333332,5.486656300490722e-05,0.0022192331962287426,0.0001709047646727413,-0.0006879556458443403,4.334424
0.015104166666666665,5.519862679648213e-05,0.0022608439903706312,0.00017293993732891977,-0.0007028532563708723,4.334424
0.015624999999999998,5.549665365833789e-05,0.0023012589663267136,0.0001752303069224581,-0.0007173157064244151,4.334424
0.01614583333333333,5.576343392021954e-05,0.0023396750912070274,0.00017744372598826885,-0.0007310729124583304,4.334424
0.016666666666666666,5.6001888879109174e-05,0.0023770425468683243,0.00017945327272173017,-0.0007441922789439559,4.334424
0.0171875,5.621111631626263e-05,0.002413245616480708,0.0001812668633647263,-0.0007571096066385508,4.334424
0.017708333333333336,5.6390505051240325e-05,0.002447953214868903,0.00018310944142285734,-0.0007694056839682162,4.334424
0.01822916666666667,5.654158303514123e-05,0.0024817637167871,0.00018493326206225902,-0.0007816455909051001,4.334424
0.018750000000000006,5.667746881954372e-05,0.0025147064588963985,0.00018660511705093086,-0.0007935245521366596,4.334424
0.01927083333333334,5.6788343499647453e-05,0.0025456203147768974,0.00018799855024553835,-0.0008045714348554611,4.334424
0.019791666666666676,5.688014789484441e-05,0.002575940452516079,0.00018978297885041684,-0.0008159101125784218,4.334424
0.02031250000000001,5.6952449085656554e-05,0.0026051215827465057,0.000191367682418786,-0.0008267799858003855,4.334424
0.020833333333333346,5.6929795391624793e-05,0.0026323881465941668,0.00019225590222049505,-0.0008376913028769195,4.334424
0.02135416666666668,5.696051084669307e-05,0.002659328980371356,0.0001935018808580935,-0.00084804801736027,4.334424
0.021875000000000016,5.6979264627443627e-05,0.0026862414088100195,0.00019495141168590635,-0.0008586416952311993,4.334424
0.02239583333333335,5.698223321815021e-05,0.0027118362486362457,0.0001962948008440435,-0.0008684374624863267,4.334424
0.022916666666666686,5.69655021536164e-05,0.0027361796237528324,0.00019788295321632177,-0.0008780002826824784,4.334424
0.02343750000000002,5.6927277910290286e-05,0.002759836846962571,0.00019924731168430299,-0.0008871725876815617,4.334424
0.023958333333333356,5.68662399018649e-05,0.002782447962090373,0.00020076558575965464,-0.0008962232968769968,4.334424
0.02447916666666669,5.679177411366254e-05,0.002804940100759268,0.00020191841758787632,-0.0009052717941813171,4.334424
0.025000000000000026,5.6696862884564325e-05,0.0028266566805541515,0.0002032413613051176,-0.0009139360627159476,4.334424
0.02552083333333336,5.647580837830901e-05,0.002847920637577772,0.0002045961591647938,-0.0009226046968251467,4.334424
0.026041666666666696,5.6283377489307895e-05,0.002869035815820098,0.00020588426559697837,-0.0009307778091169894,4.334424
0.02656250000000003,5.609546496998519e-05,0.0028892606496810913,0.00020764469809364527,-0.0009388033067807555,4.334424
0.027083333333333365,5.590217188000679e-05,0.0029089516028761864,0.00020952780323568732,-0.0009469063952565193,4.334424
0.0276041666666667,5.569605127675459e-05,0.0029280742164701223,0.00021105910127516836,-0.0009547138470225036,4.334424
0.028125000000000035,5.548218177864328e-05,0.0029462401289492846,0.0002129312342731282,-0.000962373916991055,4.334424
0.02864583333333337,5.5263866670429707e-05,0.002964288927614689,0.0002149758074665442,-0.0009701605304144323,4.334424
0.029166666666666705,5.503238571691327e-05,0.0029816129244863987,0.00021659086633007973,-0.0009776224615052342,4.334424
0.02968750000000004,5.4788852139608935e-05,0.0029984356369823217,0.00021862293942831457,-0.00098519423045218,4.334424
0.030208333333333375,5.454170604934916e-05,0.003014241810888052,0.00022015842841938138,-0.0009921949822455645,4.334424
0.03072916666666671,5.427949508884922e-05,0.003028708277270198,0.0002219169691670686,-0.000998693285509944,4.334424
0.03125000000000004,5.401265298132785e-05,0.00304263923317194,0.00022395062842406332,-0.0010051492135971785,4.334424
0.03177083333333337,5.3739408031105995e-05,0.0030559718143194914,0.00022565285325981677,-0.001011336105875671,4.334424
0.032291666666666705,5.345443423721008e-05,0.003069153754040599,0.00022764726600144058,-0.0010173002956435084,4.334424
0.032812500000000036,5.3163592383498326e-05,0.003081615548580885,0.00022930311388336122,-0.0010231730993837118,4.334424
0.03333333333333337,5.2860075811622664e-05,0.0030935138929635286,0.00023117181262932718,-0.0010287819895893335,4.334424
0.0338541666666667,5.2552830311469734e-05,0.003105469048023224,0.00023298010637518018,-0.001034530345350504,4.334424
0.03437500000000003,5.224130654823966e-05,0.003117484273388982,0.00023480813251808286,-0.001040225033648312,4.334424
0.03489583333333336,5.191850505070761e-05,0.003128664568066597,0.00023681632592342794,-0.0010456605814397335,4.334424
0.035416666666666693,5.159420470590703e-05,0.0031397556886076927,0.0002388492866884917,-0.0010511738946661353,4.334424
0.035937500000000025,5.1265287766000256e-05,0.003150906879454851,0.00024084464530460536,-0.0010569954756647348,4.334424
0.036458333333333356,5.092222636449151e-05,0.003161607077345252,0.00024272280279546976,-0.0010625118156895041,4.334424
0.03697916666666669,5.058448005001992e-05,0.0031722495332360268,0.00024475069949403405,-0.0010680330451577902,4.334424
0.03750000000000002,5.02367656736169e-05,0.0031825623009353876,0.0002467031590640545,-0.0010733447270467877,4.334424
0.03802083333333335,4.98806475661695e-05,0.003193081356585026,0.00024857622338458896,-0.0010784489568322897,4.334424
0.03854166666666668,4.9528851377544925e-05,0.0032031869050115347,0.00025088770780712366,-0.0010837909067049623,4.334424
0.039062500000000014,4.916439502267167e-05,0.0032135623041540384,0.00025323330191895366,-0.0010891106212511659,4.334424
0.039583333333333345,4.88016230519861e-05,0.0032235169783234596,0.0002555382379796356,-0.0010944269597530365,4.334424
0.04010416666666668,4.8430611059302464e-05,0.003233297960832715,0.0002581122098490596,-0.0010999575024470687,4.334424
0.04062500000000001,4.8061123379739e-05,0.003242780454456806,0.00026072008768096566,-0.0011053552152588964,4.334424
0.04114583333333334,4.7685411118436605e-05,0.0032519008964300156,0.00026302417973056436,-0.0011101980926468968,4.334424
0.04166666666666667,4.730340515379794e-05,0.0032611703500151634,0.0002653857518453151,-0.0011153619270771742,4.334424
0.0421875,4.691854337579571e-05,0.0032703233882784843,0.0002676041331142187,-0.0011202915338799357,4.334424
0.042708333333333334,4.653092037187889e-05,0.003279533702880144,0.00027014160878024995,-0.0011254000710323453,4.334424
0.043229166666666666,4.6143461077008396e-05,0.00328844808973372,0.0002724514342844486,-0.0011302345665171742,4.334424
0.04375,4.575250204652548e-05,0.0032972998451441526,0.0002747227845247835,-0.0011350085260346532,4.334424
0.04427083333333333,4.5355456677498296e-05,0.003305677557364106,0.0002772935258690268,-0.001139755710028112,4.334424
0.04479166666666666,4.495158646022901e-05,0.0033141691237688065,0.00027959755971096456,-0.0011442754184827209,4.334424
0.04531249999999999,4.454855661606416e-05,0.003322396194562316,0.0002819881774485111,-0.001148705487139523,4.334424
0.04583333333333332,4.414724753587507e-05,0.003330589272081852,0.0002842892718035728,-0.001153220422565937,4.334424
0.046354166666666655,4.373160481918603e-05,0.0033390249591320753,0.00028684709104709327,-0.0011577120749279857,4.334424
0.046874999999999986,4.333067772677168e-05,0.0033468601759523153,0.0002891845069825649,-0.0011616427218541503,4.334424
0.04739583333333332,4.290175638743676e-05,0.0033551508095115423,0.00029175321105867624,-0.0011663682525977492,4.334424
0.04791666666666665,4.252218786859885e-05,0.0033628935925662518,0.00029384344816207886,-0.0011702522169798613,4.334424
0.04843749999999998,4.201891351840459e-05,0.0033706403337419033,0.00029575781081803143,-0.0011741949710994959,4.334424
0.04895833333333331,4.1728908399818465e-05,0.0033787123393267393,0.0002973297087009996,-0.001177542028017342,4.334424
0.049479166666666644,4.122536847717129e-05,0.003386574797332287,0.00029918376822024584,-0.001181366853415966,4.334424
0.049999999999999975,4.0939641621662304e-05,0.003394591622054577,0.00030081748263910413,-0.0011846801498904824,4.334424
0.050520833333333307,4.043009175802581e-05,0.003402366302907467,0.00030288597918115556,-0.0011885140556842089,4.334424
0.05104166666666664,4.014734804513864e-05,0.0034100236371159554,0.00030452030478045344,-0.0011917331721633673,4.334424
0.05156249999999997,3.9632122934563085e-05,0.003417533589527011,0.00030669791158288717,-0.0011955670779570937,4.334424
0.0520833333333333,3.9352347812382504e-05,0.0034251962788403034,0.00030849716858938336,-0.001198700862005353,4.334424
0.05260416666666663,3.8836689782328904e-05,0.0034327921457588673,0.00031058667809702456,-0.00120255455840379,4.334424
0.053124999999999964,3.8527341530425474e-05,0.003440003376454115,0.00031248346203938127,-0.0012057264102622867,4.334424
0.053645833333333295,3.800289050559513e-05,0.00344724184833467,0.00031394712277688086,-0.0012082546018064022,4.334424
0.05416666666666663,3.7661866372218356e-05,0.00345406262204051,0.00031582359224557877,-0.0012116284342482686,4.334424
0.05468749999999996,3.713030673679896e-05,0.0034612086601555347,0.00031776848481968045,-0.0012151985429227352,4.334424
0.05520833333333329,3.679270594147965e-05,0.0034680014941841364,0.00031980130006559193,-0.0012183657381683588,4.334424
0.05572916666666662,3.6262783396523446e-05,0.0034750287886708975,0.00032177017419598997,-0.001221817103214562,4.334424
0.05624999999999995,3.592856228351593e-05,0.0034818802960217,0.0003239555808249861,-0.0012249662540853024,4.334424
0.056770833333333284,3.5393197322264314e-05,0.0034887883812189102,0.0003256919444538653,-0.0012282353127375245,4.334424
0.057291666666666616,3.505324639263563e-05,0.003495275042951107,0.00032763011404313147,-0.0012308508157730103,4.334424
0.05781249999999995,3.451540760579519e-05,0.003502062987536192,0.00032936575007624924,-0.0012340657413005829,4.334424
0.05833333333333328,3.417851257836446e-05,0.003508493537083268,0.0003313266206532717,-0.0012368261814117432,4.334424
0.05885416666666661,3.367845056345686e-05,0.003514413721859455,0.0003326818987261504,-0.001239767181687057,4.334424
0.05937499999999994,3.334582652314566e-05,0.0035207278560847044,0.0003349168400745839,-0.0012424777960404754,4.334424
0.05989583333333327,3.284612830611877e-05,0.0035264070611447096,0.0003359463589731604,-0.001245202962309122,4.334424
0.060416666666666605,3.2507818104932085e-05,0.0035327188670635223,0.00033803153201006353,-0.0012478813296183944,4.334424
0.060937499999999936,3.200147330062464e-05,0.003538461634889245,0.00033941870788112283,-0.0012503803009167314,4.334424
0.06145833333333327,3.166624082950875e-05,0.003544239327311516,0.00034147693077102304,-0.00125302211381495,4.334424
0.0619791666666666,3.115767685812898e-05,0.003549921093508601,0.0003428362833801657,-0.0012557206209748983,4.334424
0.06249999999999993,3.0822015105513856e-05,0.003555848030373454,0.0003449818177614361,-0.0012582249473780394,4.334424
0.06302083333333326,3.030972948181443e-05,0.0035616776440292597,0.0003462555760052055,-0.0012609243858605623,4.334424
0.0635416666666666,2.9975437428220175e-05,0.003567397128790617,0.00034852238604798913,-0.0012633699225261807,4.334424
0.06406249999999993,2.9456354241119698e-05,0.003572836983948946,0.000349559064488858,-0.0012656194157898426,4.334424
0.06458333333333326,2.9115433790138923e-05,0.0035789760295301676,0.0003519132442306727,-0.0012683336390182376,4.334424
0.06510416666666659,2.8593771276064217e-05,0.003584476886317134,0.00035324154305271804,-0.0012704760301858187,4.334424
0.06562499999999992,2.8256095902179368e-05,0.0035903751850128174,0.00035560346441343427,-0.0012731789611279964,4.334424
0.06614583333333325,2.7732299713534303e-05,0.003595995483919978,0.00035684165777638555,-0.0012756496435031295,4.334424
0.06666666666666658,2.738530565693509e-05,0.003601742209866643,0.0003586403327062726,-0.0012775291688740253,4.334424
0.06718749999999991,2.6859059289563447e-05,0.003607184160500765,0.0003602323995437473,-0.0012800549156963825,4.334424
0.06770833333333325,2.6513958800933324e-05,0.003613024251535535,0.0003622702497523278,-0.0012821718119084835,4.334424
0.06822916666666658,2.5984967578551732e-05,0.0036185847129672766,0.0003635091125033796,-0.0012845462188124657,4.334424
0.06874999999999991,2.563077759987209e-05,0.0036242729984223843,0.00036543418536894023,-0.001286483253352344,4.334424
0.06927083333333324,2.4983253751997836e-05,0.0036293587181717157,0.0003669064899440855,-0.0012888709316030145,4.334424
0.06979166666666657,2.4801251129247248e-05,0.0036343287210911512,0.0003677853965200484,-0.0012892161030322313,4.334424
0.0703124999999999,2.4277900593006052e-05,0.0036397732328623533,0.0003692023747134954,-0.0012916516279801726,4.334424
0.07083333333333323,2.3827526092645712e-05,0.003644980490207672,0.0003709066368173808,-0.001293414388783276,4.334424
0.07135416666666657,2.3375650926027447e-05,0.0036504880990833044,0.000373033806681633,-0.0012958626030012965,4.334424
0.0718749999999999,2.2912097847438417e-05,0.0036559663712978363,0.0003746296570170671,-0.001298032351769507,4.334424
0.07239583333333323,2.246993244625628e-05,0.003661533584818244,0.0003767574962694198,-0.0013003009371459484,4.334424
0.07291666666666656,2.1824489522259682e-05,0.0036663184873759747,0.00037793032242916524,-0.0013024461222812533,4.334424
0.07343749999999989,2.151694570784457e-05,0.003671077312901616,0.00037888839142397046,-0.0013027628883719444,4.334424
0.07395833333333322,2.0982668502256274e-05,0.0036766119301319122,0.0003804488223977387,-0.0013051795540377498,4.334424
0.07447916666666655,2.0535268049570732e-05,0.0036818184889853,0.00038221970316953957,-0.0013068524422124028,4.334424
0.07499999999999989,2.0068888261448592e-05,0.0036867603193968534,0.0003841992875095457,-0.0013088221894577146,4.334424
0.07552083333333322,1.9613355107139796e-05,0.003692117752507329,0.0003863213350996375,-0.0013110629515722394,4.334424
0.07604166666666655,1.914805943670217e-05,0.003697238862514496,0.00038815135485492647,-0.0013129145372658968,4.334424
0.07656249999999988,1.8692964658839628e-05,0.003702296642586589,0.00038994630449451506,-0.001314883236773312,4.334424
0.07708333333333321,1.822780177462846e-05,0.0037075658328831196,0.0003918649163097143,-0.0013168269069865346,4.334424
0.07760416666666654,1.7773854779079556e-05,0.003712743753567338,0.0003937841684091836,-0.0013187640579417348,4.334424
0.07812499999999988,1.7303415006608702e-05,0.003717952175065875,0.0003955479769501835,-0.0013207370648160577,4.334424
0.0786458333333332,1.6856110960361548e-05,0.0037233377806842327,0.00039740701322443783,-0.0013225889997556806,4.334424
0.07916666666666654,1.637754940020386e-05,0.0037284584250301123,0.0003992064157500863,-0.0013244138099253178,4.334424
0.07968749999999987,1.5945237464620732e-05,0.003733639372512698,0.00040133498259820044,-0.0013264742447063327,4.334424
0.0802083333333332,1.5300696759368293e-05,0.0037385441828519106,0.00040271636680699885,-0.0013287070905789733,4.334424
0.08072916666666653,1.4958519386709668e-05,0.0037425258196890354,0.0004034835146740079,-0.001328969607129693,4.334424
0.08124999999999986,1.4315201951831114e-05,0.0037471300456672907,0.0004048182745464146,-0.00133043946698308,4.334424
0.0817708333333332,1.3987545571580995e-05,0.003750877222046256,0.0004056790203321725,-0.0013304579770192504,4.334424
0.08229166666666653,1.3335571566130966e-05,0.0037546728271991014,0.00040670286398380995,-0.0013316682307049632,4.334424
0.08281249999999986,1.3191662219469436e-05,0.003758036997169256,0.0004074085154570639,-0.001332179643213749,4.334424
0.08333333333333319,1.2722328392555937e-05,0.0037628537975251675,0.00040891492972150445,-0.0013339162105694413,4.334424
0.08385416666666652,1.2451588190742768e-05,0.003766225650906563,0.0004088844871148467,-0.0013337699929252267,4.334424
0.08437499999999985,1.1806512702605687e-05,0.0037695469800382853,0.0004099273937754333,-0.0013349488144740462,4.334424
0.08489583333333318,1.160264673671918e-05,0.0037751994095742702,0.0004106290580239147,-0.001335891312919557,4.334424
0.08541666666666652,1.0957477570627816e-05,0.0037788806948810816,0.00041195368976332247,-0.0013375661801546812,4.334424
0.08593749999999985,1.095487368729664e-05,0.0037801137659698725,0.0004115936462767422,-0.0013371086679399014,4.334424
0.08645833333333318,1.0622860827425029e-05,0.0037853149697184563,0.00041213547228835523,-0.001338331843726337,4.334424
0.08697916666666651,1.0297834705852438e-05,0.0037882784381508827,0.0004127025604248047,-0.0013384580379351974,4.334424
0.08749999999999984,9.66107654676307e-06,0.0037912074476480484,0.00041336851427331567,-0.0013394149718806148,4.334424
0.08802083333333317,9.479703294346109e-06,0.003793909680098295,0.0004138503281865269,-0.0013398970477283,4.334424
0.0885416666666665,9.018969649332576e-06,0.0037951639387756586,0.0004143768164794892,-0.0013407020596787333,4.334424
0.08906249999999984,8.576350410294253e-06,0.00379959330894053,0.00041573934140615165,-0.0013422637712210417,4.334424
0.08958333333333317,8.16708507045405e-06,0.003799776779487729,0.00041609833715483546,-0.001342205097898841,4.334424
0.0901041666666665,7.945156539790332e-06,0.003804924665018916,0.00041732771205715835,-0.0013435189612209797,4.334424
0.09062499999999983,7.305951385205844e-06,0.003807944944128394,0.000417956878663972,-0.0013446516823023558,4.334424
0.09114583333333316,7.304795872187242e-06,0.003810853697359562,0.00041859346674755216,-0.0013447899837046862,4.334424
0.0916666666666665,6.6637821873882785e-06,0.0038143815472722054,0.0004197029338683933,-0.0013463179348036647,4.334424
0.09218749999999983,6.530342034238856e-06,0.0038163585122674704,0.0004197066300548613,-0.0013466058298945427,4.334424
0.09270833333333316,5.887363840884063e-06,0.0038200081326067448,0.0004209282051306218,-0.0013481711503118277,4.334424
0.09322916666666649,5.886429789825343e-06,0.003822948085144162,0.0004216009983792901,-0.0013482498470693827,4.334424
0.09374999999999982,5.244429303274956e-06,0.003826446831226349,0.00042280007619410753,-0.0013498094631358981,4.334424
0.09427083333333315,5.249049991107313e-06,0.003828153247013688,0.00042262047645635903,-0.0013500095810741186,4.334424
0.09479166666666648,4.598818577505881e-06,0.003831740701571107,0.0004236413224134594,-0.0013513283338397741,4.334424
0.09531249999999981,4.597948645823635e-06,0.0038336864672601223,0.00042350159492343664,-0.0013514960883185267,4.334424
0.09583333333333315,3.953089617425576e-06,0.003837461117655039,0.0004251475911587477,-0.001352971070446074,4.334424
0.09635416666666648,3.830635250778869e-06,0.003839199198409915,0.00042529727215878665,-0.0013532275334000587,4.334424
0.09687499999999981,3.1917393243929837e-06,0.0038423091173171997,0.0004262818838469684,-0.0013544339453801513,4.334424
0.09739583333333314,3.1948991363606183e-06,0.0038434481248259544,0.0004259939305484295,-0.001353719155304134,4.334424
0.09791666666666647,2.808086037475732e-06,0.003847576677799225,0.00042720232158899307,-0.001355335465632379,4.334424
0.0984374999999998,2.4804264739941573e-06,0.0038478216156363487,0.00042729679262265563,-0.0013553282478824258,4.334424
0.09895833333333313,2.032219072134467e-06,0.0038517103530466557,0.0004282653972040862,-0.0013567066052928567,4.334424
0.09947916666666647,1.6264497162410407e-06,0.0038519517984241247,0.0004287384799681604,-0.0013568231370300055,4.334424
0.0999999999999998,1.444652525606216e-06,0.0038573360070586205,0.0004298510611988604,-0.0013576748315244913,4.334424
0.10052083333333313,1.0109629329235759e-06,0.0038581741973757744,0.0004298967542126775,-0.0013576672645285726,4.334424
0.10104166666666646,3.6647668366640573e-07,0.003861642675474286,0.00043103029020130634,-0.0013590790331363678,4.334424
0.10156249999999979,3.805769210885046e-07,0.0038633549120277166,0.00043129987898282707,-0.0013594201300293207,4.334424
0.10208333333333312,-2.615738026179315e-07,0.0038670378271490335,0.0004326464841142297,-0.0013606566935777664,4.334424
0.10260416666666645,-4.136830114020995e-07,0.0038697654381394386,0.0004328221548348665,-0.0013605541316792369,4.334424
0.10312499999999979,-8.980719030660111e-07,0.0038717358838766813,0.0004337943100836128,-0.0013613266637548804,4.334424
0.10364583333333312,-1.191457272398111e-06,0.003875317284837365,0.0004339243459980935,-0.0013609768357127905,4.334424
0.10416666666666645,-1.4706355386806536e-06,0.0038783459458500147,0.000436173751950264,-0.0013626019936054945,4.334424
0.10468749999999978,-2.0993020370951854e-06,0.0038811282720416784,0.00043701069080270827,-0.0013637157389894128,4.334424
0.10520833333333311,-2.3045884063321864e-06,0.0038830230478197336,0.00043745903531089425,-0.0013639978133141994,4.334424
0.10572916666666644,-2.664208068381413e-06,0.003886523423716426,0.00043850296060554683,-0.0013641032855957747,4.334424
0.10624999999999978,-3.147954657833907e-06,0.0038886158727109432,0.0004393901617731899,-0.0013650701148435473,4.334424
0.1067708333333331,-3.7936752050882205e-06,0.0038922945968806744,0.0004404388018883765,-0.001366513897664845,4.334424
0.10729166666666644,-3.974353148805676e-06,0.0038938848301768303,0.00044070251169614494,-0.0013668576721102,4.334424
0.10781249999999977,-4.457141130842501e-06,0.003896426409482956,0.0004416068841237575,-0.0013672631466761231,4.334424
0.1083333333333331,-4.688486114901025e-06,0.0038989975582808256,0.00044143901322968304,-0.001366610056720674,4.334424
0.10885416666666643,-5.181848791835364e-06,0.0039007323794066906,0.0004424962098710239,-0.001368075842037797,4.334424
0.10937499999999976,-5.313065685186302e-06,0.003902860451489687,0.00044241754221729934,-0.00136797153390944,4.334424
0.1098958333333331,-5.952935680397786e-06,0.0039058795664459467,0.00044310546945780516,-0.0013689009938389063,4.334424
0.11041666666666643,-6.078258138586534e-06,0.003907795064151287,0.0004433459253050387,-0.0013689219485968351,4.334424
0.11093749999999976,-6.698970537399873e-06,0.003910575993359089,0.0004441283526830375,-0.0013695621164515615,4.334424
0.11145833333333309,-7.127650860638823e-06,0.003912679851055145,0.00044487533159554005,-0.0013695810921490192,4.334424
0.11197916666666642,-7.451807050529169e-06,0.003914055414497852,0.0004453277215361595,-0.0013695440720766783,4.334424
0.11249999999999975,-7.895124326751102e-06,0.003917436581104994,0.0004464444937184453,-0.001370560727082193,4.334424
0.11302083333333308,-8.287496712000575e-06,0.0039178915321826935,0.00044704193715006113,-0.0013707992620766163,4.334424
0.11354166666666642,-8.521496965840925e-06,0.003922166768461466,0.000447723432444036,-0.0013713175430893898,4.334424
0.11406249999999975,-8.879861525201704e-06,0.003921961411833763,0.0004480468633119017,-0.0013714978704228997,4.334424
0.11458333333333308,-9.335190043202601e-06,0.00392545759677887,0.0004487506812438369,-0.0013721027644351125,4.334424
0.11510416666666641,-9.554401003697421e-06,0.003927942831069231,0.0004494631721172482,-0.0013718187110498548,4.334424
0.11562499999999974,-1.0201175427937414e-05,0.003931473009288311,0.0004506301775109023,-0.0013733506202697754,4.334424
0.11614583333333307,-1.0032465070253238e-05,0.003932580351829529,0.0004505313409026712,-0.0013734301319345832,4.334424
0.1166666666666664,-1.0675164958229288e-05,0.003936321474611759,0.00045184805640019476,-0.0013747509801760316,4.334424
0.11718749999999974,-1.0700869097490795e-05,0.003937907982617617,0.0004519621725194156,-0.0013747768243774772,4.334424
0.11770833333333307,-1.1333302609273233e-05,0.0039408947341144085,0.0004526545526459813,-0.001375626539811492,4.334424
0.1182291666666664,-1.1480235116323456e-05,0.003941528499126434,0.00045278886682353914,-0.001375413965433836,4.334424
0.11874999999999973,-1.1810583600890823e-05,0.003945564851164818,0.00045396320638246834,-0.0013764387695118785,4.334424
0.11927083333333306,-1.2437954865163192e-05,0.0039478628896176815,0.0004545041883829981,-0.001377168227918446,4.334424
0.1197916666666664,-1.2436855286068749e-05,0.003950111567974091,0.0004549504374153912,-0.0013773670652881265,4.334424
0.12031249999999973,-1.3079321433906443e-05,0.003953638020902872,0.0004558174987323582,-0.001378929940983653,4.334424
0.12083333333333306,-1.3082440091238823e-05,0.0039543574675917625,0.00045571409282274544,-0.0013786860508844256,4.334424
0.12135416666666639,-1.372964743495686e-05,0.003957824781537056,0.0004568840377032757,-0.0013801008462905884,4.334424
0.12187499999999972,-1.3730481441598386e-05,0.0039589363150298595,0.00045677050366066396,-0.0013798853615298867,4.334424
0.12239583333333305,-1.4375427781487815e-05,0.003962315618991852,0.00045799490180797875,-0.0013809164520353079,4.334424
0.12291666666666638,-1.4386700058821589e-05,0.003963572904467583,0.0004581564280670136,-0.0013813900295644999,4.334424
0.12343749999999971,-1.5029270798549987e-05,0.0039670104160904884,0.0004590799508150667,-0.0013827108778059483,4.334424
0.12395833333333305,-1.5028532288852148e-05,0.003968481905758381,0.0004592651966959238,-0.0013823781628161669,4.334424
0.12447916666666638,-1.567316758155357e-05,0.0039718314073979855,0.0004603662819135934,-0.0013838278828188777,4.334424
0.12499999999999971,-1.5641042409697548e-05,0.00397357065230608,0.0004607258888427168,-0.001383882132358849,4.334424
0.12552083333333305,-1.628195786906872e-05,0.003976920619606972,0.0004619488609023392,-0.0013852069387212396,4.334424
0.12604166666666639,-1.636558590689674e-05,0.003978513181209564,0.00046186818508431315,-0.0013853132259100676,4.334424
0.12656249999999972,-1.701305700407829e-05,0.003981892950832844,0.0004631870542652905,-0.0013864334905520082,4.334424
0.12708333333333305,-1.6864143617567606e-05,0.0039833621121943,0.000463386852061376,-0.0013868064852431417,4.334424
0.12760416666666638,-1.750986666593235e-05,0.003986833617091179,0.0004646187007892877,-0.001388313714414835,4.334424
0.1281249999999997,-1.750428600644227e-05,0.003987704403698444,0.0004645800217986107,-0.0013884525978937745,4.334424
0.12864583333333304,-1.8153976270696148e-05,0.0039909956976771355,0.00046601297799497843,-0.0013897474855184555,4.334424
0.12916666666666637,-1.8155891666538082e-05,0.003992406651377678,0.0004662832652684301,-0.0013896531891077757,4.334424
0.1296874999999997,-1.879750743682962e-05,0.003995818551629782,0.00046747506712563336,-0.0013909824192523956,4.334424
0.13020833333333304,-1.879908268165309e-05,0.003997288178652525,0.0004674509691540152,-0.0013911754358559847,4.334424
0.13072916666666637,-1.9440347386989743e-05,0.004000640474259853,0.00046873866813257337,-0.0013924124650657177,4.334424
0.1312499999999997,-1.9656861695693806e-05,0.004002646077424288,0.0004690555506385863,-0.0013927938416600227,4.334424
0.13177083333333303,-2.0171210053376853e-05,0.004004884511232376,0.00046961649786680937,-0.0013935905881226063,4.334424
0.13229166666666636,-2.0334691726020537e-05,0.0040070111863315105,0.00047008885303512216,-0.00139370106626302,4.334424
0.1328124999999997,-2.097280594171025e-05,0.0040095834992825985,0.0004707832995336503,-0.001394393970258534,4.334424
0.13333333333333303,-2.084932566503994e-05,0.004010722506791353,0.00047089302097447217,-0.0013947725528851151,4.334424
0.13385416666666636,-2.148995190509595e-05,0.0040136841125786304,0.0004721116565633565,-0.0013956904876977205,4.334424
0.1343749999999997,-2.1491869119927287e-05,0.004014704376459122,0.00047213779180310667,-0.0013955655740574002,4.334424
0.13489583333333302,-2.2133028323878534e-05,0.004017841536551714,0.0004729810752905905,-0.001396584091708064,4.334424
0.13541666666666635,-2.1982932594255544e-05,0.0040191891603171825,0.00047328861546702683,-0.0013967050472274423,4.334424
0.13593749999999968,-2.262695852550678e-05,0.004022566135972738,0.0004743988683912903,-0.0013975867768749595,4.334424
0.13645833333333302,-2.2627038561040536e-05,0.004024188965559006,0.0004747230268549174,-0.0013974622124806046,4.334424
0.13697916666666635,-2.32628208323149e-05,0.0040273284539580345,0.00047589154564775527,-0.0013988491846248507,4.334424
0.13749999999999968,-2.326472349523101e-05,0.004028173629194498,0.00047600705875083804,-0.0013987538404762745,4.334424
0.138020833333333,-2.390360714343842e-05,0.004031609743833542,0.0004770563100464642,-0.00139978202059865,4.334424
0.13854166666666634,-2.3897237042547204e-05,0.004032660275697708,0.0004771615786012262,-0.0013998334761708975,4.334424
0.13906249999999967,-2.4546385247958824e-05,0.004035533405840397,0.00047832573181949556,-0.0014009824953973293,4.334424
0.139583333333333,-2.4546416170778684e-05,0.004036671947687864,0.0004782078613061458,-0.0014008850557729602,4.334424
0.14010416666666634,-2.5183884645230137e-05,0.004039994440972805,0.00047952085151337087,-0.001402027322910726,4.334424
0.14062499999999967,-2.5013483536895365e-05,0.004040949512273073,0.0004789837112184614,-0.0014021103270351887,4.334424
0.141145833333333,-2.5658631784608588e-05,0.004044239409267902,0.00048015423817560077,-0.001403075992129743,4.334424
0.14166666666666633,-2.565786417108029e-05,0.004045678302645683,0.00048017967492341995,-0.0014030439779162407,4.334424
0.14218749999999966,-2.6295227144146338e-05,0.004048878792673349,0.00048114018863998353,-0.001404064241796732,4.334424
0.142708333333333,-2.6267851353622973e-05,0.0040495675057172775,0.0004812468832824379,-0.001403793809004128,4.334424
0.14322916666666632,-2.6908632207778282e-05,0.0040528299286961555,0.00048258775495924056,-0.001405211165547371,4.334424
0.14374999999999966,-2.6879681172431447e-05,0.0040537952445447445,0.00048281234921887517,-0.001405439106747508,4.334424
0.144270833333333,-2.7518322895048186e-05,0.0040572346188127995,0.0004838311579078436,-0.0014065803261473775,4.334424
0.14479166666666632,-2.7363112167222425e-05,0.004057892132550478,0.00048381657688878477,-0.001406487892381847,4.334424
0.14531249999999965,-2.799888898152858e-05,0.004061331506818533,0.0004850758414249867,-0.0014074882492423058,4.334424
0.14583333333333298,-2.7997650249744765e-05,0.004062321037054062,0.0004850683035328984,-0.0014071817276999354,4.334424
0.1463541666666663,-2.8630562155740336e-05,0.004065250977873802,0.0004859672044403851,-0.0014083008281886578,4.334424
0.14687499999999964,-2.8632146495510824e-05,0.004066271707415581,0.00048613137914799154,-0.0014083236455917358,4.334424
0.14739583333333298,-2.9269229344208725e-05,0.004069680348038673,0.00048730059643276036,-0.00140938360709697,4.334424
0.1479166666666663,-2.9235054171294905e-05,0.004070371389389038,0.0004871369746979326,-0.0014092857018113136,4.334424
0.14843749999999964,-2.9879785870434716e-05,0.0040735118091106415,0.00048824521945789456,-0.0014101110864430666,4.334424
0.14895833333333297,-2.9878190616727807e-05,0.004074412863701582,0.00048815211630426347,-0.0014097144594416022,4.334424
0.1494791666666663,-3.0515308026224375e-05,0.004077912773936987,0.0004893795703537762,-0.001410922734066844,4.334424
0.14999999999999963,-3.048448525078129e-05,0.004078991245478392,0.0004894004669040442,-0.0014110044576227665,4.334424
0.15052083333333297,-3.112856575171463e-05,0.00408231420442462,0.0004908365663141012,-0.0014122454449534416,4.334424
0.1510416666666663,-3.112962076556869e-05,0.004083095118403435,0.0004906734684482217,-0.0014124017907306552,4.334424
0.15156249999999963,-3.176990867359564e-05,0.004085908643901348,0.0004918136983178556,-0.0014131659409031272,4.334424
0.15208333333333296,-3.176858081133105e-05,0.004086928442120552,0.0004913723678328097,-0.0014130071504041553,4.334424
0.1526041666666663,-3.240471050958149e-05,0.004089889116585255,0.0004926266265101731,-0.0014137171674519777,4.334424
0.15312499999999962,-3.235067561035976e-05,0.004090458154678345,0.0004921452491544187,-0.0014133170479908586,4.334424
0.15364583333333295,-3.299103263998404e-05,0.004093507770448923,0.0004932795418426394,-0.001414285390637815,4.334424
0.15416666666666629,-3.2991752959787846e-05,0.004094615578651428,0.0004931013681925833,-0.0014139837585389614,4.334424
0.15468749999999962,-3.363713767612353e-05,0.004097668454051018,0.0004945591208525002,-0.0014152266085147858,4.334424
0.15520833333333295,-3.3486408938188106e-05,0.004098295234143734,0.0004939637146890163,-0.0014150086790323257,4.334424
0.15572916666666628,-3.4129549021599814e-05,0.00410101655870676,0.000495007261633873,-0.0014158328995108604,4.334424
0.1562499999999996,-3.4128323022741824e-05,0.004101588390767574,0.0004946814733557403,-0.001415583654306829,4.334424
0.15677083333333294,-3.4771524951793253e-05,0.00410478888079524,0.0004958690260536969,-0.0014165015891194344,4.334424
0.15729166666666627,-3.476992424111813e-05,0.004105778411030769,0.000495780841447413,-0.0014163715532049537,4.334424
0.1578124999999996,-3.540582474670373e-05,0.0041087414138019085,0.000497029279358685,-0.0014173424569889903,4.334424
0.15833333333333294,-3.5373443097341806e-05,0.004109698347747326,0.0004967552958987653,-0.0014170442009344697,4.334424
0.15885416666666627,-3.601287608034909e-05,0.004112777765840292,0.0004979180521331728,-0.001418050960637629,4.334424
0.1593749999999996,-3.597366594476625e-05,0.004113435745239258,0.000497593660838902,-0.0014175389660522342,4.334424
0.15989583333333293,-3.661892333184369e-05,0.004116429947316647,0.000498931563924998,-0.0014183660969138145,4.334424
0.16041666666666626,-3.658136847661808e-05,0.004116845317184925,0.0004987991414964199,-0.0014180665602907538,4.334424
0.1609374999999996,-3.722706242115237e-05,0.004119927529245615,0.0005000520031899214,-0.001419154228642583,4.334424
0.16145833333333293,-3.7225978303467855e-05,0.004121364559978247,0.0004998971708118916,-0.001419263775460422,4.334424
0.16197916666666626,-3.7861649616388604e-05,0.0041242376901209354,0.0005010933964513242,-0.0014200679725036025,4.334424
0.1624999999999996,-3.7821355363121256e-05,0.004124445375055075,0.0005006557330489159,-0.0014199106954038143,4.334424
0.16302083333333292,-3.8461781514342874e-05,0.0041274093091487885,0.0005020293174311519,-0.0014206798514351249,4.334424
0.16354166666666625,-3.834693052340299e-05,0.004127614200115204,0.0005016779759898782,-0.00142076110932976,4.334424
0.16406249999999958,-3.898846625816077e-05,0.004130726680159569,0.0005029960884712636,-0.0014215870760381222,4.334424
0.16458333333333292,-3.898646173183806e-05,0.00413171760737896,0.0005030158208683133,-0.001421491731889546,4.334424
0.16510416666666625,-3.9623941120225936e-05,0.004134290385991335,0.0005042707198299468,-0.0014220209559425712,4.334424
0.16562499999999958,-3.9433416532119736e-05,0.004135159309953451,0.0005041434778831899,-0.001422042609192431,4.334424
0.1661458333333329,-4.0061844629235566e-05,0.0041376384906470776,0.0005049825413152575,-0.001422274042852223,4.334424
0.16666666666666624,-4.006093513453379e-05,0.004139075521379709,0.0005050572799518704,-0.0014222369063645601,4.334424
0.16718749999999957,-4.0697890653973445e-05,0.004142305348068476,0.0005062004784122109,-0.0014230060623958707,4.334424
0.1677083333333329,-4.068415364599787e-05,0.004143235739320517,0.0005063848802819848,-0.0014234727714210749,4.334424
0.16822916666666624,-4.132349931751378e-05,0.0041458685882389545,0.0005075541557744145,-0.0014240640448406339,4.334424
0.16874999999999957,-4.132144749746658e-05,0.004146589897572994,0.000507605611346662,-0.0014241425087675452,4.334424
0.1692708333333329,-4.195804649498314e-05,0.004149044398218393,0.0005088308244012296,-0.0014249386731535196,4.334424
0.16979166666666623,-4.1899533243849874e-05,0.0041503021493554115,0.0005086722085252404,-0.0014250787207856774,4.334424
0.17031249999999956,-4.2536816181382164e-05,0.0041529336012899876,0.0005099504487589002,-0.001425933325663209,4.334424
0.1708333333333329,-4.238828842062503e-05,0.004153443966060877,0.0005094700027257204,-0.0014258342562243342,4.334424
0.17135416666666622,-4.302253728383221e-05,0.0041559552773833275,0.0005104253650642931,-0.0014267110964283347,4.334424
0.17187499999999956,-4.298490966903046e-05,0.004156256560236216,0.0005099746631458402,-0.0014264980563893914,4.334424
0.1723958333333329,-4.362194158602506e-05,0.004159277770668268,0.0005110493511892855,-0.0014274045825004578,4.334424
0.17291666666666622,-4.358397563919425e-05,0.004159695003181696,0.0005104670999571681,-0.0014273686101660132,4.334424
0.17343749999999955,-4.422490019351244e-05,0.00416262773796916,0.000511581136379391,-0.0014281318290159106,4.334424
0.17395833333333288,-4.4210719352122396e-05,0.004163163714110851,0.0005110598867759109,-0.001428091898560524,4.334424
0.1744791666666662,-4.4849755795439705e-05,0.004165736958384514,0.0005123140290379524,-0.0014287395169958472,4.334424
0.17499999999999954,-4.472082946449518e-05,0.004166667815297842,0.0005120414425618947,-0.0014288773527368903,4.334424
0.17552083333333288,-4.5344673708314076e-05,0.004169031511992216,0.0005130905192345381,-0.0014292229898273945,4.334424
0.1760416666666662,-4.5186847273726016e-05,0.004169270396232605,0.0005128141492605209,-0.0014290368417277932,4.334424
0.17656249999999954,-4.582336259773001e-05,0.004171630833297968,0.000513819104526192,-0.0014298029709607363,4.334424
0.17708333333333287,-4.567179348669015e-05,0.0041721416637301445,0.0005136264371685684,-0.0014298857422545552,4.334424
0.1776041666666662,-4.630226976587437e-05,0.004174443427473307,0.0005147868650965393,-0.0014305961085483432,4.334424
0.17812499999999953,-4.615602665580809e-05,0.0041745323687791824,0.0005145910545252264,-0.0014305299846455455,4.334424
0.17864583333333287,-4.679261110140942e-05,0.004176896996796131,0.0005158390267752111,-0.0014313342981040478,4.334424
0.1791666666666662,-4.666626045946032e-05,0.004177855793386698,0.0005155313992872834,-0.001431440468877554,4.334424
0.17968749999999953,-4.729458669316955e-05,0.004179798532277346,0.0005162752349860966,-0.0014319572364911437,4.334424
0.18020833333333286,-4.73650979984086e-05,0.0041811503469944,0.0005162177258171141,-0.0014321465278044343,4.334424
0.1807291666666662,-4.7883404477033764e-05,0.00418258598074317,0.0005170510266907513,-0.0014325561933219433,4.334424
0.18124999999999952,-4.790220918948762e-05,0.004183874931186438,0.0005170435761101544,-0.0014323652721941471,4.334424
0.18177083333333285,-4.853914288105443e-05,0.00418614549562335,0.000518088520038873,-0.0014331914717331529,4.334424
0.18229166666666619,-4.83414733025711e-05,0.004186691250652075,0.0005179605796001852,-0.0014329770347103477,4.334424
0.18281249999999952,-4.896910104434937e-05,0.0041885687969625,0.0005186448688618839,-0.0014332103310152888,4.334424
0.18333333333333285,-4.891589924227446e-05,0.004189552739262581,0.0005184157635085285,-0.00143344362732023,4.334424
0.18385416666666618,-4.955386248184368e-05,0.004191975574940443,0.000519604014698416,-0.0014341011410579085,4.334424
0.1843749999999995,-4.955217082169838e-05,0.004192992579191923,0.0005194201366975904,-0.0014338891487568617,4.334424
0.18489583333333284,-5.01860304211732e-05,0.004195414949208498,0.0005204961635172367,-0.0014346825191751122,4.334424
0.18541666666666617,-4.99899142596405e-05,0.004196313209831715,0.0005201086751185358,-0.001434382633306086,4.334424
0.1859374999999995,-5.061838237452321e-05,0.004198136273771524,0.0005209382507018745,-0.001434841426089406,4.334424
0.18645833333333284,-5.06169926666189e-05,0.004199006129056215,0.0005206314381211996,-0.0014349768171086907,4.334424
0.18697916666666617,-5.125283496454358e-05,0.004201398231089115,0.000521939538884908,-0.0014358925400301814,4.334424
0.1874999999999995,-5.121602225699462e-05,0.004201401490718126,0.000521650945302099,-0.0014355928869917989,4.334424
0.18802083333333283,-5.185879490454681e-05,0.004204395227134228,0.0005230295355431736,-0.0014365381794050336,4.334424
0.18854166666666616,-5.1813371101161465e-05,0.004204839468002319,0.0005223948392085731,-0.0014364420203492045,4.334424
0.1890624999999995,-5.245017382549122e-05,0.004207083024084568,0.0005235240096226335,-0.0014372093137353659,4.334424
0.18958333333333283,-5.2436444093473256e-05,0.0042076255194842815,0.0005234295967966318,-0.001436969731003046,4.334424
0.19010416666666616,-5.306783350533806e-05,0.004209897015243769,0.0005242608021944761,-0.0014377026818692684,4.334424
0.1906249999999995,-5.293221693136729e-05,0.004211063496768475,0.0005241320468485355,-0.0014376654289662838,4.334424
0.19114583333333282,-5.356243855203502e-05,0.004213065840303898,0.0005250859539955854,-0.0014381026849150658,4.334424
0.19166666666666615,-5.383478492149152e-05,0.004212707746773958,0.0005248620291240513,-0.0014375748578459024,4.334424
0.19218749999999948,-5.447214425657876e-05,0.004214742220938206,0.0005260465550236404,-0.001438373583368957,4.334424
0.19270833333333282,-5.433592014014721e-05,0.004215491935610771,0.0005254518473520875,-0.0014381512301042676,4.334424
0.19322916666666615,-5.496072844834998e-05,0.004217611625790596,0.0005262554041109979,-0.001438504084944725,4.334424
0.19374999999999948,-5.512866846402176e-05,0.004217758309096098,0.0005255966098047793,-0.0014378775376826525,4.334424
0.1942708333333328,-5.5647782573942095e-05,0.0042192828841507435,0.000526658957824111,-0.0014384652022272348,4.334424
0.19479166666666614,-5.563228842220269e-05,0.004220691043883562,0.0005263432394713163,-0.0014383024536073208,4.334424
0.19531249999999947,-5.626156780635938e-05,0.004222698509693146,0.000527558964677155,-0.0014388349372893572,4.334424
0.1958333333333328,-5.6258973927469924e-05,0.004223208874464035,0.0005277491873130202,-0.0014390365686267614,4.334424
0.19635416666666614,-5.673009582096711e-05,0.004226141143590212,0.00052877445705235,-0.0014398277271538973,4.334424
0.19687499999999947,-5.719410546589643e-05,0.004228054080158472,0.0005292844143696129,-0.0014402270317077637,4.334424
0.1973958333333328,-5.754816083936021e-05,0.004232149105519056,0.0005297085153870285,-0.0014404188841581345,4.334424
0.19791666666666613,-5.794230673927814e-05,0.004231083206832409,0.0005310190026648343,-0.0014406656846404076,4.334424
0.19843749999999946,-5.80504784011282e-05,0.004233442712575197,0.0005311333225108683,-0.00144073530100286,4.334424
0.1989583333333328,-5.8683483075583354e-05,0.004235326312482357,0.0005321105709299445,-0.001441295025870204,4.334424
0.19947916666666612,-5.867368963663466e-05,0.0042359535582363605,0.0005318974726833403,-0.0014412598684430122,4.334424
0.19999999999999946,-5.931008490733802e-05,0.0042384653352200985,0.0005328691913746297,-0.0014421233208850026,4.334424
0.2005208333333328,-5.9306792536517605e-05,0.004238500259816647,0.0005329150008037686,-0.0014416753547266126,4.334424
0.20104166666666612,-5.9796620917040855e-05,0.004241642076522112,0.0005342402146197855,-0.0014421138912439346,4.334424
0.20156249999999945,-5.9951824368909e-05,0.004243861418217421,0.0005358753260225058,-0.001443588174879551,4.334424
0.20208333333333278,-6.03493390372023e-05,0.004245362244546413,0.0005369815626181662,-0.001443778513930738,4.334424
0.2026041666666661,-6.084707274567336e-05,0.0042460765689611435,0.0005375568871386349,-0.0014442451065406203,4.334424
0.20312499999999944,-6.0932175983907655e-05,0.00424775667488575,0.0005379353533498943,-0.0014444083208218217,4.334424
0.20364583333333278,-6.144504004623741e-05,0.004248806741088629,0.0005388525314629078,-0.0014447347493842244,4.334424
0.2041666666666661,-6.1534192354884e-05,0.0042502437718212605,0.0005389641737565398,-0.0014450190356001258,4.334424
0.20468749999999944,-6.201130599947646e-05,0.004250991158187389,0.0005397582426667213,-0.001445254310965538,4.334424
0.20520833333333277,-6.220221257535741e-05,0.0042546410113573074,0.0005405390984378755,-0.0014453243929892778,4.334424
0.2057291666666661,-6.257076165638864e-05,0.004253894556313753,0.0005409374716691673,-0.0014453651383519173,4.334424
0.20624999999999943,-6.302231486188248e-05,0.0042554172687232494,0.0005415941122919321,-0.0014454156626015902,4.334424
0.20677083333333277,-6.365151784848422e-05,0.004257537424564362,0.0005425167037174106,-0.0014460019301623106,4.334424
0.2072916666666661,-6.364852015394717e-05,0.004257808905094862,0.0005423240945674479,-0.0014458517543971539,4.334424
0.20781249999999943,-6.415066309273243e-05,0.004260683432221413,0.0005435243947431445,-0.001446521026082337,4.334424
0.20833333333333276,-6.440005381591618e-05,0.0042638592422008514,0.0005444958223961294,-0.001447248156182468,4.334424
0.2088541666666661,-6.45619147690013e-05,0.004263767506927252,0.0005442632827907801,-0.0014472434995695949,4.334424
0.20937499999999942,-6.490998202934861e-05,0.004264778923243284,0.0005441011744551361,-0.0014463986735790968,4.334424
0.20989583333333275,-6.529028178192675e-05,0.004265463910996914,0.0005447368021123111,-0.0014466912252828479,4.334424
0.21041666666666609,-6.551573460455984e-05,0.00426872493699193,0.0005454870988614857,-0.0014469149755313993,4.334424
0.21093749999999942,-6.600285996682942e-05,0.004269529599696398,0.0005463059060275555,-0.0014471543254330754,4.334424
0.21145833333333275,-6.615340680582449e-05,0.004273086786270142,0.0005465838476084173,-0.0014471872709691525,4.334424
0.21197916666666608,-6.654278695350513e-05,0.004272005520761013,0.0005467029986903071,-0.0014471987960860133,4.334424
0.2124999999999994,-6.678119825664908e-05,0.0042741019278764725,0.0005467439186759293,-0.0014462885446846485,4.334424
0.21302083333333274,-6.727882282575592e-05,0.00427508819848299,0.0005477364175021648,-0.0014470224268734455,4.334424
0.21354166666666607,-6.743595440639183e-05,0.004278677981346846,0.0005481574917212129,-0.0014472051989287138,4.334424
0.2140624999999994,-6.787419260945171e-05,0.004279242362827063,0.0005490250769071281,-0.001447946997359395,4.334424
0.21458333333333274,-6.801675044698641e-05,0.004282620269805193,0.0005490733310580254,-0.0014476609649136662,4.334424
0.21510416666666607,-6.845218740636483e-05,0.00428288197144866,0.0005497568636201322,-0.0014486360596492887,4.334424
0.2156249999999994,-6.857395055703819e-05,0.004286987707018852,0.0005506061133928597,-0.0014487601583823562,4.334424
0.21614583333333273,-6.900995504111052e-05,0.004286056384444237,0.0005505268927663565,-0.0014493577182292938,4.334424
0.21666666666666606,-6.920463056303561e-05,0.004288009833544493,0.0005508479080162942,-0.0014483649283647537,4.334424
0.2171874999999994,-6.95557173457928e-05,0.004289144650101662,0.0005509050679393113,-0.001449093222618103,4.334424
0.21770833333333273,-7.018614996923134e-05,0.0042910282500088215,0.0005517929093912244,-0.0014495867071673274,4.334424
0.21822916666666606,-7.03192999935709e-05,0.004290217533707619,0.0005514423246495426,-0.001448874594643712,4.334424
0.2187499999999994,-7.095420005498454e-05,0.004292490892112255,0.0005524518783204257,-0.001449736300855875,4.334424
0.21927083333333272,-7.077364716678858e-05,0.004292011260986328,0.000551865843590349,-0.0014496948570013046,4.334424
0.21979166666666605,-7.139734225347638e-05,0.004294106271117926,0.0005531113129109144,-0.0014502245467156172,4.334424
0.22031249999999938,-7.13798581273295e-05,0.004294615238904953,0.0005528881447389722,-0.0014503402635455132,4.334424
0.22083333333333272,-7.200551772257313e-05,0.004296439234167337,0.0005535788368433714,-0.0014506217557936907,4.334424
0.22135416666666605,-7.199506944743916e-05,0.004296831786632538,0.0005533898947760463,-0.0014506479492411017,4.334424
0.22187499999999938,-7.262235885718837e-05,0.004299134481698275,0.0005545184831134975,-0.0014514172216877341,4.334424
0.2223958333333327,-7.258444384206086e-05,0.004299434367567301,0.0005543460138142109,-0.0014516734518110752,4.334424
0.22291666666666604,-7.321448356378824e-05,0.004301737062633038,0.0005553605151362717,-0.0014523235149681568,4.334424
0.22343749999999937,-7.321278826566413e-05,0.004302097484469414,0.0005549410125240684,-0.001452307915315032,4.334424
0.2239583333333327,-7.385161006823182e-05,0.00430460786446929,0.000556093524210155,-0.0014529932523146272,4.334424
0.22447916666666604,-7.369704690063372e-05,0.0043048495426774025,0.0005560150602832437,-0.0014530178159475327,4.334424
0.22499999999999937,-7.432285201502964e-05,0.004306764807552099,0.0005569675122387707,-0.0014535706723108888,4.334424
0.2255208333333327,-7.442376227118075e-05,0.004305805545300245,0.0005565269966609776,-0.0014526849845424294,4.334424
0.22604166666666603,-7.506425026804209e-05,0.0043081967160105705,0.0005577391711995006,-0.001453633769415319,4.334424
0.22656249999999936,-7.490791904274374e-05,0.004308702424168587,0.000557366234716028,-0.0014535131631419063,4.334424
0.2270833333333327,-7.552725583082065e-05,0.004310708027333021,0.000558317406103015,-0.0014542742865160108,4.334424
0.22760416666666602,-7.576267671538517e-05,0.0043099261820316315,0.0005578086711466312,-0.0014536301605403423,4.334424
0.22812499999999936,-7.639114483026788e-05,0.004312020260840654,0.0005590294604189694,-0.0014542784774675965,4.334424
0.2286458333333327,-7.637389353476465e-05,0.004312675446271896,0.0005584217724390328,-0.0014541532145813107,4.334424
0.22916666666666602,-7.699765410507098e-05,0.004314620513468981,0.0005592246307060122,-0.0014547345926985145,4.334424
0.22968749999999935,-7.694894884480163e-05,0.004314681515097618,0.0005591447115875781,-0.0014546758029609919,4.334424
0.23020833333333268,-7.757829735055566e-05,0.004317105747759342,0.0005603918107226491,-0.0014555632369592786,4.334424
0.230729166666666,-7.743938476778567e-05,0.004317527171224356,0.000559916312340647,-0.0014549619518220425,4.334424
0.23124999999999934,-7.806111534591764e-05,0.004319080151617527,0.0005606564809568226,-0.0014553930377587676,4.334424
0.23177083333333268,-7.829532114556059e-05,0.0043195029720664024,0.0005607313360087574,-0.0014552129432559013,4.334424
0.232291666666666,-7.89208133937791e-05,0.004320964682847261,0.0005616082344204187,-0.0014558597467839718,4.334424
0.23281249999999934,-7.90557314758189e-05,0.004320125095546246,0.0005610224907286465,-0.0014552113134413958,4.334424
0.23333333333333267,-7.96912208897993e-05,0.004322457127273083,0.0005621219170279801,-0.0014560086419805884,4.334424
0.233854166666666,-7.967159035615623e-05,0.004322821740061045,0.0005618790746666491,-0.0014555278467014432,4.334424
0.23437499999999933,-8.03025541245006e-05,0.004324678797274828,0.0005631208186969161,-0.0014561439165845513,4.334424
0.23489583333333267,-8.047075243666768e-05,0.004324226174503565,0.0005624215118587017,-0.0014556662645190954,4.334424
0.235416666666666,-8.110386988846585e-05,0.004326378460973501,0.000563343521207571,-0.0014562541618943214,4.334424
0.23593749999999933,-8.108247857308015e-05,0.004327272064983845,0.000563000445254147,-0.001456338563002646,4.334424
0.23645833333333266,-8.170292858267203e-05,0.004328739829361439,0.0005641267634928226,-0.0014567496255040169,4.334424
0.236979166666666,-8.184625767171383e-05,0.004328555893152952,0.0005634253029711545,-0.0014564563753083348,4.334424
0.23749999999999932,-8.248079393524677e-05,0.004331064876168966,0.0005644346820190549,-0.0014570782659575343,4.334424
0.23802083333333265,-8.235091809183359e-05,0.004331960342824459,0.0005640960298478603,-0.0014569573104381561,4.334424
0.23854166666666599,-8.29669224913232e-05,0.004333664197474718,0.0005650726379826665,-0.0014574902597814798,4.334424
0.23906249999999932,-8.310208067996427e-05,0.0043327962048351765,0.0005647505167871714,-0.0014568668557330966,4.334424
0.23958333333333265,-8.374026219826192e-05,0.004335009027272463,0.000565496739000082,-0.0014576901448890567,4.334424
0.24010416666666598,-8.373850141651928e-05,0.004335426259785891,0.0005651265382766724,-0.0014579675626009703,4.334424
0.2406249999999993,-8.417494245804846e-05,0.004336806945502758,0.0005658711888827384,-0.001457779435440898,4.334424
0.24114583333333264,-8.453385817119852e-05,0.004340155050158501,0.0005667603109031916,-0.0014580906135961413,4.334424
0.24166666666666597,-8.483527199132368e-05,0.004339320119470358,0.0005670983227901161,-0.001458094804547727,4.334424
0.2421874999999993,-8.533806976629421e-05,0.004340602550655603,0.0005677114822901785,-0.0014584752498194575,4.334424
0.24270833333333264,-8.53878736961633e-05,0.004342191852629185,0.0005677964654751122,-0.0014586721081286669,4.334424
0.24322916666666597,-8.588647324359044e-05,0.004343417007476091,0.0005687395459972322,-0.0014592038933187723,4.334424
0.2437499999999993,-8.602207526564598e-05,0.00434730714187026,0.0005695247673429549,-0.0014592730440199375,4.334424
0.24427083333333263,-8.640214946353808e-05,0.004345807712525129,0.0005695488071069121,-0.0014595810789614916,4.334424
0.24479166666666596,-8.66394693730399e-05,0.004346857313066721,0.0005692957784049213,-0.0014588652411475778,4.334424
0.2453124999999993,-8.715229341760278e-05,0.004348108544945717,0.0005697911838069558,-0.0014590986538678408,4.334424
0.24583333333333263,-8.718518074601889e-05,0.0043496983125805855,0.000570224248804152,-0.0014592948136851192,4.334424
0.24635416666666596,-8.768305269768462e-05,0.004350680857896805,0.0005709282122552395,-0.0014594423118978739,4.334424
0.2468749999999993,-8.783372322795913e-05,0.004354333505034447,0.0005717133753933012,-0.0014593662926927209,4.334424
0.24739583333333262,-8.82153253769502e-05,0.004353344440460205,0.0005720639019273221,-0.001459795981645584,4.334424
0.24791666666666595,-8.862736285664141e-05,0.00435501616448164,0.0005727794487029314,-0.0014599378919228911,4.334424
0.24843749999999928,-8.925962174544111e-05,0.004356990568339825,0.0005735866725444794,-0.001460344879887998,4.334424
0.24895833333333262,-8.912992052501068e-05,0.004357765894383192,0.000573274097405374,-0.0014604585012421012,4.334424
0.24947916666666595,-8.974537195172161e-05,0.00435946648940444,0.0005740136257372797,-0.0014609567588195205,4.334424
0.24999999999999928,-8.989471098175272e-05,0.004358598962426186,0.0005734575679525733,-0.001460306579247117,4.334424
0.25052083333333264,-9.05271153897047e-05,0.004360903520137072,0.0005747548420913517,-0.0014614589745178819,4.334424
0.251041666666666,-9.032752132043242e-05,0.004361319821327925,0.000574124394915998,-0.0014613585080951452,4.334424
0.25156249999999936,-9.094582492252812e-05,0.004362874664366245,0.0005748932017013431,-0.0014617386041209102,4.334424
0.2520833333333327,-9.104530181502923e-05,0.004361612722277641,0.0005741837085224688,-0.001461207983084023,4.334424
0.2526041666666661,-9.168234100798145e-05,0.004364035092294216,0.0005752760334871709,-0.0014621262671425939,4.334424
0.25312499999999943,-9.155912994174287e-05,0.004364091902971268,0.0005748986732214689,-0.001461916952393949,4.334424
0.2536458333333328,-9.218082414008677e-05,0.0043662129901349545,0.0005757967010140419,-0.0014624145114794374,4.334424
0.25416666666666615,-9.232305455952883e-05,0.00436546141281724,0.0005751454154960811,-0.0014619420981034636,4.334424
0.2546874999999995,-9.295639029005542e-05,0.004367646295577288,0.0005762391374446452,-0.0014626211486756802,4.334424
0.25520833333333287,-9.291272726841271e-05,0.0043679410591721535,0.0005757710314355791,-0.0014624680625274777,4.334424
0.25572916666666623,-9.353705536341295e-05,0.004369615111500025,0.0005765440291725099,-0.0014629332581534982,4.334424
0.2562499999999996,-9.353367204312235e-05,0.00436961418017745,0.0005763398366980255,-0.0014631105586886406,4.334424
0.25677083333333295,-9.396031236974522e-05,0.004371978342533112,0.0005775048048235476,-0.0014635289553552866,4.334424
0.2572916666666663,-9.431725629838184e-05,0.004375117365270853,0.0005779568455182016,-0.0014635701663792133,4.334424
0.25781249999999967,-9.461145964451134e-05,0.004374519921839237,0.0005782676162198186,-0.0014635223196819425,4.334424
0.258333333333333,-9.510840027360246e-05,0.004375743214040995,0.0005788470734842122,-0.0014641329180449247,4.334424
0.2588541666666664,-9.517821308691055e-05,0.004376731347292662,0.000578469829633832,-0.0014638272114098072,4.334424
0.25937499999999974,-9.567805682308972e-05,0.004378019366413355,0.0005795264150947332,-0.0014644463080912828,4.334424
0.2598958333333331,-9.575469448463991e-05,0.004381643608212471,0.0005804047104902565,-0.0014646071940660477,4.334424
0.26041666666666646,-9.61941696004942e-05,0.004381367936730385,0.0005808753194287419,-0.0014649063814431429,4.334424
0.2609374999999998,-9.650213905842975e-05,0.004384990315884352,0.0005820626392960548,-0.0014652188401669264,4.334424
0.2614583333333332,-9.686170233180746e-05,0.004383671097457409,0.0005819232319481671,-0.001465079141780734,4.334424
0.26197916666666654,-9.734166815178469e-05,0.004384506028145552,0.000582442560698837,-0.0014654287369921803,4.334424
0.2624999999999999,-9.784316353034228e-05,0.004386059008538723,0.000583072192966938,-0.0014657386345788836,4.334424
0.26302083333333326,-9.846459579421207e-05,0.004387794528156519,0.000583870685659349,-0.0014662041794508696,4.334424
0.2635416666666666,-9.860504360403866e-05,0.004386987071484327,0.0005836062482558191,-0.001465621404349804,4.334424
0.2640625,-9.92360946838744e-05,0.0043893177062273026,0.0005847601569257677,-0.0014663598267361522,4.334424
0.26458333333333334,-9.906028572004288e-05,0.0043891966342926025,0.0005844361730851233,-0.001466652494855225,4.334424
0.2651041666666667,-9.967909863917157e-05,0.0043907491490244865,0.0005851160385645926,-0.0014669932425022125,4.334424
0.26562500000000006,-9.988742385758087e-05,0.004390775691717863,0.0005843068356625736,-0.001466276473365724,4.334424
0.2661458333333334,-0.00010040176857728511,0.004391998518258333,0.0005848611472174525,-0.0014666564529761672,4.334424
0.2666666666666668,-0.00010045970702776685,0.004393589682877064,0.0005851432797499001,-0.0014670607633888721,4.334424
0.26718750000000013,-0.00010094028402818367,0.0043946378864347935,0.0005860310047864914,-0.001467319787479937,4.334424
0.2677083333333335,-0.00010137725621461868,0.004395684693008661,0.0005863533588126302,-0.0014675698475912213,4.334424
0.26822916666666685,-0.00010199761163676158,0.004397300537675619,0.0005872100009582937,-0.0014683547196909785,4.334424
0.2687500000000002,-0.00010217386443400756,0.004396704025566578,0.0005869513261131942,-0.0014678525039926171,4.334424
0.26927083333333357,-0.00010268930782331154,0.0043979608453810215,0.000587779562920332,-0.001468527247197926,4.334424
0.26979166666666693,-0.00010279213165631518,0.004399219993501902,0.0005875969654880464,-0.0014684527413919568,4.334424
0.2703125000000003,-0.00010327280324418098,0.0043995436280965805,0.0005880568060092628,-0.001468657748773694,4.334424
0.27083333333333365,-0.00010341750021325424,0.004403431434184313,0.0005885410937480628,-0.0014688735827803612,4.334424
0.271354166666667,-0.00010383691551396623,0.004402769263833761,0.0005891841719858348,-0.0014694713754579425,4.334424
0.27187500000000037,-0.00010398081940365955,0.004406361375004053,0.0005899985553696752,-0.0014694841811433434,4.334424
0.2723958333333337,-0.0001044088348862715,0.00440572714433074,0.0005898538511246443,-0.0014695758000016212,4.334424
0.2729166666666671,-0.00010461197962285951,0.004409111570566893,0.0005908674211241305,-0.0014699408784508705,4.334424
0.27343750000000044,-0.00010500093048904091,0.004407940432429314,0.0005907519953325391,-0.0014702144544571638,4.334424
0.2739583333333338,-0.00010521100921323523,0.004410276655107737,0.0005916155641898513,-0.0014691067626699805,4.334424
0.27447916666666716,-0.00010550839215284213,0.004411018453538418,0.0005915801739320159,-0.001469599548727274,4.334424
0.2750000000000005,-0.00010601372923702002,0.004412064794450998,0.0005923743010498583,-0.0014700968749821186,4.334424
0.2755208333333339,-0.00010599487723084167,0.004412719048559666,0.000591685704421252,-0.0014698449522256851,4.334424
0.27604166666666724,-0.00010649686009855941,0.004414217080920935,0.0005926339654251933,-0.0014701628824695945,4.334424
0.2765625000000006,-0.00010662100976333022,0.004417323041707277,0.0005926123703829944,-0.0014698458835482597,4.334424
0.27708333333333396,-0.00010706433386076242,0.004416483920067549,0.0005930893821641803,-0.0014701805775985122,4.334424
0.2776041666666673,-0.00010729119821917266,0.004419924691319466,0.0005936600500717759,-0.0014700769679620862,4.334424
0.2781250000000007,-0.00010762806778075173,0.004417117219418287,0.000593894044868648,-0.00147034612018615,4.334424
0.27864583333333404,-0.0001080561414710246,0.004417921416461468,0.0005946296732872725,-0.0014704030472785234,4.334424
0.2791666666666674,-0.00010856778681045398,0.004419534932821989,0.0005952849169261754,-0.0014707483351230621,4.334424
0.27968750000000075,-0.00010857351298909634,0.004419620614498854,0.0005948735633864999,-0.001470660325139761,4.334424
0.2802083333333341,-0.00010908598778769374,0.004421202931553125,0.0005959945265203714,-0.0014709861716255546,4.334424
0.2807291666666675,-0.0001094598337658681,0.004420395474880934,0.0005958449910394847,-0.0014704955974593759,4.334424
0.28125000000000083,-0.00010996931814588606,0.004422011319547892,0.0005967880133539438,-0.0014710775576531887,4.334424
0.2817708333333342,-0.00010993720934493467,0.004422189202159643,0.0005964767769910395,-0.0014707756927236915,4.334424
0.28229166666666755,-0.00011055623326683417,0.004423806443810463,0.0005975746316835284,-0.0014711860567331314,4.334424
0.2828125000000009,-0.00011068518506363034,0.004422785714268684,0.0005970039637759328,-0.0014709760434925556,4.334424
0.28333333333333427,-0.00011131401697639376,0.004425025545060635,0.0005981617141515017,-0.0014716978184878826,4.334424
0.28385416666666763,-0.0001114790647989139,0.0044241854920983315,0.0005975160747766495,-0.0014710448449477553,4.334424
0.284375000000001,-0.00011198767606401816,0.004425321705639362,0.0005983044393360615,-0.001471482333727181,4.334424
0.28489583333333435,-0.00011209538934053853,0.004426851402968168,0.0005987471085973084,-0.0014717195881530643,4.334424
0.2854166666666677,-0.00011256732977926731,0.004426965024322271,0.0005991378566250205,-0.0014719553291797638,4.334424
0.28593750000000107,-0.00011268653906881809,0.004430071450769901,0.0005994339589960873,-0.0014717926969751716,4.334424
0.2864583333333344,-0.000113119043817278,0.004429345019161701,0.0005997505504637957,-0.001472004340030253,4.334424
0.2869791666666678,-0.00011322572390781716,0.004432755056768656,0.0006004425813443959,-0.0014719264581799507,4.334424
0.28750000000000114,-0.00011363525118213147,0.004431258421391249,0.0006004477036185563,-0.0014724351931363344,4.334424
0.2880208333333345,-0.00011375137546565384,0.004434999078512192,0.000601465639192611,-0.0014726032968610525,4.334424
0.28854166666666786,-0.00011413867468945682,0.0044340696185827255,0.0006015013204887509,-0.001472699223086238,4.334424
0.2890625000000012,-0.00011437010834924877,0.004436465911567211,0.0006021003355272114,-0.0014718796592205763,4.334424
0.2895833333333346,-0.00011458543303888291,0.004435718059539795,0.0006023256573826075,-0.0014720301842316985,4.334424
0.29010416666666794,-0.0001150849784607999,0.004436912946403027,0.0006029997603036463,-0.001472703879699111,4.334424
0.2906250000000013,-0.00011520084808580577,0.004440536256879568,0.000603813270572573,-0.0014729215763509274,4.334424
0.29114583333333466,-0.00011559133417904377,0.00443936325609684,0.0006036352715454996,-0.0014727514935657382,4.334424
0.291666666666668,-0.00011574781819945201,0.004441582597792149,0.0006048862705938518,-0.0014720293693244457,4.334424
0.2921875000000014,-0.00011619455472100526,0.004441811237484217,0.0006050341762602329,-0.001472590840421617,4.334424
0.29270833333333474,-0.00011631059169303626,0.004445281811058521,0.0006054958794265985,-0.0014725978253409266,4.334424
0.2932291666666681,-0.00011676210851874202,0.004445512779057026,0.0006060298183001578,-0.0014731665141880512,4.334424
0.29375000000000145,-0.00011688199447235093,0.004448898136615753,0.0006069589871913195,-0.0014734439318999648,4.334424
0.2942708333333348,-0.00011731117410818115,0.004447550512850285,0.0006074584671296179,-0.00147343915887177,4.334424
0.2947916666666682,-0.00011740076297428459,0.0044510504230856895,0.0006080097518861294,-0.0014734817668795586,4.334424
0.29531250000000153,-0.00011781943612731993,0.00444994168356061,0.0006085935165174305,-0.0014740360202267766,4.334424
0.2958333333333349,-0.00011796443141065538,0.0044534155167639256,0.0006093164556659758,-0.0014742896892130375,4.334424
0.29635416666666825,-0.00011834822362288833,0.004451023414731026,0.0006092578987590969,-0.0014743696665391326,4.334424
0.2968750000000016,-0.00011875396739924327,0.004451768472790718,0.0006098485901020467,-0.0014744589570909739,4.334424
0.29739583333333497,-0.00011910116882063448,0.004455448128283024,0.0006110818358138204,-0.0014749912079423666,4.334424
0.29791666666666833,-0.00011939410615013912,0.00445473100990057,0.0006113704293966293,-0.001474728574976325,4.334424
0.2984375000000017,-0.00011988696496700868,0.004455295391380787,0.0006118853343650699,-0.001475291675888002,4.334424
0.29895833333333505,-0.00012038068234687671,0.004456724505871534,0.0006125112995505333,-0.001475375727750361,4.334424
0.2994791666666684,-0.00012088239600416273,0.004457893315702677,0.0006134537397883832,-0.0014759079786017537,4.334424
0.30000000000000177,-0.00012097376020392403,0.004461333155632019,0.0006136459996923804,-0.00147582299541682,4.334424
0.3005208333333351,-0.00012139664613641798,0.0044600763358175755,0.0006141506019048393,-0.0014761354541406035,4.334424
0.3010416666666685,-0.0001214971489389427,0.00446381326764822,0.0006150738918222487,-0.0014760680496692657,4.334424
0.30156250000000184,-0.00012189790140837431,0.004462731070816517,0.0006148989778012037,-0.0014763170620426536,4.334424
0.3020833333333352,-0.00012205544044263661,0.004464711993932724,0.0006152368732728064,-0.0014756005257368088,4.334424
0.30260416666666856,-0.00012249454448465258,0.004463752266019583,0.0006156222079880536,-0.0014760367339476943,4.334424
0.3031250000000019,-0.00012268534919712692,0.004467046819627285,0.0006164087681099772,-0.0014756651362404227,4.334424
0.3036458333333353,-0.00012309133308008313,0.004465308506041765,0.0006164691294543445,-0.0014760276535525918,4.334424
0.30416666666666864,-0.0001232923095813021,0.004468751139938831,0.0006176628521643579,-0.0014760466292500496,4.334424
0.304687500000002,-0.0001236482203239575,0.004465941805392504,0.0006177120958454907,-0.0014761383645236492,4.334424
0.30520833333333536,-0.00012387930473778397,0.004466579295694828,0.000618036137893796,-0.001475215540267527,4.334424
0.3057291666666687,-0.0001243169972440228,0.004466780927032232,0.0006184249650686979,-0.0014761060010641813,4.334424
0.3062500000000021,-0.00012445251923054457,0.004470312036573887,0.0006192283472046256,-0.0014762955252081156,4.334424
0.30677083333333544,-0.00012487961794249713,0.004468906670808792,0.0006196986651048064,-0.0014768149703741074,4.334424
0.3072916666666688,-0.00012512033572420478,0.0044722044840455055,0.0006209811544977129,-0.0014771588612347841,4.334424
0.30781250000000215,-0.0001255001698154956,0.004469721112400293,0.0006212186417542398,-0.0014773453585803509,4.334424
0.3083333333333355,-0.00012572041305247694,0.0044730729423463345,0.0006220292416401207,-0.0014773585135117173,4.334424
0.3088541666666689,-0.0001261108845937997,0.0044706533662974834,0.0006223440286703408,-0.0014774883165955544,4.334424
0.30937500000000223,-0.00012632820289582014,0.004474126733839512,0.0006234163884073496,-0.0014776254538446665,4.334424
0.3098958333333356,-0.00012667087139561772,0.004471613094210625,0.000623062951490283,-0.001477742218412459,4.334424
0.31041666666666895,-0.00012709862494375557,0.004472386557608843,0.0006237936904653907,-0.0014779138145968318,4.334424
0.3109375000000023,-0.00012760750541929156,0.004473610315471888,0.00062461820198223,-0.0014782054349780083,4.334424
0.31145833333333567,-0.0001277042756555602,0.004477231297641993,0.0006249303696677089,-0.0014779770281165838,4.334424
0.311979166666669,-0.00012812358909286559,0.0044756424613296986,0.0006250714650377631,-0.0014785261591896415,4.334424
0.3125000000000024,-0.00012826747843064368,0.004479173570871353,0.0006259411456994712,-0.0014787765685468912,4.334424
0.31302083333333575,-0.00012865994358435273,0.004477910231798887,0.0006256934721022844,-0.0014792028814554214,4.334424
0.3135416666666691,-0.0001289096981054172,0.00448126345872879,0.0006264247931540012,-0.0014792111469432712,4.334424
0.31406250000000246,-0.0001292818778892979,0.004478425718843937,0.0006267947028391063,-0.0014794871676713228,4.334424
0.3145833333333358,-0.0001295034890063107,0.0044817193411290646,0.0006276629283092916,-0.0014796798350289464,4.334424
0.3151041666666692,-0.00012987318041268736,0.00447962898761034,0.000627994944807142,-0.0014798627234995365,4.334424
0.31562500000000254,-0.0001302751334151253,0.004480552393943071,0.0006285491981543601,-0.0014800939243286848,4.334424
0.3161458333333359,-0.0001307626807829365,0.004481478128582239,0.0006292183534242213,-0.0014800925273448229,4.334424
0.31666666666666926,-0.0001312462118221447,0.00448266975581646,0.0006296655628830194,-0.0014803754165768623,4.334424
0.3171875000000026,-0.0001317438145633787,0.004483741242438555,0.0006301842513494194,-0.0014807881088927388,4.334424
0.317708333333336,-0.00013188117009121925,0.004487243015319109,0.0006306687719188631,-0.0014807735569775105,4.334424
0.31822916666666934,-0.00013225869042798877,0.004485682584345341,0.0006308969459496439,-0.0014810189604759216,4.334424
0.3187500000000027,-0.00013265848974697292,0.004486546386033297,0.000631278904620558,-0.0014810434076935053,4.334424
0.31927083333333606,-0.000133154186187312,0.004487828351557255,0.0006319232052192092,-0.0014816282782703638,4.334424
0.3197916666666694,-0.00013321303413249552,0.004488400649279356,0.0006318287341855466,-0.0014813579618930817,4.334424
0.3203125000000028,-0.0001336931309197098,0.004489236045628786,0.0006324136047624052,-0.0014817959163337946,4.334424
0.32083333333333613,-0.00013376963033806533,0.0044927108101546764,0.0006332583143375814,-0.0014820400392636657,4.334424
0.3213541666666695,-0.000134195142891258,0.004491273779422045,0.0006333981873467565,-0.0014825316611677408,4.334424
0.32187500000000285,-0.00013442883209791034,0.004494658671319485,0.0006344415596686304,-0.0014826940605416894,4.334424
0.3223958333333362,-0.00013481987116392702,0.004492298234254122,0.000634972529951483,-0.0014828480780124664,4.334424
0.32291666666666957,-0.00013494465383701026,0.004495198838412762,0.0006355441873893142,-0.0014827188570052385,4.334424
0.32343750000000293,-0.00013536102778743953,0.004494359716773033,0.0006357230013236403,-0.001482902909629047,4.334424
0.3239583333333363,-0.00013561767991632223,0.0044977725483477116,0.0006367675960063934,-0.0014829450519755483,4.334424
0.32447916666666965,-0.0001359640882583335,0.0044949897564947605,0.0006366905872710049,-0.0014832490123808384,4.334424
0.325000000000003,-0.00013638526434078813,0.00449597230181098,0.0006372752832248807,-0.0014834526227787137,4.334424
0.32552083333333637,-0.00013688343460671604,0.004496987909078598,0.000638045312371105,-0.0014838043134659529,4.334424
0.3260416666666697,-0.0001370156678603962,0.004500695038586855,0.0006387042230926454,-0.0014838185161352158,4.334424
0.3265625000000031,-0.00013743793533649296,0.004499583039432764,0.0006388801266439259,-0.0014842516975477338,4.334424
0.32708333333333645,-0.00013751558435615152,0.004503028932958841,0.0006397840334102511,-0.001484269741922617,4.334424
0.3276041666666698,-0.00013794713595416397,0.004502927418798208,0.00063996174139902,-0.0014845957048237324,4.334424
0.32812500000000316,-0.00013815684360451996,0.004506281577050686,0.0006409681518562138,-0.0014848514692857862,4.334424
0.3286458333333365,-0.00013854959979653358,0.004504784010350704,0.0006413853261619806,-0.00148498744238168,4.334424
0.3291666666666699,-0.00013876710727345198,0.004508167039602995,0.0006425478495657444,-0.0014852151507511735,4.334424
0.32968750000000324,-0.00013911290443502367,0.004505537450313568,0.0006427402258850634,-0.001485481159761548,4.334424
0.3302083333333366,-0.00013954883615951985,0.00450642965734005,0.0006431207875721157,-0.0014856265624985099,4.334424
0.33072916666666996,-0.00013989335275255144,0.004509751684963703,0.0006441533332690597,-0.0014859427465125918,4.334424
0.3312500000000033,-0.00014018203364685178,0.004509034566581249,0.0006443816237151623,-0.0014856259804219007,4.334424
0.3317708333333367,-0.00014065516006667167,0.004509770777076483,0.0006445986800827086,-0.0014861280797049403,4.334424
0.33229166666667004,-0.0001410228869644925,0.004511471837759018,0.0006453379755839705,-0.0014861759264022112,4.334424
0.3328125000000034,-0.00014150355127640069,0.004512757528573275,0.000645896652713418,-0.0014866437995806336,4.334424
0.33333333333333676,-0.00014188632485456765,0.0045138937421143055,0.0006466362974606454,-0.0014869042206555605,4.334424
0.3338541666666701,-0.0001423669746145606,0.004515381995588541,0.0006471903761848807,-0.0014873716281726956,4.334424
0.3343750000000035,-0.00014274264685809612,0.004517054185271263,0.0006478443392552435,-0.0014874263433739543,4.334424
0.33489583333333683,-0.00014322435890790075,0.004518338944762945,0.0006486123311333358,-0.0014880172675475478,4.334424
0.3354166666666702,-0.0001436098391423002,0.004519202280789614,0.000648869201540947,-0.0014879473019391298,4.334424
0.33593750000000355,-0.0001440893393009901,0.004520329646766186,0.0006494488334283233,-0.0014882114483043551,4.334424
0.3364583333333369,-0.00014435683260671794,0.004523863550275564,0.0006504326011054218,-0.0014883135445415974,4.334424
0.33697916666667027,-0.00014470252790488303,0.004521733615547419,0.0006502436008304358,-0.0014882938703522086,4.334424
0.33750000000000363,-0.00014507862215396017,0.004520472139120102,0.0006499048904515803,-0.0014880346134305,4.334424
0.338020833333337,-0.00014548434410244226,0.0045205578207969666,0.0006502993637695909,-0.001488450332544744,4.334424
0.33854166666667035,-0.00014589304919354618,0.004521931055933237,0.0006508890073746443,-0.001488761859945953,4.334424
0.3390625000000037,-0.00014638817810919136,0.004523007199168205,0.0006515639252029359,-0.0014890802558511496,4.334424
0.33958333333333707,-0.00014649677905254066,0.004526541568338871,0.0006523770280182362,-0.0014893009793013334,4.334424
0.3401041666666704,-0.0001468979608034715,0.004525399766862392,0.0006524358759634197,-0.0014896354405209422,4.334424
0.3406250000000038,-0.00014705039211548865,0.004526820033788681,0.0006528653902933002,-0.0014891186729073524,4.334424
0.34114583333333715,-0.00014750935952179134,0.004525889176875353,0.0006529609090648592,-0.0014896381180733442,4.334424
0.3416666666666705,-0.00014757175813429058,0.004529030993580818,0.0006534500862471759,-0.0014892613980919123,4.334424
0.34218750000000386,-0.00014801214274484664,0.004528693854808807,0.0006539206951856613,-0.0014898569788783789,4.334424
0.3427083333333372,-0.0001481273357057944,0.004532017279416323,0.0006545504438690841,-0.0014899284578859806,4.334424
0.3432291666666706,-0.00014852927415631711,0.004530429840087891,0.0006546356598846614,-0.0014902597758919,4.334424
0.34375000000000394,-0.0001486262772232294,0.004533633589744568,0.0006555888685397804,-0.0014903964474797249,4.334424
0.3442708333333373,-0.0003758565871976316,0.0036322788801044226,0.0005546924076043069,-0.0008790661813691258,4.334424
0.34479166666667066,-0.00195697951130569,0.0024976597633212805,-8.149141649482772e-05,-0.00013466957898344845,4.334424
0.345312500000004,-0.0033740669023245573,0.0027180127799510956,-0.0006901808083057404,-2.993085035996046e-05,4.334424
0.3458333333333374,-0.004639738705009222,0.003312417771667242,-0.0012320491950958967,6.739616219419986e-05,4.334424
0.34635416666667074,-0.005834668874740601,0.004680532030761242,-0.0019918750040233135,0.00022868896485306323,4.334424
0.3468750000000041,-0.006906121037900448,0.006095326039940119,-0.002557008061558008,0.00028089963598176837,4.334424
0.34739583333333746,-0.007846728898584843,0.007383478339761496,-0.0031282939016819,0.0003113839775323868,4.334424
0.3479166666666708,-0.008674947544932365,0.008581939153373241,-0.0036695078015327454,0.00032864356762729585,4.334424
0.3484375000000042,-0.009395419619977474,0.009683715179562569,-0.004193144850432873,0.00033203422208316624,4.334424
0.34895833333333753,-0.010020047426223755,0.010696878656744957,-0.004685833118855953,0.00032390584237873554,4.334424
0.3494791666666709,-0.010555210523307323,0.011622180230915546,-0.005147756077349186,0.0003053401887882501,4.334424
0.35000000000000425,-0.011009149253368378,0.012464945204555988,-0.005575211718678474,0.0002759409253485501,4.334424
0.3505208333333376,-0.011388740502297878,0.013227535411715508,-0.0059666708111763,0.00023806099488865584,4.334424
0.35104166666667097,-0.011700557544827461,0.01391517836600542,-0.006320411339402199,0.00019264993898104876,4.334424
0.35156250000000433,-0.011950893327593803,0.01453081052750349,-0.006635631900280714,0.0001404531067237258,4.334424
0.3520833333333377,-0.0121446643024683,0.015076595358550549,-0.006912001874297857,8.238138252636418e-05,4.334424
0.35260416666667105,-0.012287862598896027,0.015559209510684013,-0.0071500325575470924,2.0567829778883606e-05,4.334424
0.3531250000000044,-0.012385405600070953,0.015980280935764313,-0.00733728613704443,-4.5786655391566455e-05,4.334424
0.35364583333333777,-0.012441480532288551,0.016337689012289047,-0.007476183585822582,-0.00011699686001520604,4.334424
0.3541666666666711,-0.012461603619158268,0.01662546768784523,-0.007546164095401764,-0.00019173351756762713,4.334424
0.3546875000000045,-0.01246192678809166,0.016781838610768318,-0.0075665488839149475,-0.00027857310487888753,4.334424
0.35520833333333784,-0.012453671544790268,0.016940895467996597,-0.007562614977359772,-0.00039699857006780803,4.334424
0.3557291666666712,-0.012440692633390427,0.01710861176252365,-0.007562079932540655,-0.0005176595295779407,4.334424
0.35625000000000456,-0.01242432463914156,0.017270764335989952,-0.00756246829405427,-0.0006389521295204759,4.334424
0.3567708333333379,-0.0124045480042696,0.017428891733288765,-0.007571780122816563,-0.0007584120612591505,4.334424
0.3572916666666713,-0.01238320767879486,0.01758718118071556,-0.007583890110254288,-0.0008884012349881232,4.334424
0.35781250000000464,-0.012425759807229042,0.01789851300418377,-0.007596002891659737,-0.0010974911274388433,4.334424
0.358333333333338,-0.012437312863767147,0.01810523122549057,-0.007610619068145752,-0.001259555690921843,4.334424
0.35885416666667136,-0.012434856966137886,0.018222512677311897,-0.007615724578499794,-0.0013766203774139285,4.334424
0.3593750000000047,-0.012426046654582024,0.01835005171597004,-0.007620267570018768,-0.001491833245381713,4.334424
0.3598958333333381,-0.012413980439305305,0.018476244062185287,-0.0076226163655519485,-0.0016076054889708757,4.334424
0.36041666666667144,-0.012398762628436089,0.01859748177230358,-0.007628139574080706,-0.0017205107724294066,4.334424
0.3609375000000048,-0.01238141767680645,0.018718095496296883,-0.007636680733412504,-0.0018294515321031213,4.334424
0.36145833333333816,-0.012361735105514526,0.018833870068192482,-0.007649881299585104,-0.0019353224197402596,4.334424
0.3619791666666715,-0.01233999989926815,0.018945157527923584,-0.007665636949241161,-0.002038294216617942,4.334424
0.3625000000000049,-0.012316294014453888,0.019051965326070786,-0.007682458963245153,-0.002137364586815238,4.334424
0.36302083333333823,-0.01229092851281166,0.019154001027345657,-0.007701479829847813,-0.002235103165730834,4.334424
0.3635416666666716,-0.012264042161405087,0.01925145462155342,-0.007721338886767626,-0.0023273411206901073,4.334424
0.36406250000000495,-0.01223595067858696,0.019344154745340347,-0.007742001209408045,-0.002418715041130781,4.334424
0.3645833333333383,-0.012205899693071842,0.019431032240390778,-0.007761299144476652,-0.002506268210709095,4.334424
0.36510416666667167,-0.012187340296804905,0.019483299925923347,-0.007778550498187542,-0.0026029290165752172,4.334424
0.36562500000000503,-0.012177553027868271,0.019524790346622467,-0.00776444748044014,-0.002695628209039569,4.334424
0.3661458333333384,-0.012165154330432415,0.01956544630229473,-0.007750723510980606,-0.0027824724093079567,4.334424
0.36666666666667175,-0.012149057351052761,0.019609475508332253,-0.007742632646113634,-0.0028654751367866993,4.334424
0.3671875000000051,-0.012129945680499077,0.01965378411114216,-0.007741918787360191,-0.002945160958915949,4.334424
0.36770833333333847,-0.012107484973967075,0.019697703421115875,-0.007748296484351158,-0.00302185770124197,4.334424
0.3682291666666718,-0.012081727385520935,0.019739264622330666,-0.007759894244372845,-0.0030953329987823963,4.334424
0.3687500000000052,-0.012052623555064201,0.019777758046984673,-0.0077751935459673405,-0.0031659880187362432,4.334424
0.36927083333333854,-0.0120203522965312,0.01981186307966709,-0.007792282849550247,-0.0032331424299627542,4.334424
0.3697916666666719,-0.011985345743596554,0.019841866567730904,-0.007810305804014206,-0.0032978481613099575,4.334424
0.37031250000000526,-0.01194748841226101,0.01986810378730297,-0.007829173468053341,-0.0033600202295929193,4.334424
0.3708333333333386,-0.011907259002327919,0.019889656454324722,-0.007847080938518047,-0.003419429063796997,4.334424
0.371354166666672,-0.011864635162055492,0.019908087328076363,-0.00786522775888443,-0.003476787358522415,4.334424
0.37187500000000534,-0.011819934472441673,0.019922159612178802,-0.00788212288171053,-0.0035314017441123724,4.334424
0.3723958333333387,-0.011773227714002132,0.019932812079787254,-0.007898584008216858,-0.003583363490179181,4.334424
0.37291666666667206,-0.011724784038960934,0.019939793273806572,-0.007913950830698013,-0.0036330746952444315,4.334424
0.3734375000000054,-0.011674833483994007,0.019943276420235634,-0.007928556762635708,-0.003680711379274726,4.334424
0.3739583333333388,-0.011623261496424675,0.019943702965974808,-0.007942554540932178,-0.003725392045453191,4.334424
0.37447916666667214,-0.011570358648896217,0.019940456375479698,-0.00795510783791542,-0.0037685842253267765,4.334424
0.3750000000000055,-0.011516437865793705,0.019933510571718216,-0.007967103272676468,-0.0038094259798526764,4.334424
0.37552083333333885,-0.01146809570491314,0.01992381364107132,-0.007971612736582756,-0.003845548490062356,4.334424
0.3760416666666722,-0.011424210853874683,0.019923821091651917,-0.007978917099535465,-0.0038799878675490618,4.334424
0.3765625000000056,-0.011381948366761208,0.019935104995965958,-0.007996447384357452,-0.003909049555659294,4.334424
0.37708333333333893,-0.011343805119395256,0.019956126809120178,-0.008064805530011654,-0.003932836931198835,4.334424
0.3776041666666723,-0.011305814608931541,0.019968589767813683,-0.00812816433608532,-0.0039558266289532185,4.334424
0.37812500000000565,-0.011268415488302708,0.019968489184975624,-0.00816443469375372,-0.0039885141886770725,4.334424
0.378645833333339,-0.011230222880840302,0.019968491047620773,-0.008191612549126148,-0.004014042671769857,4.334424
0.37916666666667237,-0.011192546226084232,0.019966570660471916,-0.008207795210182667,-0.004041966516524553,4.334424
0.37968750000000573,-0.01115481834858656,0.019959593191742897,-0.008217252790927887,-0.00406807754188776,4.334424
0.3802083333333391,-0.011117098852992058,0.019950753077864647,-0.008224568329751492,-0.004093488212674856,4.334424
0.38072916666667245,-0.011079514399170876,0.019942011684179306,-0.008230968378484249,-0.004118265118449926,4.334424
0.3812500000000058,-0.011042064055800438,0.01993231289088726,-0.008236769586801529,-0.004141409415751696,4.334424
0.38177083333333917,-0.011004714295268059,0.019921783357858658,-0.008241742849349976,-0.004163429606705904,4.334424
0.3822916666666725,-0.010967534966766834,0.01990855485200882,-0.008244877681136131,-0.004185036290436983,4.334424
0.3828125000000059,-0.010930574499070644,0.01989622414112091,-0.00824875570833683,-0.004205105826258659,4.334424
0.38333333333333924,-0.010893870145082474,0.019881749525666237,-0.008252397179603577,-0.0042242552153766155,4.334424
0.3838541666666726,-0.010857346467673779,0.019867153838276863,-0.008256381377577782,-0.004241988528519869,4.334424
0.38437500000000596,-0.01082123164087534,0.019851073622703552,-0.008259973488748074,-0.004258236847817898,4.334424
0.3848958333333393,-0.0107853589579463,0.019834622740745544,-0.008263491094112396,-0.004273776430636644,4.334424
0.3854166666666727,-0.010749704204499722,0.019815955311059952,-0.008265855722129345,-0.0042890263721346855,4.334424
0.38593750000000604,-0.01071436982601881,0.019796133041381836,-0.008268683217465878,-0.0043030050583183765,4.334424
0.3864583333333394,-0.010679464787244797,0.01977630890905857,-0.0082713533192873,-0.0043161772191524506,4.334424
0.38697916666667276,-0.01064478699117899,0.01975543051958084,-0.008273495361208916,-0.004329183604568243,4.334424
0.3875000000000061,-0.010610474273562431,0.019734997302293777,-0.008275488391518593,-0.004341145511716604,4.334424
0.3880208333333395,-0.010576675646007061,0.01971297152340412,-0.008277466520667076,-0.004351626615971327,4.334424
0.38854166666667284,-0.010543003678321838,0.01969166472554207,-0.0082784378901124,-0.004361951723694801,4.334424
0.3890625000000062,-0.010509820654988289,0.01966840773820877,-0.008279180154204369,-0.004371500574052334,4.334424
0.38958333333333955,-0.010477039031684399,0.019646041095256805,-0.008281024172902107,-0.004380638245493174,4.334424
0.3901041666666729,-0.010444743558764458,0.01962178759276867,-0.008282258175313473,-0.004388716537505388,4.334424
0.3906250000000063,-0.010412761010229588,0.01959850639104843,-0.008282415568828583,-0.004397046752274036,4.334424
0.39114583333333963,-0.010381135158240795,0.01956358179450035,-0.008285924792289734,-0.004404863808304071,4.334424
0.391666666666673,-0.010349933989346027,0.019529683515429497,-0.00829140655696392,-0.004412809386849403,4.334424
0.39218750000000635,-0.010319365188479424,0.019494585692882538,-0.008297734893858433,-0.004419818054884672,4.334424
0.3927083333333397,-0.010289359837770462,0.019460199400782585,-0.008304024115204811,-0.0044261920265853405,4.334424
0.39322916666667307,-0.010259916074573994,0.019423002377152443,-0.008310770615935326,-0.004431822802871466,4.334424
0.39375000000000643,-0.010230920277535915,0.01938658393919468,-0.008316725492477417,-0.004437396768480539,4.334424
0.3942708333333398,-0.010202301666140556,0.019349386915564537,-0.008322292007505894,-0.0044425358064472675,4.334424
0.39479166666667315,-0.010174248367547989,0.01931212842464447,-0.008326824754476547,-0.0044473763555288315,4.334424
0.3953125000000065,-0.010146727785468102,0.01927567459642887,-0.008331311866641045,-0.004451943561434746,4.334424
0.39583333333333987,-0.010119758546352386,0.01923932321369648,-0.008334964513778687,-0.004456609021872282,4.334424
0.3963541666666732,-0.010093220509588718,0.01920389011502266,-0.00833733007311821,-0.004460890777409077,4.334424
0.3968750000000066,-0.010067211464047432,0.019167914986610413,-0.008338813669979572,-0.004464812111109495,4.334424
0.39739583333333994,-0.010041598230600357,0.019131315872073174,-0.008340212516486645,-0.004468075465410948,4.334424
0.3979166666666733,-0.01001647301018238,0.01909499429166317,-0.008340896107256413,-0.004471451509743929,4.334424
0.39843750000000666,-0.009992001578211784,0.019059590995311737,-0.008342714048922062,-0.004474652465432882,4.334424
0.39895833333334,-0.009967898949980736,0.019024169072508812,-0.008343521505594254,-0.004477575421333313,4.334424
0.3994791666666734,-0.009944562800228596,0.01898992992937565,-0.008343891240656376,-0.004480889067053795,4.334424
0.40000000000000674,-0.009921501390635967,0.01895480789244175,-0.008342764340341091,-0.004483055789023638,4.334424
0.4005208333333401,-0.009899052791297436,0.01891990751028061,-0.008340773172676563,-0.004486029967665672,4.334424
0.40104166666667346,-0.009877144359052181,0.018885230645537376,-0.00833872426301241,-0.004488878883421421,4.334424
0.4015625000000068,-0.009855670854449272,0.018849896267056465,-0.008334949612617493,-0.004491850268095732,4.334424
0.4020833333333402,-0.009834718890488148,0.01881619170308113,-0.008331162855029106,-0.004494975786656141,4.334424
0.40260416666667354,-0.009814308024942875,0.018782204017043114,-0.008328521624207497,-0.00449695298448205,4.334424
0.4031250000000069,-0.009794396348297596,0.018748456612229347,-0.00832361914217472,-0.0045004952698946,4.334424
0.40364583333334025,-0.009774906560778618,0.018714124336838722,-0.008315954357385635,-0.0045038796961307526,4.334424
0.4041666666666736,-0.0097559355199337,0.018680471926927567,-0.00830830167979002,-0.00450681010261178,4.334424
0.40468750000000697,-0.009737450629472733,0.01864556036889553,-0.008298829197883606,-0.004510178696364164,4.334424
0.40520833333334033,-0.00971949938684702,0.018611904233694077,-0.00828734040260315,-0.0045142872259020805,4.334424
0.4057291666666737,-0.009702046401798725,0.018577609211206436,-0.00827408954501152,-0.004518653266131878,4.334424
0.40625000000000705,-0.009685093536973,0.018543800339102745,-0.008259707130491734,-0.004523799754679203,4.334424
0.4067708333333404,-0.009668687358498573,0.018509456887841225,-0.008244519121944904,-0.004528726451098919,4.334424
0.40729166666667377,-0.009652768261730671,0.018475830554962158,-0.008228075690567493,-0.004534086212515831,4.334424
0.4078125000000071,-0.009637233801186085,0.018441472202539444,-0.00821003783494234,-0.004539862275123596,4.334424
0.4083333333333405,-0.00962217990309,0.018409475684165955,-0.008194176480174065,-0.004544740077108145,4.334424
0.40885416666667385,-0.009607739746570587,0.018375854939222336,-0.008176906034350395,-0.004550413694232702,4.334424
0.4093750000000072,-0.009593651629984379,0.018343497067689896,-0.008158278651535511,-0.004556485917419195,4.334424
0.40989583333334056,-0.009580085054039955,0.018311386927962303,-0.008139343932271004,-0.004562864545732737,4.334424
0.4104166666666739,-0.009566863998770714,0.018278615549206734,-0.008119190111756325,-0.004569245036691427,4.334424
0.4109375000000073,-0.009554143063724041,0.018247613683342934,-0.008101187646389008,-0.004575745668262243,4.334424
0.41145833333334064,-0.009542019106447697,0.018227960914373398,-0.008079921826720238,-0.004581431858241558,4.334424
0.411979166666674,-0.009530173614621162,0.01821155846118927,-0.008057481609284878,-0.004587691277265549,4.334424
0.41250000000000736,-0.00951856654137373,0.018199317157268524,-0.008035601116716862,-0.004593980964273214,4.334424
0.4130208333333407,-0.009507370181381702,0.01817769557237625,-0.008016987703740597,-0.0046015288680791855,4.334424
0.4135416666666741,-0.009496795944869518,0.018162693828344345,-0.007995320484042168,-0.0046085696667432785,4.334424
0.41406250000000744,-0.009486310184001923,0.018141791224479675,-0.007981142960488796,-0.004614591598510742,4.334424
0.4145833333333408,-0.00947633758187294,0.0181282889097929,-0.007962609641253948,-0.004621394909918308,4.334424
0.41510416666667416,-0.009466580115258694,0.018109561875462532,-0.007950824685394764,-0.00462758494541049,4.334424
0.4156250000000075,-0.009457395412027836,0.01809784024953842,-0.007934564724564552,-0.004634219221770763,4.334424
0.4161458333333409,-0.009448381140828133,0.01808108016848564,-0.007925550453364849,-0.004639653023332357,4.334424
0.41666666666667423,-0.009439738467335701,0.01807153783738613,-0.007911959663033485,-0.0046454863622784615,4.334424
0.4171875000000076,-0.009431346319615841,0.018055183812975883,-0.00790556613355875,-0.004650840535759926,4.334424
0.41770833333334095,-0.00942344218492508,0.018047243356704712,-0.007894844748079777,-0.004656442441046238,4.334424
0.4182291666666743,-0.009415553882718086,0.018034273758530617,-0.007891672663390636,-0.004660934675484896,4.334424
0.41875000000000767,-0.009408372454345226,0.01802806556224823,-0.007882839068770409,-0.004666345659643412,4.334424
0.41927083333334103,-0.009401059709489346,0.01801530085504055,-0.007881062105298042,-0.00467084813863039,4.334424
0.4197916666666744,-0.009394247084856033,0.018001001328229904,-0.007877834141254425,-0.004676728509366512,4.334424
0.42031250000000775,-0.009387636557221413,0.017986981198191643,-0.00787690095603466,-0.004681339021772146,4.334424
0.4208333333333411,-0.009381325915455818,0.01798301376402378,-0.007873555645346642,-0.004685845226049423,4.334424
0.42135416666667447,-0.009375249966979027,0.01797209307551384,-0.007874581031501293,-0.0046903095208108425,4.334424
0.4218750000000078,-0.009369508363306522,0.01796921342611313,-0.007871223613619804,-0.004694775212556124,4.334424
0.4223958333333412,-0.009363824501633644,0.01796109415590763,-0.0078719612210989,-0.004698841366916895,4.334424
0.42291666666667455,-0.009358326904475689,0.017951220273971558,-0.007872318848967552,-0.004704234655946493,4.334424
0.4234375000000079,-0.009352982975542545,0.017940156161785126,-0.00787366647273302,-0.004708220716565847,4.334424
0.42395833333334126,-0.009348027408123016,0.017930109053850174,-0.007875180803239346,-0.004712243098765612,4.334424
0.4244791666666746,-0.009343018755316734,0.017918899655342102,-0.007877470925450325,-0.004715532995760441,4.334424
0.425000000000008,-0.009338525123894215,0.017910275608301163,-0.007879295386373997,-0.004719089716672897,4.334424
0.42552083333334134,-0.009334192611277103,0.01790757291018963,-0.007877655327320099,-0.0047212028875947,4.334424
0.4260416666666747,-0.009329888969659805,0.01789778098464012,-0.007879667915403843,-0.0047243437729775906,4.334424
0.42656250000000806,-0.009325951337814331,0.01789809763431549,-0.007877109572291374,-0.004727683030068874,4.334424
0.4270833333333414,-0.00932204071432352,0.017892204225063324,-0.007878129370510578,-0.00473176222294569,4.334424
0.4276041666666748,-0.009318522177636623,0.017894404008984566,-0.007874734699726105,-0.004735353868454695,4.334424
0.42812500000000814,-0.00931496825069189,0.01788967475295067,-0.007875530049204826,-0.004738915711641312,4.334424
0.4286458333333415,-0.009311622940003872,0.01788487285375595,-0.00787622481584549,-0.004743291065096855,4.334424
0.42916666666667486,-0.009308429434895515,0.01787993684411049,-0.007877016440033913,-0.004746804945170879,4.334424
0.4296875000000082,-0.009305384010076523,0.01787366159260273,-0.007877918891608715,-0.004749943036586046,4.334424
0.4302083333333416,-0.009302403777837753,0.017867321148514748,-0.007879035547375679,-0.0047521814703941345,4.334424
0.43072916666667493,-0.009299833327531815,0.017863240092992783,-0.007879738695919514,-0.00475397240370512,4.334424
0.4312500000000083,-0.009297044947743416,0.017855746671557426,-0.007880760356783867,-0.004756069742143154,4.334424
0.43177083333334165,-0.009294415824115276,0.017850132659077644,-0.007881257683038712,-0.004757820162922144,4.334424
0.432291666666675,-0.009291840717196465,0.017844974994659424,-0.00788166094571352,-0.004759648814797401,4.334424
0.43281250000000837,-0.009289590641856194,0.017841918393969536,-0.007881601341068745,-0.004761166870594025,4.334424
0.43333333333334173,-0.009287313558161259,0.017838001251220703,-0.00788193754851818,-0.0047630732879042625,4.334424
0.4338541666666751,-0.009285607375204563,0.01784243807196617,-0.007878603413701057,-0.0047648148611187935,4.334424
0.43437500000000845,-0.00928437802940607,0.017850058153271675,-0.007875008508563042,-0.004767496604472399,4.334424
0.4348958333333418,-0.009283238090574741,0.01785808801651001,-0.007871863432228565,-0.004770089406520128,4.334424
0.43541666666667517,-0.009282197803258896,0.017862455919384956,-0.007871085777878761,-0.004773629829287529,4.334424
0.4359375000000085,-0.009281068108975887,0.01786615327000618,-0.00787001196295023,-0.0047773560509085655,4.334424
0.4364583333333419,-0.009279917925596237,0.017869262024760246,-0.007869129069149494,-0.004781118128448725,4.334424
0.43697916666667524,-0.009278756566345692,0.017871851101517677,-0.007868491113185883,-0.00478398147970438,4.334424
0.4375000000000086,-0.00927755981683731,0.017875174060463905,-0.007868167012929916,-0.004787358455359936,4.334424
0.43802083333334196,-0.009276226162910461,0.01787683181464672,-0.00786760076880455,-0.004789780825376511,4.334424
0.4385416666666753,-0.009274991229176521,0.01787879876792431,-0.007866867817938328,-0.004792232997715473,4.334424
0.4390625000000087,-0.009273722767829895,0.01788017898797989,-0.00786642637103796,-0.004794330336153507,4.334424
0.43958333333334204,-0.009272417053580284,0.017881397157907486,-0.007865670137107372,-0.0047961752861738205,4.334424
0.4401041666666754,-0.009271028451621532,0.0178819727152586,-0.007865347899496555,-0.0047968472354114056,4.334424
0.44062500000000876,-0.009269677102565765,0.017882181331515312,-0.007865103892982006,-0.0047983815893530846,4.334424
0.4411458333333421,-0.00926824752241373,0.01788189448416233,-0.00786491297185421,-0.0047989413142204285,4.334424
0.4416666666666755,-0.009267029352486134,0.017883460968732834,-0.007864134386181831,-0.004799984861165285,4.334424
0.44218750000000884,-0.009265593253076077,0.0178822074085474,-0.007864120416343212,-0.004800221882760525,4.334424
0.4427083333333422,-0.00926436297595501,0.017883388325572014,-0.007862892933189869,-0.0048003848642110825,4.334424
0.44322916666667556,-0.009262928739190102,0.01788255386054516,-0.007862885482609272,-0.004800446331501007,4.334424
0.4437500000000089,-0.009261575527489185,0.017882291227579117,-0.007862280122935772,-0.004800581373274326,4.334424
0.4442708333333423,-0.009260381571948528,0.0178843941539526,-0.007861587218940258,-0.0048020100221037865,4.334424
0.44479166666667563,-0.009259022772312164,0.0178835466504097,-0.007861291989684105,-0.004802392795681953,4.334424
0.445312500000009,-0.00925772450864315,0.0178840234875679,-0.007860764861106873,-0.004802863113582134,4.334424
0.44583333333334235,-0.009256341494619846,0.01788351498544216,-0.007860002107918262,-0.004803346004337072,4.334424
0.4463541666666757,-0.00925496593117714,0.01788356713950634,-0.007859678938984871,-0.004803845658898354,4.334424
0.44687500000000907,-0.00925371702760458,0.017884276807308197,-0.007858876138925552,-0.004803868941962719,4.334424
0.44739583333334243,-0.00925239734351635,0.01788450963795185,-0.007858863100409508,-0.004804274067282677,4.334424
0.4479166666666758,-0.00925090629607439,0.017882777377963066,-0.007858702912926674,-0.004804330412298441,4.334424
0.44843750000000915,-0.009249492548406124,0.01788242906332016,-0.007858259603381157,-0.004804472904652357,4.334424
0.4489583333333425,-0.00924813374876976,0.01788218878209591,-0.007857759483158588,-0.004805122036486864,4.334424
0.44947916666667587,-0.009246734902262688,0.017881961539387703,-0.007857331074774265,-0.004805496893823147,4.334424
0.4500000000000092,-0.009245322085916996,0.017881212756037712,-0.007857147604227066,-0.004805813077837229,4.334424
0.4505208333333426,-0.009243977256119251,0.017881540581583977,-0.007856732234358788,-0.0048061697743833065,4.334424
0.45104166666667594,-0.00924262497574091,0.017881300300359726,-0.007856082171201706,-0.0048068524338305,4.334424
0.4515625000000093,-0.009241200983524323,0.01788005605340004,-0.007856149226427078,-0.004806886427104473,4.334424
0.45208333333334266,-0.009239958599209785,0.017881466075778008,-0.007854974828660488,-0.004807085730135441,4.334424
0.452604166666676,-0.009238570928573608,0.017880449071526527,-0.007854926399886608,-0.00480788666754961,4.334424
0.4531250000000094,-0.00923714879900217,0.01787949725985527,-0.007854286581277847,-0.004808158613741398,4.334424
0.45364583333334274,-0.009235821664333344,0.017879681661725044,-0.007853660732507706,-0.004809313919395208,4.334424
0.4541666666666761,-0.009234454482793808,0.017879175022244453,-0.007853317074477673,-0.004809507168829441,4.334424
0.45468750000000946,-0.009232975542545319,0.017877688631415367,-0.007852979004383087,-0.004809739533811808,4.334424
0.4552083333333428,-0.009231613017618656,0.017877839505672455,-0.007852481678128242,-0.0048099118284881115,4.334424
0.4557291666666762,-0.009230125695466995,0.017876027151942253,-0.0078523438423872,-0.004809913691133261,4.334424
0.45625000000000954,-0.009228840470314026,0.017876651138067245,-0.007851485162973404,-0.004810214973986149,4.334424
0.4567708333333429,-0.009227453731000423,0.017875684425234795,-0.007851188071072102,-0.004810789600014687,4.334424
0.45729166666667626,-0.009226031601428986,0.017874659970402718,-0.007850614376366138,-0.004810017067939043,4.334424
0.4578125000000096,-0.009224665351212025,0.01787465810775757,-0.00785041879862547,-0.0048102764412760735,4.334424
0.458333333333343,-0.009223191998898983,0.017873037606477737,-0.007850230671465397,-0.004810056649148464,4.334424
0.45885416666667633,-0.009221840649843216,0.017873317003250122,-0.007849469780921936,-0.004810145124793053,4.334424
0.4593750000000097,-0.009220431558787823,0.017872167751193047,-0.007849276065826416,-0.0048096273094415665,4.334424
0.45989583333334305,-0.009218931198120117,0.017870070412755013,-0.007848726585507393,-0.0048094261437654495,4.334424
0.4604166666666764,-0.009217626415193081,0.017870888113975525,-0.00784857477992773,-0.004809610079973936,4.334424
0.46093750000000977,-0.009216295555233955,0.017870260402560234,-0.007847627624869347,-0.004809677600860596,4.334424
0.46145833333334313,-0.009214808233082294,0.017868658527731895,-0.007847445085644722,-0.004809836857020855,4.334424
0.4619791666666765,-0.009213426150381565,0.017868367955088615,-0.007846861146390438,-0.004809953272342682,4.334424
0.46250000000000985,-0.009212013334035873,0.017867885529994965,-0.007846411317586899,-0.0048100329004228115,4.334424
0.4630208333333432,-0.009210594929754734,0.017867038026452065,-0.007846254855394363,-0.00481017678976059,4.334424
0.46354166666667657,-0.009209195151925087,0.017866039648652077,-0.007845659740269184,-0.004810099955648184,4.334424
0.4640625000000099,-0.009207714349031448,0.017864685505628586,-0.007845418527722359,-0.004809445235878229,4.334424
0.4645833333333433,-0.009206341579556465,0.017864782363176346,-0.007844669744372368,-0.004809563513845205,4.334424
0.46510416666667664,-0.009205005131661892,0.017864171415567398,-0.007844097912311554,-0.004809197969734669,4.334424
0.46562500000001,-0.00920359417796135,0.017863458022475243,-0.007844011299312115,-0.00480900751426816,4.334424
0.46614583333334336,-0.009202120825648308,0.017861811444163322,-0.007843725383281708,-0.004809371195733547,4.334424
0.4666666666666767,-0.00920066423714161,0.017860952764749527,-0.007843326777219772,-0.004809041973203421,4.334424
0.4671875000000101,-0.009199302643537521,0.017860455438494682,-0.00784282200038433,-0.004809715319424868,4.334424
0.46770833333334344,-0.009197846986353397,0.017858732491731644,-0.007842591032385826,-0.004809438716620207,4.334424
0.4682291666666768,-0.009196563623845577,0.017859285697340965,-0.007841844111680984,-0.00481046037748456,4.334424
0.46875000000001016,-0.009195130318403244,0.017857780680060387,-0.007841675542294979,-0.004810149781405926,4.334424
0.4692708333333435,-0.00919365230947733,0.017856352031230927,-0.007841035723686218,-0.004809922073036432,4.334424
0.4697916666666769,-0.009192230179905891,0.017855418846011162,-0.00784100592136383,-0.004810631740838289,4.334424
0.47031250000001024,-0.009190958924591541,0.017856119200587273,-0.007840337231755257,-0.004811642691493034,4.334424
0.4708333333333436,-0.009189589880406857,0.01785513386130333,-0.007840171456336975,-0.0048123737797141075,4.334424
0.47135416666667695,-0.009188232943415642,0.017855161800980568,-0.00783984363079071,-0.004813478793948889,4.334424
0.4718750000000103,-0.009186828508973122,0.017854854464530945,-0.007839753292500973,-0.004814135376363993,4.334424
0.4723958333333437,-0.009185503236949444,0.01785469427704811,-0.007839124649763107,-0.004815467167645693,4.334424
0.47291666666667703,-0.009184170514345169,0.017854517325758934,-0.007838509976863861,-0.004816745407879353,4.334424
0.4734375000000104,-0.009182826615869999,0.01785445772111416,-0.007837863638997078,-0.0048169298097491264,4.334424
0.47395833333334375,-0.009181437082588673,0.017854325473308563,-0.007837614044547081,-0.0048179966397583485,4.334424
0.4744791666666771,-0.009180125780403614,0.01785416528582573,-0.007836912758648396,-0.004819391295313835,4.334424
0.47500000000001047,-0.0091788861900568,0.017855290323495865,-0.007836217992007732,-0.0048207552172243595,4.334424
0.47552083333334383,-0.009177531115710735,0.017854731529951096,-0.007835890166461468,-0.004822851158678532,4.334424
0.4760416666666772,-0.009176195599138737,0.01785503327846527,-0.007835598662495613,-0.004823899827897549,4.334424
0.47656250000001055,-0.009174857288599014,0.0178554505109787,-0.007835282012820244,-0.004825131967663765,4.334424
0.4770833333333439,-0.00917358510196209,0.017855891957879066,-0.007834985852241516,-0.004826294258236885,4.334424
0.47760416666667727,-0.009172379970550537,0.017857423052191734,-0.007834164425730705,-0.004828235134482384,4.334424
0.4781250000000106,-0.009171070531010628,0.017857855185866356,-0.007833573967218399,-0.004829668905586004,4.334424
0.478645833333344,-0.00916967447847128,0.017857832834124565,-0.007832991890609264,-0.004830974619835615,4.334424
0.47916666666667734,-0.009168512187898159,0.01785898767411709,-0.00783283170312643,-0.004832373466342688,4.334424
0.4796875000000107,-0.009167175740003586,0.017858799546957016,-0.007832691073417664,-0.004833119921386242,4.334424
0.48020833333334406,-0.009165890514850616,0.01785963959991932,-0.007832375355064869,-0.004834591876715422,4.334424
0.4807291666666774,-0.009164625778794289,0.017860181629657745,-0.007831861265003681,-0.004835168365389109,4.334424
0.4812500000000108,-0.009163432754576206,0.017861977219581604,-0.0078315744176507,-0.004836716689169407,4.334424
0.48177083333334414,-0.009162131696939468,0.01786186546087265,-0.007831396535038948,-0.004837473388761282,4.334424
0.4822916666666775,-0.009160825051367283,0.017862435430288315,-0.007831115275621414,-0.004838752560317516,4.334424
0.48281250000001086,-0.00915964413434267,0.017863865941762924,-0.007830915972590446,-0.0048399739898741245,4.334424
0.4833333333333442,-0.009158317930996418,0.01786365732550621,-0.007830769754946232,-0.0048404354602098465,4.334424
0.4838541666666776,-0.009157093241810799,0.017865225672721863,-0.007830316200852394,-0.004841868299990892,4.334424
0.48437500000001094,-0.00915573351085186,0.01786433532834053,-0.007830040529370308,-0.004842707421630621,4.334424
0.4848958333333443,-0.009154596365988255,0.01786658726632595,-0.007829679176211357,-0.004844292066991329,4.334424
0.48541666666667765,-0.009153300896286964,0.017866438254714012,-0.007829559966921806,-0.004845022689551115,4.334424
0.485937500000011,-0.009151929058134556,0.017866598442196846,-0.007829319685697556,-0.004845415707677603,4.334424
0.4864583333333444,-0.00915070716291666,0.01786714233458042,-0.007829010486602783,-0.004846057388931513,4.334424
0.48697916666667773,-0.009149334393441677,0.017866631969809532,-0.007829252630472183,-0.004846330266445875,4.334424
0.4875000000000111,-0.00914804358035326,0.01786714978516102,-0.007829216308891773,-0.004846777301281691,4.334424
0.48802083333334445,-0.00914676208049059,0.017867179587483406,-0.007828828878700733,-0.0048467619344592094,4.334424
0.4885416666666778,-0.009145509451627731,0.01786806620657444,-0.007828233763575554,-0.0048475610092282295,4.334424
0.48906250000001117,-0.009144271723926067,0.01786859519779682,-0.00782780535519123,-0.0048482646234333515,4.334424
0.48958333333334453,-0.00914284959435463,0.017867356538772583,-0.007827498950064182,-0.004848858807235956,4.334424
0.4901041666666779,-0.009141488000750542,0.01786729507148266,-0.00782730896025896,-0.004849582444876432,4.334424
0.49062500000001125,-0.00914022047072649,0.017867477610707283,-0.007827348075807095,-0.004849990364164114,4.334424
0.4911458333333446,-0.00913938693702221,0.017866672948002815,-0.007829942740499973,-0.004856880288571119,4.334424
0.49166666666667797,-0.009138261899352074,0.01785779371857643,-0.007834352552890778,-0.004858923144638538,4.334424
0.4921875000000113,-0.009137054905295372,0.0178530253469944,-0.007838024757802486,-0.004859183449298143,4.334424
0.4927083333333447,-0.009135800413787365,0.01784631796181202,-0.007841937243938446,-0.004859829321503639,4.334424
0.49322916666667804,-0.009134429506957531,0.017839333042502403,-0.007843910716474056,-0.004858922678977251,4.334424
0.4937500000000114,-0.009133011102676392,0.017833378165960312,-0.007841859012842178,-0.004858102183789015,4.334424
0.49427083333334476,-0.009131327271461487,0.017825396731495857,-0.007841864600777626,-0.004856482148170471,4.334424
0.4947916666666781,-0.009129620157182217,0.017817310988903046,-0.00784161314368248,-0.00485443789511919,4.334424
0.4953125000000115,-0.009127926081418991,0.017808925360441208,-0.007841031067073345,-0.00485271168872714,4.334424
0.49583333333334484,-0.009126286953687668,0.01780129410326481,-0.007840863429009914,-0.004851428791880608,4.334424
0.4963541666666782,-0.009124641306698322,0.017793357372283936,-0.007840503007173538,-0.004850296303629875,4.334424
0.49687500000001156,-0.00912331510335207,0.017788153141736984,-0.007839797995984554,-0.00484963646158576,4.334424
0.4973958333333449,-0.009122500196099281,0.017795322462916374,-0.007838443852961063,-0.004849540535360575,4.334424
0.4979166666666783,-0.00912186037749052,0.017805326730012894,-0.007837265729904175,-0.004849130753427744,4.334424
0.49843750000001164,-0.009120873175561428,0.017810439690947533,-0.007834454998373985,-0.004848988261073828,4.334424
0.498958333333345,-0.009119904600083828,0.017816640436649323,-0.007832820527255535,-0.004848245996981859,4.334424
0.49947916666667835,-0.009118888527154922,0.017819320783019066,-0.007832188159227371,-0.004847686737775803,4.334424
0.5000000000000117,-0.00911787524819374,0.017819786444306374,-0.007830505259335041,-0.004847696516662836,4.334424
0.500520833333345,-0.00911661796271801,0.01781539060175419,-0.00782941933721304,-0.004847863223403692,4.334424
0.5010416666666783,-0.009115130640566349,0.017809653654694557,-0.007829131558537483,-0.004847450647503138,4.334424
0.5015625000000116,-0.009113796055316925,0.017806829884648323,-0.00782783143222332,-0.004847116768360138,4.334424
0.5020833333333449,-0.009112406522035599,0.01780552789568901,-0.007827444933354855,-0.0048461779952049255,4.334424
0.5026041666666782,-0.009111111983656883,0.017805971205234528,-0.007826258428394794,-0.004846089519560337,4.334424
0.5031250000000115,-0.009109986945986748,0.017807291820645332,-0.007825193926692009,-0.004845940507948399,4.334424
0.5036458333333448,-0.009108826518058777,0.017807459458708763,-0.007824215106666088,-0.004845654591917992,4.334424
0.5041666666666781,-0.009107531048357487,0.017805639654397964,-0.007822972722351551,-0.004844777286052704,4.334424
0.5046875000000114,-0.009106296114623547,0.017804166302084923,-0.007821816019713879,-0.004844110459089279,4.334424
0.5052083333333447,-0.009105006232857704,0.01780255138874054,-0.00782108400017023,-0.00484357587993145,4.334424
0.505729166666678,-0.00910367351025343,0.01780104450881481,-0.00782013963907957,-0.004842993803322315,4.334424
0.5062500000000113,-0.00910235196352005,0.01780005730688572,-0.007819248363375664,-0.004842412192374468,4.334424
0.5067708333333446,-0.0091012017801404,0.017800375819206238,-0.007818221114575863,-0.004842320457100868,4.334424
0.5072916666666779,-0.00909984391182661,0.01779867708683014,-0.007817401550710201,-0.004841177258640528,4.334424
0.5078125000000112,-0.009098650887608528,0.017797954380512238,-0.007815955206751823,-0.00484050577506423,4.334424
0.5083333333333445,-0.009097464382648468,0.01779801771044731,-0.007815181277692318,-0.004840063396841288,4.334424
0.5088541666666778,-0.009096125140786171,0.01779612898826599,-0.007814348675310612,-0.004839862231165171,4.334424
0.5093750000000111,-0.009094888344407082,0.017795013263821602,-0.0078132264316082,-0.004839056637138128,4.334424
0.5098958333333444,-0.009093577042222023,0.017793897539377213,-0.007812246680259705,-0.004838789347559214,4.334424
0.5104166666666777,-0.009092320688068867,0.017792928963899612,-0.007811116985976696,-0.0048383548855781555,4.334424
0.510937500000011,-0.0090910280123353,0.017791466787457466,-0.007809842471033335,-0.004837856628000736,4.334424
0.5114583333333443,-0.009089752100408077,0.017790237441658974,-0.007808928843587637,-0.004837663844227791,4.334424
0.5119791666666776,-0.009088593535125256,0.017790650948882103,-0.007808019407093525,-0.004837416112422943,4.334424
0.512500000000011,-0.00908723846077919,0.01778864674270153,-0.007807082496583462,-0.00483610900118947,4.334424
0.5130208333333443,-0.009085996076464653,0.017787888646125793,-0.00780570087954402,-0.004835247993469238,4.334424
0.5135416666666776,-0.009084677323698997,0.01778583973646164,-0.007804871536791325,-0.004834933206439018,4.334424
0.5140625000000109,-0.009083405137062073,0.017784327268600464,-0.007803832646459341,-0.00483477720990777,4.334424
0.5145833333333442,-0.009082166478037834,0.01778368651866913,-0.007802851498126984,-0.004833839368075132,4.334424
0.5151041666666775,-0.009080853313207626,0.017782000824809074,-0.007801586762070656,-0.004832950886338949,4.334424
0.5156250000000108,-0.009079540148377419,0.017780495807528496,-0.007800478953868151,-0.004832139238715172,4.334424
0.5161458333333441,-0.009078273549675941,0.01777920126914978,-0.007799134124070406,-0.004831704776734114,4.334424
0.5166666666666774,-0.00907704047858715,0.017778770998120308,-0.007798310369253159,-0.004830657970160246,4.334424
0.5171875000000107,-0.009075759910047054,0.01777687668800354,-0.00779706472530961,-0.004829918034374714,4.334424
0.517708333333344,-0.009074483066797256,0.017775531858205795,-0.007796282414346933,-0.004829181358218193,4.334424
0.5182291666666773,-0.009073201566934586,0.01777413673698902,-0.007794944569468498,-0.00482875294983387,4.334424
0.5187500000000106,-0.009071861393749714,0.017772609367966652,-0.007794234901666641,-0.004827927798032761,4.334424
0.5192708333333439,-0.009070643223822117,0.017772207036614418,-0.007793218828737736,-0.0048268563114106655,4.334424
0.5197916666666772,-0.009069335646927357,0.017770152539014816,-0.007791960146278143,-0.00482605816796422,4.334424
0.5203125000000105,-0.009067978709936142,0.017768507823348045,-0.007790801115334034,-0.004825440235435963,4.334424
0.5208333333333438,-0.00906671304255724,0.0177671629935503,-0.0077899363823235035,-0.004824859090149403,4.334424
0.5213541666666771,-0.009065438993275166,0.017765888944268227,-0.007788801100105047,-0.004823728464543819,4.334424
0.5218750000000104,-0.009064199402928352,0.01776491105556488,-0.007787931244820356,-0.004822941496968269,4.334424
0.5223958333333437,-0.009062842465937138,0.017762690782546997,-0.0077868192456662655,-0.004821677692234516,4.334424
0.522916666666677,-0.00906153954565525,0.017761141061782837,-0.0077856616117060184,-0.004821375478059053,4.334424
0.5234375000000103,-0.009060296230018139,0.017760448157787323,-0.007784869521856308,-0.004820611793547869,4.334424
0.5239583333333436,-0.009058954194188118,0.01775883138179779,-0.007784008514136076,-0.004819185007363558,4.334424
0.5244791666666769,-0.00905770156532526,0.01775733195245266,-0.007782907225191593,-0.0048187836073338985,4.334424
0.5250000000000102,-0.00905640795826912,0.017754919826984406,-0.0077818031422793865,-0.004818149842321873,4.334424
0.5255208333333435,-0.009055065922439098,0.01775291934609413,-0.007780622690916061,-0.004816552624106407,4.334424
0.5260416666666768,-0.009053666144609451,0.017751511186361313,-0.007779890205711126,-0.004815146792680025,4.334424
0.5265625000000101,-0.00905253179371357,0.017752090469002724,-0.0077785300090909,-0.004814759828150272,4.334424
0.5270833333333435,-0.009051295928657055,0.01775122992694378,-0.007777565158903599,-0.00481429835781455,4.334424
0.5276041666666768,-0.009049922227859497,0.017748678103089333,-0.00777685409411788,-0.004813751205801964,4.334424
0.5281250000000101,-0.009048610925674438,0.01774652488529682,-0.007775877136737108,-0.004812739789485931,4.334424
0.5286458333333434,-0.009047215804457664,0.017743930220603943,-0.007774737663567066,-0.004811389371752739,4.334424
0.5291666666666767,-0.009045922197401524,0.017742129042744637,-0.007773260585963726,-0.0048102750442922115,4.334424
0.52968750000001,-0.009044560603797436,0.017740212380886078,-0.007772325072437525,-0.004809553734958172,4.334424
0.5302083333333433,-0.009043341502547264,0.017739808186888695,-0.0077711367048323154,-0.004808956757187843,4.334424
0.5307291666666766,-0.00904200691729784,0.017737625166773796,-0.007770021446049213,-0.0048080068081617355,4.334424
0.5312500000000099,-0.009040710516273975,0.017735913395881653,-0.007768625859171152,-0.0048076999373734,4.334424
0.5317708333333432,-0.009039390832185745,0.01773367077112198,-0.007767775095999241,-0.004807263612747192,4.334424
0.5322916666666765,-0.009038053452968597,0.01773207262158394,-0.007766639813780785,-0.004806951619684696,4.334424
0.5328125000000098,-0.009036808274686337,0.01773134060204029,-0.007765904534608126,-0.004806810524314642,4.334424
0.5333333333333431,-0.009035530500113964,0.0177299901843071,-0.007764740847051144,-0.0048059686087071896,4.334424
0.5338541666666764,-0.009034251794219017,0.017728373408317566,-0.007763849571347237,-0.004805299919098616,4.334424
0.5343750000000097,-0.009032849222421646,0.017725341022014618,-0.007763175293803215,-0.0048043313436210155,4.334424
0.534895833333343,-0.009031482972204685,0.017722919583320618,-0.007762180175632238,-0.00480379955843091,4.334424
0.5354166666666763,-0.009030098095536232,0.017720745876431465,-0.007761355955153704,-0.004802730865776539,4.334424
0.5359375000000096,-0.009028804488480091,0.017719628289341927,-0.007760215550661087,-0.004802029114216566,4.334424
0.5364583333333429,-0.009027417749166489,0.01771746762096882,-0.007759252097457647,-0.004800741095095873,4.334424
0.5369791666666762,-0.009026166051626205,0.0177164264023304,-0.007758008781820536,-0.004799972288310528,4.334424
0.5375000000000095,-0.009024804458022118,0.01771383546292782,-0.00775699969381094,-0.004799175076186657,4.334424
0.5380208333333428,-0.009023524820804596,0.01771222986280918,-0.007756129372864962,-0.004798542242497206,4.334424
0.5385416666666761,-0.009022110141813755,0.017709581181406975,-0.007755298167467117,-0.0047976248897612095,4.334424
0.5390625000000094,-0.009020826779305935,0.017709076404571533,-0.0077546038664877415,-0.004796802531927824,4.334424
0.5395833333333427,-0.009019464254379272,0.01770685613155365,-0.007753612007945776,-0.00479589868336916,4.334424
0.540104166666676,-0.009018220007419586,0.01770559512078762,-0.00775242131203413,-0.004794670734554529,4.334424
0.5406250000000093,-0.009016847237944603,0.017702843993902206,-0.007751282770186663,-0.004793415777385235,4.334424
0.5411458333333427,-0.009015492163598537,0.0177001915872097,-0.007750130258500576,-0.004792620427906513,4.334424
0.541666666666676,-0.009014124050736427,0.01769791916012764,-0.007749118842184544,-0.004792190156877041,4.334424
0.5421875000000093,-0.009012800641357899,0.017696654424071312,-0.007747828960418701,-0.004791575483977795,4.334424
0.5427083333333426,-0.009011462330818176,0.017694922164082527,-0.007746884599328041,-0.004790757782757282,4.334424
0.5432291666666759,-0.009010148234665394,0.017693350091576576,-0.0077458457089960575,-0.004790163598954678,4.334424
0.5437500000000092,-0.009008776396512985,0.017690133303403854,-0.007744643837213516,-0.004789300262928009,4.334424
0.5442708333333425,-0.00900745764374733,0.017688332125544548,-0.007743780966848135,-0.004788472782820463,4.334424
0.5447916666666758,-0.00900603923946619,0.017685776576399803,-0.007742768153548241,-0.004787432495504618,4.334424
0.5453125000000091,-0.00900479406118393,0.017684973776340485,-0.007741723675280809,-0.004786693025380373,4.334424
0.5458333333333424,-0.009003340266644955,0.017682338133454323,-0.007741222623735666,-0.0047853365540504456,4.334424
0.5463541666666757,-0.009002070873975754,0.017681153491139412,-0.007739875465631485,-0.004784945864230394,4.334424
0.546875000000009,-0.009000771678984165,0.017679225653409958,-0.007738746702671051,-0.0047846208326518536,4.334424
0.5473958333333423,-0.008999364450573921,0.017676128074526787,-0.007737969048321247,-0.004783934447914362,4.334424
0.5479166666666756,-0.008997905068099499,0.017673157155513763,-0.0077371723018586636,-0.004782340954989195,4.334424
0.5484375000000089,-0.008996646851301193,0.017672110348939896,-0.007735870778560638,-0.004781980998814106,4.334424
0.5489583333333422,-0.00899523962289095,0.017669659107923508,-0.007735437713563442,-0.004780730698257685,4.334424
0.5494791666666755,-0.008993929252028465,0.017668599262833595,-0.007734217680990696,-0.0047797285951673985,4.334424
0.5500000000000088,-0.0089925117790699,0.017665930092334747,-0.007733027450740337,-0.004778848495334387,4.334424
0.5505208333333421,-0.008991125039756298,0.01766371913254261,-0.007731761783361435,-0.004777930211275816,4.334424
0.5510416666666754,-0.008989871479570866,0.017662696540355682,-0.007730638142675161,-0.004777215421199799,4.334424
0.5515625000000087,-0.008988451212644577,0.017659790813922882,-0.007729819044470787,-0.004776487126946449,4.334424
0.552083333333342,-0.008987138979136944,0.017658188939094543,-0.007728802505880594,-0.004775759764015675,4.334424
0.5526041666666753,-0.008985670283436775,0.01765521615743637,-0.007728137541562319,-0.004774052184075117,4.334424
0.5531250000000086,-0.008984312415122986,0.017653033137321472,-0.007726957555860281,-0.0047730812802910805,4.334424
0.5536458333333419,-0.008983041159808636,0.017651701346039772,-0.007725895382463932,-0.004772576503455639,4.334424
0.5541666666666752,-0.008981539867818356,0.01764814928174019,-0.00772516243159771,-0.004771743901073933,4.334424
0.5546875000000085,-0.008980118669569492,0.017645934596657753,-0.007724464405328035,-0.004770930390805006,4.334424
0.5552083333333419,-0.008978736586868763,0.01764349825680256,-0.007723663467913866,-0.004770231433212757,4.334424
0.5557291666666752,-0.008977332152426243,0.017640799283981323,-0.007722379639744759,-0.004769321996718645,4.334424
0.5562500000000085,-0.008975977078080177,0.017638811841607094,-0.007721226662397385,-0.0047682104632258415,4.334424
0.5567708333333418,-0.008974667638540268,0.017636779695749283,-0.007719838991761208,-0.004767376929521561,4.334424
0.5572916666666751,-0.008973301388323307,0.017634661868214607,-0.007718843407928944,-0.004766049794852734,4.334424
0.5578125000000084,-0.008971797302365303,0.017631469294428825,-0.007717921398580074,-0.00476438645273447,4.334424
0.5583333333333417,-0.008970449678599834,0.01762976683676243,-0.007716627325862646,-0.004763683304190636,4.334424
0.558854166666675,-0.008969060145318508,0.01762785203754902,-0.007715865969657898,-0.004762986209243536,4.334424
0.5593750000000083,-0.008967672474682331,0.017624961212277412,-0.0077147409319877625,-0.004761902149766684,4.334424
0.5598958333333416,-0.008966319262981415,0.017622826620936394,-0.007713516242802143,-0.004760628566145897,4.334424
0.5604166666666749,-0.008964904583990574,0.01761995255947113,-0.007712287362664938,-0.004759748466312885,4.334424
0.5609375000000082,-0.008963530883193016,0.017617708072066307,-0.007711484096944332,-0.004759377334266901,4.334424
0.5614583333333415,-0.008962116204202175,0.0176153052598238,-0.007710395380854607,-0.004758570343255997,4.334424
0.5619791666666748,-0.008960742503404617,0.017612982541322708,-0.00770892109721899,-0.004757686518132687,4.334424
0.5625000000000081,-0.008959329687058926,0.017610562965273857,-0.007707714568823576,-0.004756487440317869,4.334424
0.5630208333333414,-0.008958006277680397,0.017608532682061195,-0.007706522010266781,-0.004755977541208267,4.334424
0.5635416666666747,-0.008956587873399258,0.017606278881430626,-0.007705909200012684,-0.004755075555294752,4.334424
0.564062500000008,-0.008955175057053566,0.017603624612092972,-0.007704536430537701,-0.004753935616463423,4.334424
0.5645833333333413,-0.008953724056482315,0.017600378021597862,-0.007703496143221855,-0.004753078334033489,4.334424
0.5651041666666746,-0.008952315896749496,0.017598256468772888,-0.007702453527599573,-0.004752372391521931,4.334424
0.5656250000000079,-0.008950888179242611,0.017595745623111725,-0.007701159920543432,-0.004751695320010185,4.334424
0.5661458333333412,-0.008949536830186844,0.01759352721273899,-0.007699851877987385,-0.004750783089548349,4.334424
0.5666666666666745,-0.00894805695861578,0.017590371891856194,-0.00769882882013917,-0.004749894607812166,4.334424
0.5671875000000078,-0.00894665252417326,0.017588160932064056,-0.007697958964854479,-0.004749460145831108,4.334424
0.5677083333333411,-0.008945282548666,0.01758577488362789,-0.0076966616325080395,-0.004748770035803318,4.334424
0.5682291666666744,-0.00894391629844904,0.01758367009460926,-0.007695525418967009,-0.0047475616447627544,4.334424
0.5687500000000077,-0.008942455984652042,0.017580782994627953,-0.00769464485347271,-0.00474639143794775,4.334424
0.569270833333341,-0.008941023610532284,0.01757831498980522,-0.007693340536206961,-0.004745754878968,4.334424
0.5697916666666744,-0.008939583785831928,0.017575817182660103,-0.007692367769777775,-0.004744978155940771,4.334424
0.5703125000000077,-0.008938209153711796,0.017573930323123932,-0.007691350299865007,-0.0047441516071558,4.334424
0.570833333333341,-0.008936661295592785,0.017570380121469498,-0.007689925841987133,-0.004743217956274748,4.334424
0.5713541666666743,-0.008935326710343361,0.017568694427609444,-0.007688497193157673,-0.0047423336654901505,4.334424
0.5718750000000076,-0.008933912962675095,0.017566174268722534,-0.007687207777053118,-0.004741914104670286,4.334424
0.5723958333333409,-0.008932491764426231,0.017563823610544205,-0.00768622662872076,-0.004740675445646048,4.334424
0.5729166666666742,-0.008931037038564682,0.01756095327436924,-0.007685235235840082,-0.004739393014460802,4.334424
0.5734375000000075,-0.008929559960961342,0.017558453604578972,-0.007684262935072184,-0.0047385417856276035,4.334424
0.5739583333333408,-0.008928184397518635,0.017555780708789825,-0.0076829795725643635,-0.004737133625894785,4.334424
0.5744791666666741,-0.008926658891141415,0.017551612108945847,-0.007681635208427906,-0.004736052360385656,4.334424
0.5750000000000074,-0.008925187401473522,0.01754886843264103,-0.007680687587708235,-0.00473514711484313,4.334424
0.5755208333333407,-0.008923717774450779,0.017546532675623894,-0.0076799760572612286,-0.00473402813076973,4.334424
0.576041666666674,-0.008922341279685497,0.017544826492667198,-0.0076787713915109634,-0.004733211360871792,4.334424
0.5765625000000073,-0.008920880034565926,0.017542334273457527,-0.007677932269871235,-0.004732104483991861,4.334424
0.5770833333333406,-0.008919397369027138,0.017539409920573235,-0.00767676392570138,-0.004731453955173492,4.334424
0.5776041666666739,-0.00891802180558443,0.017537027597427368,-0.007675499189645052,-0.004730683285742998,4.334424
0.5781250000000072,-0.008916482329368591,0.017532963305711746,-0.007674574386328459,-0.004729493986815214,4.334424
0.5786458333333405,-0.008915049955248833,0.01753018982708454,-0.007672961801290512,-0.004728564061224461,4.334424
0.5791666666666738,-0.008913545869290829,0.017526797950267792,-0.007671924773603678,-0.0047267163172364235,4.334424
0.5796875000000071,-0.008912065997719765,0.017524197697639465,-0.0076704672537744045,-0.004725624807178974,4.334424
0.5802083333333404,-0.008910629898309708,0.01752154529094696,-0.00766922440379858,-0.004724467173218727,4.334424
0.5807291666666737,-0.00890912115573883,0.017518719658255577,-0.007668097037822008,-0.0047236355021595955,4.334424
0.581250000000007,-0.008907689712941647,0.017516110092401505,-0.007666510529816151,-0.004722741432487965,4.334424
0.5817708333333403,-0.008906248025596142,0.01751340553164482,-0.007665029261261225,-0.004721549805253744,4.334424
0.5822916666666736,-0.008904632180929184,0.017509309574961662,-0.007664334960281849,-0.004720508120954037,4.334424
0.582812500000007,-0.008903225883841515,0.017507391050457954,-0.007662646006792784,-0.004719225689768791,4.334424
0.5833333333333403,-0.008901737630367279,0.01750447228550911,-0.007661552168428898,-0.004717898555099964,4.334424
0.5838541666666736,-0.00890019815415144,0.017501188442111015,-0.007659898605197668,-0.004716883413493633,4.334424
0.5843750000000069,-0.008898749016225338,0.017498435452580452,-0.007658644579350948,-0.00471609877422452,4.334424
0.5848958333333402,-0.00889723189175129,0.01749536581337452,-0.007657385431230068,-0.004714743234217167,4.334424
0.5854166666666735,-0.008895770646631718,0.017492754384875298,-0.007656307425349951,-0.004714072681963444,4.334424
0.5859375000000068,-0.008894243277609348,0.01748967170715332,-0.007654907181859016,-0.00471287127584219,4.334424
0.5864583333333401,-0.008892753161489964,0.01748655177652836,-0.007653473876416683,-0.00471191480755806,4.334424
0.5869791666666734,-0.008891415782272816,0.017484543845057487,-0.007652107160538435,-0.004711037501692772,4.334424
0.5875000000000067,-0.008889878168702126,0.01748158596456051,-0.0076511697843670845,-0.004710260313004255,4.334424
0.58802083333334,-0.008888378739356995,0.01747867278754711,-0.007649578154087067,-0.00470875296741724,4.334424
0.5885416666666733,-0.008886933326721191,0.017475992441177368,-0.007648110389709473,-0.004708097781985998,4.334424
0.5890625000000066,-0.00888548418879509,0.017473338171839714,-0.007646981626749039,-0.004707617685198784,4.334424
0.5895833333333399,-0.008883832953870296,0.017469212412834167,-0.007645816542208195,-0.00470600975677371,4.334424
0.5901041666666732,-0.008882432244718075,0.017467183992266655,-0.007644435856491327,-0.004704426974058151,4.334424
0.5906250000000065,-0.008881025947630405,0.017464667558670044,-0.0076432297937572,-0.004703730344772339,4.334424
0.5911458333333398,-0.008879492990672588,0.017461596056818962,-0.0076424963772296906,-0.004702982027083635,4.334424
0.5916666666666731,-0.008877974934875965,0.017458468675613403,-0.007640867494046688,-0.004701540339738131,4.334424
0.5921875000000064,-0.008876489475369453,0.01745525747537613,-0.007639628369361162,-0.004700985737144947,4.334424
0.5927083333333397,-0.008874928578734398,0.01745207980275154,-0.007638583891093731,-0.00470030726864934,4.334424
0.593229166666673,-0.008873390965163708,0.01744896173477173,-0.007637102156877518,-0.004699784331023693,4.334424
0.5937500000000063,-0.00887185987085104,0.017446056008338928,-0.007635912392288446,-0.004699010867625475,4.334424
0.5942708333333396,-0.008870345540344715,0.017443019896745682,-0.007634937297552824,-0.004697403870522976,4.334424
0.5947916666666729,-0.008868911303579807,0.017440132796764374,-0.0076334234327077866,-0.004696559626609087,4.334424
0.5953125000000062,-0.008867260999977589,0.017435481771826744,-0.007632310502231121,-0.0046953861601650715,4.334424
0.5958333333333395,-0.008865877985954285,0.017433911561965942,-0.00763101689517498,-0.004694835282862186,4.334424
0.5963541666666728,-0.008864367380738258,0.017430853098630905,-0.007629798259586096,-0.004694154020398855,4.334424
0.5968750000000062,-0.00886286050081253,0.017427856102585793,-0.007628284394741058,-0.004693033639341593,4.334424
0.5973958333333395,-0.008861309848725796,0.017424553632736206,-0.007627128157764673,-0.004692263901233673,4.334424
0.5979166666666728,-0.008859839290380478,0.017421841621398926,-0.007625986356288195,-0.004691889975219965,4.334424
0.5984375000000061,-0.008858364075422287,0.017419038340449333,-0.007624094840139151,-0.004691101144999266,4.334424
0.5989583333333394,-0.00885677058249712,0.01741519756615162,-0.007623041048645973,-0.004689779132604599,4.334424
0.5994791666666727,-0.008855188265442848,0.01741168648004532,-0.0076215555891394615,-0.004689068999141455,4.334424
0.600000000000006,-0.008853734470903873,0.017409462481737137,-0.007620415650308132,-0.004687814973294735,4.334424
0.6005208333333393,-0.008852330967783928,0.017406931146979332,-0.007618969306349754,-0.004687169566750526,4.334424
0.6010416666666726,-0.008850918151438236,0.017404476180672646,-0.007617496419698,-0.004686174914240837,4.334424
0.6015625000000059,-0.008849489502608776,0.017401959747076035,-0.007616035640239716,-0.004684560466557741,4.334424
0.6020833333333392,-0.008848095312714577,0.017400061711668968,-0.0076146903447806835,-0.004683329723775387,4.334424
0.6026041666666725,-0.008846614509820938,0.017397906631231308,-0.007613773923367262,-0.004682565573602915,4.334424
0.6031250000000058,-0.008845257572829723,0.017396092414855957,-0.007611858192831278,-0.004681371618062258,4.334424
0.6036458333333391,-0.00884387455880642,0.017394045367836952,-0.007610909175127745,-0.004680219572037458,4.334424
0.6041666666666724,-0.00884240958839655,0.017391283065080643,-0.00760964909568429,-0.004678819794207811,4.334424
0.6046875000000057,-0.008841020055115223,0.017388997599482536,-0.007607877254486084,-0.004677995573729277,4.334424
0.605208333333339,-0.008839556016027927,0.01738586463034153,-0.007606520317494869,-0.004676857963204384,4.334424
0.6057291666666723,-0.008838084526360035,0.017383350059390068,-0.0076051135547459126,-0.004675896838307381,4.334424
0.6062500000000056,-0.008836626075208187,0.01738138683140278,-0.007604287005960941,-0.004675102420151234,4.334424
0.6067708333333389,-0.008835222572088242,0.017379386350512505,-0.00760301761329174,-0.004673986230045557,4.334424
0.6072916666666722,-0.008833730593323708,0.017376771196722984,-0.007601012010127306,-0.00467305863276124,4.334424
0.6078125000000055,-0.008832204155623913,0.017374128103256226,-0.007600815501064062,-0.004671831615269184,4.334424
0.6083333333333388,-0.008830765262246132,0.01737162098288536,-0.007599161937832832,-0.0046708532609045506,4.334424
0.6088541666666721,-0.008829338476061821,0.017368799075484276,-0.0075979214161634445,-0.004669955465942621,4.334424
0.6093750000000054,-0.008827785030007362,0.017365315929055214,-0.007596519310027361,-0.004669470246881247,4.334424
0.6098958333333387,-0.008826293982565403,0.017362603917717934,-0.007595045026391745,-0.004668118432164192,4.334424
0.610416666666672,-0.008824843913316727,0.01736004278063774,-0.007593412883579731,-0.004667649511247873,4.334424
0.6109375000000054,-0.008823362179100513,0.017357222735881805,-0.007591854315251112,-0.004666220862418413,4.334424
0.6114583333333387,-0.008821896277368069,0.01735449954867363,-0.007590349297970533,-0.004665633197873831,4.334424
0.611979166666672,-0.0088204899802804,0.017352325841784477,-0.007588606793433428,-0.004664822015911341,4.334424
0.6125000000000053,-0.008818995207548141,0.017349982634186745,-0.007587457075715065,-0.004663325380533934,4.334424
0.6130208333333386,-0.008817475289106369,0.01734708622097969,-0.0075860051438212395,-0.0046622962690889835,4.334424
0.6135416666666719,-0.008815975859761238,0.017344335094094276,-0.0075848097912967205,-0.004661547485738993,4.334424
0.6140625000000052,-0.008814509026706219,0.01734146848320961,-0.007583389990031719,-0.004660825245082378,4.334424
0.6145833333333385,-0.008813002146780491,0.01733856275677681,-0.0075822449289262295,-0.0046594953164458275,4.334424
0.6151041666666718,-0.008811446838080883,0.01733545772731304,-0.007580875419080257,-0.0046588098630309105,4.334424
0.6156250000000051,-0.008809964172542095,0.01733301766216755,-0.007579561322927475,-0.004657545126974583,4.334424
0.6161458333333384,-0.008808359503746033,0.017329562455415726,-0.007578418590128422,-0.004656603559851646,4.334424
0.6166666666666717,-0.008806811645627022,0.01732667349278927,-0.007576693315058947,-0.004655372351408005,4.334424
0.617187500000005,-0.008805150166153908,0.017322897911071777,-0.00757569121196866,-0.00465411925688386,4.334424
0.6177083333333383,-0.00880349799990654,0.01731942780315876,-0.007574010174721479,-0.004653701093047857,4.334424
0.6182291666666716,-0.008801895193755627,0.01731559820473194,-0.007572891656309366,-0.004652445204555988,4.334424
0.6187500000000049,-0.008800288662314415,0.017312277108430862,-0.007571717258542776,-0.004651030525565147,4.334424
0.6192708333333382,-0.00879872776567936,0.01730930246412754,-0.007570473477244377,-0.004650422837585211,4.334424
0.6197916666666715,-0.008797128684818745,0.017305737361311913,-0.007569215726107359,-0.004649494308978319,4.334424
0.6203125000000048,-0.008795592933893204,0.017302721738815308,-0.0075675006955862045,-0.004648566711694002,4.334424
0.6208333333333381,-0.008793981745839119,0.017299043014645576,-0.007566631771624088,-0.004647632595151663,4.334424
0.6213541666666714,-0.008792500011622906,0.017296548932790756,-0.007564988918602467,-0.004646380431950092,4.334424
0.6218750000000047,-0.008790897205471992,0.01729334518313408,-0.007564232684671879,-0.004644644912332296,4.334424
0.622395833333338,-0.008789331652224064,0.017290513962507248,-0.0075626433826982975,-0.004643979482352734,4.334424
0.6229166666666713,-0.008787761442363262,0.017287490889430046,-0.007561441045254469,-0.004642905667424202,4.334424
0.6234375000000046,-0.008786199614405632,0.017284365370869637,-0.0075599756091833115,-0.004641734529286623,4.334424
0.6239583333333379,-0.008784507401287556,0.017280377447605133,-0.007558498065918684,-0.004640571773052216,4.334424
0.6244791666666712,-0.008782838471233845,0.017276566475629807,-0.0075575257651507854,-0.0046393899247050285,4.334424
0.6250000000000046,-0.008781214244663715,0.017273005098104477,-0.007555689197033644,-0.0046378569677472115,4.334424
0.6255208333333379,-0.008779536932706833,0.017269473522901535,-0.007554780691862106,-0.004637060686945915,4.334424
0.6260416666666712,-0.008777935057878494,0.01726619340479374,-0.007553271949291229,-0.0046360064297914505,4.334424
0.6265625000000045,-0.008776367641985416,0.01726304367184639,-0.007551905233412981,-0.004635668825358152,4.334424
0.6270833333333378,-0.008774744346737862,0.017259299755096436,-0.007550467737019062,-0.004634223412722349,4.334424
0.6276041666666711,-0.008773107081651688,0.01725579984486103,-0.007549311500042677,-0.00463290186598897,4.334424
0.6281250000000044,-0.008771518245339394,0.017252864316105843,-0.00754789263010025,-0.0046320706605911255,4.334424
0.6286458333333377,-0.008769792504608631,0.017249098047614098,-0.007546586450189352,-0.004630533047020435,4.334424
0.629166666666671,-0.008768227882683277,0.01724659837782383,-0.007545231841504574,-0.004629907198250294,4.334424
0.6296875000000043,-0.00876667071133852,0.01724371500313282,-0.007543595042079687,-0.004629348870366812,4.334424
0.6302083333333376,-0.008764970116317272,0.01723995804786682,-0.007542669773101807,-0.004628075752407312,4.334424
0.6307291666666709,-0.008763373829424381,0.01723650097846985,-0.007541278377175331,-0.00462722685188055,4.334424
0.6312500000000042,-0.008761676959693432,0.017232554033398628,-0.007540485821664333,-0.004626032430678606,4.334424
0.6317708333333375,-0.008759972639381886,0.017228398472070694,-0.0075389244593679905,-0.004625367466360331,4.334424
0.6322916666666708,-0.008758331649005413,0.01722526177763939,-0.007537711411714554,-0.004624664317816496,4.334424
0.6328125000000041,-0.008756655268371105,0.017221812158823013,-0.007536419201642275,-0.004623545333743095,4.334424
0.6333333333333374,-0.008754976093769073,0.017218420282006264,-0.00753482710570097,-0.004622419830411673,4.334424
0.6338541666666707,-0.00875335093587637,0.017215397208929062,-0.007533231284469366,-0.004621713887900114,4.334424
0.634375000000004,-0.008751596324145794,0.017211012542247772,-0.007531884592026472,-0.004620702937245369,4.334424
0.6348958333333373,-0.008749951608479023,0.017207466065883636,-0.007530211471021175,-0.004619146231561899,4.334424
0.6354166666666706,-0.00874827429652214,0.017204001545906067,-0.007529350928962231,-0.004617681261152029,4.334424
0.6359375000000039,-0.008746455423533916,0.017199652269482613,-0.0075282687321305275,-0.004616695921868086,4.334424
0.6364583333333372,-0.008744772523641586,0.01719619147479534,-0.0075265783816576,-0.004615865647792816,4.334424
0.6369791666666705,-0.008743013255298138,0.017191732302308083,-0.007525567896664143,-0.004614496603608131,4.334424
0.6375000000000038,-0.008741319179534912,0.017188414931297302,-0.007524125277996063,-0.0046132467687129974,4.334424
0.6380208333333371,-0.008739594370126724,0.0171849112957716,-0.007523066829890013,-0.004612321499735117,4.334424
0.6385416666666704,-0.008737883530557156,0.017181135714054108,-0.007521375548094511,-0.004610733594745398,4.334424
0.6390625000000038,-0.008736129850149155,0.0171774011105299,-0.0075200870633125305,-0.0046095591969788074,4.334424
0.6395833333333371,-0.008734365925192833,0.01717369258403778,-0.00751919113099575,-0.004608541261404753,4.334424
0.6401041666666704,-0.008732669055461884,0.017170516774058342,-0.0075179459527134895,-0.004607951734215021,4.334424
0.6406250000000037,-0.008730877190828323,0.017166415229439735,-0.007516706828027964,-0.004606939852237701,4.334424
0.641145833333337,-0.008729093708097935,0.017162462696433067,-0.007515369914472103,-0.004605922382324934,4.334424
0.6416666666666703,-0.008727329783141613,0.017158592119812965,-0.007513849996030331,-0.0046048033982515335,4.334424
0.6421875000000036,-0.008725546300411224,0.01715453341603279,-0.0075123971328139305,-0.004603369627147913,4.334424
0.6427083333333369,-0.008723758161067963,0.01715032570064068,-0.0075107901357114315,-0.0046027046628296375,4.334424
0.6432291666666702,-0.008721990510821342,0.01714606024324894,-0.0075089880265295506,-0.004601292312145233,4.334424
0.6437500000000035,-0.00872010737657547,0.017141303047537804,-0.007507316302508116,-0.004599873907864094,4.334424
0.6442708333333368,-0.008718335069715977,0.01713736169040203,-0.007505740039050579,-0.004599092528223991,4.334424
0.6447916666666701,-0.008716534823179245,0.017133070155978203,-0.007504510693252087,-0.004597761202603579,4.334424
0.6453125000000034,-0.008714769035577774,0.017129594460129738,-0.0075031970627605915,-0.004597126040607691,4.334424
0.6458333333333367,-0.008712920360267162,0.017124971374869347,-0.00750185688957572,-0.004596006125211716,4.334424
0.64635416666667,-0.008711114525794983,0.017121100798249245,-0.007500653155148029,-0.004595182836055756,4.334424
0.6468750000000033,-0.008709270507097244,0.017117241397500038,-0.007499617524445057,-0.004594400525093079,4.334424
0.6473958333333366,-0.008707428351044655,0.017112981528043747,-0.007498318795114756,-0.004593200981616974,4.334424
0.6479166666666699,-0.008705584332346916,0.017108667641878128,-0.007496536243706942,-0.00459230225533247,4.334424
0.6484375000000032,-0.008703676052391529,0.01710411347448826,-0.007495160214602947,-0.004591549281030893,4.334424
0.6489583333333365,-0.008701873011887074,0.01709989830851555,-0.00749356159940362,-0.004590263124555349,4.334424
0.6494791666666698,-0.008700026199221611,0.017095990478992462,-0.007492462173104286,-0.004589501768350601,4.334424
0.6500000000000031,-0.00869810301810503,0.017091115936636925,-0.007491410709917545,-0.004588690586388111,4.334424
0.6505208333333364,-0.00869622454047203,0.01708647608757019,-0.007489292416721582,-0.004587286617606878,4.334424
0.6510416666666697,-0.008694306015968323,0.01708185113966465,-0.007488279137760401,-0.004586206283420324,4.334424
0.651562500000003,-0.008692468516528606,0.017078155651688576,-0.007486737798899412,-0.00458526099100709,4.334424
0.6520833333333363,-0.008690545335412025,0.01707364432513714,-0.007485931273549795,-0.004584032576531172,4.334424
0.6526041666666696,-0.008688625879585743,0.017069034278392792,-0.00748386699706316,-0.004582887049764395,4.334424
0.653125000000003,-0.008686712011694908,0.017064617946743965,-0.00748234149068594,-0.0045820618979632854,4.334424
0.6536458333333363,-0.008684857748448849,0.01706067845225334,-0.007481231354176998,-0.004581158515065908,4.334424
0.6541666666666696,-0.008682884275913239,0.017056098207831383,-0.007480135653167963,-0.0045799012295901775,4.334424
0.6546875000000029,-0.008680605329573154,0.01704980432987213,-0.00747894961386919,-0.004579412750899792,4.334424
0.6552083333333362,-0.008678051643073559,0.017042968422174454,-0.007478118408471346,-0.004578037187457085,4.334424
0.6557291666666695,-0.008675072342157364,0.017034782096743584,-0.007477918174117804,-0.004576799925416708,4.334424
0.6562500000000028,-0.008671842515468597,0.01702590472996235,-0.007477219216525555,-0.00457542110234499,4.334424
0.6567708333333361,-0.0086682653054595,0.01701575145125389,-0.007476480677723885,-0.0045742858201265335,4.334424
0.6572916666666694,-0.008664317429065704,0.017004430294036865,-0.007475572172552347,-0.004573278594762087,4.334424
0.6578125000000027,-0.008660289458930492,0.016992883756756783,-0.007474513258785009,-0.004572270438075066,4.334424
0.658333333333336,-0.008655856363475323,0.016980361193418503,-0.007474699057638645,-0.004570808261632919,4.334424
0.6588541666666693,-0.008651317097246647,0.016967305913567543,-0.007474188692867756,-0.0045691789127886295,4.334424
0.6593750000000026,-0.008646302856504917,0.016953516751527786,-0.007474809419363737,-0.004567385651171207,4.334424
0.6598958333333359,-0.008641098625957966,0.016939299181103706,-0.007475001271814108,-0.004565502516925335,4.334424
0.6604166666666692,-0.008635642938315868,0.01692448928952217,-0.00747556472197175,-0.0045636240392923355,4.334424
0.6609375000000025,-0.008630030788481236,0.016909407451748848,-0.007476101629436016,-0.00456103403121233,4.334424
0.6614583333333358,-0.008624164387583733,0.016893696039915085,-0.00747676333412528,-0.004558907821774483,4.334424
0.6619791666666691,-0.008617941290140152,0.016877658665180206,-0.007477581966668367,-0.004556730389595032,4.334424
0.6625000000000024,-0.008611639961600304,0.016861287876963615,-0.0074785794131457806,-0.004554068669676781,4.334424
0.6630208333333357,-0.008605065755546093,0.01684475876390934,-0.007479654625058174,-0.004551425576210022,4.334424
0.663541666666669,-0.008598284795880318,0.016828032210469246,-0.007480764761567116,-0.004548844415694475,4.334424
0.6640625000000023,-0.008591231890022755,0.016810648143291473,-0.007482555694878101,-0.004545882344245911,4.334424
0.6645833333333356,-0.008583842776715755,0.01679348200559616,-0.007483307737857103,-0.004543268587440252,4.334424
0.6651041666666689,-0.008576413616538048,0.01677640900015831,-0.0074852886609733105,-0.0045404559932649136,4.334424
0.6656250000000022,-0.008568758144974709,0.016759326681494713,-0.007487199269235134,-0.004537281114608049,4.334424
0.6661458333333355,-0.00856074970215559,0.016741497442126274,-0.007489469368010759,-0.004534611012786627,4.334424
0.6666666666666689,-0.008552512153983116,0.01672382652759552,-0.0074911657720804214,-0.0045309108681976795,4.334424
0.6671875000000022,-0.008544094860553741,0.01670600101351738,-0.00749394204467535,-0.004527711775153875,4.334424
0.6677083333333355,-0.008535458706319332,0.016688311472535133,-0.007496530655771494,-0.004524176008999348,4.334424
0.6682291666666688,-0.008526770398020744,0.016670357435941696,-0.007499462924897671,-0.004520991817116737,4.334424
0.6687500000000021,-0.008517680689692497,0.016651654615998268,-0.007501690182834864,-0.004516617860645056,4.334424
0.6692708333333354,-0.008508462458848953,0.016633596271276474,-0.007505461573600769,-0.004512281157076359,4.334424
0.6697916666666687,-0.008499116636812687,0.016615238040685654,-0.00750872865319252,-0.0045078531838953495,4.334424
0.670312500000002,-0.008489565923810005,0.016596948727965355,-0.007512591313570738,-0.004503191914409399,4.334424
0.6708333333333353,-0.008479788899421692,0.016577869653701782,-0.007515591103583574,-0.00449874484911561,4.334424
0.6713541666666686,-0.00846981629729271,0.016559189185500145,-0.007519698701798916,-0.004494419787079096,4.334424
0.6718750000000019,-0.008459710516035557,0.016540156677365303,-0.007523455191403627,-0.004489656072109938,4.334424
0.6723958333333352,-0.008449372835457325,0.016521364450454712,-0.007527848239988089,-0.004484786186367273,4.334424
0.6729166666666685,-0.00843887310475111,0.01650223322212696,-0.007531793788075447,-0.00448037451133132,4.334424
0.6734375000000018,-0.008428194560110569,0.016482990235090256,-0.007536359131336212,-0.004475489258766174,4.334424
0.6739583333333351,-0.008417334407567978,0.016464175656437874,-0.007540960796177387,-0.004470864776521921,4.334424
0.6744791666666684,-0.00840627122670412,0.016444960609078407,-0.007544395513832569,-0.004465141333639622,4.334424
0.6750000000000017,-0.008394976146519184,0.016426052898168564,-0.007550905924290419,-0.0044600567780435085,4.334424
0.675520833333335,-0.008383701555430889,0.016417019069194794,-0.007551359478384256,-0.0044536469504237175,4.334424
0.6760416666666683,-0.008371968753635883,0.016399262472987175,-0.007553784176707268,-0.004448237828910351,4.334424
0.6765625000000016,-0.008360154926776886,0.016379088163375854,-0.007558188866823912,-0.004442544654011726,4.334424
0.6770833333333349,-0.008348208852112293,0.01635953038930893,-0.00756334513425827,-0.004436774645000696,4.334424
0.6776041666666682,-0.00833606906235218,0.016340717673301697,-0.007570215035229921,-0.004431857727468014,4.334424
0.6781250000000015,-0.008323799818754196,0.01632099598646164,-0.007574909366667271,-0.004425852093845606,4.334424
0.6786458333333348,-0.008311359211802483,0.016301345080137253,-0.007581088226288557,-0.004420344717800617,4.334424
0.6791666666666681,-0.008298838511109352,0.01628170721232891,-0.007587172091007233,-0.004414420574903488,4.334424
0.6796875000000014,-0.008286156691610813,0.016262084245681763,-0.007593659218400717,-0.004409254528582096,4.334424
0.6802083333333347,-0.008273410610854626,0.016241692006587982,-0.0075996690429747105,-0.004403290804475546,4.334424
0.680729166666668,-0.00826046522706747,0.01622169464826584,-0.007606103550642729,-0.004397182259708643,4.334424
0.6812500000000014,-0.008247421123087406,0.016201823949813843,-0.0076127974316477776,-0.004391171503812075,4.334424
0.6817708333333347,-0.008234340697526932,0.016191398724913597,-0.007615638431161642,-0.004384733736515045,4.334424
0.682291666666668,-0.008220929652452469,0.01617257110774517,-0.007620424032211304,-0.0043790568597614765,4.334424
0.6828125000000013,-0.008207484148442745,0.01615140587091446,-0.007625771686434746,-0.004373117815703154,4.334424
0.6833333333333346,-0.00819391943514347,0.016131047159433365,-0.007632385939359665,-0.004365664441138506,4.334424
0.6838541666666679,-0.008180180564522743,0.0161102507263422,-0.007638869341462851,-0.004358431324362755,4.334424
0.6843750000000012,-0.008166361600160599,0.016089778393507004,-0.007645903155207634,-0.004352194257080555,4.334424
0.6848958333333345,-0.008152461610734463,0.016068654134869576,-0.007652745582163334,-0.004344843793660402,4.334424
0.6854166666666678,-0.008138373494148254,0.016047675162553787,-0.007659361697733402,-0.004337484482675791,4.334424
0.6859375000000011,-0.008124222978949547,0.016027012839913368,-0.0076661924831569195,-0.00432987604290247,4.334424
0.6864583333333344,-0.008109964430332184,0.016006147488951683,-0.007673005573451519,-0.004323010798543692,4.334424
0.6869791666666677,-0.008095651865005493,0.015984881669282913,-0.007679820992052555,-0.004315430298447609,4.334424
0.687500000000001,-0.008081206120550632,0.01596345379948616,-0.0076865023002028465,-0.0043083555065095425,4.334424
0.6880208333333343,-0.008066670037806034,0.015942296013236046,-0.007693484891206026,-0.00430075079202652,4.334424
0.6885416666666676,-0.008052046410739422,0.015920916572213173,-0.00770039577037096,-0.004293384030461311,4.334424
0.6890625000000009,-0.00803735014051199,0.01589924469590187,-0.00770697882398963,-0.004285356029868126,4.334424
0.6895833333333342,-0.008022553287446499,0.015877682715654373,-0.007713816128671169,-0.004277046769857407,4.334424
0.6901041666666675,-0.008007645606994629,0.015856293961405754,-0.0077211870811879635,-0.0042695845477283,4.334424
0.6906250000000008,-0.007992668077349663,0.015834307298064232,-0.007727750111371279,-0.004260879009962082,4.334424
0.6911458333333341,-0.007977545261383057,0.015812648460268974,-0.007734557148069143,-0.0042536878027021885,4.334424
0.6916666666666674,-0.007962439209222794,0.015790751203894615,-0.007741101086139679,-0.004245331510901451,4.334424
0.6921875000000007,-0.007947200909256935,0.015768537297844887,-0.007748500909656286,-0.004238032270222902,4.334424
0.692708333333334,-0.007931943982839584,0.01574661396443844,-0.007754343096166849,-0.004230637568980455,4.334424
0.6932291666666673,-0.007916624657809734,0.015724333003163338,-0.007760542910546064,-0.00422264588996768,4.334424
0.6937500000000006,-0.007901202887296677,0.01570211537182331,-0.007767146918922663,-0.004214372951537371,4.334424
0.694270833333334,-0.007885675877332687,0.015680015087127686,-0.007773525081574917,-0.004206415265798569,4.334424
0.6947916666666673,-0.007870081812143326,0.015657516196370125,-0.007779445964843035,-0.004198486916720867,4.334424
0.6953125000000006,-0.007854439318180084,0.015635397285223007,-0.007785773370414972,-0.004189986269921064,4.334424
0.6958333333333339,-0.007838800549507141,0.015613126568496227,-0.007791894022375345,-0.004181469790637493,4.334424
0.6963541666666672,-0.00782304722815752,0.015590633265674114,-0.0077980393543839455,-0.004172665067017078,4.334424
0.6968750000000005,-0.00780717097222805,0.015568002127110958,-0.007803860120475292,-0.004163816105574369,4.334424
0.6973958333333338,-0.007791195996105671,0.015545422211289406,-0.007809553295373917,-0.004155485425144434,4.334424
0.6979166666666671,-0.007775233592838049,0.015522769652307034,-0.007815568707883358,-0.004147476516664028,4.334424
0.6984375000000004,-0.007759221829473972,0.015499972738325596,-0.007821342907845974,-0.004138866905122995,4.334424
0.6989583333333337,-0.00774313323199749,0.015477090142667294,-0.007827282883226871,-0.0041303327307105064,4.334424
0.699479166666667,-0.007726912386715412,0.015453950501978397,-0.007832707837224007,-0.004121264908462763,4.334424
0.7000000000000003,-0.007710710633546114,0.015430878847837448,-0.007839345373213291,-0.004112979397177696,4.334424
0.7005208333333336,-0.007694485131651163,0.015407591126859188,-0.007844108156859875,-0.00410492904484272,4.334424
0.7010416666666669,-0.0076781329698860645,0.015384359285235405,-0.007849406450986862,-0.004095837473869324,4.334424
0.7015625000000002,-0.007661750074476004,0.015361319296061993,-0.007855108007788658,-0.004087780602276325,4.334424
0.7020833333333335,-0.007645303383469582,0.015338098630309105,-0.007860352285206318,-0.004078587517142296,4.334424
0.7026041666666668,-0.007628757506608963,0.015314938500523567,-0.00786564964801073,-0.004070250317454338,4.334424
0.7031250000000001,-0.007612217683345079,0.015291712246835232,-0.00787079893052578,-0.004061511717736721,4.334424
0.7036458333333334,-0.00759558891877532,0.015268449671566486,-0.007876216433942318,-0.004053323529660702,4.334424
0.7041666666666667,-0.0075790188275277615,0.015245277434587479,-0.007881534285843372,-0.004045021720230579,4.334424
0.7046875,-0.007562360260635614,0.015222040005028248,-0.007886807434260845,-0.00403631990775466,4.334424
0.7052083333333333,-0.007545654661953449,0.015198267064988613,-0.007891936227679253,-0.004027025308459997,4.334424
0.7057291666666666,-0.007528884336352348,0.015175174921751022,-0.007897150702774525,-0.004018582869321108,4.334424
0.7062499999999999,-0.007512184325605631,0.015151469968259335,-0.007901834324002266,-0.0040097348392009735,4.334424
0.7067708333333332,-0.007495308760553598,0.01512760017067194,-0.007906689308583736,-0.0040008979849517345,4.334424
0.7072916666666665,-0.0074783628806471825,0.015104099176824093,-0.007911552675068378,-0.0039918627589941025,4.334424
0.7078124999999998,-0.007461471948772669,0.01508033461868763,-0.007916543632745743,-0.003982611931860447,4.334424
0.7083333333333331,-0.007444455754011869,0.015056577511131763,-0.007921651937067509,-0.003973323851823807,4.334424
0.7088541666666665,-0.007427456323057413,0.015032884664833546,-0.007926286198198795,-0.003964300267398357,4.334424
0.7093749999999998,-0.007410313934087753,0.015009363181889057,-0.007930876687169075,-0.003955721389502287,4.334424
0.7098958333333331,-0.007393273059278727,0.014985263347625732,-0.007935446687042713,-0.003946545068174601,4.334424
0.7104166666666664,-0.00737607991322875,0.01496112160384655,-0.007940220646560192,-0.00393734872341156,4.334424
0.7109374999999997,-0.007358602248132229,0.014936759136617184,-0.007944874465465546,-0.003928387071937323,4.334424
0.711458333333333,-0.007341417483985424,0.014912404119968414,-0.007949288003146648,-0.0039194729179143906,4.334424
0.7119791666666663,-0.007324050180613995,0.014888557605445385,-0.007954436354339123,-0.003911568783223629,4.334424
0.7124999999999996,-0.007306714076548815,0.014864522963762283,-0.007958749309182167,-0.0039022210985422134,4.334424
0.7130208333333329,-0.007289189845323563,0.014840517193078995,-0.007963163778185844,-0.003893962362781167,4.334424
0.7135416666666662,-0.007271825801581144,0.014816006645560265,-0.007966636680066586,-0.0038847567047923803,4.334424
0.7140624999999995,-0.007254273165017366,0.014791778288781643,-0.007971194572746754,-0.0038766651414334774,4.334424
0.7145833333333328,-0.007236822508275509,0.014767508022487164,-0.007975284941494465,-0.0038680508732795715,4.334424
0.7151041666666661,-0.007219221908599138,0.014743290841579437,-0.007979845628142357,-0.003859586315229535,4.334424
0.7156249999999994,-0.00720167113468051,0.014718783088028431,-0.007983800023794174,-0.0038503529503941536,4.334424
0.7161458333333327,-0.007183942943811417,0.014694491401314735,-0.007987875491380692,-0.003841453930363059,4.334424
0.716666666666666,-0.007166280876845121,0.014669832773506641,-0.007991528138518333,-0.003832692513242364,4.334424
0.7171874999999993,-0.007148494943976402,0.014645231887698174,-0.007995630614459515,-0.0038241210859268904,4.334424
0.7177083333333326,-0.007130839396268129,0.014620491303503513,-0.007999636232852936,-0.0038150206673890352,4.334424
0.7182291666666659,-0.007112961262464523,0.014596052467823029,-0.008003349415957928,-0.0038064797408878803,4.334424
0.7187499999999992,-0.007095169275999069,0.014571304433047771,-0.008006548509001732,-0.0037970123812556267,4.334424
0.7192708333333325,-0.007077228277921677,0.014546500518918037,-0.008010957390069962,-0.003787963418290019,4.334424
0.7197916666666658,-0.007059484254568815,0.014521759934723377,-0.008013546466827393,-0.003778275568038225,4.334424
0.7203124999999991,-0.007041320204734802,0.014496773481369019,-0.008017371408641338,-0.003770136274397373,4.334424
0.7208333333333324,-0.007023571524769068,0.014471878297626972,-0.008020148612558842,-0.003759801620617509,4.334424
0.7213541666666657,-0.00700543774291873,0.01444738358259201,-0.008023597300052643,-0.0037505323998630047,4.334424
0.721874999999999,-0.006987413857132196,0.014422300271689892,-0.008026406168937683,-0.003741075284779072,4.334424
0.7223958333333323,-0.00696920370683074,0.01439734362065792,-0.008029722608625889,-0.0037324191071093082,4.334424
0.7229166666666657,-0.006951145362108946,0.014372250996530056,-0.008032168261706829,-0.0037214206531643867,4.334424
0.723437499999999,-0.006932659540325403,0.014346785843372345,-0.008035464212298393,-0.003712262725457549,4.334424
0.7239583333333323,-0.0069146244786679745,0.01432162057608366,-0.0080380504950881,-0.0037023723125457764,4.334424
0.7244791666666656,-0.006896148901432753,0.014296683482825756,-0.008041062392294407,-0.003693395759910345,4.334424
0.7249999999999989,-0.006877993233501911,0.014271318912506104,-0.008042985573410988,-0.0036836902145296335,4.334424
0.7255208333333322,-0.0068594543263316154,0.014246007427573204,-0.008046358823776245,-0.003674441948533058,4.334424
0.7260416666666655,-0.00684129586443305,0.01422097161412239,-0.008047721348702908,-0.0036640395410358906,4.334424
0.7265624999999988,-0.006822443567216396,0.014195336028933525,-0.008051114156842232,-0.0036561929155141115,4.334424
0.7270833333333321,-0.006804334931075573,0.014169840142130852,-0.008051655255258083,-0.0036456941161304712,4.334424
0.7276041666666654,-0.006785513833165169,0.014144405722618103,-0.008054601028561592,-0.0036366749554872513,4.334424
0.7281249999999987,-0.0067671858705580235,0.014119058847427368,-0.008056252263486385,-0.0036251673009246588,4.334424
0.728645833333332,-0.006748233921825886,0.014093432575464249,-0.008058770559728146,-0.0036161059979349375,4.334424
0.7291666666666653,-0.006729839835315943,0.014067967422306538,-0.008059898391366005,-0.003605602076277137,4.334424
0.7296874999999986,-0.006710784509778023,0.014042558148503304,-0.008062178269028664,-0.003597475588321686,4.334424
0.7302083333333319,-0.0066922809928655624,0.014016900211572647,-0.00806353334337473,-0.003587172832340002,4.334424
0.7307291666666652,-0.006673180032521486,0.013991239480674267,-0.008066007867455482,-0.0035786759108304977,4.334424
0.7312499999999985,-0.006654637865722179,0.01396557129919529,-0.008066371083259583,-0.003567795269191265,4.334424
0.7317708333333318,-0.006635434925556183,0.013940082862973213,-0.008068559691309929,-0.003558893222361803,4.334424
0.7322916666666651,-0.006616655737161636,0.013914103619754314,-0.008069315925240517,-0.003548624459654093,4.334424
0.7328124999999984,-0.0065973238088190556,0.013888210989534855,-0.008070793002843857,-0.0035387424286454916,4.334424
0.7333333333333317,-0.006578543223440647,0.013862377032637596,-0.008071817457675934,-0.003528665052726865,4.334424
0.733854166666665,-0.0065590497106313705,0.013835991732776165,-0.008073591627180576,-0.0035200726706534624,4.334424
0.7343749999999983,-0.00654016574844718,0.013810189440846443,-0.008074020966887474,-0.0035104479175060987,4.334424
0.7348958333333316,-0.0065206680446863174,0.013784346170723438,-0.008074913173913956,-0.003501133993268013,4.334424
0.7354166666666649,-0.006501529365777969,0.013758085668087006,-0.008075913414359093,-0.0034900272730737925,4.334424
0.7359374999999982,-0.006482061930000782,0.013731748796999454,-0.008075594902038574,-0.003480724524706602,4.334424
0.7364583333333315,-0.006462866440415382,0.013705719262361526,-0.008077110163867474,-0.0034705032594501972,4.334424
0.7369791666666649,-0.006443023215979338,0.013678887858986855,-0.008076527155935764,-0.003461805870756507,4.334424
0.7374999999999982,-0.00642353855073452,0.01365265529602766,-0.008077587932348251,-0.0034514241851866245,4.334424
0.7380208333333315,-0.006403845269232988,0.013626488856971264,-0.008078518323600292,-0.0034409717191010714,4.334424
0.7385416666666648,-0.006384381093084812,0.013599831610918045,-0.008078395389020443,-0.0034306454472243786,4.334424
0.7390624999999981,-0.0063646100461483,0.013573210686445236,-0.008078623563051224,-0.003420594148337841,4.334424
0.7395833333333314,-0.00634491303935647,0.013546851463615894,-0.008080090396106243,-0.0034094329457730055,4.334424
0.7401041666666647,-0.006324922665953636,0.013519713655114174,-0.008078180253505707,-0.003399559995159507,4.334424
0.740624999999998,-0.006305063609033823,0.01349297259002924,-0.008079617284238338,-0.0033896376844495535,4.334424
0.7411458333333313,-0.006285008043050766,0.013466134667396545,-0.008078266866505146,-0.003379919333383441,4.334424
0.7416666666666646,-0.006265183910727501,0.013439486734569073,-0.008079052902758121,-0.0033700047060847282,4.334424
0.7421874999999979,-0.006244901102036238,0.013412036001682281,-0.008077572099864483,-0.0033596856519579887,4.334424
0.7427083333333312,-0.006224622018635273,0.01338492427021265,-0.008077871054410934,-0.0033487724140286446,4.334424
0.7432291666666645,-0.006204339675605297,0.013357476331293583,-0.008076503872871399,-0.0033389334566891193,4.334424
0.7437499999999978,-0.006184301804751158,0.013330193236470222,-0.008075498044490814,-0.0033291729632765055,4.334424
0.7442708333333311,-0.006163857877254486,0.01330297440290451,-0.008074774406850338,-0.0033190851099789143,4.334424
0.7447916666666644,-0.00614349776878953,0.013275977224111557,-0.008074592798948288,-0.0033093378879129887,4.334424
0.7453124999999977,-0.006122806575149298,0.013248134404420853,-0.00807191338390112,-0.003299258416518569,4.334424
0.745833333333331,-0.006102223414927721,0.01322074607014656,-0.008071884512901306,-0.003288655076175928,4.334424
0.7463541666666643,-0.00608172407373786,0.013193298131227493,-0.008068835362792015,-0.0032792973797768354,4.334424
0.7468749999999976,-0.00606083357706666,0.013166146352887154,-0.008068569004535675,-0.0032694125548005104,4.334424
0.7473958333333309,-0.006040222942829132,0.01313808560371399,-0.008065801113843918,-0.003259792923927307,4.334424
0.7479166666666642,-0.006019101478159428,0.013109949417412281,-0.008063871413469315,-0.0032504263799637556,4.334424
0.7484374999999975,-0.005998219829052687,0.013081843964755535,-0.008061233907938004,-0.003239645157009363,4.334424
0.7489583333333308,-0.005977145396173,0.013053703121840954,-0.00805873516947031,-0.003230074653401971,4.334424
0.7494791666666641,-0.005956151057034731,0.013025607913732529,-0.00805604550987482,-0.0032204221934080124,4.334424
0.7499999999999974,-0.005934916436672211,0.012998037040233612,-0.008053832687437534,-0.003210800001397729,4.334424
0.7505208333333308,-0.0059137651696801186,0.012969478033483028,-0.008049853146076202,-0.0032008655834943056,4.334424
0.751041666666664,-0.005892273038625717,0.012941334396600723,-0.008047647774219513,-0.0031912291888147593,4.334424
0.7515624999999974,-0.005871238186955452,0.012912871316075325,-0.008042961359024048,-0.003181281965225935,4.334424
0.7520833333333307,-0.005849854554980993,0.012884127907454967,-0.008039822801947594,-0.0031722208950668573,4.334424
0.752604166666664,-0.0058283451944589615,0.012855956330895424,-0.008036556653678417,-0.0031634827610105276,4.334424
0.7531249999999973,-0.005806746426969767,0.012827396392822266,-0.008032443933188915,-0.003154135774821043,4.334424
0.7536458333333306,-0.005785096902400255,0.01279900036752224,-0.008028791286051273,-0.0031453280244022608,4.334424
0.7541666666666639,-0.0057633621618151665,0.012770223431289196,-0.008024514652788639,-0.0031365840695798397,4.334424
0.7546874999999972,-0.005741605069488287,0.012741249985992908,-0.00801968015730381,-0.003128048265352845,4.334424
0.7552083333333305,-0.005719759967178106,0.012712418101727962,-0.008015436120331287,-0.003119609784334898,4.334424
0.7557291666666638,-0.005697902292013168,0.012683414854109287,-0.00801090244203806,-0.0031112749129533768,4.334424
0.7562499999999971,-0.0056760432198643684,0.012654192745685577,-0.008005454204976559,-0.0031028480734676123,4.334424
0.7567708333333304,-0.005654208827763796,0.012625301256775856,-0.008002116344869137,-0.0030941490549594164,4.334424
0.7572916666666637,-0.005632441025227308,0.012595942243933678,-0.007995168678462505,-0.0030871054623275995,4.334424
0.757812499999997,-0.005610743071883917,0.012566699646413326,-0.007991324178874493,-0.00307776452973485,4.334424
0.7583333333333303,-0.00558915501460433,0.012537826783955097,-0.00798675324767828,-0.0030693295411765575,4.334424
0.7588541666666636,-0.005567692685872316,0.012508964166045189,-0.007982248440384865,-0.0030611928086727858,4.334424
0.7593749999999969,-0.0055463784374296665,0.012480294331908226,-0.007977763190865517,-0.0030530705116689205,4.334424
0.7598958333333302,-0.005525222979485989,0.012451676651835442,-0.007973055355250835,-0.0030458143446594477,4.334424
0.7604166666666635,-0.005504240747541189,0.01242310181260109,-0.00796875823289156,-0.0030379004310816526,4.334424
0.7609374999999968,-0.005483444780111313,0.012394668534398079,-0.00796464178711176,-0.0030295175965875387,4.334424
0.7614583333333301,-0.005462846253067255,0.012366276234388351,-0.007960457354784012,-0.0030222488567233086,4.334424
0.7619791666666634,-0.005442457739263773,0.01233794167637825,-0.007956298068165779,-0.0030140739399939775,4.334424
0.7624999999999967,-0.005422278773039579,0.012309643439948559,-0.007952051237225533,-0.0030055188108235598,4.334424
0.76302083333333,-0.005402321927249432,0.012281806208193302,-0.007948099635541439,-0.00299824308604002,4.334424
0.7635416666666633,-0.005382594186812639,0.012253642082214355,-0.007944570854306221,-0.0029902062378823757,4.334424
0.7640624999999966,-0.00536309601739049,0.01222600881010294,-0.007940954528748989,-0.002981967758387327,4.334424
0.76458333333333,-0.005343836732208729,0.01219838298857212,-0.00793728418648243,-0.002974672708660364,4.334424
0.7651041666666633,-0.005324807483702898,0.012170822359621525,-0.007932372391223907,-0.00296673527918756,4.334424
0.7656249999999966,-0.005306032486259937,0.01214339304715395,-0.007929006591439247,-0.002959189238026738,4.334424
0.7661458333333299,-0.005287502892315388,0.012116216123104095,-0.007925249636173248,-0.002952096052467823,4.334424
0.7666666666666632,-0.0052692159079015255,0.012088906019926071,-0.00792115181684494,-0.00294296070933342,4.334424
0.7671874999999965,-0.005251176655292511,0.012062111869454384,-0.007917599752545357,-0.00293601187877357,4.334424
0.7677083333333298,-0.005233391188085079,0.012035230174660683,-0.007913431152701378,-0.002928447909653187,4.334424
0.7682291666666631,-0.005215856712311506,0.012008502148091793,-0.007909231819212437,-0.0029216359835118055,4.334424
0.7687499999999964,-0.005198573227971792,0.011981876567006111,-0.0079044746235013,-0.0029145360458642244,4.334424
0.7692708333333297,-0.005181541666388512,0.011955536901950836,-0.007899818941950798,-0.00290761049836874,4.334424
0.769791666666663,-0.005164760630577803,0.011929184198379517,-0.007895037531852722,-0.002900094026699662,4.334424
0.7703124999999963,-0.005148227326571941,0.0119031285867095,-0.007889918051660061,-0.0028938965406268835,4.334424
0.7708333333333296,-0.00513194315135479,0.011877138167619705,-0.007884291931986809,-0.002887086709961295,4.334424
0.7713541666666629,-0.005115904845297337,0.011851307936012745,-0.007878593169152737,-0.002880392363294959,4.334424
0.7718749999999962,-0.00510011101141572,0.011825352907180786,-0.007872533984482288,-0.0028739217668771744,4.334424
0.7723958333333295,-0.005084554199129343,0.011799875646829605,-0.007866783067584038,-0.002866782248020172,4.334424
0.7729166666666628,-0.005069238133728504,0.01177460141479969,-0.007860710844397545,-0.002860895823687315,4.334424
0.7734374999999961,-0.0050541553646326065,0.011749349534511566,-0.007853525690734386,-0.0028553297743201256,4.334424
0.7739583333333294,-0.0050393035635352135,0.011724554002285004,-0.00784729328006506,-0.002849055454134941,4.334424
0.7744791666666627,-0.0050246804021298885,0.011699671857059002,-0.007839944213628769,-0.0028428907971829176,4.334424
0.774999999999996,-0.005010280292481184,0.01167517714202404,-0.007832702249288559,-0.002837167354300618,4.334424
0.7755208333333293,-0.004996100440621376,0.011650699190795422,-0.007825394161045551,-0.0028313633520156145,4.334424
0.7760416666666626,-0.0049821375869214535,0.011626587249338627,-0.007818086072802544,-0.002826101379469037,4.334424
0.7765624999999959,-0.004968384746462107,0.011602331884205341,-0.007809988223016262,-0.0028195828199386597,4.334424
0.7770833333333292,-0.0049548400565981865,0.011578510515391827,-0.007801730651408434,-0.0028143408708274364,4.334424
0.7776041666666625,-0.004941493272781372,0.011554831638932228,-0.0077934167347848415,-0.0028084509540349245,4.334424
0.7781249999999958,-0.0049283467233181,0.011531459167599678,-0.0077851940877735615,-0.0028031521942466497,4.334424
0.7786458333333292,-0.004915393888950348,0.011508174240589142,-0.007776493206620216,-0.002797086723148823,4.334424
0.7791666666666625,-0.004902627784758806,0.011484961956739426,-0.00776712317019701,-0.0027901185676455498,4.334424
0.7796874999999958,-0.004890049807727337,0.011462119407951832,-0.007758107502013445,-0.002784726908430457,4.334424
0.7802083333333291,-0.004877652507275343,0.011439370922744274,-0.007749092299491167,-0.0027798579540103674,4.334424
0.7807291666666624,-0.004865428898483515,0.011416896246373653,-0.007739907130599022,-0.00277412380091846,4.334424
0.7812499999999957,-0.00485337944701314,0.011394775472581387,-0.007730188313871622,-0.0027681190986186266,4.334424
0.781770833333329,-0.004841499030590057,0.011372610926628113,-0.007720776833593845,-0.0027624149806797504,4.334424
0.7822916666666623,-0.004829781595617533,0.011350679211318493,-0.007711173500865698,-0.002757210750132799,4.334424
0.7828124999999956,-0.0048182266764342785,0.011329160071909428,-0.007701472844928503,-0.0027523364406079054,4.334424
0.7833333333333289,-0.004806822165846825,0.01130762044340372,-0.007691811304539442,-0.002746693789958954,4.334424
0.7838541666666622,-0.004795572254806757,0.011286398395895958,-0.007681682240217924,-0.0027412998024374247,4.334424
0.7843749999999955,-0.004784471821039915,0.011265384033322334,-0.0076718940399587154,-0.002736508147791028,4.334424
0.7848958333333288,-0.0047735171392560005,0.011244493536651134,-0.007661645300686359,-0.002731792163103819,4.334424
0.7854166666666621,-0.004762697033584118,0.011223705485463142,-0.007651115767657757,-0.0027265185490250587,4.334424
0.7859374999999954,-0.004752020351588726,0.01120332907885313,-0.007640849333256483,-0.0027217287570238113,4.334424
0.7864583333333287,-0.00474147405475378,0.01118301972746849,-0.00763052050024271,-0.0027168875094503164,4.334424
0.786979166666662,-0.004731062799692154,0.011162914335727692,-0.007619610987603664,-0.00271206465549767,4.334424
0.7874999999999953,-0.00472078425809741,0.011143142357468605,-0.007609242107719183,-0.0027070753276348114,4.334424
0.7880208333333286,-0.004710627254098654,0.011123602278530598,-0.0075987111777067184,-0.0027024629525840282,4.334424
0.7885416666666619,-0.0047005899250507355,0.011104103177785873,-0.007587638683617115,-0.002698770957067609,4.334424
0.7890624999999952,-0.004690669011324644,0.011084997095167637,-0.007577576674520969,-0.002694358117878437,4.334424
0.7895833333333285,-0.004680869169533253,0.011065851897001266,-0.007566720247268677,-0.002690050285309553,4.334424
0.7901041666666618,-0.004671178292483091,0.011046999134123325,-0.007555798627436161,-0.0026860178913921118,4.334424
0.7906249999999951,-0.004661597311496735,0.011028489097952843,-0.007545661646872759,-0.002681825775653124,4.334424
0.7911458333333284,-0.004652128554880619,0.01101000141352415,-0.00753469904884696,-0.0026776196900755167,4.334424
0.7916666666666617,-0.004642758518457413,0.010991775430738926,-0.0075235068798065186,-0.0026730697136372328,4.334424
0.792187499999995,-0.004633498843759298,0.010973716154694557,-0.007512933108955622,-0.0026686880737543106,4.334424
0.7927083333333284,-0.004624343942850828,0.010955770500004292,-0.007501870393753052,-0.002664766972884536,4.334424
0.7932291666666617,-0.004615282639861107,0.010937945917248726,-0.00749050872400403,-0.0026610649656504393,4.334424
0.793749999999995,-0.004606303293257952,0.010920225642621517,-0.007479601539671421,-0.002656790195032954,4.334424
0.7942708333333283,-0.004597435239702463,0.010902902111411095,-0.00746886758133769,-0.002653597854077816,4.334424
0.7947916666666616,-0.004588653799146414,0.010885576717555523,-0.007457426283508539,-0.0026497337967157364,4.334424
0.7953124999999949,-0.0045799571089446545,0.010868615470826626,-0.00744659872725606,-0.0026464068796485662,4.334424
0.7958333333333282,-0.0045713395811617374,0.010851716622710228,-0.007435322273522615,-0.002642374485731125,4.334424
0.7963541666666615,-0.004562827292829752,0.010835171677172184,-0.0074243745766580105,-0.002639436163008213,4.334424
0.7968749999999948,-0.004554388578981161,0.01081862486898899,-0.0074132164008915424,-0.002636377466842532,4.334424
0.7973958333333281,-0.004546021576970816,0.010802293196320534,-0.007402418646961451,-0.002632463350892067,4.334424
0.7979166666666614,-0.0045377472415566444,0.010786199010908604,-0.007391905877739191,-0.0026288703083992004,4.334424
0.7984374999999947,-0.0045295353047549725,0.010770099237561226,-0.007380549795925617,-0.002625162247568369,4.334424
0.798958333333328,-0.004521411843597889,0.010754143819212914,-0.007369467988610268,-0.002621841849759221,4.334424
0.7994791666666613,-0.004513360559940338,0.010738353244960308,-0.007357893045991659,-0.0026186120230704546,4.334424
0.7999999999999946,-0.004505374934524298,0.0107227498665452,-0.00734688201919198,-0.0026148122269660234,4.334424
0.8005208333333279,-0.004497463349252939,0.01070734765380621,-0.007335973437875509,-0.002611755859106779,4.334424
0.8010416666666612,-0.004489618353545666,0.010692192241549492,-0.0073251621797680855,-0.002608346054330468,4.334424
0.8015624999999945,-0.00448183435946703,0.01067697536200285,-0.007313673850148916,-0.002604780485853553,4.334424
0.8020833333333278,-0.0044741202145814896,0.0106620779260993,-0.007302607409656048,-0.002601815387606621,4.334424
0.8026041666666611,-0.004466477315872908,0.010647241957485676,-0.007291568908840418,-0.0025987664703279734,4.334424
0.8031249999999944,-0.004458889830857515,0.010632544755935669,-0.007280506659299135,-0.002596036996692419,4.334424
0.8036458333333277,-0.004451360087841749,0.010618085972964764,-0.007269725669175386,-0.002592293079942465,4.334424
0.804166666666661,-0.0044438946060836315,0.010603775270283222,-0.007258365396410227,-0.0025891016703099012,4.334424
0.8046874999999943,-0.004436487331986427,0.010589469224214554,-0.007247522938996553,-0.002586158225312829,4.334424
0.8052083333333276,-0.004429136402904987,0.010575337335467339,-0.007236661855131388,-0.002582642948254943,4.334424
0.805729166666661,-0.004421842284500599,0.010561462491750717,-0.007225577253848314,-0.0025793430395424366,4.334424
0.8062499999999942,-0.004414609633386135,0.010547623038291931,-0.007214895915240049,-0.002576715312898159,4.334424
0.8067708333333276,-0.004407423082739115,0.010533942840993404,-0.0072037773206830025,-0.002573341829702258,4.334424
0.8072916666666609,-0.004400296602398157,0.010520361363887787,-0.0071929385885596275,-0.002570461481809616,4.334424
0.8078124999999942,-0.004393209237605333,0.010506946593523026,-0.007182213477790356,-0.0025676521472632885,4.334424
0.8083333333333275,-0.00438618054613471,0.010493619367480278,-0.007171320728957653,-0.0025648167356848717,4.334424
0.8088541666666608,-0.0043791960924863815,0.010480408556759357,-0.007160300388932228,-0.002561765257269144,4.334424
0.8093749999999941,-0.004372265189886093,0.010467421263456345,-0.007149832788854837,-0.002559158718213439,4.334424
0.8098958333333274,-0.00436538178473711,0.010454542934894562,-0.0071385507471859455,-0.00255653727799654,4.334424
0.8104166666666607,-0.004358543083071709,0.010441606864333153,-0.00712764635682106,-0.0025539733469486237,4.334424
0.810937499999994,-0.004351753741502762,0.010428900830447674,-0.007117134984582663,-0.0025515274610370398,4.334424
0.8114583333333273,-0.004345004912465811,0.010416260920464993,-0.0071062082424759865,-0.0025488012470304966,4.334424
0.8119791666666606,-0.00433829752728343,0.010403786785900593,-0.007095574401319027,-0.0025464468635618687,4.334424
0.8124999999999939,-0.004331633914262056,0.010391431860625744,-0.007084555923938751,-0.0025441995821893215,4.334424
0.8130208333333272,-0.0043250140734016895,0.010379062965512276,-0.007074105553328991,-0.002541885245591402,4.334424
0.8135416666666605,-0.004318425431847572,0.010366900824010372,-0.007063072174787521,-0.0025395662523806095,4.334424
0.8140624999999938,-0.004311872646212578,0.010354852303862572,-0.007052662316709757,-0.0025368158239871264,4.334424
0.8145833333333271,-0.00430537573993206,0.010342804715037346,-0.007041570730507374,-0.0025343645829707384,4.334424
0.8151041666666604,-0.00429890351369977,0.010330913588404655,-0.00703123863786459,-0.002532133599743247,4.334424
0.8156249999999937,-0.004292476922273636,0.010319246910512447,-0.007020353339612484,-0.0025294802617281675,4.334424
0.816145833333327,-0.004286079201847315,0.010307608172297478,-0.007009877357631922,-0.0025261915288865566,4.334424
0.8166666666666603,-0.004279722459614277,0.010296015068888664,-0.006999286822974682,-0.002523857168853283,4.334424
0.8171874999999936,-0.004273393657058477,0.010284435003995895,-0.006988857872784138,-0.0025212035980075598,4.334424
0.8177083333333269,-0.004267101176083088,0.010272987186908722,-0.006978380959481001,-0.00251896888948977,4.334424
0.8182291666666602,-0.004260835237801075,0.010261761024594307,-0.006968070287257433,-0.0025166880805045366,4.334424
0.8187499999999935,-0.00425460422411561,0.010250520892441273,-0.006957408040761948,-0.002514713676646352,4.334424
0.8192708333333268,-0.004248400684446096,0.01023944839835167,-0.006947558838874102,-0.0025127362459897995,4.334424
0.8197916666666601,-0.004242219962179661,0.010228361934423447,-0.006937042344361544,-0.0025104223750531673,4.334424
0.8203124999999934,-0.004236075561493635,0.010217410512268543,-0.006926678586751223,-0.0025089080445468426,4.334424
0.8208333333333268,-0.004229959100484848,0.010206591337919235,-0.006916053127497435,-0.00250654062256217,4.334424
0.8213541666666601,-0.004223878029733896,0.010195708833634853,-0.006905755959451199,-0.0025048761162906885,4.334424
0.8218749999999934,-0.004217821639031172,0.010184971615672112,-0.006895287428051233,-0.002502753399312496,4.334424
0.8223958333333267,-0.004211801569908857,0.010174323804676533,-0.006884996313601732,-0.0025010674726217985,4.334424
0.82291666666666,-0.004205804783850908,0.010163666680455208,-0.0068746330216526985,-0.0024987198412418365,4.334424
0.8234374999999933,-0.004199831746518612,0.010153135284781456,-0.006864210590720177,-0.002497023204341531,4.334424
0.8239583333333266,-0.004193888045847416,0.010142729617655277,-0.006853830069303513,-0.0024947035126388073,4.334424
0.8244791666666599,-0.004187959711998701,0.010132309049367905,-0.00684348214417696,-0.0024932166561484337,4.334424
0.8249999999999932,-0.004182056058198214,0.010122060775756836,-0.006833264604210854,-0.0024909311905503273,4.334424
0.8255208333333265,-0.004176167771220207,0.010111726820468903,-0.006822857074439526,-0.002489169593900442,4.334424
0.8260416666666598,-0.0041703046299517155,0.010101624764502048,-0.0068125734105706215,-0.0024868946056813,4.334424
0.8265624999999931,-0.004164462443441153,0.010091494768857956,-0.006802068557590246,-0.002485353033989668,4.334424
0.8270833333333264,-0.004158638883382082,0.01008148118853569,-0.006792013067752123,-0.002482856158167124,4.334424
0.8276041666666597,-0.00415282417088747,0.010071455501019955,-0.006781743839383125,-0.0024812587071210146,4.334424
0.828124999999993,-0.00414702482521534,0.01006149873137474,-0.006771080661565065,-0.002478822134435177,4.334424
0.8286458333333263,-0.004141258541494608,0.010051494464278221,-0.006760746706277132,-0.002477033995091915,4.334424
0.8291666666666596,-0.004135521128773689,0.01004812866449356,-0.006747391540557146,-0.0024745354894548655,4.334424
0.8296874999999929,-0.004129604436457157,0.01003874372690916,-0.006736062001436949,-0.002472457243129611,4.334424
0.8302083333333262,-0.0041236719116568565,0.010028651915490627,-0.0067255860194563866,-0.0024699997156858444,4.334424
0.8307291666666595,-0.0041177887469530106,0.01001870445907116,-0.006715069990605116,-0.0024683019146323204,4.334424
0.8312499999999928,-0.004111928399652243,0.010008665733039379,-0.006704803090542555,-0.002466529840603471,4.334424
0.8317708333333261,-0.004106120206415653,0.009998884983360767,-0.006694440264254808,-0.0024646443780511618,4.334424
0.8322916666666594,-0.004100330639630556,0.00998904462903738,-0.006684154272079468,-0.002462893957272172,4.334424
0.8328124999999927,-0.00409456854686141,0.009979399852454662,-0.006674205884337425,-0.002460445510223508,4.334424
0.833333333333326,-0.004088842310011387,0.009969736449420452,-0.006664079148322344,-0.0024581674952059984,4.334424
0.8338541666666593,-0.0040831370279192924,0.009960116818547249,-0.0066540297120809555,-0.00245653185993433,4.334424
0.8343749999999927,-0.004077468998730183,0.00995687022805214,-0.006640938110649586,-0.002454140456393361,4.334424
0.834895833333326,-0.004071642644703388,0.00994784478098154,-0.006629604380577803,-0.0024520454462617636,4.334424
0.8354166666666593,-0.004065795335918665,0.009938016533851624,-0.006619322579354048,-0.0024502307642251253,4.334424
0.8359374999999926,-0.004059985745698214,0.00992830004543066,-0.006609051954001188,-0.0024475508835166693,4.334424
0.8364583333333259,-0.004054239951074123,0.009918666444718838,-0.006598802283406258,-0.002445675665512681,4.334424
0.8369791666666592,-0.004048495087772608,0.009909075684845448,-0.006588985677808523,-0.0024438798427581787,4.334424
0.8374999999999925,-0.004042809829115868,0.009899538941681385,-0.00657879700884223,-0.002442153636366129,4.334424
0.8380208333333258,-0.004037132021039724,0.00989003386348486,-0.006568571552634239,-0.0024403389543294907,4.334424
0.8385416666666591,-0.004031484015285969,0.00988062098622322,-0.006558456923812628,-0.002438561525195837,4.334424
0.8390624999999924,-0.004025872331112623,0.00987125001847744,-0.006548108998686075,-0.002436767565086484,4.334424
0.8395833333333257,-0.004020278807729483,0.00986210722476244,-0.0065381950698792934,-0.002435132395476103,4.334424
0.840104166666659,-0.004014704842120409,0.009852906689047813,-0.0065281689167022705,-0.0024334064219146967,4.334424
0.8406249999999923,-0.004009174183011055,0.009850005619227886,-0.006515353452414274,-0.0024320785887539387,4.334424
0.8411458333333256,-0.0040034344419837,0.00984121486544609,-0.006504660006612539,-0.0024305640254169703,4.334424
0.8416666666666589,-0.0039977021515369415,0.00983174704015255,-0.006494456902146339,-0.002428678097203374,4.334424
0.8421874999999922,-0.003992012701928616,0.00982240866869688,-0.006484511308372021,-0.0024271290749311447,4.334424
0.8427083333333255,-0.00398634746670723,0.009812970645725727,-0.006474788766354322,-0.002425215905532241,4.334424
0.8432291666666588,-0.003980729728937149,0.009803775697946548,-0.006464726757258177,-0.002423504600301385,4.334424
0.8437499999999921,-0.003975121304392815,0.009794527664780617,-0.00645456975325942,-0.0024214426521211863,4.334424
0.8442708333333254,-0.003969538491219282,0.009785369038581848,-0.0064444392919540405,-0.0024198265746235847,4.334424
0.8447916666666587,-0.003963968250900507,0.009776230901479721,-0.006434522569179535,-0.002417865674942732,4.334424
0.845312499999992,-0.0039584096521139145,0.009767208248376846,-0.00642499839887023,-0.0024157275911420584,4.334424
0.8458333333333253,-0.003952876199036837,0.009758306667208672,-0.006415109150111675,-0.0024137941654771566,4.334424
0.8463541666666586,-0.003947367891669273,0.009749327786266804,-0.006405264604836702,-0.00241177249699831,4.334424
0.8468749999999919,-0.003941860515624285,0.009740401990711689,-0.006394906435161829,-0.002409735694527626,4.334424
0.8473958333333252,-0.0039363582618534565,0.009731504134833813,-0.006384775508195162,-0.0024077051784843206,4.334424
0.8479166666666585,-0.003930858802050352,0.009722556918859482,-0.006374849006533623,-0.0024057049304246902,4.334424
0.8484374999999919,-0.003925370518118143,0.00971364974975586,-0.006364942062646151,-0.0024035286623984575,4.334424
0.8489583333333252,-0.003919889219105244,0.009704840369522572,-0.006355241872370243,-0.0024020601995289326,4.334424
0.8494791666666585,-0.00391437578946352,0.009695971384644508,-0.0063452511094510555,-0.002399962395429611,4.334424
0.8499999999999918,-0.003908896818757057,0.009687201119959354,-0.006335688289254904,-0.002398623153567314,4.334424
0.8505208333333251,-0.0039033833891153336,0.009678399190306664,-0.006325718015432358,-0.0023963535204529762,4.334424
0.8510416666666584,-0.0037267834413796663,0.009679809212684631,-0.006253415253013372,-0.008437605574727058,4.334424
0.8515624999999917,-0.0033294050954282284,0.010536015965044498,-0.0053243329748511314,-0.017063800245523453,4.334424
0.852083333333325,-0.0029152575880289078,0.011491812765598297,-0.003424106165766716,-0.02248304896056652,4.334424
0.8526041666666583,-0.002494791755452752,0.012438401579856873,-0.0010971523588523269,-0.026008090004324913,4.334424
0.8531249999999916,-0.0020695689599961042,0.013267537578940392,0.0014412988675758243,-0.028353825211524963,4.334424
0.8536458333333249,-0.0016445678193122149,0.013970321044325829,0.004022211767733097,-0.02994411252439022,4.334424
0.8541666666666582,-0.0012218253687024117,0.014563125558197498,0.0065394202247262,-0.03104342892765999,4.334424
0.8546874999999915,-0.0008045115973800421,0.015057843178510666,0.008912639692425728,-0.031811054795980453,4.334424
0.8552083333333248,-0.00039287004619836807,0.015473984181880951,0.011119332164525986,-0.032356396317481995,4.334424
0.8557291666666581,9.104054697672836e-06,0.015830470249056816,0.013144619762897491,-0.032744742929935455,4.334424
0.8562499999999914,0.00039896208909340203,0.016127070412039757,0.014979563653469086,-0.03301950916647911,4.334424
0.8567708333333247,0.0007750571821816266,0.016370978206396103,0.01663368009030819,-0.03320750594139099,4.334424
0.857291666666658,0.0011362185468897223,0.01657598465681076,0.01812104508280754,-0.03332565352320671,4.334424
0.8578124999999913,0.0014815678587183356,0.01675158180296421,0.01945505477488041,-0.033386725932359695,4.334424
0.8583333333333246,0.0018104559276252985,0.016903845593333244,0.02064947783946991,-0.03340068459510803,4.334424
0.8588541666666579,0.002122448058798909,0.01703646220266819,0.021716894581913948,-0.033375333994627,4.334424
0.8593749999999912,0.0024201031774282455,0.017155978828668594,0.02283593825995922,-0.033346474170684814,4.334424
0.8598958333333245,0.002701942576095462,0.017249979078769684,0.02391541376709938,-0.033296264708042145,4.334424
0.8604166666666578,0.0029667136259377003,0.017325403168797493,0.024901438504457474,-0.03321674466133118,4.334424
0.8609374999999911,0.0032142633572220802,0.017384933307766914,0.025799507275223732,-0.033110361546278,4.334424
0.8614583333333244,0.0034445542842149734,0.01741446740925312,0.02661667764186859,-0.03297895938158035,4.334424
0.8619791666666577,0.003659041365608573,0.01743016205728054,0.02736261487007141,-0.03280951455235481,4.334424
0.862499999999991,0.003856753697618842,0.01744755357503891,0.028053810819983482,-0.032614290714263916,4.334424
0.8630208333333244,0.004036685451865196,0.017446136102080345,0.028675446286797523,-0.03240710124373436,4.334424
0.8635416666666577,0.004199354909360409,0.017432833090424538,0.029236381873488426,-0.03218398988246918,4.334424
0.864062499999991,0.004345024470239878,0.01740719936788082,0.029742185026407242,-0.03194539248943329,4.334424
0.8645833333333243,0.004473942797631025,0.017368709668517113,0.030195992439985275,-0.031691499054431915,4.334424
0.8651041666666576,0.0045863487757742405,0.017317302525043488,0.030600346624851227,-0.03142257034778595,4.334424
0.8656249999999909,0.004682484548538923,0.017253125086426735,0.03095877729356289,-0.031139058992266655,4.334424
0.8661458333333242,0.004762626718729734,0.017176281660795212,0.03127404674887657,-0.030840817838907242,4.334424
0.8666666666666575,0.004827109631150961,0.017087314277887344,0.03154824674129486,-0.0305287204682827,4.334424
0.8671874999999908,0.0048763928934931755,0.01698596589267254,0.031781550496816635,-0.030203038826584816,4.334424
0.8677083333333241,0.004911206662654877,0.01687336526811123,0.03197787329554558,-0.029865043237805367,4.334424
0.8682291666666574,0.0049326419830322266,0.016750290989875793,0.03214128687977791,-0.029514271765947342,4.334424
0.8687499999999907,0.004942334722727537,0.0166182704269886,0.03228136897087097,-0.02915198728442192,4.334424
0.869270833333324,0.004942463245242834,0.016477864235639572,0.03240746632218361,-0.02877998910844326,4.334424
0.8697916666666573,0.0049348752945661545,0.016328217461705208,0.03252537548542023,-0.02839832566678524,4.334424
0.8703124999999906,0.004921639338135719,0.01616857759654522,0.03263191133737564,-0.028008969500660896,4.334424
0.8708333333333239,0.004903289023786783,0.015999337658286095,0.032722022384405136,-0.027611849829554558,4.334424
0.8713541666666572,0.004880153574049473,0.015821412205696106,0.032793257385492325,-0.027208546176552773,4.334424
0.8718749999999905,0.0048525044694542885,0.015635810792446136,0.032845597714185715,-0.026800306513905525,4.334424
0.8723958333333238,0.004820548929274082,0.015442813746631145,0.03287997841835022,-0.0263872891664505,4.334424
0.8729166666666571,0.0047844392247498035,0.015243320725858212,0.03289632871747017,-0.025970175862312317,4.334424
0.8734374999999904,0.004744289442896843,0.015037230215966702,0.032896947115659714,-0.025549303740262985,4.334424
0.8739583333333237,0.004700174555182457,0.014825445599853992,0.032881807535886765,-0.025125553831458092,4.334424
0.874479166666657,0.0046521564945578575,0.014608182944357395,0.03285251185297966,-0.024698568508028984,4.334424
0.8749999999999903,0.004600287415087223,0.014385679736733437,0.03280971571803093,-0.024269290268421173,4.334424
0.8755208333333236,0.004544596653431654,0.01415829174220562,0.03275458887219429,-0.023837555199861526,4.334424
0.876041666666657,0.004485106095671654,0.01392627228051424,0.03268779069185257,-0.023403264582157135,4.334424
0.8765624999999903,0.004421853926032782,0.013689734973013401,0.03260946646332741,-0.022967306897044182,4.334424
0.8770833333333236,0.004354874137789011,0.013448246754705906,0.03252147510647774,-0.022528721019625664,4.334424
0.8776041666666569,0.004284185823053122,0.01320226863026619,0.03242417424917221,-0.022088555619120598,4.334424
0.8781249999999902,0.004209821578115225,0.012951737269759178,0.03231794759631157,-0.021646438166499138,4.334424
0.8786458333333235,0.004131834954023361,0.012695971876382828,0.03220406919717789,-0.02120179310441017,4.334424
0.8791666666666568,0.004050327930599451,0.01243587676435709,0.03208424150943756,-0.020755790174007416,4.334424
0.8796874999999901,0.003965356852859259,0.012171618640422821,0.03195673227310181,-0.020307693630456924,4.334424
0.8802083333333234,0.003877015085890889,0.011903313919901848,0.0318240150809288,-0.019857635721564293,4.334424
0.8807291666666567,0.0037853848189115524,0.011630252934992313,0.031685758382081985,-0.019405439496040344,4.334424
0.88124999999999,0.003690565936267376,0.011353008449077606,0.03154226392507553,-0.018951449543237686,4.334424
0.8817708333333233,0.0035926764830946922,0.011070894077420235,0.03139537572860718,-0.01849573850631714,4.334424
0.8822916666666566,0.003491804003715515,0.010785155929625034,0.031245660036802292,-0.0180380679666996,4.334424
0.8828124999999899,0.0033880462870001793,0.010495321825146675,0.03109298273921013,-0.017578069120645523,4.334424
0.8833333333333232,0.003281528130173683,0.01020127534866333,0.03093852289021015,-0.0171168465167284,4.334424
0.8838541666666565,0.0031723545398563147,0.00990174151957035,0.030782919377088547,-0.016653213649988174,4.334424
0.8843749999999898,0.0030609192326664925,0.009600288234651089,0.030632739886641502,-0.01618475653231144,4.334424
0.8848958333333231,0.0029474978800863028,0.009295430965721607,0.03048662468791008,-0.01571189984679222,4.334424
0.8854166666666564,0.00283313007093966,0.008975688368082047,0.030338548123836517,-0.015232936479151249,4.334424
0.8859374999999897,0.0027185846120119095,0.008651438169181347,0.03016754612326622,-0.014758637174963951,4.334424
0.886458333333323,0.002605654299259186,0.00834714062511921,0.029947655275464058,-0.014294062741100788,4.334424
0.8869791666666563,0.002495404100045562,0.008060838095843792,0.02967931516468525,-0.013841564767062664,4.334424
0.8874999999999896,0.002388290362432599,0.0077848900109529495,0.029376687481999397,-0.01340112742036581,4.334424
0.8880208333333229,0.002284325659275055,0.007518317084759474,0.029046662151813507,-0.012972043827176094,4.334424
0.8885416666666562,0.0021835018415004015,0.007259668316692114,0.028696492314338684,-0.012553421780467033,4.334424
0.8890624999999895,0.002087084576487541,0.007025388069450855,0.028328856453299522,-0.01214582473039627,4.334424
0.8895833333333228,0.001996368868276477,0.0068102311342954636,0.027947524562478065,-0.011749929748475552,4.334424
0.8901041666666561,0.001911007217131555,0.006604461930692196,0.027557794004678726,-0.011366176418960094,4.334424
0.8906249999999895,0.0018315096385776997,0.0064105382189154625,0.02714923396706581,-0.011002016253769398,4.334424
0.8911458333333228,0.001758430851623416,0.006228139623999596,0.026718145236372948,-0.010659132152795792,4.334424
0.8916666666666561,0.0016913526924327016,0.006055515259504318,0.026276953518390656,-0.010333496145904064,4.334424
0.8921874999999894,0.0016298065893352032,0.005891792476177216,0.025834165513515472,-0.010023979470133781,4.334424
0.8927083333333227,0.0015732961473986506,0.005736614111810923,0.02539575845003128,-0.009728911332786083,4.334424
0.893229166666656,0.0015213278820738196,0.005589083302766085,0.024963317438960075,-0.009446747601032257,4.334424
0.8937499999999893,0.001473490847274661,0.005448644049465656,0.024540415033698082,-0.00917725171893835,4.334424
0.8942708333333226,0.001429390162229538,0.005314669106155634,0.024128226563334465,-0.008918972685933113,4.334424
0.8947916666666559,0.0013887026580050588,0.005187158938497305,0.023728037253022194,-0.00867269653826952,4.334424
0.8953124999999892,0.0013510979479178786,0.005065130535513163,0.02333887852728367,-0.008436526171863079,4.334424
0.8958333333333225,0.0013162997784093022,0.004948529880493879,0.02296287938952446,-0.00821023527532816,4.334424
0.8963541666666558,0.0012840521521866322,0.004836901556700468,0.0225979071110487,-0.007993178442120552,4.334424
0.8968749999999891,0.0012541458709165454,0.004729812499135733,0.022245388478040695,-0.007785182911902666,4.334424
0.8973958333333224,0.0012263755779713392,0.0046271285973489285,0.021904457360506058,-0.007585981395095587,4.334424
0.8979166666666557,0.0012005429016426206,0.004528611432760954,0.02157524600625038,-0.007394521497189999,4.334424
0.898437499999989,0.0011764845112338662,0.004433886613696814,0.021256329491734505,-0.0072105033323168755,4.334424
0.8989583333333223,0.001154054538346827,0.004342625383287668,0.020948363468050957,-0.007033657748252153,4.334424
0.8994791666666556,0.0011331168934702873,0.004254817962646484,0.020650308579206467,-0.006863939575850964,4.334424
0.8999999999999889,0.0011140512069687247,0.004183126613497734,0.020364588126540184,-0.006702981423586607,4.334424
0.9005208333333222,0.0010973806492984295,0.004119365941733122,0.020092733204364777,-0.006552176550030708,4.334424
