Time,Pistoning (suspension_slide),Angle_X,Angle_Y,Angle_Z,Mean_Wall_Time_Sec
0.0005208333333333333,2.3930475435918197e-05,0.00022335967514663935,-7.326797913265182e-06,-5.116585816722363e-05,9.137937
0.0010416666666666667,2.792835766740609e-05,0.00032017118064686656,-5.692548938895925e-07,-7.151573663577437e-05,9.137937
0.0015625,3.095249485340901e-05,0.000406393053708598,1.4108370123722125e-05,-8.939202962210402e-05,9.137937
0.0020833333333333333,3.3880442060763016e-05,0.0004912161966785789,2.612886601127684e-05,-0.00010663383000064641,9.137937
0.0026041666666666665,3.669960278784856e-05,0.000571895157918334,3.6645436921389773e-05,-0.00012293324107304215,9.137937
0.0031249999999999997,3.940775786759332e-05,0.0006518790614791214,4.6542158088414e-05,-0.00013855882571078837,9.137937
0.003645833333333333,4.2021169065264985e-05,0.000729470863007009,5.596540722763166e-05,-0.00015402377175632864,9.137937
0.004166666666666667,4.4538781367009506e-05,0.0008026955183595419,6.493273394880816e-05,-0.00016886500816326588,9.137937
0.0046875,4.694647577707656e-05,0.0008719906909391284,7.69116377341561e-05,-0.00018472611554898322,9.137937
0.005208333333333333,4.926785550196655e-05,0.0009371835622005165,8.98418584256433e-05,-0.00020002022210974246,9.137937
0.005729166666666666,5.151253935764544e-05,0.0009991375263780355,0.00010251106868963689,-0.00021478957205545157,9.137937
0.0062499999999999995,5.3682641009800136e-05,0.0010605202987790108,0.00011463962437119335,-0.00022910491679795086,9.137937
0.006770833333333333,5.576954208663665e-05,0.0011213108664378524,0.00012753954797517508,-0.0002439724194118753,9.137937
0.007291666666666666,5.7763380027608946e-05,0.001179407467134297,0.00013700516137760133,-0.000256357598118484,9.137937
0.007812499999999999,5.968408004264347e-05,0.0012351698242127895,0.00014562990691047162,-0.00026765104848891497,9.137937
0.008333333333333333,6.153627327876166e-05,0.0012905728071928024,0.0001547889260109514,-0.0002793643798213452,9.137937
0.008854166666666666,6.330946780508384e-05,0.0013442763593047857,0.00016361285815946758,-0.0002904378925450146,9.137937
0.009375,6.502191536128521e-05,0.0013917217729613185,0.00017172325169667602,-0.0003000676224473864,9.137937
0.009895833333333333,6.667448178632185e-05,0.0014361749636009336,0.00017932795162778348,-0.00030897435499355197,9.137937
0.010416666666666666,6.826946628279984e-05,0.0014797376934438944,0.00018717595958150923,-0.00031793335801921785,9.137937
0.0109375,6.973523704800755e-05,0.0015218090265989304,0.0001944781979545951,-0.00032689052750356495,9.137937
0.011458333333333333,7.054248999338597e-05,0.001551736262626946,0.0001971232268260792,-0.0003347072924952954,9.137937
0.011979166666666666,7.135226769605651e-05,0.00158043357077986,0.0001991156314034015,-0.0003422374138608575,9.137937
0.012499999999999999,7.211894262582064e-05,0.0016088592819869518,0.0002004459674935788,-0.00034975720336660743,9.137937
0.013020833333333332,7.286519394256175e-05,0.001636604079976678,0.00020231620874255896,-0.00035786096123047173,9.137937
0.013541666666666665,7.360747258644551e-05,0.0016642562113702297,0.00020377567852847278,-0.00036537443520501256,9.137937
0.014062499999999999,7.433617429342121e-05,0.001691907993517816,0.00020534003851935267,-0.0003728702722582966,9.137937
0.014583333333333332,7.504755194531754e-05,0.0017188105266541243,0.00020695601415354759,-0.00038015833706595004,9.137937
0.015104166666666665,7.573900802526623e-05,0.001745083020068705,0.00020883016986772418,-0.0003873736714012921,9.137937
0.015624999999999998,7.642635318916291e-05,0.0017700566677376628,0.00020999586558900774,-0.00039359641959890723,9.137937
0.01614583333333333,7.709823694312945e-05,0.0017930897884070873,0.00021145989012438804,-0.00039968176861293614,9.137937
0.016666666666666666,7.775203266646713e-05,0.0018155034631490707,0.00021302184904925525,-0.0004059334169141948,9.137937
0.0171875,7.840060425223783e-05,0.001838269061408937,0.00021434393420349807,-0.00041206329478882253,9.137937
0.017708333333333336,7.903354708105326e-05,0.0018605889054015279,0.00021551773534156382,-0.00041833476279862225,9.137937
0.01822916666666667,7.96763997641392e-05,0.0018828484462574124,0.00021691780420951545,-0.00042429708992131054,9.137937
0.018750000000000006,8.029040327528492e-05,0.0019053183495998383,0.00021871029457543045,-0.0004307344206608832,9.137937
0.01927083333333334,8.090316987363622e-05,0.0019277010578662157,0.0002205652854172513,-0.00043678947258740664,9.137937
0.019791666666666676,8.147906191879883e-05,0.0019492401042953134,0.00022184679983183742,-0.0004426674568094313,9.137937
0.02031250000000001,8.206081838579848e-05,0.0019702953286468983,0.0002228619414381683,-0.00044807285303249955,9.137937
0.020833333333333346,8.261155016953126e-05,0.001989856129512191,0.0002239621098851785,-0.00045354460598900914,9.137937
0.02135416666666668,8.314794831676409e-05,0.0020072911866009235,0.00022521162463817745,-0.00045833311742171645,9.137937
0.021875000000000016,8.367199188796803e-05,0.002024521352723241,0.00022663625713903457,-0.00046326732262969017,9.137937
0.02239583333333335,8.419003279414028e-05,0.0020415387116372585,0.00022767274640500546,-0.00046815749374218285,9.137937
0.022916666666666686,8.46967741381377e-05,0.00205849832855165,0.0002290930278832093,-0.00047285371692851186,9.137937
0.02343750000000002,8.518930553691462e-05,0.0020752428099513054,0.00023000598594080657,-0.0004772799729835242,9.137937
0.023958333333333356,8.567274926463142e-05,0.0020921954419463873,0.00023086366127245128,-0.0004819116147700697,9.137937
0.02447916666666669,8.614225225755945e-05,0.0021088835783302784,0.000232163438340649,-0.00048652905388735235,9.137937
0.025000000000000026,8.660579624120146e-05,0.0021253868471831083,0.0002331912110093981,-0.0004908662522211671,9.137937
0.02552083333333336,8.70535513968207e-05,0.002141806064173579,0.0002341630752198398,-0.0004955572658218443,9.137937
0.026041666666666696,8.74919569469057e-05,0.0021586718503385782,0.00023545634758193046,-0.000500293041113764,9.137937
0.02656250000000003,8.792636799626052e-05,0.0021744873374700546,0.0002361804072279483,-0.0005042779375799,9.137937
0.027083333333333365,8.834809705149382e-05,0.0021895866375416517,0.00023716122086625546,-0.0005083364667370915,9.137937
0.0276041666666667,8.875460480339825e-05,0.002203993033617735,0.00023786508245393634,-0.000512121245265007,9.137937
0.028125000000000035,8.916053775465116e-05,0.002217025263234973,0.00023890507873147726,-0.0005157795967534184,9.137937
0.02864583333333337,8.95549455890432e-05,0.002228441182523966,0.0002395984629401937,-0.0005191097152419388,9.137937
0.029166666666666705,8.994367090053856e-05,0.0022400342859327793,0.00024016914539970458,-0.000522326270584017,9.137937
0.02968750000000004,9.032317757373676e-05,0.0022516241297125816,0.0002408611762803048,-0.0005256636650301516,9.137937
0.030208333333333375,9.069450607057661e-05,0.0022633352782577276,0.00024161275359801948,-0.0005287064122967422,9.137937
0.03072916666666671,9.106021752813831e-05,0.0022754354868084192,0.0002428049047011882,-0.0005321481730788946,9.137937
0.03125000000000004,9.141761984210461e-05,0.0022872055415064096,0.00024353036133106798,-0.000535281898919493,9.137937
0.03177083333333337,9.176487947115675e-05,0.002298919716849923,0.00024446146562695503,-0.0005387659184634686,9.137937
0.032291666666666705,9.210030839312822e-05,0.002310422481968999,0.0002450938045512885,-0.000541895569767803,9.137937
0.032812500000000036,9.243089152732864e-05,0.002321840263903141,0.00024569506058469415,-0.0005455461796373129,9.137937
0.03333333333333337,9.275182674173266e-05,0.002333554672077298,0.00024669081903994083,-0.0005487173912115395,9.137937
0.0338541666666667,9.307107393397018e-05,0.002344754058867693,0.0002471400366630405,-0.0005514632794074714,9.137937
0.03437500000000003,9.338148083770648e-05,0.0023558326065540314,0.0002473281929269433,-0.0005539626581594348,9.137937
0.03489583333333336,9.368268365506083e-05,0.002366436179727316,0.00024762406246736646,-0.0005566106992773712,9.137937
0.035416666666666693,9.397652320330963e-05,0.002377190627157688,0.0002479774411767721,-0.0005594127578660846,9.137937
0.035937500000000025,9.426247561350465e-05,0.0023876724299043417,0.0002481293340679258,-0.0005622337339445949,9.137937
0.036458333333333356,9.454407700104639e-05,0.0023975300136953592,0.0002484300930518657,-0.0005646116915158927,9.137937
0.03697916666666669,9.482024324825034e-05,0.002407475607469678,0.00024889540509320796,-0.0005669526872225106,9.137937
0.03750000000000002,9.508492075838149e-05,0.0024169106036424637,0.0002492896164767444,-0.0005693758721463382,9.137937
0.03802083333333335,9.534587297821417e-05,0.0024253237061202526,0.00024917282280512154,-0.0005711202975362539,9.137937
0.03854166666666668,9.560093894833699e-05,0.002432663692161441,0.00024934386601671576,-0.0005725112860091031,9.137937
0.039062500000000014,9.585203952156007e-05,0.0024396427907049656,0.00024988738005049527,-0.0005742778885178268,9.137937
0.039583333333333345,9.609766857465729e-05,0.0024447981268167496,0.0002497245732229203,-0.0005759135237894952,9.137937
0.04010416666666668,9.634368325350806e-05,0.0024501015432178974,0.00024986962671391666,-0.0005770517163909972,9.137937
0.04062500000000001,9.657612099545076e-05,0.0024557618889957666,0.0002501020790077746,-0.0005784904351457953,9.137937
0.04114583333333334,9.681253141025081e-05,0.0024610902182757854,0.00024985329946503043,-0.0005790977738797665,9.137937
0.04166666666666667,9.704006515676156e-05,0.0024664541706442833,0.00024975583073683083,-0.0005806483677588403,9.137937
0.0421875,9.726703865453601e-05,0.002472025342285633,0.00024992291582748294,-0.0005820845253765583,9.137937
0.042708333333333334,9.749287710292265e-05,0.00247759185731411,0.0002499176189303398,-0.0005828740540891886,9.137937
0.043229166666666666,9.769629832589999e-05,0.0024826577864587307,0.0002497270761523396,-0.0005843592807650566,9.137937
0.04375,9.790169860934839e-05,0.0024879572447389364,0.00024963446776382625,-0.000585409754421562,9.137937
0.04427083333333333,9.810063056647778e-05,0.0024937675334513187,0.0002500436967238784,-0.000586859998293221,9.137937
0.04479166666666666,9.829374175751582e-05,0.0024994593113660812,0.0002503597061149776,-0.0005884527927264571,9.137937
0.04531249999999999,9.848352783592418e-05,0.0025049694813787937,0.00025050280964933336,-0.0005896042566746473,9.137937
0.04583333333333332,9.867212065728381e-05,0.002509914105758071,0.000250410899752751,-0.0005906778969801962,9.137937
0.046354166666666655,9.885983308777213e-05,0.0025154543109238148,0.0002501586568541825,-0.0005920464172959328,9.137937
0.046874999999999986,9.905463957693428e-05,0.0025207260623574257,0.0002501228591427207,-0.0005933872307650745,9.137937
0.04739583333333332,9.923518518917263e-05,0.0025265649892389774,0.00025031907716766,-0.0005947748431935906,9.137937
0.04791666666666665,9.941001189872622e-05,0.002531721256673336,0.00025058272876776755,-0.0005959808477200568,9.137937
0.04843749999999998,9.958104055840522e-05,0.0025371427182108164,0.0002507517929188907,-0.0005975644453428686,9.137937
0.04895833333333331,9.974811837309971e-05,0.0025421243626624346,0.0002508948964532465,-0.0005992574733681977,9.137937
0.049479166666666644,9.991676051868126e-05,0.00254766340367496,0.0002509136393200606,-0.0006004320457577705,9.137937
0.049999999999999975,0.00010008108802139759,0.0025530534330755472,0.0002509381156414747,-0.0006016025436110795,9.137937
0.050520833333333307,0.00010024405492004007,0.002558089094236493,0.00025077947066165507,-0.0006028219358995557,9.137937
0.05104166666666664,0.00010040225606644526,0.00256377668119967,0.0002506210294086486,-0.0006044661859050393,9.137937
0.05156249999999997,0.00010055521852336824,0.002569404197856784,0.00025043272762559354,-0.000605813751462847,9.137937
0.0520833333333333,0.00010070349526358768,0.0025750957429409027,0.00025068855029530823,-0.0006073162658140063,9.137937
0.05260416666666663,0.00010084766836371273,0.0025801253505051136,0.00025055257719941437,-0.0006081651081331074,9.137937
0.053124999999999964,0.00010098740312969312,0.0025853661354631186,0.00025069116964004934,-0.0006094544660300016,9.137937
0.053645833333333295,0.00010112817835761234,0.002590217161923647,0.00025070837000384927,-0.0006101857870817184,9.137937
0.05416666666666663,0.00010126303095603362,0.0025957219768315554,0.00025024270871654153,-0.0006114179268479347,9.137937
0.05468749999999996,0.00010138713696505874,0.002600635401904583,0.00025005213683471084,-0.0006127876113168895,9.137937
0.05520833333333329,0.00010150760499527678,0.00260549015365541,0.0002497366804163903,-0.0006142694037407637,9.137937
0.05572916666666662,0.00010163565457332879,0.0026105260476469994,0.0002500832488294691,-0.0006157695897854865,9.137937
0.05624999999999995,0.00010175802890444174,0.0026151465717703104,0.00025066465605050325,-0.000617216806858778,9.137937
0.056770833333333284,0.0001018735347315669,0.0026201484724879265,0.0002508897159714252,-0.0006181038334034383,9.137937
0.057291666666666616,0.00010198302334174514,0.0026245799381285906,0.0002506629971321672,-0.0006192740402184427,9.137937
0.05781249999999995,0.00010208841558778659,0.0026286521460860968,0.0002508021134417504,-0.0006202846998348832,9.137937
0.05833333333333328,0.00010219157411484048,0.0026321259792894125,0.0002511794154997915,-0.0006209760322235525,9.137937
0.05885416666666661,0.00010229542385786772,0.0026357187889516354,0.00025113907759077847,-0.0006217826157808304,9.137937
0.05937499999999994,0.0001023954464471899,0.0026386245153844357,0.000251037476118654,-0.0006223187665455043,9.137937
0.05989583333333327,0.00010249907791148871,0.002641834318637848,0.0002513162326067686,-0.0006234184256754816,9.137937
0.060416666666666605,0.00010259375994792208,0.0026445877738296986,0.00025138197815977037,-0.0006239607464522123,9.137937
0.060937499999999936,0.00010268529877066612,0.0026469214353710413,0.00025136247859336436,-0.0006239698850549757,9.137937
0.06145833333333327,0.00010277748515363783,0.0026491975877434015,0.00025130834546871483,-0.0006245449185371399,9.137937
0.0619791666666666,0.00010287451732438058,0.0026516534853726625,0.0002513393119443208,-0.000625117972958833,9.137937
0.06249999999999993,0.00010297004337189719,0.002654019743204117,0.0002514278166927397,-0.0006257875938899815,9.137937
0.06302083333333326,0.000103057871456258,0.002655278192833066,0.0002515329688321799,-0.0006262465612962842,9.137937
0.0635416666666666,0.0001031358478940092,0.002656024182215333,0.0002516884414944798,-0.0006260452209971845,9.137937
0.06406249999999993,0.0001032271102303639,0.002656979952007532,0.00025167581043206155,-0.0006259781657718122,9.137937
0.06458333333333326,0.00010330252553103492,0.0026573108043521643,0.0002517367829568684,-0.0006260358495637774,9.137937
0.06510416666666659,0.0001033855733112432,0.002657489385455847,0.00025168154388666153,-0.000626094697508961,9.137937
0.06562499999999992,0.00010346053022658452,0.002657728735357523,0.00025168494903482497,-0.0006260845111683011,9.137937
0.06614583333333325,0.00010353839752497151,0.002657733391970396,0.0002514430962037295,-0.0006268324796110392,9.137937
0.06666666666666658,0.00010362517787143588,0.002658125478774309,0.00025162557722069323,-0.0006272468017414212,9.137937
0.06718749999999991,0.0001037112160702236,0.0026585145387798548,0.00025183416437357664,-0.0006273669423535466,9.137937
0.06770833333333325,0.00010378807201050222,0.002658814424648881,0.00025174845359288156,-0.0006276911590248346,9.137937
0.06822916666666658,0.00010386788926552981,0.002659114310517907,0.00025186766288243234,-0.0006278081564232707,9.137937
0.06874999999999991,0.00010394772834843025,0.002659384859725833,0.00025190319865942,-0.0006279202061705291,9.137937
0.06927083333333324,0.00010402950283605605,0.002659654477611184,0.00025199330411851406,-0.0006280663073994219,9.137937
0.06979166666666657,0.00010411167750135064,0.0026600738056004047,0.0002521182468626648,-0.0006282694521360099,9.137937
0.0703124999999999,0.00010418779856991023,0.002660105936229229,0.000252148718573153,-0.0006283566472120583,9.137937
0.07083333333333323,0.00010426727385492995,0.0026605527382344007,0.00025233032647520304,-0.0006280946545302868,9.137937
0.07135416666666657,0.00010434656724100932,0.002660853322595358,0.0002524495357647538,-0.0006282414542511106,9.137937
0.0718749999999999,0.00010442620987305418,0.0026612121146172285,0.00025245457072742283,-0.0006283576367422938,9.137937
0.07239583333333323,0.00010450043191667646,0.0026615711394697428,0.0002525737800169736,-0.0006285931449383497,9.137937
0.07291666666666656,0.00010458171891514212,0.002661751117557287,0.000252399971941486,-0.0006288186996243894,9.137937
0.07343749999999989,0.00010465664672665298,0.0026620524004101753,0.00025263766292482615,-0.0006290556048043072,9.137937
0.07395833333333322,0.00010472821304574609,0.0026624402962625027,0.0002525228774175048,-0.0006292631151154637,9.137937
0.07447916666666655,0.00010480602213647217,0.00266274088062346,0.00025264208670705557,-0.0006293801707215607,9.137937
0.07499999999999989,0.00010488490806892514,0.00266318884678185,0.00025276633095927536,-0.0006296428618952632,9.137937
0.07552083333333322,0.00010495517199160531,0.0026634589303284883,0.0002528855111449957,-0.0006297598010860384,9.137937
0.07604166666666655,0.00010502753139007837,0.0026637862902134657,0.00025271173217333853,-0.0006298140506260097,9.137937
0.07656249999999988,0.00010509927233215421,0.0026639963034540415,0.0002529217454139143,-0.0006297596264630556,9.137937
0.07708333333333321,0.00010516375914448872,0.002664565807208419,0.00025292037753388286,-0.0006300830864347517,9.137937
0.07760416666666654,0.000105240338598378,0.0026648063212633133,0.00025295591331087053,-0.0006300784298218787,9.137937
0.07812499999999988,0.00010530421423027292,0.0026647786144167185,0.00025298772379755974,-0.0006302467663772404,9.137937
0.0786458333333332,0.00010537564230617136,0.002665049396455288,0.00025302261929027736,-0.0006304524722509086,9.137937
0.07916666666666654,0.00010545093391556293,0.002665524138137698,0.0002529331832192838,-0.0006304470589384437,9.137937
0.07968749999999987,0.00010552629828453064,0.002665764419361949,0.00025299855042248964,-0.0006303884438239038,9.137937
0.0802083333333332,0.00010560121154412627,0.0026660338044166565,0.0002529389748815447,-0.0006305637652985752,9.137937
0.08072916666666653,0.0001056784312822856,0.002666303887963295,0.0002529745106585324,-0.0006306185969151556,9.137937
0.08124999999999986,0.00010575105989119038,0.002666305750608444,0.00025324756279587746,-0.0006304102134890854,9.137937
0.0817708333333332,0.00010582525283098221,0.0026663679163903,0.000253194390097633,-0.0006304618436843157,9.137937
0.08229166666666653,0.00010589736484689638,0.0026666379999369383,0.00025337390252389014,-0.0006306980503723025,9.137937
0.08281249999999986,0.00010596393985906616,0.0026668428909033537,0.00025320061831735075,-0.0006299857632257044,9.137937
0.08333333333333319,0.00010603457485558465,0.0026671728119254112,0.00025337940314784646,-0.0006301897228695452,9.137937
0.08385416666666652,0.00010609827586449683,0.0026673846878111362,0.0002533844963181764,-0.0006303060799837112,9.137937
0.08437499999999985,0.00010617270163493231,0.002667622407898307,0.0002534810046199709,-0.0006301886169239879,9.137937
0.08489583333333318,0.00010624380229273811,0.002668010303750634,0.0002534220984671265,-0.0006301585235632956,9.137937
0.08541666666666652,0.0001063097661244683,0.002668249187991023,0.00025348301278427243,-0.0006301536923274398,9.137937
0.08593749999999985,0.00010637273226166144,0.0026685784105211496,0.0002534583618398756,-0.000630272610578686,9.137937
0.08645833333333318,0.00010644052235875279,0.0026688785292208195,0.0002534931991249323,-0.000630214053671807,9.137937
0.08697916666666651,0.00010650276817614213,0.0026692666579037905,0.00025342783192172647,-0.000630444788839668,9.137937
0.08749999999999984,0.00010656393715180457,0.0026694145053625107,0.0002534342638682574,-0.0006304390262812376,9.137937
0.08802083333333317,0.00010663019929779693,0.002669476205483079,0.00025323135196231306,-0.000630397058557719,9.137937
0.0885416666666665,0.00010669809125829488,0.002669895999133587,0.0002532611833885312,-0.000630720576737076,9.137937
0.08906249999999984,0.00010676449892343953,0.0026699004229158163,0.00025341083528473973,-0.0006310635362751782,9.137937
0.08958333333333317,0.000106835323094856,0.002669874345883727,0.00025347626069560647,-0.0006312095792964101,9.137937
0.0901041666666665,0.0001068949859472923,0.0026701437309384346,0.00025344849564135075,-0.0006312597543001175,9.137937
0.09062499999999983,0.00010696149547584355,0.00267026643268764,0.0002535982057452202,-0.0006314611528068781,9.137937
0.09114583333333316,0.0001070318539859727,0.0026705972850322723,0.00025366287445649505,-0.0006316370563581586,9.137937
0.0916666666666665,0.00010709717025747523,0.0026709253434091806,0.0002537522232159972,-0.0006319022504612803,9.137937
0.09218749999999983,0.00010716282849898562,0.0026711663231253624,0.0002540283021517098,-0.0006318710511550307,9.137937
0.09270833333333316,0.00010722772276494652,0.0026714953128248453,0.00025408787769265473,-0.0006319052190519869,9.137937
0.09322916666666649,0.00010729450877988711,0.0026717670261859894,0.00025423825718462467,-0.0006319586536847055,9.137937
0.09374999999999982,0.0001073632447514683,0.002672032918781042,0.00025418438599444926,-0.0006320739048533142,9.137937
0.09427083333333315,0.00010742295125965029,0.0026722715701907873,0.0002539473061915487,-0.0006318609230220318,9.137937
0.09479166666666648,0.00010747915803221986,0.002672631526365876,0.0002541255089454353,-0.0006319804233498871,9.137937
0.09531249999999981,0.0001075445325113833,0.0026727516669780016,0.00025422131875529885,-0.0006318636587820947,9.137937
0.09583333333333315,0.00010760565783130005,0.0026730503886938095,0.0002541333087719977,-0.0006319163367152214,9.137937
0.09635416666666648,0.00010765993647510186,0.0026732611004263163,0.00025419361190870404,-0.0006320003303699195,9.137937
0.09687499999999981,0.00010771999950520694,0.002673589624464512,0.000254199345363304,-0.0006320892716757953,9.137937
0.09739583333333314,0.00010778296564240009,0.0026739484164863825,0.0002541746071074158,-0.000632027571555227,9.137937
0.09791666666666647,0.00010783502511912957,0.002674068557098508,0.0002542653528507799,-0.0006320824031718075,9.137937
0.0984374999999998,0.0001078917266568169,0.002674310002475977,0.0002542944857850671,-0.0006326656439341605,9.137937
0.09895833333333313,0.00010794848640216514,0.0026746115181595087,0.00025438820011913776,-0.0006328397430479527,9.137937
0.09947916666666647,0.00010800705786095932,0.002674792893230915,0.00025444780476391315,-0.0006330734468065202,9.137937
0.0999999999999998,0.00010806456702994183,0.0026752129197120667,0.000254657119512558,-0.0006332485354505479,9.137937
0.10052083333333313,0.00010812115215230733,0.002675513504073024,0.0002546628820709884,-0.0006332456832751632,9.137937
0.10104166666666646,0.00010817185102496296,0.0026756911538541317,0.0002547828189563006,-0.0006332772900350392,9.137937
0.10156249999999979,0.00010822774493135512,0.0026760499458760023,0.00025481832562945783,-0.0006333636702038348,9.137937
0.10208333333333312,0.00010828912490978837,0.002676527015864849,0.00025484804064035416,-0.000633451621979475,9.137937
0.10260416666666645,0.00010834103886736557,0.0026766201481223106,0.0002549680066294968,-0.0006335687940008938,9.137937
0.10312499999999979,0.0001083988172467798,0.002677036914974451,0.0002548842749092728,-0.0006336519145406783,9.137937
0.10364583333333312,0.00010844777716556564,0.002677277661859989,0.00025503328652121127,-0.0006337398663163185,9.137937
0.10416666666666645,0.00010850388207472861,0.0026776359882205725,0.0002550383796915412,-0.0006337385857477784,9.137937
0.10468749999999978,0.0001085633848560974,0.0026779635809361935,0.00025512915453873575,-0.0006337969098240137,9.137937
0.10520833333333311,0.00010861651389859617,0.0026782348286360502,0.00025527889374643564,-0.0006339753163047135,9.137937
0.10572916666666644,0.00010867101809708402,0.002678175922483206,0.0002552277292124927,-0.0006336749065667391,9.137937
0.10624999999999978,0.00010871562699321657,0.0026785656809806824,0.00025540217757225037,-0.0006339046522043645,9.137937
0.1067708333333331,0.00010876182932406664,0.0026786255184561014,0.00025532059953548014,-0.0006335473735816777,9.137937
0.10729166666666644,0.00010880935587920249,0.0026790129486471415,0.00025535179884172976,-0.0006336926016956568,9.137937
0.10781249999999977,0.0001088545031961985,0.0026791938580572605,0.00025535686290822923,-0.0006338096573017538,9.137937
0.1083333333333331,0.00010890315752476454,0.0026796406600624323,0.0002552121877670288,-0.0006336602382361889,9.137937
0.10885416666666643,0.00010895748710026965,0.0026798497419804335,0.0002552731893956661,-0.000633712625131011,9.137937
0.10937499999999976,0.00010899749759119004,0.002680206671357155,0.0002553029917180538,-0.0006336880614981055,9.137937
0.1098958333333331,0.00010904629016295075,0.002680565696209669,0.0002553392550908029,-0.0006337994709610939,9.137937
0.11041666666666643,0.00010909360571531579,0.0026806590612977743,0.00025560884387232363,-0.0006339189712889493,9.137937
0.11093749999999976,0.00010914298036368564,0.002681075595319271,0.0002555847750045359,-0.0006338273524306715,9.137937
0.11145833333333309,0.00010918859334196895,0.0026814057491719723,0.00025557904154993594,-0.0006339470855891705,9.137937
0.11197916666666642,0.00010922546061920002,0.002681613666936755,0.00025627785362303257,-0.0006334296776913106,9.137937
0.11249999999999975,0.00010926144750555977,0.0026819133199751377,0.0002562784939073026,-0.0006335741491056979,9.137937
0.11302083333333308,0.00010930597636615857,0.0026821831706911325,0.0002562842855695635,-0.0006335446378216147,9.137937
0.11354166666666642,0.00010935417958535254,0.00268253730610013,0.00025610614102333784,-0.0006333015044219792,9.137937
0.11406249999999975,0.00010939109051832929,0.0026828667614609003,0.00025614030892029405,-0.0006335700745694339,9.137937
0.11458333333333308,0.00010943205415969715,0.0026831384748220444,0.00025620058295316994,-0.0006335365469567478,9.137937
0.11510416666666641,0.0001094690160243772,0.0026835561729967594,0.00025635608471930027,-0.0006335368379950523,9.137937
0.11562499999999974,0.00010950893192784861,0.0026837349869310856,0.0002563559974078089,-0.0006336536607705057,9.137937
0.11614583333333307,0.0001095482220989652,0.0026839750353246927,0.00025633195764385164,-0.0006336806691251695,9.137937
0.1166666666666664,0.00010958976054098457,0.0026845408137887716,0.00025630148593336344,-0.0006337969680316746,9.137937
0.11718749999999974,0.0001096205523936078,0.002684870269149542,0.0002563298912718892,-0.0006338891107589006,9.137937
0.11770833333333307,0.0001096606210921891,0.002684990642592311,0.0002565064060036093,-0.0006339979008771479,9.137937
0.1182291666666664,0.00010969495633617043,0.0026852902956306934,0.00025639295927248895,-0.000633966934401542,9.137937
0.11874999999999973,0.0001097237181966193,0.0026849694550037384,0.00025630919844843447,-0.0006345334113575518,9.137937
0.11927083333333306,0.0001097557251341641,0.002685356652364135,0.00025636955979280174,-0.0006345951114781201,9.137937
0.1197916666666664,0.00010978341015288606,0.0026858036871999502,0.0002563745656516403,-0.0006346243899315596,9.137937
0.12031249999999973,0.00010981479135807604,0.00268622487783432,0.0002566123439464718,-0.0006349518662318587,9.137937
0.12083333333333306,0.00010984305117744952,0.0026865832041949034,0.00025661734980531037,-0.0006350679323077202,9.137937
0.12135416666666639,0.00010987274436047301,0.002686732215806842,0.0002566180774010718,-0.0006351808551698923,9.137937
0.12187499999999972,0.00010990541341016069,0.00268717878498137,0.000256562780123204,-0.000635066069662571,9.137937
0.12239583333333305,0.00010993808973580599,0.00268744770437479,0.00025659395032562315,-0.0006350630428642035,9.137937
0.12291666666666638,0.00010996787750627846,0.002687864936888218,0.0002565691829659045,-0.0006351775955408812,9.137937
0.12343749999999971,0.00011000045196851715,0.0026881638914346695,0.00025659395032562315,-0.0006351788179017603,9.137937
0.12395833333333305,0.0001100332519854419,0.0026886994019150734,0.0002565691829659045,-0.0006351186893880367,9.137937
0.12447916666666638,0.00011006277054548264,0.0026888814754784107,0.0002565444738138467,-0.0006352333002723753,9.137937
0.12499999999999971,0.00011009733134415,0.0026891501620411873,0.00025657928199507296,-0.0006354354554787278,9.137937
0.12552083333333305,0.00011012671166099608,0.002689419547095895,0.0002566046896390617,-0.0006355186342261732,9.137937
0.12604166666666639,0.00011015882046194747,0.002689720829948783,0.0002566687180660665,-0.0006355811492539942,9.137937
0.12656249999999972,0.00011018865188816562,0.002689843066036701,0.0002568495983723551,-0.0006358713144436479,9.137937
0.12708333333333305,0.0001102194728446193,0.0026901725213974714,0.00025688440655358136,-0.0006358689861372113,9.137937
0.12760416666666638,0.00011025238927686587,0.0026903555262833834,0.00025709308101795614,-0.0006363114807754755,9.137937
0.1281249999999997,0.00011028568405890837,0.0026904214173555374,0.0002573321689851582,-0.0006368350004777312,9.137937
0.12864583333333304,0.00011031806207029149,0.002690959023311734,0.00025745504535734653,-0.0006372170173563063,9.137937
0.12916666666666637,0.00011035091301891953,0.0026912600733339787,0.0002575146500021219,-0.0006372737698256969,9.137937
0.1296874999999997,0.00011038241791538894,0.0026915594935417175,0.0002575742546468973,-0.0006374793592840433,9.137937
0.13020833333333304,0.0001104061448131688,0.0026920377276837826,0.00025781840668059886,-0.000637486984487623,9.137937
0.13072916666666637,0.00011043947597499937,0.0026922475080937147,0.0002579397114459425,-0.000637395482044667,9.137937
0.1312499999999997,0.0001104750917875208,0.0026926069986075163,0.00025799928698688745,-0.0006375705124810338,9.137937
0.13177083333333303,0.00011050373723264784,0.002692934824153781,0.0002579745196271688,-0.0006377769750542939,9.137937
0.13229166666666636,0.0001105317278415896,0.0026934691704809666,0.0002580653235781938,-0.0006374882650561631,9.137937
0.1328124999999997,0.0001105597402784042,0.002693827962502837,0.00025815973640419543,-0.0006376350647769868,9.137937
0.13333333333333303,0.00011058508971473202,0.0026939804665744305,0.00025803918833844364,-0.0006378657417371869,9.137937
0.13385416666666636,0.0001106040581362322,0.002694218186661601,0.00025780583382584155,-0.000637860328424722,9.137937
0.1343749999999997,0.00011063286365242675,0.002694454276934266,0.0002577191626187414,-0.0006377306999638677,9.137937
0.13489583333333302,0.00011066284059779719,0.0026946929283440113,0.0002576348197180778,-0.000637610035482794,9.137937
0.13541666666666635,0.0001106857307604514,0.002694996539503336,0.0002578078710939735,-0.0006381098064593971,9.137937
0.13593749999999968,0.00011071492190239951,0.0026953851338475943,0.00025799241848289967,-0.000638199329841882,9.137937
0.13645833333333302,0.00011074426583945751,0.0026954463683068752,0.00025781942531466484,-0.0006381078856065869,9.137937
0.13697916666666635,0.00011077419185312465,0.0026959236711263657,0.000257819308899343,-0.000638364115729928,9.137937
0.13749999999999968,0.00011079374962719157,0.002696194453164935,0.0002578535059001297,-0.0006384563748724759,9.137937
0.138020833333333,0.00011081708362326026,0.0026965222787111998,0.0002579734427854419,-0.0006385733722709119,9.137937
0.13854166666666634,0.00011084503785241395,0.0026969388127326965,0.0002579202700871974,-0.0006383071304298937,9.137937
0.13906249999999967,0.00011087894381489605,0.002697120187804103,0.00025809972430579364,-0.000638456316664815,9.137937
0.139583333333333,0.00011090628686361015,0.002697539748623967,0.0002581345906946808,-0.0006385726155713201,9.137937
0.14010416666666634,0.00011093422654084861,0.0026977774687111378,0.00025807495694607496,-0.0006386300083249807,9.137937
0.14062499999999967,0.00011095508671132848,0.0026981376577168703,0.00025816436391323805,-0.0006387752946466208,9.137937
0.141145833333333,0.00011097591050202027,0.0026984948199242353,0.0002582601737231016,-0.0006388905458152294,9.137937
0.14166666666666633,0.00011099399853264913,0.0026987039018422365,0.000258319778367877,-0.0006390671478584409,9.137937
0.14218749999999966,0.00011101310519734398,0.002699093660339713,0.0002583211462479085,-0.0006388590554706752,9.137937
0.142708333333333,0.00011103494034614414,0.0026993630453944206,0.0002582964370958507,-0.0006389182526618242,9.137937
0.14322916666666632,0.00011105362500529736,0.002699722070246935,0.0002584156463854015,-0.0006391537608578801,9.137937
0.14374999999999966,0.00011107201862614602,0.0027001691050827503,0.0002584802859928459,-0.0006390702328644693,9.137937
0.144270833333333,0.0001111041201511398,0.0027005868032574654,0.000258570333244279,-0.0006393868825398386,9.137937
0.14479166666666632,0.00011112102220067754,0.002700856886804104,0.00025854562409222126,-0.0006394145893864334,9.137937
0.14531249999999965,0.00011113678192486987,0.002700888318940997,0.0002585462643764913,-0.0006397046381607652,9.137937
0.14583333333333298,0.00011115537927253172,0.00270133838057518,0.00025863570044748485,-0.0006398790865205228,9.137937
0.1463541666666663,0.00011117176472907886,0.0027016387321054935,0.0002587009803391993,-0.0006399977137334645,9.137937
0.14687499999999964,0.00011120473209302872,0.0027020887937396765,0.0002588791830930859,-0.0006402928847819567,9.137937
0.14739583333333298,0.00011123104195576161,0.0027021486312150955,0.0002587643393781036,-0.0006402904982678592,9.137937
0.1479166666666663,0.00011124775483040139,0.002702627796679735,0.000258882821071893,-0.0006405822932720184,9.137937
0.14843749999999964,0.00011127036850666627,0.002702603815123439,0.00025936521706171334,-0.0006407599430531263,9.137937
0.14895833333333297,0.00011129261110909283,0.0027027546893805265,0.00025946172536350787,-0.0006406955071724951,9.137937
0.1494791666666663,0.00011131550127174705,0.0027032566722482443,0.00025972831645049155,-0.0006403230363503098,9.137937
0.14999999999999963,0.00011133494263049215,0.002703525824472308,0.00025982424267567694,-0.0006401753053069115,9.137937
0.15052083333333297,0.00011135519162053242,0.0027037656400352716,0.0002597405400592834,-0.0006400009151548147,9.137937
0.1510416666666663,0.0001113785183406435,0.002704095561057329,0.00025995055329985917,-0.0006402910803444684,9.137937
0.15156249999999963,0.00011139687558170408,0.0027042480651289225,0.00026004499522969127,-0.0006404693704098463,9.137937
0.15208333333333296,0.00011141665891045704,0.0027047288604080677,0.0002604629553388804,-0.0006407130276784301,9.137937
0.1526041666666663,0.00011143631127197295,0.0027050275821238756,0.00026046356651932,-0.0006407347973436117,9.137937
0.15312499999999962,0.00011145784083055332,0.0027054750826209784,0.00026052314206026495,-0.0006409396883100271,9.137937
0.15364583333333295,0.00011148615158163011,0.0027057130355387926,0.00026046356651932,-0.0006409970810636878,9.137937
0.15416666666666629,0.00011150541831739247,0.0027059533167630434,0.0002604693581815809,-0.0006409950437955558,9.137937
0.15468749999999962,0.00011153103696415201,0.002706460887566209,0.00026052826433442533,-0.0006410856731235981,9.137937
0.15520833333333295,0.00011155541142215952,0.002706819213926792,0.0002608334179967642,-0.0006409201887436211,9.137937
0.15572916666666628,0.00011157308472320437,0.0027072089724242687,0.0002609824587125331,-0.0006411854992620647,9.137937
0.1562499999999996,0.00011159119458170608,0.002707537729293108,0.0002610172377899289,-0.0006412725779227912,9.137937
0.15677083333333294,0.00011161361908307299,0.0027077493723481894,0.000261112378211692,-0.0006414460949599743,9.137937
0.15729166666666627,0.00011163169256178662,0.0027082248125225306,0.000260962697211653,-0.0006416468531824648,9.137937
0.1578124999999996,0.00011164946772623807,0.0027083749882876873,0.00026099247043021023,-0.0006417612312361598,9.137937
0.15833333333333294,0.0001116641506087035,0.0027088553179055452,0.0002612010866869241,-0.0006419661804102361,9.137937
0.15885416666666627,0.0001116800558520481,0.002709215274080634,0.00026123522548004985,-0.0006421470316126943,9.137937
0.1593749999999996,0.00011170083598699421,0.002709514694288373,0.00026129483012482524,-0.0006423228769563138,9.137937
0.15989583333333293,0.00011172294762218371,0.002709903521463275,0.00026141907437704504,-0.0006424696766771376,9.137937
0.16041666666666626,0.0001117456704378128,0.002710203640162945,0.0002615382836665958,-0.0006425866740755737,9.137937
0.1609374999999996,0.00011176784028066322,0.0027103556785732508,0.00026171913486905396,-0.0006428468623198569,9.137937
0.16145833333333293,0.00011178376735188067,0.0027105945628136396,0.00026202568551525474,-0.0006426211912184954,9.137937
0.16197916666666626,0.00011180516594322398,0.002711162669584155,0.00026238401187583804,-0.0006428341730497777,9.137937
0.1624999999999996,0.00011182422895217314,0.0027113710530102253,0.00026232583331875503,-0.0006425663596019149,9.137937
0.16302083333333292,0.00011184330651303753,0.002711579203605652,0.0002621229214128107,-0.0006424167659133673,9.137937
0.16354166666666625,0.00011186133633600548,0.0027120294980704784,0.0002624464104883373,-0.0006425671163015068,9.137937
0.16406249999999958,0.0001118779691751115,0.0027122972533106804,0.0002624528424348682,-0.0006425922620110214,9.137937
0.16458333333333292,0.00011189158976776525,0.0027126262430101633,0.00026239894214086235,-0.000642620783764869,9.137937
0.16510416666666625,0.00011190750228706747,0.002712955931201577,0.00026254801196046174,-0.0006428571068681777,9.137937
0.16562499999999958,0.00011192214151378721,0.002713405294343829,0.0002626664936542511,-0.0006430651410482824,9.137937
0.1661458333333329,0.00011193997488589957,0.0027135848067700863,0.0002626721980050206,-0.0006432044319808483,9.137937
0.16666666666666624,0.00011195868864888325,0.0027139761950820684,0.0002628262445796281,-0.0006432958762161434,9.137937
0.16718749999999957,0.00011197263665962964,0.0027140413876622915,0.0002627327339723706,-0.0006443461170420051,9.137937
0.1677083333333329,0.00011198885476915166,0.0027143415063619614,0.00026279804296791553,-0.0006445153267122805,9.137937
0.16822916666666624,0.00011200068547623232,0.0027143999468535185,0.0002624177432153374,-0.0006442665471695364,9.137937
0.16874999999999957,0.00011201547022210434,0.002714757574722171,0.0002623269392643124,-0.0006444101454690099,9.137937
0.1692708333333329,0.00011203031317563727,0.002714284462854266,0.00026191756478510797,-0.0006444768514484167,9.137937
0.16979166666666623,0.00011205000191694126,0.002714524744078517,0.0002620069426484406,-0.0006445615435950458,9.137937
0.17031249999999956,0.00011206744238734245,0.0027147987857460976,0.0002624269691295922,-0.0006448286003433168,9.137937
0.1708333333333329,0.00011209008516743779,0.002715157577767968,0.00026248660287819803,-0.0006449150387197733,9.137937
0.17135416666666622,0.00011211082164663821,0.0027153666596859694,0.00026248657377436757,-0.0006450320361182094,9.137937
0.17187499999999956,0.00011213222023798153,0.0027158455923199654,0.00026258101570419967,-0.0006451507797464728,9.137937
0.1723958333333329,0.0001121504683396779,0.002716142451390624,0.0002627087524160743,-0.0006447412888519466,9.137937
0.17291666666666622,0.00011216817802051082,0.0027166183572262526,0.00026300811441615224,-0.0006446942570619285,9.137937
0.17343749999999955,0.00011218751751584932,0.002716918708756566,0.0002632784307934344,-0.0006449272623285651,9.137937
0.17395833333333288,0.00011220446322113276,0.0027171894907951355,0.0002633691765367985,-0.0006448390195146203,9.137937
0.1744791666666662,0.00011221737804589793,0.0027173999696969986,0.00026340983458794653,-0.0006449270877055824,9.137937
0.17499999999999954,0.00011223423643969,0.002717996248975396,0.0002636729332152754,-0.0006451683584600687,9.137937
0.17552083333333288,0.00011224899935768917,0.002718232572078705,0.0002637665020301938,-0.0006446396000683308,9.137937
0.1760416666666662,0.00011226314381929114,0.002718474017456174,0.0002638915029820055,-0.0006446150946430862,9.137937
0.17656249999999954,0.00011228890070924535,0.0027189517859369516,0.00026392631116323173,-0.0006447288324125111,9.137937
0.17708333333333287,0.00011231289681745693,0.0027192209381610155,0.0002639866142999381,-0.0006448202184401453,9.137937
0.1776041666666662,0.00011233369878027588,0.0027197550516575575,0.00026416819309815764,-0.0006445316248573363,9.137937
0.17812499999999953,0.00011234627163503319,0.002720081014558673,0.00026408451958559453,-0.0006444126483984292,9.137937
0.17864583333333287,0.00011235814599785954,0.002720404649153352,0.0002636076824273914,-0.0006441681180149317,9.137937
0.1791666666666662,0.00011237014405196533,0.0027206477243453264,0.0002638511941768229,-0.0006442909361794591,9.137937
0.17968749999999953,0.00011238636216148734,0.002720889402553439,0.000264089583652094,-0.0006445543840527534,9.137937
0.18020833333333286,0.00011240007734159008,0.00272139604203403,0.00026411935687065125,-0.0006447319174185395,9.137937
0.1807291666666662,0.00011241964239161462,0.002721515716984868,0.0002641257888171822,-0.0006447570049203932,9.137937
0.18124999999999952,0.00011243088374612853,0.002722055884078145,0.00026427480042912066,-0.000644963700324297,9.137937
0.18177083333333285,0.00011244429333601147,0.0027220584452152252,0.00026437133783474565,-0.0006449870998039842,9.137937
0.18229166666666619,0.00011245341011090204,0.002722417702898383,0.0002645153144840151,-0.0006453112000599504,9.137937
0.18281249999999952,0.00011246625945204869,0.002722480334341526,0.0002645515196491033,-0.0006454530521295965,9.137937
0.18333333333333285,0.00011247977818129584,0.0027228703256696463,0.00026467579300515354,-0.000645661202725023,9.137937
0.18385416666666618,0.00011249925591982901,0.00272325798869133,0.0002646510547492653,-0.0006456019473262131,9.137937
0.1843749999999995,0.00011251680552959442,0.0027231404092162848,0.00026441473164595664,-0.0006455883849412203,9.137937
0.18489583333333284,0.00011253426782786846,0.0027236216701567173,0.000264675822108984,-0.0006461491575464606,9.137937
0.18541666666666617,0.00011254858691245317,0.0027236216701567173,0.000264675822108984,-0.0006461491575464606,9.137937
0.1859374999999995,0.00011256375000812113,0.002723744371905923,0.0002646212524268776,-0.0006462885648943484,9.137937
0.18645833333333284,0.00011257785081397742,0.0027239504270255566,0.00026456802152097225,-0.0006463434547185898,9.137937
0.18697916666666617,0.00011259114398853853,0.002724076621234417,0.0002649277448654175,-0.0006465806509368122,9.137937
0.1874999999999995,0.00011261008330620825,0.002724551362916827,0.00026516892830841243,-0.000646261207293719,9.137937
0.18802083333333283,0.00011262434418313205,0.0027248503174632788,0.0002651441318448633,-0.0006464072503149509,9.137937
0.18854166666666616,0.00011263514898018911,0.0027252978179603815,0.0002651441318448633,-0.0006465226761065423,9.137937
0.1890624999999995,0.00011264884960837662,0.00272550736553967,0.00026512009208090603,-0.0006465503247454762,9.137937
0.18958333333333283,0.00011265611101407558,0.002725806087255478,0.0002652406692504883,-0.0006464902544394135,9.137937
0.19010416666666616,0.00011266671208431944,0.0027259245980530977,0.000265400274656713,-0.0006461098091676831,9.137937
0.1906249999999995,0.00011267860827501863,0.0027262268122285604,0.0002656677970662713,-0.0006464403704740107,9.137937
0.19114583333333282,0.00011269499373156577,0.002726525068283081,0.0002656501601450145,-0.0006463438039645553,9.137937
0.19166666666666615,0.00011270594404777512,0.0027267364785075188,0.0002657097647897899,-0.0006465221522375941,9.137937
0.19218749999999948,0.00011272271513007581,0.002727096201851964,0.0002658587764017284,-0.0006467874045483768,9.137937
0.19270833333333282,0.0001127386130974628,0.0027274570893496275,0.000265948154265061,-0.0006470511434599757,9.137937
0.19322916666666615,0.00011275197175564244,0.0027276368346065283,0.00026586244348436594,-0.0006472226232290268,9.137937
0.19374999999999948,0.00011276575969532132,0.0027280861977487803,0.00026604055892676115,-0.0006475176778621972,9.137937
0.1942708333333328,0.00011278432793915272,0.0027280861977487803,0.00026604055892676115,-0.0006475176778621972,9.137937
0.19479166666666614,0.0001128024305216968,0.002728329971432686,0.00026612853980623186,-0.0006479535368271172,9.137937
0.19531249999999947,0.00011281250044703484,0.002728598890826106,0.0002661888429429382,-0.0006481020827777684,9.137937
0.1958333333333328,0.00011282291961833835,0.002728598890826106,0.0002661888429429382,-0.0006481020827777684,9.137937
0.19635416666666614,0.00011283422645647079,0.002728598890826106,0.0002661888429429382,-0.0006481020827777684,9.137937
0.19687499999999947,0.00011284538777545094,0.002728598890826106,0.0002661888429429382,-0.0006481020827777684,9.137937
0.1973958333333328,0.00011286143126199022,0.002728598890826106,0.0002661888429429382,-0.0006481020827777684,9.137937
0.19791666666666613,0.0001128797375713475,0.002728598890826106,0.0002661888429429382,-0.0006481020827777684,9.137937
0.19843749999999946,0.00011289066605968401,0.0027288994751870632,0.0002662244369275868,-0.0006481571472249925,9.137937
0.1989583333333328,0.00011289915710221976,0.0027288994751870632,0.0002662244369275868,-0.0006481571472249925,9.137937
0.19947916666666612,0.00011290791007922962,0.0027293784078210592,0.00026640252326615155,-0.000648452085442841,9.137937
0.19999999999999946,0.00011291744885966182,0.0027296170592308044,0.0002664315979927778,-0.0006486857892014086,9.137937
0.2005208333333328,0.00011291625560261309,0.0027298862114548683,0.0002664373314473778,-0.0006488020881079137,9.137937
0.20104166666666612,0.00011293018906144425,0.0027303961105644703,0.00026652670931071043,-0.0006489491206593812,9.137937
0.20156249999999945,0.00011294363503111526,0.0027306638658046722,0.0002667715889401734,-0.0006489284569397569,9.137937
0.20208333333333278,0.00011295589501969516,0.0027306638658046722,0.0002667715889401734,-0.0006489284569397569,9.137937
0.2026041666666661,0.00011296750017208979,0.0027306638658046722,0.0002667715889401734,-0.0006489284569397569,9.137937
0.20312499999999944,0.00011297895980533212,0.0027306638658046722,0.0002667715889401734,-0.0006489284569397569,9.137937
0.20364583333333278,0.00011299183825030923,0.0027306638658046722,0.0002667715889401734,-0.0006489284569397569,9.137937
0.2041666666666661,0.00011300316691631451,0.0027306638658046722,0.0002667715889401734,-0.0006489284569397569,9.137937
0.20468749999999944,0.0001130154196289368,0.0027306638658046722,0.0002667715889401734,-0.0006489284569397569,9.137937
0.20520833333333277,0.0001130270175053738,0.0027306638658046722,0.0002667715889401734,-0.0006489284569397569,9.137937
0.2057291666666661,0.00011303854989819229,0.0027306638658046722,0.0002667715889401734,-0.0006489284569397569,9.137937
0.20624999999999943,0.00011305013322271407,0.0027306638658046722,0.0002667715889401734,-0.0006489284569397569,9.137937
0.20677083333333277,0.00011306085070827976,0.0027306638658046722,0.0002667715889401734,-0.0006489284569397569,9.137937
0.2072916666666661,0.00011307309614494443,0.0027306638658046722,0.0002667715889401734,-0.0006489284569397569,9.137937
0.20781249999999943,0.00011308515968266875,0.0027306638658046722,0.0002667715889401734,-0.0006489284569397569,9.137937
0.20833333333333276,0.00011309769615763798,0.0027306638658046722,0.0002667715889401734,-0.0006489284569397569,9.137937
0.2088541666666661,0.00011310947593301535,0.0027306638658046722,0.0002667715889401734,-0.0006489284569397569,9.137937
0.20937499999999942,0.00011312081915093586,0.0027306638658046722,0.0002667715889401734,-0.0006489284569397569,9.137937
0.20989583333333275,0.00011313294089632109,0.0027306638658046722,0.0002667715889401734,-0.0006489284569397569,9.137937
0.21041666666666609,0.00011314617586322129,0.0027306638658046722,0.0002667715889401734,-0.0006489284569397569,9.137937
0.21093749999999942,0.00011315821757307276,0.0027306638658046722,0.0002667715889401734,-0.0006489284569397569,9.137937
0.21145833333333275,0.00011317005555611104,0.0027306638658046722,0.0002667715889401734,-0.0006489284569397569,9.137937
0.21197916666666608,0.00011318194447085261,0.0027306638658046722,0.0002667715889401734,-0.0006489284569397569,9.137937
0.2124999999999994,0.00011319480836391449,0.0027306638658046722,0.0002667715889401734,-0.0006489284569397569,9.137937
0.21302083333333274,0.00011320746125420555,0.0027306638658046722,0.0002667715889401734,-0.0006489284569397569,9.137937
0.21354166666666607,0.00011321832425892353,0.0027306638658046722,0.0002667715889401734,-0.0006489284569397569,9.137937
0.2140624999999994,0.00011322915088385344,0.0027306638658046722,0.0002667715889401734,-0.0006489284569397569,9.137937
0.21458333333333274,0.00011324159277137369,0.0027306638658046722,0.0002667715889401734,-0.0006489284569397569,9.137937
0.21510416666666607,0.00011325367086101323,0.0027306638658046722,0.0002667715889401734,-0.0006489284569397569,9.137937
0.2156249999999994,0.00011326585809001699,0.0027306638658046722,0.0002667715889401734,-0.0006489284569397569,9.137937
0.21614583333333273,0.00011327741231070831,0.0027306638658046722,0.0002667715889401734,-0.0006489284569397569,9.137937
0.21666666666666606,0.0001132891557062976,0.0027306638658046722,0.0002667715889401734,-0.0006489284569397569,9.137937
0.2171874999999994,0.00011330231791362166,0.0027306638658046722,0.0002667715889401734,-0.0006489284569397569,9.137937
0.21770833333333273,0.00011331404675729573,0.0027306638658046722,0.0002667715889401734,-0.0006489284569397569,9.137937
0.21822916666666606,0.00011332606663927436,0.0027306638658046722,0.0002667715889401734,-0.0006489284569397569,9.137937
0.2187499999999994,0.00011333800648571923,0.0027306638658046722,0.0002667715889401734,-0.0006489284569397569,9.137937
0.21927083333333272,0.00011335067392792553,0.0027306638658046722,0.0002667715889401734,-0.0006489284569397569,9.137937
0.21979166666666605,0.00011336330499034375,0.0027306638658046722,0.0002667715889401734,-0.0006489284569397569,9.137937
0.22031249999999938,0.00011337477917550132,0.0027306638658046722,0.0002667715889401734,-0.0006489284569397569,9.137937
0.22083333333333272,0.00011338825424900278,0.0027306638658046722,0.0002667715889401734,-0.0006489284569397569,9.137937
0.22135416666666605,0.00011339985940139741,0.0027306638658046722,0.0002667715889401734,-0.0006489284569397569,9.137937
0.22187499999999938,0.00011341275967424735,0.0027306638658046722,0.0002667715889401734,-0.0006489284569397569,9.137937
0.2223958333333327,0.00011342611105646938,0.0027306638658046722,0.0002667715889401734,-0.0006489284569397569,9.137937
0.22291666666666604,0.00011343845835654065,0.0027306638658046722,0.0002667715889401734,-0.0006489284569397569,9.137937
0.22343749999999937,0.00011345019447617233,0.0027306638658046722,0.0002667715889401734,-0.0006489284569397569,9.137937
0.2239583333333327,0.00011346219980623573,0.0027306638658046722,0.0002667715889401734,-0.0006489284569397569,9.137937
0.22447916666666604,0.00011347447434673086,0.0027306638658046722,0.0002667715889401734,-0.0006489284569397569,9.137937
0.22499999999999937,0.0001134858830482699,0.0027306638658046722,0.0002667715889401734,-0.0006489284569397569,9.137937
0.2255208333333327,0.00011349922715453431,0.0027306638658046722,0.0002667715889401734,-0.0006489284569397569,9.137937
0.22604166666666603,0.00011351119610480964,0.0027306638658046722,0.0002667715889401734,-0.0006489284569397569,9.137937
0.22656249999999936,0.00011352259025443345,0.0027306638658046722,0.0002667715889401734,-0.0006489284569397569,9.137937
0.2270833333333327,0.00011353515583323315,0.0027306638658046722,0.0002667715889401734,-0.0006489284569397569,9.137937
0.22760416666666602,0.00011354701564414427,0.0027306638658046722,0.0002667715889401734,-0.0006489284569397569,9.137937
0.22812499999999936,0.00011355829337844625,0.0027306638658046722,0.0002667715889401734,-0.0006489284569397569,9.137937
0.2286458333333327,0.00011356976756360382,0.0027306638658046722,0.0002667715889401734,-0.0006489284569397569,9.137937
0.22916666666666602,0.00011358116171322763,0.0027306638658046722,0.0002667715889401734,-0.0006489284569397569,9.137937
0.22968749999999935,0.00011359251948306337,0.0027306638658046722,0.0002667715889401734,-0.0006489284569397569,9.137937
0.23020833333333268,0.00011360514326952398,0.0027306638658046722,0.0002667715889401734,-0.0006489284569397569,9.137937
0.230729166666666,0.00011361629731254652,0.0027306638658046722,0.0002667715889401734,-0.0006489284569397569,9.137937
0.23124999999999934,0.00011362944496795535,0.0027306638658046722,0.0002667715889401734,-0.0006489284569397569,9.137937
0.23177083333333268,0.00011364126112312078,0.0027306638658046722,0.0002667715889401734,-0.0006489284569397569,9.137937
0.232291666666666,0.0001136522987508215,0.0027306638658046722,0.0002667715889401734,-0.0006489284569397569,9.137937
0.23281249999999934,0.00011366546823410317,0.0027306638658046722,0.0002667715889401734,-0.0006489284569397569,9.137937
0.23333333333333267,0.00011367867409717292,0.0027306638658046722,0.0002667715889401734,-0.0006489284569397569,9.137937
0.233854166666666,0.00011369204730726779,0.0027306638658046722,0.0002667715889401734,-0.0006489284569397569,9.137937
0.23437499999999933,0.00011370396532583982,0.0027306638658046722,0.0002667715889401734,-0.0006489284569397569,9.137937
0.23489583333333267,0.00011371624714229256,0.0027306638658046722,0.0002667715889401734,-0.0006489284569397569,9.137937
0.235416666666666,0.0001137268336606212,0.0027306638658046722,0.0002667715889401734,-0.0006489284569397569,9.137937
0.23593749999999933,0.0001137382787419483,0.0027306638658046722,0.0002667715889401734,-0.0006489284569397569,9.137937
0.23645833333333266,0.00011375030589988455,0.0027306638658046722,0.0002667715889401734,-0.0006489284569397569,9.137937
0.236979166666666,0.00011376343900337815,0.0027306638658046722,0.0002667715889401734,-0.0006489284569397569,9.137937
0.23749999999999932,0.00011377628106856719,0.0027306638658046722,0.0002667715889401734,-0.0006489284569397569,9.137937
0.23802083333333265,0.00011378802446415648,0.0027306638658046722,0.0002667715889401734,-0.0006489284569397569,9.137937
0.23854166666666599,0.00011379869829397649,0.0027306638658046722,0.0002667715889401734,-0.0006489284569397569,9.137937
0.23906249999999932,0.00011381032527424395,0.0027306638658046722,0.0002667715889401734,-0.0006489284569397569,9.137937
0.23958333333333265,0.00011382123193470761,0.0027306638658046722,0.0002667715889401734,-0.0006489284569397569,9.137937
0.24010416666666598,0.00011383224045857787,0.0027306638658046722,0.0002667715889401734,-0.0006489284569397569,9.137937
0.2406249999999993,0.00011384312529116869,0.0027306638658046722,0.0002667715889401734,-0.0006489284569397569,9.137937
0.24114583333333264,0.00011385577818145975,0.0027306638658046722,0.0002667715889401734,-0.0006489284569397569,9.137937
0.24166666666666597,0.0001138665757025592,0.0027306638658046722,0.0002667715889401734,-0.0006489284569397569,9.137937
0.2421874999999993,0.00011387727136025205,0.0027306638658046722,0.0002667715889401734,-0.0006489284569397569,9.137937
0.24270833333333264,0.00011388858547434211,0.0027306638658046722,0.0002667715889401734,-0.0006489284569397569,9.137937
0.24322916666666597,0.00011389943392714486,0.0027306638658046722,0.0002667715889401734,-0.0006489284569397569,9.137937
0.2437499999999993,0.00011391042789909989,0.0027306638658046722,0.0002667715889401734,-0.0006489284569397569,9.137937
0.24427083333333263,0.00011392332817194983,0.0027306638658046722,0.0002667715889401734,-0.0006489284569397569,9.137937
0.24479166666666596,0.0001139340311056003,0.0027306638658046722,0.0002667715889401734,-0.0006489284569397569,9.137937
0.2453124999999993,0.00011394442844903097,0.0027306638658046722,0.0002667715889401734,-0.0006489284569397569,9.137937
0.24583333333333263,0.00011395556794013828,0.0027306638658046722,0.0002667715889401734,-0.0006489284569397569,9.137937
0.24635416666666596,0.000113966605567839,0.0027306638658046722,0.0002667715889401734,-0.0006489284569397569,9.137937
0.2468749999999993,0.00011397846537875012,0.0027306638658046722,0.0002667715889401734,-0.0006489284569397569,9.137937
0.24739583333333262,0.00011398966307751834,0.0027306638658046722,0.0002667715889401734,-0.0006489284569397569,9.137937
0.24791666666666595,0.00011400085350032896,0.0027306638658046722,0.0002667715889401734,-0.0006489284569397569,9.137937
0.24843749999999928,0.00011401360097806901,0.0027306638658046722,0.0002667715889401734,-0.0006489284569397569,9.137937
0.24895833333333262,0.00011402511881897226,0.0027306638658046722,0.0002667715889401734,-0.0006489284569397569,9.137937
0.24947916666666595,0.00011403669486753643,0.0027306638658046722,0.0002667715889401734,-0.0006489284569397569,9.137937
0.24999999999999928,0.00011404813267290592,0.0027306638658046722,0.0002667715889401734,-0.0006489284569397569,9.137937
0.25052083333333264,0.00011405988334445283,0.0027306638658046722,0.0002667715889401734,-0.0006489284569397569,9.137937
0.251041666666666,0.00011407193960621953,0.0027306638658046722,0.0002667715889401734,-0.0006489284569397569,9.137937
0.25156249999999936,0.00011408347199903801,0.0027306638658046722,0.0002667715889401734,-0.0006489284569397569,9.137937
0.2520833333333327,0.00011409534636186436,0.0027306638658046722,0.0002667715889401734,-0.0006489284569397569,9.137937
0.2526041666666661,0.00011410703882575035,0.0027306638658046722,0.0002667715889401734,-0.0006489284569397569,9.137937
0.25312499999999943,0.00011411856394261122,0.0027306638658046722,0.0002667715889401734,-0.0006489284569397569,9.137937
0.2536458333333328,0.00011413140600780025,0.0027306638658046722,0.0002667715889401734,-0.0006489284569397569,9.137937
0.25416666666666615,0.00011414390610298142,0.0027306638658046722,0.0002667715889401734,-0.0006489284569397569,9.137937
0.2546874999999995,0.0001141555403592065,0.0027306638658046722,0.0002667715889401734,-0.0006489284569397569,9.137937
0.25520833333333287,0.00011416630877647549,0.0027306638658046722,0.0002667715889401734,-0.0006489284569397569,9.137937
0.25572916666666623,0.00011417848872952163,0.0027306638658046722,0.0002667715889401734,-0.0006489284569397569,9.137937
0.2562499999999996,0.00011418916983529925,0.0027306638658046722,0.0002667715889401734,-0.0006489284569397569,9.137937
0.25677083333333295,0.00011419947986723855,0.0027306638658046722,0.0002667715889401734,-0.0006489284569397569,9.137937
0.2572916666666663,0.00011420989903854206,0.0027306638658046722,0.0002667715889401734,-0.0006489284569397569,9.137937
0.25781249999999967,0.00011422096577007324,0.0027306638658046722,0.0002667715889401734,-0.0006489284569397569,9.137937
0.258333333333333,0.00011423201067373157,0.0027306638658046722,0.0002667715889401734,-0.0006489284569397569,9.137937
0.2588541666666664,0.00011424370313761756,0.0027306638658046722,0.0002667715889401734,-0.0006489284569397569,9.137937
0.25937499999999974,0.00011425643606344238,0.0027306638658046722,0.0002667715889401734,-0.0006489284569397569,9.137937
0.2598958333333331,0.00011426745186327025,0.0027306638658046722,0.0002667715889401734,-0.0006489284569397569,9.137937
0.26041666666666646,0.00011428022116888314,0.0027306638658046722,0.0002667715889401734,-0.0006489284569397569,9.137937
0.2609374999999998,0.00011429308506194502,0.0027306638658046722,0.0002667715889401734,-0.0006489284569397569,9.137937
0.2614583333333332,0.00011430386075517163,0.0027306638658046722,0.0002667715889401734,-0.0006489284569397569,9.137937
0.26197916666666654,0.00011431555321905762,0.0027306638658046722,0.0002667715889401734,-0.0006489284569397569,9.137937
0.2624999999999999,0.00011432799510657787,0.0027306638658046722,0.0002667715889401734,-0.0006489284569397569,9.137937
0.26302083333333326,0.00011433928739279509,0.0027306638658046722,0.0002667715889401734,-0.0006489284569397569,9.137937
0.2635416666666666,0.00011434995394665748,0.0027306638658046722,0.0002667715889401734,-0.0006489284569397569,9.137937
0.2640625,0.00011436064960435033,0.0027306638658046722,0.0002667715889401734,-0.0006489284569397569,9.137937
0.26458333333333334,0.00011437159992055967,0.0027306638658046722,0.0002667715889401734,-0.0006489284569397569,9.137937
0.2651041666666667,0.00011438078217906877,0.0027306638658046722,0.0002667715889401734,-0.0006489284569397569,9.137937
0.26562500000000006,0.00011439273657742888,0.0027306638658046722,0.0002667715889401734,-0.0006489284569397569,9.137937
0.2661458333333334,0.00011440586240496486,0.0027306638658046722,0.0002667715889401734,-0.0006489284569397569,9.137937
0.2666666666666668,0.00011441778769949451,0.0027306638658046722,0.0002667715889401734,-0.0006489284569397569,9.137937
0.26718750000000013,0.00011443011317169294,0.0027306638658046722,0.0002667715889401734,-0.0006489284569397569,9.137937
0.2677083333333335,0.00011444280244177207,0.0027306638658046722,0.0002667715889401734,-0.0006489284569397569,9.137937
0.26822916666666685,0.00011445584095781669,0.0027306638658046722,0.0002667715889401734,-0.0006489284569397569,9.137937
0.2687500000000002,0.0001144683119491674,0.0027306638658046722,0.0002667715889401734,-0.0006489284569397569,9.137937
0.26927083333333357,0.00011448023724369705,0.0027306638658046722,0.0002667715889401734,-0.0006489284569397569,9.137937
0.26979166666666693,0.0001144919078797102,0.0027306638658046722,0.0002667715889401734,-0.0006489284569397569,9.137937
0.2703125000000003,0.00011450223973952234,0.0027306638658046722,0.0002667715889401734,-0.0006489284569397569,9.137937
0.27083333333333365,0.00011451483442215249,0.0027306638658046722,0.0002667715889401734,-0.0006489284569397569,9.137937
0.271354166666667,0.00011452680337242782,0.0027306638658046722,0.0002667715889401734,-0.0006489284569397569,9.137937
0.27187500000000037,0.00011453870683908463,0.0027306638658046722,0.0002667715889401734,-0.0006489284569397569,9.137937
0.2723958333333337,0.00011455147614469752,0.0027306638658046722,0.0002667715889401734,-0.0006489284569397569,9.137937
0.2729166666666671,0.00011456420179456472,0.0027306638658046722,0.0002667715889401734,-0.0006489284569397569,9.137937
0.27343750000000044,0.00011457590881036595,0.0027306638658046722,0.0002667715889401734,-0.0006489284569397569,9.137937
0.2739583333333338,0.00011458889639470726,0.0027306638658046722,0.0002667715889401734,-0.0006489284569397569,9.137937
0.27447916666666716,0.00011460237874416634,0.0027306638658046722,0.0002667715889401734,-0.0006489284569397569,9.137937
0.2750000000000005,0.00011461434041848406,0.0027306638658046722,0.0002667715889401734,-0.0006489284569397569,9.137937
0.2755208333333339,0.00011462624388514087,0.0027306638658046722,0.0002667715889401734,-0.0006489284569397569,9.137937
0.27604166666666724,0.0001146388822235167,0.0027306638658046722,0.0002667715889401734,-0.0006489284569397569,9.137937
0.2765625000000006,0.00011465131683507934,0.0027306638658046722,0.0002667715889401734,-0.0006489284569397569,9.137937
0.27708333333333396,0.00011466371506685391,0.0027306638658046722,0.0002667715889401734,-0.0006489284569397569,9.137937
0.2776041666666673,0.00011467649892438203,0.0027306638658046722,0.0002667715889401734,-0.0006489284569397569,9.137937
0.2781250000000007,0.00011468916636658832,0.0027306638658046722,0.0002667715889401734,-0.0006489284569397569,9.137937
0.27864583333333404,0.00011470046592876315,0.0027306638658046722,0.0002667715889401734,-0.0006489284569397569,9.137937
0.2791666666666674,0.0001147129078162834,0.0027306638658046722,0.0002667715889401734,-0.0006489284569397569,9.137937
0.27968750000000075,0.00011472478217910975,0.0027306638658046722,0.0002667715889401734,-0.0006489284569397569,9.137937
0.2802083333333341,0.00011473656195448712,0.0027306638658046722,0.0002667715889401734,-0.0006489284569397569,9.137937
0.2807291666666675,0.00011474949860712513,0.0027306638658046722,0.0002667715889401734,-0.0006489284569397569,9.137937
0.28125000000000083,0.00011476147483335808,0.0027306638658046722,0.0002667715889401734,-0.0006489284569397569,9.137937
0.2817708333333342,0.00011477329098852351,0.0027306638658046722,0.0002667715889401734,-0.0006489284569397569,9.137937
0.28229166666666755,0.0001147854927694425,0.0027306638658046722,0.0002667715889401734,-0.0006489284569397569,9.137937
0.2828125000000009,0.00011479796376079321,0.0027306638658046722,0.0002667715889401734,-0.0006489284569397569,9.137937
0.28333333333333427,0.0001148098599514924,0.0027306638658046722,0.0002667715889401734,-0.0006489284569397569,9.137937
0.28385416666666763,0.0001148213486885652,0.0027306638658046722,0.0002667715889401734,-0.0006489284569397569,9.137937
0.284375000000001,0.00011483337584650144,0.0027306638658046722,0.0002667715889401734,-0.0006489284569397569,9.137937
0.28489583333333435,0.00011484478454804048,0.0027306638658046722,0.0002667715889401734,-0.0006489284569397569,9.137937
0.2854166666666677,0.00011485704453662038,0.0027306638658046722,0.0002667715889401734,-0.0006489284569397569,9.137937
0.28593750000000107,0.0001148695228039287,0.0027306638658046722,0.0002667715889401734,-0.0006489284569397569,9.137937
0.2864583333333344,0.0001148813680629246,0.0027306638658046722,0.0002667715889401734,-0.0006489284569397569,9.137937
0.2869791666666678,0.00011489407916087657,0.0027306638658046722,0.0002667715889401734,-0.0006489284569397569,9.137937
0.28750000000000114,0.00011490532051539049,0.0027306638658046722,0.0002667715889401734,-0.0006489284569397569,9.137937
0.2880208333333345,0.00011491642362670973,0.0027306638658046722,0.0002667715889401734,-0.0006489284569397569,9.137937
0.28854166666666786,0.00011492880003061146,0.0027306638658046722,0.0002667715889401734,-0.0006489284569397569,9.137937
0.2890625000000012,0.00011494153295643628,0.0027306638658046722,0.0002667715889401734,-0.0006489284569397569,9.137937
0.2895833333333346,0.00011495398211991414,0.0027306638658046722,0.0002667715889401734,-0.0006489284569397569,9.137937
0.29010416666666794,0.00011496644583530724,0.0027306638658046722,0.0002667715889401734,-0.0006489284569397569,9.137937
0.2906250000000013,0.00011497855302877724,0.0027306638658046722,0.0002667715889401734,-0.0006489284569397569,9.137937
0.29114583333333466,0.00011499044921947643,0.0027306638658046722,0.0002667715889401734,-0.0006489284569397569,9.137937
0.291666666666668,0.00011500342952786013,0.0027306638658046722,0.0002667715889401734,-0.0006489284569397569,9.137937
0.2921875000000014,0.00011501597327878699,0.0027306638658046722,0.0002667715889401734,-0.0006489284569397569,9.137937
0.29270833333333474,0.00011502655252115801,0.0027306638658046722,0.0002667715889401734,-0.0006489284569397569,9.137937
0.2932291666666681,0.00011503907444421202,0.0027306638658046722,0.0002667715889401734,-0.0006489284569397569,9.137937
0.29375000000000145,0.00011505234579090029,0.0027306638658046722,0.0002667715889401734,-0.0006489284569397569,9.137937
0.2942708333333348,0.00011506464215926826,0.0027306638658046722,0.0002667715889401734,-0.0006489284569397569,9.137937
0.2947916666666682,0.00011507611634442583,0.0027306638658046722,0.0002667715889401734,-0.0006489284569397569,9.137937
0.29531250000000153,0.00011508878378663212,0.0027306638658046722,0.0002667715889401734,-0.0006489284569397569,9.137937
0.2958333333333349,0.00011510230979183689,0.0027306638658046722,0.0002667715889401734,-0.0006489284569397569,9.137937
0.29635416666666825,0.00011511604679981247,0.0027306638658046722,0.0002667715889401734,-0.0006489284569397569,9.137937
0.2968750000000016,0.00011512815399328247,0.0027306638658046722,0.0002667715889401734,-0.0006489284569397569,9.137937
0.29739583333333497,0.0001151405886048451,0.0027306638658046722,0.0002667715889401734,-0.0006489284569397569,9.137937
0.29791666666666833,0.00011515281948959455,0.0027306638658046722,0.0002667715889401734,-0.0006489284569397569,9.137937
0.2984375000000017,0.0001151658216258511,0.0027306638658046722,0.0002667715889401734,-0.0006489284569397569,9.137937
0.29895833333333505,0.00011517848906805739,0.0027306638658046722,0.0002667715889401734,-0.0006489284569397569,9.137937
0.2994791666666684,0.00011519129475345835,0.0027306638658046722,0.0002667715889401734,-0.0006489284569397569,9.137937
0.30000000000000177,0.00011520386760821566,0.0027306638658046722,0.0002667715889401734,-0.0006489284569397569,9.137937
0.3005208333333351,0.00011521678970893845,0.0027306638658046722,0.0002667715889401734,-0.0006489284569397569,9.137937
0.3010416666666685,0.00011523017019499093,0.0027306638658046722,0.0002667715889401734,-0.0006489284569397569,9.137937
0.30156250000000184,0.00011524301226017997,0.0027306638658046722,0.0002667715889401734,-0.0006489284569397569,9.137937
0.3020833333333352,0.00011525512672960758,0.0027306638658046722,0.0002667715889401734,-0.0006489284569397569,9.137937
0.30260416666666856,0.00011526755406521261,0.0027306638658046722,0.0002667715889401734,-0.0006489284569397569,9.137937
0.3031250000000019,0.00011528011236805469,0.0027306638658046722,0.0002667715889401734,-0.0006489284569397569,9.137937
0.3036458333333353,0.00011529232142493129,0.0027306638658046722,0.0002667715889401734,-0.0006489284569397569,9.137937
0.30416666666666864,0.0001153049961430952,0.0027306638658046722,0.0002667715889401734,-0.0006489284569397569,9.137937
0.304687500000002,0.00011531759082572535,0.0027306638658046722,0.0002667715889401734,-0.0006489284569397569,9.137937
0.30520833333333536,0.00011532933422131464,0.0027306638658046722,0.0002667715889401734,-0.0006489284569397569,9.137937
0.3057291666666687,0.00011534170334925875,0.0027306638658046722,0.0002667715889401734,-0.0006489284569397569,9.137937
0.3062500000000021,0.00011535415978869423,0.0027306638658046722,0.0002667715889401734,-0.0006489284569397569,9.137937
0.30677083333333544,0.00011536658712429926,0.0027306638658046722,0.0002667715889401734,-0.0006489284569397569,9.137937
0.3072916666666688,0.00011537906539160758,0.0027306638658046722,0.0002667715889401734,-0.0006489284569397569,9.137937
0.30781250000000215,0.00011539139086380601,0.0027306638658046722,0.0002667715889401734,-0.0006489284569397569,9.137937
0.3083333333333355,0.00011540376726770774,0.0027306638658046722,0.0002667715889401734,-0.0006489284569397569,9.137937
0.3088541666666689,0.0001154163692262955,0.0027306638658046722,0.0002667715889401734,-0.0006489284569397569,9.137937
0.30937500000000223,0.0001154288838733919,0.0027306638658046722,0.0002667715889401734,-0.0006489284569397569,9.137937
0.3098958333333356,0.00011544123117346317,0.0027306638658046722,0.0002667715889401734,-0.0006489284569397569,9.137937
0.31041666666666895,0.00011545391316758469,0.0027306638658046722,0.0002667715889401734,-0.0006489284569397569,9.137937
0.3109375000000023,0.00011546647874638438,0.0027306638658046722,0.0002667715889401734,-0.0006489284569397569,9.137937
0.31145833333333567,0.00011547897884156555,0.0027306638658046722,0.0002667715889401734,-0.0006489284569397569,9.137937
0.311979166666669,0.00011549096961971372,0.0027306638658046722,0.0002667715889401734,-0.0006489284569397569,9.137937
0.3125000000000024,0.00011550297494977713,0.0027306638658046722,0.0002667715889401734,-0.0006489284569397569,9.137937
0.31302083333333575,0.00011551510397111997,0.0027306638658046722,0.0002667715889401734,-0.0006489284569397569,9.137937
0.3135416666666691,0.00011552694195415825,0.0027306638658046722,0.0002667715889401734,-0.0006489284569397569,9.137937
0.31406250000000246,0.00011553850345080718,0.0027306638658046722,0.0002667715889401734,-0.0006489284569397569,9.137937
0.3145833333333358,0.0001155513891717419,0.0027306638658046722,0.0002667715889401734,-0.0006489284569397569,9.137937
0.3151041666666692,0.00011556356912478805,0.0027306638658046722,0.0002667715889401734,-0.0006489284569397569,9.137937
0.31562500000000254,0.00011557590187294409,0.0027306638658046722,0.0002667715889401734,-0.0006489284569397569,9.137937
0.3161458333333359,0.00011558863479876891,0.0027306638658046722,0.0002667715889401734,-0.0006489284569397569,9.137937
0.31666666666666926,0.0001156015568994917,0.0027306638658046722,0.0002667715889401734,-0.0006489284569397569,9.137937
0.3171875000000026,0.00011561427527340129,0.0027306638658046722,0.0002667715889401734,-0.0006489284569397569,9.137937
0.317708333333336,0.00011562655708985403,0.0027306638658046722,0.0002667715889401734,-0.0006489284569397569,9.137937
0.31822916666666934,0.00011563888983801007,0.0027306638658046722,0.0002667715889401734,-0.0006489284569397569,9.137937
0.3187500000000027,0.00011565181921469048,0.0027306638658046722,0.0002667715889401734,-0.0006489284569397569,9.137937
0.31927083333333606,0.00011566425382625312,0.0027306638658046722,0.0002667715889401734,-0.0006489284569397569,9.137937
0.3197916666666694,0.0001156772268586792,0.0027306638658046722,0.0002667715889401734,-0.0006489284569397569,9.137937
0.3203125000000028,0.00011569013440748677,0.0027306638658046722,0.0002667715889401734,-0.0006489284569397569,9.137937
0.32083333333333613,0.0001157020014943555,0.0027306638658046722,0.0002667715889401734,-0.0006489284569397569,9.137937
0.3213541666666695,0.0001157139558927156,0.0027306638658046722,0.0002667715889401734,-0.0006489284569397569,9.137937
0.32187500000000285,0.00011572526273084804,0.0027306638658046722,0.0002667715889401734,-0.0006489284569397569,9.137937
0.3223958333333362,0.0001157359583885409,0.0027306638658046722,0.0002667715889401734,-0.0006489284569397569,9.137937
0.32291666666666957,0.00011574720701901242,0.0027306638658046722,0.0002667715889401734,-0.0006489284569397569,9.137937
0.32343750000000293,0.00011575854296097532,0.0027306638658046722,0.0002667715889401734,-0.0006489284569397569,9.137937
0.3239583333333363,0.00011577104305615649,0.0027306638658046722,0.0002667715889401734,-0.0006489284569397569,9.137937
0.32447916666666965,0.00011578317207749933,0.0027306638658046722,0.0002667715889401734,-0.0006489284569397569,9.137937
0.325000000000003,0.00011579562851693481,0.0027306638658046722,0.0002667715889401734,-0.0006489284569397569,9.137937
0.32552083333333637,0.00011580817226786166,0.0027306638658046722,0.0002667715889401734,-0.0006489284569397569,9.137937
0.3260416666666697,0.00011582059232750908,0.0027306638658046722,0.0002667715889401734,-0.0006489284569397569,9.137937
0.3265625000000031,0.00011583353625610471,0.0027306638658046722,0.0002667715889401734,-0.0006489284569397569,9.137937
0.32708333333333645,0.00011584530875552446,0.0027306638658046722,0.0002667715889401734,-0.0006489284569397569,9.137937
0.3276041666666698,0.00011585721222218126,0.0027306638658046722,0.0002667715889401734,-0.0006489284569397569,9.137937
0.32812500000000316,0.0001158690283773467,0.0027306638658046722,0.0002667715889401734,-0.0006489284569397569,9.137937
0.3286458333333365,0.00011588011693675071,0.0027306638658046722,0.0002667715889401734,-0.0006489284569397569,9.137937
0.3291666666666699,0.0001158927334472537,0.0027306638658046722,0.0002667715889401734,-0.0006489284569397569,9.137937
0.32968750000000324,0.00011590430221986026,0.0027306638658046722,0.0002667715889401734,-0.0006489284569397569,9.137937
0.3302083333333366,0.0001159150488092564,0.0027306638658046722,0.0002667715889401734,-0.0006489284569397569,9.137937
0.33072916666666996,0.00011592691589612514,0.0027306638658046722,0.0002667715889401734,-0.0006489284569397569,9.137937
0.3312500000000033,0.0001159391031251289,0.0027306638658046722,0.0002667715889401734,-0.0006489284569397569,9.137937
0.3317708333333367,0.0001159508028649725,0.0027306638658046722,0.0002667715889401734,-0.0006489284569397569,9.137937
0.33229166666667004,0.00011596304830163717,0.0027306638658046722,0.0002667715889401734,-0.0006489284569397569,9.137937
0.3328125000000034,0.00011597519187489524,0.0027306638658046722,0.0002667715889401734,-0.0006489284569397569,9.137937
0.33333333333333676,0.00011598706623772159,0.0027306638658046722,0.0002667715889401734,-0.0006489284569397569,9.137937
0.3338541666666701,0.00011599868594203144,0.0027306638658046722,0.0002667715889401734,-0.0006489284569397569,9.137937
0.3343750000000035,0.00011601044388953596,0.0027306638658046722,0.0002667715889401734,-0.0006489284569397569,9.137937
0.33489583333333683,0.00011602253653109074,0.0027306638658046722,0.0002667715889401734,-0.0006489284569397569,9.137937
0.3354166666666702,0.0001160351384896785,0.0027306638658046722,0.0002667715889401734,-0.0006489284569397569,9.137937
0.33593750000000355,0.00011604694009292871,0.0027306638658046722,0.0002667715889401734,-0.0006489284569397569,9.137937
0.3364583333333369,0.00011605886538745835,0.0027306638658046722,0.0002667715889401734,-0.0006489284569397569,9.137937
0.33697916666667027,0.0001160702231572941,0.0027306638658046722,0.0002667715889401734,-0.0006489284569397569,9.137937
0.33750000000000363,0.0001160818210337311,0.0027306638658046722,0.0002667715889401734,-0.0006489284569397569,9.137937
0.338020833333337,0.00011609426292125136,0.0027306638658046722,0.0002667715889401734,-0.0006489284569397569,9.137937
0.33854166666667035,0.00011610656656557694,0.0027306638658046722,0.0002667715889401734,-0.0006489284569397569,9.137937
0.3390625000000037,0.00011611912486841902,0.0027306638658046722,0.0002667715889401734,-0.0006489284569397569,9.137937
0.33958333333333707,0.00011613182141445577,0.0027306638658046722,0.0002667715889401734,-0.0006489284569397569,9.137937
0.3401041666666704,0.00011614363029366359,0.0027306638658046722,0.0002667715889401734,-0.0006489284569397569,9.137937
0.3406250000000038,0.00011615536641329527,0.0027306638658046722,0.0002667715889401734,-0.0006489284569397569,9.137937
0.34114583333333715,0.0001161660038633272,0.0027306638658046722,0.0002667715889401734,-0.0006489284569397569,9.137937
0.3416666666666705,0.00011616992560448125,0.0027306638658046722,0.0002667715889401734,-0.0006489284569397569,9.137937
0.34218750000000386,0.00011618003190960735,0.0027306638658046722,0.0002667715889401734,-0.0006489284569397569,9.137937
0.3427083333333372,0.00011619114229688421,0.0027306638658046722,0.0002667715889401734,-0.0006489284569397569,9.137937
0.3432291666666706,0.00011620314762694761,0.0027306638658046722,0.0002667715889401734,-0.0006489284569397569,9.137937
0.34375000000000394,0.0001162153494078666,0.0027306638658046722,0.0002667715889401734,-0.0006489284569397569,9.137937
0.3442708333333373,-1.0613172889861744e-05,0.0022550032008439302,0.0002005389833357185,-0.0003366713353898376,9.137937
0.34479166666667066,-0.0016206922009587288,0.0012492157984524965,-0.00022182113025337458,0.0005810129805468023,9.137937
0.345312500000004,-0.0031115347519516945,0.0019802404567599297,-0.0008762444485910237,0.0008632058161310852,9.137937
0.3458333333333374,-0.004458207171410322,0.002805772703140974,-0.0015038338024169207,0.0010773350950330496,9.137937
0.34635416666667074,-0.005669866222888231,0.003658873261883855,-0.0021165756043046713,0.001260523684322834,9.137937
0.3468750000000041,-0.006755163427442312,0.004505875054746866,-0.002713239286094904,0.0014164092717692256,9.137937
0.34739583333333746,-0.0077223945409059525,0.00532647967338562,-0.0032914960756897926,0.0015454113017767668,9.137937
0.3479166666666708,-0.008579360321164131,0.0061171697452664375,-0.0038504740223288536,0.0016498940531164408,9.137937
0.3484375000000042,-0.00933375395834446,0.006869322154670954,-0.004387850873172283,0.0017321703489869833,9.137937
0.34895833333333753,-0.009992874227464199,0.0075880493968725204,-0.004898890387266874,0.0017917107325047255,9.137937
0.3494791666666709,-0.010563284158706665,0.008263821713626385,-0.0053828684613108635,0.001833957270719111,9.137937
0.35000000000000425,-0.01105141919106245,0.008900209330022335,-0.005837328732013702,0.0018568733939900994,9.137937
0.3505208333333376,-0.011463548056781292,0.00949470978230238,-0.006260655354708433,0.001863781944848597,9.137937
0.35104166666667097,-0.011805282905697823,0.010046154260635376,-0.006651028990745544,0.0018562849145382643,9.137937
0.35156250000000433,-0.01208239421248436,0.010562068782746792,-0.007003493141382933,0.0018329441081732512,9.137937
0.3520833333333377,-0.012299797497689724,0.011031038127839565,-0.007316251285374165,0.0017983654979616404,9.137937
0.35260416666667105,-0.012462381273508072,0.01146166492253542,-0.007587882690131664,0.0017530347686260939,9.137937
0.3531250000000044,-0.012574872002005577,0.011850395239889622,-0.007816556841135025,0.0016978818457573652,9.137937
0.35364583333333777,-0.012641764245927334,0.01219837088137865,-0.007990903221070766,0.0016348290955647826,9.137937
0.3541666666666711,-0.012667590752243996,0.012494225986301899,-0.008099992759525776,0.0015665707178413868,9.137937
0.3546875000000045,-0.01266578771173954,0.012715326622128487,-0.008128069341182709,0.0014862181851640344,9.137937
0.35520833333333784,-0.01265418715775013,0.012929989956319332,-0.008117926307022572,0.0013888445682823658,9.137937
0.3557291666666712,-0.01263707596808672,0.013146914541721344,-0.008116931654512882,0.0012758391676470637,9.137937
0.35625000000000456,-0.012615950778126717,0.013334492221474648,-0.008127052336931229,0.0011592830996960402,9.137937
0.3567708333333379,-0.0125909224152565,0.013525952585041523,-0.008142608217895031,0.001041215262375772,9.137937
0.3572916666666713,-0.012562436051666737,0.013716873712837696,-0.008162157610058784,0.0009230774012394249,9.137937
0.35781250000000464,-0.012605137191712856,0.013867916539311409,-0.008186479099094868,0.0007196511141955853,9.137937
0.358333333333338,-0.012612059712409973,0.01403951458632946,-0.008219994604587555,0.0005790230352431536,9.137937
0.35885416666667136,-0.012604130432009697,0.014199971221387386,-0.008216965943574905,0.00047753736726008356,9.137937
0.3593750000000047,-0.012590967118740082,0.014352156780660152,-0.008215554989874363,0.0003711837052833289,9.137937
0.3598958333333381,-0.012573651038110256,0.014509798027575016,-0.008220046758651733,0.00025997753255069256,9.137937
0.36041666666667144,-0.01255243830382824,0.01466328464448452,-0.008226700127124786,0.0001489949063397944,9.137937
0.3609375000000048,-0.012527979910373688,0.014813934452831745,-0.008237617090344429,4.310654549044557e-05,9.137937
0.36145833333333816,-0.012500856071710587,0.014961195178329945,-0.00825186911970377,-6.328566087177023e-05,9.137937
0.3619791666666715,-0.012470878660678864,0.015106022357940674,-0.008269053883850574,-0.00016587830032221973,9.137937
0.3625000000000049,-0.01243850588798523,0.01524466834962368,-0.008288895711302757,-0.00026570772752165794,9.137937
0.36302083333333823,-0.012403820641338825,0.015378395095467567,-0.008310801349580288,-0.00036380309029482305,9.137937
0.3635416666666716,-0.012367107905447483,0.015508287586271763,-0.00833236426115036,-0.0004587354196701199,9.137937
0.36406250000000495,-0.012328286655247211,0.01563108339905739,-0.008354036137461662,-0.0005496017402037978,9.137937
0.3645833333333383,-0.012287639081478119,0.015746602788567543,-0.008377538993954659,-0.0006375518860295415,9.137937
0.36510416666667167,-0.012245199643075466,0.015856968238949776,-0.008402463048696518,-0.0007261320133693516,9.137937
0.36562500000000503,-0.012201185338199139,0.01596362143754959,-0.008426795713603497,-0.000810982717666775,9.137937
0.3661458333333384,-0.012155449017882347,0.016062764450907707,-0.008450628258287907,-0.0008917728555388749,9.137937
0.36666666666667175,-0.0121083352714777,0.016156701371073723,-0.008474061265587807,-0.0009713353356346488,9.137937
0.3671875000000051,-0.012059695087373257,0.01624167710542679,-0.008497261442244053,-0.001047362107783556,9.137937
0.36770833333333847,-0.012009923346340656,0.01632467843592167,-0.008520232513546944,-0.001118511543609202,9.137937
0.3682291666666718,-0.011958885937929153,0.016402099281549454,-0.008542871102690697,-0.0011904871789738536,9.137937
0.3687500000000052,-0.011906694620847702,0.016474351286888123,-0.008564718067646027,-0.0012606835225597024,9.137937
0.36927083333333854,-0.011853278614580631,0.016540369018912315,-0.008586359210312366,-0.0013263727305456996,9.137937
0.3697916666666719,-0.011798848398029804,0.016602514311671257,-0.00860709697008133,-0.001391283585689962,9.137937
0.37031250000000526,-0.011743537150323391,0.016657765954732895,-0.008627383969724178,-0.0014523579739034176,9.137937
0.3708333333333386,-0.011687299236655235,0.016708901152014732,-0.008646405301988125,-0.0015082650352269411,9.137937
0.371354166666672,-0.011630226857960224,0.016753215342760086,-0.008665693923830986,-0.0015641966601833701,9.137937
0.37187500000000534,-0.011572552844882011,0.01679735817015171,-0.008684168569743633,-0.0016160261584445834,9.137937
0.3723958333333387,-0.011514060199260712,0.016835179179906845,-0.008701606653630733,-0.0016695908270776272,9.137937
0.37291666666667206,-0.01145479828119278,0.016867658123373985,-0.008717529475688934,-0.00172001076862216,9.137937
0.3734375000000054,-0.011394874192774296,0.016895757988095284,-0.008733069524168968,-0.0017687949584797025,9.137937
0.3739583333333388,-0.011334545910358429,0.01691882684826851,-0.00874811876565218,-0.0018132623517885804,9.137937
0.37447916666667214,-0.011273727752268314,0.01694098673760891,-0.008761901408433914,-0.0018557265866547823,9.137937
0.3750000000000055,-0.01121255848556757,0.016958311200141907,-0.008774304762482643,-0.0018954419065266848,9.137937
0.37552083333333885,-0.011150989681482315,0.01697191596031189,-0.00878552533686161,-0.0019349298672750592,9.137937
0.3760416666666722,-0.011088887229561806,0.016980284824967384,-0.00879714172333479,-0.0019718362018465996,9.137937
0.3765625000000056,-0.011026576161384583,0.016984973102808,-0.00880675483494997,-0.002010335912927985,9.137937
0.37708333333333893,-0.01096389815211296,0.016988590359687805,-0.008814919739961624,-0.0020459431689232588,9.137937
0.3776041666666723,-0.010900956578552723,0.01698768511414528,-0.008823152631521225,-0.0020798188634216785,9.137937
0.37812500000000565,-0.010838035494089127,0.016982991248369217,-0.00882995780557394,-0.0021096020936965942,9.137937
0.378645833333339,-0.010774978436529636,0.016977332532405853,-0.00883571244776249,-0.0021384507417678833,9.137937
0.37916666666667237,-0.01071173045784235,0.01696697250008583,-0.008841048926115036,-0.0021646965760737658,9.137937
0.37968750000000573,-0.0106484554708004,0.016952870413661003,-0.008845743723213673,-0.002190714469179511,9.137937
0.3802083333333391,-0.010585296899080276,0.016937948763370514,-0.008849374949932098,-0.0022178287617862225,9.137937
0.38072916666667245,-0.010522005148231983,0.016920462250709534,-0.008852405473589897,-0.002240523463115096,9.137937
0.3812500000000058,-0.010458763688802719,0.01690284162759781,-0.008854357525706291,-0.0022649713791906834,9.137937
0.38177083333333917,-0.0103957150131464,0.016880441457033157,-0.008856036700308323,-0.0022876167204231024,9.137937
0.3822916666666725,-0.010332800447940826,0.01685803383588791,-0.008856439031660557,-0.002305126516148448,9.137937
0.3828125000000059,-0.010270149447023869,0.016832230612635612,-0.00885708723217249,-0.0023220828734338284,9.137937
0.38333333333333924,-0.01020766980946064,0.016803497448563576,-0.008857044391334057,-0.0023382927756756544,9.137937
0.3838541666666726,-0.010145303793251514,0.016772083938121796,-0.00885567907243967,-0.002350562484934926,9.137937
0.38437500000000596,-0.010083429515361786,0.016741231083869934,-0.008853312581777573,-0.002363939071074128,9.137937
0.3848958333333393,-0.010021843947470188,0.01670805551111698,-0.008851243183016777,-0.0023787454701960087,9.137937
0.3854166666666727,-0.009960440918803215,0.01667126454412937,-0.008849253877997398,-0.0023932657204568386,9.137937
0.38593750000000604,-0.009899644181132317,0.016634980216622353,-0.008845064789056778,-0.0024043701123446226,9.137937
0.3864583333333394,-0.00983902532607317,0.01659655198454857,-0.008840427733957767,-0.0024168072268366814,9.137937
0.38697916666667276,-0.009778778068721294,0.016556553542613983,-0.00883493758738041,-0.00242711347527802,9.137937
0.3875000000000061,-0.009719221852719784,0.016517700627446175,-0.008829403668642044,-0.002435637405142188,9.137937
0.3880208333333395,-0.00966006238013506,0.016475487500429153,-0.008823576383292675,-0.0024418889079242945,9.137937
0.38854166666667284,-0.009601566940546036,0.016433604061603546,-0.008816567249596119,-0.002447787905111909,9.137937
0.3890625000000062,-0.00954341795295477,0.016389567404985428,-0.00880894809961319,-0.002453966997563839,9.137937
0.38958333333333955,-0.009485980495810509,0.01634468510746956,-0.008801808580756187,-0.0024620385374873877,9.137937
0.3901041666666729,-0.00942893698811531,0.01630057580769062,-0.008793534711003304,-0.0024665151722729206,9.137937
0.3906250000000063,-0.009372524917125702,0.016253359615802765,-0.008785347454249859,-0.0024713703896850348,9.137937
0.39114583333333963,-0.009316692128777504,0.01620708778500557,-0.00877663679420948,-0.002476462395861745,9.137937
0.391666666666673,-0.00926162675023079,0.01616048440337181,-0.008767512626945972,-0.0024816568475216627,9.137937
0.39218750000000635,-0.009207158349454403,0.01611282303929329,-0.008759835734963417,-0.0024849518667906523,9.137937
0.3927083333333397,-0.009153306484222412,0.016063915565609932,-0.008750656619668007,-0.0024851069319993258,9.137937
0.39322916666667307,-0.009100119583308697,0.016015322878956795,-0.008740734308958054,-0.002485145814716816,9.137937
0.39375000000000643,-0.009047845378518105,0.01596907526254654,-0.008729862980544567,-0.0024855369701981544,9.137937
0.3942708333333398,-0.008996224962174892,0.015918275341391563,-0.008719700388610363,-0.0024852713104337454,9.137937
0.39479166666667315,-0.008945298381149769,0.015867797657847404,-0.008708824403584003,-0.002484795870259404,9.137937
0.3953125000000065,-0.008895223960280418,0.01581677980720997,-0.008697804994881153,-0.0024850612971931696,9.137937
0.39583333333333987,-0.008845905773341656,0.015767456963658333,-0.008685873821377754,-0.0024832403287291527,9.137937
0.3963541666666732,-0.00879738200455904,0.015717849135398865,-0.008674372918903828,-0.002481986302882433,9.137937
0.3968750000000066,-0.008749543689191341,0.015667511150240898,-0.008663486689329147,-0.0024809197057038546,9.137937
0.39739583333333994,-0.008702654391527176,0.015618868172168732,-0.008651725016534328,-0.002480786992236972,9.137937
0.3979166666666733,-0.008656544610857964,0.015567220747470856,-0.008639811538159847,-0.002480530645698309,9.137937
0.39843750000000666,-0.008611181750893593,0.015516777522861958,-0.008628434501588345,-0.0024802861735224724,9.137937
0.39895833333334,-0.0085668433457613,0.015467322431504726,-0.00861664954572916,-0.0024786561261862516,9.137937
0.3994791666666734,-0.008523216471076012,0.015417424961924553,-0.008605687879025936,-0.0024748449213802814,9.137937
0.40000000000000674,-0.00848055724054575,0.015367472544312477,-0.008593657985329628,-0.002469085855409503,9.137937
0.4005208333333401,-0.008438692428171635,0.01532120630145073,-0.008581206202507019,-0.00246365275233984,9.137937
0.40104166666667346,-0.00839777197688818,0.015270303003489971,-0.008569015190005302,-0.0024580685421824455,9.137937
0.4015625000000068,-0.008357868529856205,0.015222202986478806,-0.008556567132472992,-0.0024524193722754717,9.137937
0.4020833333333402,-0.008318766951560974,0.015173389576375484,-0.00854432675987482,-0.00244711572304368,9.137937
0.40260416666667354,-0.00828044954687357,0.015125616453588009,-0.00853167474269867,-0.002441753400489688,9.137937
0.4031250000000069,-0.008243206888437271,0.015078781172633171,-0.008519062772393227,-0.0024368788581341505,9.137937
0.40364583333334025,-0.008206717669963837,0.015032016672194004,-0.008506394922733307,-0.0024312734603881836,9.137937
0.4041666666666736,-0.008171028457581997,0.01498481910675764,-0.008494442328810692,-0.002425537910312414,9.137937
0.40468750000000697,-0.008136549964547157,0.014939891174435616,-0.008482260629534721,-0.002421390265226364,9.137937
0.40520833333334033,-0.008102667517960072,0.01489364355802536,-0.008469181135296822,-0.0024156661238521338,9.137937
0.4057291666666737,-0.008070016279816628,0.014848443679511547,-0.008456180803477764,-0.002410275163128972,9.137937
0.40625000000000705,-0.00803817342966795,0.014804837293922901,-0.008443373255431652,-0.002408210886642337,9.137937
0.4067708333333404,-0.008007094264030457,0.014760000631213188,-0.00843007955700159,-0.0024024713784456253,9.137937
0.40729166666667377,-0.007977191358804703,0.01471716072410345,-0.008416794240474701,-0.002397870412096381,9.137937
0.4078125000000071,-0.007948105223476887,0.01467290148139,-0.008403660729527473,-0.0023950727190822363,9.137937
0.4083333333333405,-0.00791973527520895,0.014631159603595734,-0.008388846181333065,-0.002389221917837858,9.137937
0.40885416666667385,-0.007892418652772903,0.014588587917387486,-0.008372894488275051,-0.0023848169948905706,9.137937
0.4093750000000072,-0.007866074331104755,0.014548209495842457,-0.008357133716344833,-0.0023795929737389088,9.137937
0.40989583333334056,-0.00784070510417223,0.014507918618619442,-0.008339819498360157,-0.0023752315901219845,9.137937
0.4104166666666739,-0.007816275581717491,0.014467630535364151,-0.008322551846504211,-0.002374084433540702,9.137937
0.4109375000000073,-0.007792583666741848,0.01442824024707079,-0.008303812704980373,-0.00237218732945621,9.137937
0.41145833333334064,-0.007769900374114513,0.014387788251042366,-0.008283109404146671,-0.0023700834717601538,9.137937
0.411979166666674,-0.007748199161142111,0.014349093660712242,-0.008261092007160187,-0.002366370288655162,9.137937
0.41250000000000736,-0.007727351039648056,0.014309186488389969,-0.008238658308982849,-0.0023642859887331724,9.137937
0.4130208333333407,-0.007707431446760893,0.014270295388996601,-0.00821345392614603,-0.002361651510000229,9.137937
0.4135416666666741,-0.007688490208238363,0.014231090433895588,-0.008187015540897846,-0.0023633430246263742,9.137937
0.41406250000000744,-0.007670478895306587,0.014192490838468075,-0.008159409277141094,-0.002365413587540388,9.137937
0.4145833333333408,-0.007653306238353252,0.014155822806060314,-0.008130497299134731,-0.002368180314078927,9.137937
0.41510416666667416,-0.00763707747682929,0.014118802733719349,-0.00810148473829031,-0.0023711833637207747,9.137937
0.4156250000000075,-0.007621692959219217,0.014082362875342369,-0.008072739467024803,-0.0023739803582429886,9.137937
0.4161458333333409,-0.007607351988554001,0.014046688564121723,-0.00804375484585762,-0.002377726137638092,9.137937
0.41666666666667423,-0.007593969814479351,0.014011668972671032,-0.008017223328351974,-0.0023802367504686117,9.137937
0.4171875000000076,-0.007581169251352549,0.013979018665850163,-0.007994263432919979,-0.0023827741388231516,9.137937
0.41770833333334095,-0.0075693558901548386,0.0139468377456069,-0.007973873987793922,-0.002384710591286421,9.137937
0.4182291666666743,-0.007558421231806278,0.01391734927892685,-0.007956698536872864,-0.00238684075884521,9.137937
0.41875000000000767,-0.007548385299742222,0.013889436610043049,-0.007943859323859215,-0.002388052409514785,9.137937
0.41927083333334103,-0.007539089303463697,0.01386452466249466,-0.007936015725135803,-0.0023902091197669506,9.137937
0.4197916666666744,-0.007530657574534416,0.013841580599546432,-0.007932624779641628,-0.002394778886809945,9.137937
0.42031250000000775,-0.007523002102971077,0.013820555992424488,-0.007931427098810673,-0.002401650184765458,9.137937
0.4208333333333411,-0.007516016252338886,0.013801821507513523,-0.007932031527161598,-0.0024066895712167025,9.137937
0.42135416666667447,-0.007509839721024036,0.013783344067633152,-0.00793368835002184,-0.002411703811958432,9.137937
0.4218750000000078,-0.00750443572178483,0.013765969313681126,-0.00793563760817051,-0.0024166719522327185,9.137937
0.4223958333333412,-0.0074997819028794765,0.013749849982559681,-0.007937385700643063,-0.0024221474304795265,9.137937
0.42291666666667455,-0.007495760917663574,0.013735202141106129,-0.007938466034829617,-0.0024274643510580063,9.137937
0.4234375000000079,-0.007492421194911003,0.01372208259999752,-0.007937313988804817,-0.002428679959848523,9.137937
0.42395833333334126,-0.0074898190796375275,0.01370960846543312,-0.007936456240713596,-0.002429426647722721,9.137937
0.4244791666666746,-0.0074879140593111515,0.013700480572879314,-0.007935789413750172,-0.0024296483024954796,9.137937
0.425000000000008,-0.00748699065297842,0.013695497997105122,-0.007935652509331703,-0.002429282059893012,9.137937
0.42552083333334134,-0.007486727088689804,0.013695004396140575,-0.007935992442071438,-0.002428334439173341,9.137937
0.4260416666666747,-0.007486674468964338,0.013696388341486454,-0.00793574471026659,-0.002427479950711131,9.137937
0.42656250000000806,-0.007486645132303238,0.01369693037122488,-0.007935713045299053,-0.0024279728531837463,9.137937
0.4270833333333414,-0.007486604154109955,0.013697703368961811,-0.007934458553791046,-0.0024286964908242226,9.137937
0.4276041666666748,-0.007486528716981411,0.01369782630354166,-0.007934041321277618,-0.0024288464337587357,9.137937
0.42812500000000814,-0.007486485410481691,0.013698959723114967,-0.007933293469250202,-0.0024293302558362484,9.137937
0.4286458333333415,-0.007486426271498203,0.013699973002076149,-0.007933245971798897,-0.002429859945550561,9.137937
0.42916666666667486,-0.007486337795853615,0.013700990937650204,-0.007933711633086205,-0.0024287672713398933,9.137937
0.4296875000000082,-0.00748630752786994,0.01370254997164011,-0.007933437824249268,-0.0024280776269733906,9.137937
0.4302083333333416,-0.007486243732273579,0.013703636825084686,-0.007933646440505981,-0.0024283884558826685,9.137937
0.43072916666667493,-0.007486209738999605,0.013705090619623661,-0.00793357565999031,-0.0024286387488245964,9.137937
0.4312500000000083,-0.007486152462661266,0.013704648241400719,-0.007933193817734718,-0.0024292990565299988,9.137937
0.43177083333334165,-0.007486112415790558,0.013706314377486706,-0.007932147942483425,-0.0024301924277096987,9.137937
0.432291666666675,-0.007486021611839533,0.013705791905522346,-0.00793231651186943,-0.002430363791063428,9.137937
0.43281250000000837,-0.0074859741143882275,0.013707266189157963,-0.007931575179100037,-0.002430207561701536,9.137937
0.43333333333334173,-0.0074859317392110825,0.013707753270864487,-0.007931934669613838,-0.0024298790376633406,9.137937
0.4338541666666751,-0.007485901936888695,0.013709116727113724,-0.00793186854571104,-0.002429963555186987,9.137937
0.43437500000000845,-0.007485867943614721,0.013709941878914833,-0.007932872511446476,-0.002429944695904851,9.137937
0.4348958333333418,-0.00748583534732461,0.013710933737456799,-0.007932365871965885,-0.002429413376376033,9.137937
0.43541666666667517,-0.0074857682920992374,0.013710219413042068,-0.007931733503937721,-0.002429591491818428,9.137937
0.4359375000000085,-0.007485709153115749,0.013710958883166313,-0.007931078784167767,-0.0024303884711116552,9.137937
0.4364583333333419,-0.00748563464730978,0.013711678795516491,-0.007930569350719452,-0.002430848078802228,9.137937
0.43697916666667524,-0.007485579699277878,0.013712138868868351,-0.007929985411465168,-0.0024315379559993744,9.137937
0.4375000000000086,-0.00748550845310092,0.013711804524064064,-0.007929591462016106,-0.002431577770039439,9.137937
0.43802083333334196,-0.007485439069569111,0.013712761923670769,-0.007928397506475449,-0.0024311000015586615,9.137937
0.4385416666666753,-0.007485377136617899,0.013715023174881935,-0.007927383296191692,-0.002431523986160755,9.137937
0.4390625000000087,-0.007485258858650923,0.013714914210140705,-0.007927438244223595,-0.0024311558809131384,9.137937
0.43958333333334204,-0.007485199254006147,0.013716118410229683,-0.00792634766548872,-0.0024314362090080976,9.137937
0.4401041666666754,-0.0074851298704743385,0.01371678151190281,-0.007925870828330517,-0.002432722831144929,9.137937
0.44062500000000876,-0.007485076319426298,0.013718074187636375,-0.007926072925329208,-0.002433192450553179,9.137937
0.4411458333333421,-0.007484999485313892,0.01371794007718563,-0.007926438003778458,-0.0024335612542927265,9.137937
0.4416666666666755,-0.007484936621040106,0.013719030655920506,-0.007925910875201225,-0.002432701876387,9.137937
0.44218750000000884,-0.007484867703169584,0.01372018363326788,-0.007925696671009064,-0.002432730281725526,9.137937
0.4427083333333422,-0.007484824396669865,0.013720882125198841,-0.007924744859337807,-0.002432360081002116,9.137937
0.44322916666667556,-0.007484743371605873,0.013721118681132793,-0.007923710159957409,-0.0024324392434209585,9.137937
0.4437500000000089,-0.007484673522412777,0.013721486553549767,-0.007922185584902763,-0.0024330541491508484,9.137937
0.4442708333333423,-0.0074846078641712666,0.01372107770293951,-0.00792012084275484,-0.0024333668407052755,9.137937
0.44479166666667563,-0.007484540808945894,0.013722735457122326,-0.007919332943856716,-0.002433382673189044,9.137937
0.445312500000009,-0.007484464906156063,0.013723937794566154,-0.00791918020695448,-0.00243351049721241,9.137937
0.44583333333334235,-0.0074844080954790115,0.01372409425675869,-0.007918721064925194,-0.002433622255921364,9.137937
0.4463541666666757,-0.0074843489564955235,0.01372523233294487,-0.007919054478406906,-0.0024333239998668432,9.137937
0.44687500000000907,-0.0074842763133347034,0.013726113364100456,-0.007918750867247581,-0.0024338839575648308,9.137937
0.44739583333334243,-0.007484222296625376,0.013727408833801746,-0.00791910756379366,-0.0024342897813767195,9.137937
0.4479166666666758,-0.007484144996851683,0.013726725243031979,-0.00791813712567091,-0.0024353396147489548,9.137937
0.44843750000000915,-0.007484074681997299,0.013726032339036465,-0.007916278205811977,-0.0024355826899409294,9.137937
0.4489583333333425,-0.007484015077352524,0.013726646080613136,-0.007915208116173744,-0.0024357247166335583,9.137937
0.44947916666667587,-0.007483922876417637,0.013726009987294674,-0.007913405075669289,-0.0024367147125303745,9.137937
0.4500000000000092,-0.007483840920031071,0.013726560398936272,-0.007913227193057537,-0.002440123353153467,9.137937
0.4505208333333426,-0.007483786903321743,0.01372668705880642,-0.00791306234896183,-0.0024419159162789583,9.137937
0.45104166666667594,-0.007483717519789934,0.013727378100156784,-0.007913184352219105,-0.002443409990519285,9.137937
0.4515625000000093,-0.0074836453422904015,0.013727771118283272,-0.007912053726613522,-0.0024430411867797375,9.137937
0.45208333333334266,-0.007483590394258499,0.013727999292314053,-0.00791164394468069,-0.0024425662122666836,9.137937
0.452604166666676,-0.007483539171516895,0.01372786145657301,-0.007911484688520432,-0.0024427587632089853,9.137937
0.4531250000000094,-0.00748347258195281,0.013728652149438858,-0.007911055348813534,-0.0024434698279947042,9.137937
0.45364583333334274,-0.0074834031984210014,0.013729432597756386,-0.007909794338047504,-0.002444645157083869,9.137937
0.4541666666666761,-0.007483340334147215,0.013730626553297043,-0.00790891982614994,-0.002445582300424576,9.137937
0.45468750000000946,-0.007483271881937981,0.013730817474424839,-0.007907713763415813,-0.0024460896383970976,9.137937
0.4552083333333428,-0.007483216933906078,0.013730715028941631,-0.007906829938292503,-0.0024457955732941628,9.137937
0.4557291666666762,-0.007483160123229027,0.013730033300817013,-0.007906255312263966,-0.0024454211816191673,9.137937
0.45625000000000954,-0.0074830870144069195,0.013729853555560112,-0.007905460894107819,-0.002444395562633872,9.137937
0.4567708333333429,-0.007483018562197685,0.013730059377849102,-0.007904193364083767,-0.0024436158128082752,9.137937
0.45729166666667626,-0.007482938934117556,0.013729899190366268,-0.00790221244096756,-0.0024434246588498354,9.137937
0.4578125000000096,-0.007482878398150206,0.013730352744460106,-0.007901511155068874,-0.0024447129108011723,9.137937
0.458333333333343,-0.007482802961021662,0.01372985728085041,-0.007900686003267765,-0.0024455974344164133,9.137937
0.45885416666667633,-0.007482727058231831,0.013730032369494438,-0.00790064875036478,-0.0024489860516041517,9.137937
0.4593750000000097,-0.007482666056603193,0.013730531558394432,-0.007900002412497997,-0.0024502386804670095,9.137937
0.45989583333334305,-0.007482615299522877,0.013730318285524845,-0.007899177260696888,-0.002451028674840927,9.137937
0.4604166666666764,-0.007482546381652355,0.013731270097196102,-0.007898654788732529,-0.0024515914265066385,9.137937
0.46093750000000977,-0.007482476998120546,0.01373236533254385,-0.007898514159023762,-0.0024524247273802757,9.137937
0.46145833333334313,-0.007482410874217749,0.01373385265469551,-0.007898326963186264,-0.0024530705995857716,9.137937
0.4619791666666765,-0.007482311688363552,0.013734512031078339,-0.007898733019828796,-0.0024530196096748114,9.137937
0.46250000000000985,-0.007482264656573534,0.013736087828874588,-0.007898346520960331,-0.002453186083585024,9.137937
0.4630208333333432,-0.007482154294848442,0.013735510408878326,-0.007897729054093361,-0.002453794702887535,9.137937
0.46354166666667657,-0.007482086308300495,0.013735568150877953,-0.007896527647972107,-0.0024536086712032557,9.137937
0.4640625000000099,-0.007482015993446112,0.013735724613070488,-0.007895667105913162,-0.002454162808135152,9.137937
0.4645833333333433,-0.0074819535948336124,0.013736017048358917,-0.007894604466855526,-0.0024543465115129948,9.137937
0.46510416666667664,-0.007481883279979229,0.013736741617321968,-0.007894386537373066,-0.0024564238265156746,9.137937
0.46562500000001,-0.007481812499463558,0.013737310655415058,-0.007893240079283714,-0.0024568140506744385,9.137937
0.46614583333334336,-0.007481742184609175,0.013737783767282963,-0.007892481982707977,-0.002457163529470563,9.137937
0.4666666666666767,-0.007481677923351526,0.01373856421560049,-0.007892210967838764,-0.0024564294144511223,9.137937
0.4671875000000101,-0.007481609471142292,0.01373947411775589,-0.007891724817454815,-0.0024559958837926388,9.137937
0.46770833333334344,-0.007481546141207218,0.013740455731749535,-0.007891261018812656,-0.002455391688272357,9.137937
0.4682291666666768,-0.0074814665131270885,0.013741050846874714,-0.00789126381278038,-0.002455876674503088,9.137937
0.46875000000001016,-0.007481399457901716,0.013741939328610897,-0.007891101762652397,-0.0024572894908487797,9.137937
0.4692708333333435,-0.007481332402676344,0.013742721639573574,-0.007891138084232807,-0.002459069015458226,9.137937
0.4697916666666769,-0.007481273729354143,0.013743015937507153,-0.007890698499977589,-0.0024603884667158127,9.137937
0.47031250000001024,-0.007481217849999666,0.013743075542151928,-0.007890067063272,-0.0024606618098914623,9.137937
0.4708333333333436,-0.007481150794774294,0.013743642717599869,-0.007889356464147568,-0.002460639225319028,9.137937
0.47135416666667695,-0.007481084205210209,0.013744398020207882,-0.00788853969424963,-0.0024603765923529863,9.137937
0.4718750000000103,-0.007481013424694538,0.013745616190135479,-0.007888244464993477,-0.0024596829898655415,9.137937
0.4723958333333437,-0.0074809459038078785,0.013746372424066067,-0.007887710817158222,-0.002459254814311862,9.137937
0.47291666666667703,-0.0074808732606470585,0.013747398741543293,-0.007887657731771469,-0.0024587877560406923,9.137937
0.4734375000000104,-0.007480808533728123,0.013747001998126507,-0.007886748760938644,-0.0024582501500844955,9.137937
0.47395833333334375,-0.007480733562260866,0.013746444135904312,-0.00788605585694313,-0.0024598839227110147,9.137937
0.4744791666666771,-0.007480665575712919,0.013746468350291252,-0.007885817438364029,-0.002462114905938506,9.137937
0.47500000000001047,-0.007480602711439133,0.013747039251029491,-0.007885326631367207,-0.0024642115458846092,9.137937
0.47552083333334383,-0.007480525877326727,0.013746777549386024,-0.00788494385778904,-0.0024636993184685707,9.137937
0.4760416666666772,-0.0074804555624723434,0.013747088611125946,-0.007884396240115166,-0.0024632716085761786,9.137937
0.47656250000001055,-0.007480380591005087,0.013747736811637878,-0.007883491925895214,-0.0024631882552057505,9.137937
0.4770833333333439,-0.0074802967719733715,0.013748439960181713,-0.007882785983383656,-0.002462694188579917,9.137937
0.47760416666667727,-0.007480228319764137,0.013748670928180218,-0.007882717065513134,-0.0024639274924993515,9.137937
0.4781250000000106,-0.007480165455490351,0.01374940574169159,-0.007882547564804554,-0.0024664250668138266,9.137937
0.478645833333344,-0.007480054162442684,0.013749987818300724,-0.007881789468228817,-0.002465992234647274,9.137937
0.47916666666667734,-0.007479985244572163,0.013750817626714706,-0.007881282828748226,-0.002465583849698305,9.137937
0.4796875000000107,-0.007479910738766193,0.013751419261097908,-0.007881078869104385,-0.00246454868465662,9.137937
0.48020833333334406,-0.007479834370315075,0.013751492835581303,-0.007880175486207008,-0.002464486053213477,9.137937
0.4807291666666774,-0.007479780353605747,0.013752451166510582,-0.00787905603647232,-0.0024653440341353416,9.137937
0.4812500000000108,-0.007479667663574219,0.013752615079283714,-0.007879557088017464,-0.0024671449791640043,9.137937
0.48177083333334414,-0.007479588966816664,0.013752336613833904,-0.007878794334828854,-0.002468285383656621,9.137937
0.4822916666666775,-0.007479516323655844,0.013752767816185951,-0.007877890951931477,-0.002469019964337349,9.137937
0.48281250000001086,-0.007479442283511162,0.013753512874245644,-0.007876555435359478,-0.0024692260194569826,9.137937
0.4833333333333442,-0.00747936125844717,0.013754399493336678,-0.007875881157815456,-0.0024698784109205008,9.137937
0.4838541666666776,-0.007479287218302488,0.013755450956523418,-0.007876258343458176,-0.0024697906337678432,9.137937
0.48437500000001094,-0.0074791875667870045,0.013756193220615387,-0.00787658803164959,-0.002471882151439786,9.137937
0.4848958333333443,-0.007479121908545494,0.013757175765931606,-0.007876328192651272,-0.002472929423674941,9.137937
0.48541666666667765,-0.007479035295546055,0.013757812790572643,-0.007876476272940636,-0.0024724157992750406,9.137937
0.485937500000011,-0.00747896870598197,0.013758229091763496,-0.007876720279455185,-0.002472108229994774,9.137937
0.4864583333333444,-0.007478898856788874,0.013759235851466656,-0.007876349613070488,-0.002473084721714258,9.137937
0.48697916666667773,-0.007478797342628241,0.013760307803750038,-0.007875645533204079,-0.0024738695938140154,9.137937
0.4875000000000111,-0.007478717714548111,0.013760300353169441,-0.007875294424593449,-0.0024757252540439367,9.137937
0.48802083333334445,-0.007478660438209772,0.013761050999164581,-0.007874707691371441,-0.0024766349233686924,9.137937
0.4885416666666778,-0.007478571496903896,0.013761497102677822,-0.007875127717852592,-0.002476451452821493,9.137937
0.48906250000001117,-0.007478486746549606,0.013763071969151497,-0.007875627838075161,-0.002477251924574375,9.137937
0.48958333333334453,-0.0074783992022275925,0.013764540664851665,-0.007876019924879074,-0.0024775275960564613,9.137937
0.4901041666666779,-0.007478279061615467,0.013764659874141216,-0.007876294665038586,-0.0024796337820589542,9.137937
0.49062500000001125,-0.007478218991309404,0.013764778152108192,-0.007875616662204266,-0.0024786631111055613,9.137937
0.4911458333333446,-0.007478132378309965,0.013765630312263966,-0.0078761400654912,-0.0024792945478111506,9.137937
0.49166666666667797,-0.00747800525277853,0.013764618895947933,-0.007875613868236542,-0.0024808114394545555,9.137937
0.4921875000000113,-0.007477992679923773,0.013765199109911919,-0.007875603623688221,-0.0024813541676849127,9.137937
0.4927083333333447,-0.0074778893031179905,0.013764764182269573,-0.007875042967498302,-0.002481415867805481,9.137937
0.49322916666667804,-0.007477694656699896,0.013763152994215488,-0.007874464616179466,-0.0024821467231959105,9.137937
0.4937500000000114,-0.007477428298443556,0.013761457055807114,-0.007873725146055222,-0.0024809660390019417,9.137937
0.49427083333334476,-0.007477041333913803,0.013758169487118721,-0.007873238064348698,-0.002479151589795947,9.137937
0.4947916666666781,-0.0074765970930457115,0.013754191808402538,-0.007872444577515125,-0.0024790363386273384,9.137937
0.4953125000000115,-0.007476138882339001,0.013750345446169376,-0.007871796377003193,-0.0024792938493192196,9.137937
0.49583333333334484,-0.007475643884390593,0.013745486736297607,-0.007870685309171677,-0.002479283371940255,9.137937
0.4963541666666782,-0.0074751609936356544,0.013740893453359604,-0.007869581691920757,-0.002478639595210552,9.137937
0.49687500000001156,-0.007474670186638832,0.01373591460287571,-0.00786802638322115,-0.0024780479725450277,9.137937
0.4973958333333449,-0.007474191021174192,0.013732112012803555,-0.007867209613323212,-0.002477844012901187,9.137937
0.4979166666666783,-0.007473708130419254,0.013727749697864056,-0.007866132073104382,-0.0024769045412540436,9.137937
0.49843750000001164,-0.00747327134013176,0.01372393686324358,-0.007865490391850471,-0.002477481495589018,9.137937
0.498958333333345,-0.007473136764019728,0.01372439507395029,-0.007864532060921192,-0.0024772314354777336,9.137937
0.49947916666667835,-0.007473133038729429,0.013726361095905304,-0.007863732986152172,-0.002478343667462468,9.137937
0.5000000000000117,-0.00747305853292346,0.013726153410971165,-0.007863744162023067,-0.002478379989042878,9.137937
0.500520833333345,-0.007472982630133629,0.013726035133004189,-0.007862824015319347,-0.0024794284254312515,9.137937
0.5010416666666783,-0.007472919300198555,0.013727313838899136,-0.007862387225031853,-0.0024797667283564806,9.137937
0.5015625000000116,-0.007472868077456951,0.013728042133152485,-0.007862494327127934,-0.0024801616091281176,9.137937
0.5020833333333449,-0.0074728005565702915,0.013728495687246323,-0.007860829122364521,-0.002479101764038205,9.137937
0.5026041666666782,-0.007472762372344732,0.013727965764701366,-0.007859763689339161,-0.002479046816006303,9.137937
0.5031250000000115,-0.007472232915461063,0.013723055832087994,-0.007859139703214169,-0.002479021903127432,9.137937
0.5036458333333448,-0.007471724878996611,0.013719085603952408,-0.007858461700379848,-0.0024808470625430346,9.137937
0.5041666666666781,-0.007471470627933741,0.013718119822442532,-0.007857991382479668,-0.002481668721884489,9.137937
0.5046875000000114,-0.007471431512385607,0.013718744739890099,-0.007857494987547398,-0.0024805862922221422,9.137937
0.5052083333333447,-0.007471298798918724,0.013718744739890099,-0.007858174853026867,-0.002481409115716815,9.137937
0.505729166666678,-0.007471198216080666,0.01371985487639904,-0.007857805117964745,-0.0024817115627229214,9.137937
0.5062500000000113,-0.0074711088091135025,0.013720955699682236,-0.007857905700802803,-0.002482397248968482,9.137937
0.5067708333333446,-0.007471052464097738,0.013722069561481476,-0.00785786285996437,-0.0024819986429065466,9.137937
0.5072916666666779,-0.007470937445759773,0.013721873983740807,-0.007857165299355984,-0.0024831625632941723,9.137937
0.5078125000000112,-0.007470849435776472,0.01372247003018856,-0.007856732234358788,-0.0024825716391205788,9.137937
0.5083333333333445,-0.007470736280083656,0.013722194358706474,-0.007856529206037521,-0.0024829606991261244,9.137937
0.5088541666666778,-0.007470685988664627,0.013722585514187813,-0.007856115698814392,-0.002482874318957329,9.137937
0.5093750000000111,-0.007470573764294386,0.013722238130867481,-0.007855464704334736,-0.002483732532709837,9.137937
0.5098958333333444,-0.007470475975424051,0.013722952455282211,-0.00785485003143549,-0.002483440563082695,9.137937
0.5104166666666777,-0.007470352575182915,0.013723105192184448,-0.007854796014726162,-0.0024839984253048897,9.137937
0.510937500000011,-0.007470308803021908,0.013723719865083694,-0.007853778079152107,-0.0024840261321514845,9.137937
0.5114583333333443,-0.007470180746167898,0.013723021373152733,-0.007852788083255291,-0.002483490388840437,9.137937
0.5119791666666776,-0.007470075972378254,0.013723237439990044,-0.007852495647966862,-0.002484238939359784,9.137937
0.512500000000011,-0.00746992789208889,0.013722514733672142,-0.007852272130548954,-0.002484743483364582,9.137937
0.5130208333333443,-0.0074698892422020435,0.013723141513764858,-0.007851267233490944,-0.002486707177013159,9.137937
0.5135416666666776,-0.007469710428267717,0.013721462339162827,-0.007850096561014652,-0.002484866650775075,9.137937
0.5140625000000109,-0.007469564210623503,0.013721248134970665,-0.007850185967981815,-0.002484273398295045,9.137937
0.5145833333333442,-0.007469489239156246,0.013721824623644352,-0.0078494343906641,-0.0024842137936502695,9.137937
0.5151041666666775,-0.007469385862350464,0.013722076080739498,-0.007848466746509075,-0.002483956515789032,9.137937
0.5156250000000108,-0.007469302508980036,0.013722640462219715,-0.007847859524190426,-0.00248516583815217,9.137937
0.5161458333333441,-0.0074692051857709885,0.013722769916057587,-0.00784689374268055,-0.002484331140294671,9.137937
0.5166666666666774,-0.007469110190868378,0.013722913339734077,-0.007846026681363583,-0.002484526950865984,9.137937
0.5171875000000107,-0.007469038479030132,0.013723093084990978,-0.007845013402402401,-0.0024839690886437893,9.137937
0.517708333333344,-0.007468947675079107,0.013723496347665787,-0.007845011539757252,-0.0024838645476847887,9.137937
0.5182291666666773,-0.007468809839338064,0.01372313778847456,-0.007844304665923119,-0.0024836158845573664,9.137937
0.5187500000000106,-0.007468718569725752,0.013723875395953655,-0.007844256237149239,-0.0024845213629305363,9.137937
0.5192708333333439,-0.007468631956726313,0.013724460266530514,-0.007843527011573315,-0.0024843073915690184,9.137937
0.5197916666666772,-0.0074685304425656796,0.01372501440346241,-0.00784294307231903,-0.0024842009879648685,9.137937
0.5203125000000105,-0.0074684577994048595,0.0137246148660779,-0.007841560989618301,-0.002483995631337166,9.137937
0.5208333333333438,-0.007468352094292641,0.013723921030759811,-0.007840629667043686,-0.002484740689396858,9.137937
0.5213541666666771,-0.007468279451131821,0.013724135234951973,-0.007839541882276535,-0.002485488774254918,9.137937
0.5218750000000104,-0.007468136493116617,0.013723764568567276,-0.007839301601052284,-0.0024860252160578966,9.137937
0.5223958333333437,-0.007468042895197868,0.013723662123084068,-0.007838936522603035,-0.0024861544370651245,9.137937
0.522916666666677,-0.007467988878488541,0.013724951073527336,-0.007838016375899315,-0.0024851516354829073,9.137937
0.5234375000000103,-0.007467817515134811,0.013723324984312057,-0.007837566547095776,-0.002484317170456052,9.137937
0.5239583333333436,-0.007467680610716343,0.013723788782954216,-0.007837463170289993,-0.0024831127375364304,9.137937
0.5244791666666769,-0.007467606104910374,0.01372440904378891,-0.007837038487195969,-0.0024828105233609676,9.137937
0.5250000000000102,-0.007467513903975487,0.013724575750529766,-0.007836226373910904,-0.002482473384588957,9.137937
0.5255208333333435,-0.007467406336218119,0.013724635355174541,-0.00783581379801035,-0.0024819732643663883,9.137937
0.5260416666666768,-0.00746724521741271,0.01372342649847269,-0.007835136726498604,-0.002482487354427576,9.137937
0.5265625000000101,-0.007467181421816349,0.013724496588110924,-0.007833816111087799,-0.002482216339558363,9.137937
0.5270833333333435,-0.007467035204172134,0.013722888194024563,-0.007833138108253479,-0.0024815290234982967,9.137937
0.5276041666666768,-0.0074669006280601025,0.013722325675189495,-0.007832114584743977,-0.00248011969961226,9.137937
0.5281250000000101,-0.007466815412044525,0.013722640462219715,-0.007830608636140823,-0.0024786742869764566,9.137937
0.5286458333333434,-0.007466680370271206,0.013722251169383526,-0.007829640991985798,-0.0024793522898107767,9.137937
0.5291666666666767,-0.007466612849384546,0.013722529634833336,-0.007829103618860245,-0.002478960668668151,9.137937
0.52968750000001,-0.007466495502740145,0.013722355477511883,-0.00782839860767126,-0.0024780139792710543,9.137937
0.5302083333333433,-0.007466400973498821,0.013722398318350315,-0.007827241905033588,-0.002477204892784357,9.137937
0.5307291666666766,-0.007466275244951248,0.013722742907702923,-0.007826969027519226,-0.0024777385406196117,9.137937
0.5312500000000099,-0.007466115523129702,0.013721889816224575,-0.007826068438589573,-0.0024771210737526417,9.137937
0.5317708333333432,-0.00746605871245265,0.013721981085836887,-0.007824888452887535,-0.0024771245662122965,9.137937
0.5322916666666765,-0.007465961389243603,0.01372192520648241,-0.007823137566447258,-0.0024764148984104395,9.137937
0.5328125000000098,-0.007465793751180172,0.01372123509645462,-0.007822581566870213,-0.0024762984830886126,9.137937
0.5333333333333431,-0.00746567640453577,0.013720200397074223,-0.007820832543075085,-0.0024749948643147945,9.137937
0.5338541666666764,-0.0074656386859714985,0.013720898889005184,-0.0078195258975029,-0.0024738211650401354,9.137937
0.5343750000000097,-0.0074655041098594666,0.013719437643885612,-0.00782029703259468,-0.0024745238479226828,9.137937
0.534895833333343,-0.0074652861803770065,0.013718515634536743,-0.007820148952305317,-0.0024740903172641993,9.137937
0.5354166666666763,-0.0074651362374424934,0.013718570582568645,-0.00781953614205122,-0.002474430250003934,9.137937
0.5359375000000096,-0.007465045899152756,0.013719704933464527,-0.007819310761988163,-0.0024740402586758137,9.137937
0.5364583333333429,-0.00746495695784688,0.013720348477363586,-0.007818532176315784,-0.002473648404702544,9.137937
0.5369791666666762,-0.007464809808880091,0.013719522394239902,-0.007817749865353107,-0.0024736416526138783,9.137937
0.5375000000000095,-0.007464684080332518,0.013719316571950912,-0.007816518656909466,-0.0024751857854425907,9.137937
0.5380208333333428,-0.0074645765125751495,0.013719362206757069,-0.007815499790012836,-0.002474347362294793,9.137937
0.5385416666666761,-0.007464489433914423,0.013718999922275543,-0.007814290001988411,-0.002474790206179023,9.137937
0.5390625000000094,-0.00746438791975379,0.013718760572373867,-0.007813221774995327,-0.002474667737260461,9.137937
0.5395833333333427,-0.007464244961738586,0.013718600384891033,-0.007812183815985918,-0.002475206973031163,9.137937
0.540104166666676,-0.007464087102562189,0.01371818594634533,-0.007811215240508318,-0.0024741850793361664,9.137937
0.5406250000000093,-0.007464008871465921,0.01371814776211977,-0.007810655049979687,-0.0024735110346227884,9.137937
0.5411458333333427,-0.0074639045633375645,0.013718415051698685,-0.00780965480953455,-0.0024724218528717756,9.137937
0.541666666666676,-0.007463718298822641,0.01371738314628601,-0.00780851487070322,-0.0024737478233873844,9.137937
0.5421875000000093,-0.007463611196726561,0.013717258349061012,-0.007807929068803787,-0.0024740006774663925,9.137937
0.5427083333333426,-0.007463482208549976,0.01371690258383751,-0.0078069050796329975,-0.002474373672157526,9.137937
0.5432291666666759,-0.007463359273970127,0.013716687448322773,-0.007805773988366127,-0.002474694512784481,9.137937
0.5437500000000092,-0.007463213987648487,0.01371623296290636,-0.007805028930306435,-0.002476286143064499,9.137937
0.5442708333333425,-0.007463058922439814,0.013715994544327259,-0.007804138585925102,-0.0024747848510742188,9.137937
0.5447916666666758,-0.007462984882295132,0.013715725392103195,-0.007802553009241819,-0.0024745811242610216,9.137937
0.5453125000000091,-0.007462871726602316,0.013715381734073162,-0.0078008100390434265,-0.0024743678513914347,9.137937
0.5458333333333424,-0.007462755311280489,0.013714747503399849,-0.007799890358000994,-0.0024732721503823996,9.137937
0.5463541666666757,-0.0074626002460718155,0.013714018277823925,-0.0077988263219594955,-0.002472289139404893,9.137937
0.546875000000009,-0.007462462410330772,0.013713523745536804,-0.007798351347446442,-0.0024716276675462723,9.137937
0.5473958333333423,-0.007462354842573404,0.013714076951146126,-0.007797506172209978,-0.0024729303549975157,9.137937
0.5479166666666756,-0.007462217938154936,0.013713456690311432,-0.007796038873493671,-0.0024730409495532513,9.137937
0.5484375000000089,-0.007462083362042904,0.013712970539927483,-0.007794765755534172,-0.0024741841480135918,9.137937
0.5489583333333422,-0.00746199069544673,0.013713289052248001,-0.007794475182890892,-0.002474847249686718,9.137937
0.5494791666666755,-0.0074618179351091385,0.013712200336158276,-0.007793662138283253,-0.002475544810295105,9.137937
0.5500000000000088,-0.007461683824658394,0.013712674379348755,-0.007793093100190163,-0.0024754763580858707,9.137937
0.5505208333333421,-0.0074615213088691235,0.013711892068386078,-0.007792710792273283,-0.0024745366536080837,9.137937
0.5510416666666754,-0.00746141979470849,0.013712296262383461,-0.007792225573211908,-0.002473606262356043,9.137937
0.5515625000000087,-0.0074612777680158615,0.013712229207158089,-0.007791627198457718,-0.00247284397482872,9.137937
0.552083333333342,-0.007461134810000658,0.013711734674870968,-0.007790885400027037,-0.0024722106754779816,9.137937
0.5526041666666753,-0.007461004890501499,0.013711070641875267,-0.0077893962152302265,-0.0024716185871511698,9.137937
0.5531250000000086,-0.0074608507566154,0.01371089182794094,-0.007788474205881357,-0.0024729447904974222,9.137937
0.5536458333333419,-0.007460696157068014,0.0137098990380764,-0.007786992471665144,-0.0024728160351514816,9.137937
0.5541666666666752,-0.007460569962859154,0.013709585182368755,-0.007786091882735491,-0.0024724032264202833,9.137937
0.5546875000000085,-0.007460422348231077,0.013709165155887604,-0.007785325404256582,-0.002471898915246129,9.137937
0.5552083333333419,-0.00746025238186121,0.013708455488085747,-0.007784297224134207,-0.002471259096637368,9.137937
0.5557291666666752,-0.007460132706910372,0.013708238489925861,-0.007782949134707451,-0.002470595994964242,9.137937
0.5562500000000085,-0.007460000924766064,0.013707638718187809,-0.007781865540891886,-0.0024702532682567835,9.137937
0.5567708333333418,-0.007459818385541439,0.013706968165934086,-0.007780834101140499,-0.0024711615405976772,9.137937
0.5572916666666751,-0.0074596828781068325,0.013706749305129051,-0.007780305575579405,-0.0024726339615881443,9.137937
0.5578125000000084,-0.007459526415914297,0.013706134632229805,-0.007779655512422323,-0.002473072847351432,9.137937
0.5583333333333417,-0.007459369022399187,0.013705749996006489,-0.007777644321322441,-0.0024724816903471947,9.137937
0.558854166666675,-0.007459262851625681,0.013706042431294918,-0.007776542566716671,-0.0024726204574108124,9.137937
0.5593750000000083,-0.007459076587110758,0.013704655691981316,-0.007775572594255209,-0.002472091233357787,9.137937
0.5598958333333416,-0.007458965759724379,0.013705432415008545,-0.007775086909532547,-0.002471642103046179,9.137937
0.5604166666666749,-0.007458655163645744,0.01370309479534626,-0.007774097379297018,-0.0024705943651497364,9.137937
0.5609375000000082,-0.007458498235791922,0.01370201911777258,-0.007772864308208227,-0.0024691179860383272,9.137937
0.5614583333333415,-0.0074584269896149635,0.01370261050760746,-0.007772370707243681,-0.002469015074893832,9.137937
0.5619791666666748,-0.007458187639713287,0.013702016323804855,-0.007772027049213648,-0.002469634171575308,9.137937
0.5625000000000081,-0.007457928732037544,0.013700512237846851,-0.00777067244052887,-0.0024674287997186184,9.137937
0.5630208333333414,-0.007457819301635027,0.013701122254133224,-0.007770275231450796,-0.0024678106419742107,9.137937
0.5635416666666747,-0.0074576446786522865,0.013700870797038078,-0.007769878953695297,-0.002468121936544776,9.137937
0.564062500000008,-0.007457417901605368,0.013699725270271301,-0.0077692484483122826,-0.002466948004439473,9.137937
0.5645833333333413,-0.007457245606929064,0.013698406517505646,-0.007768666837364435,-0.0024664001539349556,9.137937
0.5651041666666746,-0.007457127328962088,0.013698436319828033,-0.00776737742125988,-0.0024672141298651695,9.137937
0.5656250000000079,-0.0074569545686244965,0.013697851449251175,-0.007766529452055693,-0.0024667922407388687,9.137937
0.5661458333333412,-0.007456780411303043,0.013696860522031784,-0.007765649352222681,-0.0024664446245878935,9.137937
0.5666666666666745,-0.007456607185304165,0.013695825822651386,-0.00776415690779686,-0.0024662846699357033,9.137937
0.5671875000000078,-0.00745645584538579,0.01369567308574915,-0.007763547357171774,-0.0024657174944877625,9.137937
0.5677083333333411,-0.00745629146695137,0.013695139437913895,-0.007762530352920294,-0.002465519355610013,9.137937
0.5682291666666744,-0.007456113584339619,0.013694999739527702,-0.007761241402477026,-0.0024652217980474234,9.137937
0.5687500000000077,-0.007455905899405479,0.013694027438759804,-0.007760318461805582,-0.0024637868627905846,9.137937
0.569270833333341,-0.007455796469002962,0.013694035820662975,-0.007759050000458956,-0.002464492339640856,9.137937
0.5697916666666744,-0.007455563638359308,0.013692519627511501,-0.007758145220577717,-0.0024644953664392233,9.137937
0.5703125000000077,-0.007455380167812109,0.013692419975996017,-0.00775715010240674,-0.002463789191097021,9.137937
0.570833333333341,-0.00745518459007144,0.01369116734713316,-0.007756012491881847,-0.002462770091369748,9.137937
0.5713541666666743,-0.007455036975443363,0.01369168609380722,-0.007755569647997618,-0.002463363576680422,9.137937
0.5718750000000076,-0.007454839535057545,0.013691377826035023,-0.007754851132631302,-0.0024627414532005787,9.137937
0.5723958333333409,-0.007454604376107454,0.01369022112339735,-0.007753715850412846,-0.0024617707822471857,9.137937
0.5729166666666742,-0.007454446982592344,0.013690453954041004,-0.007752942852675915,-0.0024627221282571554,9.137937
0.5734375000000075,-0.007454272359609604,0.013690320774912834,-0.007752259261906147,-0.0024621260818094015,9.137937
0.5739583333333408,-0.0074540553614497185,0.013689002953469753,-0.0077518378384411335,-0.0024621211923658848,9.137937
0.5744791666666741,-0.007453881669789553,0.013689253479242325,-0.007751047611236572,-0.002462201053276658,9.137937
0.5750000000000074,-0.007453706581145525,0.013689287006855011,-0.007750527933239937,-0.0024608089588582516,9.137937
0.5755208333333407,-0.007453495170921087,0.013688599690794945,-0.007749719079583883,-0.002460421295836568,9.137937
0.576041666666674,-0.007453307509422302,0.013688242062926292,-0.007748584263026714,-0.002461737487465143,9.137937
0.5765625000000073,-0.007453128695487976,0.013687798753380775,-0.007747545372694731,-0.002461622003465891,9.137937
0.5770833333333406,-0.007452927529811859,0.01368659920990467,-0.007746266201138496,-0.0024618864990770817,9.137937
0.5776041666666739,-0.0074527389369904995,0.01368619129061699,-0.007745634764432907,-0.002461702562868595,9.137937
0.5781250000000072,-0.0074525196105241776,0.013686023652553558,-0.0077448636293411255,-0.0024605668149888515,9.137937
0.5786458333333405,-0.0074522909708321095,0.013684757053852081,-0.007743605878204107,-0.00246033794246614,9.137937
0.5791666666666738,-0.0074520711787045,0.013685387559235096,-0.00774399982765317,-0.0024601274635642767,9.137937
0.5796875000000071,-0.00745186023414135,0.013684689067304134,-0.007743163499981165,-0.002459827112033963,9.137937
0.5802083333333404,-0.007451663259416819,0.013683829456567764,-0.00774245522916317,-0.0024613719433546066,9.137937
0.5807291666666737,-0.0074514830484986305,0.013684099540114403,-0.0077415755949914455,-0.002462464151903987,9.137937
0.581250000000007,-0.007451196666806936,0.013683071359992027,-0.0077409944497048855,-0.0024633933790028095,9.137937
0.5817708333333403,-0.007450923789292574,0.013682153075933456,-0.007741048466414213,-0.0024636900052428246,9.137937
0.5822916666666736,-0.007450720760971308,0.013681933283805847,-0.007740119472146034,-0.0024630865082144737,9.137937
0.582812500000007,-0.007450482342392206,0.013680918142199516,-0.007739673368632793,-0.002462415723130107,9.137937
0.5833333333333403,-0.007450241129845381,0.01368020474910736,-0.0077391876839101315,-0.002462539356201887,9.137937
0.5838541666666736,-0.007450059521943331,0.013680201023817062,-0.00773841654881835,-0.0024616310838609934,9.137937
0.5843750000000069,-0.007449741940945387,0.013678568415343761,-0.007737408857792616,-0.002461305120959878,9.137937
0.5848958333333402,-0.0074494932778179646,0.013677224516868591,-0.007736000698059797,-0.0024605097714811563,9.137937
0.5854166666666735,-0.007449336815625429,0.013677660375833511,-0.007735328748822212,-0.002460756804794073,9.137937
0.5859375000000068,-0.007449083961546421,0.013676416128873825,-0.007734698709100485,-0.002461484167724848,9.137937
0.5864583333333401,-0.007448829244822264,0.013675371184945107,-0.007733953185379505,-0.002461474621668458,9.137937
0.5869791666666734,-0.007448628079146147,0.013674972578883171,-0.007732390891760588,-0.002461217110976577,9.137937
0.5875000000000067,-0.007448345422744751,0.013674110174179077,-0.007732358295470476,-0.0024621589109301567,9.137937
0.58802083333334,-0.007448050193488598,0.013672834262251854,-0.007731759455054998,-0.0024616739246994257,9.137937
0.5885416666666733,-0.007447816897183657,0.01367323100566864,-0.0077324481680989265,-0.0024624743964523077,9.137937
0.5890625000000066,-0.007447493728250265,0.01367194764316082,-0.00773205142468214,-0.002461746335029602,9.137937
0.5895833333333399,-0.007447313982993364,0.013671413995325565,-0.0077309864573180676,-0.00246081012301147,9.137937
0.5901041666666732,-0.007447080221027136,0.0136706018820405,-0.007730185519903898,-0.002461738884449005,9.137937
0.5906250000000065,-0.007446828298270702,0.013669795356690884,-0.007729257456958294,-0.0024607391096651554,9.137937
0.5911458333333398,-0.007446594070643187,0.013668741099536419,-0.007728524971753359,-0.0024603542406111956,9.137937
0.5916666666666731,-0.007446310482919216,0.013667736202478409,-0.0077278329990804195,-0.002459688577800989,9.137937
0.5921875000000064,-0.007446056231856346,0.013666785322129726,-0.007726686075329781,-0.0024590466637164354,9.137937
0.5927083333333397,-0.007445814087986946,0.013665899634361267,-0.007725106552243233,-0.002459184965118766,9.137937
0.593229166666673,-0.007445472292602062,0.013663658872246742,-0.007723840419203043,-0.002459288574755192,9.137937
0.5937500000000063,-0.007445248309522867,0.013662748038768768,-0.007722877431660891,-0.0024593393318355083,9.137937
0.5942708333333396,-0.007445026654750109,0.013662664219737053,-0.007722847163677216,-0.002460178919136524,9.137937
0.5947916666666729,-0.007444780319929123,0.013662443496286869,-0.007722078822553158,-0.0024599204771220684,9.137937
0.5953125000000062,-0.007444519549608231,0.013661487028002739,-0.007721058093011379,-0.002459758659824729,9.137937
0.5958333333333395,-0.007444305345416069,0.01366142462939024,-0.007720308844000101,-0.002459167269989848,9.137937
0.5963541666666728,-0.007444112095981836,0.013661067932844162,-0.007719836197793484,-0.0024591938126832247,9.137937
0.5968750000000062,-0.0074439202435314655,0.013661001808941364,-0.007719188928604126,-0.002458814298734069,9.137937
0.5973958333333395,-0.0074437521398067474,0.013661487959325314,-0.007718847133219242,-0.0024586578365415335,9.137937
0.5979166666666728,-0.007443485781550407,0.01366027258336544,-0.007717974949628115,-0.002459239447489381,9.137937
0.5984375000000061,-0.007443213369697332,0.013658959418535233,-0.007716151420027018,-0.002460089046508074,9.137937
0.5989583333333394,-0.007443051319569349,0.013658400624990463,-0.007714222185313702,-0.002460956573486328,9.137937
0.5994791666666727,-0.007442845031619072,0.013657990843057632,-0.00771303242072463,-0.0024615698494017124,9.137937
0.600000000000006,-0.0074425810016691685,0.013657226227223873,-0.007712188176810741,-0.0024611721746623516,9.137937
0.6005208333333393,-0.007442353758960962,0.01365735474973917,-0.00771153811365366,-0.0024621468037366867,9.137937
0.6010416666666726,-0.007442149333655834,0.013656849041581154,-0.007710644975304604,-0.002461943542584777,9.137937
0.6015625000000059,-0.007441944442689419,0.013656556606292725,-0.0077097369357943535,-0.0024621556513011456,9.137937
0.6020833333333392,-0.007441728375852108,0.013656200841069221,-0.007708820514380932,-0.0024627475067973137,9.137937
0.6026041666666725,-0.007441531866788864,0.01365617010742426,-0.00770830363035202,-0.0024620871990919113,9.137937
0.6031250000000058,-0.007441318593919277,0.01365573238581419,-0.0077073113061487675,-0.002462963107973337,9.137937
0.6036458333333391,-0.007441088557243347,0.013655179180204868,-0.0077060493640601635,-0.0024634685833007097,9.137937
0.6041666666666724,-0.007440880406647921,0.013654706068336964,-0.007704426068812609,-0.002463455544784665,9.137937
0.6046875000000057,-0.007440636865794659,0.01365420687943697,-0.007703091017901897,-0.0024624234065413475,9.137937
0.605208333333339,-0.007440440356731415,0.013654068112373352,-0.0077027869410812855,-0.0024621556513011456,9.137937
0.6057291666666723,-0.007440200075507164,0.013653098605573177,-0.0077017322182655334,-0.0024640418123453856,9.137937
0.6062500000000056,-0.00743999145925045,0.01365311723202467,-0.007701114285737276,-0.0024645074736326933,9.137937
0.6067708333333389,-0.007439739070832729,0.013652550987899303,-0.007700277026742697,-0.002464482095092535,9.137937
0.6072916666666722,-0.007439413573592901,0.013652059249579906,-0.0076996199786663055,-0.0024639584589749575,9.137937
0.6078125000000055,-0.0074392035603523254,0.01365162804722786,-0.007697565946727991,-0.002464737044647336,9.137937
0.6083333333333388,-0.007438981905579567,0.013651342131197453,-0.00769626721739769,-0.0024648301769047976,9.137937
0.6088541666666721,-0.007438774220645428,0.01365035492926836,-0.007694849278777838,-0.002464821096509695,9.137937
0.6093750000000054,-0.007438470143824816,0.013649159111082554,-0.00769338384270668,-0.002464280929416418,9.137937
0.6098958333333387,-0.0074382564052939415,0.013649222441017628,-0.007692300248891115,-0.0024638313334435225,9.137937
0.610416666666672,-0.007437987253069878,0.013648642227053642,-0.007691709790378809,-0.0024647540412843227,9.137937
0.6109375000000054,-0.007437671069055796,0.01364784687757492,-0.007690315134823322,-0.002464953577145934,9.137937
0.6114583333333387,-0.007437434978783131,0.013647702522575855,-0.007689113728702068,-0.002465413184836507,9.137937
0.611979166666672,-0.007437156978994608,0.013647270388901234,-0.007688408251851797,-0.0024651901330798864,9.137937
0.6125000000000053,-0.007436908315867186,0.013646106235682964,-0.007686347234994173,-0.0024668131954967976,9.137937
0.6130208333333386,-0.0074365814216434956,0.013645417988300323,-0.007685042917728424,-0.002466364298015833,9.137937
0.6135416666666719,-0.007436309475451708,0.013644346967339516,-0.007683432660996914,-0.00246669864282012,9.137937
0.6140625000000052,-0.007435941603034735,0.013643406331539154,-0.007682890631258488,-0.0024672115687280893,9.137937
0.6145833333333385,-0.00743567431345582,0.013642188161611557,-0.007681375835090876,-0.002467949176207185,9.137937
0.6151041666666718,-0.007435370236635208,0.013641556724905968,-0.007680344395339489,-0.0024677810724824667,9.137937
0.6156250000000051,-0.007435057777911425,0.013640384189784527,-0.0076787699945271015,-0.002468555700033903,9.137937
0.6161458333333384,-0.0074346959590911865,0.013638881035149097,-0.007677770685404539,-0.002467741956934333,9.137937
0.6166666666666717,-0.007434376515448093,0.013637627474963665,-0.007676280569285154,-0.002468870487064123,9.137937
0.617187500000005,-0.0074339620769023895,0.013635989278554916,-0.007674497552216053,-0.002469784114509821,9.137937
0.6177083333333383,-0.007433658465743065,0.013635003007948399,-0.007673232816159725,-0.002469905186444521,9.137937
0.6182291666666716,-0.007433334831148386,0.013633967377245426,-0.007672627456486225,-0.002469661645591259,9.137937
0.6187500000000049,-0.007432982325553894,0.01363237202167511,-0.007671647239476442,-0.002470556180924177,9.137937
0.6192708333333382,-0.007432679645717144,0.013631573878228664,-0.007670076098293066,-0.0024710369762033224,9.137937
0.6197916666666715,-0.007432323414832354,0.013630279339849949,-0.007669532205909491,-0.002470465609803796,9.137937
0.6203125000000048,-0.0074319541454315186,0.013628706336021423,-0.007667883764952421,-0.0024694534949958324,9.137937
0.6208333333333381,-0.0074315681122243404,0.01362750306725502,-0.007665899582207203,-0.002469569444656372,9.137937
0.6213541666666714,-0.007431266363710165,0.013626226224005222,-0.0076641179621219635,-0.0024696653708815575,9.137937
0.6218750000000047,-0.007430963218212128,0.01362538617104292,-0.0076625654473900795,-0.0024686099495738745,9.137937
0.622395833333338,-0.007430628873407841,0.013623989187180996,-0.007662024348974228,-0.002470010193064809,9.137937
0.6229166666666713,-0.007430174853652716,0.013621513731777668,-0.0076606376096606255,-0.0024704907555133104,9.137937
0.6234375000000046,-0.007429774384945631,0.013620452955365181,-0.007659331429749727,-0.0024693480227142572,9.137937
0.6239583333333379,-0.007429368328303099,0.013618762604892254,-0.007658191490918398,-0.0024694199673831463,9.137937
0.6244791666666712,-0.007428962271660566,0.013617049902677536,-0.007656634319573641,-0.0024698670022189617,9.137937
0.6250000000000046,-0.007428577169775963,0.013615990057587624,-0.00765529740601778,-0.002470059785991907,9.137937
0.6255208333333379,-0.007428210694342852,0.013614903204143047,-0.007653775159269571,-0.0024703394155949354,9.137937
0.6260416666666712,-0.007427768316119909,0.01361385453492403,-0.0076530324295163155,-0.0024707303382456303,9.137937
0.6265625000000045,-0.007427374366670847,0.013611630536615849,-0.0076520442962646484,-0.0024707489646971226,9.137937
0.6270833333333378,-0.007426910568028688,0.013610276393592358,-0.0076509504579007626,-0.0024700004141777754,9.137937
0.6276041666666711,-0.007426504977047443,0.013609125278890133,-0.007649912498891354,-0.002469220431521535,9.137937
0.6281250000000044,-0.007426027674227953,0.013606877066195011,-0.007648021448403597,-0.0024695806205272675,9.137937
0.6286458333333377,-0.0074256667867302895,0.013605439104139805,-0.007646569516509771,-0.0024703661911189556,9.137937
0.629166666666671,-0.007425244897603989,0.01360440906137228,-0.007646601181477308,-0.002469940809533,9.137937
0.6296875000000043,-0.00742484163492918,0.01360300648957491,-0.0076452745124697685,-0.0024706516414880753,9.137937
0.6302083333333376,-0.0074243745766580105,0.013601148501038551,-0.007643710356205702,-0.0024711042642593384,9.137937
0.6307291666666709,-0.007423989474773407,0.013599882833659649,-0.007643061690032482,-0.0024710725992918015,9.137937
0.6312500000000042,-0.007423541508615017,0.013598097488284111,-0.007642335258424282,-0.002469603205099702,9.137937
0.6317708333333375,-0.007423078641295433,0.013596272096037865,-0.007641572039574385,-0.002470399485900998,9.137937
0.6322916666666708,-0.00742254126816988,0.013594554737210274,-0.0076402705162763596,-0.002470295177772641,9.137937
0.6328125000000041,-0.007422036025673151,0.013592453673481941,-0.0076389554888010025,-0.002470278413966298,9.137937
0.6333333333333374,-0.00742154149338603,0.013590560294687748,-0.007638351526111364,-0.0024707939010113478,9.137937
0.6338541666666707,-0.007421089336276054,0.013589499518275261,-0.007637937553226948,-0.0024709259159862995,9.137937
0.634375000000004,-0.007420544046908617,0.013586541637778282,-0.007636692840605974,-0.0024698697961866856,9.137937
0.6348958333333373,-0.007420066744089127,0.013584772124886513,-0.007635512389242649,-0.002469512866809964,9.137937
0.6354166666666706,-0.007419589441269636,0.013583457097411156,-0.007634781301021576,-0.0024692858569324017,9.137937
0.6359375000000039,-0.007419045083224773,0.013581912964582443,-0.007634489331394434,-0.0024682749062776566,9.137937
0.6364583333333372,-0.0074184732511639595,0.013579108752310276,-0.007633153814822435,-0.002467701444402337,9.137937
0.6369791666666705,-0.007417946122586727,0.013576867058873177,-0.00763148907572031,-0.002465371508151293,9.137937
0.6375000000000038,-0.007417461834847927,0.013575640507042408,-0.007630686741322279,-0.0024650818668305874,9.137937
0.6380208333333371,-0.007416893728077412,0.013573119416832924,-0.007629578933119774,-0.0024626736994832754,9.137937
0.6385416666666704,-0.007416374050080776,0.013571108691394329,-0.0076291197910904884,-0.0024609293323010206,9.137937
0.6390625000000038,-0.00741583900526166,0.013569178059697151,-0.007627648301422596,-0.0024586438667029142,9.137937
0.6395833333333371,-0.007415319327265024,0.013566860929131508,-0.007626834791153669,-0.0024577018339186907,9.137937
0.6401041666666704,-0.0074147009290754795,0.013564081862568855,-0.007625033613294363,-0.0024575507268309593,9.137937
0.6406250000000037,-0.007414179388433695,0.013562328182160854,-0.007624697871506214,-0.0024567600339651108,9.137937
0.641145833333337,-0.0074135842733085155,0.013559556566178799,-0.007623294834047556,-0.002455841051414609,9.137937
0.6416666666666703,-0.007413024548441172,0.01355721615254879,-0.007621898781508207,-0.0024552354589104652,9.137937
0.6421875000000036,-0.0074124326929450035,0.013554755598306656,-0.0076205735094845295,-0.0024529502261430025,9.137937
0.6427083333333369,-0.007411850616335869,0.013552211225032806,-0.007619427051395178,-0.0024521364830434322,9.137937
0.6432291666666702,-0.007411246187984943,0.013549946248531342,-0.007619147188961506,-0.0024511348456144333,9.137937
0.6437500000000035,-0.007410604506731033,0.013547130860388279,-0.00761746009811759,-0.0024490775540471077,9.137937
0.6442708333333368,-0.007409997284412384,0.013544534333050251,-0.007616016082465649,-0.002447732025757432,9.137937
0.6447916666666701,-0.007409317418932915,0.013541795313358307,-0.007615172304213047,-0.002446470782160759,9.137937
0.6453125000000034,-0.007408712059259415,0.013539906591176987,-0.007614020258188248,-0.0024464940652251244,9.137937
0.6458333333333367,-0.0074080368503928185,0.013536626473069191,-0.007613530848175287,-0.0024454696103930473,9.137937
0.64635416666667,-0.00740737933665514,0.013534671626985073,-0.007611891254782677,-0.0024435389786958694,9.137937
0.6468750000000033,-0.007406732067465782,0.01353162620216608,-0.007610025350004435,-0.0024424397852271795,9.137937
0.6473958333333366,-0.007406099233776331,0.01352955587208271,-0.00760910427197814,-0.0024413245264440775,9.137937
0.6479166666666699,-0.007405405398458242,0.01352621428668499,-0.007608044892549515,-0.0024402602575719357,9.137937
0.6484375000000032,-0.007404729723930359,0.013523402623832226,-0.007606444414705038,-0.0024387005250900984,9.137937
0.6489583333333365,-0.007404009811580181,0.013519924134016037,-0.007604782935231924,-0.0024377217050641775,9.137937
0.6494791666666698,-0.007403352297842503,0.013517017476260662,-0.007603059522807598,-0.0024376020301133394,9.137937
0.6500000000000031,-0.0074027241207659245,0.013514991849660873,-0.0076018148101866245,-0.002436489798128605,9.137937
0.6505208333333364,-0.007401995826512575,0.013511566445231438,-0.007600515149533749,-0.0024352597538381815,9.137937
0.6510416666666697,-0.007401309907436371,0.013508615083992481,-0.007599233649671078,-0.002435184782370925,9.137937
0.651562500000003,-0.007400605361908674,0.013505294919013977,-0.0075981453992426395,-0.002434992464259267,9.137937
0.6520833333333363,-0.007399879861623049,0.013501613400876522,-0.0075968606397509575,-0.0024334387853741646,9.137937
0.6526041666666696,-0.0073990598320961,0.013498001731932163,-0.007595352828502655,-0.00243345252238214,9.137937
0.653125000000003,-0.007398312911391258,0.013495048508048058,-0.007594985421746969,-0.002433581743389368,9.137937
0.6536458333333363,-0.007397423032671213,0.013491323217749596,-0.007593038957566023,-0.0024311102461069822,9.137937
0.6541666666666696,-0.007396669592708349,0.01348834577947855,-0.007592364214360714,-0.002431099535897374,9.137937
0.6546875000000029,-0.007395907770842314,0.01348495576530695,-0.007590604480355978,-0.002430135849863291,9.137937
0.6552083333333362,-0.007395146880298853,0.013482127338647842,-0.007589297369122505,-0.002428758889436722,9.137937
0.6557291666666695,-0.007394241169095039,0.013477827422320843,-0.007587729021906853,-0.0024281912483274937,9.137937
0.6562500000000028,-0.007393471896648407,0.01347502414137125,-0.007586227264255285,-0.0024261765647679567,9.137937
0.6567708333333361,-0.0073926723562181,0.013471757061779499,-0.007584783248603344,-0.002425574231892824,9.137937
0.6572916666666694,-0.007391864433884621,0.013468289747834206,-0.007582755759358406,-0.002424909733235836,9.137937
0.6578125000000027,-0.007391076534986496,0.01346575003117323,-0.007581591140478849,-0.002424040576443076,9.137937
0.658333333333336,-0.007390228565782309,0.013461388647556305,-0.007579667493700981,-0.0024235292803496122,9.137937
0.6588541666666693,-0.0073894052766263485,0.013458211906254292,-0.007577968295663595,-0.002420770702883601,9.137937
0.6593750000000026,-0.007388471160084009,0.013454143889248371,-0.0075764646753668785,-0.00242192717269063,9.137937
0.6598958333333359,-0.0073876031674444675,0.01345061231404543,-0.0075752041302621365,-0.0024214284494519234,9.137937
0.6604166666666692,-0.007386674173176289,0.01344609260559082,-0.00757383368909359,-0.002420516684651375,9.137937
0.6609375000000025,-0.0073857796378433704,0.01344281155616045,-0.007572729140520096,-0.0024208491668105125,9.137937
0.6614583333333358,-0.007384863216429949,0.013438637368381023,-0.0075715212151408195,-0.002419370925053954,9.137937
0.6619791666666691,-0.0073839230462908745,0.01343467179685831,-0.007570340763777494,-0.002420028205960989,9.137937
0.6625000000000024,-0.007383013144135475,0.013430900871753693,-0.00756901316344738,-0.0024194479919970036,9.137937
0.6630208333333357,-0.007382094860076904,0.013426899909973145,-0.007567079272121191,-0.0024188256356865168,9.137937
0.663541666666669,-0.007381184492260218,0.013423148542642593,-0.007565722335129976,-0.00241857604123652,9.137937
0.6640625000000023,-0.0073802536353468895,0.01341903954744339,-0.007564252242445946,-0.002417914103716612,9.137937
0.6645833333333356,-0.007379311602562666,0.013415606692433357,-0.00756322406232357,-0.002417649608105421,9.137937
0.6651041666666689,-0.007378341164439917,0.013411521911621094,-0.007561355829238892,-0.0024168617092072964,9.137937
0.6656250000000022,-0.007377376314252615,0.013407244347035885,-0.007560031488537788,-0.002415644470602274,9.137937
0.6661458333333355,-0.007376293186098337,0.01340317353606224,-0.007558890618383884,-0.0024160260800272226,9.137937
0.6666666666666689,-0.007375303190201521,0.013399244286119938,-0.0075571793131530285,-0.0024162086192518473,9.137937
0.6671875000000022,-0.00737429317086935,0.013394569046795368,-0.007555308751761913,-0.002414413494989276,9.137937
0.6677083333333355,-0.007373208180069923,0.01339110266417265,-0.007554179988801479,-0.00241467054001987,9.137937
0.6682291666666688,-0.007372125517576933,0.013386634178459644,-0.0075528970919549465,-0.0024143322370946407,9.137937
0.6687500000000021,-0.007371064275503159,0.013382751494646072,-0.007551525253802538,-0.0024127752985805273,9.137937
0.6692708333333354,-0.007369983941316605,0.013378684408962727,-0.0075500658713281155,-0.0024127839133143425,9.137937
0.6697916666666687,-0.007368924096226692,0.013374380767345428,-0.007548592519015074,-0.002412098227068782,9.137937
0.670312500000002,-0.007367813028395176,0.01336981076747179,-0.0075471061281859875,-0.0024108632933348417,9.137937
0.6708333333333353,-0.007366721518337727,0.013366156257689,-0.0075465538538992405,-0.0024104206822812557,9.137937
0.6713541666666686,-0.007365580648183823,0.013361666351556778,-0.007545391097664833,-0.0024098188150674105,9.137937
0.6718750000000019,-0.007364443503320217,0.013357450254261494,-0.007543778978288174,-0.00240947213023901,9.137937
0.6723958333333352,-0.007363318465650082,0.013353542424738407,-0.0075430250726640224,-0.002409149892628193,9.137937
0.6729166666666685,-0.007362120319157839,0.013348765671253204,-0.007541449274867773,-0.00240899296477437,9.137937
0.6734375000000018,-0.007360922172665596,0.013344449922442436,-0.007539860438555479,-0.0024074458051472902,9.137937
0.6739583333333351,-0.007359691895544529,0.013339895755052567,-0.007538544945418835,-0.002408070722594857,9.137937
0.6744791666666684,-0.007358478382229805,0.013335508294403553,-0.007536879740655422,-0.0024066325277090073,9.137937
0.6750000000000017,-0.007357247173786163,0.013330813497304916,-0.0075358240865170956,-0.002406209707260132,9.137937
0.675520833333335,-0.0073560201562941074,0.013326618820428848,-0.007534028962254524,-0.002406134968623519,9.137937
0.6760416666666683,-0.007354747969657183,0.013321935199201107,-0.007532942574471235,-0.0024049223866313696,9.137937
0.6765625000000016,-0.007353359833359718,0.013317309319972992,-0.0075311739929020405,-0.0024040197022259235,9.137937
0.6770833333333349,-0.007352042011916637,0.013312290422618389,-0.007529752794653177,-0.0024051032960414886,9.137937
0.6776041666666682,-0.00735074607655406,0.013308249413967133,-0.0075284759514033794,-0.002404069062322378,9.137937
0.6781250000000015,-0.007349267601966858,0.013303175568580627,-0.007527556736022234,-0.0024036678951233625,9.137937
0.6786458333333348,-0.007347899954766035,0.01329838391393423,-0.007525434717535973,-0.0024032997898757458,9.137937
0.6791666666666681,-0.007346566766500473,0.013294070959091187,-0.007524264510720968,-0.00240236334502697,9.137937
0.6796875000000014,-0.007345069665461779,0.013288875110447407,-0.0075225974433124065,-0.0024020352866500616,9.137937
0.6802083333333347,-0.007343684323132038,0.013284184969961643,-0.0075206938199698925,-0.002402780344709754,9.137937
0.680729166666668,-0.007342251017689705,0.0132796885445714,-0.007519712205976248,-0.002402588725090027,9.137937
0.6812500000000014,-0.0073407613672316074,0.013274718075990677,-0.0075169773772358894,-0.002401208272203803,9.137937
0.6817708333333347,-0.00733927870169282,0.013270048424601555,-0.007515509147197008,-0.0024011845234781504,9.137937
0.682291666666668,-0.0073378062807023525,0.013265084475278854,-0.007513748947530985,-0.0024005628656595945,9.137937
0.6828125000000013,-0.007336298003792763,0.013260041363537312,-0.007511448580771685,-0.002398884389549494,9.137937
0.6833333333333346,-0.007334679830819368,0.013254564255475998,-0.007509837858378887,-0.002397723961621523,9.137937
0.6838541666666679,-0.007333182264119387,0.0132493507117033,-0.00750773586332798,-0.002398369600996375,9.137937
0.6843750000000012,-0.00733164232224226,0.013244248926639557,-0.007505263667553663,-0.002397592645138502,9.137937
0.6848958333333345,-0.00733000785112381,0.013238996267318726,-0.007503314409404993,-0.0023959677200764418,9.137937
0.6854166666666678,-0.007328342646360397,0.013233381323516369,-0.007501268293708563,-0.002396795665845275,9.137937
0.6859375000000011,-0.007326769642531872,0.013228562660515308,-0.0074989371933043,-0.002395651303231716,9.137937
0.6864583333333344,-0.007325116544961929,0.013223821297287941,-0.007497678976505995,-0.00239532720297575,9.137937
0.6869791666666677,-0.0073230331763625145,0.013216931372880936,-0.007494930177927017,-0.002395463641732931,9.137937
0.687500000000001,-0.007320464588701725,0.01320947241038084,-0.007492618635296822,-0.002395474584773183,9.137937
0.6880208333333343,-0.007317389361560345,0.013201296329498291,-0.007489489391446114,-0.0023948377929627895,9.137937
0.6885416666666676,-0.00731355557218194,0.013192669488489628,-0.007485924754291773,-0.002393782837316394,9.137937
0.6890625000000009,-0.007309343665838242,0.013183558359742165,-0.007483269553631544,-0.0023936834186315536,9.137937
0.6895833333333342,-0.0073047541081905365,0.013173996470868587,-0.007479803171008825,-0.0023941020481288433,9.137937
0.6901041666666675,-0.00729954382404685,0.013163523748517036,-0.007475877646356821,-0.0023940743412822485,9.137937
0.6906250000000008,-0.007293727248907089,0.01315305195748806,-0.007471494376659393,-0.0023950114846229553,9.137937
0.6911458333333341,-0.007287324871867895,0.013141393661499023,-0.007467536721378565,-0.0023952717892825603,9.137937
0.6916666666666674,-0.007280446123331785,0.01312975026667118,-0.007462552282959223,-0.002396330935880542,9.137937
0.6921875000000007,-0.007273098453879356,0.013118298724293709,-0.007458673790097237,-0.002396906027570367,9.137937
0.692708333333334,-0.007265023421496153,0.013106596656143665,-0.007454222999513149,-0.0023966184817254543,9.137937
0.6932291666666673,-0.007256227545440197,0.013094215653836727,-0.0074499440379440784,-0.0023968934547156096,9.137937
0.6937500000000006,-0.007246993016451597,0.013081813231110573,-0.007445801515132189,-0.0023980354890227318,9.137937
0.694270833333334,-0.007237286772578955,0.013069379143416882,-0.007442947011440992,-0.0023991032503545284,9.137937
0.6947916666666673,-0.007227104157209396,0.013056760653853416,-0.007439852692186832,-0.002399828750640154,9.137937
0.6953125000000006,-0.007216230966150761,0.01304421667009592,-0.0074372985400259495,-0.0024008408654481173,9.137937
0.6958333333333339,-0.007204679772257805,0.013031058944761753,-0.0074348775669932365,-0.0024004958104342222,9.137937
0.6963541666666672,-0.007192555349320173,0.01301826536655426,-0.00743272015824914,-0.0024002071004360914,9.137937
0.6968750000000005,-0.007179928012192249,0.013005162589251995,-0.007431435398757458,-0.002399848774075508,9.137937
0.6973958333333338,-0.007166623137891293,0.012991685420274734,-0.007431152742356062,-0.002399308606982231,9.137937
0.6979166666666671,-0.00715289730578661,0.012977314181625843,-0.007430432830005884,-0.0023988024331629276,9.137937
0.6984375000000004,-0.007138603832572699,0.01296350546181202,-0.007431168109178543,-0.002399562858045101,9.137937
0.6989583333333337,-0.007123731076717377,0.012949728406965733,-0.0074326288886368275,-0.0023977968376129866,9.137937
0.699479166666667,-0.007108122576028109,0.012935463339090347,-0.007433444261550903,-0.0023948398884385824,9.137937
0.7000000000000003,-0.007091919891536236,0.012920794077217579,-0.00743526266887784,-0.002393109258264303,9.137937
0.7005208333333336,-0.007075408007949591,0.012905929237604141,-0.007437937427312136,-0.0023904021363705397,9.137937
0.7010416666666669,-0.007058252114802599,0.012890721671283245,-0.007441322319209576,-0.002388132270425558,9.137937
0.7015625000000002,-0.007040644530206919,0.01287482026964426,-0.0074438657611608505,-0.0023857580963522196,9.137937
0.7020833333333335,-0.007022405043244362,0.012858745642006397,-0.007447434589266777,-0.0023824404925107956,9.137937
0.7026041666666668,-0.007003793027251959,0.012842112220823765,-0.007449672557413578,-0.0023788567632436752,9.137937
0.7031250000000001,-0.0069845737889409065,0.012824563309550285,-0.007451281882822514,-0.002373789669945836,9.137937
0.7036458333333334,-0.00696491589769721,0.012806900776922703,-0.007453714497387409,-0.0023691223468631506,9.137937
0.7041666666666667,-0.006944627035409212,0.012787806801497936,-0.007454241625964642,-0.002364929998293519,9.137937
0.7046875,-0.006924146320670843,0.012768490239977837,-0.007453538477420807,-0.0023611746728420258,9.137937
0.7052083333333333,-0.0069031910970807076,0.012748492881655693,-0.007452173158526421,-0.0023571776691824198,9.137937
0.7057291666666666,-0.00688185403123498,0.012728116475045681,-0.0074497549794614315,-0.00235219718888402,9.137937
0.7062499999999999,-0.006860081572085619,0.012706630863249302,-0.00744538614526391,-0.002346403431147337,9.137937
0.7067708333333332,-0.006837771739810705,0.012683909386396408,-0.007440282963216305,-0.002340996405109763,9.137937
0.7072916666666665,-0.006814966443926096,0.012661267071962357,-0.007433724123984575,-0.0023362028878182173,9.137937
0.7078124999999998,-0.006792158354073763,0.012638265267014503,-0.0074257743544876575,-0.0023314058780670166,9.137937
0.7083333333333331,-0.0067690215073525906,0.012614395469427109,-0.007416316773742437,-0.00232650781981647,9.137937
0.7088541666666665,-0.0067455037496984005,0.012590188533067703,-0.007405861746519804,-0.0023209538776427507,9.137937
0.7093749999999998,-0.006721687503159046,0.012564808130264282,-0.007393790874630213,-0.0023145300801843405,9.137937
0.7098958333333331,-0.006697363685816526,0.012538379058241844,-0.007380229886621237,-0.0023091714829206467,9.137937
0.7104166666666664,-0.006672960240393877,0.012512143701314926,-0.00736638531088829,-0.0023034990299493074,9.137937
0.7109374999999997,-0.006648337934166193,0.012485207989811897,-0.007351139094680548,-0.002298173261806369,9.137937
0.711458333333333,-0.006623498164117336,0.012458146549761295,-0.007334749214351177,-0.0022924200166016817,9.137937
0.7119791666666663,-0.006598483771085739,0.01243039034307003,-0.0073176841251552105,-0.002287208568304777,9.137937
0.7124999999999996,-0.006572985555976629,0.012402493506669998,-0.007300809025764465,-0.002281834837049246,9.137937
0.7130208333333329,-0.006547386292368174,0.012371939606964588,-0.007281993981450796,-0.0022775440011173487,9.137937
0.7135416666666662,-0.006521791219711304,0.012340947985649109,-0.007262114435434341,-0.0022725816816091537,9.137937
0.7140624999999995,-0.0064960652962327,0.012309635058045387,-0.007241243030875921,-0.0022681807167828083,9.137937
0.7145833333333328,-0.006470156833529472,0.012278038077056408,-0.007219010032713413,-0.0022630379535257816,9.137937
0.7151041666666661,-0.006443925201892853,0.012245862744748592,-0.007196073420345783,-0.0022578018251806498,9.137937
0.7156249999999994,-0.00641764746978879,0.012213505804538727,-0.007173006422817707,-0.0022530220448970795,9.137937
0.7161458333333327,-0.006391384173184633,0.01218149159103632,-0.007150535471737385,-0.0022493356373161077,9.137937
0.716666666666666,-0.006365139037370682,0.012149333953857422,-0.007126075681298971,-0.0022457989398390055,9.137937
0.7171874999999993,-0.006338678300380707,0.012116876430809498,-0.007102123461663723,-0.0022404384799301624,9.137937
0.7177083333333326,-0.006312087178230286,0.012084376998245716,-0.007078319322317839,-0.0022357546258717775,9.137937
0.7182291666666659,-0.006285517010837793,0.01205206848680973,-0.007053359877318144,-0.002231036080047488,9.137937
0.7187499999999992,-0.006258994806557894,0.012019737623631954,-0.0070288837887346745,-0.0022272812202572823,9.137937
0.7192708333333325,-0.006232556886970997,0.011986893601715565,-0.007003793027251959,-0.0022220194805413485,9.137937
0.7197916666666658,-0.006205725483596325,0.011953989043831825,-0.006979823112487793,-0.002216415014117956,9.137937
0.7203124999999991,-0.006179070100188255,0.011921600438654423,-0.006955039221793413,-0.002211550250649452,9.137937
0.7208333333333324,-0.006152646150439978,0.011889022774994373,-0.006929761730134487,-0.0022078067995607853,9.137937
0.7213541666666657,-0.006126143503934145,0.01185616571456194,-0.006905798334628344,-0.0022020151372998953,9.137937
0.721874999999999,-0.006099487654864788,0.011823215521872044,-0.006881697569042444,-0.002196722896769643,9.137937
0.7223958333333323,-0.006073053926229477,0.011790617369115353,-0.006858520209789276,-0.0021916162222623825,9.137937
0.7229166666666657,-0.006046800408512354,0.011757703498005867,-0.006834583822637796,-0.002187394769862294,9.137937
0.723437499999999,-0.006020415108650923,0.011725389398634434,-0.006812060251832008,-0.0021811388432979584,9.137937
0.7239583333333323,-0.0059941052459180355,0.011692717671394348,-0.006789235398173332,-0.0021749637089669704,9.137937
0.7244791666666656,-0.005967874079942703,0.011660301126539707,-0.0067670028656721115,-0.002169698243960738,9.137937
0.7249999999999989,-0.005941973999142647,0.011627807281911373,-0.006745495367795229,-0.0021653063595294952,9.137937
0.7255208333333322,-0.0059160809032619,0.011595365591347218,-0.006724474485963583,-0.0021589896641671658,9.137937
0.7260416666666655,-0.005890150088816881,0.011563139036297798,-0.0067041353322565556,-0.002152827335521579,9.137937
0.7265624999999988,-0.005864392034709454,0.011531493626534939,-0.006684326101094484,-0.002148344647139311,9.137937
0.7270833333333321,-0.005839008837938309,0.011499897576868534,-0.006664659827947617,-0.002144447062164545,9.137937
0.7276041666666654,-0.005813626106828451,0.011468244716525078,-0.006646239198744297,-0.0021384081337600946,9.137937
0.7281249999999987,-0.005788326263427734,0.011436640284955502,-0.0066285147331655025,-0.0021323468536138535,9.137937
0.728645833333332,-0.0057632094249129295,0.011405610479414463,-0.0066116079688072205,-0.002128169871866703,9.137937
0.7291666666666653,-0.005738565698266029,0.011374717578291893,-0.0065954201854765415,-0.002122848527505994,9.137937
0.7296874999999986,-0.0057137152180075645,0.011343744583427906,-0.006580039393156767,-0.002116274321451783,9.137937
0.7302083333333319,-0.005689092446118593,0.011313192546367645,-0.006565239746123552,-0.0021109285298734903,9.137937
0.7307291666666652,-0.005664922762662172,0.011283251456916332,-0.006552041042596102,-0.0021060332655906677,9.137937
0.7312499999999985,-0.00564076192677021,0.011253271251916885,-0.006538602989166975,-0.0021000970155000687,9.137937
0.7317708333333318,-0.005616762209683657,0.011223736219108105,-0.006526730488985777,-0.0020936003420501947,9.137937
0.7322916666666651,-0.005593087989836931,0.011194292455911636,-0.006515067536383867,-0.002087885281071067,9.137937
0.7328124999999984,-0.005569669883698225,0.011165022850036621,-0.006505393888801336,-0.002082530641928315,9.137937
0.7333333333333317,-0.005546311382204294,0.011135861277580261,-0.006495633628219366,-0.002075010910630226,9.137937
0.733854166666665,-0.00552322156727314,0.011107039637863636,-0.006486004684120417,-0.0020695566199719906,9.137937
0.7343749999999983,-0.005500533152371645,0.011078288778662682,-0.006477038841694593,-0.0020647821947932243,9.137937
0.7348958333333316,-0.005478030536323786,0.011050236411392689,-0.006469630636274815,-0.0020596024114638567,9.137937
0.7354166666666649,-0.005455473903566599,0.011021899990737438,-0.006461368873715401,-0.0020531625486910343,9.137937
0.7359374999999982,-0.005433379672467709,0.010993300937116146,-0.006454169750213623,-0.002046613022685051,9.137937
0.7364583333333315,-0.005411419086158276,0.010965082794427872,-0.006447455380111933,-0.002040989464148879,9.137937
0.7369791666666649,-0.005389413330703974,0.010936664417386055,-0.006441463250666857,-0.0020340036135166883,9.137937
0.7374999999999982,-0.005367312580347061,0.010908946394920349,-0.006435793358832598,-0.0020256212446838617,9.137937
0.7380208333333315,-0.005345202051103115,0.010880992747843266,-0.0064298720099031925,-0.0020175103563815355,9.137937
0.7385416666666648,-0.005323048681020737,0.010853111743927002,-0.006423861254006624,-0.002008870244026184,9.137937
0.7390624999999981,-0.005300742574036121,0.010825585573911667,-0.00641910545527935,-0.0020013200119137764,9.137937
0.7395833333333314,-0.005278564989566803,0.010797956958413124,-0.006412598304450512,-0.00199456000700593,9.137937
0.7401041666666647,-0.005256158299744129,0.010770007036626339,-0.006406519562005997,-0.0019878146704286337,9.137937
0.740624999999998,-0.005233566276729107,0.010742492973804474,-0.006400508806109428,-0.0019813671242445707,9.137937
0.7411458333333313,-0.005210971925407648,0.010714467614889145,-0.006393400952219963,-0.001973808044567704,9.137937
0.7416666666666646,-0.005188282113522291,0.010686343535780907,-0.006387672852724791,-0.001966149779036641,9.137937
0.7421874999999979,-0.0051656137220561504,0.010658110491931438,-0.00638130446895957,-0.0019583613611757755,9.137937
0.7427083333333312,-0.005142898298799992,0.010630403645336628,-0.006374592427164316,-0.0019505969248712063,9.137937
0.7432291666666645,-0.005120218265801668,0.010602163150906563,-0.006367620546370745,-0.001942100003361702,9.137937
0.7437499999999978,-0.0050973352044820786,0.010574085637927055,-0.006360511761158705,-0.001934422180056572,9.137937
0.7442708333333311,-0.005074152257293463,0.010545934550464153,-0.0063542951829731464,-0.0019274831283837557,9.137937
0.7447916666666644,-0.005051211919635534,0.010517631657421589,-0.006346764508634806,-0.0019203510601073503,9.137937
0.7453124999999977,-0.005027926992624998,0.010489027947187424,-0.006339523941278458,-0.0019130525179207325,9.137937
0.745833333333331,-0.0050046490505337715,0.010460373014211655,-0.0063318717293441296,-0.0019055806333199143,9.137937
0.7463541666666643,-0.004981337580829859,0.01043197512626648,-0.006323662120848894,-0.0018973823171108961,9.137937
0.7468749999999976,-0.004957949742674828,0.01040317490696907,-0.006315925158560276,-0.001889171195216477,9.137937
0.7473958333333309,-0.0049344622530043125,0.010374265722930431,-0.006308121606707573,-0.0018808513414114714,9.137937
0.7479166666666642,-0.004910948686301708,0.01034539844840765,-0.006298806518316269,-0.0018727831775322556,9.137937
0.7484374999999975,-0.004887375049293041,0.010316593572497368,-0.006290388759225607,-0.0018639684421941638,9.137937
0.7489583333333308,-0.004863714333623648,0.010287618264555931,-0.006281523499637842,-0.001856512390077114,9.137937
0.7494791666666641,-0.004840104375034571,0.010258824564516544,-0.006273149978369474,-0.0018492316594347358,9.137937
0.7499999999999974,-0.0048163156025111675,0.010229596868157387,-0.006263821851462126,-0.0018415804952383041,9.137937
0.7505208333333308,-0.004792517516762018,0.010200398042798042,-0.006255715619772673,-0.0018343791598454118,9.137937
0.751041666666664,-0.0047685084864497185,0.010170827619731426,-0.006246462464332581,-0.001827584463171661,9.137937
0.7515624999999974,-0.004744573496282101,0.010140947997570038,-0.006238286849111319,-0.0018202796345576644,9.137937
0.7520833333333307,-0.004720540251582861,0.010111398063600063,-0.006228647660464048,-0.0018129681702703238,9.137937
0.752604166666664,-0.004696524702012539,0.010081304237246513,-0.006219973787665367,-0.0018046206096187234,9.137937
0.7531249999999973,-0.00467220414429903,0.010051259770989418,-0.006210066378116608,-0.001797345350496471,9.137937
0.7536458333333306,-0.004648058675229549,0.010020935907959938,-0.006200842559337616,-0.0017890844028443098,9.137937
0.7541666666666639,-0.0046236710622906685,0.009990336373448372,-0.006190699990838766,-0.0017807565163820982,9.137937
0.7546874999999972,-0.004599133972078562,0.00995967723429203,-0.006180789787322283,-0.0017725392244756222,9.137937
0.7552083333333305,-0.004574696999043226,0.009929046034812927,-0.006170497741550207,-0.0017646203050389886,9.137937
0.7557291666666638,-0.004550172947347164,0.009898405522108078,-0.006160498131066561,-0.0017569568008184433,9.137937
0.7562499999999971,-0.00452553853392601,0.009867550805211067,-0.0061491322703659534,-0.001750058843754232,9.137937
0.7567708333333304,-0.004500917624682188,0.009836606681346893,-0.006138920318335295,-0.001743344240821898,9.137937
0.7572916666666637,-0.004476310685276985,0.009805867448449135,-0.0061282627284526825,-0.0017377907643094659,9.137937
0.757812499999997,-0.004451761022210121,0.0097750723361969,-0.0061171953566372395,-0.001732956268824637,9.137937
0.7583333333333303,-0.004427321255207062,0.00974462553858757,-0.006106867454946041,-0.0017262495821341872,9.137937
0.7588541666666636,-0.004403047263622284,0.009713739156723022,-0.006094804033637047,-0.001718394341878593,9.137937
0.7593749999999969,-0.00437895255163312,0.009683356620371342,-0.006084107793867588,-0.001710386946797371,9.137937
0.7598958333333302,-0.004355011973530054,0.009652714245021343,-0.006072422489523888,-0.0017039490630850196,9.137937
0.7604166666666635,-0.0043313088826835155,0.009622485376894474,-0.006061670370399952,-0.0016977486666291952,9.137937
0.7609374999999968,-0.0043078153394162655,0.009592731483280659,-0.006051179952919483,-0.0016930726123973727,9.137937
0.7614583333333301,-0.004284647759050131,0.00956285372376442,-0.0060409484431147575,-0.0016880604671314359,9.137937
0.7619791666666634,-0.00426170090213418,0.00953305047005415,-0.006030185613781214,-0.0016813470283523202,9.137937
0.7624999999999967,-0.00423910329118371,0.009503697976469994,-0.006020091474056244,-0.0016742039006203413,9.137937
0.76302083333333,-0.004216797184199095,0.009474198333919048,-0.006009863689541817,-0.001667986623942852,9.137937
0.7635416666666633,-0.004194833803921938,0.009445404633879662,-0.006000443361699581,-0.0016629565507173538,9.137937
0.7640624999999966,-0.004173243883997202,0.009416406974196434,-0.00599096342921257,-0.0016585682751610875,9.137937
0.76458333333333,-0.004152017179876566,0.009387513622641563,-0.005981235299259424,-0.0016519237542524934,9.137937
0.7651041666666633,-0.004131189081817865,0.009359067305922508,-0.005972019862383604,-0.001644858974032104,9.137937
0.7656249999999966,-0.0041107600554823875,0.009330954402685165,-0.005962394177913666,-0.0016383796464651823,9.137937
0.7661458333333299,-0.004090740345418453,0.009303252212703228,-0.005953040439635515,-0.0016348172212019563,9.137937
0.7666666666666632,-0.004071144387125969,0.009275439195334911,-0.005943566095083952,-0.0016289243940263987,9.137937
0.7671874999999965,-0.004051976837217808,0.009248187765479088,-0.005934452638030052,-0.001621599425561726,9.137937
0.7677083333333298,-0.004033240024000406,0.0092210927978158,-0.005924663040786982,-0.0016154878539964557,9.137937
0.7682291666666631,-0.004014940932393074,0.009194260463118553,-0.0059150573797523975,-0.0016112239100039005,9.137937
0.7687499999999964,-0.00399708840996027,0.009167765267193317,-0.005904892459511757,-0.001606544479727745,9.137937
0.7692708333333297,-0.003979684319347143,0.009141520597040653,-0.005895472597330809,-0.0016000275500118732,9.137937
0.769791666666663,-0.003962727729231119,0.009115326218307018,-0.0058841826394200325,-0.001593677676282823,9.137937
0.7703124999999963,-0.003946219105273485,0.009089638479053974,-0.005873832851648331,-0.001589546212926507,9.137937
0.7708333333333296,-0.003930158447474241,0.009064300917088985,-0.00586288794875145,-0.0015866757603362203,9.137937
0.7713541666666629,-0.003914547618478537,0.009038649499416351,-0.00585155701264739,-0.0015804771101102233,9.137937
0.7718749999999962,-0.003899381496012211,0.009013509377837181,-0.00583859346807003,-0.0015738105867058039,9.137937
0.7723958333333295,-0.0038846589159220457,0.008988382294774055,-0.005826218519359827,-0.001570048276335001,9.137937
0.7729166666666628,-0.0038703756872564554,0.008963440544903278,-0.005812619347125292,-0.0015673800371587276,9.137937
0.7734374999999961,-0.003856527851894498,0.0089389868080616,-0.005799187812954187,-0.001562075805850327,9.137937
0.7739583333333294,-0.003843104699626565,0.00891497265547514,-0.0057851155288517475,-0.001556297647766769,9.137937
0.7744791666666627,-0.0038301029708236456,0.008891305886209011,-0.005770937539637089,-0.0015525674680247903,9.137937
0.774999999999996,-0.0038175133522599936,0.008867780677974224,-0.00575628038495779,-0.0015497890999540687,9.137937
0.7755208333333293,-0.0038053288590162992,0.008844668045639992,-0.0057419161312282085,-0.0015462501905858517,9.137937
0.7760416666666626,-0.003793541109189391,0.008822170086205006,-0.0057273143902421,-0.0015405254671350121,9.137937
0.7765624999999959,-0.003782138228416443,0.00879974476993084,-0.005712107289582491,-0.001536291791126132,9.137937
0.7770833333333292,-0.0037711174227297306,0.00877783726900816,-0.005697294138371944,-0.001533543923869729,9.137937
0.7776041666666625,-0.003760466119274497,0.008756224066019058,-0.00568318460136652,-0.0015305783599615097,9.137937
0.7781249999999958,-0.003750173607841134,0.008735044859349728,-0.005668997298926115,-0.0015256274491548538,9.137937
0.7786458333333292,-0.0037402305752038956,0.008714303374290466,-0.005654652137309313,-0.0015199583722278476,9.137937
0.7791666666666625,-0.0037306298036128283,0.008694086223840714,-0.005640661809593439,-0.0015152913983911276,9.137937
0.7796874999999958,-0.0037213556934148073,0.008674129843711853,-0.005626818165183067,-0.001510945032350719,9.137937
0.7802083333333291,-0.0037124052178114653,0.008654555305838585,-0.005613305140286684,-0.0015076734125614166,9.137937
0.7807291666666624,-0.0037037672009319067,0.008635463193058968,-0.005599956959486008,-0.0015018736012279987,9.137937
0.7812499999999957,-0.003695435356348753,0.008616785518825054,-0.0055867768824100494,-0.001497369259595871,9.137937
0.781770833333329,-0.0036873845383524895,0.008598617278039455,-0.0055750031024217606,-0.0014929035678505898,9.137937
0.7822916666666623,-0.003679608926177025,0.008580833673477173,-0.005563026759773493,-0.0014892154140397906,9.137937
0.7828124999999956,-0.003672105260193348,0.008563359268009663,-0.005551592446863651,-0.0014865268021821976,9.137937
0.7833333333333289,-0.00366486725397408,0.008546260185539722,-0.005540217272937298,-0.001481479499489069,9.137937
0.7838541666666622,-0.003657880239188671,0.008529813960194588,-0.0055295503698289394,-0.0014768241671845317,9.137937
0.7843749999999955,-0.0036511258222162724,0.008513701148331165,-0.005519278813153505,-0.00147258338984102,9.137937
0.7848958333333288,-0.0036446035373955965,0.00849785003811121,-0.005508349277079105,-0.0014692131662741303,9.137937
0.7854166666666621,-0.003638301510363817,0.008482339791953564,-0.005499121267348528,-0.0014656828716397285,9.137937
0.7859374999999954,-0.003632220206782222,0.008467224426567554,-0.005489259492605925,-0.001462272135540843,9.137937
0.7864583333333287,-0.0036263454239815474,0.008452425710856915,-0.005479814950376749,-0.0014579161070287228,9.137937
0.786979166666662,-0.003620656207203865,0.008437935262918472,-0.005470102187246084,-0.0014536925591528416,9.137937
0.7874999999999953,-0.003615146968513727,0.008423707447946072,-0.005460785236209631,-0.0014504012651741505,9.137937
0.7880208333333286,-0.0036098184064030647,0.008409883826971054,-0.005451846402138472,-0.001447439193725586,9.137937
0.7885416666666619,-0.0036046572495251894,0.008396449498832226,-0.005443127825856209,-0.0014451005263254046,9.137937
0.7890624999999952,-0.003599663032218814,0.008383492939174175,-0.005434147082269192,-0.0014411843148991466,9.137937
0.7895833333333285,-0.0035948141012340784,0.00837086420506239,-0.005425071809440851,-0.0014376953477039933,9.137937
0.7901041666666618,-0.0035901048686355352,0.008358483202755451,-0.005416818894445896,-0.001434036181308329,9.137937
0.7906249999999951,-0.003585526719689369,0.00834611989557743,-0.005408185534179211,-0.001430828357115388,9.137937
0.7911458333333284,-0.0035810780245810747,0.008334293961524963,-0.005400001537054777,-0.001428038696758449,9.137937
0.7916666666666617,-0.003576757851988077,0.008322886191308498,-0.005391669925302267,-0.0014263716293498874,9.137937
0.792187499999995,-0.0035725587513297796,0.008311543613672256,-0.005384127609431744,-0.001423202222213149,9.137937
0.7927083333333284,-0.0035684523172676563,0.008300583809614182,-0.005376568995416164,-0.0014198762364685535,9.137937
0.7932291666666617,-0.0035644450690597296,0.008289702236652374,-0.0053690350614488125,-0.001417145598679781,9.137937
0.793749999999995,-0.0035605342127382755,0.008279177360236645,-0.005361390765756369,-0.0014149040216580033,9.137937
0.7942708333333283,-0.003556710435077548,0.008268827572464943,-0.00535409152507782,-0.0014133204240351915,9.137937
0.7947916666666616,-0.0035529707092791796,0.008258942514657974,-0.005346870981156826,-0.001412652083672583,9.137937
0.7953124999999949,-0.00354931503534317,0.008249136619269848,-0.005340064875781536,-0.001411157427355647,9.137937
0.7958333333333282,-0.003545719664543867,0.008239631541073322,-0.005333513952791691,-0.0014083829009905457,9.137937
0.7963541666666615,-0.0035421838983893394,0.008230570703744888,-0.005326968152076006,-0.0014062377158552408,9.137937
0.7968749999999948,-0.0035387040115892887,0.008221295662224293,-0.005320454481989145,-0.0014040699461475015,9.137937
0.7973958333333281,-0.0035352823324501514,0.008212395943701267,-0.005314063746482134,-0.001402225811034441,9.137937
0.7979166666666614,-0.0035319183953106403,0.008203630335628986,-0.005308882333338261,-0.0014011237071827054,9.137937
0.7984374999999947,-0.003528605680912733,0.008194872178137302,-0.005303644575178623,-0.0013993749162182212,9.137937
0.798958333333328,-0.0035253330133855343,0.008186103776097298,-0.00529793556779623,-0.0013970714062452316,9.137937
0.7994791666666613,-0.0035220973659306765,0.00817769207060337,-0.0052926200442016125,-0.0013946268009021878,9.137937
0.7999999999999946,-0.003518886398524046,0.008171035908162594,-0.005287886597216129,-0.0013921178178861737,9.137937
0.8005208333333279,-0.0035156842786818743,0.008164487779140472,-0.005283189471811056,-0.0013900274643674493,9.137937
0.8010416666666612,-0.0035124875139445066,0.008157999254763126,-0.005278001539409161,-0.001388906384818256,9.137937
0.8015624999999945,-0.003509309608489275,0.008151351474225521,-0.005273156799376011,-0.001389542710967362,9.137937
0.8020833333333278,-0.003506121225655079,0.008144808001816273,-0.005268258973956108,-0.0013886787928640842,9.137937
0.8026041666666611,-0.0035029069986194372,0.0081385038793087,-0.005263535305857658,-0.0013873828575015068,9.137937
0.8031249999999944,-0.003499695099890232,0.00813218578696251,-0.0052582873031497,-0.0013849805109202862,9.137937
0.8036458333333277,-0.0034964776132255793,0.008125836960971355,-0.005253008101135492,-0.001382711692713201,9.137937
0.804166666666661,-0.0034932615235447884,0.00811969954520464,-0.005247456021606922,-0.0013817684957757592,9.137937
0.8046874999999943,-0.003490037750452757,0.008113542571663857,-0.005241937469691038,-0.001380954752676189,9.137937
0.8052083333333276,-0.00348681746982038,0.008107224479317665,-0.0052362289279699326,-0.001380727393552661,9.137937
0.805729166666661,-0.0034835641272366047,0.00810108333826065,-0.0052306256256997585,-0.0013791440287604928,9.137937
0.8062499999999942,-0.003480304963886738,0.008095044642686844,-0.005225085653364658,-0.0013773347018286586,9.137937
0.8067708333333276,-0.0034770341590046883,0.008089152164757252,-0.005220051389187574,-0.0013748581986874342,9.137937
0.8072916666666609,-0.0034737337846308947,0.008083398453891277,-0.005215175449848175,-0.0013731314102187753,9.137937
0.8078124999999942,-0.0034704161807894707,0.008077464066445827,-0.00520965876057744,-0.0013713252265006304,9.137937
0.8083333333333275,-0.003467115806415677,0.008071815595030785,-0.005205171182751656,-0.0013719024136662483,9.137937
0.8088541666666608,-0.0034637765493243933,0.008066091686487198,-0.0052007222548127174,-0.0013729716883972287,9.137937
0.8093749999999941,-0.0034604347310960293,0.00806029699742794,-0.005195421166718006,-0.0013714446686208248,9.137937
0.8098958333333274,-0.003457059385254979,0.008054659701883793,-0.005190772004425526,-0.0013695210218429565,9.137937
0.8104166666666607,-0.0034536661114543676,0.008048897609114647,-0.005185368470847607,-0.0013671922497451305,9.137937
0.810937499999994,-0.003450267482548952,0.008043237030506134,-0.005180103704333305,-0.0013657760573551059,9.137937
0.8114583333333273,-0.0034468567464500666,0.008037335239350796,-0.00517490366473794,-0.001364523428492248,9.137937
0.8119791666666606,-0.0034434515982866287,0.00803141575306654,-0.0051692151464521885,-0.0013651495100930333,9.137937
0.8124999999999939,-0.0034400196745991707,0.008025679737329483,-0.00516388239338994,-0.0013647654559463263,9.137937
0.8130208333333272,-0.0034365509636700153,0.008019792847335339,-0.005157916806638241,-0.001362600945867598,9.137937
0.8135416666666605,-0.00343307969160378,0.008013920858502388,-0.005152312107384205,-0.0013599041849374771,9.137937
0.8140624999999938,-0.003429569536820054,0.008008117787539959,-0.005146616138517857,-0.0013579372316598892,9.137937
0.8145833333333271,-0.003426046809181571,0.008002089336514473,-0.0051404437981545925,-0.0013561557279899716,9.137937
0.8151041666666604,-0.003422512672841549,0.007996178232133389,-0.005133912432938814,-0.0013548106653615832,9.137937
0.8156249999999937,-0.0034189822617918253,0.007990233600139618,-0.005127769894897938,-0.0013554348843172193,9.137937
0.816145833333327,-0.0034154311288148165,0.007984702475368977,-0.005122067406773567,-0.001355396001599729,9.137937
0.8166666666666603,-0.003411834128201008,0.007979054003953934,-0.005115989129990339,-0.0013546260306611657,9.137937
0.8171874999999936,-0.003408224554732442,0.007973551750183105,-0.005110123194754124,-0.0013529278803616762,9.137937
0.8177083333333269,-0.0034045593347400427,0.007967890240252018,-0.005104540381580591,-0.0013505175011232495,9.137937
0.8182291666666602,-0.0034009127411991358,0.00796237587928772,-0.005098946858197451,-0.0013494723243638873,9.137937
0.8187499999999935,-0.0033972333185374737,0.007956844754517078,-0.005093345418572426,-0.001348334364593029,9.137937
0.8192708333333268,-0.0033935545943677425,0.007951131090521812,-0.005087859928607941,-0.0013481990899890661,9.137937
0.8197916666666601,-0.00338985794223845,0.007945642806589603,-0.005082421936094761,-0.0013492859434336424,9.137937
0.8203124999999934,-0.003386140102520585,0.007940055802464485,-0.0050766346976161,-0.0013488342519849539,9.137937
0.8208333333333268,-0.0033824024721980095,0.007934206165373325,-0.005070772487670183,-0.0013470124686136842,9.137937
0.8213541666666601,-0.003378630382940173,0.007928295992314816,-0.005064221099019051,-0.0013445200165733695,9.137937
0.8218749999999934,-0.0033748585265129805,0.007922239601612091,-0.0050573814660310745,-0.0013436361914500594,9.137937
0.8223958333333267,-0.0033710740972310305,0.007916578091681004,-0.005050628446042538,-0.0013421872863546014,9.137937
0.82291666666666,-0.0033672687131911516,0.007910850457847118,-0.005043660756200552,-0.0013406547950580716,9.137937
0.8234374999999933,-0.0033634735736995935,0.007905283942818642,-0.00503709027543664,-0.001341179828159511,9.137937
0.8239583333333266,-0.0033596325665712357,0.007899551652371883,-0.005030706524848938,-0.0013421190669760108,9.137937
0.8244791666666599,-0.003355770604684949,0.007893788628280163,-0.005024269688874483,-0.0013414520071819425,9.137937
0.8249999999999932,-0.0033518860582262278,0.007888211868703365,-0.0050176410004496574,-0.0013402836630120873,9.137937
0.8255208333333265,-0.0033479740377515554,0.007882756181061268,-0.005011110100895166,-0.0013378708390519023,9.137937
0.8260416666666598,-0.003344031283631921,0.007877270691096783,-0.005005094688385725,-0.0013351819943636656,9.137937
0.8265624999999931,-0.0033400862012058496,0.007871772162616253,-0.0049988944083452225,-0.0013338581193238497,9.137937
0.8270833333333264,-0.00333611061796546,0.00786629505455494,-0.004993024282157421,-0.0013326414627954364,9.137937
0.8276041666666597,-0.003332124324515462,0.007860742509365082,-0.004986979532986879,-0.0013315404066815972,9.137937
0.828124999999993,-0.00332815432921052,0.007855396717786789,-0.0049810525961220264,-0.0013324449537321925,9.137937
0.8286458333333263,-0.0033241368364542723,0.007849511690437794,-0.004975111223757267,-0.0013330307556316257,9.137937
0.8291666666666596,-0.003320120507851243,0.007843784056603909,-0.004968124907463789,-0.0013316030381247401,9.137937
0.8296874999999929,-0.003316085785627365,0.007838214747607708,-0.004960970487445593,-0.0013298406265676022,9.137937
0.8302083333333262,-0.0033120063599199057,0.007832576520740986,-0.004953700117766857,-0.001328097190707922,9.137937
0.8307291666666595,-0.003307914827018976,0.007826794870197773,-0.004946455825120211,-0.0013257990358397365,9.137937
0.8312499999999928,-0.003303797682747245,0.007821021601557732,-0.004938860423862934,-0.0013238020474091172,9.137937
0.8317708333333261,-0.00329966121353209,0.00781519990414381,-0.004930543247610331,-0.0013223421992734075,9.137937
0.8322916666666594,-0.003295524977147579,0.007809686474502087,-0.004923960193991661,-0.0013207029551267624,9.137937
0.8328124999999927,-0.003291386878117919,0.007804105058312416,-0.004916533827781677,-0.0013201063266023993,9.137937
0.833333333333326,-0.0032872408628463745,0.007798478007316589,-0.004910523537546396,-0.0013200223911553621,9.137937
0.8338541666666593,-0.0032830690033733845,0.007792932912707329,-0.0049040731973946095,-0.0013202171539887786,9.137937
0.8343749999999927,-0.0032788885291665792,0.007787390612065792,-0.004897451959550381,-0.0013207270530983806,9.137937
0.834895833333326,-0.0032746882643550634,0.007781734224408865,-0.004890508484095335,-0.001319261733442545,9.137937
0.8354166666666593,-0.0032704768236726522,0.007776045706123114,-0.004883554298430681,-0.0013172925682738423,9.137937
0.8359374999999926,-0.003266200190410018,0.00777046661823988,-0.004876434337347746,-0.0013155069900676608,9.137937
0.8364583333333259,-0.0032619477715343237,0.007764752022922039,-0.004868592135608196,-0.0013134480686858296,9.137937
0.8369791666666592,-0.0032576441299170256,0.007758952211588621,-0.004860662389546633,-0.0013112040469422936,9.137937
0.8374999999999925,-0.003253326751291752,0.0077531649731099606,-0.00485233822837472,-0.0013090245192870498,9.137937
0.8380208333333258,-0.0032490084413439035,0.007747394032776356,-0.004844158887863159,-0.0013073706068098545,9.137937
0.8385416666666591,-0.003244668710976839,0.007741719484329224,-0.004835954401642084,-0.0013059461489319801,9.137937
0.8390624999999924,-0.0032403310760855675,0.007736283354461193,-0.00482951570302248,-0.0013044235529378057,9.137937
0.8395833333333257,-0.0032359627075493336,0.007730771787464619,-0.00482338760048151,-0.00130281294696033,9.137937
0.840104166666659,-0.0032315964344888926,0.007725221570581198,-0.0048173521645367146,-0.0013024610234424472,9.137937
0.8406249999999923,-0.0032272005919367075,0.007719585672020912,-0.004811352584511042,-0.0013023026986047626,9.137937
0.8411458333333256,-0.0032227812334895134,0.007714106701314449,-0.004805365111678839,-0.0013026660308241844,9.137937
0.8416666666666589,-0.0032183348666876554,0.007708440069109201,-0.004799252841621637,-0.001302944147028029,9.137937
0.8421874999999922,-0.0032138992100954056,0.007702894043177366,-0.004793214611709118,-0.0013038674369454384,9.137937
0.8427083333333255,-0.003209431190043688,0.007697116117924452,-0.004786456935107708,-0.0013043913058936596,9.137937
0.8432291666666588,-0.0032049883157014847,0.0076914383098483086,-0.004779519978910685,-0.0013033798895776272,9.137937
0.8437499999999921,-0.0032004492823034525,0.007685693446546793,-0.004772392101585865,-0.0013039479963481426,9.137937
0.8442708333333254,-0.003195950761437416,0.007680023089051247,-0.0047647529281675816,-0.0013026803499087691,9.137937
0.8447916666666587,-0.0031913938000798225,0.007674275431782007,-0.004757547751069069,-0.0013022947823628783,9.137937
0.845312499999992,-0.0031868419609963894,0.0076685380190610886,-0.004750827793031931,-0.001300669857300818,9.137937
0.8458333333333253,-0.0031822444871068,0.0076627060770988464,-0.004744068253785372,-0.0012992870761081576,9.137937
0.8463541666666586,-0.003177640261128545,0.00765695096924901,-0.004736848641186953,-0.0012977449223399162,9.137937
0.8468749999999919,-0.003173037199303508,0.007651187013834715,-0.004729537293314934,-0.0012961416505277157,9.137937
0.8473958333333252,-0.0031683892011642456,0.0076452563516795635,-0.004722407553344965,-0.001294560614041984,9.137937
0.8479166666666585,-0.0031637579668313265,0.007639376912266016,-0.004714957904070616,-0.0012934671249240637,9.137937
0.8484374999999919,-0.00315907783806324,0.007633456028997898,-0.004707128740847111,-0.0012920263689011335,9.137937
0.8489583333333252,-0.0031543741934001446,0.007627579849213362,-0.0046993461437523365,-0.0012904974864795804,9.137937
0.8494791666666585,-0.0031496682204306126,0.007621686905622482,-0.004691189154982567,-0.0012888845521956682,9.137937
0.8499999999999918,-0.003144933143630624,0.007615659851580858,-0.004682085942476988,-0.0012871295912191272,9.137937
0.8505208333333251,-0.0031401740852743387,0.007609750609844923,-0.004674609750509262,-0.0012857280671596527,9.137937
0.8510416666666584,-0.003135373815894127,0.007603830192238092,-0.0046672942116856575,-0.0012847711332142353,9.137937
0.8515624999999917,-0.0031305658631026745,0.0075978669337928295,-0.004659559577703476,-0.001283520832657814,9.137937
0.852083333333325,-0.002752081025391817,0.008168648928403854,-0.004301834385842085,-0.01119350828230381,9.137937
0.8526041666666583,-0.0023378629703074694,0.009109631180763245,-0.0026970498729497194,-0.0181063674390316,9.137937
0.8531249999999916,-0.001914706896059215,0.010111805982887745,-0.00038273396785371006,-0.022630570456385612,9.137937
0.8536458333333249,-0.0014838179340586066,0.011012635193765163,0.0023262500762939453,-0.025614257901906967,9.137937
0.8541666666666582,-0.0010508422274142504,0.01178557239472866,0.00518058892339468,-0.0276187714189291,9.137937
0.8546874999999915,-0.000618375837802887,0.012449255213141441,0.008025716990232468,-0.028989821672439575,9.137937
0.8552083333333248,-0.0001878793555079028,0.0130185317248106,0.010776098817586899,-0.029943516477942467,9.137937
0.8557291666666581,0.00023927749134600163,0.013502415269613266,0.013376913964748383,-0.030616408213973045,9.137937
0.8562499999999914,0.0006620217463932931,0.013909485191106796,0.015795022249221802,-0.031094422563910484,9.137937
0.8567708333333247,0.0010782988974824548,0.014253750443458557,0.018023915588855743,-0.03143557533621788,9.137937
0.857291666666658,0.001486853463575244,0.014535685069859028,0.020067863166332245,-0.031678855419158936,9.137937
0.8578124999999913,0.00188715651165694,0.014774123206734657,0.021944453939795494,-0.031844474375247955,9.137937
0.8583333333333246,0.002278743777424097,0.014979517087340355,0.023664014413952827,-0.03194928914308548,9.137937
0.8588541666666579,0.0026612072251737118,0.01515987329185009,0.0252385176718235,-0.03200800344347954,9.137937
0.8593749999999912,0.003034162800759077,0.015321125276386738,0.026682566851377487,-0.032029762864112854,9.137937
0.8598958333333245,0.0033973227255046368,0.015468214638531208,0.02800334431231022,-0.032020553946495056,9.137937
0.8604166666666578,0.0037511128466576338,0.015615232288837433,0.02922077290713787,-0.031975701451301575,9.137937
0.8609374999999911,0.004094753880053759,0.01574653573334217,0.030339188873767853,-0.03190989047288895,9.137937
0.8614583333333244,0.004427667241543531,0.015864619985222816,0.03136419877409935,-0.03182777762413025,9.137937
0.8619791666666577,0.004749714396893978,0.015973536297678947,0.03231034427881241,-0.031735312193632126,9.137937
0.862499999999991,0.005063099320977926,0.016078541055321693,0.03338049724698067,-0.03166690841317177,9.137937
0.8630208333333244,0.005365463905036449,0.01616954803466797,0.0343792550265789,-0.03158465772867203,9.137937
0.8635416666666577,0.005656677298247814,0.016251102089881897,0.03531451150774956,-0.031494539231061935,9.137937
0.864062499999991,0.005936552304774523,0.01632477156817913,0.03618863224983215,-0.03139481693506241,9.137937
0.8645833333333243,0.006205025129020214,0.016391046345233917,0.03700704872608185,-0.03128909319639206,9.137937
0.8651041666666576,0.006462011486291885,0.016449997201561928,0.03776928782463074,-0.031178170815110207,9.137937
0.8656249999999909,0.006707475520670414,0.01650170423090458,0.038483504205942154,-0.031061075627803802,9.137937
0.8661458333333242,0.006941397674381733,0.01654619723558426,0.039150651544332504,-0.03093968704342842,9.137937
0.8666666666666575,0.0071637281216681,0.016583377495408058,0.03977309167385101,-0.030811872333288193,9.137937
0.8671874999999908,0.0073745218105614185,0.01661331206560135,0.040355268865823746,-0.030681222677230835,9.137937
0.8677083333333241,0.007532509043812752,0.016618989408016205,0.04087768495082855,-0.03060179203748703,9.137937
0.8682291666666574,0.00762071181088686,0.016584809869527817,0.041321393102407455,-0.030464692041277885,9.137937
0.8687499999999907,0.0076635912992060184,0.0165050458163023,0.04168539494276047,-0.030216975137591362,9.137937
0.869270833333324,0.007680738344788551,0.016396639868617058,0.042029112577438354,-0.030011292546987534,9.137937
0.8697916666666573,0.007682361640036106,0.0162764023989439,0.0423538014292717,-0.02976776473224163,9.137937
0.8703124999999906,0.0076750461012125015,0.016143443062901497,0.042662497609853745,-0.02949189394712448,9.137937
0.8708333333333239,0.007662097457796335,0.015993086621165276,0.04295120760798454,-0.02918856404721737,9.137937
0.8713541666666572,0.007643268909305334,0.015828413888812065,0.04321761801838875,-0.028864752501249313,9.137937
0.8718749999999905,0.007618097588419914,0.01565149798989296,0.04345949739217758,-0.028521521016955376,9.137937
0.8723958333333238,0.007586274296045303,0.015463675372302532,0.04367661103606224,-0.02816348522901535,9.137937
0.8729166666666571,0.007547567132860422,0.015266485512256622,0.0438695102930069,-0.02779260277748108,9.137937
0.8734374999999904,0.007501855026930571,0.01506031770259142,0.0440380722284317,-0.027409203350543976,9.137937
0.8739583333333237,0.007449114229530096,0.014845618046820164,0.04418700188398361,-0.02701619453728199,9.137937
0.874479166666657,0.007389283273369074,0.014621526002883911,0.04431688040494919,-0.02660917118191719,9.137937
0.8749999999999903,0.007322465069591999,0.014389252290129662,0.04442906752228737,-0.026193171739578247,9.137937
0.8755208333333236,0.007248696871101856,0.014149616472423077,0.04452274367213249,-0.02576964907348156,9.137937
0.876041666666657,0.007167980074882507,0.013901958242058754,0.04459592327475548,-0.02533670887351036,9.137937
0.8765624999999903,0.007080405950546265,0.013646518811583519,0.04465103894472122,-0.024893447756767273,9.137937
0.8770833333333236,0.006986117456108332,0.013383462093770504,0.04468965530395508,-0.024442527443170547,9.137937
0.8776041666666569,0.006885190960019827,0.013113100081682205,0.044710464775562286,-0.02398236095905304,9.137937
0.8781249999999902,0.00677777174860239,0.012835507281124592,0.044714219868183136,-0.023515697568655014,9.137937
0.8786458333333235,0.006663923151791096,0.012550720945000648,0.0447022020816803,-0.02304076962172985,9.137937
0.8791666666666568,0.006543759722262621,0.012259144335985184,0.04467169567942619,-0.02255539782345295,9.137937
0.8796874999999901,0.006417489144951105,0.011960219591856003,0.04462677612900734,-0.02206408604979515,9.137937
0.8802083333333234,0.006285194307565689,0.011654944159090519,0.04456387460231781,-0.021566307172179222,9.137937
0.8807291666666567,0.006146978121250868,0.011342219077050686,0.04448598995804787,-0.021060610190033913,9.137937
0.88124999999999,0.006002963054925203,0.011023057624697685,0.04438997060060501,-0.020545726642012596,9.137937
0.8817708333333233,0.005853359587490559,0.010696944780647755,0.04428006336092949,-0.02002512663602829,9.137937
0.8822916666666566,0.005698247812688351,0.0103644710034132,0.0441533625125885,-0.019496016204357147,9.137937
0.8828124999999899,0.005537798162549734,0.01002533920109272,0.04401087760925293,-0.018960902467370033,9.137937
0.8833333333333232,0.005372131709009409,0.00968206487596035,0.04385167732834816,-0.018417153507471085,9.137937
0.8838541666666565,0.005201439838856459,0.009330563247203827,0.0436769463121891,-0.017867203801870346,9.137937
0.8843749999999898,0.005025855731219053,0.008972913958132267,0.04348653927445412,-0.017310066148638725,9.137937
0.8848958333333231,0.004845529329031706,0.008607741445302963,0.043280284851789474,-0.016746830195188522,9.137937
0.8854166666666564,0.004660605452954769,0.008234376087784767,0.04305806756019592,-0.01617458276450634,9.137937
0.8859374999999897,0.004471280612051487,0.007855789735913277,0.042820677161216736,-0.015596630051732063,9.137937
0.886458333333323,0.004277680069208145,0.007467853836715221,0.04256914183497429,-0.015011868439614773,9.137937
0.8869791666666563,0.004079902078956366,0.0070730941370129585,0.04230112209916115,-0.0144190089777112,9.137937
0.8874999999999896,0.003879830939695239,0.00667458726093173,0.04198877885937691,-0.013827565126121044,9.137937
0.8880208333333229,0.003679359331727028,0.006279931403696537,0.04160980507731438,-0.013245152309536934,9.137937
0.8885416666666562,0.0034801492001861334,0.0059118811041116714,0.04114788770675659,-0.012670354917645454,9.137937
0.8890624999999895,0.003284014528617263,0.005577359814196825,0.040598973631858826,-0.01210847683250904,9.137937
0.8895833333333228,0.003092782571911812,0.005280580837279558,0.0399613156914711,-0.011557608842849731,9.137937
0.8901041666666561,0.0029100675601512194,0.005012808833271265,0.039215318858623505,-0.011033808812499046,9.137937
0.8906249999999895,0.0027383873239159584,0.00476428959518671,0.038369037210941315,-0.010533264838159084,9.137937
0.8911458333333228,0.0025778631679713726,0.0045294505544006824,0.03745243325829506,-0.010051828809082508,9.137937
0.8916666666666561,0.0024267106782644987,0.004304579924792051,0.0364757739007473,-0.00959077663719654,9.137937
0.8921874999999894,0.002283687237650156,0.004089938942342997,0.0354582704603672,-0.009149630554020405,9.137937
0.8927083333333227,0.0021495206747204065,0.00390235404483974,0.03440823405981064,-0.008724832907319069,9.137937
0.893229166666656,0.0020238892175257206,0.00371805508621037,0.03334294259548187,-0.008318044245243073,9.137937
0.8937499999999893,0.0019064859952777624,0.0035572065971791744,0.032279860228300095,-0.00792696513235569,9.137937
0.8942708333333226,0.0017991968197748065,0.0034157349728047848,0.031246913596987724,-0.007554130628705025,9.137937
0.8947916666666559,0.001702244975604117,0.003311656881123781,0.03025348111987114,-0.007200510706752539,9.137937
0.8953124999999892,0.001616097753867507,0.0032190228812396526,0.02930559404194355,-0.006869181990623474,9.137937
0.8958333333333225,0.0015399811090901494,0.003133282531052828,0.028415009379386902,-0.006559947971254587,9.137937
0.8963541666666558,0.0014731385745108128,0.00305990781635046,0.027561118826270103,-0.006283353082835674,9.137937
0.8968749999999891,0.001415441045537591,0.0029960728716105223,0.026748202741146088,-0.006041794549673796,9.137937
0.8973958333333224,0.0013660563854500651,0.0029397669713944197,0.02598349191248417,-0.005826168227940798,9.137937
0.8979166666666557,0.0013244241708889604,0.002889897208660841,0.025279037654399872,-0.005630134604871273,9.137937
0.898437499999989,0.0012901440495625138,0.002846688497811556,0.02464127726852894,-0.005454398225992918,9.137937
0.8989583333333223,0.0012623820221051574,0.002809725934639573,0.02407047525048256,-0.005298359785228968,9.137937
0.8994791666666556,0.0012400350533425808,0.0027774672489613295,0.023558203130960464,-0.005157971754670143,9.137937
0.8999999999999889,0.0012222019722685218,0.0027496295515447855,0.023097457364201546,-0.005032703746110201,9.137937
0.9005208333333222,0.0012081996537745,0.0027274657040834427,0.022683070972561836,-0.004925036337226629,9.137937
