Time,Pistoning (suspension_slide),Angle_X,Angle_Y,Angle_Z,Mean_Wall_Time_Sec
0.0008333333333333334,5.325493111740798e-05,0.000390992674510926,-1.6750176655477844e-05,-9.87660459941253e-05,5.674527
0.0016666666666666668,5.866849096491933e-05,0.0005417895154096186,5.853589755133726e-06,-0.000132575019961223,5.674527
0.0025,6.314153870334849e-05,0.000677851727232337,2.7576095817494206e-05,-0.0001631395862204954,5.674527
0.0033333333333333335,6.735727220075205e-05,0.0008056564838625491,4.595323116518557e-05,-0.00019223014533054084,5.674527
0.004166666666666667,7.132525206543505e-05,0.0009248600108548999,6.416709948098287e-05,-0.000220383022679016,5.674527
0.005,7.500824722228572e-05,0.001037605688907206,8.35036116768606e-05,-0.00024851152556948364,5.674527
0.005833333333333334,7.709253986831754e-05,0.0011395164765417576,9.261338709620759e-05,-0.0002753676672000438,5.674527
0.006666666666666667,7.895712042227387e-05,0.001235363190062344,9.841226710705087e-05,-0.00030108605278655887,5.674527
0.007500000000000001,8.07232572697103e-05,0.0013291937066242099,0.0001027651596814394,-0.00032581720734015107,5.674527
0.008333333333333333,8.234869892476127e-05,0.0014179758727550507,0.00010733898670878261,-0.0003497079014778137,5.674527
0.009166666666666667,8.389890717808157e-05,0.001500358572229743,0.00011277792509645224,-0.00037137061008252203,5.674527
0.01,8.536805398762226e-05,0.0015787840820848942,0.00011716280278051272,-0.0003917379362974316,5.674527
0.010833333333333334,8.67608396220021e-05,0.001651880913414061,0.00012112964759580791,-0.00041058636270463467,5.674527
0.011666666666666667,8.81046216818504e-05,0.0017227694625034928,0.0001250595523742959,-0.00042879389366135,5.674527
0.0125,8.937113307183608e-05,0.0017852789023891091,0.00012886049808003008,-0.0004450689011719078,5.674527
0.013333333333333334,9.052635869011283e-05,0.0018467690097168088,0.000131949273054488,-0.00046113101416267455,5.674527
0.014166666666666668,9.160870831692591e-05,0.0019060301128774881,0.00013427766680251807,-0.000476267421618104,5.674527
0.015000000000000001,9.26322682062164e-05,0.0019617718644440174,0.00013711642532143742,-0.000491135404445231,5.674527
0.015833333333333335,9.358690294902772e-05,0.002016200916841626,0.0001397911983076483,-0.0005057749222032726,5.674527
0.016666666666666666,9.448544005863369e-05,0.002061300678178668,0.0001421858905814588,-0.0005183865432627499,5.674527
0.017499999999999998,9.533291449770331e-05,0.0021047049667686224,0.00014464574633166194,-0.0005303886719048023,5.674527
0.01833333333333333,9.613278962206095e-05,0.002144506899639964,0.00014665591879747808,-0.0005413977196440101,5.674527
0.01916666666666666,9.688441787147895e-05,0.002173264045268297,0.00014852469030302018,-0.0005496068042702973,5.674527
0.019999999999999993,9.7602118330542e-05,0.002201896859332919,0.00015006928879301995,-0.0005572867812588811,5.674527
0.020833333333333325,9.829012560658157e-05,0.0022302281577140093,0.0001517527998657897,-0.0005652980762533844,5.674527
0.021666666666666657,9.894234972307459e-05,0.002257334301248193,0.00015342183178290725,-0.0005728697287850082,5.674527
0.02249999999999999,9.956987923942506e-05,0.002283839974552393,0.0001547339779790491,-0.0005801436491310596,5.674527
0.02333333333333332,0.00010016713349614292,0.0023069928865879774,0.0001565503771416843,-0.0005869216984137893,5.674527
0.024166666666666652,0.00010073569137603045,0.0023294829297810793,0.00015733799955341965,-0.0005929298349656165,5.674527
0.024999999999999984,0.00010128226858796552,0.002351825824007392,0.00015832130156923085,-0.0005992429796606302,5.674527
0.025833333333333316,0.00010180362733080983,0.002373330993577838,0.000158829236170277,-0.0006048704381100833,5.674527
0.026666666666666648,0.00010230294719804078,0.002394507173448801,0.00015971585526131094,-0.000610684568528086,5.674527
0.02749999999999998,0.00010277558612870052,0.0024153809063136578,0.0001602150296093896,-0.0006162492209114134,5.674527
0.02833333333333331,0.00010322563321096823,0.0024322494864463806,0.00016065800446085632,-0.0006212443695403636,5.674527
0.029166666666666643,0.00010362971079302952,0.0024487825576215982,0.00016116331971716136,-0.0006259797373786569,5.674527
0.029999999999999975,0.00010401534382253885,0.002465524012222886,0.00016147989663295448,-0.0006307789008133113,5.674527
0.030833333333333306,0.00010439196194056422,0.002481817500665784,0.0001619504182599485,-0.0006352816126309335,5.674527
0.03166666666666664,0.00010474929877091199,0.002497810171917081,0.0001624726428417489,-0.0006395052187144756,5.674527
0.03249999999999997,0.00010509329877095297,0.002513387007638812,0.0001630522747291252,-0.0006438657874241471,5.674527
0.033333333333333305,0.00010542170639382675,0.002528571290895343,0.00016290739586111158,-0.0006480412557721138,5.674527
0.03416666666666664,0.00010573535109870136,0.002543514361605048,0.00016330313519574702,-0.0006519370945170522,5.674527
0.03499999999999997,0.00010603123519103974,0.0025581528898328543,0.00016356242122128606,-0.0006555145955644548,5.674527
0.0358333333333333,0.00010631529585225508,0.0025698631070554256,0.00016380763554479927,-0.0006591664277948439,5.674527
0.03666666666666663,0.00010658880637492985,0.0025814250111579895,0.00016435225552413613,-0.000662909063976258,5.674527
0.037499999999999964,0.00010682576248655096,0.002592833014205098,0.0001643916330067441,-0.000666199077386409,5.674527
0.038333333333333296,0.00010705283784773201,0.0026046521961688995,0.00016407704970333725,-0.000668994034640491,5.674527
0.03916666666666663,0.00010725162428570911,0.0026159666012972593,0.00016405107453465462,-0.0006719384691677988,5.674527
0.03999999999999996,0.00010744451719801873,0.0026273122057318687,0.00016384286573156714,-0.0006752084591425955,5.674527
0.04083333333333329,0.00010762683814391494,0.002637819852679968,0.00016374715778511018,-0.0006780644180253148,5.674527
0.04166666666666662,0.00010778172872960567,0.0026475824415683746,0.00016374369442928582,-0.0006808589678257704,5.674527
0.042499999999999954,0.00010793210822157562,0.0026573410723358393,0.00016385436174459755,-0.0006832819199189544,5.674527
0.043333333333333286,0.00010804517660290003,0.0026662314776331186,0.0001634767249925062,-0.0006856690743006766,5.674527
0.04416666666666662,0.0001081230366253294,0.0026746713556349277,0.000163230171892792,-0.0006880695000290871,5.674527
0.04499999999999995,0.00010819679300766438,0.00268188095651567,0.00016308763588313013,-0.0006902431487105787,5.674527
0.04583333333333328,0.00010826988000189885,0.002687774132937193,0.0001626007870072499,-0.0006920068990439177,5.674527
0.04666666666666661,0.00010833785927388817,0.0026936703361570835,0.00016247502935584635,-0.000693707843311131,5.674527
0.047499999999999945,0.00010840611503226683,0.002699775155633688,0.00016243154823314399,-0.0006956264260224998,5.674527
0.04833333333333328,0.00010847077646758407,0.0027054003439843655,0.00016218866221606731,-0.0006969182868488133,5.674527
0.04916666666666661,0.00010853223648155108,0.002711714943870902,0.00016232123016379774,-0.000699138268828392,5.674527
0.04999999999999994,0.00010859842586796731,0.0027173743583261967,0.0001622622221475467,-0.0007008715765550733,5.674527
0.05083333333333327,0.00010863974603125826,0.002722945297136903,0.00016245558799710125,-0.0007027594838291407,5.674527
0.051666666666666604,0.00010868323442991823,0.0027285991236567497,0.0001618820970179513,-0.0007044231169857085,5.674527
0.052499999999999936,0.00010872683196794242,0.0027343453839421272,0.0001615528017282486,-0.0007061223732307553,5.674527
0.05333333333333327,0.00010876823944272473,0.0027401824481785297,0.0001615702931303531,-0.0007081510848365724,5.674527
0.0541666666666666,0.00010878739703912288,0.0027460199780762196,0.00016140828665811568,-0.0007100076763890684,5.674527
0.05499999999999993,0.00010880611080210656,0.002752032596617937,0.00016131025040522218,-0.0007118682842701674,5.674527
0.05583333333333326,0.00010880632908083498,0.00275789899751544,0.00016117807535920292,-0.0007138415821827948,5.674527
0.056666666666666594,0.00010880584159167483,0.0027631334960460663,0.0001606612204341218,-0.0007153021288104355,5.674527
0.057499999999999926,0.00010879931505769491,0.002768069040030241,0.00016013445565477014,-0.0007166549912653863,5.674527
0.05833333333333326,0.00010878891043830663,0.002772501902654767,0.00016037085151765496,-0.0007181919063441455,5.674527
0.05916666666666659,0.00010878137254621834,0.002776905195787549,0.00016034849977586418,-0.0007195213693194091,5.674527
0.05999999999999992,0.00010877491877181455,0.0027812474872916937,0.00016040471382439137,-0.0007210617768578231,5.674527
0.06083333333333325,0.00010876978922169656,0.00278552551753819,0.00016013103595469147,-0.0007222715066745877,5.674527
0.061666666666666585,0.00010876623127842322,0.002788880607113242,0.00016029062680900097,-0.0007237246027216315,5.674527
0.06249999999999992,0.00010876507440116256,0.0027924412861466408,0.00016040279297158122,-0.0007245916058309376,5.674527
0.06333333333333326,0.00010875789303099737,0.0027958874125033617,0.00016071282152552158,-0.0007257013348862529,5.674527
0.0641666666666666,0.00010873658902710304,0.0027993007097393274,0.00016057872562669218,-0.0007268538465723395,5.674527
0.06499999999999993,0.00010870756523218006,0.002802773844450712,0.00016091778525151312,-0.0007283135200850666,5.674527
0.06583333333333327,0.0001086812699213624,0.0028056465089321136,0.0001608972088433802,-0.0007290372159332037,5.674527
0.06666666666666661,0.00010865335207199678,0.002807412762194872,0.00016074138693511486,-0.0007292547379620373,5.674527
0.06749999999999995,0.00010862835915759206,0.0028099343180656433,0.00016097613843157887,-0.0007308336207643151,5.674527
0.06833333333333329,0.00010859830217668787,0.002811845624819398,0.00016120492364279926,-0.0007313325186260045,5.674527
0.06916666666666663,0.0001085672338376753,0.002812745748087764,0.00016135897021740675,-0.0007317730342037976,5.674527
0.06999999999999997,0.00010853961430257186,0.002814630512148142,0.000161469288286753,-0.0007320886943489313,5.674527
0.0708333333333333,0.00010851530532818288,0.0028160372748970985,0.00016174690972547978,-0.0007327066268771887,5.674527
0.07166666666666664,0.00010848933743545786,0.00281714741140604,0.00016217493976000696,-0.000733264721930027,5.674527
0.07249999999999998,0.00010846257646335289,0.002818105975165963,0.00016238930402323604,-0.0007336167036555707,5.674527
0.07333333333333332,0.00010843219206435606,0.0028190650045871735,0.0001623929274501279,-0.0007342236931435764,5.674527
0.07416666666666666,0.00010840110189747065,0.0028197537176311016,0.00016246609447989613,-0.0007341591990552843,5.674527
0.075,0.00010837777517735958,0.002820502268150449,0.00016277979011647403,-0.0007338935392908752,5.674527
0.07583333333333334,0.00010835091234184802,0.002821521367877722,0.00016308932390529662,-0.0007343598990701139,5.674527
0.07666666666666667,0.00010832217230927199,0.0028225977439433336,0.00016279282863251865,-0.0007348494254983962,5.674527
0.07750000000000001,0.00010829621169250458,0.0028235875070095062,0.0001631009508855641,-0.000735348672606051,5.674527
0.07833333333333335,0.00010826955258380622,0.0028240119572728872,0.00016328759375028312,-0.000735865265596658,5.674527
0.07916666666666669,0.00010824475612025708,0.002825179835781455,0.0001635622320463881,-0.0007361833704635501,5.674527
0.08000000000000003,0.00010821096657309681,0.002826081123203039,0.00016369087097700685,-0.0007365362253040075,5.674527
0.08083333333333337,0.00010818446025950834,0.002827154938131571,0.0001637307577766478,-0.000736767309717834,5.674527
0.0816666666666667,0.00010813793051056564,0.002827939111739397,0.0001641551498323679,-0.000737437279894948,5.674527
0.08250000000000005,0.00010808739170897752,0.0028290164191275835,0.00016424818022642285,-0.0007379374001175165,5.674527
0.08333333333333338,0.00010804158227983862,0.002830067416653037,0.00016449607210233808,-0.0007384063210338354,5.674527
0.08416666666666672,0.00010799465962918475,0.0028310513589531183,0.0001645671291043982,-0.0007384931668639183,5.674527
0.08500000000000006,0.00010796711285365745,0.0028320434503257275,0.00016501484788022935,-0.0007391350227408111,5.674527
0.0858333333333334,0.00010791733075166121,0.0028330308850854635,0.00016508456610608846,-0.0007395169232040644,5.674527
0.08666666666666674,0.00010786644270410761,0.0028341703582555056,0.00016524159582331777,-0.0007402778137475252,5.674527
0.08750000000000008,0.00010781515447888523,0.002835249062627554,0.00016560862422920763,-0.0007408672827295959,5.674527
0.08833333333333342,0.0001077638880815357,0.0028362099546939135,0.00016579248767811805,-0.0007412773557007313,5.674527
0.08916666666666676,0.00010771566303446889,0.002837462117895484,0.00016588624566793442,-0.0007415994186885655,5.674527
0.0900000000000001,0.00010766698687803,0.0028385708574205637,0.00016628952289465815,-0.0007420441834256053,5.674527
0.09083333333333343,0.00010761505109257996,0.002839321969076991,0.00016674643848091364,-0.0007421369082294405,5.674527
0.09166666666666677,0.00010756775009213015,0.002840430475771427,0.00016695870726834983,-0.000742665259167552,5.674527
0.09250000000000011,0.00010751917579909787,0.0028417755383998156,0.00016714626690372825,-0.0007430519908666611,5.674527
0.09333333333333345,0.00010747248597908765,0.0028424353804439306,0.00016750894428696483,-0.0007434672443196177,5.674527
0.09416666666666679,0.00010742159793153405,0.002843275433406234,0.00016769417561590672,-0.0007437546155415475,5.674527
0.09500000000000013,0.00010737450793385506,0.0028438151348382235,0.00016781475278548896,-0.0007441006600856781,5.674527
0.09583333333333346,0.00010732462396845222,0.0028450132813304663,0.00016803208563942462,-0.0007445146911777556,5.674527
0.0966666666666668,0.00010727363405749202,0.0028461518231779337,0.00016824873455334455,-0.0007453940343111753,5.674527
0.09750000000000014,0.00010722123261075467,0.00284696277230978,0.00016846884682308882,-0.0007457418250851333,5.674527
0.09833333333333348,0.00010716818360378966,0.0028479225002229214,0.00016880172188393772,-0.0007463024812750518,5.674527
0.09916666666666682,0.00010711634968174621,0.002848790492862463,0.0001691415236564353,-0.0007459772750735283,5.674527
0.10000000000000016,0.00010706242028390989,0.0028497795574367046,0.00016929925186559558,-0.0007464783266186714,5.674527
0.1008333333333335,0.00010701325663831085,0.0028504980728030205,0.00016951288853306323,-0.0007467147661373019,5.674527
0.10166666666666684,0.00010696073877625167,0.002851034514605999,0.00016942995716817677,-0.0007467097020708025,5.674527
0.10250000000000017,0.0001069106874638237,0.0028517497703433037,0.0001694319798843935,-0.0007467300747521222,5.674527
0.10333333333333351,0.00010685912275221199,0.0028525334782898426,0.00016956061881501228,-0.0007474614540114999,5.674527
0.10416666666666685,0.0001068094206857495,0.002853133250027895,0.00016968489217106253,-0.0007477203034795821,5.674527
0.10500000000000019,0.0001067588382284157,0.0028533460572361946,0.00016999422223307192,-0.000747423036955297,5.674527
0.10583333333333353,0.0001067049743141979,0.002853944431990385,0.00016996946942526847,-0.0007476852624677122,5.674527
0.10666666666666687,0.0001066509066731669,0.0028547204565256834,0.000170119121321477,-0.0007479150663129985,5.674527
0.1075000000000002,0.00010659845429472625,0.002855349564924836,0.0001703044108580798,-0.0007481203647330403,5.674527
0.10833333333333355,0.00010654357174644247,0.002856278093531728,0.00017034428310580552,-0.0007483811350539327,5.674527
0.10916666666666688,0.0001064944444806315,0.0028570247814059258,0.0001704380556475371,-0.000748559832572937,5.674527
0.11000000000000022,0.00010644299618434161,0.0028577714692801237,0.00017049835878424346,-0.0007487889961339533,5.674527
0.11083333333333356,0.00010639144602464512,0.002858370076864958,0.0001706842886051163,-0.0007488500559702516,5.674527
0.1116666666666669,0.00010634324280545115,0.0028589421417564154,0.00017116894014179707,-0.0007490268908441067,5.674527
0.11250000000000024,0.0001062960727722384,0.0028595703188329935,0.00017123360885307193,-0.0007493520970456302,5.674527
0.11333333333333358,0.00010624570131767541,0.002860318636521697,0.00017138694238383323,-0.0007497615879401565,5.674527
0.11416666666666692,0.00010619308159220964,0.002860887674614787,0.00017136154929175973,-0.0007501391810365021,5.674527
0.11500000000000025,0.00010614249913487583,0.002861401764675975,0.0001713892415864393,-0.000750832783523947,5.674527
0.1158333333333336,0.00010608645243337378,0.002861348446458578,0.00017163825395982713,-0.0007510288851335645,5.674527
0.11666666666666693,0.00010603737609926611,0.0028622725512832403,0.0001717333943815902,-0.0007508546696044505,5.674527
0.11750000000000027,0.00010598339576972649,0.002862958237528801,0.00017210024816449732,-0.0007506266701966524,5.674527
0.11833333333333361,0.00010593627666821703,0.0028634662739932537,0.00017210668011102825,-0.0007506512920372188,5.674527
0.11916666666666695,0.00010588731674943119,0.002864245790988207,0.00017234506958629936,-0.0007510319701395929,5.674527
0.12000000000000029,0.00010581318929325789,0.0028648762963712215,0.00017264886992052197,-0.0007514167809858918,5.674527
0.12083333333333363,0.00010574852058198303,0.0028654453344643116,0.00017268370720557868,-0.0007517369231209159,5.674527
0.12166666666666696,0.00010570009908406064,0.0028661659453064203,0.00017289600509684533,-0.0007520928047597408,5.674527
0.1225000000000003,0.00010565130651229993,0.0028669117018580437,0.000172931540873833,-0.0007523202802985907,5.674527
0.12333333333333364,0.00010558085341472179,0.002867452334612608,0.00017311540432274342,-0.0007525268592871726,5.674527
0.12416666666666698,0.00010551051673246548,0.002868140581995249,0.00017314519209321588,-0.0007528455462306738,5.674527
0.1250000000000003,0.00010544496035436168,0.002868679817765951,0.00017321054474450648,-0.0007530191796831787,5.674527
0.12583333333333363,0.0001053733067237772,0.0028694295324385166,0.0001734838297124952,-0.0007532260497100651,5.674527
0.12666666666666695,0.00010551531158853322,0.0028729664627462626,0.00017371310968883336,-0.0007537364726886153,5.674527
0.12750000000000028,0.0001054455860867165,0.0028736533131450415,0.00017380825011059642,-0.0007539969519712031,5.674527
0.1283333333333336,0.00010537791240494698,0.0028743708971887827,0.00017390202265232801,-0.0007543520187027752,5.674527
0.12916666666666693,0.00010530804138397798,0.0028750011697411537,0.00017410996952094138,-0.0007546457345597446,5.674527
0.13000000000000025,0.00010523832315811887,0.0028757192194461823,0.00017417529306840152,-0.0007548451540060341,5.674527
0.13083333333333358,0.00010516187467146665,0.0028765846509486437,0.00017432865570299327,-0.0007550831651315093,5.674527
0.1316666666666669,0.00010508535342523828,0.002877157647162676,0.00017466224380768836,-0.0007555822376161814,5.674527
0.13250000000000023,0.000105015751614701,0.002877662656828761,0.00017439400835428387,-0.000755601970013231,5.674527
0.13333333333333355,0.00010493892477825284,0.002878113416954875,0.00017464024131186306,-0.0007555130287073553,5.674527
0.13416666666666688,0.00010487081453902647,0.002878741594031453,0.00017470491002313793,-0.0007557786302641034,5.674527
0.1350000000000002,0.00010479657066753134,0.0028795504476875067,0.00017497953376732767,-0.0007560416706837714,5.674527
0.13583333333333353,0.00010472986468812451,0.0028798545245081186,0.00017555063823238015,-0.0007563377148471773,5.674527
0.13666666666666685,0.00010465098603162915,0.002880542306229472,0.00017556069360580295,-0.0007565702544525266,5.674527
0.13750000000000018,0.00010458064207341522,0.002881052205339074,0.00017568061593919992,-0.0007569201989099383,5.674527
0.1383333333333335,0.00010451521666254848,0.0028817704878747463,0.00017580420535523444,-0.0007569780573248863,5.674527
0.13916666666666683,0.00010445003135828301,0.0028824296314269304,0.00017589998606126755,-0.0007572070462629199,5.674527
0.14000000000000015,0.00010437450691824779,0.002883028704673052,0.00017601781291887164,-0.0007576769567094743,5.674527
0.14083333333333348,0.00010430347174406052,0.002883747685700655,0.00017602794105187058,-0.0007579097291454673,5.674527
0.1416666666666668,0.00010423078492749482,0.0028842254541814327,0.0001762996253091842,-0.0007579093798995018,5.674527
0.14250000000000013,0.00010415539145469666,0.00288491602987051,0.0001763984328135848,-0.0007581724785268307,5.674527
0.14333333333333345,0.00010409276728751138,0.002885752124711871,0.0001768461661413312,-0.000758503214456141,5.674527
0.14416666666666678,0.00010402734187664464,0.0028863842599093914,0.0001769944792613387,-0.0007588566513732076,5.674527
0.1450000000000001,0.00010396126890555024,0.00288704177364707,0.000176945686689578,-0.0007591397152282298,5.674527
0.14583333333333343,0.0001038864502334036,0.0028876105789095163,0.00017704081255942583,-0.0007592859910801053,5.674527
0.14666666666666675,0.00010382132313679904,0.0028884203638881445,0.00017734318680595607,-0.0007597592775709927,5.674527
0.14750000000000008,0.00010375282727181911,0.0028888701926916838,0.0001775823038769886,-0.0007599940290674567,5.674527
0.1483333333333334,0.00010368577932240441,0.002889589173719287,0.00017779736663214862,-0.000760114926379174,5.674527
0.14916666666666673,0.00010362061584601179,0.0028903367929160595,0.00017815707542467862,-0.0007603820413351059,5.674527
0.15000000000000005,0.00010355481936130673,0.002890965435653925,0.00017828639829531312,-0.0007604131824336946,5.674527
0.15083333333333337,0.00010348494106438011,0.0028914494905620813,0.00017849571304395795,-0.0007610523025505245,5.674527
0.1516666666666667,0.00010340945300413296,0.002891960320994258,0.00017859016952570528,-0.0007614296046085656,5.674527
0.15250000000000002,0.00010334121179766953,0.0028920539189130068,0.00017868947179522365,-0.0007614493370056152,5.674527
0.15333333333333335,0.00010327591735403985,0.0028928040992468596,0.00017895699420478195,-0.0007616850198246539,5.674527
0.15416666666666667,0.00010320075671188533,0.002893224824219942,0.0001790847018128261,-0.0007616789662279189,5.674527
0.155,0.00010313146049156785,0.0028939100448042154,0.00017915073840413243,-0.0007618799572810531,5.674527
0.15583333333333332,0.00010306391777703539,0.0028944185469299555,0.0001791273825801909,-0.0007619046373292804,5.674527
0.15666666666666665,0.00010299478162778541,0.0028945428784936666,0.00017930967442225665,-0.0007619549869559705,5.674527
0.15749999999999997,0.0001029258783091791,0.0028954395093023777,0.00017940340330824256,-0.0007621616823598742,5.674527
0.1583333333333333,0.00010285718599334359,0.0028961878269910812,0.00017970074259210378,-0.0007625787984579802,5.674527
0.15916666666666662,0.0001027900943881832,0.0028968751430511475,0.00017971222405321896,-0.0007626605802215636,5.674527
0.15999999999999995,0.0001027180187520571,0.002897445810958743,0.00017986560123972595,-0.0007631577900610864,5.674527
0.16083333333333327,0.00010264902812195942,0.0028980134520679712,0.0001798110461095348,-0.0007633563363924623,5.674527
0.1616666666666666,0.00010257951362291351,0.0028987962286919355,0.00018011132488027215,-0.0007641252595931292,5.674527
0.16249999999999992,0.00010251274943584576,0.0028995750471949577,0.00018046321929432452,-0.0007645986042916775,5.674527
0.16333333333333325,0.00010244574514217675,0.002900379942730069,0.0001804150961106643,-0.0007646249141544104,5.674527
0.16416666666666657,0.00010237788228550926,0.002900832798331976,0.0001806578948162496,-0.0007650088518857956,5.674527
0.1649999999999999,0.00010231101623503491,0.0029013422317802906,0.00018095936684403569,-0.0007650905172340572,5.674527
0.16583333333333322,0.0001022398064378649,0.002902060281485319,0.00018099925364367664,-0.0007652683998458087,5.674527
0.16666666666666655,0.00010217082308372483,0.0029026917181909084,0.0001814114220906049,-0.000765828532166779,5.674527
0.16749999999999987,0.0001021046846290119,0.0029032023157924414,0.00018148045637644827,-0.000766091572586447,5.674527
0.1683333333333332,0.00010203944111708552,0.0029039797373116016,0.00018156984879169613,-0.00076632562559098,5.674527
0.16916666666666652,0.00010197383380727842,0.002904637483879924,0.00018169549002777785,-0.0007665836601518095,5.674527
0.16999999999999985,0.00010190503962803632,0.0029054158367216587,0.00018176382582169026,-0.0007666755700483918,5.674527
0.17083333333333317,0.00010183735867030919,0.0029060752131044865,0.00018212215218227357,-0.0007671454222872853,5.674527
0.1716666666666665,0.00010176825890084729,0.002906555077061057,0.0001821590994950384,-0.0007672017673030496,5.674527
0.17249999999999982,0.00010170187306357548,0.002907153917476535,0.0001822491904022172,-0.0007674018270336092,5.674527
0.17333333333333314,0.00010163092520087957,0.0029078724328428507,0.00018246214312966913,-0.0007676680106669664,5.674527
0.17416666666666647,0.00010156376083614305,0.0029086784925311804,0.0001826169027481228,-0.0007678756373934448,5.674527
0.1749999999999998,0.00010149394074687734,0.00290907290764153,0.0001830710971262306,-0.0007682274444960058,5.674527
0.17583333333333312,0.00010142270184587687,0.0029091101605445147,0.00018334921333007514,-0.0007686312310397625,5.674527
0.17666666666666644,0.00010135074990103021,0.0029096209909766912,0.00018361878755968064,-0.0007688327459618449,5.674527
0.17749999999999977,0.0001012814391287975,0.0029099825769662857,0.00018377565720584244,-0.0007690357160754502,5.674527
0.1783333333333331,0.00010121056402567774,0.0029107038863003254,0.0001840736367739737,-0.0007696496904827654,5.674527
0.17916666666666642,0.00010114105680258945,0.0029112144839018583,0.00018416877719573677,-0.0007697892724536359,5.674527
0.17999999999999974,0.00010107186244567856,0.002911754883825779,0.00018429307965561748,-0.0007701419526711106,5.674527
0.18083333333333307,0.00010099817882291973,0.002912473864853382,0.00018450671632308513,-0.0007704950985498726,5.674527
0.1816666666666664,0.00010092803131556138,0.0029133115895092487,0.00018456352700013667,-0.0007708235643804073,5.674527
0.18249999999999972,0.00010085910616908222,0.002914146054536104,0.0001848097745096311,-0.0007707339245826006,5.674527
0.18333333333333304,0.00010078843479277566,0.00291477725841105,0.00018511286180000752,-0.000771267747040838,5.674527
0.18416666666666637,0.00010072009899886325,0.0029151698108762503,0.00018535841081757098,-0.0007713825325481594,5.674527
0.1849999999999997,0.00010065392416436225,0.0029158894903957844,0.00018557139264885336,-0.0007716190302744508,5.674527
0.18583333333333302,0.00010058410407509655,0.0029168743640184402,0.00018565866048447788,-0.0007721777074038982,5.674527
0.18666666666666634,0.00010051778372144327,0.0029176531825214624,0.00018578155140858144,-0.0007725027971901,5.674527
0.18749999999999967,0.000100450859463308,0.002918282290920615,0.0001859959593275562,-0.0007728537311777472,5.674527
0.188333333333333,0.0001003804209176451,0.0029186448082327843,0.00018614562577567995,-0.0007731141522526741,5.674527
0.18916666666666632,0.00010031243436969817,0.002919512102380395,0.00018633452418725938,-0.0007733796373941004,5.674527
0.18999999999999964,0.00010024615039583296,0.0029201111756265163,0.00018618347530718893,-0.0007736670668236911,5.674527
0.19083333333333297,0.0001001784548861906,0.002920830622315407,0.000186541787115857,-0.0007740194560028613,5.674527
0.1916666666666663,0.0001001125419861637,0.0029215472750365734,0.00018667247786652297,-0.0007741366280242801,5.674527
0.19249999999999962,0.00010003957140725106,0.002921968000009656,0.00018673350859899074,-0.0007741954759694636,5.674527
0.19333333333333294,9.997031884267926e-05,0.0029227747581899166,0.0001870975538622588,-0.0007742306333966553,5.674527
0.19416666666666627,9.990208491217345e-05,0.002923310734331608,0.00018725574773270637,-0.0007740812143310905,5.674527
0.1949999999999996,9.98327523120679e-05,0.0029238821007311344,0.00018761615501716733,-0.0007742542074993253,5.674527
0.19583333333333292,9.976446017390117e-05,0.0029244222678244114,0.00018720419029705226,-0.0007748038042336702,5.674527
0.19666666666666624,9.969353413907811e-05,0.0029247587081044912,0.00018789517343975604,-0.0007751851808279753,5.674527
0.19749999999999956,9.962281183106825e-05,0.0029254157561808825,0.00018807902233675122,-0.0007753901300020516,5.674527
0.1983333333333329,9.955411951523274e-05,0.0029258974827826023,0.00018825852021109313,-0.0007756821578368545,5.674527
0.19916666666666621,9.948507795343176e-05,0.002926404820755124,0.0001881827338365838,-0.0007754114340059459,5.674527
0.19999999999999954,9.941766620613635e-05,0.0029271510429680347,0.00018838625692296773,-0.0007757041603326797,5.674527
0.20083333333333286,9.934548143064603e-05,0.002927810652181506,0.00018842544523067772,-0.0007759390864521265,5.674527
0.2016666666666662,9.927703649736941e-05,0.0029284099582582712,0.0001886950631160289,-0.0007759396685287356,5.674527
0.2024999999999995,9.920662705553696e-05,0.002929092152044177,0.00018879369599744678,-0.0007756463601253927,5.674527
0.20333333333333284,9.913742542266846e-05,0.002929602051153779,0.00018897964037023485,-0.000775703985709697,5.674527
0.20416666666666616,9.907043568091467e-05,0.002929812530055642,0.0001887788384919986,-0.0007756591076031327,5.674527
0.2049999999999995,9.899821452563629e-05,0.0029304418712854385,0.00018886894395109266,-0.0007756854174658656,5.674527
0.2058333333333328,9.89262989605777e-05,0.0029310393147170544,0.00018898882262874395,-0.0007759758736938238,5.674527
0.20666666666666614,9.885456529445946e-05,0.00293172849342227,0.00018899893620982766,-0.0007760917069390416,5.674527
0.20749999999999946,9.878734272206202e-05,0.00293244537897408,0.0001892132859211415,-0.0007763238390907645,5.674527
0.2083333333333328,9.871349902823567e-05,0.0029330465476959944,0.00018927585915662348,-0.0007770282099954784,5.674527
0.2091666666666661,9.864388266578317e-05,0.002933706622570753,0.00018954338156618178,-0.0007773516117595136,5.674527
0.20999999999999944,9.857457189355046e-05,0.002934335730969906,0.00018969306256622076,-0.0007777024875395,5.674527
0.21083333333333276,9.850312926573679e-05,0.0029349029064178467,0.00018966832431033254,-0.0007779340376146138,5.674527
0.2116666666666661,9.843182488111779e-05,0.002935623051598668,0.00018981596804223955,-0.0007781989988870919,5.674527
0.2124999999999994,9.835817036218941e-05,0.002936339471489191,0.00018997001461684704,-0.0007784062763676047,5.674527
0.21333333333333274,9.828815382206813e-05,0.0029368784744292498,0.00019001198234036565,-0.0007786040077917278,5.674527
0.21416666666666606,9.821378625929356e-05,0.0029376845341175795,0.00019021691696252674,-0.0007784290937706828,5.674527
0.21499999999999939,9.814686927711591e-05,0.002938551362603903,0.00019057892495766282,-0.0007787077920511365,5.674527
0.2158333333333327,9.807342576095834e-05,0.0029390023555606604,0.0001906761317513883,-0.000778843357693404,5.674527
0.21666666666666604,9.800049156183377e-05,0.0029395692981779575,0.00019086204702034593,-0.0007789034862071276,5.674527
0.21749999999999936,9.793116623768583e-05,0.002939988160505891,0.0001906904362840578,-0.0007786303176544607,5.674527
0.21833333333333269,9.785796282812953e-05,0.0029404961969703436,0.00019096070900559425,-0.0007788915536366403,5.674527
0.219166666666666,9.778865205589682e-05,0.0029413991142064333,0.00019132267334498465,-0.0007796574500389397,5.674527
0.21999999999999933,9.771685290616006e-05,0.0029427455738186836,0.00019143219105899334,-0.0007809280650690198,5.674527
0.22083333333333266,9.764824062585831e-05,0.0029434622265398502,0.00019161605450790375,-0.0007812224794179201,5.674527
0.22166666666666598,9.757501538842916e-05,0.0029442403465509415,0.00019161902309861034,-0.0007814598502591252,5.674527
0.2224999999999993,9.750299795996398e-05,0.0029452552553266287,0.00019191634783055633,-0.0007816997822374105,5.674527
0.22333333333333263,9.743336704559624e-05,0.0029459185898303986,0.00019224784045945853,-0.0007824347703717649,5.674527
0.22416666666666596,9.736458014231175e-05,0.002946580061689019,0.00019266369054093957,-0.0007831183029338717,5.674527
0.22499999999999928,9.729279554449022e-05,0.0029472995083779097,0.00019287734176032245,-0.0007833812269382179,5.674527
0.2258333333333326,9.722223330754787e-05,0.0029478087089955807,0.00019306261674501002,-0.0007836732547730207,5.674527
0.22666666666666593,9.715487249195576e-05,0.0029485574923455715,0.00019321530999150127,-0.000783938798122108,5.674527
0.22749999999999926,9.708373545436189e-05,0.0029492753092199564,0.0001934252359205857,-0.0007840542821213603,5.674527
0.22833333333333258,9.701598173705861e-05,0.002949934219941497,0.00019357289420440793,-0.000784526055213064,5.674527
0.2291666666666659,9.694427717477083e-05,0.002950651803985238,0.00019372763927094638,-0.0007844991632737219,5.674527
0.22999999999999923,9.686824341770262e-05,0.0029511917382478714,0.00019388312648516148,-0.0007847301312722266,5.674527
0.23083333333333256,9.679258801043034e-05,0.002951670903712511,0.00019422081822995096,-0.0007848755922168493,5.674527
0.23166666666666588,9.671655425336212e-05,0.002952240640297532,0.0001945500262081623,-0.000784910807851702,5.674527
0.2324999999999992,9.664447861723602e-05,0.002952721668407321,0.00019467635138425976,-0.0007852228009141982,5.674527
0.23333333333333253,9.657235204940662e-05,0.0029531740583479404,0.0001948551507666707,-0.0007857216987758875,5.674527
0.23416666666666586,9.649777348386124e-05,0.002953862538561225,0.00019500855705700815,-0.0007860768237151206,5.674527
0.23499999999999918,9.64273713179864e-05,0.002954671625047922,0.00019531234283931553,-0.0007862845668569207,5.674527
0.2358333333333325,9.635640890337527e-05,0.0029552725609391928,0.0001958260836545378,-0.0007867891108617187,5.674527
0.23666666666666583,9.628289262764156e-05,0.002955929609015584,0.0001959778310265392,-0.000786583696026355,5.674527
0.23749999999999916,9.620904893381521e-05,0.0029563186690211296,0.0001960388763109222,-0.0007866686792112887,5.674527
0.23833333333333248,9.613842121325433e-05,0.0029568583704531193,0.00019616448844317347,-0.0007867827080190182,5.674527
0.2391666666666658,9.606851381249726e-05,0.0029573740903288126,0.0001965556148206815,-0.0007878662436269224,5.674527
0.23999999999999913,9.599404438631609e-05,0.0029581221751868725,0.00019682379206642509,-0.0007881929632276297,5.674527
0.24083333333333246,9.592156857252121e-05,0.0029591727070510387,0.00019712551147677004,-0.0007889615371823311,5.674527
0.24166666666666578,9.585006046108902e-05,0.0029597694519907236,0.0001972156169358641,-0.0007889893604442477,5.674527
0.2424999999999991,9.577933087712154e-05,0.0029604891315102577,0.0001974590850295499,-0.0007894603768363595,5.674527
0.24333333333333243,9.570748807163909e-05,0.0029609110206365585,0.000197788278455846,-0.0007899276679381728,5.674527
0.24416666666666575,9.563082858221605e-05,0.002961751539260149,0.00019797442655544728,-0.0007904615486040711,5.674527
0.24499999999999908,9.555849101161584e-05,0.002962556667625904,0.00019809296645689756,-0.0007907849503681064,5.674527
0.2458333333333324,9.548645903123543e-05,0.002963124541565776,0.00019803334726020694,-0.0007909843698143959,5.674527
0.24666666666666573,9.541284816805273e-05,0.0029637240804731846,0.0001981277746381238,-0.0007911878055892885,5.674527
0.24749999999999905,9.533784032100812e-05,0.0029643531888723373,0.00019836623687297106,-0.000791628030128777,5.674527
0.24833333333333238,9.526612848276272e-05,0.0029650989454239607,0.00019837058789562434,-0.000791865517385304,5.674527
0.2491666666666657,9.519288869341835e-05,0.0029657003469765186,0.00019858426821883768,-0.0007921019569039345,5.674527
0.24999999999999903,9.511588723398745e-05,0.0029661478474736214,0.00019856225117109716,-0.0007922400254756212,5.674527
0.25083333333333235,9.504190529696643e-05,0.0029667478520423174,0.00019880133913829923,-0.0007924451492726803,5.674527
0.2516666666666657,9.497233259025961e-05,0.0029675234109163284,0.0001990411547012627,-0.0007925640675239265,5.674527
0.25249999999999906,9.489362128078938e-05,0.0029681187588721514,0.00019914479344151914,-0.0007920422358438373,5.674527
0.2533333333333324,9.482049790676683e-05,0.0029693087562918663,0.00019938252808060497,-0.0007921983487904072,5.674527
0.25416666666666576,9.474557737121359e-05,0.0029697881545871496,0.00019950818386860192,-0.0007924590609036386,5.674527
0.2549999999999991,9.466849587624893e-05,0.002970479428768158,0.00019990206055808812,-0.0007926675025373697,5.674527
0.25583333333333247,9.459583088755608e-05,0.002971466165035963,0.00020017025235574692,-0.0007934059831313789,5.674527
0.2566666666666658,9.452329686610028e-05,0.0029719762969762087,0.00020010926527902484,-0.0007936665206216276,5.674527
0.2574999999999992,9.445522300666198e-05,0.00297269644215703,0.00020044147095177323,-0.0007940818904899061,5.674527
0.2583333333333325,9.43827471928671e-05,0.0029734147246927023,0.0002007422299357131,-0.0007946076220832765,5.674527
0.2591666666666659,9.431002399651334e-05,0.0029745223000645638,0.00020124955335631967,-0.0007949421415105462,5.674527
0.25999999999999923,9.424125164514408e-05,0.002975479466840625,0.000201463233679533,-0.0007955001783557236,5.674527
0.2608333333333326,9.417308319825679e-05,0.0029763157945126295,0.00020143986330367625,-0.000795641215518117,5.674527
0.26166666666666594,9.409883932676166e-05,0.0029774517752230167,0.0002018259110627696,-0.0007964706746861339,5.674527
0.2624999999999993,9.401482384419069e-05,0.0029783800709992647,0.00020197423873469234,-0.0007971722516231239,5.674527
0.26333333333333264,9.402912837686017e-05,0.002981014782562852,0.00020198342099320143,-0.0007977804052643478,5.674527
0.264166666666666,9.395305824000388e-05,0.0029817058239132166,0.00020225162734277546,-0.0007982779643498361,5.674527
0.26499999999999935,9.387928002979606e-05,0.002982214791700244,0.00020220145233906806,-0.0007985085248947144,5.674527
0.2658333333333327,9.38065568334423e-05,0.0029832918662577868,0.00020252351532690227,-0.0007991611491888762,5.674527
0.26666666666666605,9.371970372740179e-05,0.0029841605573892593,0.00020273651171009988,-0.000799839326646179,5.674527
0.2674999999999994,9.367841994389892e-05,0.0029853268060833216,0.00020291963301133364,-0.0008003940456546843,5.674527
0.26833333333333276,9.360527474200353e-05,0.0029859556816518307,0.00020307306840550154,-0.0008006042335182428,5.674527
0.2691666666666661,9.353494533570483e-05,0.0029874215833842754,0.0002036372316069901,-0.0008013526676222682,5.674527
0.26999999999999946,9.346615115646273e-05,0.0029883761890232563,0.00020376354223117232,-0.0008014984778128564,5.674527
0.2708333333333328,9.338316158391535e-05,0.002989063737913966,0.00020383027731440961,-0.0008015555795282125,5.674527
0.27166666666666617,9.331086039310321e-05,0.0029900504741817713,0.0002040934341493994,-0.0008022569236345589,5.674527
0.2724999999999995,9.326064900960773e-05,0.0029907694552093744,0.00020430711447261274,-0.000802522583398968,5.674527
0.2733333333333329,9.319833770859987e-05,0.0029919317457824945,0.00020422777743078768,-0.0008026087307371199,5.674527
0.2741666666666662,9.315570787293836e-05,0.002992950612679124,0.0002043557324213907,-0.0008029317832551897,5.674527
0.2749999999999996,9.31114045670256e-05,0.0029939396772533655,0.00020460425002966076,-0.0008034334168769419,5.674527
0.27583333333333293,9.303678962169215e-05,0.0029947212897241116,0.00020481145475059748,-0.0008041593828238547,5.674527
0.2766666666666663,9.296248754253611e-05,0.002995414426550269,0.00020535505609586835,-0.0008047829032875597,5.674527
0.27749999999999964,9.287607099395245e-05,0.0029963706620037556,0.000205841803108342,-0.0008047051960602403,5.674527
0.278333333333333,9.280021185986698e-05,0.0029967885930091143,0.00020584245794452727,-0.0008049904135987163,5.674527
0.27916666666666634,9.271680755773559e-05,0.002997477538883686,0.00020611549552995712,-0.0008051603799685836,5.674527
0.2799999999999997,9.264451364288107e-05,0.0029982554260641336,0.00020629937353078276,-0.0008055170183070004,5.674527
0.28083333333333305,9.257016063202173e-05,0.0029992731288075447,0.0002067449822789058,-0.0008063166169449687,5.674527
0.2816666666666664,9.248541027773172e-05,0.003000292694196105,0.00020701697212643921,-0.0008068534662015736,5.674527
0.28249999999999975,9.241557563655078e-05,0.003000921104103327,0.00020704737107735127,-0.000807194272056222,5.674527
0.2833333333333331,9.2355054221116e-05,0.003001995151862502,0.00020699443120975047,-0.0008074027136899531,5.674527
0.28416666666666646,9.228744602296501e-05,0.0030028310138732195,0.00020682434842456132,-0.0008075482328422368,5.674527
0.2849999999999998,9.220344509230927e-05,0.003003578633069992,0.0002071549533866346,-0.0008079556282609701,5.674527
0.28583333333333316,9.212849545292556e-05,0.003004117403179407,0.00020722027693409473,-0.0008081292035058141,5.674527
0.2866666666666665,9.205919923260808e-05,0.0030048973858356476,0.00020749492978211492,-0.0008082765270955861,5.674527
0.28749999999999987,9.199086343869567e-05,0.0030051670037209988,0.00020738008606713265,-0.0008082470158115029,5.674527
0.2883333333333332,9.191909339278936e-05,0.003005765378475189,0.00020753551507368684,-0.0008084463188424706,5.674527
0.28916666666666657,9.184555528918281e-05,0.003006490645930171,0.00020804147061426193,-0.0008094199583865702,5.674527
0.2899999999999999,9.176388994092122e-05,0.0030073600355535746,0.00020825518004130572,-0.0008100104168988764,5.674527
0.2908333333333333,9.169559780275449e-05,0.0030082303564995527,0.00020891493477392942,-0.0008104806765913963,5.674527
0.29166666666666663,9.161760681308806e-05,0.0030090087093412876,0.00020898393995594233,-0.0008107462781481445,5.674527
0.2925,9.15323689696379e-05,0.0030097588896751404,0.00020925218996126205,-0.000811364792753011,5.674527
0.29333333333333333,9.146418597083539e-05,0.0030103246681392193,0.00020928631420247257,-0.0008114834199659526,5.674527
0.2941666666666667,9.138966561295092e-05,0.003011045278981328,0.00020955961372237653,-0.0008118400583043694,5.674527
0.29500000000000004,9.130698890658095e-05,0.0030120357405394316,0.00021003646543249488,-0.0008125240565277636,5.674527
0.2958333333333334,9.124113421421498e-05,0.0030126050114631653,0.00020992665668018162,-0.0008128667250275612,5.674527
0.29666666666666675,9.115374996326864e-05,0.0030131766106933355,0.00021031545475125313,-0.0008133059600368142,5.674527
0.2975000000000001,9.114462591242045e-05,0.0030152422841638327,0.0002097265823977068,-0.0008137271506711841,5.674527
0.29833333333333345,9.10874005057849e-05,0.0030156965367496014,0.0002102593134623021,-0.0008143741870298982,5.674527
0.2991666666666668,9.100083116209134e-05,0.0030165635980665684,0.000210294863791205,-0.0008147808839567006,5.674527
0.30000000000000016,9.093486005440354e-05,0.003017167095094919,0.00021083706815261394,-0.00081531802425161,5.674527
0.3008333333333335,9.086885256692767e-05,0.0030176728032529354,0.00021113717230036855,-0.0008151765796355903,5.674527
0.30166666666666686,9.078867878997698e-05,0.0030181824695318937,0.00021122588077560067,-0.0008154403767548501,5.674527
0.3025000000000002,9.076230344362557e-05,0.003020034171640873,0.00021109633962623775,-0.0008156397962011397,5.674527
0.30333333333333357,9.069225779967383e-05,0.0030205450020730495,0.0002113943628501147,-0.0008161394507624209,5.674527
0.3041666666666669,9.060656157089397e-05,0.003021291922777891,0.00021157249284442514,-0.0008165225735865533,5.674527
0.30500000000000027,9.052078530658036e-05,0.003021592739969492,0.00021168598323129117,-0.0008172235102392733,5.674527
0.3058333333333336,9.044008766068146e-05,0.0030221932101994753,0.00021201311028562486,-0.00081763876369223,5.674527
0.306666666666667,9.040253644343466e-05,0.00302389869466424,0.00021182971249800175,-0.0008178349817171693,5.674527
0.30750000000000033,9.03302279766649e-05,0.0030251534190028906,0.00021222147915977985,-0.0008184285252355039,5.674527
0.3083333333333337,9.025201143231243e-05,0.003025605110451579,0.00021240102068986744,-0.000818808504845947,5.674527
0.30916666666666703,9.017026604851708e-05,0.0030260521452873945,0.00021263504459057003,-0.0008191597880795598,5.674527
0.3100000000000004,9.010193753056228e-05,0.0030269273556768894,0.00021287231356836855,-0.0008203999605029821,5.674527
0.31083333333333374,9.001819125842303e-05,0.003027675673365593,0.00021323056716937572,-0.0008207837818190455,5.674527
0.3116666666666671,8.99882652447559e-05,0.003029588842764497,0.00021347160509321839,-0.0008207273203879595,5.674527
0.31250000000000044,8.991314825834706e-05,0.003029948566108942,0.00021364606800489128,-0.0008211377426050603,5.674527
0.3133333333333338,8.982641156762838e-05,0.0030304898973554373,0.00021399864635895938,-0.0008214950212277472,5.674527
0.31416666666666715,8.973987132776529e-05,0.0030315923504531384,0.00021415480296127498,-0.0008215862326323986,5.674527
0.3150000000000005,8.966589666670188e-05,0.0030327567365020514,0.00021439690317492932,-0.0008221202879212797,5.674527
0.31583333333333385,8.95844423212111e-05,0.0030330861918628216,0.0002146068582078442,-0.0008222387987188995,5.674527
0.3166666666666672,8.95424818736501e-05,0.003034617519006133,0.00021472152729984373,-0.0008226775680668652,5.674527
0.31750000000000056,8.946987509261817e-05,0.0030352177564054728,0.00021501886658370495,-0.0008230291423387825,5.674527
0.3183333333333339,8.938636892708018e-05,0.0030357271898537874,0.000215311098145321,-0.0008236478897742927,5.674527
0.31916666666666726,8.930313197197393e-05,0.0030363232363015413,0.00021540123270824552,-0.0008238223963417113,5.674527
0.3200000000000006,8.921803237171844e-05,0.003037369577214122,0.00021552409452851862,-0.0008244126220233738,5.674527
0.32083333333333397,8.913314377423376e-05,0.0030383288394659758,0.00021576248400378972,-0.0008248805534094572,5.674527
0.3216666666666673,8.905079448595643e-05,0.0030386270955204964,0.00021603786444757134,-0.000824973511043936,5.674527
0.3225000000000007,8.896308281691745e-05,0.0030393763445317745,0.00021633587311953306,-0.0008252134430222213,5.674527
0.323333333333334,8.889541641110554e-05,0.003039891831576824,0.00021696540352422744,-0.0008260498871095479,5.674527
0.3241666666666674,8.880841050995514e-05,0.003040789859369397,0.00021729388390667737,-0.000826752744615078,5.674527
0.32500000000000073,8.874054037733003e-05,0.0030411791522055864,0.00021726847626268864,-0.0008268989622592926,5.674527
0.3258333333333341,8.865970448823646e-05,0.003042165655642748,0.00021756140631623566,-0.0008273419225588441,5.674527
0.32666666666666744,8.859286026563495e-05,0.003042165655642748,0.00021756140631623566,-0.0008273419225588441,5.674527
0.3275000000000008,8.852673636283726e-05,0.003042165655642748,0.00021756140631623566,-0.0008273419225588441,5.674527
0.32833333333333414,8.845490083331242e-05,0.003043064381927252,0.00021774458582513034,-0.0008277822635136545,5.674527
0.3291666666666675,8.837032510200515e-05,0.0030436934903264046,0.00021812629711348563,-0.0008286091615445912,5.674527
0.33000000000000085,8.828573481878266e-05,0.003044350538402796,0.00021795686916448176,-0.0008288050885312259,5.674527
0.3308333333333342,8.821676601655781e-05,0.0030443852301687002,0.0002181604504585266,-0.0008290439145639539,5.674527
0.33166666666666755,8.814252214506269e-05,0.0030454027000814676,0.00021849467884749174,-0.0008294843137264252,5.674527
0.3325000000000009,8.805592369753867e-05,0.003045642049983144,0.0002186684578191489,-0.0008297801832668483,5.674527
0.33333333333333426,8.798966882750392e-05,0.0030458224937319756,0.00021849469339940697,-0.0008300330955535173,5.674527
0.3341666666666676,8.790012361714616e-05,0.0030465128365904093,0.00021882459986954927,-0.0008304471266455948,5.674527
0.33500000000000096,8.781303040450439e-05,0.0030478269327431917,0.00021874047524761409,-0.0008310658158734441,5.674527
0.3358333333333343,8.772901492193341e-05,0.0030480639543384314,0.00021882621513213962,-0.0008311231504194438,5.674527
0.33666666666666767,8.772484579822049e-05,0.003049798309803009,0.00021870312048122287,-0.000831086712423712,5.674527
0.337500000000001,8.766224345890805e-05,0.003050003433600068,0.00021862292487639934,-0.0008306125528179109,5.674527
0.3383333333333344,8.759216871112585e-05,0.0030510202050209045,0.00021880473650526255,-0.0008308832184411585,5.674527
0.3391666666666677,8.750167035032064e-05,0.0030517952982336283,0.0002188358921557665,-0.0008311430574394763,5.674527
0.3400000000000011,8.743420039536431e-05,0.003052365966141224,0.0002189957012888044,-0.0008313473081216216,5.674527
0.34083333333333443,8.734731818549335e-05,0.003052846062928438,0.0002190915693063289,-0.0008314911974593997,5.674527
0.3416666666666678,8.726857777219266e-05,0.0030531752854585648,0.0002192957908846438,-0.0008317282772623003,5.674527
0.34250000000000114,8.718409662833437e-05,0.003053955500945449,0.00021947961067780852,-0.0008324559894390404,5.674527
0.3433333333333345,8.711870759725571e-05,0.003054168540984392,0.00021962793834973127,-0.0008328082039952278,5.674527
0.34416666666666784,-0.0016688760370016098,0.0010052899597212672,-0.00028151151491329074,0.000516614643856883,5.674527
0.3450000000000012,-0.0040013487450778484,0.0023796446621418,-0.001339297043159604,0.0008956767851486802,5.674527
0.34583333333333455,-0.005978915374726057,0.004071836359798908,-0.002344658598303795,0.0011506980517879128,5.674527
0.3466666666666679,-0.007639190182089806,0.005550092551857233,-0.0033055616077035666,0.0013424215139821172,5.674527
0.34750000000000125,-0.009014005772769451,0.0069529591128230095,-0.004214571323245764,0.0014735121512785554,5.674527
0.3483333333333346,-0.010133402422070503,0.00823662057518959,-0.005063459277153015,0.0015519631560891867,5.674527
0.34916666666666796,-0.011025313287973404,0.009400532580912113,-0.005843822378665209,0.001585301011800766,5.674527
0.3500000000000013,-0.011715547181665897,0.010441848076879978,-0.006545602343976498,0.0015797545202076435,5.674527
0.35083333333333466,-0.012227479368448257,0.011361810378730297,-0.0071540717035532,0.0015405653975903988,5.674527
0.351666666666668,-0.012582960538566113,0.01215926744043827,-0.0076651605777442455,0.0014719736063852906,5.674527
0.35250000000000137,-0.012801499105989933,0.01284213550388813,-0.008070260286331177,0.0013819095911458135,5.674527
0.3533333333333347,-0.012901542708277702,0.013405723497271538,-0.008346622809767723,0.0012737971264868975,5.674527
0.3541666666666681,-0.012909804470837116,0.013788464479148388,-0.008424153551459312,0.0011470584431663156,5.674527
0.3550000000000014,-0.012891214340925217,0.014110642485320568,-0.00841105729341507,0.0009695047046989202,5.674527
0.3558333333333348,-0.012860238552093506,0.014401569031178951,-0.008420278318226337,0.0007739962311461568,5.674527
0.35666666666666813,-0.012819088995456696,0.01470772922039032,-0.008445058017969131,0.0005800583749078214,5.674527
0.3575000000000015,-0.012858082540333271,0.014968058094382286,-0.008484331890940666,0.0002734351437538862,5.674527
0.35833333333333484,-0.012850480154156685,0.015214296989142895,-0.008472238667309284,9.267842688132077e-05,5.674527
0.3591666666666682,-0.012829010374844074,0.015462705865502357,-0.008462612517178059,-8.639453153591603e-05,5.674527
0.36000000000000154,-0.01279732957482338,0.01570458523929119,-0.008476325310766697,-0.0002698827884159982,5.674527
0.3608333333333349,-0.012757272459566593,0.015945062041282654,-0.008494524285197258,-0.00044451162102632225,5.674527
0.36166666666666825,-0.012710139155387878,0.016169073060154915,-0.008522826246917248,-0.0006145238876342773,5.674527
0.3625000000000016,-0.012656603008508682,0.016386395320296288,-0.00855687540024519,-0.0007762882742099464,5.674527
0.36333333333333495,-0.012597703374922276,0.016586745157837868,-0.00859478022903204,-0.0009308498119935393,5.674527
0.3641666666666683,-0.012533549219369888,0.016772665083408356,-0.00863510463386774,-0.0010765095939859748,5.674527
0.36500000000000166,-0.012465097941458225,0.01694335974752903,-0.008676555939018726,-0.0012142159976065159,5.674527
0.365833333333335,-0.012392493896186352,0.017098573967814445,-0.008717527613043785,-0.0013463882496580482,5.674527
0.36666666666666836,-0.012316100299358368,0.017239676788449287,-0.008758198469877243,-0.001470061601139605,5.674527
0.3675000000000017,-0.01223620306700468,0.017363766208291054,-0.008796818554401398,-0.0015872442163527012,5.674527
0.36833333333333507,-0.012153051793575287,0.01747354306280613,-0.00883472990244627,-0.0016976254992187023,5.674527
0.3691666666666684,-0.012067184783518314,0.01757320947945118,-0.008870812132954597,-0.001800810918211937,5.674527
0.37000000000000177,-0.011978729628026485,0.017655635252594948,-0.008905903436243534,-0.001898826565593481,5.674527
0.3708333333333351,-0.011887893080711365,0.017727600410580635,-0.008939133957028389,-0.001988939940929413,5.674527
0.3716666666666685,-0.011795209720730782,0.01778673380613327,-0.008969942107796669,-0.002072160132229328,5.674527
0.37250000000000183,-0.011700437404215336,0.017833162099123,-0.008998798206448555,-0.0021528368815779686,5.674527
0.3733333333333352,-0.011604218743741512,0.01787245087325573,-0.009024960920214653,-0.0022255387157201767,5.674527
0.37416666666666853,-0.011506445705890656,0.017895212396979332,-0.00904841348528862,-0.0022936351597309113,5.674527
0.3750000000000019,-0.011407649144530296,0.017912086099386215,-0.00906915869563818,-0.002356290351599455,5.674527
0.37583333333333524,-0.011307868175208569,0.017919523641467094,-0.009087630547583103,-0.002413797192275524,5.674527
0.3766666666666686,-0.011207197792828083,0.017915954813361168,-0.009104792028665543,-0.0024652453139424324,5.674527
0.37750000000000195,-0.011106016114354134,0.017907949164509773,-0.009119120426476002,-0.0025134433526545763,5.674527
0.3783333333333353,-0.011004355736076832,0.017887717112898827,-0.009131459519267082,-0.002558163832873106,5.674527
0.37916666666666865,-0.010902454145252705,0.017863253131508827,-0.009141217917203903,-0.0025977666955441236,5.674527
0.380000000000002,-0.01080038771033287,0.017829682677984238,-0.009148653596639633,-0.0026353721041232347,5.674527
0.38083333333333536,-0.010698438622057438,0.01779290847480297,-0.00915390346199274,-0.0026688638608902693,5.674527
0.3816666666666687,-0.010596616193652153,0.017748292535543442,-0.009157167747616768,-0.0026965185534209013,5.674527
0.38250000000000206,-0.010495190508663654,0.01769801415503025,-0.009158162400126457,-0.0027207534294575453,5.674527
0.3833333333333354,-0.010394303128123283,0.017643950879573822,-0.009157613851130009,-0.0027450344059616327,5.674527
0.38416666666666877,-0.010294086299836636,0.01758473552763462,-0.009155500680208206,-0.0027670967392623425,5.674527
0.3850000000000021,-0.010194568894803524,0.01752197928726673,-0.009150590747594833,-0.002784108044579625,5.674527
0.38583333333333547,-0.0100961122661829,0.017455684021115303,-0.009144004434347153,-0.002800280461087823,5.674527
0.3866666666666688,-0.009998362511396408,0.017383424565196037,-0.009136543609201908,-0.0028156910557299852,5.674527
0.3875000000000022,-0.00990206003189087,0.017311539500951767,-0.009127294644713402,-0.002826722338795662,5.674527
0.38833333333333553,-0.009806959889829159,0.017235685139894485,-0.009116128087043762,-0.0028325316961854696,5.674527
0.3891666666666689,-0.009713079780340195,0.01715691015124321,-0.009104466997087002,-0.0028415508568286896,5.674527
0.39000000000000223,-0.009620657190680504,0.017075514420866966,-0.00909110251814127,-0.002845905488356948,5.674527
0.3908333333333356,-0.00952954962849617,0.016991477459669113,-0.009077291004359722,-0.0028505977243185043,5.674527
0.39166666666666894,-0.009440344758331776,0.016909360885620117,-0.009061709977686405,-0.002850812394171953,5.674527
0.3925000000000023,-0.009352831169962883,0.016825111582875252,-0.009045950137078762,-0.0028530133422464132,5.674527
0.39333333333333564,-0.009267047978937626,0.01674197055399418,-0.00902960728853941,-0.00285168644040823,5.674527
0.394166666666669,-0.0091830063611269,0.016655288636684418,-0.009013322181999683,-0.002850763499736786,5.674527
0.39500000000000235,-0.0091008972376585,0.016568878665566444,-0.008996193297207355,-0.0028483308851718903,5.674527
0.3958333333333357,-0.009020785801112652,0.016483202576637268,-0.008977816440165043,-0.0028426125645637512,5.674527
0.39666666666666905,-0.008942635729908943,0.016394905745983124,-0.008960229344666004,-0.0028412314131855965,5.674527
0.3975000000000024,-0.008866500109434128,0.016310742124915123,-0.008941656909883022,-0.0028363761957734823,5.674527
0.39833333333333576,-0.008792589418590069,0.01622496172785759,-0.008923826739192009,-0.0028289936017245054,5.674527
0.3991666666666691,-0.008720901794731617,0.016139047220349312,-0.008905379101634026,-0.0028228580486029387,5.674527
0.40000000000000246,-0.008651314303278923,0.016055285930633545,-0.008886166848242283,-0.0028162116650491953,5.674527
0.4008333333333358,-0.00858398899435997,0.015973184257745743,-0.008866696618497372,-0.0028043286874890327,5.674527
0.40166666666666917,-0.008518821559846401,0.015888778492808342,-0.008847631514072418,-0.002793853171169758,5.674527
0.4025000000000025,-0.008456137031316757,0.01580766960978508,-0.008828729391098022,-0.0027867057360708714,5.674527
0.4033333333333359,-0.008395594544708729,0.015728868544101715,-0.008810251951217651,-0.0027799084782600403,5.674527
0.4041666666666692,-0.008337393403053284,0.015649376437067986,-0.00879055168479681,-0.002772656036540866,5.674527
0.4050000000000026,-0.00828154943883419,0.015572723001241684,-0.008770097978413105,-0.0027623188216239214,5.674527
0.40583333333333593,-0.008228044025599957,0.015497309155762196,-0.008750454522669315,-0.002749778563156724,5.674527
0.4066666666666693,-0.00817701406776905,0.015422612428665161,-0.008729525841772556,-0.0027386569418013096,5.674527
0.40750000000000264,-0.008128062821924686,0.015350375324487686,-0.008707987144589424,-0.0027277751360088587,5.674527
0.408333333333336,-0.008081808686256409,0.015279899351298809,-0.00868541095405817,-0.0027168281376361847,5.674527
0.40916666666666934,-0.008037631399929523,0.01521098893135786,-0.008661703206598759,-0.002705671824514866,5.674527
0.4100000000000027,-0.007995895110070705,0.01514324452728033,-0.00863668043166399,-0.0026949227321892977,5.674527
0.41083333333333605,-0.007956632412970066,0.015078093856573105,-0.008608106523752213,-0.0026863280218094587,5.674527
0.4116666666666694,-0.007919622585177422,0.015013317577540874,-0.008578003384172916,-0.002678668824955821,5.674527
0.41250000000000275,-0.007884997874498367,0.014949015341699123,-0.008543831296265125,-0.0026742082554847,5.674527
0.4133333333333361,-0.007852660492062569,0.014886442571878433,-0.008507155813276768,-0.0026708999648690224,5.674527
0.41416666666666946,-0.007822683081030846,0.014824019744992256,-0.008466425351798534,-0.0026711192913353443,5.674527
0.4150000000000028,-0.0077950619161129,0.01476318296045065,-0.008422529324889183,-0.00267537753097713,5.674527
0.41583333333333616,-0.007769712246954441,0.01470395177602768,-0.008376450277864933,-0.0026801934000104666,5.674527
0.4166666666666695,-0.007746800780296326,0.01464510802179575,-0.008332125842571259,-0.0026850663125514984,5.674527
0.41750000000000287,-0.007725995033979416,0.014591085724532604,-0.008292431943118572,-0.002688546199351549,5.674527
0.4183333333333362,-0.007707549259066582,0.014540773816406727,-0.008260213769972324,-0.0026964745484292507,5.674527
0.4191666666666696,-0.007691253442317247,0.014496580697596073,-0.008237266913056374,-0.002705331426113844,5.674527
0.4200000000000029,-0.00767709594219923,0.014458167366683483,-0.008224745281040668,-0.002706803847104311,5.674527
0.4208333333333363,-0.007665029726922512,0.014424880035221577,-0.008220049552619457,-0.002707939362153411,5.674527
0.42166666666666963,-0.007654838729649782,0.014394639991223812,-0.008220582269132137,-0.0027077076956629753,5.674527
0.422500000000003,-0.007646574173122644,0.014369403012096882,-0.008221074938774109,-0.002708294428884983,5.674527
0.42333333333333634,-0.00764011824503541,0.01434618141502142,-0.008221296593546867,-0.002713175490498543,5.674527
0.4241666666666697,-0.007635362911969423,0.01432605180889368,-0.008220870047807693,-0.002718546660616994,5.674527
0.42500000000000304,-0.007633203640580177,0.014315089210867882,-0.008219931274652481,-0.0027230510022491217,5.674527
0.4258333333333364,-0.00763237290084362,0.014310705475509167,-0.008219200186431408,-0.0027244044467806816,5.674527
0.42666666666666975,-0.007632195949554443,0.014311841689050198,-0.008217460475862026,-0.002726449863985181,5.674527
0.4275000000000031,-0.007632057182490826,0.014313997700810432,-0.008215106092393398,-0.002728499239310622,5.674527
0.42833333333333645,-0.007631843443959951,0.0143135329708457,-0.008215409703552723,-0.002728389110416174,5.674527
0.4291666666666698,-0.007631683722138405,0.014315151609480381,-0.008214377798140049,-0.002730304142460227,5.674527
0.43000000000000316,-0.007631555199623108,0.014316985383629799,-0.008213122375309467,-0.002732800552621484,5.674527
0.4308333333333365,-0.007631372660398483,0.01431680005043745,-0.00821318756788969,-0.0027359414380043745,5.674527
0.43166666666666986,-0.007631221786141396,0.014318430796265602,-0.008211991749703884,-0.002739822259172797,5.674527
0.4325000000000032,-0.00763105321675539,0.01431879773736,-0.008212350308895111,-0.002744839293882251,5.674527
0.43333333333333657,-0.007630897220224142,0.014320527203381062,-0.008211949840188026,-0.0027487464249134064,5.674527
0.4341666666666699,-0.007630724925547838,0.014321673661470413,-0.008211261592805386,-0.002751831663772464,5.674527
0.4350000000000033,-0.007630575448274612,0.014322803355753422,-0.008209661580622196,-0.002756170928478241,5.674527
0.4358333333333366,-0.007630393840372562,0.014322984963655472,-0.008209830150008202,-0.0027587469667196274,5.674527
0.43666666666667,-0.007630237843841314,0.014324133284389973,-0.0082087442278862,-0.0027603954076766968,5.674527
0.43750000000000333,-0.007630069740116596,0.014325178228318691,-0.008207560516893864,-0.002762822899967432,5.674527
0.4383333333333367,-0.007629923056811094,0.01432549487799406,-0.008206676691770554,-0.002763805678114295,5.674527
0.43916666666667004,-0.007629777304828167,0.01432750467211008,-0.008206152357161045,-0.002764929784461856,5.674527
0.4400000000000034,-0.007629628758877516,0.014329109340906143,-0.008204619400203228,-0.002765065059065819,5.674527
0.44083333333333674,-0.0076294634491205215,0.01432956475764513,-0.008203678764402866,-0.0027651567943394184,5.674527
0.4416666666666701,-0.0076293181627988815,0.014330947771668434,-0.00820296909660101,-0.002764843637123704,5.674527
0.44250000000000345,-0.00762915937229991,0.014332565478980541,-0.008201605640351772,-0.002765235723927617,5.674527
0.4433333333333368,-0.007629022002220154,0.014334280043840408,-0.008199824020266533,-0.00276493770070374,5.674527
0.44416666666667015,-0.007628852967172861,0.014334428124129772,-0.008199870586395264,-0.0027669831179082394,5.674527
0.4450000000000035,-0.007628682069480419,0.01433627400547266,-0.008198562078177929,-0.0027670185081660748,5.674527
0.44583333333333686,-0.007628523278981447,0.014336934313178062,-0.008196850307285786,-0.002767771016806364,5.674527
0.4466666666666702,-0.00762836541980505,0.014339008368551731,-0.008195809088647366,-0.002769085578620434,5.674527
0.44750000000000356,-0.007628177292644978,0.014341235160827637,-0.008195459842681885,-0.0027714301832020283,5.674527
0.4483333333333369,-0.007628017105162144,0.014342707581818104,-0.00819434504956007,-0.002770742867141962,5.674527
0.44916666666667027,-0.007627883460372686,0.014344101771712303,-0.00819229893386364,-0.0027713559102267027,5.674527
0.4500000000000036,-0.00762768741697073,0.01434441190212965,-0.008192741312086582,-0.002771186176687479,5.674527
0.45083333333333697,-0.007627518847584724,0.014346092939376831,-0.008191250264644623,-0.0027706939727067947,5.674527
0.4516666666666703,-0.007627348881214857,0.014346499927341938,-0.008189143612980843,-0.002771359635517001,5.674527
0.4525000000000037,-0.007627191953361034,0.014347804710268974,-0.00818728655576706,-0.0027701305225491524,5.674527
0.45333333333333703,-0.007627017330378294,0.014349010773003101,-0.008185822516679764,-0.0027718553319573402,5.674527
0.4541666666666704,-0.007626865990459919,0.014350412413477898,-0.008184624835848808,-0.0027752553578466177,5.674527
0.45500000000000373,-0.00762667041271925,0.01435103453695774,-0.008183114230632782,-0.002776878187432885,5.674527
0.4558333333333371,-0.007626512553542852,0.014352036640048027,-0.008180842734873295,-0.0027767878491431475,5.674527
0.45666666666667044,-0.0076263220980763435,0.014352834783494473,-0.008179054595530033,-0.002776859328150749,5.674527
0.4575000000000038,-0.00762616191059351,0.014354449696838856,-0.008177955634891987,-0.0027782435063272715,5.674527
0.45833333333333715,-0.007625971920788288,0.014355039224028587,-0.00817690510302782,-0.0027803415432572365,5.674527
0.4591666666666705,-0.0076258182525634766,0.014356963336467743,-0.008176226168870926,-0.0027827464509755373,5.674527
0.46000000000000385,-0.00762563431635499,0.014357256703078747,-0.008176641538739204,-0.002783148782327771,5.674527
0.4608333333333372,-0.007625460624694824,0.014358432032167912,-0.008175302296876907,-0.002783555071800947,5.674527
0.46166666666667056,-0.007625316269695759,0.014360301196575165,-0.008174252696335316,-0.002783904317766428,5.674527
0.4625000000000039,-0.00762512069195509,0.014361772686243057,-0.008174127899110317,-0.002786465920507908,5.674527
0.46333333333333726,-0.007624961901456118,0.01436350867152214,-0.008172459900379181,-0.002786103403195739,5.674527
0.4641666666666706,-0.007624809164553881,0.014365981332957745,-0.00817172136157751,-0.002786405850201845,5.674527
0.46500000000000397,-0.0076246000826358795,0.014367113821208477,-0.00817111972719431,-0.002787370001897216,5.674527
0.4658333333333373,-0.007624435238540173,0.014369199052453041,-0.008170614950358868,-0.00278968783095479,5.674527
0.46666666666667067,-0.0076242294162511826,0.01437062956392765,-0.00816985871642828,-0.0027893332298845053,5.674527
0.467500000000004,-0.007624066900461912,0.014371709898114204,-0.008167452178895473,-0.00278949155472219,5.674527
0.4683333333333374,-0.0076238601468503475,0.014372368343174458,-0.008166550658643246,-0.002789900405332446,5.674527
0.46916666666667073,-0.007623685989528894,0.01437415275722742,-0.008165620267391205,-0.0027920121792703867,5.674527
0.4700000000000041,-0.007623517885804176,0.014376073144376278,-0.008164612576365471,-0.0027918037958443165,5.674527
0.47083333333333743,-0.007623306941241026,0.014376978389918804,-0.008163529448211193,-0.0027921204455196857,5.674527
0.4716666666666708,-0.007623141165822744,0.014378785155713558,-0.008162226527929306,-0.00279567064717412,5.674527
0.47250000000000414,-0.00762297585606575,0.014380116015672684,-0.00816112570464611,-0.00279593444429338,5.674527
0.4733333333333375,-0.007622779347002506,0.014381000772118568,-0.00815958995372057,-0.002795981243252754,5.674527
0.47416666666667084,-0.007622600998729467,0.01438179798424244,-0.008157760836184025,-0.0027975079137831926,5.674527
0.4750000000000042,-0.007622434291988611,0.014382723718881607,-0.008156443014740944,-0.002798490459099412,5.674527
0.47583333333333755,-0.0076222349889576435,0.01438335794955492,-0.008154568262398243,-0.002799201523885131,5.674527
0.4766666666666709,-0.00762205058708787,0.014385349117219448,-0.008154292590916157,-0.002802151022478938,5.674527
0.47750000000000425,-0.007621867582201958,0.014386724680662155,-0.008153241127729416,-0.0028026667423546314,5.674527
0.4783333333333376,-0.007621693424880505,0.01438841037452221,-0.008152153342962265,-0.0028042092453688383,5.674527
0.47916666666667096,-0.007621508091688156,0.014389724470674992,-0.008151305839419365,-0.002806374803185463,5.674527
0.4800000000000043,-0.007621328812092543,0.014391857199370861,-0.008150220848619938,-0.0028066872619092464,5.674527
0.48083333333333766,-0.007621137425303459,0.014393124729394913,-0.008149364963173866,-0.0028100875206291676,5.674527
0.481666666666671,-0.007620935793966055,0.014394665136933327,-0.00814819149672985,-0.002810759237036109,5.674527
0.48250000000000437,-0.007620751392096281,0.014395811595022678,-0.008146422915160656,-0.0028112707659602165,5.674527
0.4833333333333377,-0.007620572578161955,0.014397623017430305,-0.008145364932715893,-0.0028132391162216663,5.674527
0.4841666666666711,-0.0076203783974051476,0.014398762956261635,-0.008143750950694084,-0.002812812803313136,5.674527
0.4850000000000044,-0.007620187941938639,0.014399047009646893,-0.008141937665641308,-0.002815252635627985,5.674527
0.4858333333333378,-0.007619996089488268,0.014399915933609009,-0.008140345104038715,-0.0028161704540252686,5.674527
0.48666666666667113,-0.00761980377137661,0.014400262385606766,-0.008138077333569527,-0.00281634577549994,5.674527
0.4875000000000045,-0.007619599811732769,0.014401613734662533,-0.008136739954352379,-0.002816759515553713,5.674527
0.48833333333333784,-0.0076193856075406075,0.01440265029668808,-0.008135329000651836,-0.0028175637125968933,5.674527
0.4891666666666712,-0.00761917931959033,0.014403590001165867,-0.008133708499372005,-0.00281797768548131,5.674527
0.49000000000000454,-0.007618975359946489,0.0144052030518651,-0.008131906390190125,-0.0028187893331050873,5.674527
0.4908333333333379,-0.007618800271302462,0.014403991401195526,-0.008131351321935654,-0.0028213043697178364,5.674527
0.49166666666667125,-0.007618656847625971,0.014404330402612686,-0.008132209070026875,-0.0028221704997122288,5.674527
0.4925000000000046,-0.007618177682161331,0.014398542232811451,-0.008130095899105072,-0.002822351874783635,5.674527
0.49333333333333795,-0.007617216091603041,0.014390460215508938,-0.008126637898385525,-0.0028200005181133747,5.674527
0.4941666666666713,-0.007616158574819565,0.01438055094331503,-0.008125019259750843,-0.002820422174409032,5.674527
0.49500000000000466,-0.007615148089826107,0.014371941797435284,-0.008122904226183891,-0.0028210317250341177,5.674527
0.495833333333338,-0.007614138536155224,0.014363536611199379,-0.008120347745716572,-0.0028177315834909678,5.674527
0.49666666666667136,-0.007613102439790964,0.014354261569678783,-0.008119247853755951,-0.002818312030285597,5.674527
0.4975000000000047,-0.007612395100295544,0.014350082725286484,-0.008117388933897018,-0.002817775821313262,5.674527
0.49833333333333807,-0.007612334564328194,0.014353541657328606,-0.0081161605194211,-0.0028183090034872293,5.674527
0.4991666666666714,-0.007612219545990229,0.01435467042028904,-0.008115672506392002,-0.002820663619786501,5.674527
0.5000000000000048,-0.007612059358507395,0.01435664389282465,-0.008113942109048367,-0.0028192016761749983,5.674527
0.5008333333333381,-0.0076119243167340755,0.01435903925448656,-0.008112085051834583,-0.0028192142490297556,5.674527
0.5016666666666715,-0.007611837703734636,0.014358161017298698,-0.00811192486435175,-0.002820631256327033,5.674527
0.5025000000000048,-0.007610551547259092,0.014346864074468613,-0.008111215196549892,-0.0028199260123074055,5.674527
0.5033333333333382,-0.007609711494296789,0.014341495931148529,-0.00810960028320551,-0.002820703200995922,5.674527
0.5041666666666715,-0.007609616965055466,0.014343387447297573,-0.008107941597700119,-0.0028193125035613775,5.674527
0.5050000000000049,-0.0076093426905572414,0.014342225156724453,-0.008108681999146938,-0.002820955589413643,5.674527
0.5058333333333382,-0.007608985994011164,0.014341024681925774,-0.008106806315481663,-0.0028208247385919094,5.674527
0.5066666666666716,-0.007608834188431501,0.014342622831463814,-0.008105259388685226,-0.0028210007585585117,5.674527
0.507500000000005,-0.007608622312545776,0.014343180693686008,-0.00810418464243412,-0.002824153285473585,5.674527
0.5083333333333383,-0.007608317770063877,0.014342627488076687,-0.008102423511445522,-0.002825012896209955,5.674527
0.5091666666666717,-0.007608151528984308,0.014343603514134884,-0.008101127110421658,-0.0028275896329432726,5.674527
0.510000000000005,-0.007607940584421158,0.014344870112836361,-0.008099629543721676,-0.002826862968504429,5.674527
0.5108333333333384,-0.007607673294842243,0.014344481751322746,-0.00809760857373476,-0.002827492542564869,5.674527
0.5116666666666717,-0.007607500534504652,0.014345862902700901,-0.008095470257103443,-0.002827594755217433,5.674527
0.5125000000000051,-0.007607239298522472,0.014345814473927021,-0.008094118908047676,-0.002828118624165654,5.674527
0.5133333333333384,-0.007607073988765478,0.01434724684804678,-0.008092678152024746,-0.002828193362802267,5.674527
0.5141666666666718,-0.007606817409396172,0.014348048716783524,-0.008091138675808907,-0.002828927943482995,5.674527
0.5150000000000051,-0.007606552913784981,0.014348197728395462,-0.008089394308626652,-0.002830466954037547,5.674527
0.5158333333333385,-0.007606341503560543,0.01434898842126131,-0.008088460192084312,-0.0028310937341302633,5.674527
0.5166666666666718,-0.007606113329529762,0.014349455013871193,-0.008086790330708027,-0.002831370336934924,5.674527
0.5175000000000052,-0.007605900056660175,0.014350849203765392,-0.008085982874035835,-0.0028329230844974518,5.674527
0.5183333333333385,-0.007605644874274731,0.014351669698953629,-0.008084622211754322,-0.0028325263410806656,5.674527
0.5191666666666719,-0.007605391088873148,0.01435215212404728,-0.008083588443696499,-0.002833310514688492,5.674527
0.5200000000000052,-0.007605141960084438,0.01435268297791481,-0.00808247271925211,-0.002833726117387414,5.674527
0.5208333333333386,-0.007604960352182388,0.014354666694998741,-0.008081647567451,-0.0028345424216240644,5.674527
0.5216666666666719,-0.007604654412716627,0.014354291372001171,-0.008079838939011097,-0.0028345182072371244,5.674527
0.5225000000000053,-0.007604400161653757,0.01435516681522131,-0.008079123683273792,-0.0028350893408060074,5.674527
0.5233333333333386,-0.007604120299220085,0.014355292543768883,-0.008077535778284073,-0.0028348336927592754,5.674527
0.524166666666672,-0.007603914942592382,0.01435626670718193,-0.008075825870037079,-0.0028358788695186377,5.674527
0.5250000000000054,-0.0076036276295781136,0.014356786385178566,-0.008074402809143066,-0.0028362921439111233,5.674527
0.5258333333333387,-0.00760337058454752,0.014357310719788074,-0.008072693832218647,-0.0028381645679473877,5.674527
0.5266666666666721,-0.007603111211210489,0.014357992447912693,-0.008071664720773697,-0.0028372560627758503,5.674527
0.5275000000000054,-0.007602837402373552,0.014358616434037685,-0.00807031150907278,-0.0028373333625495434,5.674527
0.5283333333333388,-0.007602522615343332,0.014358225278556347,-0.008068283088505268,-0.0028368732891976833,5.674527
0.5291666666666721,-0.00760229816660285,0.014359233900904655,-0.008067082613706589,-0.0028366062324494123,5.674527
0.5300000000000055,-0.007602030877023935,0.014359363354742527,-0.008065258152782917,-0.002836755942553282,5.674527
0.5308333333333388,-0.007601711433380842,0.014358892105519772,-0.00806369911879301,-0.0028361566364765167,5.674527
0.5316666666666722,-0.007601460441946983,0.014360451139509678,-0.008063019253313541,-0.002836943604052067,5.674527
0.5325000000000055,-0.007601145654916763,0.014360060915350914,-0.00806082971394062,-0.0028362178709357977,5.674527
0.5333333333333389,-0.007600846700370312,0.01436030212789774,-0.008059301413595676,-0.0028364143799990416,5.674527
0.5341666666666722,-0.007600583601742983,0.014360535889863968,-0.008057849481701851,-0.0028366963379085064,5.674527
0.5350000000000056,-0.007600280921906233,0.014361144974827766,-0.008056734688580036,-0.0028368292842060328,5.674527
0.5358333333333389,-0.007599960081279278,0.014360466971993446,-0.008054619655013084,-0.002836907049641013,5.674527
0.5366666666666723,-0.007599692791700363,0.014360575005412102,-0.008053177036345005,-0.0028370777145028114,5.674527
0.5375000000000056,-0.007599418051540852,0.01436022948473692,-0.008051094599068165,-0.002836216241121292,5.674527
0.538333333333339,-0.007599022705107927,0.014359498396515846,-0.008049882017076015,-0.002836900530382991,5.674527
0.5391666666666723,-0.007598768454045057,0.014359462074935436,-0.008048053830862045,-0.0028369203209877014,5.674527
0.5400000000000057,-0.007598429918289185,0.014358997344970703,-0.008046590723097324,-0.002835989696905017,5.674527
0.540833333333339,-0.007598076015710831,0.014359168708324432,-0.008045956492424011,-0.00283653917722404,5.674527
0.5416666666666724,-0.007597751449793577,0.014359422028064728,-0.008044928312301636,-0.0028356355614960194,5.674527
0.5425000000000058,-0.007597480434924364,0.014360034838318825,-0.008042721077799797,-0.0028350900392979383,5.674527
0.5433333333333391,-0.007597153075039387,0.014359471388161182,-0.00804092362523079,-0.002836058381944895,5.674527
0.5441666666666725,-0.00759682385250926,0.014358950778841972,-0.008039052598178387,-0.002835290739312768,5.674527
0.5450000000000058,-0.007596525363624096,0.014358969405293465,-0.008037630468606949,-0.002835475606843829,5.674527
0.5458333333333392,-0.00759614584967494,0.0143573684617877,-0.00803587306290865,-0.0028351647779345512,5.674527
0.5466666666666725,-0.007595797069370747,0.014356549829244614,-0.008034078404307365,-0.0028344052843749523,5.674527
0.5475000000000059,-0.007595483213663101,0.014356152154505253,-0.008031964302062988,-0.0028331144712865353,5.674527
0.5483333333333392,-0.00759512884542346,0.014355539344251156,-0.008030464872717857,-0.00283397501334548,5.674527
0.5491666666666726,-0.007594705559313297,0.014354278333485126,-0.008029009215533733,-0.002833412494510412,5.674527
0.5500000000000059,-0.007594377268105745,0.014354212209582329,-0.00802775751799345,-0.0028331479988992214,5.674527
0.5508333333333393,-0.007594103459268808,0.0143544040620327,-0.008027114905416965,-0.0028332718648016453,5.674527
0.5516666666666726,-0.007593666203320026,0.014352819882333279,-0.008024873211979866,-0.0028337687253952026,5.674527
0.552500000000006,-0.0075932759791612625,0.014351746067404747,-0.008023030124604702,-0.002832538913935423,5.674527
0.5533333333333393,-0.007592948619276285,0.014351415447890759,-0.00802138913422823,-0.0028324401937425137,5.674527
0.5541666666666727,-0.007592605892568827,0.014350750483572483,-0.008019459433853626,-0.0028331931680440903,5.674527
0.555000000000006,-0.007592213340103626,0.014349284581840038,-0.00801779329776764,-0.0028340783901512623,5.674527
0.5558333333333394,-0.007591794244945049,0.014348235912621021,-0.008016803301870823,-0.00283435988239944,5.674527
0.5566666666666727,-0.0075914436019957066,0.014347857795655727,-0.008015619590878487,-0.0028343969024717808,5.674527
0.5575000000000061,-0.0075910333544015884,0.014346759766340256,-0.00801357626914978,-0.0028360194992274046,5.674527
0.5583333333333395,-0.007590656168758869,0.014346115291118622,-0.008012345060706139,-0.0028362416196614504,5.674527
0.5591666666666728,-0.0075902435928583145,0.014345341362059116,-0.008010859601199627,-0.002836075611412525,5.674527
0.5600000000000062,-0.0075898440554738045,0.014343757182359695,-0.008009016513824463,-0.0028368192724883556,5.674527
0.5608333333333395,-0.007589471060782671,0.014343256130814552,-0.008007015101611614,-0.0028375310357660055,5.674527
0.5616666666666729,-0.007589060813188553,0.0143416253849864,-0.008005579933524132,-0.0028379266150295734,5.674527
0.5625000000000062,-0.007588644046336412,0.014340837486088276,-0.008004501461982727,-0.0028388919308781624,5.674527
0.5633333333333396,-0.007588209118694067,0.014339528046548367,-0.008003078401088715,-0.0028393890243023634,5.674527
0.5641666666666729,-0.007587812840938568,0.014338823966681957,-0.008002130314707756,-0.002839945023879409,5.674527
0.5650000000000063,-0.007587406784296036,0.014338039793074131,-0.008000528439879417,-0.0028399196453392506,5.674527
0.5658333333333396,-0.007586932275444269,0.014335975050926208,-0.007998726330697536,-0.0028404048644006252,5.674527
0.566666666666673,-0.007586517836898565,0.014334764331579208,-0.007996877655386925,-0.002840592758730054,5.674527
0.5675000000000063,-0.007586156949400902,0.014333927072584629,-0.007995146326720715,-0.0028410826344043016,5.674527
0.5683333333333397,-0.0075856358744204044,0.01433221809566021,-0.007993820123374462,-0.002841589506715536,5.674527
0.569166666666673,-0.007585164159536362,0.014331107959151268,-0.00799175351858139,-0.002840697532519698,5.674527
0.5700000000000064,-0.007584709208458662,0.014329304918646812,-0.007990194484591484,-0.0028407215140759945,5.674527
0.5708333333333397,-0.007584330625832081,0.014329548925161362,-0.00798895675688982,-0.0028411673847585917,5.674527
0.5716666666666731,-0.007583817932754755,0.01432684063911438,-0.007987269200384617,-0.0028415475971996784,5.674527
0.5725000000000064,-0.007583300583064556,0.014324963092803955,-0.007985028438270092,-0.0028413357213139534,5.674527
0.5733333333333398,-0.007582856807857752,0.014323855750262737,-0.007983426563441753,-0.002840625587850809,5.674527
0.5741666666666732,-0.007582413032650948,0.014322524890303612,-0.007981500588357449,-0.002840982982888818,5.674527
0.5750000000000065,-0.0075819166377186775,0.014321072958409786,-0.007979673333466053,-0.0028399270959198475,5.674527
0.5758333333333399,-0.007581373210996389,0.01431908831000328,-0.00797914620488882,-0.002839887049049139,5.674527
0.5766666666666732,-0.007580854464322329,0.014317965134978294,-0.007977450266480446,-0.00283877644687891,5.674527
0.5775000000000066,-0.0075803534127771854,0.014316263608634472,-0.007975875400006771,-0.002837986219674349,5.674527
0.5783333333333399,-0.007579864468425512,0.014314791187644005,-0.007973793894052505,-0.002837082603946328,5.674527
0.5791666666666733,-0.007579323835670948,0.01431267336010933,-0.007972142659127712,-0.002837379928678274,5.674527
0.5800000000000066,-0.007578808348625898,0.014311355538666248,-0.007970853708684444,-0.0028372600208967924,5.674527
0.58083333333334,-0.0075782956555485725,0.014310024678707123,-0.007969079539179802,-0.0028367999475449324,5.674527
0.5816666666666733,-0.0075777084566652775,0.014307876117527485,-0.007967816665768623,-0.002835949184373021,5.674527
0.5825000000000067,-0.007577161770313978,0.014305911026895046,-0.007966197095811367,-0.0028362914454191923,5.674527
0.58333333333334,-0.007576668169349432,0.014304490759968758,-0.00796438381075859,-0.002835390157997608,5.674527
0.5841666666666734,-0.0075760651379823685,0.014302173629403114,-0.007962368428707123,-0.0028341880533844233,5.674527
0.5850000000000067,-0.007575489580631256,0.014300016686320305,-0.007960779592394829,-0.0028337754774838686,5.674527
0.5858333333333401,-0.007574948016554117,0.014298919588327408,-0.007959182374179363,-0.0028330811765044928,5.674527
0.5866666666666734,-0.007574400398880243,0.014297113753855228,-0.007957504130899906,-0.0028329361230134964,5.674527
0.5875000000000068,-0.0075737773440778255,0.014294310472905636,-0.0079560037702322,-0.002831794321537018,5.674527
0.5883333333333401,-0.00757319713011384,0.014291916973888874,-0.007953970693051815,-0.0028320052661001682,5.674527
0.5891666666666735,-0.007572624832391739,0.01429030206054449,-0.007952573709189892,-0.00283166510052979,5.674527
0.5900000000000069,-0.00757201574742794,0.014287595637142658,-0.007951184175908566,-0.0028318348340690136,5.674527
0.5908333333333402,-0.00757138105109334,0.014285452663898468,-0.0079487394541502,-0.002832351252436638,5.674527
0.5916666666666736,-0.0075707812793552876,0.014283359050750732,-0.007946805097162724,-0.002832721918821335,5.674527
0.5925000000000069,-0.00757016334682703,0.014280672185122967,-0.007943915203213692,-0.0028309146873652935,5.674527
0.5933333333333403,-0.007569524925202131,0.014278091490268707,-0.007941956631839275,-0.0028316578827798367,5.674527
0.5941666666666736,-0.007568818517029285,0.01427469588816166,-0.007940159179270267,-0.002830928424373269,5.674527
0.595000000000007,-0.00756818288937211,0.014272517524659634,-0.007938331924378872,-0.00283038173802197,5.674527
0.5958333333333403,-0.007567547261714935,0.014269688166677952,-0.007935984060168266,-0.002829232718795538,5.674527
0.5966666666666737,-0.007566832937300205,0.014266191981732845,-0.007934494875371456,-0.002829316770657897,5.674527
0.597500000000007,-0.007566183339804411,0.014264298602938652,-0.007932626642286777,-0.00282907672226429,5.674527
0.5983333333333404,-0.007565503474324942,0.014261472970247269,-0.007930660620331764,-0.002828028053045273,5.674527
0.5991666666666737,-0.007564835250377655,0.01425862219184637,-0.007928343489766121,-0.0028278834652155638,5.674527
0.6000000000000071,-0.0075641353614628315,0.014255603775382042,-0.007926237769424915,-0.0028272615745663643,5.674527
0.6008333333333404,-0.007563418243080378,0.014252545312047005,-0.007924475707113743,-0.002827935153618455,5.674527
0.6016666666666738,-0.007562675978988409,0.014249507337808609,-0.007921990938484669,-0.0028274443466216326,5.674527
0.6025000000000071,-0.007561940234154463,0.014245551079511642,-0.00791983213275671,-0.0028251558542251587,5.674527
0.6033333333333405,-0.0075612375512719154,0.014242960140109062,-0.007917359471321106,-0.002824316034093499,5.674527
0.6041666666666738,-0.007560497149825096,0.01423981599509716,-0.007915238849818707,-0.0028235733043402433,5.674527
0.6050000000000072,-0.007559683173894882,0.014235557056963444,-0.007912860251963139,-0.0028239949606359005,5.674527
0.6058333333333406,-0.007558965589851141,0.01423320546746254,-0.00791093148291111,-0.0028232417535036802,5.674527
0.6066666666666739,-0.007558193523436785,0.014229889027774334,-0.007909000851213932,-0.0028232724871486425,5.674527
0.6075000000000073,-0.007557368371635675,0.014226088300347328,-0.007907118648290634,-0.0028229854069650173,5.674527
0.6083333333333406,-0.007556602358818054,0.014223143458366394,-0.00790436938405037,-0.0028228918090462685,5.674527
0.609166666666674,-0.007555763237178326,0.014218832366168499,-0.007902358658611774,-0.0028220221865922213,5.674527
0.6100000000000073,-0.007554925512522459,0.014215935952961445,-0.007900449447333813,-0.0028213965706527233,5.674527
0.6108333333333407,-0.007554127834737301,0.014212731271982193,-0.007898394018411636,-0.0028208529110997915,5.674527
0.611666666666674,-0.007553311996161938,0.014209143817424774,-0.007896220311522484,-0.002821046393364668,5.674527
0.6125000000000074,-0.00755246402695775,0.01420531515032053,-0.007894168607890606,-0.002819994231685996,5.674527
0.6133333333333407,-0.007551570888608694,0.014200761914253235,-0.007892032153904438,-0.002819800516590476,5.674527
0.6141666666666741,-0.00755070336163044,0.014196731150150299,-0.007889291271567345,-0.002818312030285597,5.674527
0.6150000000000074,-0.0075498647056519985,0.014193513430655003,-0.007887550629675388,-0.002817464992403984,5.674527
0.6158333333333408,-0.00754890451207757,0.014188434928655624,-0.007884987629950047,-0.0028168647550046444,5.674527
0.6166666666666741,-0.00754797738045454,0.014184068888425827,-0.007882731966674328,-0.002816117135807872,5.674527
0.6175000000000075,-0.007547119632363319,0.014180632308125496,-0.007880566641688347,-0.0028152104932814837,5.674527
0.6183333333333408,-0.007546153850853443,0.01417563483119011,-0.00787835381925106,-0.002813784871250391,5.674527
0.6191666666666742,-0.0075451708398759365,0.014170639216899872,-0.007875509560108185,-0.0028115299064666033,5.674527
0.6200000000000075,-0.007544268388301134,0.01416708342730999,-0.00787306111305952,-0.002811917569488287,5.674527
0.6208333333333409,-0.007543295621871948,0.01416188757866621,-0.007870351895689964,-0.0028098104521632195,5.674527
0.6216666666666743,-0.007542257197201252,0.014156368561089039,-0.007868179120123386,-0.002807968994602561,5.674527
0.6225000000000076,-0.007541257422417402,0.014152047224342823,-0.00786614790558815,-0.0028062763158231974,5.674527
0.623333333333341,-0.007540254388004541,0.0141468970105052,-0.007864071056246758,-0.002805843949317932,5.674527
0.6241666666666743,-0.007539201527833939,0.01414196565747261,-0.007861955091357231,-0.0028053794521838427,5.674527
0.6250000000000077,-0.0075381542555987835,0.014137006364762783,-0.00785949919372797,-0.00280283042229712,5.674527
0.625833333333341,-0.00753709627315402,0.014132555574178696,-0.007857026532292366,-0.002802204806357622,5.674527
0.6266666666666744,-0.007536076474934816,0.01412794180214405,-0.00785473920404911,-0.002802579663693905,5.674527
0.6275000000000077,-0.007534963544458151,0.014122377149760723,-0.007852418348193169,-0.0028013114351779222,5.674527
0.6283333333333411,-0.007533841300755739,0.014117181301116943,-0.007850480265915394,-0.00279993680305779,5.674527
0.6291666666666744,-0.007532699964940548,0.014112149365246296,-0.007848183624446392,-0.0027993442490696907,5.674527
0.6300000000000078,-0.007531534414738417,0.014106569811701775,-0.00784587487578392,-0.002799539128318429,5.674527
0.6308333333333411,-0.0075304037891328335,0.014100856147706509,-0.00784303154796362,-0.0027987032663077116,5.674527
0.6316666666666745,-0.007529213093221188,0.014095062389969826,-0.007840435020625591,-0.002798130502924323,5.674527
0.6325000000000078,-0.007527991198003292,0.014089236035943031,-0.00783790647983551,-0.0027965290937572718,5.674527
0.6333333333333412,-0.007526822853833437,0.01408411655575037,-0.007835145108401775,-0.0027947232592850924,5.674527
0.6341666666666745,-0.0075256130658090115,0.014078713022172451,-0.007833074778318405,-0.002794236410409212,5.674527
0.6350000000000079,-0.007524337153881788,0.01407222542911768,-0.007830522954463959,-0.0027934007812291384,5.674527
0.6358333333333412,-0.00752305518835783,0.014066309668123722,-0.007827882654964924,-0.0027918806299567223,5.674527
0.6366666666666746,-0.007521787192672491,0.014059999957680702,-0.007824855856597424,-0.002791491337120533,5.674527
0.637500000000008,-0.007520453538745642,0.014053335413336754,-0.007822310552001,-0.002790207741782069,5.674527
0.6383333333333413,-0.007519131992012262,0.014047306962311268,-0.007819263264536858,-0.0027892154175788164,5.674527
0.6391666666666747,-0.007517840713262558,0.014041737653315067,-0.00781649723649025,-0.002787437057122588,5.674527
0.640000000000008,-0.007516444195061922,0.014035125263035297,-0.007813886739313602,-0.002785018878057599,5.674527
0.6408333333333414,-0.007514970377087593,0.014028271660208702,-0.007811000570654869,-0.002782768802717328,5.674527
0.6416666666666747,-0.007513555232435465,0.014022192917764187,-0.0078088147565722466,-0.002782125025987625,5.674527
0.6425000000000081,-0.00751212565228343,0.01401506271213293,-0.007805609609931707,-0.0027809024322777987,5.674527
0.6433333333333414,-0.007510670460760593,0.014008949510753155,-0.0078028361313045025,-0.0027802870608866215,5.674527
0.6441666666666748,-0.007509193383157253,0.01400208380073309,-0.007799571845680475,-0.002778909169137478,5.674527
0.6450000000000081,-0.00750767020508647,0.013995345681905746,-0.007797162979841232,-0.002776324050500989,5.674527
0.6458333333333415,-0.007506080903112888,0.013987995684146881,-0.007794126868247986,-0.0027747098356485367,5.674527
0.6466666666666748,-0.007504536770284176,0.013981101103127003,-0.007791507989168167,-0.0027729757130146027,5.674527
0.6475000000000082,-0.007502934895455837,0.013973532244563103,-0.007788577117025852,-0.0027723212260752916,5.674527
0.6483333333333415,-0.007501295302063227,0.013966330327093601,-0.0077857039868831635,-0.00277096894569695,5.674527
0.6491666666666749,-0.007499641738831997,0.013959001749753952,-0.007782284170389175,-0.0027697503101080656,5.674527
0.6500000000000082,-0.007497937418520451,0.01395172718912363,-0.007778674364089966,-0.0027675919700413942,5.674527
0.6508333333333416,-0.007496196776628494,0.013944022357463837,-0.007775505539029837,-0.0027663237415254116,5.674527
0.6516666666666749,-0.007494455669075251,0.01393648236989975,-0.007772630546241999,-0.0027647290844470263,5.674527
0.6525000000000083,-0.007492693141102791,0.013928428292274475,-0.007769142277538776,-0.0027634373400360346,5.674527
0.6533333333333416,-0.007490853313356638,0.01392002310603857,-0.007765442598611116,-0.002762359566986561,5.674527
0.654166666666675,-0.007488974370062351,0.013911892659962177,-0.007762152701616287,-0.002760661067441106,5.674527
0.6550000000000084,-0.007487088907510042,0.01390380784869194,-0.007758623454719782,-0.002758801681920886,5.674527
0.6558333333333417,-0.007485189009457827,0.013895665295422077,-0.007755406200885773,-0.002757968148216605,5.674527
0.6566666666666751,-0.007483208552002907,0.013887462206184864,-0.007751804776489735,-0.0027565888594835997,5.674527
0.6575000000000084,-0.007481181528419256,0.013878906145691872,-0.007747959345579147,-0.0027560151647776365,5.674527
0.6583333333333418,-0.007479230407625437,0.013871334493160248,-0.007745020091533661,-0.0027543348260223866,5.674527
0.6591666666666751,-0.007477184757590294,0.013862565159797668,-0.007741944864392281,-0.002753414446488023,5.674527
0.6600000000000085,-0.007475052494555712,0.013853823766112328,-0.007738337852060795,-0.002752368338406086,5.674527
0.6608333333333418,-0.0074728699401021,0.013845078647136688,-0.007735755294561386,-0.0027508502826094627,5.674527
0.6616666666666752,-0.007470652461051941,0.013835909776389599,-0.007732739672064781,-0.0027488849591463804,5.674527
0.6625000000000085,-0.007468408439308405,0.01382661797106266,-0.007729146629571915,-0.0027476076502352953,5.674527
0.6633333333333419,-0.007466095499694347,0.013817166909575462,-0.0077256252989172935,-0.002746721263974905,5.674527
0.6641666666666752,-0.007463748566806316,0.013807611539959908,-0.0077221812680363655,-0.002744802739471197,5.674527
0.6650000000000086,-0.00746141467243433,0.013798329047858715,-0.007718718610703945,-0.0027429615147411823,5.674527
0.6658333333333419,-0.007458972744643688,0.013788897544145584,-0.007715173065662384,-0.00274154101498425,5.674527
0.6666666666666753,-0.007456440012902021,0.013778891414403915,-0.007711509708315134,-0.002740192925557494,5.674527
0.6675000000000086,-0.007453855127096176,0.013769295066595078,-0.007707520388066769,-0.0027380322571843863,5.674527
0.668333333333342,-0.007451247423887253,0.01375949289649725,-0.0077035618014633656,-0.0027364983689039946,5.674527
0.6691666666666753,-0.007448555901646614,0.013749245554208755,-0.007699820678681135,-0.002734491601586342,5.674527
0.6700000000000087,-0.007445875089615583,0.013739395886659622,-0.007695674430578947,-0.0027323283720761538,5.674527
0.670833333333342,-0.007443027105182409,0.013728980906307697,-0.0076914625242352486,-0.0027300615329295397,5.674527
0.6716666666666754,-0.007440261077135801,0.013719024136662483,-0.007687388453632593,-0.002729312516748905,5.674527
0.6725000000000088,-0.007437292020767927,0.013707952573895454,-0.007683095056563616,-0.002727123210206628,5.674527
0.6733333333333421,-0.007434348110109568,0.013697666116058826,-0.007678958587348461,-0.0027249911800026894,5.674527
0.6741666666666755,-0.007431345526129007,0.013687090016901493,-0.007674586959183216,-0.0027247092220932245,5.674527
0.6750000000000088,-0.00742825772613287,0.013676313683390617,-0.007669620215892792,-0.0027236263267695904,5.674527
0.6758333333333422,-0.0074251084588468075,0.013665465638041496,-0.007665001787245274,-0.0027211287524551153,5.674527
0.6766666666666755,-0.007421934045851231,0.013655058108270168,-0.0076609146781265736,-0.002719626994803548,5.674527
0.6775000000000089,-0.007418639492243528,0.013643739745020866,-0.007656032219529152,-0.002718517789617181,5.674527
0.6783333333333422,-0.007415313273668289,0.013633443973958492,-0.0076514799147844315,-0.0027174155693501234,5.674527
0.6791666666666756,-0.007411963772028685,0.013622032478451729,-0.007646264508366585,-0.002715793903917074,5.674527
0.6800000000000089,-0.00740846199914813,0.013614868745207787,-0.007641621399670839,-0.0027149140369147062,5.674527
0.6808333333333423,-0.007404886651784182,0.013607969507575035,-0.007637473288923502,-0.002713971072807908,5.674527
0.6816666666666756,-0.007401269394904375,0.013601211830973625,-0.007632911670953035,-0.002713161986321211,5.674527
0.682500000000009,-0.0073974826373159885,0.013593786396086216,-0.00762851070612669,-0.0027113906107842922,5.674527
0.6833333333333423,-0.007393636740744114,0.01358675304800272,-0.0076242731884121895,-0.0027094644028693438,5.674527
0.6841666666666757,-0.007389701437205076,0.013579878024756908,-0.007619802840054035,-0.0027072997763752937,5.674527
0.685000000000009,-0.007385607808828354,0.013572406955063343,-0.00761455949395895,-0.002706256927922368,5.674527
0.6858333333333424,-0.007381444796919823,0.013565164059400558,-0.0076096258126199245,-0.0027051896322518587,5.674527
0.6866666666666758,-0.007377226371318102,0.013557873666286469,-0.007604530081152916,-0.0027051859069615602,5.674527
0.6875000000000091,-0.007372917607426643,0.013550122268497944,-0.0075995419174432755,-0.002702919999137521,5.674527
0.6883333333333425,-0.007368532940745354,0.013542688451707363,-0.007594608701765537,-0.0027008422184735537,5.674527
0.6891666666666758,-0.007363959215581417,0.013535136356949806,-0.007589381653815508,-0.0026996361557394266,5.674527
0.6900000000000092,-0.007359407376497984,0.013527536764740944,-0.007584346923977137,-0.0026988124009221792,5.674527
0.6908333333333425,-0.0073546431958675385,0.013520031236112118,-0.0075793759897351265,-0.002697715535759926,5.674527
0.6916666666666759,-0.007348655257374048,0.013510680757462978,-0.007574216462671757,-0.0026972657069563866,5.674527
0.6925000000000092,-0.007341063115745783,0.013499305583536625,-0.0075680287554860115,-0.0026969893369823694,5.674527
0.6933333333333426,-0.00733181182295084,0.013486555777490139,-0.007560444995760918,-0.0026963280979543924,5.674527
0.6941666666666759,-0.007320986595004797,0.013472679071128368,-0.00755231874063611,-0.002695599338039756,5.674527
0.6950000000000093,-0.007308259140700102,0.013457451947033405,-0.007544287014752626,-0.0026947346050292253,5.674527
0.6958333333333426,-0.007293937262147665,0.013441498391330242,-0.007535926532000303,-0.002694976283237338,5.674527
0.696666666666676,-0.007277964614331722,0.013424769975244999,-0.007528305985033512,-0.00269439909607172,5.674527
0.6975000000000093,-0.007260194979608059,0.013400504365563393,-0.007520044222474098,-0.002693688962608576,5.674527
0.6983333333333427,-0.007240863982588053,0.01337550487369299,-0.007512545213103294,-0.002691237721592188,5.674527
0.699166666666676,-0.0072197625413537025,0.013349918648600578,-0.007505675777792931,-0.002688191132619977,5.674527
0.7000000000000094,-0.007197157014161348,0.013324195519089699,-0.007500740699470043,-0.0026852719020098448,5.674527
0.7008333333333427,-0.0071730236522853374,0.013297945261001587,-0.007496691308915615,-0.0026822027284651995,5.674527
0.7016666666666761,-0.007147482596337795,0.013272054493427277,-0.007494855206459761,-0.002677333541214466,5.674527
0.7025000000000095,-0.007120336405932903,0.013244634494185448,-0.0074936337769031525,-0.0026720769237726927,5.674527
0.7033333333333428,-0.007091912906616926,0.013217275962233543,-0.007493645418435335,-0.0026658254209905863,5.674527
0.7041666666666762,-0.007062062155455351,0.013188905082643032,-0.00749363424256444,-0.0026588505133986473,5.674527
0.7050000000000095,-0.0070307194255292416,0.01315915398299694,-0.007492491975426674,-0.002651534741744399,5.674527
0.7058333333333429,-0.006998123601078987,0.013128328137099743,-0.007490572519600391,-0.0026444399263709784,5.674527
0.7066666666666762,-0.006964242085814476,0.013095484115183353,-0.007486436981707811,-0.002637416822835803,5.674527
0.7075000000000096,-0.006929304916411638,0.013060806319117546,-0.007479182444512844,-0.002628437941893935,5.674527
0.7083333333333429,-0.0068932087160646915,0.013024765998125076,-0.007469017989933491,-0.0026194960810244083,5.674527
0.7091666666666763,-0.006856064777821302,0.012986860238015652,-0.00745555991306901,-0.00261053629219532,5.674527
0.7100000000000096,-0.006818104535341263,0.012947050854563713,-0.007438444532454014,-0.0026015471667051315,5.674527
0.710833333333343,-0.0067792488262057304,0.01290555763989687,-0.00741803040727973,-0.0025924851652234793,5.674527
0.7116666666666763,-0.0067396690137684345,0.012862646020948887,-0.007395013701170683,-0.0025830480735749006,5.674527
0.7125000000000097,-0.006699367891997099,0.01281829085201025,-0.0073686521500349045,-0.002572925528511405,5.674527
0.713333333333343,-0.006658356636762619,0.012772951275110245,-0.007339854259043932,-0.0025634588673710823,5.674527
0.7141666666666764,-0.00661681592464447,0.012726550921797752,-0.007308504544198513,-0.002554768929257989,5.674527
0.7150000000000097,-0.006574804428964853,0.012679320760071278,-0.007276100106537342,-0.002546030329540372,5.674527
0.7158333333333431,-0.006532400380820036,0.012630741111934185,-0.007241286337375641,-0.002537074266001582,5.674527
0.7166666666666764,-0.006489332299679518,0.012581774033606052,-0.007205914240330458,-0.0025272369384765625,5.674527
0.7175000000000098,-0.006446273066103458,0.012531992979347706,-0.007168253418058157,-0.0025177609641104937,5.674527
0.7183333333333431,-0.006402904633432627,0.012481537647545338,-0.007130837999284267,-0.002507682191208005,5.674527
0.7191666666666765,-0.006359253544360399,0.012430313974618912,-0.007091778330504894,-0.002498402027413249,5.674527
0.7200000000000099,-0.006315593142062426,0.012378981336951256,-0.007051975466310978,-0.002488012658432126,5.674527
0.7208333333333432,-0.0062719243578612804,0.012327411212027073,-0.007013244088739157,-0.00247861142270267,5.674527
0.7216666666666766,-0.006228288169950247,0.012275513261556625,-0.006974587216973305,-0.0024685433600097895,5.674527
0.7225000000000099,-0.006184753496199846,0.012223834171891212,-0.006936047226190567,-0.0024584908969700336,5.674527
0.7233333333333433,-0.006141315214335918,0.012172001414000988,-0.006897801999002695,-0.002448476618155837,5.674527
0.7241666666666766,-0.006098034791648388,0.012120251543819904,-0.006861481349915266,-0.0024381037801504135,5.674527
0.72500000000001,-0.0060548605397343636,0.012068359181284904,-0.006825835909694433,-0.002428631763905287,5.674527
0.7258333333333433,-0.006012153346091509,0.012017239816486835,-0.006792012602090836,-0.002418958116322756,5.674527
0.7266666666666767,-0.005969754420220852,0.011966202408075333,-0.006759918760508299,-0.002409442327916622,5.674527
0.72750000000001,-0.005927537567913532,0.011915462091565132,-0.006729339249432087,-0.0023990098852664232,5.674527
0.7283333333333434,-0.005885719321668148,0.011864952743053436,-0.006700099445879459,-0.002388342749327421,5.674527
0.7291666666666767,-0.005844475235790014,0.01181489322334528,-0.006673010997474194,-0.002377539873123169,5.674527
0.7300000000000101,-0.005803689826279879,0.011764838360249996,-0.006647796370089054,-0.0023667216300964355,5.674527
0.7308333333333434,-0.005763281136751175,0.011715322732925415,-0.006625025998800993,-0.002356734126806259,5.674527
0.7316666666666768,-0.005723496899008751,0.011666746810078621,-0.006604135036468506,-0.002345697022974491,5.674527
0.7325000000000101,-0.005684134550392628,0.011618005111813545,-0.006584190297871828,-0.0023345898371189833,5.674527
0.7333333333333435,-0.005645433906465769,0.011569617316126823,-0.006566115655004978,-0.002323387423530221,5.674527
0.7341666666666768,-0.005607492756098509,0.01152181439101696,-0.006549756973981857,-0.00231192191131413,5.674527
0.7350000000000102,-0.005569945089519024,0.011474083177745342,-0.0065346406772732735,-0.002299000509083271,5.674527
0.7358333333333436,-0.005532944109290838,0.011426982469856739,-0.006521489471197128,-0.0022870043758302927,5.674527
0.7366666666666769,-0.005496549885720015,0.01138052437454462,-0.006509461905807257,-0.002274855738505721,5.674527
0.7375000000000103,-0.005460319109261036,0.011334523558616638,-0.0064995246939361095,-0.0022625040728598833,5.674527
0.7383333333333436,-0.005423965398222208,0.011288801208138466,-0.006490221247076988,-0.0022505633533000946,5.674527
0.739166666666677,-0.005387526471167803,0.011242839507758617,-0.006480995565652847,-0.0022370407823473215,5.674527
0.7400000000000103,-0.005350715946406126,0.011196551844477654,-0.006471206899732351,-0.002223297255113721,5.674527
0.7408333333333437,-0.005313525442034006,0.01114991120994091,-0.006462214980274439,-0.002211209386587143,5.674527
0.741666666666677,-0.005276356358081102,0.011103694327175617,-0.006451441440731287,-0.002197924302890897,5.674527
0.7425000000000104,-0.00523875979706645,0.011056583374738693,-0.0064414795488119125,-0.002184364479035139,5.674527
0.7433333333333437,-0.005201144143939018,0.011010011658072472,-0.006430167239159346,-0.002171787666156888,5.674527
0.7441666666666771,-0.005163185764104128,0.010962803848087788,-0.006419364362955093,-0.0021587072405964136,5.674527
0.7450000000000104,-0.005125153344124556,0.010915343649685383,-0.006406853441148996,-0.002145064529031515,5.674527
0.7458333333333438,-0.0050865537486970425,0.010867951437830925,-0.006395367905497551,-0.002132243709638715,5.674527
0.7466666666666771,-0.005047900136560202,0.010820109397172928,-0.006382025312632322,-0.002119099721312523,5.674527
0.7475000000000105,-0.005008901935070753,0.010771973058581352,-0.00636814022436738,-0.002105861669406295,5.674527
0.7483333333333438,-0.004969866015017033,0.010723456740379333,-0.006354056298732758,-0.002092544222250581,5.674527
0.7491666666666772,-0.004930708557367325,0.010674810037016869,-0.006339273415505886,-0.002080352045595646,5.674527
0.7500000000000105,-0.00489145377650857,0.010626204311847687,-0.006324872374534607,-0.0020675580017268658,5.674527
0.7508333333333439,-0.004851921461522579,0.010576272383332253,-0.006309131160378456,-0.0020536803640425205,5.674527
0.7516666666666773,-0.004812415223568678,0.01052615512162447,-0.006294882856309414,-0.002040049061179161,5.674527
0.7525000000000106,-0.004772326443344355,0.010476019233465195,-0.0062788804061710835,-0.00202669738791883,5.674527
0.753333333333344,-0.004732596687972546,0.01042565330862999,-0.006263398565351963,-0.0020133410580456257,5.674527
0.7541666666666773,-0.004692344926297665,0.01037447527050972,-0.006246515084058046,-0.002000991953536868,5.674527
0.7550000000000107,-0.004651874303817749,0.010322854854166508,-0.006229575723409653,-0.0019875376019626856,5.674527
0.755833333333344,-0.00461132638156414,0.010271366685628891,-0.0062111420556902885,-0.0019756618421524763,5.674527
0.7566666666666774,-0.004570996388792992,0.010220049880445004,-0.006193035747855902,-0.0019634407944977283,5.674527
0.7575000000000107,-0.004530915059149265,0.01016880664974451,-0.006174569483846426,-0.0019507770193740726,5.674527
0.7583333333333441,-0.004491196945309639,0.010118048638105392,-0.0061575304716825485,-0.001937359687872231,5.674527
0.7591666666666774,-0.004451979883015156,0.010067853145301342,-0.006140328012406826,-0.0019248900935053825,5.674527
0.7600000000000108,-0.004413471557199955,0.010017801076173782,-0.006124170497059822,-0.0019143808167427778,5.674527
0.7608333333333441,-0.004375636111944914,0.00996821653097868,-0.006109274923801422,-0.0019040085608139634,5.674527
0.7616666666666775,-0.004338627215474844,0.009918831288814545,-0.006093644071370363,-0.0018943423638120294,5.674527
0.7625000000000108,-0.004302518907934427,0.009869769215583801,-0.006079200655221939,-0.0018848440377041698,5.674527
0.7633333333333442,-0.0042673698626458645,0.009821390733122826,-0.006065072026103735,-0.0018750111339613795,5.674527
0.7641666666666775,-0.00423322431743145,0.009773789905011654,-0.00605130847543478,-0.0018648805562406778,5.674527
0.7650000000000109,-0.004200131632387638,0.009726774878799915,-0.006037391256541014,-0.0018541873432695866,5.674527
0.7658333333333442,-0.004168129991739988,0.00968038197606802,-0.006023416295647621,-0.001843421021476388,5.674527
0.7666666666666776,-0.004137247800827026,0.009634895250201225,-0.006009430158883333,-0.0018325132550671697,5.674527
0.767500000000011,-0.004107512533664703,0.009590101428329945,-0.005994569975882769,-0.0018228605622425675,5.674527
0.7683333333333443,-0.004078936297446489,0.00954594649374485,-0.005979279987514019,-0.0018132819095626473,5.674527
0.7691666666666777,-0.004051529336720705,0.00950227864086628,-0.005961657501757145,-0.0018029760103672743,5.674527
0.770000000000011,-0.0040252963081002235,0.009459233842790127,-0.0059431749396026134,-0.0017943448619917035,5.674527
0.7708333333333444,-0.004000229295343161,0.009417076595127583,-0.005923841148614883,-0.0017862572567537427,5.674527
0.7716666666666777,-0.003976312931627035,0.00937582552433014,-0.005903958342969418,-0.00177853147033602,5.674527
0.7725000000000111,-0.003953529521822929,0.009335610084235668,-0.005883283447474241,-0.0017710383981466293,5.674527
0.7733333333333444,-0.003931854385882616,0.009296324104070663,-0.005862623918801546,-0.0017633922398090363,5.674527
0.7741666666666778,-0.003911260981112719,0.009258024394512177,-0.005842046812176704,-0.0017564574955031276,5.674527
0.7750000000000111,-0.0038917195051908493,0.009220763109624386,-0.005821529775857925,-0.0017495702486485243,5.674527
0.7758333333333445,-0.0038731941021978855,0.009184261783957481,-0.005799942649900913,-0.0017427299171686172,5.674527
0.7766666666666778,-0.003855656599625945,0.009148816578090191,-0.005778387654572725,-0.0017351597780361772,5.674527
0.7775000000000112,-0.0038390608970075846,0.009114440530538559,-0.005757496692240238,-0.001727219088934362,5.674527
0.7783333333333445,-0.003823367413133383,0.00908119697123766,-0.005736828316003084,-0.0017201090231537819,5.674527
0.7791666666666779,-0.0038085365667939186,0.009049315936863422,-0.005716930143535137,-0.0017124752048403025,5.674527
0.7800000000000112,-0.0037945241201668978,0.009018300101161003,-0.0056976736523211,-0.00170538027305156,5.674527
0.7808333333333446,-0.0037812881637364626,0.008987980894744396,-0.005677536595612764,-0.0016988423885777593,5.674527
0.781666666666678,-0.003768799128010869,0.008958719670772552,-0.005658255890011787,-0.0016929169651120901,5.674527
0.7825000000000113,-0.0037570022977888584,0.008930825628340244,-0.005639443639665842,-0.0016874970169737935,5.674527
0.7833333333333447,-0.0037458583246916533,0.008903855457901955,-0.005620533134788275,-0.001682515605352819,5.674527
0.784166666666678,-0.003735327860340476,0.008878069929778576,-0.005603750701993704,-0.0016774049727246165,5.674527
0.7850000000000114,-0.0037253613118082285,0.008853285573422909,-0.005586461629718542,-0.0016720859566703439,5.674527
0.7858333333333447,-0.0037159223575145006,0.008829443715512753,-0.005569671746343374,-0.001666005700826645,5.674527
0.7866666666666781,-0.003706978866830468,0.008806423284113407,-0.0055536627769470215,-0.0016610025195404887,5.674527
0.7875000000000114,-0.0036984854377806187,0.008784690871834755,-0.0055391425266861916,-0.00165556522551924,5.674527
0.7883333333333448,-0.0036904143635183573,0.008763720281422138,-0.005524760577827692,-0.0016505774110555649,5.674527
0.7891666666666781,-0.003682721871882677,0.008743753656744957,-0.005511404946446419,-0.0016466686502099037,5.674527
0.7900000000000115,-0.0036753870081156492,0.008724293671548367,-0.00549829937517643,-0.0016420111060142517,5.674527
0.7908333333333448,-0.0036683797370642424,0.008705800399184227,-0.005485173314809799,-0.0016381139867007732,5.674527
0.7916666666666782,-0.0036616765428334475,0.008688012138009071,-0.00547235831618309,-0.0016343224560841918,5.674527
0.7925000000000115,-0.0036552317906171083,0.008670931681990623,-0.005460549145936966,-0.001630117418244481,5.674527
0.7933333333333449,-0.003649017307907343,0.008654681965708733,-0.005449749529361725,-0.0016257234383374453,5.674527
0.7941666666666782,-0.0036430121399462223,0.00863865576684475,-0.005438297521322966,-0.001622065668925643,5.674527
0.7950000000000116,-0.0036412363406270742,0.00863373838365078,-0.005433371756225824,-0.0016205545980483294,5.674527
0.7958333333333449,-0.003639519214630127,0.008629023097455502,-0.005430600140243769,-0.0016182194231078029,5.674527
0.7966666666666783,-0.003637788351625204,0.008623824454843998,-0.0054266490042209625,-0.0016160211525857449,5.674527
0.7975000000000116,-0.003636057721450925,0.00861890148371458,-0.005423051305115223,-0.0016139087965711951,5.674527
0.798333333333345,-0.0036343196406960487,0.00861385278403759,-0.005419022403657436,-0.0016122752567753196,5.674527
0.7991666666666783,-0.0036325722467154264,0.008608842268586159,-0.005414727609604597,-0.0016109445132315159,5.674527
0.8000000000000117,-0.003630811581388116,0.008603885769844055,-0.005410883575677872,-0.001608206075616181,5.674527
0.800833333333345,-0.003629046957939863,0.008599190972745419,-0.005407923832535744,-0.0016062810318544507,5.674527
0.8016666666666784,-0.003627266502007842,0.008594323880970478,-0.005403989925980568,-0.0016047292156144977,5.674527
0.8025000000000118,-0.0036254713777452707,0.00858959462493658,-0.005400590132921934,-0.0016033974243327975,5.674527
0.8033333333333451,-0.003623658325523138,0.008584897965192795,-0.005396998953074217,-0.0016019983449950814,5.674527
0.8041666666666785,-0.003621841548010707,0.008580196648836136,-0.005393420346081257,-0.0015993985580280423,5.674527
0.8050000000000118,-0.0036200140602886677,0.008575106970965862,-0.005388875026255846,-0.0015965148340910673,5.674527
0.8058333333333452,-0.0036181826144456863,0.008570274338126183,-0.00538538908585906,-0.0015941342571750283,5.674527
0.8066666666666785,-0.0036163325421512127,0.008565416559576988,-0.0053818682208657265,-0.0015929206274449825,5.674527
0.8075000000000119,-0.0036144645418971777,0.008560377173125744,-0.005377947818487883,-0.0015918766148388386,5.674527
0.8083333333333452,-0.0036125818733125925,0.008555599488317966,-0.005374318454414606,-0.0015895221149548888,5.674527
0.8091666666666786,-0.0036106877960264683,0.008550893515348434,-0.0053706844337284565,-0.001586788333952427,5.674527
0.8100000000000119,-0.0036087813787162304,0.008546069264411926,-0.005366671364754438,-0.001585555262863636,5.674527
0.8108333333333453,-0.0036068728659301996,0.008541286922991276,-0.005362371448427439,-0.0015839423285797238,5.674527
0.8116666666666786,-0.003604946658015251,0.008536447770893574,-0.005358150694519281,-0.0015835255617275834,5.674527
0.812500000000012,-0.0036030004266649485,0.008531639352440834,-0.005354125052690506,-0.0015816525556147099,5.674527
0.8133333333333453,-0.0036010437179356813,0.008526597172021866,-0.005349662620574236,-0.001579395728185773,5.674527
0.8141666666666787,-0.0035990835167467594,0.00852165836840868,-0.005345847923308611,-0.0015775574138388038,5.674527
0.815000000000012,-0.003597096772864461,0.008516737259924412,-0.005341839976608753,-0.001576801878400147,5.674527
0.8158333333333454,-0.0035951058380305767,0.008511760272085667,-0.005337179638445377,-0.0015755415661260486,5.674527
0.8166666666666788,-0.003593107685446739,0.008507030084729195,-0.005332515574991703,-0.0015739408554509282,5.674527
0.8175000000000121,-0.003591088578104973,0.008502199314534664,-0.005328350234776735,-0.001571528846397996,5.674527
0.8183333333333455,-0.003589052241295576,0.008497156202793121,-0.005323675461113453,-0.001569814165122807,5.674527
0.8191666666666788,-0.0035869914572685957,0.008492161519825459,-0.005319942720234394,-0.0015685168327763677,5.674527
0.8200000000000122,-0.003584914142265916,0.00848720595240593,-0.0053154053166508675,-0.001566163613460958,5.674527
0.8208333333333455,-0.003582846373319626,0.008482196368277073,-0.005310587584972382,-0.0015640456695109606,5.674527
0.8216666666666789,-0.003580749500542879,0.008477270603179932,-0.005305521190166473,-0.0015623061917722225,5.674527
0.8225000000000122,-0.0035786267835646868,0.008472391404211521,-0.005300730466842651,-0.0015612547285854816,5.674527
0.8233333333333456,-0.0035764947533607483,0.008467315696179867,-0.005295587237924337,-0.0015592051204293966,5.674527
0.8241666666666789,-0.0035743648186326027,0.008462272584438324,-0.005290418863296509,-0.0015571275725960732,5.674527
0.8250000000000123,-0.0035722043830901384,0.008457197807729244,-0.0052854442037642,-0.0015571520198136568,5.674527
0.8258333333333456,-0.003570020664483309,0.008452204056084156,-0.005280571989715099,-0.0015556374564766884,5.674527
0.826666666666679,-0.003567824838683009,0.008447431959211826,-0.0052755302749574184,-0.0015532224206253886,5.674527
0.8275000000000123,-0.003565621329471469,0.008442707359790802,-0.0052713751792907715,-0.0015514936530962586,5.674527
0.8283333333333457,-0.003563351696357131,0.008437823504209518,-0.005267802160233259,-0.0015492899110540748,5.674527
0.829166666666679,-0.003561100224032998,0.008432989940047264,-0.005264328792691231,-0.0015474255196750164,5.674527
0.8300000000000124,-0.003558833384886384,0.008428137749433517,-0.005260242149233818,-0.001546091167256236,5.674527
0.8308333333333457,-0.0035565318539738655,0.00842325296252966,-0.005255767144262791,-0.0015450610080733895,5.674527
0.8316666666666791,-0.00355422031134367,0.008418397046625614,-0.005251321010291576,-0.001542830839753151,5.674527
0.8325000000000125,-0.003551902249455452,0.008413488045334816,-0.0052474495023489,-0.0015408527106046677,5.674527
0.8333333333333458,-0.0035495522897690535,0.008408423513174057,-0.005243189632892609,-0.0015398201067000628,5.674527
0.8341666666666792,-0.0035471657756716013,0.008403328247368336,-0.005238484591245651,-0.001537807285785675,5.674527
0.8350000000000125,-0.003544758539646864,0.008398018777370453,-0.005233417265117168,-0.0015374358044937253,5.674527
0.8358333333333459,-0.0035423424560576677,0.008392897434532642,-0.0052286493591964245,-0.0015358608216047287,5.674527
0.8366666666666792,-0.003539933357387781,0.00838791485875845,-0.0052240039221942425,-0.0015342086553573608,5.674527
0.8375000000000126,-0.0035374716389924288,0.008382619358599186,-0.005218634381890297,-0.0015339624369516969,5.674527
0.8383333333333459,-0.0035349868703633547,0.008377420715987682,-0.005213226657360792,-0.001532827503979206,5.674527
0.8391666666666793,-0.003532503033056855,0.008372094482183456,-0.005207986570894718,-0.0015337782679125667,5.674527
0.8400000000000126,-0.0035299949813634157,0.008366870693862438,-0.005202149972319603,-0.0015326947905123234,5.674527
0.840833333333346,-0.0035274741239845753,0.008361623622477055,-0.00519657414406538,-0.0015335725620388985,5.674527
0.8416666666666793,-0.0035249025095254183,0.008356488309800625,-0.005191994830965996,-0.0015324288979172707,5.674527
0.8425000000000127,-0.003522334387525916,0.008351286873221397,-0.005186886992305517,-0.001531696761958301,5.674527
0.843333333333346,-0.003519725985825062,0.008346139453351498,-0.005182367283850908,-0.001530524343252182,5.674527
0.8441666666666794,-0.0035171285271644592,0.008341008797287941,-0.00517709506675601,-0.001529941102489829,5.674527
0.8450000000000127,-0.00351448031142354,0.008335663937032223,-0.00517187500372529,-0.00153003737796098,5.674527
0.8458333333333461,-0.003511838149279356,0.008330469951033592,-0.005165983457118273,-0.0015307049034163356,5.674527
0.8466666666666794,-0.003509130794554949,0.008325058966875076,-0.005161269102245569,-0.0015316334320232272,5.674527
0.8475000000000128,-0.003506427863612771,0.008319729007780552,-0.00515735475346446,-0.0015326791908591986,5.674527
0.8483333333333462,-0.003503686748445034,0.008314386941492558,-0.005153149366378784,-0.0015328992158174515,5.674527
0.8491666666666795,-0.0035009304992854595,0.00830895733088255,-0.005147845018655062,-0.0015339184319600463,5.674527
0.8500000000000129,-0.0034913145937025547,0.008302312344312668,-0.005160964094102383,-0.0022475593723356724,5.674527
0.8508333333333462,-0.00283181294798851,0.00941664632409811,-0.0036139546427875757,-0.01638990081846714,5.674527
0.8516666666666796,-0.0021376735530793667,0.010916084982454777,0.0002058641257463023,-0.02353060431778431,5.674527
0.8525000000000129,-0.0014385755639523268,0.012220996432006359,0.00470588356256485,-0.027326181530952454,5.674527
0.8533333333333463,-0.0007381094037555158,0.01325200591236353,0.009208411909639835,-0.029410813003778458,5.674527
0.8541666666666796,-4.369507951196283e-05,0.014057318679988384,0.013411948457360268,-0.03060133568942547,5.674527
0.855000000000013,0.0006399723351933062,0.01467127725481987,0.017164018005132675,-0.031301796436309814,5.674527
0.8558333333333463,0.001305893063545227,0.01512635312974453,0.02044292539358139,-0.03171558305621147,5.674527
0.8566666666666797,0.0019509984413161874,0.015473803505301476,0.02330172061920166,-0.031942982226610184,5.674527
0.857500000000013,0.00257354648783803,0.015752723440527916,0.025791354477405548,-0.03204353526234627,5.674527
0.8583333333333464,0.0031720332335680723,0.015987087041139603,0.027956346049904823,-0.0320582240819931,5.674527
0.8591666666666797,0.0037454429548233747,0.016188019886612892,0.02984452247619629,-0.03200836479663849,5.674527
0.8600000000000131,0.004293055739253759,0.016377734020352364,0.03150035813450813,-0.03190946578979492,5.674527
0.8608333333333464,0.0048138853162527084,0.01654195599257946,0.032941076904535294,-0.031778737902641296,5.674527
0.8616666666666798,0.00530744856223464,0.016689147800207138,0.034199059009552,-0.031624067574739456,5.674527
0.8625000000000131,0.005775922443717718,0.016825562343001366,0.035489052534103394,-0.031484588980674744,5.674527
0.8633333333333465,0.006217678543180227,0.01693696528673172,0.036738812923431396,-0.03134112060070038,5.674527
0.8641666666666799,0.006630842108279467,0.017027512192726135,0.03786250203847885,-0.03118051029741764,5.674527
0.8650000000000132,0.0070151337422430515,0.017099587246775627,0.03887087479233742,-0.03100547380745411,5.674527
0.8658333333333466,0.007370378356426954,0.017153097316622734,0.03977655619382858,-0.03081807680428028,5.674527
0.8666666666666799,0.007596371695399284,0.017146248370409012,0.040541309863328934,-0.030690548941493034,5.674527
0.8675000000000133,0.007677091285586357,0.017028437927365303,0.04111604392528534,-0.030349716544151306,5.674527
0.8683333333333466,0.007692817132920027,0.016842568293213844,0.04163350537419319,-0.03000360168516636,5.674527
0.86916666666668,0.007681900169700384,0.01662275195121765,0.0421166829764843,-0.02956451289355755,5.674527
0.8700000000000133,0.007656494155526161,0.01636062003672123,0.042552169412374496,-0.02906193770468235,5.674527
0.8708333333333467,0.007615093607455492,0.016066817566752434,0.042929742485284805,-0.028510678559541702,5.674527
0.87166666666668,0.0075563304126262665,0.015746261924505234,0.04324895143508911,-0.02792140282690525,5.674527
0.8725000000000134,0.00747945811599493,0.015401054173707962,0.04351088032126427,-0.027302894741296768,5.674527
0.8733333333333467,0.007384296972304583,0.01503402553498745,0.04372204840183258,-0.026658037677407265,5.674527
0.8741666666666801,0.007270964328199625,0.014646854251623154,0.04388470947742462,-0.02598695270717144,5.674527
0.8750000000000134,0.007139785215258598,0.014240164309740067,0.044000785797834396,-0.025292646139860153,5.674527
0.8758333333333468,0.006991070695221424,0.013813473284244537,0.04407373070716858,-0.024575283750891685,5.674527
0.8766666666666801,0.00682517746463418,0.013367378152906895,0.044104769825935364,-0.023835785686969757,5.674527
0.8775000000000135,0.006642525549978018,0.012903318740427494,0.04409331828355789,-0.023074744269251823,5.674527
0.8783333333333468,0.0064436146058142185,0.012420500628650188,0.044041745364665985,-0.02229307033121586,5.674527
0.8791666666666802,0.006228915881365538,0.011919126845896244,0.043950751423835754,-0.021491263061761856,5.674527
0.8800000000000135,0.005998967215418816,0.011400929652154446,0.04381819814443588,-0.020668763667345047,5.674527
0.8808333333333469,0.005754376295953989,0.01086494978517294,0.04364457726478577,-0.019825955852866173,5.674527
0.8816666666666803,0.005495768506079912,0.01031355932354927,0.0434308797121048,-0.018965449184179306,5.674527
0.8825000000000136,0.005223685409873724,0.009745469316840172,0.04317668080329895,-0.018083985894918442,5.674527
0.883333333333347,0.004938762169331312,0.009162496775388718,0.04288182407617569,-0.017185060307383537,5.674527
0.8841666666666803,0.004641643725335598,0.008562560193240643,0.04254778474569321,-0.016267836093902588,5.674527
0.8850000000000137,0.004333008546382189,0.007941413670778275,0.0421731136739254,-0.015331246890127659,5.674527
0.885833333333347,0.004013460595160723,0.007299148011952639,0.04175911098718643,-0.014376764185726643,5.674527
0.8866666666666804,0.003687978954985738,0.006649143062531948,0.04123304411768913,-0.013423417694866657,5.674527
0.8875000000000137,0.00336572527885437,0.006061664316803217,0.04049983248114586,-0.01249560434371233,5.674527
0.8883333333333471,0.0030558397993445396,0.005578361917287111,0.03952088952064514,-0.011604265309870243,5.674527
0.8891666666666804,0.0027677209582179785,0.005151188001036644,0.038273584097623825,-0.01077210158109665,5.674527
0.8900000000000138,0.0025075427256524563,0.004770232830196619,0.036807626485824585,-0.00999163556843996,5.674527
0.8908333333333471,0.0022708983160555363,0.004411017522215843,0.035204485058784485,-0.009258314967155457,5.674527
0.8916666666666805,0.0020582154393196106,0.00409060250967741,0.0335385836660862,-0.008576949127018452,5.674527
0.8925000000000138,0.0018708588322624564,0.003833181457594037,0.03187856450676918,-0.007949251681566238,5.674527
0.8933333333333472,0.0017091056797653437,0.0035985521972179413,0.03030571900308132,-0.007368878461420536,5.674527
0.8941666666666805,0.0015730777522549033,0.003435917431488633,0.02886066772043705,-0.006841203197836876,5.674527
0.8950000000000139,0.0014606646727770567,0.0033034260850399733,0.027534451335668564,-0.006371787749230862,5.674527
0.8958333333333472,0.0013690731720998883,0.003196911420673132,0.02629454806447029,-0.005977238528430462,5.674527
0.8966666666666806,0.0012979741441085935,0.0031099370680749416,0.025174276903271675,-0.005652980878949165,5.674527
0.897500000000014,0.001245241379365325,0.0030389956664294004,0.024206211790442467,-0.005382872186601162,5.674527
0.8983333333333473,0.0012074855621904135,0.0029814725276082754,0.023383256047964096,-0.005158277228474617,5.674527
0.8991666666666807,0.0011809965362772346,0.002935124794021249,0.022689342498779297,-0.004970262758433819,5.674527
0.900000000000014,0.0011629662476480007,0.0029007052071392536,0.022102616727352142,-0.004820769187062979,5.674527
