Time,Pistoning (suspension_slide),Angle_X,Angle_Y,Angle_Z,Mean_Wall_Time_Sec
0.0010416666666666667,7.176016515586525e-05,0.0005486835143528879,-2.8302705686655827e-05,-0.0001517644850537181,3.004174
0.0020833333333333333,7.732771337032318e-05,0.0007534816395491362,-7.126292445036597e-08,-0.00021288228163029999,3.004174
0.003125,8.195393456844613e-05,0.0009427539771422744,1.9037399397348054e-05,-0.00026762919151224196,3.004174
0.004166666666666667,8.356288162758574e-05,0.0011149398051202297,2.2612150132772513e-05,-0.00032411195570603013,3.004174
0.005208333333333333,8.497333328705281e-05,0.001273570815101266,2.2026613805792294e-05,-0.00037520326441153884,3.004174
0.0062499999999999995,8.621653978480026e-05,0.0014203418977558613,2.0685525669250637e-05,-0.00042254279833287,3.004174
0.007291666666666666,8.730541594559327e-05,0.0015577407320961356,1.9243143469793722e-05,-0.00046777597162872553,3.004174
0.008333333333333333,8.82492313394323e-05,0.001685219700448215,1.7563768778927624e-05,-0.0005099154659546912,3.004174
0.009375,8.889209129847586e-05,0.0018034061649814248,1.4727122106705792e-05,-0.0005492292693816125,3.004174
0.010416666666666666,8.943422290030867e-05,0.0019126413390040398,1.195202366943704e-05,-0.0005864495760761201,3.004174
0.011458333333333333,8.988087211037055e-05,0.002013751305639744,8.826146768114995e-06,-0.0006209581042639911,3.004174
0.012499999999999999,9.009595669340342e-05,0.0021069494541734457,5.739756943512475e-06,-0.0006534219719469547,3.004174
0.013541666666666665,9.023947495734319e-05,0.002193602966144681,2.3063239495968446e-06,-0.0006835838430561125,3.004174
0.014583333333333332,9.021773439599201e-05,0.0022742263972759247,-6.845163511570718e-07,-0.000711789180058986,3.004174
0.015624999999999998,9.005289030028507e-05,0.002348521491512656,-4.186357273283647e-06,-0.0007386049255728722,3.004174
0.016666666666666666,8.9988112449646e-05,0.0024170009419322014,-6.815815140726045e-06,-0.000763359887059778,3.004174
0.017708333333333333,8.990908827399835e-05,0.0024815360084176064,-9.355821021017618e-06,-0.0007865194929763675,3.004174
0.01875,8.970429189503193e-05,0.0025413830298930407,-1.1483646630949806e-05,-0.0008081468986347318,3.004174
0.019791666666666666,8.93747856025584e-05,0.002597199520096183,-1.4113785255176481e-05,-0.000829018943477422,3.004174
0.020833333333333332,9.007155313156545e-05,0.0026535294018685818,-8.591044206696097e-06,-0.0008473385241813958,3.004174
0.021875,8.971153147285804e-05,0.002700856886804104,-1.1898259799636435e-05,-0.0008647941867820919,3.004174
0.022916666666666665,8.934859943110496e-05,0.0027453568764030933,-1.403736496286001e-05,-0.0008815238252282143,3.004174
0.02395833333333333,8.897877705749124e-05,0.0027854847721755505,-1.4771921996725723e-05,-0.0008974479278549552,3.004174
0.024999999999999998,8.859542140271515e-05,0.0028224140405654907,-1.5623405488440767e-05,-0.0009121152106672525,3.004174
0.026041666666666664,8.820668881526217e-05,0.002857730956748128,-1.628018799237907e-05,-0.0009263265528716147,3.004174
0.02708333333333333,8.781065116636455e-05,0.0028899756725877523,-1.7163894881377928e-05,-0.0009395181550644338,3.004174
0.028124999999999997,8.740749763092026e-05,0.0029204862657934427,-1.7739474060363136e-05,-0.0009519750601612031,3.004174
0.029166666666666664,8.700228499947116e-05,0.0029482818208634853,-1.8348187950323336e-05,-0.0009626545361243188,3.004174
0.03020833333333333,8.65889378474094e-05,0.002973244059830904,-1.8112561519956216e-05,-0.0009728667791932821,3.004174
0.031249999999999997,8.616749255452305e-05,0.002996004419401288,-1.7786514945328236e-05,-0.0009820659179240465,3.004174
0.03229166666666666,8.574077946832404e-05,0.003015730530023575,-1.6782940292614512e-05,-0.0009908206993713975,3.004174
0.03333333333333333,8.530588820576668e-05,0.0030343218240886927,-1.58804814418545e-05,-0.0009989268146455288,3.004174
0.034375,8.48687268444337e-05,0.003052286570891738,-1.4504856153507717e-05,-0.001006987178698182,3.004174
0.03541666666666667,8.445372804999352e-05,0.003069208702072501,-1.2937186511408072e-05,-0.001014838693663478,3.004174
0.03645833333333334,8.403207903029397e-05,0.003085262840613723,-1.1435077794885729e-05,-0.001022128388285637,3.004174
0.03750000000000001,8.360483479918912e-05,0.0031002690084278584,-1.0032501450041309e-05,-0.0010290943318977952,3.004174
0.03854166666666668,8.31760698929429e-05,0.003114467952400446,-8.850052836351097e-06,-0.0010357117280364037,3.004174
0.03958333333333335,8.274622086901218e-05,0.0031280131079256535,-6.93356969350134e-06,-0.0010425380896776915,3.004174
0.04062500000000002,8.231287210946903e-05,0.003141646273434162,-4.9290629249298945e-06,-0.0010489290580153465,3.004174
0.04166666666666669,8.187760977307335e-05,0.0031541117932647467,-3.3844958124973346e-06,-0.0010550001170486212,3.004174
0.04270833333333336,8.143975719576702e-05,0.003166245063766837,-1.5550117495877203e-06,-0.0010611263569444418,3.004174
0.04375000000000003,8.100185368675739e-05,0.003178562968969345,5.995237302158785e-07,-0.001067357137799263,3.004174
0.0447916666666667,8.055901707848534e-05,0.0031904587522149086,2.636934596011997e-06,-0.0010731156216934323,3.004174
0.04583333333333337,8.011087629711255e-05,0.003201873041689396,4.485403223952744e-06,-0.001078811357729137,3.004174
0.04687500000000004,7.966379780555144e-05,0.0032126018777489662,6.306847353698686e-06,-0.0010844481876119971,3.004174
0.04791666666666671,7.921561336843297e-05,0.0032230594661086798,7.732330232101958e-06,-0.0010894894367083907,3.004174
0.04895833333333338,7.876454765209928e-05,0.0032331293914467096,9.604639672033954e-06,-0.0010944749228656292,3.004174
0.05000000000000005,7.831008406355977e-05,0.003243195591494441,1.1235755664529279e-05,-0.0010994342155754566,3.004174
0.05104166666666672,7.785529305692762e-05,0.0032527081202715635,1.3342117199499626e-05,-0.001104864408262074,3.004174
0.05208333333333339,7.740283035673201e-05,0.003261798992753029,1.5389563486678526e-05,-0.0011100469855591655,3.004174
0.05312500000000006,7.694420492043719e-05,0.0032710370142012835,1.7052569091902114e-05,-0.001114937593229115,3.004174
0.05416666666666673,7.649668259546161e-05,0.0032805169466882944,1.9117611373076215e-05,-0.001120270462706685,3.004174
0.0552083333333334,7.606686995131895e-05,0.0032897526398301125,2.0328205209807493e-05,-0.0011242323089390993,3.004174
0.05625000000000007,7.566321437479928e-05,0.0033002442214637995,2.0345813027233817e-05,-0.0011272570118308067,3.004174
0.05729166666666674,7.510677824029699e-05,0.0033093655947595835,2.2440657630795613e-05,-0.0011322093196213245,3.004174
0.05833333333333341,7.480969361495227e-05,0.00332137243822217,2.353636773477774e-05,-0.0011360538192093372,3.004174
0.05937500000000008,7.425920193782076e-05,0.0033298961352556944,2.587747439974919e-05,-0.0011402108939364552,3.004174
0.06041666666666675,7.393027772195637e-05,0.003341429866850376,2.781788498396054e-05,-0.001144717214629054,3.004174
0.06145833333333342,7.338111754506826e-05,0.003349925857037306,3.0298566343844868e-05,-0.00114907487295568,3.004174
0.06250000000000008,7.306459883693606e-05,0.0033611964900046587,3.245682091801427e-05,-0.0011536042438820004,3.004174
0.06354166666666675,7.2653972893022e-05,0.003369334852322936,3.319236566312611e-05,-0.0011558575788512826,3.004174
0.06458333333333341,7.227005698950961e-05,0.003378302790224552,3.5610675695352256e-05,-0.0011601748410612345,3.004174
0.06562500000000007,7.172721234383062e-05,0.003385334275662899,3.740638931049034e-05,-0.0011637500720098615,3.004174
0.06666666666666674,7.137193460948765e-05,0.003395523177459836,3.9139369619078934e-05,-0.001167765469290316,3.004174
0.0677083333333334,7.091308361850679e-05,0.0034035455901175737,4.105787957087159e-05,-0.0011699609458446503,3.004174
0.06875000000000006,7.038034527795389e-05,0.0034108972176909447,4.2554867832222953e-05,-0.0011733557330444455,3.004174
0.06979166666666672,6.999523611739278e-05,0.0034200989175587893,4.394760253489949e-05,-0.0011766572715714574,3.004174
0.07083333333333339,6.954090349609032e-05,0.0034268510062247515,4.6991037379484624e-05,-0.0011794038582593203,3.004174
0.07187500000000005,6.900286098243669e-05,0.0034332519862800837,4.8344783863285556e-05,-0.0011824709363281727,3.004174
0.07291666666666671,6.865300383651629e-05,0.003442103508859873,5.025336577091366e-05,-0.0011860097292810678,3.004174
0.07395833333333338,6.8177621869836e-05,0.003448699600994587,5.394770414568484e-05,-0.0011892032343894243,3.004174
0.07500000000000004,6.76478011882864e-05,0.003455038648098707,5.5523967603221536e-05,-0.0011922178091481328,3.004174
0.0760416666666667,6.712166214128956e-05,0.003461648942902684,5.680559479515068e-05,-0.0011943659046664834,3.004174
0.07708333333333336,6.672111339867115e-05,0.0034696049988269806,5.925787263549864e-05,-0.00119808129966259,3.004174
0.07812500000000003,6.619037594646215e-05,0.0034753468353301287,6.0451791796367615e-05,-0.0012007115874439478,3.004174
0.07916666666666669,6.566195224877447e-05,0.003481595776975155,6.157495226943865e-05,-0.0012028273195028305,3.004174
0.08020833333333335,6.524175842059776e-05,0.0034891630057245493,6.399167614290491e-05,-0.0012064274633303285,3.004174
0.08125000000000002,6.471476808656007e-05,0.0034950822591781616,6.536507862620056e-05,-0.0012088860385119915,3.004174
0.08229166666666668,6.41928636468947e-05,0.0035015156026929617,6.6727603552863e-05,-0.001211365219205618,3.004174
0.08333333333333334,6.365841545630246e-05,0.0035075254272669554,6.815922824898735e-05,-0.0012141407933086157,3.004174
0.084375,6.313908670563251e-05,0.00351377809420228,6.954855780350044e-05,-0.0012165552470833063,3.004174
0.08541666666666667,6.260888039832935e-05,0.0035196407698094845,7.077732880134135e-05,-0.0012190364068374038,3.004174
0.08645833333333333,6.208055856404826e-05,0.003525711363181472,7.226788147818297e-05,-0.0012216988252475858,3.004174
0.0875,6.15504541201517e-05,0.003531902562826872,7.384715718217194e-05,-0.001224658451974392,3.004174
0.08854166666666666,6.102616316638887e-05,0.003537943586707115,7.537096826126799e-05,-0.0012273972388356924,3.004174
0.08958333333333332,6.049968578736298e-05,0.003544075880199671,7.69197431509383e-05,-0.0012301539536565542,3.004174
0.09062499999999998,5.997645348543301e-05,0.003550328779965639,7.859556353650987e-05,-0.0012333672493696213,3.004174
0.09166666666666665,5.9454072470543906e-05,0.003556639887392521,8.01122369011864e-05,-0.0012361693661659956,3.004174
0.09270833333333331,5.892797707929276e-05,0.0035629207268357277,8.181995508493856e-05,-0.0012386580929160118,3.004174
0.09374999999999997,5.840884114149958e-05,0.0035692034289240837,8.37623665574938e-05,-0.0012416725512593985,3.004174
0.09479166666666664,5.788451380794868e-05,0.0035755184944719076,8.549711492378265e-05,-0.0012444521998986602,3.004174
0.0958333333333333,5.7361139624845237e-05,0.003581683849915862,8.704935316927731e-05,-0.001247543841600418,3.004174
0.09687499999999996,5.68396135349758e-05,0.003587784245610237,8.862929826136678e-05,-0.001250179368071258,3.004174
0.09791666666666662,5.632142347167246e-05,0.003593915607780218,8.985738531919196e-05,-0.001252801506780088,3.004174
0.09895833333333329,5.580356082646176e-05,0.003599682357162237,9.105271601583809e-05,-0.0012549590319395065,3.004174
0.09999999999999995,5.52837664145045e-05,0.003605547593906522,9.27874498302117e-05,-0.00125771458260715,3.004174
0.10104166666666661,5.4761505452916026e-05,0.0036109951324760914,9.452496306039393e-05,-0.0012602657079696655,3.004174
0.10208333333333328,5.424121263786219e-05,0.0036165553610771894,9.586925443727523e-05,-0.0012623670045286417,3.004174
0.10312499999999994,5.3721283620689064e-05,0.003621998941525817,9.721218521008268e-05,-0.0012647343100979924,3.004174
0.1041666666666666,5.3205872973194346e-05,0.003627381520345807,9.838712139753625e-05,-0.0012668553972616792,3.004174
0.10520833333333326,5.268656605039723e-05,0.0036327962297946215,9.958037117030472e-05,-0.0012691325973719358,3.004174
0.10624999999999993,5.216745921643451e-05,0.003638504771515727,0.00010089923307532445,-0.0012714103795588017,3.004174
0.10729166666666659,5.164745380170643e-05,0.003644186770543456,0.0001022160577122122,-0.0012735457858070731,3.004174
0.10833333333333325,5.1126990001648664e-05,0.003649600315839052,0.00010359385487390682,-0.0012757950462400913,3.004174
0.10937499999999992,5.060769399278797e-05,0.0036550424993038177,0.00010473968723090366,-0.0012778302188962698,3.004174
0.11041666666666658,5.00921014463529e-05,0.0036606336943805218,0.00010599759843898937,-0.001280084135942161,3.004174
0.11145833333333324,4.9573984142625704e-05,0.00366631499491632,0.0001071711812983267,-0.0012821864802390337,3.004174
0.1124999999999999,4.905441164737567e-05,0.003672170452773571,0.00010813034168677405,-0.0012839873088523746,3.004174
0.11354166666666657,4.853567588725127e-05,0.003677226137369871,0.00010942358494503424,-0.0012858123518526554,3.004174
0.11458333333333323,4.8017889639595523e-05,0.003682403126731515,0.00011057013034587726,-0.001287786290049553,3.004174
0.1156249999999999,4.750299558509141e-05,0.0036872171331197023,0.00011162355076521635,-0.0012895511463284492,3.004174
0.11666666666666656,4.6983343054307625e-05,0.0036918316036462784,0.00011279551108600572,-0.0012916377745568752,3.004174
0.11770833333333322,4.64674667455256e-05,0.0036968286149203777,0.00011420518421800807,-0.0012937335995957255,3.004174
0.11874999999999988,4.594463462126441e-05,0.00370191247202456,0.00011520198313519359,-0.0012954456033185124,3.004174
0.11979166666666655,4.542437818599865e-05,0.003706939285621047,0.0001164379355031997,-0.0012972734402865171,3.004174
0.12083333333333321,4.490211358643137e-05,0.003711935831233859,0.0001176468504127115,-0.001299044699408114,3.004174
0.12187499999999987,4.438372707227245e-05,0.0037168730050325394,0.00011884789273608476,-0.0013007846428081393,3.004174
0.12291666666666654,4.3860705773113295e-05,0.0037218118086457253,0.00012018041888950393,-0.0013024687068536878,3.004174
0.1239583333333332,4.334083860157989e-05,0.0037266879808157682,0.00012114235141780227,-0.0013041466008871794,3.004174
0.12499999999999986,4.282173540559597e-05,0.003731626784428954,0.000122509736684151,-0.0013060043565928936,3.004174
0.12604166666666652,4.2298157495679334e-05,0.003736569546163082,0.00012412296200636774,-0.0013081360375508666,3.004174
0.1270833333333332,4.177619484835304e-05,0.0037416548002511263,0.0001252766523975879,-0.0013096702750772238,3.004174
0.12812499999999985,4.124972110730596e-05,0.003746920730918646,0.00012663041707128286,-0.001311679370701313,3.004174
0.1291666666666665,4.072526644449681e-05,0.0037517696619033813,0.00012801816046703607,-0.0013131886953487992,3.004174
0.13020833333333318,4.020053893327713e-05,0.0037552742287516594,0.00012892672384623438,-0.0013146550627425313,3.004174
0.13124999999999984,3.967146039940417e-05,0.0037588714621961117,0.00012993556447327137,-0.0013157656649127603,3.004174
0.1322916666666665,3.9144597394624725e-05,0.003762823296710849,0.0001307888887822628,-0.0013173738261684775,3.004174
0.13333333333333316,3.8613041397184134e-05,0.003765733214095235,0.0001317236019531265,-0.0013183929258957505,3.004174
0.13437499999999983,3.8083595427451655e-05,0.0037686736322939396,0.000132752102217637,-0.0013197424123063684,3.004174
0.1354166666666665,3.755382931558415e-05,0.0037723041605204344,0.00013438239693641663,-0.00132133555598557,3.004174
0.13645833333333315,3.703046604641713e-05,0.0037746140733361244,0.00013492759899236262,-0.0013226200826466084,3.004174
0.13749999999999982,3.6707340768771246e-05,0.0037760522682219744,0.00013550466974265873,-0.001322940574027598,3.004174
0.13854166666666648,3.62306454917416e-05,0.003778420388698578,0.00013617987860925496,-0.001323261996731162,3.004174
0.13958333333333314,3.60453050234355e-05,0.003780792932957411,0.00013701425632461905,-0.001323785982094705,3.004174
0.1406249999999998,3.573206777218729e-05,0.0037852854002267122,0.0001378959568683058,-0.00132396025583148,3.004174
0.14166666666666647,3.524003113852814e-05,0.0037872649263590574,0.00013848315575160086,-0.0013241659617051482,3.004174
0.14270833333333313,3.4898377634817734e-05,0.0037910444661974907,0.0001392789272358641,-0.0013250672491267323,3.004174
0.1437499999999998,3.448359348112717e-05,0.003791616065427661,0.00013954575115349144,-0.0013251841301098466,3.004174
0.14479166666666646,3.412375008338131e-05,0.003793805604800582,0.00013991552987135947,-0.001325140125118196,3.004174
0.14583333333333312,3.366947203176096e-05,0.0037952461279928684,0.0001406009978381917,-0.001325551769696176,3.004174
0.14687499999999978,3.3323303796350956e-05,0.003799324855208397,0.00014164907042868435,-0.0013267206959426403,3.004174
0.14791666666666645,3.290863605798222e-05,0.0037995961029082537,0.0001421563938492909,-0.0013266655150800943,3.004174
0.1489583333333331,3.255109186284244e-05,0.0038017279002815485,0.00014264236961025745,-0.0013263864675536752,3.004174
0.14999999999999977,3.2096821087179706e-05,0.0038030180148780346,0.0001432072458555922,-0.001326920697465539,3.004174
0.15104166666666644,3.1754192605149e-05,0.0038066720589995384,0.00014354304585140198,-0.0013277005637064576,3.004174
0.1520833333333331,3.142484274576418e-05,0.003807036904618144,0.00014399309293366969,-0.0013277609832584858,3.004174
0.15312499999999976,3.080576061620377e-05,0.003809370333328843,0.00014450914750341326,-0.0013287218753248453,3.004174
0.15416666666666642,3.064066549995914e-05,0.003812252776697278,0.00014506578736472875,-0.0013286210596561432,3.004174
0.1552083333333331,3.0183069611666724e-05,0.0038134539499878883,0.00014598091365769506,-0.0013292188523337245,3.004174
0.15624999999999975,2.984510501846671e-05,0.003817198798060417,0.00014626290067099035,-0.0013300564605742693,3.004174
0.1572916666666664,2.9425415050354786e-05,0.00381738250143826,0.0001467708934796974,-0.0013301712460815907,3.004174
0.15833333333333308,2.9066137358313426e-05,0.0038198702968657017,0.00014716769510414451,-0.0013299862621352077,3.004174
0.15937499999999974,2.861182474589441e-05,0.003820708254352212,0.0001476103498134762,-0.001330162980593741,3.004174
0.1604166666666664,2.8264061256777495e-05,0.003824756946414709,0.00014862862008158118,-0.00133144436404109,3.004174
0.16145833333333307,2.7849666366819292e-05,0.0038252403028309345,0.00014921891852281988,-0.001331365667283535,3.004174
0.16249999999999973,2.7238060283707455e-05,0.0038275769911706448,0.00014982371067162603,-0.001332330284640193,3.004174
0.1635416666666664,2.7077898266725242e-05,0.0038309087976813316,0.00015045150939840823,-0.0013319036224856973,3.004174
0.16458333333333305,2.658834091562312e-05,0.0038319893646985292,0.00015122197510208935,-0.0013329342473298311,3.004174
0.16562499999999972,2.6216139303869568e-05,0.0038340315222740173,0.00015151921252254397,-0.001332865096628666,3.004174
0.16666666666666638,2.5804216420510784e-05,0.003834475763142109,0.0001514765026513487,-0.0013334531104192138,3.004174
0.16770833333333304,2.5268400349887088e-05,0.0038372317794710398,0.000152380031067878,-0.0013344280887395144,3.004174
0.1687499999999997,2.490862061677035e-05,0.0038390643894672394,0.00015286970301531255,-0.0013343910686671734,3.004174
0.16979166666666637,2.4374230633839034e-05,0.003841078607365489,0.00015390395128633827,-0.0013348889769986272,3.004174
0.17083333333333303,2.4035431124502793e-05,0.0038448586128652096,0.00015431088104378432,-0.0013358996948227286,3.004174
0.1718749999999997,2.3668537323828787e-05,0.0038451324217021465,0.00015455367974936962,-0.0013359824661165476,3.004174
0.17291666666666636,2.3054553821566515e-05,0.0038473811000585556,0.00015530815289821476,-0.00133671669755131,3.004174
0.17395833333333302,2.289468284288887e-05,0.0038507150020450354,0.00015634878946002573,-0.0013366738567128778,3.004174
0.17499999999999968,2.241737092845142e-05,0.0038513795007020235,0.0001571985485497862,-0.0013375618727877736,3.004174
0.17604166666666635,2.2030937543604523e-05,0.0038531527388840914,0.0001574832567712292,-0.0013373128604143858,3.004174
0.177083333333333,2.1619649487547576e-05,0.0038551336620002985,0.00015788823657203466,-0.0013375749113038182,3.004174
0.17812499999999967,2.1128775188117288e-05,0.003856393275782466,0.0001584537822054699,-0.001338396337814629,3.004174
0.17916666666666634,2.0922821931890212e-05,0.0038595444057136774,0.0001588004088262096,-0.0013384637422859669,3.004174
0.180208333333333,2.0815772586502135e-05,0.003861613804474473,0.0001591535983607173,-0.0013390101958066225,3.004174
0.18124999999999966,2.029150527960155e-05,0.003863117191940546,0.0001596761285327375,-0.0013391479151323438,3.004174
0.18229166666666632,1.9952030925196595e-05,0.0038670431822538376,0.00016034761210903525,-0.0013401319738477468,3.004174
0.183333333333333,1.962050373549573e-05,0.0038672862574458122,0.0001606513833394274,-0.0013400084571912885,3.004174
0.18437499999999965,1.9107525076833554e-05,0.003869269508868456,0.0001614072680240497,-0.0013409432722255588,3.004174
0.1854166666666663,1.878843795566354e-05,0.00387067929841578,0.00016189864254556596,-0.0013406516518443823,3.004174
0.18645833333333298,1.8296381313120946e-05,0.0038726606871932745,0.00016240081458818167,-0.0013409923994913697,3.004174
0.18749999999999964,1.795993375708349e-05,0.0038762895856052637,0.0001633869978832081,-0.001342068426311016,3.004174
0.1885416666666663,1.7589956769370474e-05,0.003876533592119813,0.0001638411486055702,-0.0013417138252407312,3.004174
0.18958333333333297,1.7064874555217102e-05,0.0038789017125964165,0.00016451271949335933,-0.001342889154329896,3.004174
0.19062499999999963,1.6763018720666878e-05,0.0038798933383077383,0.000164964803843759,-0.0013431796105578542,3.004174
0.1916666666666663,1.6253257854259573e-05,0.0038819664623588324,0.00016588631842751056,-0.0013433843851089478,3.004174
0.19270833333333295,1.5910745787550695e-05,0.003885712707415223,0.00016629391757305712,-0.0013440983602777123,3.004174
0.19374999999999962,1.5495555999223143e-05,0.0038861087523400784,0.0001667984906816855,-0.0013442805502563715,3.004174
0.19479166666666628,1.5139185961743351e-05,0.0038882459048181772,0.00016758686979301274,-0.0013442090712487698,3.004174
0.19583333333333294,1.4607611774408724e-05,0.0038898708298802376,0.00016849614621605724,-0.0013449176913127303,3.004174
0.1968749999999996,1.4272359294409398e-05,0.00389397656545043,0.00016932308790273964,-0.0013453179271891713,3.004174
0.19791666666666627,1.3860222679795697e-05,0.0038940084632486105,0.0001696160325082019,-0.0013454703148454428,3.004174
0.19895833333333293,1.3252109056338668e-05,0.003895749570801854,0.0001701938163023442,-0.0013461094349622726,3.004174
0.1999999999999996,1.3103272067382932e-05,0.0038989039603620768,0.0001709407806629315,-0.0013458543689921498,3.004174
0.20104166666666626,1.2596326996572316e-05,0.003899951232597232,0.0001715493417577818,-0.0013465412193909287,3.004174
0.20208333333333292,1.242822236235952e-05,0.003902833443135023,0.00017187838966492563,-0.0013460776535794139,3.004174
0.20312499999999958,1.1950194675591774e-05,0.0039036134257912636,0.00017266922804992646,-0.0013467620592564344,3.004174
0.20416666666666625,1.1611616173468065e-05,0.003907089587301016,0.00017316624871455133,-0.001347427605651319,3.004174
0.2052083333333329,1.1285368600510992e-05,0.003907753620296717,0.00017390992434229702,-0.0013474944280460477,3.004174
0.20624999999999957,1.0777980605780613e-05,0.003910031169652939,0.00017490422760602087,-0.0013482103822752833,3.004174
0.20729166666666624,1.0652233868313488e-05,0.003912043757736683,0.00017553068755660206,-0.0013482909416779876,3.004174
0.2083333333333329,1.0311960068065673e-05,0.003916168585419655,0.00017554606893099844,-0.0013486710377037525,3.004174
0.20937499999999956,9.952443178917747e-06,0.003915208857506514,0.00017575707170180976,-0.0013490119017660618,3.004174
0.21041666666666622,9.630566637497395e-06,0.003918902482837439,0.00017660806770436466,-0.0013496997999027371,3.004174
0.2114583333333329,9.182360372506082e-06,0.00391946779564023,0.00017675636627245694,-0.0013497601030394435,3.004174
0.21249999999999955,8.650466043036431e-06,0.003921985626220703,0.00017768969701137394,-0.001350851496681571,3.004174
0.2135416666666662,8.483259989588987e-06,0.003923879005014896,0.00017798486805986613,-0.001350990729406476,3.004174
0.21458333333333288,8.18479838926578e-06,0.003927796147763729,0.00017793921870179474,-0.001351897488348186,3.004174
0.21562499999999954,7.787259164615534e-06,0.003928373567759991,0.00017889290757011622,-0.0013518135529011488,3.004174
0.2166666666666662,7.480585736630019e-06,0.003931346349418163,0.0001795258285710588,-0.0013528552372008562,3.004174
0.21770833333333287,7.056429694785038e-06,0.003931436687707901,0.00017975775699596852,-0.0013530899304896593,3.004174
0.21874999999999953,6.695926458633039e-06,0.003933119121938944,0.00018018575792666525,-0.0013528771232813597,3.004174
0.2197916666666662,6.235412911337335e-06,0.00393381854519248,0.00018137486767955124,-0.0013534497702494264,3.004174
0.22083333333333285,5.7003708207048476e-06,0.003936274442821741,0.0001820386096369475,-0.001354591571725905,3.004174
0.22187499999999952,5.520079412235646e-06,0.0039391242899000645,0.00018232631555292755,-0.0013543065870180726,3.004174
0.22291666666666618,5.028317900723778e-06,0.003940145950764418,0.0001828810345614329,-0.0013549550203606486,3.004174
0.22395833333333284,4.693162736657541e-06,0.00394356669858098,0.0001834689173847437,-0.0013557039201259613,3.004174
0.2249999999999995,4.31781245424645e-06,0.003943690564483404,0.00018391867342870682,-0.0013557277852669358,3.004174
0.22604166666666617,3.808904011748382e-06,0.003945733420550823,0.0001848236279329285,-0.0013564638793468475,3.004174
0.22708333333333283,3.6759499835170573e-06,0.003947441931813955,0.00018523845938034356,-0.0013561625964939594,3.004174
0.2281249999999995,3.3450346563768107e-06,0.003951421007514,0.00018534183618612587,-0.0013574020704254508,3.004174
0.22916666666666616,3.19400737680553e-06,0.003951663617044687,0.00018581427866593003,-0.0013581111561506987,3.004174
0.23020833333333282,2.6759762477013282e-06,0.003953795414417982,0.00018677811021916568,-0.0013587300200015306,3.004174
0.23124999999999948,2.492798103048699e-06,0.003956467378884554,0.00018729917064774781,-0.0013587166322395205,3.004174
0.23229166666666615,2.025189587584464e-06,0.003957394510507584,0.00018785963766276836,-0.0013592784525826573,3.004174
0.2333333333333328,1.6876098243301385e-06,0.003960872069001198,0.00018850198830477893,-0.001359563902951777,3.004174
0.23437499999999947,1.3125575151207158e-06,0.00396114494651556,0.0001892674481496215,-0.0013593391049653292,3.004174
0.23541666666666614,8.053351052694779e-07,0.00396342109888792,0.00018999418534804136,-0.0013600725214928389,3.004174
0.2364583333333328,6.786667086089437e-07,0.003965349867939949,0.0001906832621898502,-0.001360357622615993,3.004174
0.23749999999999946,3.487171227334329e-07,0.00396932614967227,0.00019099225755780935,-0.001360975205898285,3.004174
0.23854166666666612,2.1307815956106424e-08,0.003968396689742804,0.0001911691069835797,-0.0013615807984024286,3.004174
0.2395833333333328,-5.031276941735996e-07,0.003969898913055658,0.0001922789087984711,-0.0013622279511764646,3.004174
0.24062499999999945,-6.704942165924876e-07,0.003972573205828667,0.00019280068227089942,-0.0013621824327856302,3.004174
0.2416666666666661,-1.1784542266468634e-06,0.003973593004047871,0.00019333067757543176,-0.0013627450680360198,3.004174
0.24270833333333278,-1.5134918385228957e-06,0.003977491054683924,0.00019415483984630555,-0.0013633569469675422,3.004174
0.24374999999999944,-1.9697495190484915e-06,0.003977612592279911,0.00019488035468384624,-0.0013638944365084171,3.004174
0.2447916666666661,-2.3039806364977267e-06,0.003981245215982199,0.00019564693502616137,-0.0013646114384755492,3.004174
0.24583333333333277,-2.6764314497995656e-06,0.003981186542659998,0.0001959633082151413,-0.001364559051580727,3.004174
0.24687499999999943,-3.194770215486642e-06,0.003983344417065382,0.00019698738469742239,-0.001365271513350308,3.004174
0.2479166666666661,-3.32114950651885e-06,0.003984674345701933,0.0001973754115169868,-0.001365343458019197,3.004174
0.24895833333333275,-3.6520125377137447e-06,0.003987880423665047,0.0001976950588868931,-0.0013656822266057134,3.004174
0.24999999999999942,-3.851579549518647e-06,0.003988567739725113,0.00019775396503973752,-0.001366096897982061,3.004174
0.2510416666666661,-4.373840511107119e-06,0.00399043271318078,0.00019892775162588805,-0.0013669481268152595,3.004174
0.25208333333333277,-4.529099442152074e-06,0.003992988727986813,0.000199459696887061,-0.001366753363981843,3.004174
0.25312499999999943,-5.028552095609484e-06,0.003993593156337738,0.00020016547932755202,-0.001367374206893146,3.004174
0.2541666666666661,-5.3664839470002335e-06,0.003997161518782377,0.00020087113080080599,-0.001367864664644003,3.004174
0.25520833333333276,-5.696551397704752e-06,0.003997050691395998,0.00020152378419879824,-0.0013678321847692132,3.004174
0.2562499999999994,-6.215565917955246e-06,0.0039990912191569805,0.0002023372071562335,-0.001368716242723167,3.004174
0.2572916666666661,-6.354304787237197e-06,0.004000266082584858,0.0002029315655818209,-0.0013685048324987292,3.004174
0.25833333333333275,-6.676466000499204e-06,0.004004425369203091,0.00020341872004792094,-0.001369190402328968,3.004174
0.2593749999999994,-6.778152055630926e-06,0.004004602786153555,0.00020362157374620438,-0.0013697873800992966,3.004174
0.2604166666666661,-7.3016290116356686e-06,0.004006374627351761,0.00020437741477508098,-0.001370394486002624,3.004174
0.26145833333333274,-7.312000434467336e-06,0.004007845185697079,0.00020458527433220297,-0.0013697127578780055,3.004174
0.2624999999999994,-7.671949788345955e-06,0.004012266173958778,0.00020456506172195077,-0.0013706255704164505,3.004174
0.26354166666666606,-7.962456038512755e-06,0.004012268502265215,0.00020506966393440962,-0.0013703125296160579,3.004174
0.2645833333333327,-8.488013008900452e-06,0.004014518111944199,0.00020582991419360042,-0.0013710815692320466,3.004174
0.2656249999999994,-8.666677786095534e-06,0.00401719193905592,0.00020650579244829714,-0.0013708327896893024,3.004174
0.26666666666666605,-9.127425073529594e-06,0.004017585888504982,0.00020709099771920592,-0.0013713687658309937,3.004174
0.2677083333333327,-9.467883501201868e-06,0.004020557273179293,0.00020773404685314745,-0.0013720003189519048,3.004174
0.2687499999999994,-9.855430107563734e-06,0.004020530264824629,0.0002079717960441485,-0.0013721168506890535,3.004174
0.26979166666666604,-1.036231333273463e-05,0.004022601526230574,0.0002087198372464627,-0.001372793922200799,3.004174
0.2708333333333327,-1.0491411558177788e-05,0.004023740533739328,0.00020912245963700116,-0.0013725257012993097,3.004174
0.27187499999999937,-1.0813120752573013e-05,0.004027659073472023,0.00020940607646480203,-0.0013732053339481354,3.004174
0.27291666666666603,-1.1020380043191835e-05,0.004028495401144028,0.000209580481168814,-0.0013738552806898952,3.004174
0.2739583333333327,-1.1537969839992002e-05,0.004030145704746246,0.00021021372231189162,-0.0013743877643719316,3.004174
0.27499999999999936,-1.1871921742567793e-05,0.0040339212864637375,0.00021105619089212269,-0.0013752925442531705,3.004174
0.276041666666666,-1.2337586667854339e-05,0.004033954814076424,0.00021152289991732687,-0.0013756758999079466,3.004174
0.2770833333333327,-1.2671777767536696e-05,0.004037074279040098,0.00021218422625679523,-0.0013763129245489836,3.004174
0.27812499999999934,-1.3114788998791482e-05,0.004036929924041033,0.00021247717086225748,-0.0013764910399913788,3.004174
0.279166666666666,-1.3620502613775898e-05,0.004038789309561253,0.00021300342632457614,-0.0013768698554486036,3.004174
0.28020833333333267,-1.375679494231008e-05,0.004040143918246031,0.00021390896290540695,-0.001376742497086525,3.004174
0.28124999999999933,-1.4087712770560756e-05,0.004043384455144405,0.00021426210878416896,-0.0013770207297056913,3.004174
0.282291666666666,-1.4508855201711413e-05,0.004042578395456076,0.00021430998458527029,-0.0013765725307166576,3.004174
0.28333333333333266,-1.508993864263175e-05,0.004043781664222479,0.00021506144548766315,-0.0013768619392067194,3.004174
0.2843749999999993,-1.542277095722966e-05,0.004047139547765255,0.00021563914197031409,-0.001377432607114315,3.004174
0.285416666666666,-1.5889290807535872e-05,0.0040472038090229034,0.00021640084742102772,-0.001377559034153819,3.004174
0.28645833333333265,-1.6226913430728018e-05,0.004050802439451218,0.00021701275545638055,-0.0013781620655208826,3.004174
0.2874999999999993,-1.6670403056195937e-05,0.004050476476550102,0.00021727150306105614,-0.0013784499606117606,3.004174
0.288541666666666,-1.6995649275486358e-05,0.004053388722240925,0.00021775980712845922,-0.001378431566990912,3.004174
0.28958333333333264,-1.7406486222171225e-05,0.00405291048809886,0.00021801417460665107,-0.0013783116592094302,3.004174
0.2906249999999993,-1.8007624021265656e-05,0.004054469522088766,0.00021852654754184186,-0.0013786820927634835,3.004174
0.29166666666666596,-1.8160561012336984e-05,0.004056760109961033,0.00021924004249740392,-0.0013782792957499623,3.004174
0.2927083333333326,-1.8670478311832994e-05,0.0040574511513113976,0.0002197111607529223,-0.0013788735959678888,3.004174
0.2937499999999993,-1.9001150576514192e-05,0.004060722887516022,0.0002203237236244604,-0.0013794167898595333,3.004174
0.29479166666666595,-1.9404818885959685e-05,0.004059917293488979,0.00022072205320000648,-0.0013790060766041279,3.004174
0.2958333333333326,-2.0004903490189463e-05,0.00406153779476881,0.000221358728595078,-0.0013792378595098853,3.004174
0.2968749999999993,-2.0338717149570584e-05,0.004064897540956736,0.00022208470909390599,-0.0013800152810290456,3.004174
0.29791666666666594,-2.079570731439162e-05,0.0040645720437169075,0.00022263919527176768,-0.0013801632449030876,3.004174
0.2989583333333326,-2.11321676033549e-05,0.004067425150424242,0.00022339200950227678,-0.0013807934010401368,3.004174
0.29999999999999927,-2.153054992959369e-05,0.004066981375217438,0.0002237118169432506,-0.0013801164459437132,3.004174
0.30104166666666593,-2.2032072592992336e-05,0.004068601876497269,0.00022428955708164722,-0.001380725298076868,3.004174
0.3020833333333326,-2.215421773144044e-05,0.004069804679602385,0.00022499091573990881,-0.0013804573100060225,3.004174
0.30312499999999926,-2.2487010937766172e-05,0.004073044750839472,0.00022548490960616618,-0.001380671514198184,3.004174
0.3041666666666659,-2.2926862584427e-05,0.004072624258697033,0.00022576843912247568,-0.0013804117916151881,3.004174
0.3052083333333326,-2.3224221877171658e-05,0.004075565841048956,0.00022643832198809832,-0.0013805119087919593,3.004174
0.30624999999999925,-2.3688702640356496e-05,0.00407536281272769,0.00022676953813061118,-0.0013805334456264973,3.004174
0.3072916666666659,-2.402345671725925e-05,0.0040782419964671135,0.0002271880948683247,-0.0013812172692269087,3.004174
0.30833333333333257,-2.445076643198263e-05,0.004077616613358259,0.00022723896836396307,-0.0013808045769110322,3.004174
0.30937499999999923,-2.503013274690602e-05,0.004078610800206661,0.00022799184080213308,-0.0013810305390506983,3.004174
0.3104166666666659,-2.5364113753312267e-05,0.004081822000443935,0.00022854549752082676,-0.0013815967831760645,3.004174
0.31145833333333256,-2.581688568170648e-05,0.004081913735717535,0.00022915680892765522,-0.0013818384613841772,3.004174
0.3124999999999992,-2.6152911232202314e-05,0.004085062071681023,0.00022969827114138752,-0.001382356625981629,3.004174
0.3135416666666659,-2.6577354219625704e-05,0.004084793385118246,0.0002298953477293253,-0.0013822449836879969,3.004174
0.31458333333333255,-2.7167021471541375e-05,0.004086414352059364,0.0002306454989593476,-0.0013827114598825574,3.004174
0.3156249999999992,-2.7503121600602753e-05,0.004089683294296265,0.0002312231808900833,-0.001383280148729682,3.004174
0.3166666666666659,-2.790759754134342e-05,0.0040891473181545734,0.00023164718004409224,-0.001383202150464058,3.004174
0.31770833333333254,-2.850053169822786e-05,0.004090436734259129,0.00023181068536359817,-0.001383545808494091,3.004174
0.3187499999999992,-2.866165232262574e-05,0.004093112889677286,0.0002324814849998802,-0.0013833229895681143,3.004174
0.31979166666666586,-2.9139644539100118e-05,0.004093533381819725,0.00023305047943722457,-0.0013834995916113257,3.004174
0.3208333333333325,-2.947243774542585e-05,0.004096774384379387,0.0002335698954993859,-0.0013838878367096186,3.004174
0.3218749999999992,-2.9878467103117146e-05,0.004096115939319134,0.00023382154176943004,-0.0013836839934810996,3.004174
0.32291666666666585,-3.0376779250218533e-05,0.004097021650522947,0.00023420830257236958,-0.0013840601313859224,3.004174
0.3239583333333325,-3.038787326659076e-05,0.004098165780305862,0.00023458617215510458,-0.001384100178256631,3.004174
0.3249999999999992,-3.0721632356289774e-05,0.004101019352674484,0.00023505109129473567,-0.0013844022760167718,3.004174
0.32604166666666584,-3.114589708275162e-05,0.004100450314581394,0.0002353055024286732,-0.001383841852657497,3.004174
0.3270833333333325,-3.173191726091318e-05,0.004101864993572235,0.0002361464430578053,-0.0013844267232343554,3.004174
0.32812499999999917,-3.18868515023496e-05,0.004104243591427803,0.0002366208063904196,-0.0013839578023180366,3.004174
0.32916666666666583,-3.237974669900723e-05,0.004104751627892256,0.00023670445079915226,-0.0013841943582519889,3.004174
0.3302083333333325,-3.271424793638289e-05,0.004108170047402382,0.0002373227762291208,-0.0013845304492861032,3.004174
0.33124999999999916,-3.311297405161895e-05,0.0041074492037296295,0.00023748338571749628,-0.00138400390278548,3.004174
0.3322916666666658,-3.3613952837185934e-05,0.004108831286430359,0.0002378460776526481,-0.0013841706095263362,3.004174
0.3333333333333325,-3.37490055244416e-05,0.0041103665716946125,0.00023870014410931617,-0.0013840185711160302,3.004174
0.33437499999999915,-3.428972195251845e-05,0.004111715592443943,0.00023923726985231042,-0.0013843358028680086,3.004174
0.3354166666666658,-3.461926098680124e-05,0.00411483459174633,0.00023987250460777432,-0.0013851195108145475,3.004174
0.33645833333333247,-3.4978635085280985e-05,0.004114029463380575,0.000240029621636495,-0.0013849976239725947,3.004174
0.33749999999999913,-3.5490615118760616e-05,0.004114752635359764,0.00024051571381278336,-0.001385106355883181,3.004174
0.3385416666666658,-3.566347004380077e-05,0.00411719037219882,0.00024124307674355805,-0.001384763396345079,3.004174
0.33958333333333246,-3.612819273257628e-05,0.0041172197088599205,0.00024139047309290618,-0.0013846169458702207,3.004174
0.3406249999999991,-3.646203185780905e-05,0.004120517987757921,0.00024179508909583092,-0.0013849448878318071,3.004174
0.3416666666666658,-3.690996891236864e-05,0.0041201296262443066,0.00024194949946831912,-0.001385360723361373,3.004174
0.34270833333333245,-3.7193029129412025e-05,0.004123223014175892,0.0002425860584480688,-0.001385538256727159,3.004174
0.3437499999999991,-0.0019003849010914564,0.0007776099955663085,-0.00022495178563985974,6.91600507707335e-05,3.004174
0.3447916666666658,-0.004743867553770542,0.001957663567736745,-0.001524230814538896,0.00030851783230900764,3.004174
0.34583333333333244,-0.007104503456503153,0.004701488185673952,-0.002852796111255884,0.0004305709444452077,3.004174
0.3468749999999991,-0.008985706605017185,0.007510284427553415,-0.004040745086967945,0.0004665168235078454,3.004174
0.34791666666666576,-0.010446952655911446,0.009915817528963089,-0.00516117038205266,0.00044476165203377604,3.004174
0.3489583333333324,-0.01155470497906208,0.011808258481323719,-0.006166874431073666,0.0003911889798473567,3.004174
0.3499999999999991,-0.01235815417021513,0.013202061876654625,-0.007042488548904657,0.0003079850575886667,3.004174
0.35104166666666575,-0.01290077157318592,0.01446548942476511,-0.007772968616336584,0.0001957490894710645,3.004174
0.3520833333333324,-0.01322328019887209,0.01553777139633894,-0.008332707919180393,6.258726352825761e-05,3.004174
0.3531249999999991,-0.013361924327909946,0.016342898830771446,-0.008691858500242233,-8.744374645175412e-05,3.004174
0.35416666666666574,-0.013368918560445309,0.016805322840809822,-0.008774375542998314,-0.00027293863240629435,3.004174
0.3552083333333324,-0.013344023376703262,0.017226561903953552,-0.008769022300839424,-0.0005233567790128291,3.004174
0.35624999999999907,-0.013301722705364227,0.0175674669444561,-0.008789635263383389,-0.0007857533637434244,3.004174
0.35729166666666573,-0.013331069611012936,0.01791338063776493,-0.008845064789056778,-0.0011893175542354584,3.004174
0.3583333333333324,-0.013320434838533401,0.01815519481897354,-0.008874170482158661,-0.0014570022467523813,3.004174
0.35937499999999906,-0.013291260227560997,0.018505042418837547,-0.00887654535472393,-0.001707554329186678,3.004174
0.3604166666666657,-0.013248080387711525,0.018811872228980064,-0.008892331272363663,-0.0019526331452652812,3.004174
0.3614583333333324,-0.013193678110837936,0.01909375935792923,-0.008931665681302547,-0.0021823637653142214,3.004174
0.36249999999999905,-0.013130245730280876,0.01935749500989914,-0.008984996937215328,-0.0023974021896719933,3.004174
0.3635416666666657,-0.013059102930128574,0.019602283835411072,-0.009042504243552685,-0.0025972765870392323,3.004174
0.36458333333333237,-0.012981469742953777,0.019820332527160645,-0.009100851602852345,-0.002784269629046321,3.004174
0.36562499999999903,-0.012897780165076256,0.020010603591799736,-0.009161003865301609,-0.0029563638381659985,3.004174
0.3666666666666657,-0.01280895434319973,0.020177040249109268,-0.009219936095178127,-0.0031166954431682825,3.004174
0.36770833333333236,-0.012715194374322891,0.0203205868601799,-0.009278434328734875,-0.0032625063322484493,3.004174
0.368749999999999,-0.012617615051567554,0.020444154739379883,-0.009333770722150803,-0.00339736370369792,3.004174
0.3697916666666657,-0.012516263872385025,0.020540229976177216,-0.009386612102389336,-0.0035189064219594,3.004174
0.37083333333333235,-0.012411648407578468,0.02061915025115013,-0.009436678141355515,-0.0036306052934378386,3.004174
0.371874999999999,-0.012304364703595638,0.020677030086517334,-0.00948381144553423,-0.0037323678843677044,3.004174
0.3729166666666657,-0.01219442393630743,0.020717864856123924,-0.00952735636383295,-0.003824613057076931,3.004174
0.37395833333333234,-0.012082581408321857,0.020742267370224,-0.009567593224346638,-0.003907251637428999,3.004174
0.374999999999999,-0.011969133280217648,0.0207433570176363,-0.009596232324838638,-0.003982187248766422,3.004174
0.37604166666666566,-0.011854678392410278,0.02073078043758869,-0.00961904227733612,-0.004049850162118673,3.004174
0.3770833333333323,-0.011739117093384266,0.020703375339508057,-0.009638461284339428,-0.004110298119485378,3.004174
0.378124999999999,-0.011622822843492031,0.02066451869904995,-0.009655218571424484,-0.004162762314081192,3.004174
0.37916666666666565,-0.011506130918860435,0.020616905763745308,-0.009670048020780087,-0.004209039732813835,3.004174
0.3802083333333323,-0.011389545165002346,0.02056257799267769,-0.009682074189186096,-0.004249089863151312,3.004174
0.381249999999999,-0.011273087933659554,0.020500533282756805,-0.00969226285815239,-0.004284057766199112,3.004174
0.38229166666666564,-0.011157083325088024,0.02043106034398079,-0.009700843133032322,-0.004312756005674601,3.004174
0.3833333333333323,-0.011041833087801933,0.020354393869638443,-0.009707106277346611,-0.004337352234870195,3.004174
0.38437499999999897,-0.01092736329883337,0.020271431654691696,-0.009711294434964657,-0.0043562715873122215,3.004174
0.38541666666666563,-0.010813872329890728,0.020184319466352463,-0.009713608771562576,-0.004371213261038065,3.004174
0.3864583333333323,-0.010701966471970081,0.02009373903274536,-0.009714306332170963,-0.004382346291095018,3.004174
0.38749999999999896,-0.010591612197458744,0.019998515024781227,-0.009713401086628437,-0.004389419686049223,3.004174
0.3885416666666656,-0.010482830926775932,0.01988375186920166,-0.009719816967844963,-0.0043955473229289055,3.004174
0.3895833333333323,-0.010376069694757462,0.019765829667448997,-0.009729995392262936,-0.004398231860250235,3.004174
0.39062499999999895,-0.010271395556628704,0.01963772252202034,-0.009740620851516724,-0.004397611599415541,3.004174
0.3916666666666656,-0.010169140063226223,0.01951231062412262,-0.009749770164489746,-0.004395178519189358,3.004174
0.39270833333333227,-0.010069097392261028,0.019384566694498062,-0.00975773110985756,-0.004389837384223938,3.004174
0.39374999999999893,-0.009971659630537033,0.01925968937575817,-0.009763646870851517,-0.004382363520562649,3.004174
0.3947916666666656,-0.009876837953925133,0.019134553149342537,-0.009768621996045113,-0.004374124575406313,3.004174
0.39583333333333226,-0.009784589521586895,0.019009985029697418,-0.009772132150828838,-0.004363853018730879,3.004174
0.3968749999999989,-0.009695341810584068,0.018890010192990303,-0.009774613194167614,-0.004352330230176449,3.004174
0.3979166666666656,-0.00960889458656311,0.018769830465316772,-0.009776054881513119,-0.00433926610276103,3.004174
0.39895833333333225,-0.009525441564619541,0.018649229779839516,-0.009776607155799866,-0.004325417336076498,3.004174
0.3999999999999989,-0.009444794617593288,0.01853094808757305,-0.009776902385056019,-0.0043116481974720955,3.004174
0.4010416666666656,-0.009367491118609905,0.018417267128825188,-0.009775923565030098,-0.00429697846993804,3.004174
0.40208333333333224,-0.00929313525557518,0.018303820863366127,-0.009774016216397285,-0.004282884765416384,3.004174
0.4031249999999989,-0.009222151711583138,0.01819637231528759,-0.009770569391548634,-0.0042684003710746765,3.004174
0.40416666666666556,-0.009154128842055798,0.01808767393231392,-0.009766767732799053,-0.004254021216183901,3.004174
0.4052083333333322,-0.009089435450732708,0.01798432692885399,-0.009761694818735123,-0.004239004570990801,3.004174
0.4062499999999989,-0.009028066881000996,0.01788259483873844,-0.009754792787134647,-0.004224487580358982,3.004174
0.40729166666666555,-0.008969595655798912,0.017783332616090775,-0.00974621158093214,-0.004210145212709904,3.004174
0.4083333333333322,-0.008914790116250515,0.01768791675567627,-0.009734692052006721,-0.004197319038212299,3.004174
0.4093749999999989,-0.008863113820552826,0.017593208700418472,-0.009720489382743835,-0.004185129422694445,3.004174
0.41041666666666554,-0.008814813569188118,0.01750273071229458,-0.009701934643089771,-0.004174605943262577,3.004174
0.4114583333333322,-0.008769627660512924,0.01741306483745575,-0.009678566828370094,-0.004165604244917631,3.004174
0.41249999999999887,-0.008727878332138062,0.017324931919574738,-0.009648866020143032,-0.004158512223511934,3.004174
0.41354166666666553,-0.008689378388226032,0.017238285392522812,-0.00961200799793005,-0.004154175985604525,3.004174
0.4145833333333322,-0.008654114790260792,0.017152827233076096,-0.0095680495724082,-0.004152369219809771,3.004174
0.41562499999999886,-0.008622103370726109,0.017069127410650253,-0.00952011439949274,-0.004153210204094648,3.004174
0.4166666666666655,-0.008593356236815453,0.016988463699817657,-0.009471631608903408,-0.004156770650297403,3.004174
0.4177083333333322,-0.00856760609894991,0.01691281609237194,-0.009426855482161045,-0.004160165786743164,3.004174
0.41874999999999885,-0.008545068092644215,0.01684551127254963,-0.009391521103680134,-0.0041656275279819965,3.004174
0.4197916666666655,-0.008525473065674305,0.016786444932222366,-0.009368134662508965,-0.004170920699834824,3.004174
0.42083333333333217,-0.008508947677910328,0.01676139421761036,-0.009349496103823185,-0.00417473865672946,3.004174
0.42187499999999883,-0.008494983427226543,0.01672629825770855,-0.009350224398076534,-0.004180490504950285,3.004174
0.4229166666666655,-0.008483568206429482,0.016712982207536697,-0.0093446746468544,-0.0041868118569254875,3.004174
0.42395833333333216,-0.008474944159388542,0.01670580543577671,-0.009338309988379478,-0.004191828891634941,3.004174
0.4249999999999988,-0.008470193482935429,0.016706040129065514,-0.009330345317721367,-0.00419609434902668,3.004174
0.4260416666666655,-0.008467743173241615,0.01671208068728447,-0.009323270991444588,-0.004201324190944433,3.004174
0.42708333333333215,-0.008466548286378384,0.01672341115772724,-0.009316856972873211,-0.004206335637718439,3.004174
0.4281249999999988,-0.00846566166728735,0.01673668995499611,-0.009310838766396046,-0.004211271647363901,3.004174
0.4291666666666655,-0.008464842103421688,0.01674996316432953,-0.009305380284786224,-0.004215545020997524,3.004174
0.43020833333333214,-0.008463628590106964,0.01675262488424778,-0.009303572587668896,-0.004219927825033665,3.004174
0.4312499999999988,-0.008462301455438137,0.0167552437633276,-0.009300526231527328,-0.004224568605422974,3.004174
0.43229166666666546,-0.008460897020995617,0.016756542026996613,-0.00929785892367363,-0.004229082725942135,3.004174
0.4333333333333321,-0.008459463715553284,0.016757644712924957,-0.009294914081692696,-0.004232733976095915,3.004174
0.4343749999999988,-0.008458079770207405,0.016759000718593597,-0.009291957132518291,-0.004236801993101835,3.004174
0.43541666666666545,-0.008456672541797161,0.01676083356142044,-0.009288955479860306,-0.004240944515913725,3.004174
0.4364583333333321,-0.008455238305032253,0.016762180253863335,-0.009286044165492058,-0.004244830459356308,3.004174
0.4374999999999988,-0.008453808724880219,0.01676357164978981,-0.009282751008868217,-0.004248480312526226,3.004174
0.43854166666666544,-0.008452423848211765,0.016765404492616653,-0.00928031001240015,-0.00425197696313262,3.004174
0.4395833333333321,-0.00845099613070488,0.016766637563705444,-0.009277521632611752,-0.004255273379385471,3.004174
0.44062499999999877,-0.0084495535120368,0.01676785759627819,-0.00927455723285675,-0.004258435219526291,3.004174
0.44166666666666543,-0.008448125794529915,0.016768930479884148,-0.009271676652133465,-0.004261323716491461,3.004174
0.4427083333333321,-0.008446643128991127,0.016769181936979294,-0.009268364869058132,-0.004263915121555328,3.004174
0.44374999999999876,-0.008445295505225658,0.01677093468606472,-0.009265311993658543,-0.004266594536602497,3.004174
0.4447916666666654,-0.008443845435976982,0.016771821305155754,-0.009262246079742908,-0.004269481170922518,3.004174
0.4458333333333321,-0.00844236183911562,0.016772473230957985,-0.009259807877242565,-0.004272729158401489,3.004174
0.44687499999999875,-0.008440953679382801,0.01677323877811432,-0.009256360121071339,-0.0042742956429719925,3.004174
0.4479166666666654,-0.008439542725682259,0.016774451360106468,-0.009253422729671001,-0.004276797641068697,3.004174
0.44895833333333207,-0.008438105694949627,0.01677515357732773,-0.00925036333501339,-0.0042786807753145695,3.004174
0.44999999999999873,-0.008436650969088078,0.016775963827967644,-0.009247150272130966,-0.004280192777514458,3.004174
0.4510416666666654,-0.008435211144387722,0.01677669584751129,-0.009244273416697979,-0.004282886628061533,3.004174
0.45208333333333206,-0.008433779701590538,0.016777504235506058,-0.009240849874913692,-0.004283821675926447,3.004174
0.4531249999999987,-0.008432259783148766,0.016777319833636284,-0.009237485937774181,-0.004285634495317936,3.004174
0.4541666666666654,-0.00843091681599617,0.016778770834207535,-0.00923419464379549,-0.004287531599402428,3.004174
0.45520833333333205,-0.00842939130961895,0.016778849065303802,-0.00923131126910448,-0.004289468750357628,3.004174
0.4562499999999987,-0.008427969180047512,0.01677992008626461,-0.009228571318089962,-0.004290638491511345,3.004174
0.4572916666666654,-0.008426412008702755,0.016779841855168343,-0.009225651621818542,-0.00429244851693511,3.004174
0.45833333333333204,-0.00842500664293766,0.016780899837613106,-0.009222467429935932,-0.004294490907341242,3.004174
0.4593749999999987,-0.00842356588691473,0.016781628131866455,-0.009219243191182613,-0.00429481640458107,3.004174
0.46041666666666536,-0.00842201616615057,0.016780894249677658,-0.009215908125042915,-0.004296999890357256,3.004174
0.461458333333332,-0.008420639671385288,0.016781527549028397,-0.009212532080709934,-0.004298442509025335,3.004174
0.4624999999999987,-0.008419139310717583,0.016781583428382874,-0.00920935720205307,-0.004299771972000599,3.004174
0.46354166666666535,-0.008417624048888683,0.01678178645670414,-0.009206485003232956,-0.0043013072572648525,3.004174
0.464583333333332,-0.00841616466641426,0.016782179474830627,-0.00920332595705986,-0.004302700515836477,3.004174
0.4656249999999987,-0.008414652198553085,0.016782399266958237,-0.009200547821819782,-0.004303799942135811,3.004174
0.46666666666666534,-0.008413141593337059,0.016782181337475777,-0.009197223000228405,-0.004304731264710426,3.004174
0.467708333333332,-0.008411640301346779,0.016782354563474655,-0.00919376965612173,-0.0043058209121227264,3.004174
0.46874999999999867,-0.008410170674324036,0.016782686114311218,-0.009190463460981846,-0.00430642906576395,3.004174
0.46979166666666533,-0.008408632129430771,0.016781935468316078,-0.009187468327581882,-0.004307875409722328,3.004174
0.470833333333332,-0.00840713456273079,0.016781659796833992,-0.00918416865170002,-0.004309221636503935,3.004174
0.47187499999999866,-0.00840561743825674,0.016781723126769066,-0.009181604720652103,-0.004310782067477703,3.004174
0.4729166666666653,-0.008404060266911983,0.016780929639935493,-0.009178448468446732,-0.004312714096158743,3.004174
0.473958333333332,-0.008402571082115173,0.016780586913228035,-0.009175035171210766,-0.004313827492296696,3.004174
0.47499999999999865,-0.008401043713092804,0.01678033173084259,-0.009172171354293823,-0.004315509460866451,3.004174
0.4760416666666653,-0.008399552665650845,0.016780296340584755,-0.009169446304440498,-0.00431622751057148,3.004174
0.47708333333333197,-0.008397996425628662,0.01677972823381424,-0.009166440926492214,-0.0043167490512132645,3.004174
0.47812499999999863,-0.008396429941058159,0.016778841614723206,-0.009163393639028072,-0.0043168263509869576,3.004174
0.4791666666666653,-0.008394842967391014,0.016777556389570236,-0.009160052984952927,-0.004317411221563816,3.004174
0.48020833333333196,-0.008393301628530025,0.016777371987700462,-0.009157516062259674,-0.004317869432270527,3.004174
0.4812499999999986,-0.008391713723540306,0.016776375472545624,-0.009154124185442924,-0.0043181488290429115,3.004174
0.4822916666666653,-0.00839015282690525,0.016776038333773613,-0.009150640107691288,-0.004317574668675661,3.004174
0.48333333333333195,-0.008388573303818703,0.016775228083133698,-0.009147850796580315,-0.004317701794207096,3.004174
0.4843749999999986,-0.008387000299990177,0.01677415892481804,-0.009144710376858711,-0.00431712856516242,3.004174
0.4854166666666653,-0.008385399356484413,0.016773397102952003,-0.009141434915363789,-0.004316284786909819,3.004174
0.48645833333333194,-0.008383725769817829,0.016771724447607994,-0.009138326160609722,-0.004315693862736225,3.004174
0.4874999999999986,-0.008382182568311691,0.016771383583545685,-0.009135120548307896,-0.004315566271543503,3.004174
0.48854166666666526,-0.008380579762160778,0.016770124435424805,-0.009132171049714088,-0.004316388163715601,3.004174
0.4895833333333319,-0.008378962986171246,0.016768984496593475,-0.009129448793828487,-0.004315934609621763,3.004174
0.4906249999999986,-0.008377313613891602,0.01676725223660469,-0.00912613607943058,-0.004316604696214199,3.004174
0.49166666666666525,-0.008376207202672958,0.01675676554441452,-0.00912803877145052,-0.004324058070778847,3.004174
0.4927083333333319,-0.008374483324587345,0.016745558008551598,-0.009128439240157604,-0.004325101617723703,3.004174
0.4937499999999986,-0.008371850475668907,0.016726907342672348,-0.009124517440795898,-0.004323274828493595,3.004174
0.49479166666666524,-0.008368641138076782,0.016703272238373756,-0.009121553972363472,-0.0043200356885790825,3.004174
0.4958333333333319,-0.008365388959646225,0.016680538654327393,-0.00911850854754448,-0.004317590966820717,3.004174
0.49687499999999857,-0.008362079970538616,0.01665741205215454,-0.009115589782595634,-0.004314701538532972,3.004174
0.49791666666666523,-0.008359335362911224,0.016641343012452126,-0.009112375788390636,-0.004313869401812553,3.004174
0.4989583333333319,-0.008358941413462162,0.0166564229875803,-0.009107062593102455,-0.004317217506468296,3.004174
0.49999999999999856,-0.008357783779501915,0.016663972288370132,-0.009104385040700436,-0.0043160319328308105,3.004174
0.5010416666666653,-0.008356831967830658,0.01667146570980549,-0.009099331684410572,-0.004316373728215694,3.004174
0.502083333333332,-0.008355380967259407,0.016665007919073105,-0.009095811285078526,-0.004318084102123976,3.004174
0.5031249999999987,-0.008352919481694698,0.016650229692459106,-0.0090934494510293,-0.00431660283356905,3.004174
0.5041666666666654,-0.008351124823093414,0.016649385914206505,-0.009088655933737755,-0.004315271973609924,3.004174
0.5052083333333321,-0.008349853567779064,0.016652459278702736,-0.009085006080567837,-0.004315345548093319,3.004174
0.5062499999999989,-0.008348381146788597,0.016650337725877762,-0.009081181138753891,-0.004315075930207968,3.004174
0.5072916666666656,-0.008346669375896454,0.01664668880403042,-0.00907797273248434,-0.004314370919018984,3.004174
0.5083333333333323,-0.008345087058842182,0.016645751893520355,-0.00907417293637991,-0.004313667770475149,3.004174
0.509374999999999,-0.008343606255948544,0.016645465046167374,-0.009070347063243389,-0.004313749726861715,3.004174
0.5104166666666657,-0.008342072367668152,0.016643865033984184,-0.009066400118172169,-0.004313610959798098,3.004174
0.5114583333333325,-0.008340482600033283,0.01664181426167488,-0.009062367491424084,-0.00431229081004858,3.004174
0.5124999999999992,-0.00833891611546278,0.016640305519104004,-0.009058823809027672,-0.004312262870371342,3.004174
0.5135416666666659,-0.008337362669408321,0.01663898304104805,-0.009054727852344513,-0.004311246797442436,3.004174
0.5145833333333326,-0.00833579059690237,0.01663767173886299,-0.009051077999174595,-0.0043111881241202354,3.004174
0.5156249999999993,-0.008334212936460972,0.016635647043585777,-0.009047497995197773,-0.004309982527047396,3.004174
0.516666666666666,-0.008332664147019386,0.016634231433272362,-0.009043640457093716,-0.004309601150453091,3.004174
0.5177083333333328,-0.00833108089864254,0.016632433980703354,-0.009039831347763538,-0.004309296607971191,3.004174
0.5187499999999995,-0.008329507894814014,0.016630763188004494,-0.009036226198077202,-0.0043094223365187645,3.004174
0.5197916666666662,-0.008327901363372803,0.01662883162498474,-0.009032726287841797,-0.004308386240154505,3.004174
0.5208333333333329,-0.008326259441673756,0.01662636175751686,-0.009028653614223003,-0.004306805320084095,3.004174
0.5218749999999996,-0.008324641734361649,0.01662440411746502,-0.009024955332279205,-0.004306366201490164,3.004174
0.5229166666666664,-0.008323042653501034,0.01662256196141243,-0.009021258912980556,-0.004305417649447918,3.004174
0.5239583333333331,-0.008321398869156837,0.016620730981230736,-0.00901793036609888,-0.004303747788071632,3.004174
0.5249999999999998,-0.008319754153490067,0.01661834493279457,-0.009014282375574112,-0.004303427878767252,3.004174
0.5260416666666665,-0.008318105712532997,0.01661589927971363,-0.009010865353047848,-0.004302785266190767,3.004174
0.5270833333333332,-0.008316459134221077,0.01661418005824089,-0.009007296524941921,-0.0043022120371460915,3.004174
0.528125,-0.008314819075167179,0.016611624509096146,-0.00900282897055149,-0.0043003675527870655,3.004174
0.5291666666666667,-0.008313189260661602,0.016609173268079758,-0.008999456651508808,-0.004300407599657774,3.004174
0.5302083333333334,-0.008311511017382145,0.016606923192739487,-0.008995546959340572,-0.004299832507967949,3.004174
0.5312500000000001,-0.008309831842780113,0.016603782773017883,-0.008991866372525692,-0.00429957453161478,3.004174
0.5322916666666668,-0.008308100514113903,0.01660086214542389,-0.008988297544419765,-0.004298983607441187,3.004174
0.5333333333333335,-0.008306422270834446,0.016597958281636238,-0.008984435349702835,-0.004298833664506674,3.004174
0.5343750000000003,-0.008304733783006668,0.01659495010972023,-0.008980746380984783,-0.004298236686736345,3.004174
0.535416666666667,-0.008303078822791576,0.016592934727668762,-0.008976849727332592,-0.004296572413295507,3.004174
0.5364583333333337,-0.008301395922899246,0.016590185463428497,-0.008973364718258381,-0.004294749815016985,3.004174
0.5375000000000004,-0.008299649693071842,0.016586817800998688,-0.008969387039542198,-0.0042931330390274525,3.004174
0.5385416666666671,-0.008297896012663841,0.016583414748311043,-0.008965427987277508,-0.004291882272809744,3.004174
0.5395833333333339,-0.008296171203255653,0.01658039726316929,-0.008961722254753113,-0.004290835931897163,3.004174
0.5406250000000006,-0.008294465020298958,0.016577627509832382,-0.008957949467003345,-0.004290253389626741,3.004174
0.5416666666666673,-0.008292759768664837,0.016575045883655548,-0.008954261429607868,-0.004289139527827501,3.004174
0.542708333333334,-0.008290981873869896,0.016571583226323128,-0.008950316347181797,-0.0042880503460764885,3.004174
0.5437500000000007,-0.008289198391139507,0.0165680143982172,-0.008946428075432777,-0.0042875404469668865,3.004174
0.5447916666666675,-0.00828742515295744,0.016564540565013885,-0.008942384272813797,-0.004287060350179672,3.004174
0.5458333333333342,-0.008285677060484886,0.016561148688197136,-0.008938048034906387,-0.004286828450858593,3.004174
0.5468750000000009,-0.008283911272883415,0.016558274626731873,-0.008933964185416698,-0.004285495728254318,3.004174
0.5479166666666676,-0.008282121270895004,0.016554195433855057,-0.00893052015453577,-0.004284481052309275,3.004174
0.5489583333333343,-0.008280307985842228,0.0165504552423954,-0.00892697274684906,-0.004283170215785503,3.004174
0.550000000000001,-0.00827847421169281,0.016547393053770065,-0.00892305001616478,-0.0042819855734705925,3.004174
0.5510416666666678,-0.008276705630123615,0.016543952748179436,-0.00891925860196352,-0.004281277768313885,3.004174
0.5520833333333345,-0.008274884894490242,0.016540607437491417,-0.008915025740861893,-0.004280459601432085,3.004174
0.5531250000000012,-0.008273053914308548,0.01653657853603363,-0.008910891599953175,-0.004279443062841892,3.004174
0.5541666666666679,-0.008271253667771816,0.016533145681023598,-0.008907018229365349,-0.004278548527508974,3.004174
0.5552083333333346,-0.008269421756267548,0.016529493033885956,-0.008903180249035358,-0.004277030471712351,3.004174
0.5562500000000014,-0.008267528377473354,0.016524596139788628,-0.008898581378161907,-0.004276099149137735,3.004174
0.5572916666666681,-0.008265652693808079,0.016520535573363304,-0.008894839324057102,-0.004275722894817591,3.004174
0.5583333333333348,-0.008263740688562393,0.01651645638048649,-0.008890754543244839,-0.004275167360901833,3.004174
0.5593750000000015,-0.008261878043413162,0.016512172296643257,-0.008886775933206081,-0.004274303093552589,3.004174
0.5604166666666682,-0.008260026574134827,0.016509080305695534,-0.008883225731551647,-0.00427357479929924,3.004174
0.561458333333335,-0.008258141577243805,0.016504788771271706,-0.008879187516868114,-0.004273095168173313,3.004174
0.5625000000000017,-0.00825625378638506,0.016500696539878845,-0.008875509724020958,-0.0042714765295386314,3.004174
0.5635416666666684,-0.008254325948655605,0.01649622991681099,-0.008870863355696201,-0.0042700255289673805,3.004174
0.5645833333333351,-0.008252402767539024,0.016491327434778214,-0.008866854012012482,-0.004269368015229702,3.004174
0.5656250000000018,-0.008250442333519459,0.016486946493387222,-0.008863039314746857,-0.004268324002623558,3.004174
0.5666666666666685,-0.008248510770499706,0.01648312620818615,-0.008859091438353062,-0.004266984295099974,3.004174
0.5677083333333353,-0.008246568031609058,0.01647918112576008,-0.008855007588863373,-0.004266391508281231,3.004174
0.568750000000002,-0.008244588039815426,0.016473693773150444,-0.008851386606693268,-0.004264922812581062,3.004174
0.5697916666666687,-0.008242551237344742,0.016468863934278488,-0.008847705088555813,-0.0042635491117835045,3.004174
0.5708333333333354,-0.00824056938290596,0.016464481130242348,-0.008843955583870411,-0.004263030830770731,3.004174
0.5718750000000021,-0.008238589391112328,0.01646009087562561,-0.008839557878673077,-0.0042620194144546986,3.004174
0.5729166666666689,-0.008236636407673359,0.016455529257655144,-0.008835076354444027,-0.004261152818799019,3.004174
0.5739583333333356,-0.008234591223299503,0.01645035482943058,-0.00883042998611927,-0.004259811714291573,3.004174
0.5750000000000023,-0.008232536725699902,0.016444921493530273,-0.00882651749998331,-0.004259001463651657,3.004174
0.576041666666669,-0.008230479434132576,0.016439739614725113,-0.008822113275527954,-0.00425741309300065,3.004174
0.5770833333333357,-0.00822844635695219,0.01643492840230465,-0.008818075060844421,-0.004256527870893478,3.004174
0.5781250000000024,-0.008226425386965275,0.016430461779236794,-0.008813704364001751,-0.004255646374076605,3.004174
0.5791666666666692,-0.008224332705140114,0.016424989327788353,-0.008809540420770645,-0.004254076164215803,3.004174
0.5802083333333359,-0.008222250267863274,0.016419921070337296,-0.008805392310023308,-0.004252358805388212,3.004174
0.5812500000000026,-0.008220110088586807,0.016413768753409386,-0.008801182731986046,-0.004251102451235056,3.004174
0.5822916666666693,-0.008218000642955303,0.016408776864409447,-0.008796953596174717,-0.0042502908036112785,3.004174
0.583333333333336,-0.008215919137001038,0.016403784975409508,-0.008792715147137642,-0.004249183461070061,3.004174
0.5843750000000028,-0.008213761262595654,0.016398198902606964,-0.008788356557488441,-0.004248122684657574,3.004174
0.5854166666666695,-0.008211635053157806,0.016392454504966736,-0.00878375768661499,-0.00424726540222764,3.004174
0.5864583333333362,-0.00820947252213955,0.016386477276682854,-0.008779376745223999,-0.004246338736265898,3.004174
0.5875000000000029,-0.00820732768625021,0.016380760818719864,-0.008774842135608196,-0.00424524862319231,3.004174
0.5885416666666696,-0.008205101825296879,0.01637456752359867,-0.008770151063799858,-0.0042440323159098625,3.004174
0.5895833333333363,-0.008202859200537205,0.016368495300412178,-0.008766216225922108,-0.004242864437401295,3.004174
0.5906250000000031,-0.00820070132613182,0.0163629949092865,-0.008761687204241753,-0.0042421347461640835,3.004174
0.5916666666666698,-0.008198423311114311,0.016356630250811577,-0.00875769555568695,-0.004241005051881075,3.004174
0.5927083333333365,-0.00819617509841919,0.01635025069117546,-0.008753262460231781,-0.004238982684910297,3.004174
0.5937500000000032,-0.008193924091756344,0.016343921422958374,-0.008749095723032951,-0.004237889777868986,3.004174
0.5947916666666699,-0.008191666565835476,0.016337640583515167,-0.008744347840547562,-0.004236689768731594,3.004174
0.5958333333333367,-0.008189377374947071,0.016331378370523453,-0.008740274235606194,-0.004235670901834965,3.004174
0.5968750000000034,-0.00818711519241333,0.01632552593946457,-0.008735744282603264,-0.0042349351570010185,3.004174
0.5979166666666701,-0.008184803649783134,0.016319260001182556,-0.008731929585337639,-0.0042338804341852665,3.004174
0.5989583333333368,-0.008182414807379246,0.016311630606651306,-0.008727744221687317,-0.004233145620673895,3.004174
0.6000000000000035,-0.008180043660104275,0.016305314376950264,-0.00872370507568121,-0.004231852944940329,3.004174
0.6010416666666702,-0.008177712559700012,0.016299188137054443,-0.008719249628484249,-0.004229963757097721,3.004174
0.602083333333337,-0.008175319992005825,0.016292629763484,-0.008714851923286915,-0.004229140467941761,3.004174
0.6031250000000037,-0.008172906935214996,0.016285959631204605,-0.008710349909961224,-0.004227933008223772,3.004174
0.6041666666666704,-0.008170487359166145,0.016279080882668495,-0.008706050924956799,-0.00422645453363657,3.004174
0.6052083333333371,-0.008168045431375504,0.01627230830490589,-0.008701642043888569,-0.004224959295243025,3.004174
0.6062500000000038,-0.00816556066274643,0.01626538299024105,-0.008697278797626495,-0.004223922733217478,3.004174
0.6072916666666706,-0.008163094520568848,0.01625857874751091,-0.008692895993590355,-0.004223268013447523,3.004174
0.6083333333333373,-0.008160612545907497,0.01625129021704197,-0.008688634261488914,-0.004221624229103327,3.004174
0.609375000000004,-0.008158057928085327,0.016243966296315193,-0.00868436973541975,-0.004219652619212866,3.004174
0.6104166666666707,-0.008155551739037037,0.01623670384287834,-0.008679482154548168,-0.004218133632093668,3.004174
0.6114583333333374,-0.008152997121214867,0.016229156404733658,-0.008674811571836472,-0.004217521287500858,3.004174
0.6125000000000042,-0.00815044529736042,0.016222450882196426,-0.008670410141348839,-0.004215698689222336,3.004174
0.6135416666666709,-0.008147817105054855,0.01621415838599205,-0.008666136302053928,-0.004214447923004627,3.004174
0.6145833333333376,-0.008145174011588097,0.01620621606707573,-0.008661730214953423,-0.0042135757394135,3.004174
0.6156250000000043,-0.008142543956637383,0.016199223697185516,-0.008657338097691536,-0.004212265368551016,3.004174
0.616666666666671,-0.00813988409936428,0.016191305592656136,-0.008652484975755215,-0.004211025312542915,3.004174
0.6177083333333377,-0.008137229830026627,0.01618342101573944,-0.008647968992590904,-0.00420962693169713,3.004174
0.6187500000000045,-0.008134485222399235,0.01617462933063507,-0.008643489331007004,-0.004208165220916271,3.004174
0.6197916666666712,-0.008131747134029865,0.01616642251610756,-0.008638632483780384,-0.0042073107324540615,3.004174
0.6208333333333379,-0.008128977380692959,0.016158267855644226,-0.008633972145617008,-0.004206344019621611,3.004174
0.6218750000000046,-0.00812617689371109,0.01615007035434246,-0.008629496209323406,-0.004205356817692518,3.004174
0.6229166666666713,-0.008123821578919888,0.016153091564774513,-0.008620152249932289,-0.00420456612482667,3.004174
0.623958333333338,-0.008121472783386707,0.016155356541275978,-0.008611246943473816,-0.004203564953058958,3.004174
0.6250000000000048,-0.008118842728435993,0.01614798977971077,-0.008606847375631332,-0.004202555399388075,3.004174
0.6260416666666715,-0.008116286247968674,0.01614334248006344,-0.008601664565503597,-0.004201243631541729,3.004174
0.6270833333333382,-0.00811363197863102,0.01613668166100979,-0.008596833795309067,-0.004200586583465338,3.004174
0.6281250000000049,-0.008110804483294487,0.016127625480294228,-0.008591912686824799,-0.004199483897536993,3.004174
0.6291666666666716,-0.008107755333185196,0.016117099672555923,-0.00858764722943306,-0.004198391921818256,3.004174
0.6302083333333384,-0.008105061016976833,0.0161184910684824,-0.008577517233788967,-0.004196709021925926,3.004174
0.6312500000000051,-0.008102545514702797,0.01612076722085476,-0.008568869903683662,-0.00419570691883564,3.004174
0.6322916666666718,-0.00809961836785078,0.016112186014652252,-0.008564572781324387,-0.0041947923600673676,3.004174
0.6333333333333385,-0.008096800185739994,0.016105907037854195,-0.008559605106711388,-0.0041931020095944405,3.004174
0.6343750000000052,-0.008093850687146187,0.01609756611287594,-0.008554714731872082,-0.004191864747554064,3.004174
0.635416666666672,-0.008091161027550697,0.016098616644740105,-0.008544610813260078,-0.004190593492239714,3.004174
0.6364583333333387,-0.008088301867246628,0.01609879732131958,-0.00853592250496149,-0.004189206752926111,3.004174
0.6375000000000054,-0.00808526761829853,0.016088617965579033,-0.008531458675861359,-0.004187909886240959,3.004174
0.6385416666666721,-0.008082160726189613,0.016080446541309357,-0.008526473306119442,-0.004185420460999012,3.004174
0.6395833333333388,-0.00807893555611372,0.01607058010995388,-0.008522288873791695,-0.004183700308203697,3.004174
0.6406250000000056,-0.008075983263552189,0.016071144491434097,-0.008511961437761784,-0.004181194119155407,3.004174
0.6416666666666723,-0.008072934113442898,0.016070447862148285,-0.008502980694174767,-0.0041793170385062695,3.004174
0.642708333333339,-0.00806969404220581,0.01605989970266819,-0.008498176001012325,-0.004178115166723728,3.004174
0.6437500000000057,-0.008066385053098202,0.0160500667989254,-0.00849318690598011,-0.004175422713160515,3.004174
0.6447916666666724,-0.008063378743827343,0.01605081558227539,-0.008482906967401505,-0.004174394067376852,3.004174
0.6458333333333391,-0.008060253225266933,0.01605069637298584,-0.008474094793200493,-0.004173043183982372,3.004174
0.6468750000000059,-0.00805673561990261,0.016037974506616592,-0.008469434455037117,-0.004170592874288559,3.004174
0.6479166666666726,-0.00805321242660284,0.01602618396282196,-0.008463773876428604,-0.004167724866420031,3.004174
0.6489583333333393,-0.00805001612752676,0.016026372089982033,-0.008453216403722763,-0.0041659120470285416,3.004174
0.650000000000006,-0.00804671086370945,0.016025366261601448,-0.008443421684205532,-0.004163819830864668,3.004174
0.6510416666666727,-0.008042986504733562,0.01601112261414528,-0.008438341319561005,-0.004160949029028416,3.004174
0.6520833333333395,-0.008039174601435661,0.015998441725969315,-0.008433336392045021,-0.004158258903771639,3.004174
0.6531250000000062,-0.008035576902329922,0.015997033566236496,-0.008422705344855785,-0.004157287534326315,3.004174
0.6541666666666729,-0.008031969889998436,0.01599498651921749,-0.008412557654082775,-0.004154328256845474,3.004174
0.6552083333333396,-0.008028440177440643,0.01599268801510334,-0.008401868864893913,-0.004153032787144184,3.004174
0.6562500000000063,-0.008024520240724087,0.015978068113327026,-0.008397533558309078,-0.004151989705860615,3.004174
0.657291666666673,-0.008020894601941109,0.015977662056684494,-0.008386455476284027,-0.004150311462581158,3.004174
0.6583333333333398,-0.00801730714738369,0.015975963324308395,-0.008376654237508774,-0.004148250445723534,3.004174
0.6593750000000065,-0.008013248443603516,0.01596023701131344,-0.008371581323444843,-0.004145632963627577,3.004174
0.6604166666666732,-0.008008952252566814,0.01594500243663788,-0.008366609923541546,-0.0041437470354139805,3.004174
0.6614583333333399,-0.008004828356206417,0.015942132100462914,-0.008355342783033848,-0.004141804296523333,3.004174
0.6625000000000066,-0.008000781759619713,0.01593894697725773,-0.008344718255102634,-0.004139784257858992,3.004174
0.6635416666666734,-0.007996567524969578,0.01593448407948017,-0.008334009908139706,-0.004136741627007723,3.004174
0.6645833333333401,-0.007992012426257133,0.01591687835752964,-0.008329052478075027,-0.004133999347686768,3.004174
0.6656250000000068,-0.007987854070961475,0.015914063900709152,-0.008318012580275536,-0.004131770692765713,3.004174
0.6666666666666735,-0.007983501069247723,0.015909671783447266,-0.008307328447699547,-0.004129896871745586,3.004174
0.6677083333333402,-0.007979017682373524,0.015904609113931656,-0.008296129293739796,-0.004127612337470055,3.004174
0.668750000000007,-0.007974394597113132,0.015886733308434486,-0.008291521109640598,-0.004125457722693682,3.004174
0.6697916666666737,-0.007969841361045837,0.015882350504398346,-0.008280107751488686,-0.004124045837670565,3.004174
0.6708333333333404,-0.007965116761624813,0.0158771350979805,-0.008268752135336399,-0.004121556878089905,3.004174
0.6718750000000071,-0.007960261777043343,0.015870803967118263,-0.008256668224930763,-0.004118756391108036,3.004174
0.6729166666666738,-0.007955238223075867,0.015851646661758423,-0.008250943385064602,-0.004116106778383255,3.004174
0.6739583333333405,-0.007950087077915668,0.015845725312829018,-0.008239466696977615,-0.004113651346415281,3.004174
0.6750000000000073,-0.007945098914206028,0.01584027148783207,-0.008228031918406487,-0.0041113970801234245,3.004174
0.676041666666674,-0.007939779199659824,0.015832869336009026,-0.008215982466936111,-0.00410857517272234,3.004174
0.6770833333333407,-0.007934100925922394,0.015811098739504814,-0.008211224339902401,-0.004106520209461451,3.004174
0.6781250000000074,-0.00792863592505455,0.015804089605808258,-0.008199182339012623,-0.004104352090507746,3.004174
0.6791666666666741,-0.00792283471673727,0.01579575426876545,-0.00818661879748106,-0.0041010696440935135,3.004174
0.6802083333333409,-0.007917110808193684,0.015787774696946144,-0.008174121379852295,-0.004098314326256514,3.004174
0.6812500000000076,-0.007911289110779762,0.015779705718159676,-0.008162466809153557,-0.00409539882093668,3.004174
0.6822916666666743,-0.007905315607786179,0.015770673751831055,-0.008149683475494385,-0.004092037677764893,3.004174
0.683333333333341,-0.007899395190179348,0.015762243419885635,-0.00813720840960741,-0.004089099820703268,3.004174
0.6843750000000077,-0.007893332280218601,0.015739141032099724,-0.008131731301546097,-0.004087306559085846,3.004174
0.6854166666666744,-0.007886979728937149,0.01573014259338379,-0.008118826895952225,-0.004084703512489796,3.004174
0.6864583333333412,-0.007880495861172676,0.015720460563898087,-0.008105779998004436,-0.004081756342202425,3.004174
0.6875000000000079,-0.007873879745602608,0.015710098668932915,-0.008092296309769154,-0.004078800790011883,3.004174
0.6885416666666746,-0.007867176085710526,0.015699906274676323,-0.008078967221081257,-0.004074841272085905,3.004174
0.6895833333333413,-0.007860787212848663,0.015690742060542107,-0.008065938018262386,-0.004071347415447235,3.004174
0.690625000000008,-0.007853664457798004,0.015679074451327324,-0.008052610792219639,-0.004067674744874239,3.004174
0.6916666666666748,-0.007846228778362274,0.01565084047615528,-0.008047180250287056,-0.004064070992171764,3.004174
0.6927083333333415,-0.007838825695216656,0.01563955657184124,-0.00803275965154171,-0.004061977379024029,3.004174
0.6937500000000082,-0.007831497117877007,0.015628686174750328,-0.008018819615244865,-0.004059517290443182,3.004174
0.6947916666666749,-0.00782405398786068,0.015617148019373417,-0.008003942668437958,-0.004056320525705814,3.004174
0.6958333333333416,-0.007816459983587265,0.015605714172124863,-0.007989969104528427,-0.004052489530295134,3.004174
0.6968750000000083,-0.007808520458638668,0.015593198128044605,-0.007975595071911812,-0.004048220347613096,3.004174
0.6979166666666751,-0.007800538092851639,0.015580812469124794,-0.007961038500070572,-0.004044899716973305,3.004174
0.6989583333333418,-0.007790338713675737,0.01556448731571436,-0.007947837933897972,-0.004041421227157116,3.004174
0.7000000000000085,-0.007777141872793436,0.015522671863436699,-0.007944289594888687,-0.004037741106003523,3.004174
0.7010416666666752,-0.00776151055470109,0.015499780885875225,-0.007929347455501556,-0.00403355248272419,3.004174
0.7020833333333419,-0.007742597721517086,0.015451308339834213,-0.007926828227937222,-0.004030210431665182,3.004174
0.7031250000000087,-0.00772129138931632,0.015425351448357105,-0.007913502864539623,-0.004023443441838026,3.004174
0.7041666666666754,-0.0076967040076851845,0.015373705886304379,-0.007915224879980087,-0.004017016850411892,3.004174
0.7052083333333421,-0.007669647689908743,0.015345838852226734,-0.007906179875135422,-0.004008126445114613,3.004174
0.7062500000000088,-0.007639660499989986,0.015292658470571041,-0.007913563400506973,-0.003996091429144144,3.004174
0.7072916666666755,-0.007606999017298222,0.015263034962117672,-0.007911236956715584,-0.003985350951552391,3.004174
0.7083333333333423,-0.007571691647171974,0.015207689255475998,-0.007924019359052181,-0.003969807177782059,3.004174
0.709375000000009,-0.007533858995884657,0.015150046907365322,-0.007938439957797527,-0.003954041749238968,3.004174
0.7104166666666757,-0.007493935991078615,0.015091460198163986,-0.007952586747705936,-0.0039355214685201645,3.004174
0.7114583333333424,-0.007451643701642752,0.015031086280941963,-0.007964706048369408,-0.003917331341654062,3.004174
0.7125000000000091,-0.007407316472381353,0.014968683011829853,-0.007973315194249153,-0.003900011070072651,3.004174
0.7135416666666758,-0.007361349184066057,0.014904212206602097,-0.007977875880897045,-0.003881261684000492,3.004174
0.7145833333333426,-0.007313540671020746,0.014837414026260376,-0.007976977154612541,-0.0038613807410001755,3.004174
0.7156250000000093,-0.007264378480613232,0.014768684282898903,-0.007971604354679585,-0.003841864177957177,3.004174
0.716666666666676,-0.007213802542537451,0.0146981505677104,-0.007961170747876167,-0.003821481252089143,3.004174
0.7177083333333427,-0.007162072695791721,0.014625497162342072,-0.00794556550681591,-0.0038023244123905897,3.004174
0.7187500000000094,-0.007109490688890219,0.014551891013979912,-0.00792601890861988,-0.003782114712521434,3.004174
0.7197916666666762,-0.00705583393573761,0.014476856216788292,-0.007903250865638256,-0.0037631401792168617,3.004174
0.7208333333333429,-0.007001607678830624,0.014401232823729515,-0.007876883260905743,-0.0037425588816404343,3.004174
0.7218750000000096,-0.006946725305169821,0.01432475633919239,-0.007848042994737625,-0.003721667919307947,3.004174
0.7229166666666763,-0.006891404278576374,0.01424742303788662,-0.007816340774297714,-0.00370122492313385,3.004174
0.723958333333343,-0.006835876032710075,0.014170022681355476,-0.007783685345202684,-0.0036789546720683575,3.004174
0.7250000000000097,-0.0067800190299749374,0.014092291705310345,-0.007750079967081547,-0.003657701425254345,3.004174
0.7260416666666765,-0.006723970640450716,0.014014728367328644,-0.007716550026088953,-0.0036367876455187798,3.004174
0.7270833333333432,-0.006667993497103453,0.01393699087202549,-0.007682214956730604,-0.0036161455791443586,3.004174
0.7281250000000099,-0.0066123963333666325,0.013860057108104229,-0.007648796774446964,-0.0035939374938607216,3.004174
0.7291666666666766,-0.0065568904392421246,0.013783108443021774,-0.007616573013365269,-0.0035717803984880447,3.004174
0.7302083333333433,-0.006501877214759588,0.013707080855965614,-0.007585307117551565,-0.0035491385497152805,3.004174
0.7312500000000101,-0.006447041407227516,0.013631535694003105,-0.007555972784757614,-0.0035282522439956665,3.004174
0.7322916666666768,-0.006393085233867168,0.01355710532516241,-0.0075293295085430145,-0.0035074788611382246,3.004174
0.7333333333333435,-0.006339667830616236,0.013483421877026558,-0.0075051020830869675,-0.0034864922054111958,3.004174
0.7343750000000102,-0.006286872085183859,0.013410848565399647,-0.007482693996280432,-0.0034638531506061554,3.004174
0.7354166666666769,-0.0062347096391022205,0.013339146971702576,-0.007463589310646057,-0.003442218527197838,3.004174
0.7364583333333437,-0.006183539051562548,0.013268522918224335,-0.007446587085723877,-0.0034205743577331305,3.004174
0.7375000000000104,-0.006133121903985739,0.013199069537222385,-0.007433003280311823,-0.003398015396669507,3.004174
0.7385416666666771,-0.006083554122596979,0.013130714185535908,-0.007421671878546476,-0.0033763183746486902,3.004174
0.7395833333333438,-0.0060350326821208,0.013063356280326843,-0.007412689737975597,-0.0033545386977493763,3.004174
0.7406250000000105,-0.005986956879496574,0.012996826320886612,-0.007406994234770536,-0.0033322470262646675,3.004174
0.7416666666666772,-0.005938348360359669,0.012931853532791138,-0.007402322255074978,-0.0033089257776737213,3.004174
0.742708333333344,-0.005889075342565775,0.01286627072840929,-0.007398271467536688,-0.003285405458882451,3.004174
0.7437500000000107,-0.005839360877871513,0.012800325639545918,-0.0073908292688429356,-0.0032613908406347036,3.004174
0.7447916666666774,-0.005788837559521198,0.01273302547633648,-0.00738384248688817,-0.003236947115510702,3.004174
0.7458333333333441,-0.005738226696848869,0.012666151858866215,-0.007372938562184572,-0.0032130356412380934,3.004174
0.7468750000000108,-0.005686590913683176,0.012597708031535149,-0.0073623922653496265,-0.003188864793628454,3.004174
0.7479166666666776,-0.005634709261357784,0.012529480271041393,-0.007348840590566397,-0.003164730966091156,3.004174
0.7489583333333443,-0.005582184996455908,0.012460038997232914,-0.007334260269999504,-0.003139929845929146,3.004174
0.750000000000011,-0.005529491696506739,0.012390600517392159,-0.007317841053009033,-0.0031154488679021597,3.004174
0.7510416666666777,-0.005476540420204401,0.012320459820330143,-0.007300518453121185,-0.003091301303356886,3.004174
0.7520833333333444,-0.005423265974968672,0.012248802930116653,-0.007281824946403503,-0.003067291108891368,3.004174
0.7531250000000111,-0.005369873717427254,0.012176519259810448,-0.0072671896778047085,-0.003042320255190134,3.004174
0.7541666666666779,-0.005315463058650494,0.012103700079023838,-0.007247715722769499,-0.0030172360129654408,3.004174
0.7552083333333446,-0.005260922946035862,0.01202978752553463,-0.007226395420730114,-0.002992806490510702,3.004174
0.7562500000000113,-0.005206110887229443,0.011956007219851017,-0.007205145433545113,-0.002967351581901312,3.004174
0.757291666666678,-0.005151322111487389,0.011881820857524872,-0.007181140128523111,-0.0029429530259221792,3.004174
0.7583333333333447,-0.005096894223242998,0.011807875707745552,-0.007157269865274429,-0.0029192701913416386,3.004174
0.7593750000000115,-0.005043108947575092,0.011734643951058388,-0.007134204264730215,-0.0028963270597159863,3.004174
0.7604166666666782,-0.004990190267562866,0.01166224479675293,-0.007111950311809778,-0.0028728400357067585,3.004174
0.7614583333333449,-0.004938332363963127,0.011590475216507912,-0.00709130521863699,-0.002850913442671299,3.004174
0.7625000000000116,-0.004887710325419903,0.01151992566883564,-0.007072788663208485,-0.002828700002282858,3.004174
0.7635416666666783,-0.0048384591937065125,0.011450530961155891,-0.007056098897010088,-0.0028068041428923607,3.004174
0.764583333333345,-0.0047906916588544846,0.01138241309672594,-0.007041278760880232,-0.002785403048619628,3.004174
0.7656250000000118,-0.004744512494653463,0.011315200477838516,-0.007027533371001482,-0.0027640778571367264,3.004174
0.7666666666666785,-0.004700005985796452,0.011249484494328499,-0.007015671115368605,-0.002743754768744111,3.004174
0.7677083333333452,-0.004657236859202385,0.011184735223650932,-0.0070037441328167915,-0.002723946701735258,3.004174
0.7687500000000119,-0.004616261925548315,0.011120877228677273,-0.006991740316152573,-0.0027047705370932817,3.004174
0.7697916666666786,-0.004577120766043663,0.011058224365115166,-0.006978795863687992,-0.0026878155767917633,3.004174
0.7708333333333454,-0.004539839457720518,0.010996749624609947,-0.00696489866822958,-0.0026709046214818954,3.004174
0.7718750000000121,-0.004504427779465914,0.010936429724097252,-0.006950233597308397,-0.0026547680608928204,3.004174
0.7729166666666788,-0.004470880143344402,0.010877410881221294,-0.006934281438589096,-0.0026394675951451063,3.004174
0.7739583333333455,-0.00443917466327548,0.010819516144692898,-0.006916267331689596,-0.002625430468469858,3.004174
0.7750000000000122,-0.004409283399581909,0.010763106867671013,-0.006897295359522104,-0.0026122438721358776,3.004174
0.776041666666679,-0.00438116118311882,0.010708284564316273,-0.006876228377223015,-0.002600098494440317,3.004174
0.7770833333333457,-0.004354752600193024,0.010655314661562443,-0.006855926942080259,-0.002589185955002904,3.004174
0.7781250000000124,-0.004329983610659838,0.01060380320996046,-0.006834444589912891,-0.002577899256721139,3.004174
0.7791666666666791,-0.004306796006858349,0.010554002597928047,-0.006812277249991894,-0.0025676435325294733,3.004174
0.7802083333333458,-0.004285108298063278,0.010505951009690762,-0.006790433544665575,-0.002559011336416006,3.004174
0.7812500000000125,-0.004264844115823507,0.010460014455020428,-0.006768554914742708,-0.0025499528273940086,3.004174
0.7822916666666793,-0.004245914053171873,0.01041608676314354,-0.0067470502108335495,-0.002541873836889863,3.004174
0.783333333333346,-0.004228238947689533,0.01037374697625637,-0.0067259687930345535,-0.0025336926337331533,3.004174
0.7843750000000127,-0.0042117382399737835,0.01033355575054884,-0.006704946979880333,-0.0025261736009269953,3.004174
0.7854166666666794,-0.00419632438570261,0.010295421816408634,-0.006684861611574888,-0.0025186145212501287,3.004174
0.7864583333333461,-0.004181915894150734,0.01025895494967699,-0.006665481720119715,-0.002511544618755579,3.004174
0.7875000000000129,-0.004168420564383268,0.010224401019513607,-0.006646514870226383,-0.0025055340956896544,3.004174
0.7885416666666796,-0.00415577320381999,0.010191477835178375,-0.006627968512475491,-0.0024994260165840387,3.004174
0.7895833333333463,-0.004143899772316217,0.01016048714518547,-0.006610641721636057,-0.0024930420331656933,3.004174
0.790625000000013,-0.0041327206417918205,0.010130971670150757,-0.0065933880396187305,-0.0024875355884432793,3.004174
0.7916666666666797,-0.004122174810618162,0.010103020817041397,-0.006576512474566698,-0.00248156301677227,3.004174
0.7927083333333464,-0.0041121989488601685,0.010076216422021389,-0.006560064386576414,-0.0024766295682638884,3.004174
0.7937500000000132,-0.004102722276002169,0.010051149874925613,-0.006544193252921104,-0.0024716577026993036,3.004174
0.7947916666666799,-0.0040937080048024654,0.010027269832789898,-0.0065289027988910675,-0.0024666001554578543,3.004174
0.7958333333333466,-0.004090204369276762,0.010021300986409187,-0.006516837049275637,-0.0024645712692290545,3.004174
0.7968750000000133,-0.004086735192686319,0.010014520026743412,-0.006507483310997486,-0.002463117940351367,3.004174
0.79791666666668,-0.004083256237208843,0.010007820092141628,-0.006498238537460566,-0.002461116062477231,3.004174
0.7989583333333468,-0.004079765174537897,0.010001122020184994,-0.006489019840955734,-0.002459459938108921,3.004174
0.8000000000000135,-0.004076262470334768,0.009994441643357277,-0.006479200907051563,-0.0024571118410676718,3.004174
0.8010416666666802,-0.004072746727615595,0.0099877854809165,-0.00647013820707798,-0.002455092268064618,3.004174
0.8020833333333469,-0.004069216083735228,0.009981204755604267,-0.006460779346525669,-0.0024523590691387653,3.004174
0.8031250000000136,-0.004065671470016241,0.009974579326808453,-0.0064511606469750404,-0.002449904102832079,3.004174
0.8041666666666804,-0.004062117543071508,0.009968019090592861,-0.00644190376624465,-0.0024478700943291187,3.004174
0.8052083333333471,-0.004058549180626869,0.009961485862731934,-0.0064325155690312386,-0.0024452086072415113,3.004174
0.8062500000000138,-0.0040549663826823235,0.009954926557838917,-0.006423897575587034,-0.0024430507328361273,3.004174
0.8072916666666805,-0.0040513635613024235,0.00994840171188116,-0.006414867006242275,-0.0024406190495938063,3.004174
0.8083333333333472,-0.004047752823680639,0.009941751137375832,-0.0064055887050926685,-0.002438647672533989,3.004174
0.8093750000000139,-0.004044126253575087,0.009935105219483376,-0.006395835429430008,-0.0024369347374886274,3.004174
0.8104166666666807,-0.004040490835905075,0.009928615763783455,-0.006386694964021444,-0.0024352765176445246,3.004174
0.8114583333333474,-0.004036834929138422,0.009921972639858723,-0.006377504672855139,-0.0024343831464648247,3.004174
0.8125000000000141,-0.004033160861581564,0.009915405884385109,-0.006368265487253666,-0.002432930748909712,3.004174
0.8135416666666808,-0.004029472358524799,0.009908712469041348,-0.006359174381941557,-0.0024315009359270334,3.004174
0.8145833333333475,-0.004025775007903576,0.009902013465762138,-0.006349524017423391,-0.0024301582016050816,3.004174
0.8156250000000143,-0.004022062756121159,0.009895390830934048,-0.006340338382869959,-0.0024286997504532337,3.004174
0.816666666666681,-0.004018326755613089,0.009888655506074429,-0.006331279873847961,-0.002427459927275777,3.004174
0.8177083333333477,-0.004014580976217985,0.009882019832730293,-0.006322196219116449,-0.0024259642232209444,3.004174
0.8187500000000144,-0.004010813310742378,0.00987533014267683,-0.006312768906354904,-0.002424628706648946,3.004174
0.8197916666666811,-0.004007022827863693,0.009868704713881016,-0.006303541362285614,-0.002423470839858055,3.004174
0.8208333333333478,-0.004003216978162527,0.009862088598310947,-0.006294616498053074,-0.0024233104195445776,3.004174
0.8218750000000146,-0.003999394364655018,0.00985542219132185,-0.006285770796239376,-0.002422428224235773,3.004174
0.8229166666666813,-0.003995548468083143,0.009848571382462978,-0.0062765199691057205,-0.00242132437415421,3.004174
0.823958333333348,-0.003991688136011362,0.009841772727668285,-0.006267226301133633,-0.00242052273824811,3.004174
0.8250000000000147,-0.003987798932939768,0.009835034608840942,-0.006257947068661451,-0.0024195832666009665,3.004174
0.8260416666666814,-0.003983911592513323,0.009828238748013973,-0.0062486277893185616,-0.0024183369241654873,3.004174
0.8270833333333482,-0.003980001900345087,0.009821495041251183,-0.006239131558686495,-0.00241658603772521,3.004174
0.8281250000000149,-0.0039760647341609,0.009814733639359474,-0.0062301321886479855,-0.002415927592664957,3.004174
0.8291666666666816,-0.003972111735492945,0.009807865135371685,-0.006221015937626362,-0.002414384623989463,3.004174
0.8302083333333483,-0.003968138713389635,0.009800988249480724,-0.006211675703525543,-0.0024127077776938677,3.004174
0.831250000000015,-0.003964134957641363,0.00979404617100954,-0.006202314980328083,-0.002411789260804653,3.004174
0.8322916666666818,-0.003960113972425461,0.009787151589989662,-0.006192827597260475,-0.002410423243418336,3.004174
0.8333333333333485,-0.0039560841396451,0.00978010892868042,-0.006182923447340727,-0.0024089007638394833,3.004174
0.8343750000000152,-0.003952027764171362,0.009773035533726215,-0.006173289380967617,-0.002408383646979928,3.004174
0.8354166666666819,-0.003947958815842867,0.009766090661287308,-0.006164113525301218,-0.0024071489460766315,3.004174
0.8364583333333486,-0.003943840507417917,0.009758980944752693,-0.006154919508844614,-0.002405824838206172,3.004174
0.8375000000000153,-0.003939715679734945,0.0097518814727664,-0.0061452132649719715,-0.0024045477621257305,3.004174
0.8385416666666821,-0.003935559187084436,0.009744826704263687,-0.006135541945695877,-0.0024038527626544237,3.004174
0.8395833333333488,-0.0039313738234341145,0.009737559594213963,-0.006125869229435921,-0.002402735175564885,3.004174
0.8406250000000155,-0.003927159123122692,0.009730414487421513,-0.0061166598461568356,-0.002401758683845401,3.004174
0.8416666666666822,-0.0039229183457791805,0.009723102673888206,-0.00610698014497757,-0.002401001751422882,3.004174
0.8427083333333489,-0.003918669186532497,0.009715775959193707,-0.006097315810620785,-0.0023999058175832033,3.004174
0.8437500000000157,-0.003914393950253725,0.009708398953080177,-0.006087491754442453,-0.002398792188614607,3.004174
0.8447916666666824,-0.003910075407475233,0.00970090925693512,-0.006078059785068035,-0.002398451091721654,3.004174
0.8458333333333491,-0.003905721241608262,0.009693386033177376,-0.006068345159292221,-0.0023974457290023565,3.004174
0.8468750000000158,-0.0039013493806123734,0.009685764089226723,-0.006058800499886274,-0.0023959593381732702,3.004174
0.8479166666666825,-0.0038969286251813173,0.00967801921069622,-0.006048675626516342,-0.00239508505910635,3.004174
0.8489583333333492,-0.0038928487338125706,0.009680131450295448,-0.0060355523601174355,-0.002394169569015503,3.004174
0.850000000000016,-0.0034986857790499926,0.010040335357189178,-0.005874108988791704,-0.01264205202460289,3.004174
0.8510416666666827,-0.002668453846126795,0.01180933229625225,-0.0023272400721907616,-0.024776814505457878,3.004174
0.8520833333333494,-0.0018343443516641855,0.013483064249157906,0.0028192715253680944,-0.030469808727502823,3.004174
0.8531250000000161,-0.0009907048661261797,0.01476762630045414,0.008099284954369068,-0.03308691829442978,3.004174
0.8541666666666828,-0.00015884762979112566,0.01570104993879795,0.01295134611427784,-0.03432674705982208,3.004174
0.8552083333333496,0.0006487114587798715,0.01634891889989376,0.017140159383416176,-0.03489026799798012,3.004174
0.8562500000000163,0.001424222718924284,0.016779538244009018,0.020659014582633972,-0.0350971482694149,3.004174
0.857291666666683,0.0021636460442095995,0.017089152708649635,0.02361290715634823,-0.03508494794368744,3.004174
0.8583333333333497,0.002865729620680213,0.01733068935573101,0.02623235620558262,-0.034958623349666595,3.004174
0.8593750000000164,0.00353124737739563,0.017503539100289345,0.02876339852809906,-0.0347839891910553,3.004174
0.8604166666666831,0.004157097078859806,0.017659218981862068,0.03099547140300274,-0.034502435475587845,3.004174
0.8614583333333499,0.004738409537822008,0.017754172906279564,0.03294958919286728,-0.03417886421084404,3.004174
0.8625000000000166,0.005273669958114624,0.017821498215198517,0.03465908020734787,-0.0338275283575058,3.004174
0.8635416666666833,0.005762333050370216,0.017862509936094284,0.036155086010694504,-0.033454958349466324,3.004174
0.86458333333335,0.0062042297795414925,0.01787675730884075,0.03746013715863228,-0.03306557983160019,3.004174
0.8656250000000167,0.006599403917789459,0.017863258719444275,0.03859706595540047,-0.03266148269176483,3.004174
0.8666666666666835,0.006948075257241726,0.017821745947003365,0.03958236426115036,-0.0322420597076416,3.004174
0.8677083333333502,0.007250441238284111,0.01775139383971691,0.040432509034872055,-0.031806983053684235,3.004174
0.8687500000000169,0.00750668253749609,0.017651252448558807,0.04116186872124672,-0.03135497123003006,3.004174
0.8697916666666836,0.007629351690411568,0.01749083213508129,0.04176028445363045,-0.03089084103703499,3.004174
0.8708333333333503,0.00763900438323617,0.01724369265139103,0.04227158799767494,-0.030353808775544167,3.004174
0.871875000000017,0.007612265180796385,0.016933152452111244,0.04273780435323715,-0.029732495546340942,3.004174
0.8729166666666838,0.007560280617326498,0.016567379236221313,0.04312944784760475,-0.029046330600976944,3.004174
0.8739583333333505,0.007480328436940908,0.016160476952791214,0.04344768449664116,-0.028310691937804222,3.004174
0.8750000000000172,0.0073715923354029655,0.01571684330701828,0.04369446262717247,-0.027533533051609993,3.004174
0.8760416666666839,0.007234170101583004,0.015239112079143524,0.04386957734823227,-0.026719674468040466,3.004174
0.8770833333333506,0.00706888735294342,0.014729891903698444,0.043974097818136215,-0.025870727375149727,3.004174
0.8781250000000174,0.0068767135962843895,0.01419028639793396,0.044011373072862625,-0.024988319724798203,3.004174
0.8791666666666841,0.006658615078777075,0.013622012920677662,0.043982479721307755,-0.024072036147117615,3.004174
0.8802083333333508,0.006415621377527714,0.013024888001382351,0.0438886433839798,-0.023122770711779594,3.004174
0.8812500000000175,0.00614878861233592,0.012400981038808823,0.043732140213251114,-0.02214214578270912,3.004174
0.8822916666666842,0.005859174765646458,0.011751476675271988,0.04351330175995827,-0.02112899348139763,3.004174
0.883333333333351,0.005547927226871252,0.01107726339250803,0.04323403164744377,-0.020084891468286514,3.004174
0.8843750000000177,0.005216105375438929,0.010379311628639698,0.0428958423435688,-0.0190101470798254,3.004174
0.8854166666666844,0.004864766728132963,0.009657718241214752,0.04249810427427292,-0.01790483295917511,3.004174
0.8864583333333511,0.004495082888752222,0.00891055166721344,0.04204197973012924,-0.016771486029028893,3.004174
0.8875000000000178,0.004108177497982979,0.00813367310911417,0.04152648150920868,-0.015608220361173153,3.004174
0.8885416666666845,0.003705280367285013,0.007322102785110474,0.04095451533794403,-0.014416605234146118,3.004174
0.8895833333333513,0.003301074029877782,0.006580984685570002,0.04015303775668144,-0.013239037245512009,3.004174
0.890625000000018,0.002917500678449869,0.0059872958809137344,0.03895705193281174,-0.012122218497097492,3.004174
0.8916666666666847,0.002571302931755781,0.0054817404597997665,0.0373934768140316,-0.011085228063166142,3.004174
0.8927083333333514,0.002263487782329321,0.005018926225602627,0.035537466406822205,-0.010147658176720142,3.004174
0.8937500000000181,0.001997197512537241,0.004621823783963919,0.033589672297239304,-0.009284107945859432,3.004174
0.8947916666666849,0.0017692487454041839,0.00423053465783596,0.03170033544301987,-0.008485679514706135,3.004174
0.8958333333333516,0.0015744151314720511,0.003941467963159084,0.02991984598338604,-0.0077615766786038876,3.004174
0.8968750000000183,0.0014142426662147045,0.0037023958284407854,0.02827923186123371,-0.007121794857084751,3.004174
0.897916666666685,0.0012864739401265979,0.003558024065569043,0.026805544272065163,-0.006562387570738792,3.004174
0.8989583333333517,0.0011905728606507182,0.0034562309738248587,0.025475438684225082,-0.006117396056652069,3.004174
0.9000000000000185,0.001123536261729896,0.0033769330475479364,0.024315210059285164,-0.005780028644949198,3.004174
