Time,Pistoning (suspension_slide),Angle_X,Angle_Y,Angle_Z,Mean_Wall_Time_Sec
0.00020833333333333335,4.485140834731283e-06,4.366155553725548e-05,-1.101705606743053e-06,-8.575349056627601e-06,24.511920
0.0004166666666666667,5.7601141634222586e-06,6.554010178660974e-05,1.058363295669551e-06,-1.295049241889501e-05,24.511920
0.000625,6.896544618939515e-06,8.707611414138228e-05,4.938733582093846e-06,-1.7543132344144396e-05,24.511920
0.0008333333333333334,8.00822272140067e-06,0.0001082806775229983,8.49915886647068e-06,-2.153794775949791e-05,24.511920
0.0010416666666666667,9.111071449297015e-06,0.00012948016228619963,1.2197117030154914e-05,-2.5396722776349634e-05,24.511920
0.00125,1.0201019904343411e-05,0.00014966570597607642,1.5307621652027592e-05,-2.8939586627529934e-05,24.511920
0.0014583333333333334,1.1290848306089174e-05,0.00017059763194993138,1.8801234546117485e-05,-3.2433512387797236e-05,24.511920
0.0016666666666666668,1.2363196219666861e-05,0.00019110595167148858,2.1927924535702914e-05,-3.5958088119514287e-05,24.511920
0.0018750000000000001,1.3433943422569428e-05,0.00021191219275351614,2.5197887225658633e-05,-3.960290996474214e-05,24.511920
0.0020833333333333333,1.4488367924059276e-05,0.00023194434470497072,2.849906923074741e-05,-4.3363797885831445e-05,24.511920
0.0022916666666666667,1.5532574252574705e-05,0.0002519147237762809,3.167170871165581e-05,-4.6707467845408246e-05,24.511920
0.0025,1.657235588936601e-05,0.0002710783446673304,3.486983405309729e-05,-5.005626007914543e-05,24.511920
0.0027083333333333334,1.759753649821505e-05,0.0002902137057390064,3.8360958569683135e-05,-5.379426511353813e-05,24.511920
0.002916666666666667,1.8619883121573366e-05,0.0003093780542258173,4.226068267598748e-05,-5.736139428336173e-05,24.511920
0.003125,1.9634197087725624e-05,0.00032824368099682033,4.603403795044869e-05,-6.116767326602712e-05,24.511920
0.0033333333333333335,2.063289866782725e-05,0.00034624800900928676,4.984004044672474e-05,-6.48508794256486e-05,24.511920
0.003541666666666667,2.1623613065457903e-05,0.0003643643867690116,5.366940240492113e-05,-6.84824408381246e-05,24.511920
0.0037500000000000003,2.2605749109061435e-05,0.00038209324702620506,5.716660962207243e-05,-7.195922080427408e-05,24.511920
0.003958333333333334,2.3581400455441326e-05,0.0003991352568846196,6.0714082792401314e-05,-7.526337140006945e-05,24.511920
0.004166666666666667,2.4554306946811266e-05,0.000415635178796947,6.405437306966633e-05,-7.838808960514143e-05,24.511920
0.0043749999999999995,2.5510797058814205e-05,0.0004315985715948045,6.762158591300249e-05,-8.179219730664045e-05,24.511920
0.0045833333333333325,2.646130269567948e-05,0.000447645754320547,7.086170808179304e-05,-8.474928472423926e-05,24.511920
0.004791666666666665,2.7413410862209275e-05,0.00046384401503019035,7.425299554597586e-05,-8.800835348665714e-05,24.511920
0.004999999999999998,2.8356211259961128e-05,0.0004800159658771008,7.778395229252055e-05,-9.150039113592356e-05,24.511920
0.005208333333333331,2.928848880401347e-05,0.0004959736834280193,8.090343180811033e-05,-9.448300261283293e-05,24.511920
0.005416666666666664,3.0214894650271162e-05,0.0005120229325257242,8.417764911428094e-05,-9.761891124071553e-05,24.511920
0.005624999999999997,3.1132312869885936e-05,0.0005285752122290432,8.720203186385334e-05,-0.00010093360469909385,24.511920
0.00583333333333333,3.204384120181203e-05,0.0005446157301776111,9.022636368172243e-05,-0.000103689257230144,24.511920
0.006041666666666663,3.2949759770417586e-05,0.0005602448945865035,9.32266193558462e-05,-0.00010661623673513532,24.511920
0.006249999999999996,3.385095260455273e-05,0.0005760195199400187,9.622116340324283e-05,-0.00010963012755382806,24.511920
0.006458333333333329,3.472388561931439e-05,0.0005918820388615131,9.88738247542642e-05,-0.00011240735329920426,24.511920
0.006666666666666662,3.5604734875960276e-05,0.0006078979349695146,0.00010160232341149822,-0.00011553752847248688,24.511920
0.006874999999999995,3.646375625976361e-05,0.0006234093452803791,0.00010425571963423863,-0.00011857329081976786,24.511920
0.007083333333333328,3.7320958654163405e-05,0.0006393938674591482,0.00010678703256417066,-0.00012181866622995585,24.511920
0.007291666666666661,3.8168094761203974e-05,0.0006547804805450141,0.00010933130397461355,-0.00012477475684136152,24.511920
0.007499999999999994,3.901398667949252e-05,0.0006704627885483205,0.00011167880438733846,-0.00012776092626154423,24.511920
0.007708333333333327,3.985103830927983e-05,0.000685820123180747,0.00011406467092456296,-0.00013055898307356983,24.511920
0.00791666666666666,4.0683018596610054e-05,0.000701623095665127,0.00011662581528071314,-0.0001336402929155156,24.511920
0.008124999999999993,4.1509450966259465e-05,0.0007172778132371604,0.000119158583402168,-0.00013668180326931179,24.511920
0.008333333333333326,4.231943603372201e-05,0.0007327196071855724,0.00012162961502326652,-0.00013947626575827599,24.511920
0.00854166666666666,4.312667442718521e-05,0.000748401100281626,0.0001241246791323647,-0.00014284953067544848,24.511920
0.008749999999999992,4.392503251438029e-05,0.0007634620415046811,0.00012674325262196362,-0.00014580812421627343,24.511920
0.008958333333333325,4.471763168112375e-05,0.0007789639639668167,0.00012915606203023344,-0.00014882876712363213,24.511920
0.009166666666666658,4.5502212742576376e-05,0.0007943466771394014,0.0001316241832682863,-0.0001515844342065975,24.511920
0.009374999999999991,4.628283568308689e-05,0.0008091026684269309,0.0001341476454399526,-0.00015443073061760515,24.511920
0.009583333333333324,4.7057583287823945e-05,0.0008241838659159839,0.00013607789878733456,-0.00015700081712566316,24.511920
0.009791666666666657,4.782931864610873e-05,0.0008390548755414784,0.00013844440400134772,-0.00015996521688066423,24.511920
0.00999999999999999,4.85923228552565e-05,0.0008537481771782041,0.0001406378869432956,-0.00016283951117657125,24.511920
0.010208333333333323,4.935386823490262e-05,0.0008681709878146648,0.0001428270188625902,-0.0001655712549109012,24.511920
0.010416666666666656,5.011076791561209e-05,0.0008821777882985771,0.00014489261957351118,-0.00016820251767057925,24.511920
0.010624999999999989,5.0860671763075516e-05,0.0008959699189290404,0.0001470440620323643,-0.00017066295549739152,24.511920
0.010833333333333322,5.159872671356425e-05,0.0009097957517951727,0.00014905002899467945,-0.0001730647636577487,24.511920
0.011041666666666655,5.233709089225158e-05,0.0009234962053596973,0.0001513142342446372,-0.00017553739598952234,24.511920
0.011249999999999987,5.3069161367602646e-05,0.0009367821621708572,0.00015355432697106153,-0.00017797986220102757,24.511920
0.01145833333333332,5.379022331908345e-05,0.0009497717255726457,0.00015581920160911977,-0.00018071540398523211,24.511920
0.011666666666666653,5.4507199820363894e-05,0.0009627212421037257,0.0001576611102791503,-0.0001826864609029144,24.511920
0.011874999999999986,5.521373532246798e-05,0.0009751932811923325,0.0001594645727891475,-0.00018451175128575414,24.511920
0.01208333333333332,5.5920667364262044e-05,0.0009873338276520371,0.00016123542445711792,-0.00018668979464564472,24.511920
0.012291666666666652,5.661666364176199e-05,0.000999297248199582,0.00016290973871946335,-0.0001889009290607646,24.511920
0.012499999999999985,5.731534110964276e-05,0.001010660082101822,0.0001646747550694272,-0.00019072923169005662,24.511920
0.012708333333333318,5.799924838356674e-05,0.0010218776296824217,0.0001662276335991919,-0.00019264199363533407,24.511920
0.012916666666666651,5.866497303941287e-05,0.0010333007667213678,0.00016804441111162305,-0.0001947044802363962,24.511920
0.013124999999999984,5.931764462729916e-05,0.0010446688393130898,0.00017000880325213075,-0.0001970923476619646,24.511920
0.013333333333333317,5.9960624639643356e-05,0.00105561304371804,0.0001717099075904116,-0.00019897249876521528,24.511920
0.01354166666666665,6.0602164012379944e-05,0.0010670435149222612,0.000173973006894812,-0.0002014870406128466,24.511920
0.013749999999999983,6.123854109318927e-05,0.0010786782950162888,0.00017617581761442125,-0.0002038260136032477,24.511920
0.013958333333333316,6.186955579323694e-05,0.001090164529159665,0.00017819477943703532,-0.00020618825510609895,24.511920
0.014166666666666649,6.249608122743666e-05,0.0011007811408489943,0.0001799688907340169,-0.0002085273590637371,24.511920
0.014374999999999982,6.311867764452472e-05,0.0011116941459476948,0.00018195372831542045,-0.00021068938076496124,24.511920
0.014583333333333314,6.373388896463439e-05,0.001122401445172727,0.0001837902527768165,-0.0002125569008057937,24.511920
0.014791666666666647,6.434744864236563e-05,0.001133312238380313,0.00018541462486609817,-0.00021480332361534238,24.511920
0.01499999999999998,6.495277921203524e-05,0.0011441090609878302,0.0001873093715403229,-0.00021719808864872903,24.511920
0.015208333333333313,6.555169966304675e-05,0.0011546099558472633,0.00018929492216557264,-0.0002194718545069918,24.511920
0.015416666666666646,6.61480808048509e-05,0.0011653144611045718,0.00019100944336969405,-0.00022166369308251888,24.511920
0.01562499999999998,6.674270116491243e-05,0.00117617123760283,0.0001929999707499519,-0.000223998780711554,24.511920
0.015833333333333314,6.733240297762677e-05,0.001186906360089779,0.00019498121400829405,-0.0002259266475448385,24.511920
0.01604166666666665,6.791148916818202e-05,0.0011979048140347004,0.00019655178766697645,-0.00022782549785915762,24.511920
0.016249999999999983,6.849431520095095e-05,0.0012082847533747554,0.00019838394655380398,-0.00022997928317636251,24.511920
0.016458333333333318,6.906926137162372e-05,0.0012190487468615174,0.00020009986474178731,-0.00023204866738524288,24.511920
0.016666666666666653,6.964112253626809e-05,0.0012293054023757577,0.00020158084225840867,-0.00023404420062433928,24.511920
0.016874999999999987,7.02011093380861e-05,0.0012400099076330662,0.0002031811891356483,-0.0002362310915486887,24.511920
0.017083333333333322,7.076592737575993e-05,0.0012505378108471632,0.00020524972933344543,-0.00023872240853961557,24.511920
0.017291666666666657,7.13239423930645e-05,0.0012611198471859097,0.00020686400239355862,-0.00024096775450743735,24.511920
0.01749999999999999,7.18756637070328e-05,0.0012717024656012654,0.0002084274310618639,-0.00024313702306244522,24.511920
0.017708333333333326,7.242379797389731e-05,0.0012825260637328029,0.00021046402980573475,-0.0002455985522828996,24.511920
0.01791666666666666,7.296440890058875e-05,0.0012925761984661222,0.00021198966715019196,-0.00024804685381241143,24.511920
0.018124999999999995,7.350130908889696e-05,0.0013031616108492017,0.00021394403302110732,-0.00025030304095707834,24.511920
0.01833333333333333,7.403667405014858e-05,0.0013135643675923347,0.00021538666624110192,-0.0002522819268051535,24.511920
0.018541666666666665,7.457104220520705e-05,0.0013240267289802432,0.0002170124789699912,-0.0002542407892178744,24.511920
0.01875,7.509306306019425e-05,0.0013346656924113631,0.00021838904649484903,-0.0002562760782893747,24.511920
0.018958333333333334,7.561039092252031e-05,0.0013450104743242264,0.00022010429529473186,-0.00025840700254775584,24.511920
0.01916666666666667,7.61221454013139e-05,0.001355380634777248,0.0002215092972619459,-0.00026054392219521105,24.511920
0.019375000000000003,7.66283628763631e-05,0.0013654875801876187,0.0002233017876278609,-0.0002630928356666118,24.511920
0.019583333333333338,7.712680962868035e-05,0.0013757996493950486,0.00022488630202133209,-0.0002652304247021675,24.511920
0.019791666666666673,7.762436143821105e-05,0.0013863195199519396,0.00022671432816423476,-0.00026743661146610975,24.511920
0.020000000000000007,7.811506657162681e-05,0.0013964881654828787,0.0002288083196617663,-0.0002698747848626226,24.511920
0.020208333333333342,7.861106132622808e-05,0.0014063213020563126,0.00023001393128652126,-0.0002715561131481081,24.511920
0.020416666666666677,7.90927661000751e-05,0.0014157936675474048,0.00023126340238377452,-0.00027332661557011306,24.511920
0.02062500000000001,7.957279012771323e-05,0.001425475929863751,0.0002324924716958776,-0.00027498792042024434,24.511920
0.020833333333333346,8.004876872291788e-05,0.001435452955774963,0.00023372008581645787,-0.0002767393016256392,24.511920
0.02104166666666668,8.052308112382889e-05,0.0014451371971517801,0.00023524284188169986,-0.0002785811375360936,24.511920
0.021250000000000015,8.098737453110516e-05,0.001454701879993081,0.00023673500982113183,-0.00028077131719328463,24.511920
0.02145833333333335,8.145275933202356e-05,0.0014639366418123245,0.00023807823890820146,-0.0002827558491844684,24.511920
0.021666666666666685,8.191314555006102e-05,0.00147323461715132,0.00023983501887414604,-0.00028457576991058886,24.511920
0.02187500000000002,8.236815483542159e-05,0.0014822599478065968,0.0002413222100585699,-0.0002866014838218689,24.511920
0.022083333333333354,8.282416092697531e-05,0.0014910472091287374,0.00024280369689222425,-0.00028879509773105383,24.511920
0.02229166666666669,8.327209070557728e-05,0.0015000138664618134,0.00024426105665042996,-0.0002908133901655674,24.511920
0.022500000000000023,8.372188312932849e-05,0.0015088242944329977,0.00024563114857301116,-0.0002921665436588228,24.511920
0.022708333333333358,8.416751370532438e-05,0.0015175475273281336,0.00024719772045500576,-0.00029398733749985695,24.511920
0.022916666666666693,8.460496610496193e-05,0.0015254962490871549,0.00024840235710144043,-0.0002957152610179037,24.511920
0.023125000000000027,8.504361903760582e-05,0.0015338892117142677,0.00024948990903794765,-0.00029744309722445905,24.511920
0.023333333333333362,8.547546167392284e-05,0.001541506964713335,0.0002505164302419871,-0.00029913094476796687,24.511920
0.023541666666666697,8.590645302319899e-05,0.0015496007399633527,0.00025192752946168184,-0.00030095610418356955,24.511920
0.02375000000000003,8.633206016384065e-05,0.0015568629605695605,0.00025327751063741744,-0.0003028050996363163,24.511920
0.023958333333333366,8.67531489348039e-05,0.0015637895558029413,0.00025404771440662444,-0.00030434978543780744,24.511920
0.0241666666666667,8.71675947564654e-05,0.00157107412815094,0.00025518552865833044,-0.000305850466247648,24.511920
0.024375000000000036,8.75836267368868e-05,0.0015777945518493652,0.00025646371068432927,-0.0003077641304116696,24.511920
0.02458333333333337,8.799033093964681e-05,0.0015844792360439897,0.00025749640190042555,-0.000309387018205598,24.511920
0.024791666666666705,8.839537622407079e-05,0.0015905079199001193,0.0002584999892860651,-0.00031071194098331034,24.511920
0.02500000000000004,8.87987989699468e-05,0.001596175949089229,0.0002593473473098129,-0.00031191951711662114,24.511920
0.025208333333333374,8.919649553718045e-05,0.0016018113819882274,0.00026046927087008953,-0.00031304729054681957,24.511920
0.02541666666666671,8.959383558249101e-05,0.0016075080493465066,0.00026131016784347594,-0.0003140543703921139,24.511920
0.025625000000000044,8.999398414744064e-05,0.001613234868273139,0.0002623108448460698,-0.00031517792376689613,24.511920
0.025833333333333378,9.038568532560021e-05,0.0016187841538339853,0.0002633077965583652,-0.000316529389237985,24.511920
0.026041666666666713,9.07751964405179e-05,0.001624659518711269,0.00026421702932566404,-0.00031780629069544375,24.511920
0.026250000000000048,9.115939610637724e-05,0.0016308575868606567,0.00026482169050723314,-0.00031875548302195966,24.511920
0.026458333333333382,9.154403232969344e-05,0.0016366461059078574,0.0002659408492036164,-0.00032018055208027363,24.511920
0.026666666666666717,9.192879952024668e-05,0.001642285962589085,0.0002667896915227175,-0.0003217404300812632,24.511920
0.02687500000000005,9.231060539605096e-05,0.0016478057950735092,0.00026781007181853056,-0.0003231820883229375,24.511920
0.027083333333333386,9.2691472673323e-05,0.0016538013005629182,0.00026895833434537053,-0.00032460966031067073,24.511920
0.02729166666666672,9.307104483013973e-05,0.0016595844645053148,0.0002696856972761452,-0.00032543367706239223,24.511920
0.027500000000000056,9.344411228084937e-05,0.0016654329374432564,0.00027106815832667053,-0.0003268372092861682,24.511920
0.02770833333333339,9.38136872719042e-05,0.0016712442738935351,0.0002717657189350575,-0.0003277548239566386,24.511920
0.027916666666666725,9.417897672392428e-05,0.0016772937960922718,0.00027267695986665785,-0.00032864915556274354,24.511920
0.02812500000000006,9.454457904212177e-05,0.0016826330684125423,0.0002734355512075126,-0.00032961973920464516,24.511920
0.028333333333333394,9.490829688729718e-05,0.0016883607022464275,0.00027440706617198884,-0.00033109047217294574,24.511920
0.02854166666666673,9.527240763418376e-05,0.0016941718058660626,0.0002752537257038057,-0.0003318084927741438,24.511920
0.028750000000000064,9.563191997585818e-05,0.001700020395219326,0.00027642815257422626,-0.00033308376441709697,24.511920
0.0289583333333334,9.598463657312095e-05,0.0017057714285328984,0.00027701150975190103,-0.0003338829264976084,24.511920
0.029166666666666733,9.633509034756571e-05,0.001711411983706057,0.00027800651150755584,-0.0003354166110511869,24.511920
0.029375000000000068,9.668801794759929e-05,0.0017171368235722184,0.00027906239847652614,-0.0003363978466950357,24.511920
0.029583333333333402,9.703901741886511e-05,0.0017227414064109325,0.00027976572164334357,-0.0003373137442395091,24.511920
0.029791666666666737,9.738378139445558e-05,0.0017286449437960982,0.0002806719276122749,-0.0003385212039574981,24.511920
0.030000000000000072,9.773008787306026e-05,0.0017346992390230298,0.00028154923347756267,-0.0003397732798475772,24.511920
0.030208333333333406,9.806967864278704e-05,0.0017405403777956963,0.0002822148962877691,-0.00034095661249011755,24.511920
0.03041666666666674,9.840353595791385e-05,0.00174629595130682,0.0002830977027770132,-0.00034193138708360493,24.511920
0.030625000000000076,9.874074021354318e-05,0.0017520830733701587,0.0002842742542270571,-0.00034311486524529755,24.511920
0.03083333333333341,9.906756167765707e-05,0.0017579557606950402,0.0002852088655345142,-0.0003442791348788887,24.511920
0.031041666666666745,9.93934809230268e-05,0.0017636532429605722,0.00028627555002458394,-0.0003454906109254807,24.511920
0.031250000000000076,9.97184615698643e-05,0.0017691695829853415,0.00028690852923318744,-0.00034663849510252476,24.511920
0.03145833333333341,0.00010004021169152111,0.0017750750994309783,0.00028773193480446935,-0.000347942637745291,24.511920
0.03166666666666674,0.00010036578169092536,0.001781100989319384,0.0002887595328502357,-0.0003495979181025177,24.511920
0.03187500000000007,0.00010068246047012508,0.0017868009163066745,0.00028989851125516,-0.0003511109680403024,24.511920
0.0320833333333334,0.0001010040650726296,0.0017927911831066012,0.00029062951216474175,-0.00035203181323595345,24.511920
0.03229166666666673,0.00010132189345313236,0.001798340235836804,0.00029151231865398586,-0.0003532077535055578,24.511920
0.032500000000000064,0.00010163534170715138,0.0018040077993646264,0.0002925973676610738,-0.00035459804348647594,24.511920
0.032708333333333395,0.00010194793139817193,0.0018100020242854953,0.00029350584372878075,-0.00035602066782303154,24.511920
0.032916666666666726,0.00010225348523817956,0.0018153132405132055,0.0002943843137472868,-0.00035734238917939365,24.511920
0.03312500000000006,0.00010256294626742601,0.001821132842451334,0.0002955616801045835,-0.00035891644074581563,24.511920
0.03333333333333339,0.00010286417091265321,0.0018265278777107596,0.0002964649465866387,-0.0003599821066018194,24.511920
0.03354166666666672,0.00010316448606317863,0.0018321636598557234,0.00029751809779554605,-0.00036132242530584335,24.511920
0.03375000000000005,0.00010346756607759744,0.0018375919898971915,0.0002984817838296294,-0.000362718099495396,24.511920
0.03395833333333338,0.00010376473073847592,0.0018431346397846937,0.00029941415414214134,-0.00036367197753861547,24.511920
0.03416666666666671,0.0001040562565322034,0.0018487062770873308,0.00029975001234561205,-0.0003646515542641282,24.511920
0.034375000000000044,0.0001043452211888507,0.0018540704622864723,0.00030014599906280637,-0.00036594210541807115,24.511920
0.034583333333333376,0.00010463155194884166,0.0018594324355944991,0.0003009074425790459,-0.00036653593997471035,24.511920
0.03479166666666671,0.00010491555440239608,0.0018646841635927558,0.00030207616509869695,-0.0003679887449834496,24.511920
0.03500000000000004,0.00010520406067371368,0.0018699612701311707,0.0003026880440302193,-0.00036920252023264766,24.511920
0.03520833333333337,0.00010548363934503868,0.0018751153256744146,0.0003032356908079237,-0.00036978552816435695,24.511920
0.0354166666666667,0.00010576313798082992,0.001880382769741118,0.0003035387198906392,-0.0003704674309119582,24.511920
0.03562500000000003,0.00010603686678223312,0.0018860471900552511,0.000304351415252313,-0.00037201395025476813,24.511920
0.03583333333333336,0.00010631078475853428,0.001891144085675478,0.0003052809333894402,-0.0003732329932972789,24.511920
0.036041666666666694,0.00010659133840817958,0.0018957362044602633,0.0003060003509745002,-0.00037440756568685174,24.511920
0.036250000000000025,0.00010686181485652924,0.0019009180832654238,0.0003064276243094355,-0.0003753552446141839,24.511920
0.036458333333333356,0.00010713013762142509,0.0019062511855736375,0.0003072322579100728,-0.00037663240800611675,24.511920
0.03666666666666669,0.00010739757999544963,0.0019112259615212679,0.00030766031704843044,-0.0003774907090701163,24.511920
0.03687500000000002,0.0001076598564395681,0.001916383858770132,0.00030852455529384315,-0.00037891193642280996,24.511920
0.03708333333333335,0.00010792130342451856,0.001921657007187605,0.00030933425296097994,-0.00037990001146681607,24.511920
0.03729166666666668,0.00010818029841175303,0.001926872762851417,0.0003101794864051044,-0.00038112085894681513,24.511920
0.03750000000000001,0.00010843842756003141,0.0019316701218485832,0.0003108436067122966,-0.000382008875021711,24.511920
0.037708333333333344,0.00010869190737139434,0.0019368258072063327,0.00031159305945038795,-0.00038316837162710726,24.511920
0.037916666666666675,0.0001089482320821844,0.0019416568102315068,0.00031240552198141813,-0.000384291575755924,24.511920
0.038125000000000006,0.00010920640488620847,0.0019473795546218753,0.00031345008756034076,-0.0003859089920297265,24.511920
0.03833333333333334,0.00010945084068225697,0.0019517922773957253,0.0003142860368825495,-0.00038753447006456554,24.511920
0.03854166666666667,0.0001097000204026699,0.001956466818228364,0.00031479468452744186,-0.0003885356418322772,24.511920
0.03875,0.00010994740296155214,0.0019611718598753214,0.00031509267864748836,-0.0003895683912560344,24.511920
0.03895833333333333,0.00011019164958270267,0.0019657600205391645,0.00031599393696524203,-0.0003906464553438127,24.511920
0.03916666666666666,0.00011043102131225169,0.0019702899735420942,0.0003166466485708952,-0.0003917959693353623,24.511920
0.03937499999999999,0.00011067388550145552,0.0019748788326978683,0.0003175797173753381,-0.0003928127698600292,24.511920
0.039583333333333325,0.00011091263877460733,0.001979498192667961,0.0003184084198437631,-0.0003941798349842429,24.511920
0.039791666666666656,0.0001111538294935599,0.0019845005590468645,0.0003190989373251796,-0.0003951378748752177,24.511920
0.03999999999999999,0.00011139004345750436,0.0019894996657967567,0.0003194274613633752,-0.000395825452869758,24.511920
0.04020833333333332,0.0001116221901611425,0.001994173973798752,0.0003196651814505458,-0.00039691614801995456,24.511920
0.04041666666666665,0.00011185395123902708,0.0019986142870038748,0.0003206274413969368,-0.0003980214532930404,24.511920
0.04062499999999998,0.00011208264186279848,0.002003468805924058,0.00032151848427020013,-0.00039906238089315593,24.511920
0.04083333333333331,0.00011231955431867391,0.0020083808340132236,0.0003220010257791728,-0.00039987731724977493,24.511920
0.04104166666666664,0.00011255976278334856,0.002013114280998707,0.0003225388936698437,-0.00040056396392174065,24.511920
0.041249999999999974,0.00011279195314273238,0.0020179979037493467,0.0003233157913200557,-0.0004018127219751477,24.511920
0.041458333333333305,0.00011302538769086823,0.002022555796429515,0.00032400203053839505,-0.0004029744886793196,24.511920
0.04166666666666664,0.00011326222738716751,0.002027349080890417,0.00032447956618852913,-0.0004039558698423207,24.511920
0.04187499999999997,0.00011349951819283888,0.00203205575235188,0.00032486626878380775,-0.00040513515705242753,24.511920
0.0420833333333333,0.00011373554298188537,0.0020362185314297676,0.0003250413865316659,-0.0004060168575961143,24.511920
0.04229166666666663,0.0001139628657256253,0.002040744526311755,0.0003258715441916138,-0.00040721477125771344,24.511920
0.04249999999999996,0.00011419050861150026,0.0020449492149055004,0.00032694588298909366,-0.0004085582331754267,24.511920
0.04270833333333329,0.00011441838432801887,0.0020492100156843662,0.00032789725810289383,-0.00040981071651913226,24.511920
0.042916666666666624,0.00011464796989457682,0.002053615404292941,0.00032836978789418936,-0.000410937616834417,24.511920
0.043124999999999955,0.00011486765288282186,0.0020581090357154608,0.00032908207504078746,-0.0004118076467420906,24.511920
0.043333333333333286,0.00011508905299706385,0.002062187995761633,0.00032955530332401395,-0.00041287142084911466,24.511920
0.04354166666666662,0.0001153107441496104,0.002066804328933358,0.00033053813967853785,-0.00041407826938666403,24.511920
0.04374999999999995,0.00011553338845260441,0.0020714488346129656,0.0003310993779450655,-0.0004150976019445807,24.511920
0.04395833333333328,0.00011575199459912255,0.0020758225582540035,0.0003313909110147506,-0.00041627814061939716,24.511920
0.04416666666666661,0.00011596331023611128,0.002079868223518133,0.00033204432111233473,-0.0004170311731286347,24.511920
0.04437499999999994,0.00011617902055149898,0.0020840598735958338,0.00033254228765144944,-0.00041761528700590134,24.511920
0.044583333333333273,0.00011638911382760853,0.0020880422089248896,0.00033307221019640565,-0.0004182764678262174,24.511920
0.044791666666666605,0.00011659351730486378,0.0020920869428664446,0.00033357381471432745,-0.00041923459502868354,24.511920
0.044999999999999936,0.00011680465831886977,0.002096374984830618,0.0003343691350892186,-0.00042026108712889254,24.511920
0.04520833333333327,0.0001170108444057405,0.0021006613969802856,0.0003352233034092933,-0.0004216392117086798,24.511920
0.0454166666666666,0.00011721574992407113,0.002104557352140546,0.0003358405374456197,-0.0004227414319757372,24.511920
0.04562499999999993,0.00011732090933946893,0.0021079129073768854,0.00033618442830629647,-0.00042355628102086484,24.511920
0.04583333333333326,0.00011741972411982715,0.0021100076846778393,0.00033618477755226195,-0.00042411062167957425,24.511920
0.04604166666666659,0.00011751632700907066,0.002112069632858038,0.0003362176939845085,-0.00042436696821823716,24.511920
0.04624999999999992,0.00011760625784518197,0.002114072674885392,0.0003361838753335178,-0.0004246836178936064,24.511920
0.046458333333333254,0.00011770197306759655,0.002115841954946518,0.0003362062852829695,-0.0004256458196323365,24.511920
0.046666666666666586,0.00011779806663980708,0.002117644064128399,0.00033628896926529706,-0.00042651890544220805,24.511920
0.04687499999999992,0.00011788929259637371,0.00211937353014946,0.00033639915636740625,-0.00042666925583034754,24.511920
0.04708333333333325,0.00011798636114690453,0.0021208098623901606,0.0003363305004313588,-0.0004268083139322698,24.511920
0.04729166666666658,0.00011808173439931124,0.0021222177892923355,0.00033650032128207386,-0.0004271939105819911,24.511920
0.04749999999999991,0.00011817447375506163,0.002123531885445118,0.0003364834701642394,-0.00042772162123583257,24.511920
0.04770833333333324,0.00011827006528619677,0.002124614315107465,0.00033658801112324,-0.0004281857400201261,24.511920
0.04791666666666657,0.000118366937385872,0.002125395927578211,0.00033675343729555607,-0.0004287339688744396,24.511920
0.048124999999999904,0.00011846249981317669,0.0021265053655952215,0.00033694738522171974,-0.0004290016368031502,24.511920
0.048333333333333235,0.00011855624325107783,0.002127045998349786,0.00033701842767186463,-0.00042923420551232994,24.511920
0.048541666666666566,0.00011865339911310002,0.002127883257344365,0.00033705757232382894,-0.0004296431434340775,24.511920
0.0487499999999999,0.00011874527262989432,0.002128280932083726,0.0003373073705006391,-0.0004301331646274775,24.511920
0.04895833333333323,0.00011883942352142185,0.0021292080637067556,0.00033749628346413374,-0.0004304303729441017,24.511920
0.04916666666666656,0.00011893268674612045,0.00213048979640007,0.0003375922970008105,-0.0004305064503569156,24.511920
0.04937499999999989,0.00011902496044058353,0.00213090842589736,0.0003375668893568218,-0.00043062528129667044,24.511920
0.04958333333333322,0.0001191174378618598,0.0021316558122634888,0.0003376073727849871,-0.00043082376942038536,24.511920
0.049791666666666554,0.00011921087570954114,0.0021320146042853594,0.0003376124077476561,-0.00043094001011922956,24.511920
0.049999999999999885,0.00011930425534956157,0.00213237339630723,0.00033758688368834555,-0.00043099914910271764,24.511920
0.050208333333333216,0.0001193930656882003,0.0021328830625861883,0.00033764578984119,-0.00043117604218423367,24.511920
0.05041666666666655,0.00011948511382797733,0.0021333310287445784,0.000337804201990366,-0.00043118279427289963,24.511920
0.05062499999999988,0.00011957642709603533,0.002133898437023163,0.0003379538538865745,-0.0004313024983275682,24.511920
0.05083333333333321,0.00011966595775447786,0.0021341671235859394,0.000337814271915704,-0.00043118689791299403,24.511920
0.05104166666666654,0.00011975673987763003,0.0021343189291656017,0.0003380008856765926,-0.00043124359217472374,24.511920
0.05124999999999987,0.00011985085438936949,0.0021342888940125704,0.00033794125192798674,-0.00043127083336003125,24.511920
0.0514583333333332,0.00011994552187388763,0.0021346192806959152,0.00033797172363847494,-0.0004314129473641515,24.511920
0.051666666666666534,0.00012004227028228343,0.0021346830762922764,0.00033811797038652003,-0.0004319766885600984,24.511920
0.051874999999999866,0.00012013411469524726,0.0021346830762922764,0.00033811797038652003,-0.0004319766885600984,24.511920
0.0520833333333332,0.00012022667215205729,0.0021346830762922764,0.00033811797038652003,-0.0004319766885600984,24.511920
0.05229166666666653,0.00012031800724798813,0.0021346830762922764,0.00033811797038652003,-0.0004319766885600984,24.511920
0.05249999999999986,0.00012041081208735704,0.0021346830762922764,0.00033811797038652003,-0.0004319766885600984,24.511920
0.05270833333333319,0.00012050259829265997,0.0021346830762922764,0.00033811797038652003,-0.0004319766885600984,24.511920
0.05291666666666652,0.00012059514119755477,0.0021346830762922764,0.00033811797038652003,-0.0004319766885600984,24.511920
0.05312499999999985,0.00012068755313521251,0.0021346830762922764,0.00033811797038652003,-0.0004319766885600984,24.511920
0.053333333333333184,0.0001207797322422266,0.0021346830762922764,0.00033811797038652003,-0.0004319766885600984,24.511920
0.053541666666666515,0.00012087210780009627,0.0021346830762922764,0.00033811797038652003,-0.0004319766885600984,24.511920
0.053749999999999847,0.00012096449790988117,0.0021346830762922764,0.00033811797038652003,-0.0004319766885600984,24.511920
0.05395833333333318,0.00012105722998967394,0.0021346830762922764,0.00033811797038652003,-0.0004319766885600984,24.511920
0.05416666666666651,0.00012114833953091875,0.0021346830762922764,0.00033811797038652003,-0.0004319766885600984,24.511920
0.05437499999999984,0.00012124162458349019,0.0021346830762922764,0.00033811797038652003,-0.0004319766885600984,24.511920
0.05458333333333317,0.00012133202108088881,0.0021346830762922764,0.00033811797038652003,-0.0004319766885600984,24.511920
0.0547916666666665,0.00012142313062213361,0.0021346830762922764,0.00033811797038652003,-0.0004319766885600984,24.511920
0.054999999999999834,0.00012151554983574897,0.0021346830762922764,0.00033811797038652003,-0.0004319766885600984,24.511920
0.055208333333333165,0.00012160696496721357,0.0021346830762922764,0.00033811797038652003,-0.0004319766885600984,24.511920
0.055416666666666496,0.00012169775436632335,0.0021346830762922764,0.00033811797038652003,-0.0004319766885600984,24.511920
0.05562499999999983,0.00012178908218629658,0.0021346830762922764,0.00033811797038652003,-0.0004319766885600984,24.511920
0.05583333333333316,0.00012188041000626981,0.0021346830762922764,0.00033811797038652003,-0.0004319766885600984,24.511920
0.05604166666666649,0.00012196977331768721,0.0021346830762922764,0.00033811797038652003,-0.0004319766885600984,24.511920
0.05624999999999982,0.00012206096289446577,0.0021346830762922764,0.00033811797038652003,-0.0004319766885600984,24.511920
0.05645833333333315,0.00012215247261337936,0.0021346830762922764,0.00033811797038652003,-0.0004319766885600984,24.511920
0.05666666666666648,0.00012224492093082517,0.0021346830762922764,0.00033811797038652003,-0.0004319766885600984,24.511920
0.056874999999999815,0.00012233677261974663,0.0021346830762922764,0.00033811797038652003,-0.0004319766885600984,24.511920
0.057083333333333146,0.0001224277075380087,0.0021346830762922764,0.00033811797038652003,-0.0004319766885600984,24.511920
0.05729166666666648,0.0001225187152158469,0.0021346830762922764,0.00033811797038652003,-0.0004319766885600984,24.511920
0.05749999999999981,0.00012261127994861454,0.0021346830762922764,0.00033811797038652003,-0.0004319766885600984,24.511920
0.05770833333333314,0.00012270333536434919,0.0021346830762922764,0.00033811797038652003,-0.0004319766885600984,24.511920
0.05791666666666647,0.00012279492511879653,0.0021346830762922764,0.00033811797038652003,-0.0004319766885600984,24.511920
0.0581249999999998,0.00012288620928302407,0.0021346830762922764,0.00033811797038652003,-0.0004319766885600984,24.511920
0.05833333333333313,0.00012297798821236938,0.0021346830762922764,0.00033811797038652003,-0.0004319766885600984,24.511920
0.058541666666666464,0.00012307045108173043,0.0021346830762922764,0.00033811797038652003,-0.0004319766885600984,24.511920
0.058749999999999795,0.00012316154607106,0.0021346830762922764,0.00033811797038652003,-0.0004319766885600984,24.511920
0.05895833333333313,0.0001232536742463708,0.0021346830762922764,0.00033811797038652003,-0.0004319766885600984,24.511920
0.05916666666666646,0.00012334551138337702,0.0021346830762922764,0.00033811797038652003,-0.0004319766885600984,24.511920
0.05937499999999979,0.00012343721755314618,0.0021346830762922764,0.00033811797038652003,-0.0004319766885600984,24.511920
0.05958333333333312,0.00012352829799056053,0.0021346830762922764,0.00033811797038652003,-0.0004319766885600984,24.511920
0.05979166666666645,0.0001236212410731241,0.0021346830762922764,0.00033811797038652003,-0.0004319766885600984,24.511920
0.05999999999999978,0.00012371307821013033,0.0021346830762922764,0.00033811797038652003,-0.0004319766885600984,24.511920
0.060208333333333114,0.0001238031982211396,0.0021346830762922764,0.00033811797038652003,-0.0004319766885600984,24.511920
0.060416666666666445,0.0001238947152160108,0.0021346830762922764,0.00033811797038652003,-0.0004319766885600984,24.511920
0.060624999999999776,0.00012398610124364495,0.0021346830762922764,0.00033811797038652003,-0.0004319766885600984,24.511920
0.06083333333333311,0.00012407581380102783,0.0021346830762922764,0.00033811797038652003,-0.0004319766885600984,24.511920
0.06104166666666644,0.0001241664867848158,0.0021346830762922764,0.00033811797038652003,-0.0004319766885600984,24.511920
0.06124999999999977,0.00012425686873029917,0.0021346830762922764,0.00033811797038652003,-0.0004319766885600984,24.511920
0.0614583333333331,0.00012434797827154398,0.0021346830762922764,0.00033811797038652003,-0.0004319766885600984,24.511920
0.06166666666666643,0.00012443859304767102,0.0021346830762922764,0.00033811797038652003,-0.0004319766885600984,24.511920
0.061874999999999764,0.00012452801456674933,0.0021346830762922764,0.00033811797038652003,-0.0004319766885600984,24.511920
0.062083333333333095,0.00012461822188924998,0.0021346830762922764,0.00033811797038652003,-0.0004319766885600984,24.511920
0.062291666666666426,0.00012470858928281814,0.0021346830762922764,0.00033811797038652003,-0.0004319766885600984,24.511920
0.06249999999999976,0.00012480025179684162,0.0021346830762922764,0.00033811797038652003,-0.0004319766885600984,24.511920
0.06270833333333309,0.00012488987704273313,0.0021346830762922764,0.00033811797038652003,-0.0004319766885600984,24.511920
0.06291666666666643,0.00012498082651291043,0.0021346830762922764,0.00033811797038652003,-0.0004319766885600984,24.511920
0.06312499999999976,0.00012507164501585066,0.0021346830762922764,0.00033811797038652003,-0.0004319766885600984,24.511920
0.0633333333333331,0.00012516100832726806,0.0021346830762922764,0.00033811797038652003,-0.0004319766885600984,24.511920
0.06354166666666644,0.00012525133206509054,0.0021346830762922764,0.00033811797038652003,-0.0004319766885600984,24.511920
0.06374999999999978,0.00012534335837699473,0.0021346830762922764,0.00033811797038652003,-0.0004319766885600984,24.511920
0.06395833333333312,0.0001254354720003903,0.0021346830762922764,0.00033811797038652003,-0.0004319766885600984,24.511920
0.06416666666666646,0.00012552640691865236,0.0021346830762922764,0.00033811797038652003,-0.0004319766885600984,24.511920
0.0643749999999998,0.00012561703624669462,0.0021346830762922764,0.00033811797038652003,-0.0004319766885600984,24.511920
0.06458333333333313,0.00012570805847644806,0.0021346830762922764,0.00033811797038652003,-0.0004319766885600984,24.511920
0.06479166666666647,0.00012579817848745733,0.0021346830762922764,0.00033811797038652003,-0.0004319766885600984,24.511920
0.06499999999999981,0.00012588815297931433,0.0021346830762922764,0.00033811797038652003,-0.0004319766885600984,24.511920
0.06520833333333315,0.0001259799173567444,0.0021346830762922764,0.00033811797038652003,-0.0004319766885600984,24.511920
0.06541666666666648,0.0001260695280507207,0.0021346830762922764,0.00033811797038652003,-0.0004319766885600984,24.511920
0.06562499999999982,0.0001261591532966122,0.0021346830762922764,0.00033811797038652003,-0.0004319766885600984,24.511920
0.06583333333333316,0.00012624858936760575,0.0021346830762922764,0.00033811797038652003,-0.0004319766885600984,24.511920
0.0660416666666665,0.00012633825826924294,0.0021346830762922764,0.00033811797038652003,-0.0004319766885600984,24.511920
0.06624999999999984,0.0001264282618649304,0.0021346830762922764,0.00033811797038652003,-0.0004319766885600984,24.511920
0.06645833333333317,0.000126518658362329,0.0021346830762922764,0.00033811797038652003,-0.0004319766885600984,24.511920
0.06666666666666651,0.00012660931679420173,0.0021346830762922764,0.00033811797038652003,-0.0004319766885600984,24.511920
0.06687499999999985,0.0001267000479856506,0.0021346830762922764,0.00033811797038652003,-0.0004319766885600984,24.511920
0.06708333333333319,0.0001267906918656081,0.0021346830762922764,0.00033811797038652003,-0.0004319766885600984,24.511920
0.06729166666666653,0.00012687988055404276,0.0021346830762922764,0.00033811797038652003,-0.0004319766885600984,24.511920
0.06749999999999987,0.00012697084457613528,0.0021346830762922764,0.00033811797038652003,-0.0004319766885600984,24.511920
0.0677083333333332,0.00012706193956546485,0.0021346830762922764,0.00033811797038652003,-0.0004319766885600984,24.511920
0.06791666666666654,0.00012715253978967667,0.0021346830762922764,0.00033811797038652003,-0.0004319766885600984,24.511920
0.06812499999999988,0.00012724389671348035,0.0021346830762922764,0.00033811797038652003,-0.0004319766885600984,24.511920
0.06833333333333322,0.00012733371113426983,0.0021346830762922764,0.00033811797038652003,-0.0004319766885600984,24.511920
0.06854166666666656,0.00012742461694870144,0.0021346830762922764,0.00033811797038652003,-0.0004319766885600984,24.511920
0.0687499999999999,0.0001275156973861158,0.0021346830762922764,0.00033811797038652003,-0.0004319766885600984,24.511920
0.06895833333333323,0.0001276070106541738,0.0021346830762922764,0.00033811797038652003,-0.0004319766885600984,24.511920
0.06916666666666657,0.00012769788736477494,0.0021346830762922764,0.00033811797038652003,-0.0004319766885600984,24.511920
0.06937499999999991,0.00012778888049069792,0.0021346830762922764,0.00033811797038652003,-0.0004319766885600984,24.511920
0.06958333333333325,0.00012787918967660517,0.0021346830762922764,0.00033811797038652003,-0.0004319766885600984,24.511920
0.06979166666666659,0.00012796957162208855,0.0021346830762922764,0.00033811797038652003,-0.0004319766885600984,24.511920
0.06999999999999992,0.00012805976439267397,0.0021346830762922764,0.00033811797038652003,-0.0004319766885600984,24.511920
0.07020833333333326,0.00012814927322324365,0.0021346830762922764,0.00033811797038652003,-0.0004319766885600984,24.511920
0.0704166666666666,0.00012823892757296562,0.0021346830762922764,0.00033811797038652003,-0.0004319766885600984,24.511920
0.07062499999999994,0.00012832808715756983,0.0021346830762922764,0.00033811797038652003,-0.0004319766885600984,24.511920
0.07083333333333328,0.00012841699935961515,0.0021346830762922764,0.00033811797038652003,-0.0004319766885600984,24.511920
0.07104166666666661,0.00012850611528847367,0.0021346830762922764,0.00033811797038652003,-0.0004319766885600984,24.511920
0.07124999999999995,0.00012859587150160223,0.0021346830762922764,0.00033811797038652003,-0.0004319766885600984,24.511920
0.07145833333333329,0.00012868584599345922,0.0021346830762922764,0.00033811797038652003,-0.0004319766885600984,24.511920
0.07166666666666663,0.00012877614062745124,0.0021346830762922764,0.00033811797038652003,-0.0004319766885600984,24.511920
0.07187499999999997,0.00012886508193332702,0.0021346830762922764,0.00033811797038652003,-0.0004319766885600984,24.511920
0.0720833333333333,0.00012895483814645559,0.0021346830762922764,0.00033811797038652003,-0.0004319766885600984,24.511920
0.07229166666666664,0.00012904444884043187,0.0021346830762922764,0.00033811797038652003,-0.0004319766885600984,24.511920
0.07249999999999998,0.00012913499085698277,0.0021346830762922764,0.00033811797038652003,-0.0004319766885600984,24.511920
0.07270833333333332,0.00012922461610287428,0.0021346830762922764,0.00033811797038652003,-0.0004319766885600984,24.511920
0.07291666666666666,0.00012931504170410335,0.0021346830762922764,0.00033811797038652003,-0.0004319766885600984,24.511920
0.073125,0.00012940554006490856,0.0021346830762922764,0.00033811797038652003,-0.0004319766885600984,24.511920
0.07333333333333333,0.00012949439405929297,0.0021346830762922764,0.00033811797038652003,-0.0004319766885600984,24.511920
0.07354166666666667,0.00012958359729964286,0.0021346830762922764,0.00033811797038652003,-0.0004319766885600984,24.511920
0.07375000000000001,0.00012967373186256737,0.0021346830762922764,0.00033811797038652003,-0.0004319766885600984,24.511920
0.07395833333333335,0.00012976292055100203,0.0021346830762922764,0.00033811797038652003,-0.0004319766885600984,24.511920
0.07416666666666669,0.00012985203647986054,0.0021346830762922764,0.00033811797038652003,-0.0004319766885600984,24.511920
0.07437500000000002,0.0001299410650972277,0.0021346830762922764,0.00033811797038652003,-0.0004319766885600984,24.511920
0.07458333333333336,0.00013002932246308774,0.0021346830762922764,0.00033811797038652003,-0.0004319766885600984,24.511920
0.0747916666666667,0.00013011801638640463,0.0021346830762922764,0.00033811797038652003,-0.0004319766885600984,24.511920
0.07500000000000004,0.0001302071032114327,0.0021346830762922764,0.00033811797038652003,-0.0004319766885600984,24.511920
0.07520833333333338,0.00013029645197093487,0.0021346830762922764,0.00033811797038652003,-0.0004319766885600984,24.511920
0.07541666666666672,0.00013038561155553907,0.0021346830762922764,0.00033811797038652003,-0.0004319766885600984,24.511920
0.07562500000000005,0.00013047430547885597,0.0021346830762922764,0.00033811797038652003,-0.0004319766885600984,24.511920
0.07583333333333339,0.00013056241732556373,0.0021346830762922764,0.00033811797038652003,-0.0004319766885600984,24.511920
0.07604166666666673,0.00013065106759313494,0.0021346830762922764,0.00033811797038652003,-0.0004319766885600984,24.511920
0.07625000000000007,0.00013074166781734675,0.0021346830762922764,0.00033811797038652003,-0.0004319766885600984,24.511920
0.0764583333333334,0.0001308304345002398,0.0021346830762922764,0.00033811797038652003,-0.0004319766885600984,24.511920
0.07666666666666674,0.00013091885193716735,0.0021346830762922764,0.00033811797038652003,-0.0004319766885600984,24.511920
0.07687500000000008,0.00013100782234687358,0.0021346830762922764,0.00033811797038652003,-0.0004319766885600984,24.511920
0.07708333333333342,0.000131096167024225,0.0021346830762922764,0.00033811797038652003,-0.0004319766885600984,24.511920
0.07729166666666676,0.00013118574861437082,0.0021346830762922764,0.00033811797038652003,-0.0004319766885600984,24.511920
0.0775000000000001,0.00013127496640663594,0.0021346830762922764,0.00033811797038652003,-0.0004319766885600984,24.511920
0.07770833333333343,0.00013136467896401882,0.0021346830762922764,0.00033811797038652003,-0.0004319766885600984,24.511920
0.07791666666666677,0.0001314541877945885,0.0021346830762922764,0.00033811797038652003,-0.0004319766885600984,24.511920
0.07812500000000011,0.00013154296902939677,0.0021346830762922764,0.00033811797038652003,-0.0004319766885600984,24.511920
0.07833333333333345,0.0001316310663241893,0.0021346830762922764,0.00033811797038652003,-0.0004319766885600984,24.511920
0.07854166666666679,0.00013171917817089707,0.0021346830762922764,0.00033811797038652003,-0.0004319766885600984,24.511920
0.07875000000000013,0.00013180862879380584,0.0021346830762922764,0.00033811797038652003,-0.0004319766885600984,24.511920
0.07895833333333346,0.00013189578021410853,0.0021346830762922764,0.00033811797038652003,-0.0004319766885600984,24.511920
0.0791666666666668,0.00013198514352552593,0.0021346830762922764,0.00033811797038652003,-0.0004319766885600984,24.511920
0.07937500000000014,0.00013207375013735145,0.0021346830762922764,0.00033811797038652003,-0.0004319766885600984,24.511920
0.07958333333333348,0.00013216276420280337,0.0021346830762922764,0.00033811797038652003,-0.0004319766885600984,24.511920
0.07979166666666682,0.00013224975555203855,0.0021346830762922764,0.00033811797038652003,-0.0004319766885600984,24.511920
0.08000000000000015,0.00013233762001618743,0.0021346830762922764,0.00033811797038652003,-0.0004319766885600984,24.511920
0.08020833333333349,0.0001324262993875891,0.0021346830762922764,0.00033811797038652003,-0.0004319766885600984,24.511920
0.08041666666666683,0.0001325145858572796,0.0021346830762922764,0.00033811797038652003,-0.0004319766885600984,24.511920
0.08062500000000017,0.00013260342529974878,0.0021346830762922764,0.00033811797038652003,-0.0004319766885600984,24.511920
0.0808333333333335,0.00013269030023366213,0.0021346830762922764,0.00033811797038652003,-0.0004319766885600984,24.511920
0.08104166666666685,0.00013277823745738715,0.0021346830762922764,0.00033811797038652003,-0.0004319766885600984,24.511920
0.08125000000000018,0.0001328667567577213,0.0021346830762922764,0.00033811797038652003,-0.0004319766885600984,24.511920
0.08145833333333352,0.00013295553799252957,0.0021346830762922764,0.00033811797038652003,-0.0004319766885600984,24.511920
0.08166666666666686,0.00013304401363711804,0.0021346830762922764,0.00033811797038652003,-0.0004319766885600984,24.511920
0.0818750000000002,0.0001331332459812984,0.0021346830762922764,0.00033811797038652003,-0.0004319766885600984,24.511920
0.08208333333333354,0.0001332211832050234,0.0021346830762922764,0.00033811797038652003,-0.0004319766885600984,24.511920
0.08229166666666687,0.0001333095715381205,0.0021346830762922764,0.00033811797038652003,-0.0004319766885600984,24.511920
0.08250000000000021,0.00013339784345589578,0.0021346830762922764,0.00033811797038652003,-0.0004319766885600984,24.511920
0.08270833333333355,0.0001334858243353665,0.0021346830762922764,0.00033811797038652003,-0.0004319766885600984,24.511920
0.08291666666666689,0.00013357364514376968,0.0021346830762922764,0.00033811797038652003,-0.0004319766885600984,24.511920
0.08312500000000023,0.00013366130588110536,0.0021346830762922764,0.00033811797038652003,-0.0004319766885600984,24.511920
0.08333333333333356,0.00013374933041632175,0.0021346830762922764,0.00033811797038652003,-0.0004319766885600984,24.511920
0.0835416666666669,0.0001338371803285554,0.0021346830762922764,0.00033811797038652003,-0.0004319766885600984,24.511920
0.08375000000000024,0.0001339242298854515,0.0021346830762922764,0.00033811797038652003,-0.0004319766885600984,24.511920
0.08395833333333358,0.00013401120668277144,0.0021346830762922764,0.00033811797038652003,-0.0004319766885600984,24.511920
0.08416666666666692,0.00013409940584097058,0.0021346830762922764,0.00033811797038652003,-0.0004319766885600984,24.511920
0.08437500000000026,0.00013418732851278037,0.0021346830762922764,0.00033811797038652003,-0.0004319766885600984,24.511920
0.0845833333333336,0.00013427530939225107,0.0021346830762922764,0.00033811797038652003,-0.0004319766885600984,24.511920
0.08479166666666693,0.0001343633484793827,0.0021346830762922764,0.00033811797038652003,-0.0004319766885600984,24.511920
0.08500000000000027,0.0001344512274954468,0.0021346830762922764,0.00033811797038652003,-0.0004319766885600984,24.511920
0.08520833333333361,0.0001345382333965972,0.0021346830762922764,0.00033811797038652003,-0.0004319766885600984,24.511920
0.08541666666666695,0.00013462608330883086,0.0021346830762922764,0.00033811797038652003,-0.0004319766885600984,24.511920
0.08562500000000028,0.00013471394777297974,0.0021346830762922764,0.00033811797038652003,-0.0004319766885600984,24.511920
0.08583333333333362,0.00013480261259246618,0.0021346830762922764,0.00033811797038652003,-0.0004319766885600984,24.511920
0.08604166666666696,0.00013489216507878155,0.0021346830762922764,0.00033811797038652003,-0.0004319766885600984,24.511920
0.0862500000000003,0.00013498096086550504,0.0021346830762922764,0.00033811797038652003,-0.0004319766885600984,24.511920
0.08645833333333364,0.00013506828690879047,0.0021346830762922764,0.00033811797038652003,-0.0004319766885600984,24.511920
0.08666666666666697,0.00013515580212697387,0.0021346830762922764,0.00033811797038652003,-0.0004319766885600984,24.511920
0.08687500000000031,0.00013524448149837554,0.0021346830762922764,0.00033811797038652003,-0.0004319766885600984,24.511920
0.08708333333333365,0.0001353327970718965,0.0021346830762922764,0.00033811797038652003,-0.0004319766885600984,24.511920
0.08729166666666699,0.000135419235448353,0.0021346830762922764,0.00033811797038652003,-0.0004319766885600984,24.511920
0.08750000000000033,0.00013550708536058664,0.0021346830762922764,0.00033811797038652003,-0.0004319766885600984,24.511920
0.08770833333333367,0.0001355945860268548,0.0021346830762922764,0.00033811797038652003,-0.0004319766885600984,24.511920
0.087916666666667,0.00013568269787356257,0.0021346830762922764,0.00033811797038652003,-0.0004319766885600984,24.511920
0.08812500000000034,0.0001357703877147287,0.0021346830762922764,0.00033811797038652003,-0.0004319766885600984,24.511920
0.08833333333333368,0.00013585884880740196,0.0021346830762922764,0.00033811797038652003,-0.0004319766885600984,24.511920
0.08854166666666702,0.00013594662596005946,0.0021346830762922764,0.00033811797038652003,-0.0004319766885600984,24.511920
0.08875000000000036,0.00013603286060970277,0.0021346830762922764,0.00033811797038652003,-0.0004319766885600984,24.511920
0.0889583333333337,0.00013611873146146536,0.0021346830762922764,0.00033811797038652003,-0.0004319766885600984,24.511920
0.08916666666666703,0.0001362055045319721,0.0021346830762922764,0.00033811797038652003,-0.0004319766885600984,24.511920
0.08937500000000037,0.0001362922484986484,0.0021346830762922764,0.00033811797038652003,-0.0004319766885600984,24.511920
0.08958333333333371,0.00013637941447086632,0.0021346830762922764,0.00033811797038652003,-0.0004319766885600984,24.511920
0.08979166666666705,0.00013646685692947358,0.0021346830762922764,0.00033811797038652003,-0.0004319766885600984,24.511920
0.09000000000000039,0.00013655483780894428,0.0021346830762922764,0.00033811797038652003,-0.0004319766885600984,24.511920
0.09020833333333372,0.00013664177095051855,0.0021346830762922764,0.00033811797038652003,-0.0004319766885600984,24.511920
0.09041666666666706,0.00013672906788997352,0.0021346830762922764,0.00033811797038652003,-0.0004319766885600984,24.511920
0.0906250000000004,0.00013681614655070007,0.0021346830762922764,0.00033811797038652003,-0.0004319766885600984,24.511920
0.09083333333333374,0.0001369042438454926,0.0021346830762922764,0.00033811797038652003,-0.0004319766885600984,24.511920
0.09104166666666708,0.00013699183182325214,0.0021346830762922764,0.00033811797038652003,-0.0004319766885600984,24.511920
0.09125000000000041,0.00013707934704143554,0.0021346830762922764,0.00033811797038652003,-0.0004319766885600984,24.511920
0.09145833333333375,0.0001371655671391636,0.0021346830762922764,0.00033811797038652003,-0.0004319766885600984,24.511920
0.09166666666666709,0.0001372528204228729,0.0021346830762922764,0.00033811797038652003,-0.0004319766885600984,24.511920
0.09187500000000043,0.00013734099047724158,0.0021346830762922764,0.00033811797038652003,-0.0004319766885600984,24.511920
0.09208333333333377,0.00013742827286478132,0.0021346830762922764,0.00033811797038652003,-0.0004319766885600984,24.511920
0.0922916666666671,0.0001375158753944561,0.0021346830762922764,0.00033811797038652003,-0.0004319766885600984,24.511920
0.09250000000000044,0.00013760209549218416,0.0021346830762922764,0.00033811797038652003,-0.0004319766885600984,24.511920
0.09270833333333378,0.00013768869393970817,0.0021346830762922764,0.00033811797038652003,-0.0004319766885600984,24.511920
0.09291666666666712,0.00013777481217402965,0.0021346830762922764,0.00033811797038652003,-0.0004319766885600984,24.511920
0.09312500000000046,0.00013786023191642016,0.0021346830762922764,0.00033811797038652003,-0.0004319766885600984,24.511920
0.0933333333333338,0.00013794747064821422,0.0021346830762922764,0.00033811797038652003,-0.0004319766885600984,24.511920
0.09354166666666713,0.00013803361798636615,0.0021346830762922764,0.00033811797038652003,-0.0004319766885600984,24.511920
0.09375000000000047,0.00013812021643389016,0.0021346830762922764,0.00033811797038652003,-0.0004319766885600984,24.511920
0.09395833333333381,0.00013820617459714413,0.0021346830762922764,0.00033811797038652003,-0.0004319766885600984,24.511920
0.09416666666666715,0.00013829268573317677,0.0021346830762922764,0.00033811797038652003,-0.0004319766885600984,24.511920
0.09437500000000049,0.00013837884762324393,0.0021346830762922764,0.00033811797038652003,-0.0004319766885600984,24.511920
0.09458333333333382,0.00013846617366652936,0.0021346830762922764,0.00033811797038652003,-0.0004319766885600984,24.511920
0.09479166666666716,0.0001385519717587158,0.0021346830762922764,0.00033811797038652003,-0.0004319766885600984,24.511920
0.0950000000000005,0.0001386384101351723,0.0021346830762922764,0.00033811797038652003,-0.0004319766885600984,24.511920
0.09520833333333384,0.00013872521230950952,0.0021346830762922764,0.00033811797038652003,-0.0004319766885600984,24.511920
0.09541666666666718,0.00013881160703022033,0.0021346830762922764,0.00033811797038652003,-0.0004319766885600984,24.511920
0.09562500000000052,0.00013889899128116667,0.0021346830762922764,0.00033811797038652003,-0.0004319766885600984,24.511920
0.09583333333333385,0.00013898451288696378,0.0021346830762922764,0.00033811797038652003,-0.0004319766885600984,24.511920
0.09604166666666719,0.00013907140237279236,0.0021346830762922764,0.00033811797038652003,-0.0004319766885600984,24.511920
0.09625000000000053,0.00013915846648160368,0.0021346830762922764,0.00033811797038652003,-0.0004319766885600984,24.511920
0.09645833333333387,0.00013924500672146678,0.0021346830762922764,0.00033811797038652003,-0.0004319766885600984,24.511920
0.0966666666666672,0.000139331299578771,0.0021346830762922764,0.00033811797038652003,-0.0004319766885600984,24.511920
0.09687500000000054,0.00013941693759988993,0.0021346830762922764,0.00033811797038652003,-0.0004319766885600984,24.511920
0.09708333333333388,0.0001395029976265505,0.0021346830762922764,0.00033811797038652003,-0.0004319766885600984,24.511920
0.09729166666666722,0.00013958975614514202,0.0021346830762922764,0.00033811797038652003,-0.0004319766885600984,24.511920
0.09750000000000056,0.00013967561244498938,0.0021346830762922764,0.00033811797038652003,-0.0004319766885600984,24.511920
0.0977083333333339,0.00013976095942780375,0.0021346830762922764,0.00033811797038652003,-0.0004319766885600984,24.511920
0.09791666666666723,0.0001398473250446841,0.0021346830762922764,0.00033811797038652003,-0.0004319766885600984,24.511920
0.09812500000000057,0.00013993300672154874,0.0021346830762922764,0.00033811797038652003,-0.0004319766885600984,24.511920
0.09833333333333391,0.00014001861563883722,0.0021346830762922764,0.00033811797038652003,-0.0004319766885600984,24.511920
0.09854166666666725,0.0001401044864905998,0.0021346830762922764,0.00033811797038652003,-0.0004319766885600984,24.511920
0.09875000000000059,0.0001401900517521426,0.0021346830762922764,0.00033811797038652003,-0.0004319766885600984,24.511920
0.09895833333333393,0.0001402763300575316,0.0021346830762922764,0.00033811797038652003,-0.0004319766885600984,24.511920
0.09916666666666726,0.00014036206994205713,0.0021346830762922764,0.00033811797038652003,-0.0004319766885600984,24.511920
0.0993750000000006,0.00014044814452063292,0.0021346830762922764,0.00033811797038652003,-0.0004319766885600984,24.511920
0.09958333333333394,0.00014053424820303917,0.0021346830762922764,0.00033811797038652003,-0.0004319766885600984,24.511920
0.09979166666666728,0.00014061955153010786,0.0021346830762922764,0.00033811797038652003,-0.0004319766885600984,24.511920
0.10000000000000062,0.0001407062663929537,0.0021346830762922764,0.00033811797038652003,-0.0004319766885600984,24.511920
0.10020833333333395,0.00014079318498261273,0.0021346830762922764,0.00033811797038652003,-0.0004319766885600984,24.511920
0.10041666666666729,0.00014087918680161238,0.0021346830762922764,0.00033811797038652003,-0.0004319766885600984,24.511920
0.10062500000000063,0.00014096488303039223,0.0021346830762922764,0.00033811797038652003,-0.0004319766885600984,24.511920
0.10083333333333397,0.00014105116133578122,0.0021346830762922764,0.00033811797038652003,-0.0004319766885600984,24.511920
0.1010416666666673,0.0001411365665262565,0.0021346830762922764,0.00033811797038652003,-0.0004319766885600984,24.511920
0.10125000000000065,0.0001412226993124932,0.0021346830762922764,0.00033811797038652003,-0.0004319766885600984,24.511920
0.10145833333333398,0.0001413097052136436,0.0021346830762922764,0.00033811797038652003,-0.0004319766885600984,24.511920
0.10166666666666732,0.0001413964491803199,0.0021346830762922764,0.00033811797038652003,-0.0004319766885600984,24.511920
0.10187500000000066,0.00014148373156785965,0.0021346830762922764,0.00033811797038652003,-0.0004319766885600984,24.511920
0.102083333333334,0.00014156992256175727,0.0021346830762922764,0.00033811797038652003,-0.0004319766885600984,24.511920
0.10229166666666734,0.00014165598258841783,0.0021346830762922764,0.00033811797038652003,-0.0004319766885600984,24.511920
0.10250000000000067,0.00014174115494824946,0.0021346830762922764,0.00033811797038652003,-0.0004319766885600984,24.511920
0.10270833333333401,0.00014182672020979226,0.0021346830762922764,0.00033811797038652003,-0.0004319766885600984,24.511920
0.10291666666666735,0.00014191244554240257,0.0021346830762922764,0.00033811797038652003,-0.0004319766885600984,24.511920
0.10312500000000069,0.00014199884026311338,0.0021346830762922764,0.00033811797038652003,-0.0004319766885600984,24.511920
0.10333333333333403,0.00014208377979230136,0.0021346830762922764,0.00033811797038652003,-0.0004319766885600984,24.511920
0.10354166666666736,0.00014216858835425228,0.0021346830762922764,0.00033811797038652003,-0.0004319766885600984,24.511920
0.1037500000000007,0.00014225266932044178,0.0021346830762922764,0.00033811797038652003,-0.0004319766885600984,24.511920
0.10395833333333404,0.00014233858382795006,0.0021346830762922764,0.00033811797038652003,-0.0004319766885600984,24.511920
0.10416666666666738,0.00014242397446651012,0.0021346830762922764,0.00033811797038652003,-0.0004319766885600984,24.511920
0.10437500000000072,0.000142508972203359,0.0021346830762922764,0.00033811797038652003,-0.0004319766885600984,24.511920
0.10458333333333406,0.0001425945374649018,0.0021346830762922764,0.00033811797038652003,-0.0004319766885600984,24.511920
0.1047916666666674,0.00014267968072090298,0.0021346830762922764,0.00033811797038652003,-0.0004319766885600984,24.511920
0.10500000000000073,0.00014276478032115847,0.0021346830762922764,0.00033811797038652003,-0.0004319766885600984,24.511920
0.10520833333333407,0.00014284971985034645,0.0021346830762922764,0.00033811797038652003,-0.0004319766885600984,24.511920
0.10541666666666741,0.0001429348485544324,0.0021346830762922764,0.00033811797038652003,-0.0004319766885600984,24.511920
0.10562500000000075,0.00014302022464107722,0.0021346830762922764,0.00033811797038652003,-0.0004319766885600984,24.511920
0.10583333333333408,0.00014310401456896216,0.0021346830762922764,0.00033811797038652003,-0.0004319766885600984,24.511920
0.10604166666666742,0.0001431890414096415,0.0021346830762922764,0.00033811797038652003,-0.0004319766885600984,24.511920
0.10625000000000076,0.00014327453391160816,0.0021346830762922764,0.00033811797038652003,-0.0004319766885600984,24.511920
0.1064583333333341,0.0001433591969544068,0.0021346830762922764,0.00033811797038652003,-0.0004319766885600984,24.511920
0.10666666666666744,0.0001434439909644425,0.0021346830762922764,0.00033811797038652003,-0.0004319766885600984,24.511920
0.10687500000000077,0.00014352939615491778,0.0021346830762922764,0.00033811797038652003,-0.0004319766885600984,24.511920
0.10708333333333411,0.00014361485955305398,0.0021346830762922764,0.00033811797038652003,-0.0004319766885600984,24.511920
0.10729166666666745,0.00014369991549756378,0.0021346830762922764,0.00033811797038652003,-0.0004319766885600984,24.511920
0.10750000000000079,0.0001437845639884472,0.0021346830762922764,0.00033811797038652003,-0.0004319766885600984,24.511920
0.10770833333333413,0.00014386886323336512,0.0021346830762922764,0.00033811797038652003,-0.0004319766885600984,24.511920
0.10791666666666747,0.00014395454491022974,0.0021346830762922764,0.00033811797038652003,-0.0004319766885600984,24.511920
0.1081250000000008,0.00014403929526451975,0.0021346830762922764,0.00033811797038652003,-0.0004319766885600984,24.511920
0.10833333333333414,0.00014412436576094478,0.0021346830762922764,0.00033811797038652003,-0.0004319766885600984,24.511920
0.10854166666666748,0.00014420808292925358,0.0021346830762922764,0.00033811797038652003,-0.0004319766885600984,24.511920
0.10875000000000082,0.000144292731420137,0.0021346830762922764,0.00033811797038652003,-0.0004319766885600984,24.511920
0.10895833333333416,0.00014437720528803766,0.0021346830762922764,0.00033811797038652003,-0.0004319766885600984,24.511920
0.1091666666666675,0.00014446188288275152,0.0021346830762922764,0.00033811797038652003,-0.0004319766885600984,24.511920
0.10937500000000083,0.0001445475936634466,0.0021346830762922764,0.00033811797038652003,-0.0004319766885600984,24.511920
0.10958333333333417,0.00014463304250966758,0.0021346830762922764,0.00033811797038652003,-0.0004319766885600984,24.511920
0.10979166666666751,0.00014471726899500936,0.0021346830762922764,0.00033811797038652003,-0.0004319766885600984,24.511920
0.11000000000000085,0.0001448027469450608,0.0021346830762922764,0.00033811797038652003,-0.0004319766885600984,24.511920
0.11020833333333419,0.0001448872935725376,0.0021346830762922764,0.00033811797038652003,-0.0004319766885600984,24.511920
0.11041666666666752,0.00014497182564809918,0.0021346830762922764,0.00033811797038652003,-0.0004319766885600984,24.511920
0.11062500000000086,0.00014505644503515214,0.0021346830762922764,0.00033811797038652003,-0.0004319766885600984,24.511920
0.1108333333333342,0.00014514217036776245,0.0021346830762922764,0.00033811797038652003,-0.0004319766885600984,24.511920
0.11104166666666754,0.00014522687706630677,0.0021346830762922764,0.00033811797038652003,-0.0004319766885600984,24.511920
0.11125000000000088,0.00014531151100527495,0.0021346830762922764,0.00033811797038652003,-0.0004319766885600984,24.511920
0.11145833333333421,0.00014539608673658222,0.0021346830762922764,0.00033811797038652003,-0.0004319766885600984,24.511920
0.11166666666666755,0.00014548053150065243,0.0021346830762922764,0.00033811797038652003,-0.0004319766885600984,24.511920
0.11187500000000089,0.00014556261885445565,0.0021346830762922764,0.00033811797038652003,-0.0004319766885600984,24.511920
0.11208333333333423,0.0001456469763070345,0.0021346830762922764,0.00033811797038652003,-0.0004319766885600984,24.511920
0.11229166666666757,0.00014573207590728998,0.0021346830762922764,0.00033811797038652003,-0.0004319766885600984,24.511920
0.1125000000000009,0.00014581700088456273,0.0021346830762922764,0.00033811797038652003,-0.0004319766885600984,24.511920
0.11270833333333424,0.00014590063074138016,0.0021346830762922764,0.00033811797038652003,-0.0004319766885600984,24.511920
0.11291666666666758,0.0001459843770135194,0.0021346830762922764,0.00033811797038652003,-0.0004319766885600984,24.511920
0.11312500000000092,0.00014606805052608252,0.0021346830762922764,0.00033811797038652003,-0.0004319766885600984,24.511920
0.11333333333333426,0.00014615220425184816,0.0021346830762922764,0.00033811797038652003,-0.0004319766885600984,24.511920
0.1135416666666676,0.00014623653260059655,0.0021346830762922764,0.00033811797038652003,-0.0004319766885600984,24.511920
0.11375000000000093,0.0001463205844629556,0.0021346830762922764,0.00033811797038652003,-0.0004319766885600984,24.511920
0.11395833333333427,0.00014640529116149992,0.0021346830762922764,0.00033811797038652003,-0.0004319766885600984,24.511920
0.11416666666666761,0.00014648916840087622,0.0021346830762922764,0.00033811797038652003,-0.0004319766885600984,24.511920
0.11437500000000095,0.00014657361316494644,0.0021346830762922764,0.00033811797038652003,-0.0004319766885600984,24.511920
0.11458333333333429,0.00014665744674857706,0.0021346830762922764,0.00033811797038652003,-0.0004319766885600984,24.511920
0.11479166666666762,0.00014674097474198788,0.0021346830762922764,0.00033811797038652003,-0.0004319766885600984,24.511920
0.11500000000000096,0.00014682566688861698,0.0021346830762922764,0.00033811797038652003,-0.0004319766885600984,24.511920
0.1152083333333343,0.00014690989337395877,0.0021346830762922764,0.00033811797038652003,-0.0004319766885600984,24.511920
0.11541666666666764,0.0001469930139137432,0.0021346830762922764,0.00033811797038652003,-0.0004319766885600984,24.511920
0.11562500000000098,0.0001470766292186454,0.0021346830762922764,0.00033811797038652003,-0.0004319766885600984,24.511920
0.11583333333333432,0.00014715966244693846,0.0021346830762922764,0.00033811797038652003,-0.0004319766885600984,24.511920
0.11604166666666765,0.00014724323409609497,0.0021346830762922764,0.00033811797038652003,-0.0004319766885600984,24.511920
0.11625000000000099,0.00014732606359757483,0.0021346830762922764,0.00033811797038652003,-0.0004319766885600984,24.511920
0.11645833333333433,0.00014740927144885063,0.0021346830762922764,0.00033811797038652003,-0.0004319766885600984,24.511920
0.11666666666666767,0.0001474940072512254,0.0021346830762922764,0.00033811797038652003,-0.0004319766885600984,24.511920
0.116875000000001,0.0001475776225561276,0.0021346830762922764,0.00033811797038652003,-0.0004319766885600984,24.511920
0.11708333333333434,0.00014766109234187752,0.0021346830762922764,0.00033811797038652003,-0.0004319766885600984,24.511920
0.11729166666666768,0.00014774421288166195,0.0021346830762922764,0.00033811797038652003,-0.0004319766885600984,24.511920
0.11750000000000102,0.0001478273916291073,0.0021346830762922764,0.00033811797038652003,-0.0004319766885600984,24.511920
0.11770833333333436,0.0001479114143876359,0.0021346830762922764,0.00033811797038652003,-0.0004319766885600984,24.511920
0.1179166666666677,0.00014799580094404519,0.0021346830762922764,0.00033811797038652003,-0.0004319766885600984,24.511920
0.11812500000000103,0.00014807915431447327,0.0021346830762922764,0.00033811797038652003,-0.0004319766885600984,24.511920
0.11833333333333437,0.00014816272596362978,0.0021346830762922764,0.00033811797038652003,-0.0004319766885600984,24.511920
0.11854166666666771,0.000148246152093634,0.0021346830762922764,0.00033811797038652003,-0.0004319766885600984,24.511920
0.11875000000000105,0.00014832962187938392,0.0021346830762922764,0.00033811797038652003,-0.0004319766885600984,24.511920
0.11895833333333439,0.00014841345546301454,0.0021346830762922764,0.00033811797038652003,-0.0004319766885600984,24.511920
0.11916666666666773,0.00014849672152195126,0.0021346830762922764,0.00033811797038652003,-0.0004319766885600984,24.511920
0.11937500000000106,0.00014858119538985193,0.0021346830762922764,0.00033811797038652003,-0.0004319766885600984,24.511920
0.1195833333333344,0.00014866338460706174,0.0021346830762922764,0.00033811797038652003,-0.0004319766885600984,24.511920
0.11979166666666774,0.00014874547196086496,0.0021346830762922764,0.00033811797038652003,-0.0004319766885600984,24.511920
0.12000000000000108,0.00014882764662615955,0.0021346830762922764,0.00033811797038652003,-0.0004319766885600984,24.511920
0.12020833333333442,0.00014891086902935058,0.0021346830762922764,0.00033811797038652003,-0.0004319766885600984,24.511920
0.12041666666666775,0.00014899509551469237,0.0021346830762922764,0.00033811797038652003,-0.0004319766885600984,24.511920
0.12062500000000109,0.00014907815784681588,0.0021346830762922764,0.00033811797038652003,-0.0004319766885600984,24.511920
0.12083333333333443,0.00014916226791683584,0.0021346830762922764,0.00033811797038652003,-0.0004319766885600984,24.511920
0.12104166666666777,0.00014924431161489338,0.0021346830762922764,0.00033811797038652003,-0.0004319766885600984,24.511920
0.1212500000000011,0.00014932741760276258,0.0021346830762922764,0.00033811797038652003,-0.0004319766885600984,24.511920
0.12145833333333445,0.0001494104362791404,0.0021346830762922764,0.00033811797038652003,-0.0004319766885600984,24.511920
0.12166666666666778,0.00014949431351851672,0.0021346830762922764,0.00033811797038652003,-0.0004319766885600984,24.511920
0.12187500000000112,0.00014957830717321485,0.0021346830762922764,0.00033811797038652003,-0.0004319766885600984,24.511920
0.12208333333333446,0.00014966321759857237,0.0021346830762922764,0.00033811797038652003,-0.0004319766885600984,24.511920
0.1222916666666678,0.0001497461344115436,0.0021346830762922764,0.00033811797038652003,-0.0004319766885600984,24.511920
0.12250000000000114,0.00014982839638832957,0.0021346830762922764,0.00033811797038652003,-0.0004319766885600984,24.511920
0.12270833333333447,0.00014991116768214852,0.0021346830762922764,0.00033811797038652003,-0.0004319766885600984,24.511920
0.12291666666666781,0.00014999396807979792,0.0021346830762922764,0.00033811797038652003,-0.0004319766885600984,24.511920
0.12312500000000115,0.000150078340084292,0.0021346830762922764,0.00033811797038652003,-0.0004319766885600984,24.511920
0.12333333333333449,0.00015016179531812668,0.0021346830762922764,0.00033811797038652003,-0.0004319766885600984,24.511920
0.12354166666666783,0.0001502454688306898,0.0021346830762922764,0.00033811797038652003,-0.0004319766885600984,24.511920
0.12375000000000116,0.00015032711962703615,0.0021346830762922764,0.00033811797038652003,-0.0004319766885600984,24.511920
0.1239583333333345,0.00015041022561490536,0.0021346830762922764,0.00033811797038652003,-0.0004319766885600984,24.511920
0.12416666666666784,0.00015049183275550604,0.0021346830762922764,0.00033811797038652003,-0.0004319766885600984,24.511920
0.12437500000000118,0.0001505756808910519,0.0021346830762922764,0.00033811797038652003,-0.0004319766885600984,24.511920
0.12458333333333452,0.00015065795741975307,0.0021346830762922764,0.00033811797038652003,-0.0004319766885600984,24.511920
0.12479166666666786,0.00015074110706336796,0.0021346830762922764,0.00033811797038652003,-0.0004319766885600984,24.511920
0.1250000000000012,0.00015082482423167676,0.0021346830762922764,0.00033811797038652003,-0.0004319766885600984,24.511920
0.12520833333333453,0.00015090614033397287,0.0021346830762922764,0.00033811797038652003,-0.0004319766885600984,24.511920
0.12541666666666787,0.00015098846051841974,0.0021346830762922764,0.00033811797038652003,-0.0004319766885600984,24.511920
0.1256250000000012,0.00015107121726032346,0.0021346830762922764,0.00033811797038652003,-0.0004319766885600984,24.511920
0.12583333333333455,0.0001511552109150216,0.0021346830762922764,0.00033811797038652003,-0.0004319766885600984,24.511920
0.12604166666666788,0.00015123830235097557,0.0021346830762922764,0.00033811797038652003,-0.0004319766885600984,24.511920
0.12625000000000122,0.00015132119006011635,0.0021346830762922764,0.00033811797038652003,-0.0004319766885600984,24.511920
0.12645833333333456,0.00015140323375817388,0.0021346830762922764,0.00033811797038652003,-0.0004319766885600984,24.511920
0.1266666666666679,0.00015148628153838217,0.0021346830762922764,0.00033811797038652003,-0.0004319766885600984,24.511920
0.12687500000000124,0.00015156828158069402,0.0021346830762922764,0.00033811797038652003,-0.0004319766885600984,24.511920
0.12708333333333457,0.0001516511256340891,0.0021346830762922764,0.00033811797038652003,-0.0004319766885600984,24.511920
0.1272916666666679,0.0001517331984359771,0.0021346830762922764,0.00033811797038652003,-0.0004319766885600984,24.511920
0.12750000000000125,0.00015181669732555747,0.0021346830762922764,0.00033811797038652003,-0.0004319766885600984,24.511920
0.1277083333333346,0.00015189911937341094,0.0021346830762922764,0.00033811797038652003,-0.0004319766885600984,24.511920
0.12791666666666793,0.00015198072651401162,0.0021346830762922764,0.00033811797038652003,-0.0004319766885600984,24.511920
0.12812500000000127,0.00015206313400994986,0.0021346830762922764,0.00033811797038652003,-0.0004319766885600984,24.511920
0.1283333333333346,0.000152144770254381,0.0021346830762922764,0.00033811797038652003,-0.0004319766885600984,24.511920
0.12854166666666794,0.00015222615911625326,0.0021346830762922764,0.00033811797038652003,-0.0004319766885600984,24.511920
0.12875000000000128,0.00015230878489091992,0.0021346830762922764,0.00033811797038652003,-0.0004319766885600984,24.511920
0.12895833333333462,0.000152390799485147,0.0021346830762922764,0.00033811797038652003,-0.0004319766885600984,24.511920
0.12916666666666796,0.00015247234841808677,0.0021346830762922764,0.00033811797038652003,-0.0004319766885600984,24.511920
0.1293750000000013,0.00015255494508892298,0.0021346830762922764,0.00033811797038652003,-0.0004319766885600984,24.511920
0.12958333333333463,0.00015263566456269473,0.0021346830762922764,0.00033811797038652003,-0.0004319766885600984,24.511920
0.12979166666666797,0.00015271754818968475,0.0021346830762922764,0.00033811797038652003,-0.0004319766885600984,24.511920
0.1300000000000013,0.00015279851504601538,0.0021346830762922764,0.00033811797038652003,-0.0004319766885600984,24.511920
0.13020833333333465,0.0001528801367385313,0.0021346830762922764,0.00033811797038652003,-0.0004319766885600984,24.511920
0.13041666666666799,0.0001529609435237944,0.0021346830762922764,0.00033811797038652003,-0.0004319766885600984,24.511920
0.13062500000000132,0.00015304463158827275,0.0021346830762922764,0.00033811797038652003,-0.0004319766885600984,24.511920
0.13083333333333466,0.00015312625328078866,0.0021346830762922764,0.00033811797038652003,-0.0004319766885600984,24.511920
0.131041666666668,0.00015320905367843807,0.0021346830762922764,0.00033811797038652003,-0.0004319766885600984,24.511920
0.13125000000000134,0.0001532905880594626,0.0021346830762922764,0.00033811797038652003,-0.0004319766885600984,24.511920
0.13145833333333468,0.00015337330114562064,0.0021346830762922764,0.00033811797038652003,-0.0004319766885600984,24.511920
0.13166666666666801,0.0001534550974611193,0.0021346830762922764,0.00033811797038652003,-0.0004319766885600984,24.511920
0.13187500000000135,0.00015353731578215957,0.0021346830762922764,0.00033811797038652003,-0.0004319766885600984,24.511920
0.1320833333333347,0.00015361922851298004,0.0021346830762922764,0.00033811797038652003,-0.0004319766885600984,24.511920
0.13229166666666803,0.0001536994386697188,0.0021346830762922764,0.00033811797038652003,-0.0004319766885600984,24.511920
0.13250000000000137,0.00015378107491414994,0.0021346830762922764,0.00033811797038652003,-0.0004319766885600984,24.511920
0.1327083333333347,0.00015386177983600646,0.0021346830762922764,0.00033811797038652003,-0.0004319766885600984,24.511920
0.13291666666666804,0.00015394303773064166,0.0021346830762922764,0.00033811797038652003,-0.0004319766885600984,24.511920
0.13312500000000138,0.00015402368444483727,0.0021346830762922764,0.00033811797038652003,-0.0004319766885600984,24.511920
0.13333333333333472,0.00015410484047606587,0.0021346830762922764,0.00033811797038652003,-0.0004319766885600984,24.511920
0.13354166666666806,0.0001541858073323965,0.0021346830762922764,0.00033811797038652003,-0.0004319766885600984,24.511920
0.1337500000000014,0.00015426687605213374,0.0021346830762922764,0.00033811797038652003,-0.0004319766885600984,24.511920
0.13395833333333473,0.0001543473917990923,0.0021346830762922764,0.00033811797038652003,-0.0004319766885600984,24.511920
0.13416666666666807,0.00015442857693415135,0.0021346830762922764,0.00033811797038652003,-0.0004319766885600984,24.511920
0.1343750000000014,0.0001545101695228368,0.0021346830762922764,0.00033811797038652003,-0.0004319766885600984,24.511920
0.13458333333333475,0.0001545914710732177,0.0021346830762922764,0.00033811797038652003,-0.0004319766885600984,24.511920
0.1347916666666681,0.00015467323828488588,0.0021346830762922764,0.00033811797038652003,-0.0004319766885600984,24.511920
0.13500000000000142,0.00015475449617952108,0.0021346830762922764,0.00033811797038652003,-0.0004319766885600984,24.511920
0.13520833333333476,0.00015483525930903852,0.0021346830762922764,0.00033811797038652003,-0.0004319766885600984,24.511920
0.1354166666666681,0.0001549163571326062,0.0021346830762922764,0.00033811797038652003,-0.0004319766885600984,24.511920
0.13562500000000144,0.00015499828441534191,0.0021346830762922764,0.00033811797038652003,-0.0004319766885600984,24.511920
0.13583333333333478,0.00015508024080190808,0.0021346830762922764,0.00033811797038652003,-0.0004319766885600984,24.511920
0.13604166666666812,0.0001551618188386783,0.0021346830762922764,0.00033811797038652003,-0.0004319766885600984,24.511920
0.13625000000000145,0.0001552414905745536,0.0021346830762922764,0.00033811797038652003,-0.0004319766885600984,24.511920
0.1364583333333348,0.0001553233014419675,0.0021346830762922764,0.00033811797038652003,-0.0004319766885600984,24.511920
0.13666666666666813,0.0001554057962493971,0.0021346830762922764,0.00033811797038652003,-0.0004319766885600984,24.511920
0.13687500000000147,0.00015548728697467595,0.0021346830762922764,0.00033811797038652003,-0.0004319766885600984,24.511920
0.1370833333333348,0.00015556880680378526,0.0021346830762922764,0.00033811797038652003,-0.0004319766885600984,24.511920
0.13729166666666814,0.00015565006469842046,0.0021346830762922764,0.00033811797038652003,-0.0004319766885600984,24.511920
0.13750000000000148,0.0001557306241011247,0.0021346830762922764,0.00033811797038652003,-0.0004319766885600984,24.511920
0.13770833333333482,0.00015581087791360915,0.0021346830762922764,0.00033811797038652003,-0.0004319766885600984,24.511920
0.13791666666666816,0.00015589172835461795,0.0021346830762922764,0.00033811797038652003,-0.0004319766885600984,24.511920
0.1381250000000015,0.00015597282617818564,0.0021346830762922764,0.00033811797038652003,-0.0004319766885600984,24.511920
0.13833333333333483,0.0001560527307447046,0.0021346830762922764,0.00033811797038652003,-0.0004319766885600984,24.511920
0.13854166666666817,0.00015613390132784843,0.0021346830762922764,0.00033811797038652003,-0.0004319766885600984,24.511920
0.1387500000000015,0.00015621527563780546,0.0021346830762922764,0.00033811797038652003,-0.0004319766885600984,24.511920
0.13895833333333485,0.00015629600966349244,0.0021346830762922764,0.00033811797038652003,-0.0004319766885600984,24.511920
0.1391666666666682,0.0001563776022521779,0.0021346830762922764,0.00033811797038652003,-0.0004319766885600984,24.511920
0.13937500000000153,0.00015645862731616944,0.0021346830762922764,0.00033811797038652003,-0.0004319766885600984,24.511920
0.13958333333333486,0.00015653976879548281,0.0021346830762922764,0.00033811797038652003,-0.0004319766885600984,24.511920
0.1397916666666682,0.00015661992074456066,0.0021346830762922764,0.00033811797038652003,-0.0004319766885600984,24.511920
0.14000000000000154,0.0001567007857374847,0.0021346830762922764,0.00033811797038652003,-0.0004319766885600984,24.511920
0.14020833333333488,0.0001567827130202204,0.0021346830762922764,0.00033811797038652003,-0.0004319766885600984,24.511920
0.14041666666666822,0.00015686440747231245,0.0021346830762922764,0.00033811797038652003,-0.0004319766885600984,24.511920
0.14062500000000155,0.00015694547619204968,0.0021346830762922764,0.00033811797038652003,-0.0004319766885600984,24.511920
0.1408333333333349,0.0001570266904309392,0.0021346830762922764,0.00033811797038652003,-0.0004319766885600984,24.511920
0.14104166666666823,0.00015710698789916933,0.0021346830762922764,0.00033811797038652003,-0.0004319766885600984,24.511920
0.14125000000000157,0.00015718779468443245,0.0021346830762922764,0.00033811797038652003,-0.0004319766885600984,24.511920
0.1414583333333349,0.00015726788842584938,0.0021346830762922764,0.00033811797038652003,-0.0004319766885600984,24.511920
0.14166666666666825,0.00015734902990516275,0.0021346830762922764,0.00033811797038652003,-0.0004319766885600984,24.511920
0.14187500000000158,0.00015743018593639135,0.0021346830762922764,0.00033811797038652003,-0.0004319766885600984,24.511920
0.14208333333333492,0.00015751089085824788,0.0021346830762922764,0.00033811797038652003,-0.0004319766885600984,24.511920
0.14229166666666826,0.0001575920032337308,0.0021346830762922764,0.00033811797038652003,-0.0004319766885600984,24.511920
0.1425000000000016,0.00015767333388794214,0.0021346830762922764,0.00033811797038652003,-0.0004319766885600984,24.511920
0.14270833333333494,0.00015775434440001845,0.0021346830762922764,0.00033811797038652003,-0.0004319766885600984,24.511920
0.14291666666666827,0.00015783513663336635,0.0021346830762922764,0.00033811797038652003,-0.0004319766885600984,24.511920
0.1431250000000016,0.00015791569603607059,0.0021346830762922764,0.00033811797038652003,-0.0004319766885600984,24.511920
0.14333333333333495,0.00015799474203959107,0.0021346830762922764,0.00033811797038652003,-0.0004319766885600984,24.511920
0.1435416666666683,0.00015807415184099227,0.0021346830762922764,0.00033811797038652003,-0.0004319766885600984,24.511920
0.14375000000000163,0.00015815452206879854,0.0021346830762922764,0.00033811797038652003,-0.0004319766885600984,24.511920
0.14395833333333496,0.00015823433932382613,0.0021346830762922764,0.00033811797038652003,-0.0004319766885600984,24.511920
0.1441666666666683,0.00015831415657885373,0.0021346830762922764,0.00033811797038652003,-0.0004319766885600984,24.511920
0.14437500000000164,0.00015839474508538842,0.0021346830762922764,0.00033811797038652003,-0.0004319766885600984,24.511920
0.14458333333333498,0.00015847523172851652,0.0021346830762922764,0.00033811797038652003,-0.0004319766885600984,24.511920
0.14479166666666832,0.0001585544232511893,0.0021346830762922764,0.00033811797038652003,-0.0004319766885600984,24.511920
0.14500000000000166,0.00015863472071941942,0.0021346830762922764,0.00033811797038652003,-0.0004319766885600984,24.511920
0.145208333333335,0.00015871503273956478,0.0021346830762922764,0.00033811797038652003,-0.0004319766885600984,24.511920
0.14541666666666833,0.00015879483544267714,0.0021346830762922764,0.00033811797038652003,-0.0004319766885600984,24.511920
0.14562500000000167,0.00015887636982370168,0.0021346830762922764,0.00033811797038652003,-0.0004319766885600984,24.511920
0.145833333333335,0.00015895765682216734,0.0021346830762922764,0.00033811797038652003,-0.0004319766885600984,24.511920
0.14604166666666835,0.00015903830353636295,0.0021346830762922764,0.00033811797038652003,-0.0004319766885600984,24.511920
0.14625000000000168,0.00015911951777525246,0.0021346830762922764,0.00033811797038652003,-0.0004319766885600984,24.511920
0.14645833333333502,0.00015920057194307446,0.0021346830762922764,0.00033811797038652003,-0.0004319766885600984,24.511920
0.14666666666666836,0.00015928038919810206,0.0021346830762922764,0.00033811797038652003,-0.0004319766885600984,24.511920
0.1468750000000017,0.00015936051204334944,0.0021346830762922764,0.00033811797038652003,-0.0004319766885600984,24.511920
0.14708333333333504,0.0001594417408341542,0.0021346830762922764,0.00033811797038652003,-0.0004319766885600984,24.511920
0.14729166666666837,0.0001595227950019762,0.0021346830762922764,0.00033811797038652003,-0.0004319766885600984,24.511920
0.1475000000000017,0.00015960349992383271,0.0021346830762922764,0.00033811797038652003,-0.0004319766885600984,24.511920
0.14770833333333505,0.0001596826914465055,0.0021346830762922764,0.00033811797038652003,-0.0004319766885600984,24.511920
0.1479166666666684,0.00015976322174537927,0.0021346830762922764,0.00033811797038652003,-0.0004319766885600984,24.511920
0.14812500000000173,0.00015984235506039113,0.0021346830762922764,0.00033811797038652003,-0.0004319766885600984,24.511920
0.14833333333333507,0.0001599219540366903,0.0021346830762922764,0.00033811797038652003,-0.0004319766885600984,24.511920
0.1485416666666684,0.00016000130563043058,0.0021346830762922764,0.00033811797038652003,-0.0004319766885600984,24.511920
0.14875000000000174,0.00016008122474886477,0.0021346830762922764,0.00033811797038652003,-0.0004319766885600984,24.511920
0.14895833333333508,0.00016016094014048576,0.0021346830762922764,0.00033811797038652003,-0.0004319766885600984,24.511920
0.14916666666666842,0.00016024122305680066,0.0021346830762922764,0.00033811797038652003,-0.0004319766885600984,24.511920
0.14937500000000176,0.0001603197306394577,0.0021346830762922764,0.00033811797038652003,-0.0004319766885600984,24.511920
0.1495833333333351,0.0001603988348506391,0.0021346830762922764,0.00033811797038652003,-0.0004319766885600984,24.511920
0.14979166666666843,0.00016047924873419106,0.0021346830762922764,0.00033811797038652003,-0.0004319766885600984,24.511920
0.15000000000000177,0.0001605594006832689,0.0021346830762922764,0.00033811797038652003,-0.0004319766885600984,24.511920
0.1502083333333351,0.00016063853399828076,0.0021346830762922764,0.00033811797038652003,-0.0004319766885600984,24.511920
0.15041666666666845,0.0001607189333299175,0.0021346830762922764,0.00033811797038652003,-0.0004319766885600984,24.511920
0.15062500000000179,0.00016079847409855574,0.0021346830762922764,0.00033811797038652003,-0.0004319766885600984,24.511920
0.15083333333333512,0.00016087788389995694,0.0021346830762922764,0.00033811797038652003,-0.0004319766885600984,24.511920
0.15104166666666846,0.00016095854516606778,0.0021346830762922764,0.00033811797038652003,-0.0004319766885600984,24.511920
0.1512500000000018,0.00016103842062875628,0.0021346830762922764,0.00033811797038652003,-0.0004319766885600984,24.511920
0.15145833333333514,0.00016111858712974936,0.0021346830762922764,0.00033811797038652003,-0.0004319766885600984,24.511920
0.15166666666666848,0.0001611991028767079,0.0021346830762922764,0.00033811797038652003,-0.0004319766885600984,24.511920
0.15187500000000181,0.0001612789637874812,0.0021346830762922764,0.00033811797038652003,-0.0004319766885600984,24.511920
0.15208333333333515,0.00016135831538122147,0.0021346830762922764,0.00033811797038652003,-0.0004319766885600984,24.511920
0.1522916666666685,0.00016143535322044045,0.0021346830762922764,0.00033811797038652003,-0.0004319766885600984,24.511920
0.15250000000000183,0.00016151383169926703,0.0021346830762922764,0.00033811797038652003,-0.0004319766885600984,24.511920
0.15270833333333517,0.00016159347433131188,0.0021346830762922764,0.00033811797038652003,-0.0004319766885600984,24.511920
0.1529166666666685,0.00016167244757525623,0.0021346830762922764,0.00033811797038652003,-0.0004319766885600984,24.511920
0.15312500000000184,0.00016175152268260717,0.0021346830762922764,0.00033811797038652003,-0.0004319766885600984,24.511920
0.15333333333333518,0.0001618293608771637,0.0021346830762922764,0.00033811797038652003,-0.0004319766885600984,24.511920
0.15354166666666852,0.00016190895985346287,0.0021346830762922764,0.00033811797038652003,-0.0004319766885600984,24.511920
0.15375000000000186,0.00016198794764932245,0.0021346830762922764,0.00033811797038652003,-0.0004319766885600984,24.511920
0.1539583333333352,0.00016206684813369066,0.0021346830762922764,0.00033811797038652003,-0.0004319766885600984,24.511920
0.15416666666666853,0.0001621467381482944,0.0021346830762922764,0.00033811797038652003,-0.0004319766885600984,24.511920
0.15437500000000187,0.00016222576959989965,0.0021346830762922764,0.00033811797038652003,-0.0004319766885600984,24.511920
0.1545833333333352,0.00016230641631409526,0.0021346830762922764,0.00033811797038652003,-0.0004319766885600984,24.511920
0.15479166666666855,0.00016238598618656397,0.0021346830762922764,0.00033811797038652003,-0.0004319766885600984,24.511920
0.1550000000000019,0.00016246465384028852,0.0021346830762922764,0.00033811797038652003,-0.0004319766885600984,24.511920
0.15520833333333522,0.00016254432557616383,0.0021346830762922764,0.00033811797038652003,-0.0004319766885600984,24.511920
0.15541666666666856,0.0001626223820494488,0.0021346830762922764,0.00033811797038652003,-0.0004319766885600984,24.511920
0.1556250000000019,0.00016270173364318907,0.0021346830762922764,0.00033811797038652003,-0.0004319766885600984,24.511920
0.15583333333333524,0.00016278160910587758,0.0021346830762922764,0.00033811797038652003,-0.0004319766885600984,24.511920
0.15604166666666858,0.00016286101890727878,0.0021346830762922764,0.00033811797038652003,-0.0004319766885600984,24.511920
0.15625000000000192,0.00016294083616230637,0.0021346830762922764,0.00033811797038652003,-0.0004319766885600984,24.511920
0.15645833333333525,0.00016301906725857407,0.0021346830762922764,0.00033811797038652003,-0.0004319766885600984,24.511920
0.1566666666666686,0.0001630974729778245,0.0021346830762922764,0.00033811797038652003,-0.0004319766885600984,24.511920
0.15687500000000193,0.00016317567497026175,0.0021346830762922764,0.00033811797038652003,-0.0004319766885600984,24.511920
0.15708333333333527,0.00016325469186995178,0.0021346830762922764,0.00033811797038652003,-0.0004319766885600984,24.511920
0.1572916666666686,0.00016333437815774232,0.0021346830762922764,0.00033811797038652003,-0.0004319766885600984,24.511920
0.15750000000000194,0.0001634132640901953,0.0021346830762922764,0.00033811797038652003,-0.0004319766885600984,24.511920
0.15770833333333528,0.00016349225188605487,0.0021346830762922764,0.00033811797038652003,-0.0004319766885600984,24.511920
0.15791666666666862,0.0001635700900806114,0.0021346830762922764,0.00033811797038652003,-0.0004319766885600984,24.511920
0.15812500000000196,0.00016364797193091363,0.0021346830762922764,0.00033811797038652003,-0.0004319766885600984,24.511920
0.1583333333333353,0.00016372650861740112,0.0021346830762922764,0.00033811797038652003,-0.0004319766885600984,24.511920
0.15854166666666863,0.00016380418674089015,0.0021346830762922764,0.00033811797038652003,-0.0004319766885600984,24.511920
0.15875000000000197,0.00016388185031246394,0.0021346830762922764,0.00033811797038652003,-0.0004319766885600984,24.511920
0.1589583333333353,0.00016396153660025448,0.0021346830762922764,0.00033811797038652003,-0.0004319766885600984,24.511920
0.15916666666666865,0.00016403943300247192,0.0021346830762922764,0.00033811797038652003,-0.0004319766885600984,24.511920
0.159375000000002,0.00016411769320257008,0.0021346830762922764,0.00033811797038652003,-0.0004319766885600984,24.511920
0.15958333333333533,0.00016419704479631037,0.0021346830762922764,0.00033811797038652003,-0.0004319766885600984,24.511920
0.15979166666666866,0.00016427582886535674,0.0021346830762922764,0.00033811797038652003,-0.0004319766885600984,24.511920
0.160000000000002,0.00016435488942079246,0.0021346830762922764,0.00033811797038652003,-0.0004319766885600984,24.511920
0.16020833333333534,0.00016443325148429722,0.0021346830762922764,0.00033811797038652003,-0.0004319766885600984,24.511920
0.16041666666666868,0.00016451037663500756,0.0021346830762922764,0.00033811797038652003,-0.0004319766885600984,24.511920
0.16062500000000202,0.0001645873417146504,0.0021346830762922764,0.00033811797038652003,-0.0004319766885600984,24.511920
0.16083333333333535,0.0001646672171773389,0.0021346830762922764,0.00033811797038652003,-0.0004319766885600984,24.511920
0.1610416666666687,0.00016474546282552183,0.0021346830762922764,0.00033811797038652003,-0.0004319766885600984,24.511920
0.16125000000000203,0.00016482346109114587,0.0021346830762922764,0.00033811797038652003,-0.0004319766885600984,24.511920
0.16145833333333537,0.00016490291454829276,0.0021346830762922764,0.00033811797038652003,-0.0004319766885600984,24.511920
0.1616666666666687,0.00016498206241521984,0.0021346830762922764,0.00033811797038652003,-0.0004319766885600984,24.511920
0.16187500000000205,0.00016506086103618145,0.0021346830762922764,0.00033811797038652003,-0.0004319766885600984,24.511920
0.16208333333333538,0.00016513984883204103,0.0021346830762922764,0.00033811797038652003,-0.0004319766885600984,24.511920
0.16229166666666872,0.00016521736688446254,0.0021346830762922764,0.00033811797038652003,-0.0004319766885600984,24.511920
0.16250000000000206,0.00016529591812286526,0.0021346830762922764,0.00033811797038652003,-0.0004319766885600984,24.511920
0.1627083333333354,0.00016537285409867764,0.0021346830762922764,0.00033811797038652003,-0.0004319766885600984,24.511920
0.16291666666666874,0.00016545181279070675,0.0021346830762922764,0.00033811797038652003,-0.0004319766885600984,24.511920
0.16312500000000207,0.00016553080058656633,0.0021346830762922764,0.00033811797038652003,-0.0004319766885600984,24.511920
0.1633333333333354,0.00016560971562284976,0.0021346830762922764,0.00033811797038652003,-0.0004319766885600984,24.511920
0.16354166666666875,0.00016568833962082863,0.0021346830762922764,0.00033811797038652003,-0.0004319766885600984,24.511920
0.1637500000000021,0.00016576552297919989,0.0021346830762922764,0.00033811797038652003,-0.0004319766885600984,24.511920
0.16395833333333543,0.00016584321565460414,0.0021346830762922764,0.00033811797038652003,-0.0004319766885600984,24.511920
0.16416666666666876,0.00016592067549936473,0.0021346830762922764,0.00033811797038652003,-0.0004319766885600984,24.511920
0.1643750000000021,0.00016599630180280656,0.0021346830762922764,0.00033811797038652003,-0.0004319766885600984,24.511920
0.16458333333333544,0.00016607392171863467,0.0021346830762922764,0.00033811797038652003,-0.0004319766885600984,24.511920
0.16479166666666878,0.0001661533460719511,0.0021346830762922764,0.00033811797038652003,-0.0004319766885600984,24.511920
0.16500000000000212,0.00016623115516267717,0.0021346830762922764,0.00033811797038652003,-0.0004319766885600984,24.511920
0.16520833333333546,0.00016630988102406263,0.0021346830762922764,0.00033811797038652003,-0.0004319766885600984,24.511920
0.1654166666666688,0.00016638674424029887,0.0021346830762922764,0.00033811797038652003,-0.0004319766885600984,24.511920
0.16562500000000213,0.00016646333097014576,0.0021346830762922764,0.00033811797038652003,-0.0004319766885600984,24.511920
0.16583333333333547,0.00016654189676046371,0.0021346830762922764,0.00033811797038652003,-0.0004319766885600984,24.511920
0.1660416666666688,0.00016662012785673141,0.0021346830762922764,0.00033811797038652003,-0.0004319766885600984,24.511920
0.16625000000000215,0.00016669831529725343,0.0021346830762922764,0.00033811797038652003,-0.0004319766885600984,24.511920
0.16645833333333548,0.00016677573148626834,0.0021346830762922764,0.00033811797038652003,-0.0004319766885600984,24.511920
0.16666666666666882,0.00016685223090462387,0.0021346830762922764,0.00033811797038652003,-0.0004319766885600984,24.511920
0.16687500000000216,0.00016693066572770476,0.0021346830762922764,0.00033811797038652003,-0.0004319766885600984,24.511920
0.1670833333333355,0.00016700800915714353,0.0021346830762922764,0.00033811797038652003,-0.0004319766885600984,24.511920
0.16729166666666884,0.00016708538169041276,0.0021346830762922764,0.00033811797038652003,-0.0004319766885600984,24.511920
0.16750000000000217,0.0001671636855462566,0.0021346830762922764,0.00033811797038652003,-0.0004319766885600984,24.511920
0.1677083333333355,0.00016724142187740654,0.0021346830762922764,0.00033811797038652003,-0.0004319766885600984,24.511920
0.16791666666666885,0.0001673194783506915,0.0021346830762922764,0.00033811797038652003,-0.0004319766885600984,24.511920
0.1681250000000022,0.00016739686543587595,0.0021346830762922764,0.00033811797038652003,-0.0004319766885600984,24.511920
0.16833333333333553,0.00016747498011682183,0.0021346830762922764,0.00033811797038652003,-0.0004319766885600984,24.511920
0.16854166666666887,0.00016755239630583674,0.0021346830762922764,0.00033811797038652003,-0.0004319766885600984,24.511920
0.1687500000000022,0.0001676303072599694,0.0021346830762922764,0.00033811797038652003,-0.0004319766885600984,24.511920
0.16895833333333554,0.00016770795627962798,0.0021346830762922764,0.00033811797038652003,-0.0004319766885600984,24.511920
0.16916666666666888,0.0001677863474469632,0.0021346830762922764,0.00033811797038652003,-0.0004319766885600984,24.511920
0.16937500000000222,0.00016786280320957303,0.0021346830762922764,0.00033811797038652003,-0.0004319766885600984,24.511920
0.16958333333333556,0.00016794032126199454,0.0021346830762922764,0.00033811797038652003,-0.0004319766885600984,24.511920
0.1697916666666689,0.00016801753372419626,0.0021346830762922764,0.00033811797038652003,-0.0004319766885600984,24.511920
0.17000000000000223,0.00016809451335575432,0.0021346830762922764,0.00033811797038652003,-0.0004319766885600984,24.511920
0.17020833333333557,0.0001681727299001068,0.0021346830762922764,0.00033811797038652003,-0.0004319766885600984,24.511920
0.1704166666666689,0.00016825056809466332,0.0021346830762922764,0.00033811797038652003,-0.0004319766885600984,24.511920
0.17062500000000225,0.00016832839173730463,0.0021346830762922764,0.00033811797038652003,-0.0004319766885600984,24.511920
0.17083333333333559,0.0001684067101450637,0.0021346830762922764,0.00033811797038652003,-0.0004319766885600984,24.511920
0.17104166666666892,0.0001684833550825715,0.0021346830762922764,0.00033811797038652003,-0.0004319766885600984,24.511920
0.17125000000000226,0.0001685601455392316,0.0021346830762922764,0.00033811797038652003,-0.0004319766885600984,24.511920
0.1714583333333356,0.00016863731434568763,0.0021346830762922764,0.00033811797038652003,-0.0004319766885600984,24.511920
0.17166666666666894,0.00016871401749085635,0.0021346830762922764,0.00033811797038652003,-0.0004319766885600984,24.511920
0.17187500000000228,0.00016879195754881948,0.0021346830762922764,0.00033811797038652003,-0.0004319766885600984,24.511920
0.17208333333333561,0.0001688698393991217,0.0021346830762922764,0.00033811797038652003,-0.0004319766885600984,24.511920
0.17229166666666895,0.00016894644068088382,0.0021346830762922764,0.00033811797038652003,-0.0004319766885600984,24.511920
0.1725000000000023,0.00016902352217584848,0.0021346830762922764,0.00033811797038652003,-0.0004319766885600984,24.511920
0.17270833333333563,0.00016910045815166086,0.0021346830762922764,0.00033811797038652003,-0.0004319766885600984,24.511920
0.17291666666666897,0.0001691779471002519,0.0021346830762922764,0.00033811797038652003,-0.0004319766885600984,24.511920
0.1731250000000023,0.0001692543301032856,0.0021346830762922764,0.00033811797038652003,-0.0004319766885600984,24.511920
0.17333333333333564,0.00016933248843997717,0.0021346830762922764,0.00033811797038652003,-0.0004319766885600984,24.511920
0.17354166666666898,0.00016940885689109564,0.0021346830762922764,0.00033811797038652003,-0.0004319766885600984,24.511920
0.17375000000000232,0.00016948570555541664,0.0021346830762922764,0.00033811797038652003,-0.0004319766885600984,24.511920
0.17395833333333566,0.00016956188483163714,0.0021346830762922764,0.00033811797038652003,-0.0004319766885600984,24.511920
0.174166666666669,0.00016963800590019673,0.0021346830762922764,0.00033811797038652003,-0.0004319766885600984,24.511920
0.17437500000000233,0.00016971399600151926,0.0021346830762922764,0.00033811797038652003,-0.0004319766885600984,24.511920
0.17458333333333567,0.00016979033534880728,0.0021346830762922764,0.00033811797038652003,-0.0004319766885600984,24.511920
0.174791666666669,0.0001698674022918567,0.0021346830762922764,0.00033811797038652003,-0.0004319766885600984,24.511920
0.17500000000000235,0.00016994343604892492,0.0021346830762922764,0.00033811797038652003,-0.0004319766885600984,24.511920
0.1752083333333357,0.00017002109962049872,0.0021346830762922764,0.00033811797038652003,-0.0004319766885600984,24.511920
0.17541666666666902,0.00017009703151416034,0.0021346830762922764,0.00033811797038652003,-0.0004319766885600984,24.511920
0.17562500000000236,0.0001701731380308047,0.0021346830762922764,0.00033811797038652003,-0.0004319766885600984,24.511920
0.1758333333333357,0.00017024915723595768,0.0021346830762922764,0.00033811797038652003,-0.0004319766885600984,24.511920
0.17604166666666904,0.00017032639880198985,0.0021346830762922764,0.00033811797038652003,-0.0004319766885600984,24.511920
0.17625000000000238,0.00017040317470673472,0.0021346830762922764,0.00033811797038652003,-0.0004319766885600984,24.511920
0.17645833333333572,0.00017048091103788465,0.0021346830762922764,0.00033811797038652003,-0.0004319766885600984,24.511920
0.17666666666666905,0.00017055751231964678,0.0021346830762922764,0.00033811797038652003,-0.0004319766885600984,24.511920
0.1768750000000024,0.00017063495761249214,0.0021346830762922764,0.00033811797038652003,-0.0004319766885600984,24.511920
0.17708333333333573,0.00017071118054445833,0.0021346830762922764,0.00033811797038652003,-0.0004319766885600984,24.511920
0.17729166666666907,0.0001707879564492032,0.0021346830762922764,0.00033811797038652003,-0.0004319766885600984,24.511920
0.1775000000000024,0.00017086359730456024,0.0021346830762922764,0.00033811797038652003,-0.0004319766885600984,24.511920
0.17770833333333574,0.0001709400676190853,0.0021346830762922764,0.00033811797038652003,-0.0004319766885600984,24.511920
0.17791666666666908,0.0001710177748464048,0.0021346830762922764,0.00033811797038652003,-0.0004319766885600984,24.511920
0.17812500000000242,0.00017109497275669128,0.0021346830762922764,0.00033811797038652003,-0.0004319766885600984,24.511920
0.17833333333333576,0.00017117284005507827,0.0021346830762922764,0.00033811797038652003,-0.0004319766885600984,24.511920
0.1785416666666691,0.00017125005251727998,0.0021346830762922764,0.00033811797038652003,-0.0004319766885600984,24.511920
0.17875000000000243,0.00017132532957475632,0.0021346830762922764,0.00033811797038652003,-0.0004319766885600984,24.511920
0.17895833333333577,0.00017140066483989358,0.0021346830762922764,0.00033811797038652003,-0.0004319766885600984,24.511920
0.1791666666666691,0.00017147755715996027,0.0021346830762922764,0.00033811797038652003,-0.0004319766885600984,24.511920
0.17937500000000245,0.0001715540565783158,0.0021346830762922764,0.00033811797038652003,-0.0004319766885600984,24.511920
0.1795833333333358,0.00017163035226985812,0.0021346830762922764,0.00033811797038652003,-0.0004319766885600984,24.511920
0.17979166666666913,0.00017170673527289182,0.0021346830762922764,0.00033811797038652003,-0.0004319766885600984,24.511920
0.18000000000000246,0.00017178217240143567,0.0021346830762922764,0.00033811797038652003,-0.0004319766885600984,24.511920
0.1802083333333358,0.00017185915203299373,0.0021346830762922764,0.00033811797038652003,-0.0004319766885600984,24.511920
0.18041666666666914,0.00017193479288835078,0.0021346830762922764,0.00033811797038652003,-0.0004319766885600984,24.511920
0.18062500000000248,0.00017200983711518347,0.0021346830762922764,0.00033811797038652003,-0.0004319766885600984,24.511920
0.18083333333333582,0.00017208496865350753,0.0021346830762922764,0.00033811797038652003,-0.0004319766885600984,24.511920
0.18104166666666915,0.00017216120613738894,0.0021346830762922764,0.00033811797038652003,-0.0004319766885600984,24.511920
0.1812500000000025,0.00017223709437530488,0.0021346830762922764,0.00033811797038652003,-0.0004319766885600984,24.511920
0.18145833333333583,0.00017231247329618782,0.0021346830762922764,0.00033811797038652003,-0.0004319766885600984,24.511920
0.18166666666666917,0.00017238744476344436,0.0021346830762922764,0.00033811797038652003,-0.0004319766885600984,24.511920
0.1818750000000025,0.00017246315837837756,0.0021346830762922764,0.00033811797038652003,-0.0004319766885600984,24.511920
0.18208333333333585,0.00017253984697163105,0.0021346830762922764,0.00033811797038652003,-0.0004319766885600984,24.511920
0.18229166666666918,0.0001726150221657008,0.0021346830762922764,0.00033811797038652003,-0.0004319766885600984,24.511920
0.18250000000000252,0.00017269093950744718,0.0021346830762922764,0.00033811797038652003,-0.0004319766885600984,24.511920
0.18270833333333586,0.000172766056493856,0.0021346830762922764,0.00033811797038652003,-0.0004319766885600984,24.511920
0.1829166666666692,0.00017284203204326332,0.0021346830762922764,0.00033811797038652003,-0.0004319766885600984,24.511920
0.18312500000000254,0.00017291693075094372,0.0021346830762922764,0.00033811797038652003,-0.0004319766885600984,24.511920
0.18333333333333587,0.00017299283354077488,0.0021346830762922764,0.00033811797038652003,-0.0004319766885600984,24.511920
0.1835416666666692,0.00017306891095358878,0.0021346830762922764,0.00033811797038652003,-0.0004319766885600984,24.511920
0.18375000000000255,0.0001731442753225565,0.0021346830762922764,0.00033811797038652003,-0.0004319766885600984,24.511920
0.1839583333333359,0.00017322125495411456,0.0021346830762922764,0.00033811797038652003,-0.0004319766885600984,24.511920
0.18416666666666923,0.00017329718684777617,0.0021346830762922764,0.00033811797038652003,-0.0004319766885600984,24.511920
0.18437500000000256,0.0001733726094244048,0.0021346830762922764,0.00033811797038652003,-0.0004319766885600984,24.511920
0.1845833333333359,0.00017344793013762683,0.0021346830762922764,0.00033811797038652003,-0.0004319766885600984,24.511920
0.18479166666666924,0.00017352333816234022,0.0021346830762922764,0.00033811797038652003,-0.0004319766885600984,24.511920
0.18500000000000258,0.00017359897901769727,0.0021346830762922764,0.00033811797038652003,-0.0004319766885600984,24.511920
0.18520833333333592,0.0001736739359330386,0.0021346830762922764,0.00033811797038652003,-0.0004319766885600984,24.511920
0.18541666666666926,0.00017374973685946316,0.0021346830762922764,0.00033811797038652003,-0.0004319766885600984,24.511920
0.1856250000000026,0.0001738246064633131,0.0021346830762922764,0.00033811797038652003,-0.0004319766885600984,24.511920
0.18583333333333593,0.0001739004801493138,0.0021346830762922764,0.00033811797038652003,-0.0004319766885600984,24.511920
0.18604166666666927,0.0001739755243761465,0.0021346830762922764,0.00033811797038652003,-0.0004319766885600984,24.511920
0.1862500000000026,0.00017405008838977665,0.0021346830762922764,0.00033811797038652003,-0.0004319766885600984,24.511920
0.18645833333333595,0.00017412503075320274,0.0021346830762922764,0.00033811797038652003,-0.0004319766885600984,24.511920
0.18666666666666928,0.00017419947835151106,0.0021346830762922764,0.00033811797038652003,-0.0004319766885600984,24.511920
0.18687500000000262,0.00017427468264941126,0.0021346830762922764,0.00033811797038652003,-0.0004319766885600984,24.511920
0.18708333333333596,0.00017435090558137745,0.0021346830762922764,0.00033811797038652003,-0.0004319766885600984,24.511920
0.1872916666666693,0.0001744256733218208,0.0021346830762922764,0.00033811797038652003,-0.0004319766885600984,24.511920
0.18750000000000264,0.0001745010376907885,0.0021346830762922764,0.00033811797038652003,-0.0004319766885600984,24.511920
0.18770833333333597,0.0001745761837810278,0.0021346830762922764,0.00033811797038652003,-0.0004319766885600984,24.511920
0.1879166666666693,0.00017465102428104728,0.0021346830762922764,0.00033811797038652003,-0.0004319766885600984,24.511920
0.18812500000000265,0.00017472509352955967,0.0021346830762922764,0.00033811797038652003,-0.0004319766885600984,24.511920
0.188333333333336,0.00017480115639045835,0.0021346830762922764,0.00033811797038652003,-0.0004319766885600984,24.511920
0.18854166666666933,0.00017487694276496768,0.0021346830762922764,0.00033811797038652003,-0.0004319766885600984,24.511920
0.18875000000000267,0.0001749522634781897,0.0021346830762922764,0.00033811797038652003,-0.0004319766885600984,24.511920
0.188958333333336,0.00017502796254120767,0.0021346830762922764,0.00033811797038652003,-0.0004319766885600984,24.511920
0.18916666666666934,0.00017510337056592107,0.0021346830762922764,0.00033811797038652003,-0.0004319766885600984,24.511920
0.18937500000000268,0.00017517880769446492,0.0021346830762922764,0.00033811797038652003,-0.0004319766885600984,24.511920
0.18958333333333602,0.00017525500152260065,0.0021346830762922764,0.00033811797038652003,-0.0004319766885600984,24.511920
0.18979166666666936,0.00017533006030134857,0.0021346830762922764,0.00033811797038652003,-0.0004319766885600984,24.511920
0.1900000000000027,0.0001754058466758579,0.0021346830762922764,0.00033811797038652003,-0.0004319766885600984,24.511920
0.19020833333333603,0.000175481618498452,0.0021346830762922764,0.00033811797038652003,-0.0004319766885600984,24.511920
0.19041666666666937,0.00017555827798787504,0.0021346830762922764,0.00033811797038652003,-0.0004319766885600984,24.511920
0.1906250000000027,0.0001756335113896057,0.0021346830762922764,0.00033811797038652003,-0.0004319766885600984,24.511920
0.19083333333333605,0.00017570910858921707,0.0021346830762922764,0.00033811797038652003,-0.0004319766885600984,24.511920
0.19104166666666939,0.00017578380357008427,0.0021346830762922764,0.00033811797038652003,-0.0004319766885600984,24.511920
0.19125000000000272,0.00017585817840881646,0.0021346830762922764,0.00033811797038652003,-0.0004319766885600984,24.511920
0.19145833333333606,0.00017593230586498976,0.0021346830762922764,0.00033811797038652003,-0.0004319766885600984,24.511920
0.1916666666666694,0.00017600755381863564,0.0021346830762922764,0.00033811797038652003,-0.0004319766885600984,24.511920
0.19187500000000274,0.00017608352936804295,0.0021346830762922764,0.00033811797038652003,-0.0004319766885600984,24.511920
0.19208333333333608,0.00017615770047996193,0.0021346830762922764,0.00033811797038652003,-0.0004319766885600984,24.511920
0.19229166666666941,0.00017623216263018548,0.0021346830762922764,0.00033811797038652003,-0.0004319766885600984,24.511920
0.19250000000000275,0.00017630615911912173,0.0021346830762922764,0.00033811797038652003,-0.0004319766885600984,24.511920
0.1927083333333361,0.00017638070858083665,0.0021346830762922764,0.00033811797038652003,-0.0004319766885600984,24.511920
0.19291666666666943,0.00017645505431573838,0.0021346830762922764,0.00033811797038652003,-0.0004319766885600984,24.511920
0.19312500000000277,0.0001765299093676731,0.0021346830762922764,0.00033811797038652003,-0.0004319766885600984,24.511920
0.1933333333333361,0.00017660394951235503,0.0021346830762922764,0.00033811797038652003,-0.0004319766885600984,24.511920
0.19354166666666944,0.00017667928477749228,0.0021346830762922764,0.00033811797038652003,-0.0004319766885600984,24.511920
0.19375000000000278,0.00017675380513537675,0.0021346830762922764,0.00033811797038652003,-0.0004319766885600984,24.511920
0.19395833333333612,0.00017682935867924243,0.0021346830762922764,0.00033811797038652003,-0.0004319766885600984,24.511920
0.19416666666666946,0.00017690262757241726,0.0021346830762922764,0.00033811797038652003,-0.0004319766885600984,24.511920
0.1943750000000028,0.00017697627481538802,0.0021346830762922764,0.00033811797038652003,-0.0004319766885600984,24.511920
0.19458333333333613,0.00017705139180179685,0.0021346830762922764,0.00033811797038652003,-0.0004319766885600984,24.511920
0.19479166666666947,0.0001771270326571539,0.0021346830762922764,0.00033811797038652003,-0.0004319766885600984,24.511920
0.1950000000000028,0.00017720114556141198,0.0021346830762922764,0.00033811797038652003,-0.0004319766885600984,24.511920
0.19520833333333615,0.00017727573867887259,0.0021346830762922764,0.00033811797038652003,-0.0004319766885600984,24.511920
0.1954166666666695,0.00017735057917889208,0.0021346830762922764,0.00033811797038652003,-0.0004319766885600984,24.511920
0.19562500000000282,0.0001774251868482679,0.0021346830762922764,0.00033811797038652003,-0.0004319766885600984,24.511920
0.19583333333333616,0.00017749863036442548,0.0021346830762922764,0.00033811797038652003,-0.0004319766885600984,24.511920
0.1960416666666695,0.00017757242312654853,0.0021346830762922764,0.00033811797038652003,-0.0004319766885600984,24.511920
0.19625000000000284,0.00017764609947334975,0.0021346830762922764,0.00033811797038652003,-0.0004319766885600984,24.511920
0.19645833333333618,0.00017772155115380883,0.0021346830762922764,0.00033811797038652003,-0.0004319766885600984,24.511920
0.19666666666666952,0.00017779534391593188,0.0021346830762922764,0.00033811797038652003,-0.0004319766885600984,24.511920
0.19687500000000285,0.00017786977696232498,0.0021346830762922764,0.00033811797038652003,-0.0004319766885600984,24.511920
0.1970833333333362,0.00017794333689380437,0.0021346830762922764,0.00033811797038652003,-0.0004319766885600984,24.511920
0.19729166666666953,0.0001780185557436198,0.0021346830762922764,0.00033811797038652003,-0.0004319766885600984,24.511920
0.19750000000000287,0.0001780917082214728,0.0021346830762922764,0.00033811797038652003,-0.0004319766885600984,24.511920
0.1977083333333362,0.00017816621402744204,0.0021346830762922764,0.00033811797038652003,-0.0004319766885600984,24.511920
0.19791666666666954,0.0001782406325219199,0.0021346830762922764,0.00033811797038652003,-0.0004319766885600984,24.511920
0.19812500000000288,0.00017831468721851707,0.0021346830762922764,0.00033811797038652003,-0.0004319766885600984,24.511920
0.19833333333333622,0.00017838869825936854,0.0021346830762922764,0.00033811797038652003,-0.0004319766885600984,24.511920
0.19854166666666956,0.00017846243281383067,0.0021346830762922764,0.00033811797038652003,-0.0004319766885600984,24.511920
0.1987500000000029,0.0001785365166142583,0.0021346830762922764,0.00033811797038652003,-0.0004319766885600984,24.511920
0.19895833333333623,0.00017860984371509403,0.0021346830762922764,0.00033811797038652003,-0.0004319766885600984,24.511920
0.19916666666666957,0.00017868423310574144,0.0021346830762922764,0.00033811797038652003,-0.0004319766885600984,24.511920
0.1993750000000029,0.0001787587534636259,0.0021346830762922764,0.00033811797038652003,-0.0004319766885600984,24.511920
0.19958333333333625,0.00017883401596918702,0.0021346830762922764,0.00033811797038652003,-0.0004319766885600984,24.511920
0.1997916666666696,0.0001789082889445126,0.0021346830762922764,0.00033811797038652003,-0.0004319766885600984,24.511920
0.20000000000000293,0.0001789820089470595,0.0021346830762922764,0.00033811797038652003,-0.0004319766885600984,24.511920
0.20020833333333626,0.00017905647109728307,0.0021346830762922764,0.00033811797038652003,-0.0004319766885600984,24.511920
0.2004166666666696,0.0001791298418538645,0.0021346830762922764,0.00033811797038652003,-0.0004319766885600984,24.511920
0.20062500000000294,0.00017920378013513982,0.0021346830762922764,0.00033811797038652003,-0.0004319766885600984,24.511920
0.20083333333333628,0.0001792783587006852,0.0021346830762922764,0.00033811797038652003,-0.0004319766885600984,24.511920
0.20104166666666962,0.00017935270443558693,0.0021346830762922764,0.00033811797038652003,-0.0004319766885600984,24.511920
0.20125000000000295,0.00017942780687008053,0.0021346830762922764,0.00033811797038652003,-0.0004319766885600984,24.511920
0.2014583333333363,0.0001795007847249508,0.0021346830762922764,0.00033811797038652003,-0.0004319766885600984,24.511920
0.20166666666666963,0.00017957425734493881,0.0021346830762922764,0.00033811797038652003,-0.0004319766885600984,24.511920
0.20187500000000297,0.00017964736616704613,0.0021346830762922764,0.00033811797038652003,-0.0004319766885600984,24.511920
0.2020833333333363,0.0001797204022295773,0.0021346830762922764,0.00033811797038652003,-0.0004319766885600984,24.511920
0.20229166666666965,0.00017979439871851355,0.0021346830762922764,0.00033811797038652003,-0.0004319766885600984,24.511920
0.20250000000000298,0.00017986806051339954,0.0021346830762922764,0.00033811797038652003,-0.0004319766885600984,24.511920
0.20270833333333632,0.00017994173686020076,0.0021346830762922764,0.00033811797038652003,-0.0004319766885600984,24.511920
0.20291666666666966,0.00018001529679168016,0.0021346830762922764,0.00033811797038652003,-0.0004319766885600984,24.511920
0.203125000000003,0.00018008849292527884,0.0021346830762922764,0.00033811797038652003,-0.0004319766885600984,24.511920
0.20333333333333634,0.00018016071408055723,0.0021346830762922764,0.00033811797038652003,-0.0004319766885600984,24.511920
0.20354166666666967,0.00018023484153673053,0.0021346830762922764,0.00033811797038652003,-0.0004319766885600984,24.511920
0.203750000000003,0.00018030876526609063,0.0021346830762922764,0.00033811797038652003,-0.0004319766885600984,24.511920
0.20395833333333635,0.00018038217967841774,0.0021346830762922764,0.00033811797038652003,-0.0004319766885600984,24.511920
0.2041666666666697,0.00018045573960989714,0.0021346830762922764,0.00033811797038652003,-0.0004319766885600984,24.511920
0.20437500000000303,0.00018052986706607044,0.0021346830762922764,0.00033811797038652003,-0.0004319766885600984,24.511920
0.20458333333333636,0.00018060365982819349,0.0021346830762922764,0.00033811797038652003,-0.0004319766885600984,24.511920
0.2047916666666697,0.00018067759810946882,0.0021346830762922764,0.00033811797038652003,-0.0004319766885600984,24.511920
0.20500000000000304,0.00018075091065838933,0.0021346830762922764,0.00033811797038652003,-0.0004319766885600984,24.511920
0.20520833333333638,0.00018082487804349512,0.0021346830762922764,0.00033811797038652003,-0.0004319766885600984,24.511920
0.20541666666666972,0.00018089869990944862,0.0021346830762922764,0.00033811797038652003,-0.0004319766885600984,24.511920
0.20562500000000306,0.00018097346764989197,0.0021346830762922764,0.00033811797038652003,-0.0004319766885600984,24.511920
0.2058333333333364,0.0001810470421332866,0.0021346830762922764,0.00033811797038652003,-0.0004319766885600984,24.511920
0.20604166666666973,0.0001811202964745462,0.0021346830762922764,0.00033811797038652003,-0.0004319766885600984,24.511920
0.20625000000000307,0.00018119343440048397,0.0021346830762922764,0.00033811797038652003,-0.0004319766885600984,24.511920
0.2064583333333364,0.0001812673726817593,0.0021346830762922764,0.00033811797038652003,-0.0004319766885600984,24.511920
0.20666666666666975,0.00018134104902856052,0.0021346830762922764,0.00033811797038652003,-0.0004319766885600984,24.511920
0.20687500000000308,0.00018141523469239473,0.0021346830762922764,0.00033811797038652003,-0.0004319766885600984,24.511920
0.20708333333333642,0.00018148875096812844,0.0021346830762922764,0.00033811797038652003,-0.0004319766885600984,24.511920
0.20729166666666976,0.00018156350415665656,0.0021346830762922764,0.00033811797038652003,-0.0004319766885600984,24.511920
0.2075000000000031,0.00018163633649237454,0.0021346830762922764,0.00033811797038652003,-0.0004319766885600984,24.511920
0.20770833333333644,0.00018170887778978795,0.0021346830762922764,0.00033811797038652003,-0.0004319766885600984,24.511920
0.20791666666666977,0.00018178074969910085,0.0021346830762922764,0.00033811797038652003,-0.0004319766885600984,24.511920
0.2081250000000031,0.00018185371300205588,0.0021346830762922764,0.00033811797038652003,-0.0004319766885600984,24.511920
0.20833333333333645,0.00018192740390077233,0.0021346830762922764,0.00033811797038652003,-0.0004319766885600984,24.511920
0.2085416666666698,0.0001820005418267101,0.0021346830762922764,0.00033811797038652003,-0.0004319766885600984,24.511920
0.20875000000000313,0.00018207309767603874,0.0021346830762922764,0.00033811797038652003,-0.0004319766885600984,24.511920
0.20895833333333647,0.0001821462792577222,0.0021346830762922764,0.00033811797038652003,-0.0004319766885600984,24.511920
0.2091666666666698,0.0001822183548938483,0.0021346830762922764,0.00033811797038652003,-0.0004319766885600984,24.511920
0.20937500000000314,0.0001822912454372272,0.0021346830762922764,0.00033811797038652003,-0.0004319766885600984,24.511920
0.20958333333333648,0.0001823645579861477,0.0021346830762922764,0.00033811797038652003,-0.0004319766885600984,24.511920
0.20979166666666982,0.0001824380742618814,0.0021346830762922764,0.00033811797038652003,-0.0004319766885600984,24.511920
0.21000000000000316,0.00018250910216011107,0.0021346830762922764,0.00033811797038652003,-0.0004319766885600984,24.511920
0.2102083333333365,0.0001825828803703189,0.0021346830762922764,0.00033811797038652003,-0.0004319766885600984,24.511920
0.21041666666666983,0.0001826561347115785,0.0021346830762922764,0.00033811797038652003,-0.0004319766885600984,24.511920
0.21062500000000317,0.00018272912711836398,0.0021346830762922764,0.00033811797038652003,-0.0004319766885600984,24.511920
0.2108333333333365,0.00018280307995155454,0.0021346830762922764,0.00033811797038652003,-0.0004319766885600984,24.511920
0.21104166666666985,0.00018287668353877962,0.0021346830762922764,0.00033811797038652003,-0.0004319766885600984,24.511920
0.21125000000000319,0.0001829499815357849,0.0021346830762922764,0.00033811797038652003,-0.0004319766885600984,24.511920
0.21145833333333652,0.00018302326498087496,0.0021346830762922764,0.00033811797038652003,-0.0004319766885600984,24.511920
0.21166666666666986,0.00018309682491235435,0.0021346830762922764,0.00033811797038652003,-0.0004319766885600984,24.511920
0.2118750000000032,0.00018317050125915557,0.0021346830762922764,0.00033811797038652003,-0.0004319766885600984,24.511920
0.21208333333333654,0.00018324375560041517,0.0021346830762922764,0.00033811797038652003,-0.0004319766885600984,24.511920
0.21229166666666988,0.0001833159476518631,0.0021346830762922764,0.00033811797038652003,-0.0004319766885600984,24.511920
0.21250000000000321,0.00018338974041398615,0.0021346830762922764,0.00033811797038652003,-0.0004319766885600984,24.511920
0.21270833333333655,0.00018346264550928026,0.0021346830762922764,0.00033811797038652003,-0.0004319766885600984,24.511920
0.2129166666666699,0.0001835355651564896,0.0021346830762922764,0.00033811797038652003,-0.0004319766885600984,24.511920
0.21312500000000323,0.00018360976537223905,0.0021346830762922764,0.00033811797038652003,-0.0004319766885600984,24.511920
0.21333333333333657,0.00018368226301390678,0.0021346830762922764,0.00033811797038652003,-0.0004319766885600984,24.511920
0.2135416666666699,0.0001837541931308806,0.0021346830762922764,0.00033811797038652003,-0.0004319766885600984,24.511920
0.21375000000000324,0.00018382648704573512,0.0021346830762922764,0.00033811797038652003,-0.0004319766885600984,24.511920
0.21395833333333658,0.00018389822798781097,0.0021346830762922764,0.00033811797038652003,-0.0004319766885600984,24.511920
0.21416666666666992,0.0001839702163124457,0.0021346830762922764,0.00033811797038652003,-0.0004319766885600984,24.511920
0.21437500000000326,0.00018404237926006317,0.0021346830762922764,0.00033811797038652003,-0.0004319766885600984,24.511920
0.2145833333333366,0.00018411366909276694,0.0021346830762922764,0.00033811797038652003,-0.0004319766885600984,24.511920
0.21479166666666993,0.00018418781110085547,0.0021346830762922764,0.00033811797038652003,-0.0004319766885600984,24.511920
0.21500000000000327,0.00018426062888465822,0.0021346830762922764,0.00033811797038652003,-0.0004319766885600984,24.511920
0.2152083333333366,0.00018433359218761325,0.0021346830762922764,0.00033811797038652003,-0.0004319766885600984,24.511920
0.21541666666666995,0.00018440699204802513,0.0021346830762922764,0.00033811797038652003,-0.0004319766885600984,24.511920
0.2156250000000033,0.00018447948968969285,0.0021346830762922764,0.00033811797038652003,-0.0004319766885600984,24.511920
0.21583333333333662,0.00018455207464285195,0.0021346830762922764,0.00033811797038652003,-0.0004319766885600984,24.511920
0.21604166666666996,0.0001846249506343156,0.0021346830762922764,0.00033811797038652003,-0.0004319766885600984,24.511920
0.2162500000000033,0.00018469641509000212,0.0021346830762922764,0.00033811797038652003,-0.0004319766885600984,24.511920
0.21645833333333664,0.00018477026605978608,0.0021346830762922764,0.00033811797038652003,-0.0004319766885600984,24.511920
0.21666666666666998,0.0001848426618380472,0.0021346830762922764,0.00033811797038652003,-0.0004319766885600984,24.511920
0.21687500000000332,0.0001849145774031058,0.0021346830762922764,0.00033811797038652003,-0.0004319766885600984,24.511920
0.21708333333333665,0.00018498602730687708,0.0021346830762922764,0.00033811797038652003,-0.0004319766885600984,24.511920
0.21729166666667,0.0001850581174949184,0.0021346830762922764,0.00033811797038652003,-0.0004319766885600984,24.511920
0.21750000000000333,0.00018512940732762218,0.0021346830762922764,0.00033811797038652003,-0.0004319766885600984,24.511920
0.21770833333333667,0.0001852016430348158,0.0021346830762922764,0.00033811797038652003,-0.0004319766885600984,24.511920
0.21791666666667,0.00018527350039221346,0.0021346830762922764,0.00033811797038652003,-0.0004319766885600984,24.511920
0.21812500000000334,0.0001853448193287477,0.0021346830762922764,0.00033811797038652003,-0.0004319766885600984,24.511920
0.21833333333333668,0.00018541711324360222,0.0021346830762922764,0.00033811797038652003,-0.0004319766885600984,24.511920
0.21854166666667002,0.00018548833031672984,0.0021346830762922764,0.00033811797038652003,-0.0004319766885600984,24.511920
0.21875000000000336,0.0001855598675319925,0.0021346830762922764,0.00033811797038652003,-0.0004319766885600984,24.511920
0.2189583333333367,0.00018563197227194905,0.0021346830762922764,0.00033811797038652003,-0.0004319766885600984,24.511920
0.21916666666667003,0.00018570235988590866,0.0021346830762922764,0.00033811797038652003,-0.0004319766885600984,24.511920
0.21937500000000337,0.00018577318405732512,0.0021346830762922764,0.00033811797038652003,-0.0004319766885600984,24.511920
0.2195833333333367,0.00018584541976451874,0.0021346830762922764,0.00033811797038652003,-0.0004319766885600984,24.511920
0.21979166666667005,0.00018591700063552707,0.0021346830762922764,0.00033811797038652003,-0.0004319766885600984,24.511920
0.2200000000000034,0.00018598981841932982,0.0021346830762922764,0.00033811797038652003,-0.0004319766885600984,24.511920
0.22020833333333673,0.00018606087542138994,0.0021346830762922764,0.00033811797038652003,-0.0004319766885600984,24.511920
0.22041666666667006,0.0001861325727077201,0.0021346830762922764,0.00033811797038652003,-0.0004319766885600984,24.511920
0.2206250000000034,0.0001862042408902198,0.0021346830762922764,0.00033811797038652003,-0.0004319766885600984,24.511920
0.22083333333333674,0.00018627547251526266,0.0021346830762922764,0.00033811797038652003,-0.0004319766885600984,24.511920
0.22104166666667008,0.00018634603475220501,0.0021346830762922764,0.00033811797038652003,-0.0004319766885600984,24.511920
0.22125000000000342,0.00018641752831172198,0.0021346830762922764,0.00033811797038652003,-0.0004319766885600984,24.511920
0.22145833333333675,0.00018648957484401762,0.0021346830762922764,0.00033811797038652003,-0.0004319766885600984,24.511920
0.2216666666666701,0.00018656114116311073,0.0021346830762922764,0.00033811797038652003,-0.0004319766885600984,24.511920
0.22187500000000343,0.0001866337697720155,0.0021346830762922764,0.00033811797038652003,-0.0004319766885600984,24.511920
0.22208333333333677,0.00018670401186682284,0.0021346830762922764,0.00033811797038652003,-0.0004319766885600984,24.511920
0.2222916666666701,0.00018677586922422051,0.0021346830762922764,0.00033811797038652003,-0.0004319766885600984,24.511920
0.22250000000000345,0.0001868475810624659,0.0021346830762922764,0.00033811797038652003,-0.0004319766885600984,24.511920
0.22270833333333678,0.0001869200059445575,0.0021346830762922764,0.00033811797038652003,-0.0004319766885600984,24.511920
0.22291666666667012,0.00018699273641686887,0.0021346830762922764,0.00033811797038652003,-0.0004319766885600984,24.511920
0.22312500000000346,0.0001870642154244706,0.0021346830762922764,0.00033811797038652003,-0.0004319766885600984,24.511920
0.2233333333333368,0.00018713642202783376,0.0021346830762922764,0.00033811797038652003,-0.0004319766885600984,24.511920
0.22354166666667014,0.00018720855587162077,0.0021346830762922764,0.00033811797038652003,-0.0004319766885600984,24.511920
0.22375000000000347,0.0001872807915788144,0.0021346830762922764,0.00033811797038652003,-0.0004319766885600984,24.511920
0.2239583333333368,0.0001873528672149405,0.0021346830762922764,0.00033811797038652003,-0.0004319766885600984,24.511920
0.22416666666667015,0.0001874238660093397,0.0021346830762922764,0.00033811797038652003,-0.0004319766885600984,24.511920
0.2243750000000035,0.0001874944573501125,0.0021346830762922764,0.00033811797038652003,-0.0004319766885600984,24.511920
0.22458333333333683,0.00018756440840661526,0.0021346830762922764,0.00033811797038652003,-0.0004319766885600984,24.511920
0.22479166666667016,0.00018763607658911496,0.0021346830762922764,0.00033811797038652003,-0.0004319766885600984,24.511920
0.2250000000000035,0.0001877074973890558,0.0021346830762922764,0.00033811797038652003,-0.0004319766885600984,24.511920
0.22520833333333684,0.00018777785589918494,0.0021346830762922764,0.00033811797038652003,-0.0004319766885600984,24.511920
0.22541666666667018,0.00018784769054036587,0.0021346830762922764,0.00033811797038652003,-0.0004319766885600984,24.511920
0.22562500000000352,0.00018791804905049503,0.0021346830762922764,0.00033811797038652003,-0.0004319766885600984,24.511920
0.22583333333333686,0.0001879888732219115,0.0021346830762922764,0.00033811797038652003,-0.0004319766885600984,24.511920
0.2260416666666702,0.0001880597264971584,0.0021346830762922764,0.00033811797038652003,-0.0004319766885600984,24.511920
0.22625000000000353,0.00018813126371242106,0.0021346830762922764,0.00033811797038652003,-0.0004319766885600984,24.511920
0.22645833333333687,0.00018820271361619234,0.0021346830762922764,0.00033811797038652003,-0.0004319766885600984,24.511920
0.2266666666666702,0.00018827366875484586,0.0021346830762922764,0.00033811797038652003,-0.0004319766885600984,24.511920
0.22687500000000355,0.0001883454096969217,0.0021346830762922764,0.00033811797038652003,-0.0004319766885600984,24.511920
0.22708333333333688,0.00018841550627257675,0.0021346830762922764,0.00033811797038652003,-0.0004319766885600984,24.511920
0.22729166666667022,0.0001884864759631455,0.0021346830762922764,0.00033811797038652003,-0.0004319766885600984,24.511920
0.22750000000000356,0.0001885574747575447,0.0021346830762922764,0.00033811797038652003,-0.0004319766885600984,24.511920
0.2277083333333369,0.00018862917204387486,0.0021346830762922764,0.00033811797038652003,-0.0004319766885600984,24.511920
0.22791666666667024,0.00018870114581659436,0.0021346830762922764,0.00033811797038652003,-0.0004319766885600984,24.511920
0.22812500000000357,0.0001887719117803499,0.0021346830762922764,0.00033811797038652003,-0.0004319766885600984,24.511920
0.2283333333333369,0.0001888433616841212,0.0021346830762922764,0.00033811797038652003,-0.0004319766885600984,24.511920
0.22854166666667025,0.0001889146660687402,0.0021346830762922764,0.00033811797038652003,-0.0004319766885600984,24.511920
0.2287500000000036,0.00018898656708188355,0.0021346830762922764,0.00033811797038652003,-0.0004319766885600984,24.511920
0.22895833333333693,0.0001890583080239594,0.0021346830762922764,0.00033811797038652003,-0.0004319766885600984,24.511920
0.22916666666667027,0.00018912927771452814,0.0021346830762922764,0.00033811797038652003,-0.0004319766885600984,24.511920
0.2293750000000036,0.00018919960712082684,0.0021346830762922764,0.00033811797038652003,-0.0004319766885600984,24.511920
0.22958333333333694,0.0001892709988169372,0.0021346830762922764,0.00033811797038652003,-0.0004319766885600984,24.511920
0.22979166666667028,0.0001893422013381496,0.0021346830762922764,0.00033811797038652003,-0.0004319766885600984,24.511920
0.23000000000000362,0.00018941385496873409,0.0021346830762922764,0.00033811797038652003,-0.0004319766885600984,24.511920
0.23020833333333696,0.00018948494107462466,0.0021346830762922764,0.00033811797038652003,-0.0004319766885600984,24.511920
0.2304166666666703,0.00018955508130602539,0.0021346830762922764,0.00033811797038652003,-0.0004319766885600984,24.511920
0.23062500000000363,0.00018962517788168043,0.0021346830762922764,0.00033811797038652003,-0.0004319766885600984,24.511920
0.23083333333333697,0.00018969619122799486,0.0021346830762922764,0.00033811797038652003,-0.0004319766885600984,24.511920
0.2310416666666703,0.00018976774299517274,0.0021346830762922764,0.00033811797038652003,-0.0004319766885600984,24.511920
0.23125000000000365,0.00018983730114996433,0.0021346830762922764,0.00033811797038652003,-0.0004319766885600984,24.511920
0.23145833333333699,0.00018990799435414374,0.0021346830762922764,0.00033811797038652003,-0.0004319766885600984,24.511920
0.23166666666667032,0.00018997894949279726,0.0021346830762922764,0.00033811797038652003,-0.0004319766885600984,24.511920
0.23187500000000366,0.00019004859495908022,0.0021346830762922764,0.00033811797038652003,-0.0004319766885600984,24.511920
0.232083333333337,0.0001901192299555987,0.0021346830762922764,0.00033811797038652003,-0.0004319766885600984,24.511920
0.23229166666667034,0.00019019014143850654,0.0021346830762922764,0.00033811797038652003,-0.0004319766885600984,24.511920
0.23250000000000368,0.0001902602380141616,0.0021346830762922764,0.00033811797038652003,-0.0004319766885600984,24.511920
0.23270833333333701,0.00019033167336601764,0.0021346830762922764,0.00033811797038652003,-0.0004319766885600984,24.511920
0.23291666666667035,0.00019040241022594273,0.0021346830762922764,0.00033811797038652003,-0.0004319766885600984,24.511920
0.2331250000000037,0.00019047388923354447,0.0021346830762922764,0.00033811797038652003,-0.0004319766885600984,24.511920
0.23333333333333703,0.0001905440876726061,0.0021346830762922764,0.00033811797038652003,-0.0004319766885600984,24.511920
0.23354166666667037,0.00019061460625380278,0.0021346830762922764,0.00033811797038652003,-0.0004319766885600984,24.511920
0.2337500000000037,0.0001906851539388299,0.0021346830762922764,0.00033811797038652003,-0.0004319766885600984,24.511920
0.23395833333333704,0.0001907555415527895,0.0021346830762922764,0.00033811797038652003,-0.0004319766885600984,24.511920
0.23416666666667038,0.00019082598737441003,0.0021346830762922764,0.00033811797038652003,-0.0004319766885600984,24.511920
0.23437500000000372,0.00019089685520157218,0.0021346830762922764,0.00033811797038652003,-0.0004319766885600984,24.511920
0.23458333333333706,0.00019096756295766681,0.0021346830762922764,0.00033811797038652003,-0.0004319766885600984,24.511920
0.2347916666666704,0.0001910386054078117,0.0021346830762922764,0.00033811797038652003,-0.0004319766885600984,24.511920
0.23500000000000373,0.0001911093422677368,0.0021346830762922764,0.00033811797038652003,-0.0004319766885600984,24.511920
0.23520833333333707,0.0001911796716740355,0.0021346830762922764,0.00033811797038652003,-0.0004319766885600984,24.511920
0.2354166666666704,0.00019124899699818343,0.0021346830762922764,0.00033811797038652003,-0.0004319766885600984,24.511920
0.23562500000000375,0.00019132076704408973,0.0021346830762922764,0.00033811797038652003,-0.0004319766885600984,24.511920
0.2358333333333371,0.00019139180949423462,0.0021346830762922764,0.00033811797038652003,-0.0004319766885600984,24.511920
0.23604166666667042,0.00019146280828863382,0.0021346830762922764,0.00033811797038652003,-0.0004319766885600984,24.511920
0.23625000000000376,0.00019153316679876298,0.0021346830762922764,0.00033811797038652003,-0.0004319766885600984,24.511920
0.2364583333333371,0.000191603452549316,0.0021346830762922764,0.00033811797038652003,-0.0004319766885600984,24.511920
0.23666666666667044,0.00019167350546922535,0.0021346830762922764,0.00033811797038652003,-0.0004319766885600984,24.511920
0.23687500000000378,0.00019174382032360882,0.0021346830762922764,0.00033811797038652003,-0.0004319766885600984,24.511920
0.23708333333333712,0.00019181262177880853,0.0021346830762922764,0.00033811797038652003,-0.0004319766885600984,24.511920
0.23729166666667045,0.00019188362057320774,0.0021346830762922764,0.00033811797038652003,-0.0004319766885600984,24.511920
0.2375000000000038,0.00019195370259694755,0.0021346830762922764,0.00033811797038652003,-0.0004319766885600984,24.511920
0.23770833333333713,0.0001920232898555696,0.0021346830762922764,0.00033811797038652003,-0.0004319766885600984,24.511920
0.23791666666667047,0.00019209322636015713,0.0021346830762922764,0.00033811797038652003,-0.0004319766885600984,24.511920
0.2381250000000038,0.00019216367218177766,0.0021346830762922764,0.00033811797038652003,-0.0004319766885600984,24.511920
0.23833333333333714,0.00019223384151700884,0.0021346830762922764,0.00033811797038652003,-0.0004319766885600984,24.511920
0.23854166666667048,0.00019230398174840957,0.0021346830762922764,0.00033811797038652003,-0.0004319766885600984,24.511920
0.23875000000000382,0.00019237356900703162,0.0021346830762922764,0.00033811797038652003,-0.0004319766885600984,24.511920
0.23895833333333716,0.00019244401482865214,0.0021346830762922764,0.00033811797038652003,-0.0004319766885600984,24.511920
0.2391666666666705,0.00019251462072134018,0.0021346830762922764,0.00033811797038652003,-0.0004319766885600984,24.511920
0.23937500000000383,0.00019258572137914598,0.0021346830762922764,0.00033811797038652003,-0.0004319766885600984,24.511920
0.23958333333333717,0.00019265571609139442,0.0021346830762922764,0.00033811797038652003,-0.0004319766885600984,24.511920
0.2397916666666705,0.00019272528879810125,0.0021346830762922764,0.00033811797038652003,-0.0004319766885600984,24.511920
0.24000000000000385,0.0001927951379911974,0.0021346830762922764,0.00033811797038652003,-0.0004319766885600984,24.511920
0.2402083333333372,0.00019286375027149916,0.0021346830762922764,0.00033811797038652003,-0.0004319766885600984,24.511920
0.24041666666667053,0.00019293506920803338,0.0021346830762922764,0.00033811797038652003,-0.0004319766885600984,24.511920
0.24062500000000386,0.00019300579151604325,0.0021346830762922764,0.00033811797038652003,-0.0004319766885600984,24.511920
0.2408333333333372,0.00019307556794956326,0.0021346830762922764,0.00033811797038652003,-0.0004319766885600984,24.511920
0.24104166666667054,0.00019314620294608176,0.0021346830762922764,0.00033811797038652003,-0.0004319766885600984,24.511920
0.24125000000000388,0.00019321705622132868,0.0021346830762922764,0.00033811797038652003,-0.0004319766885600984,24.511920
0.24145833333333722,0.00019328661437612027,0.0021346830762922764,0.00033811797038652003,-0.0004319766885600984,24.511920
0.24166666666667055,0.0001933563471538946,0.0021346830762922764,0.00033811797038652003,-0.0004319766885600984,24.511920
0.2418750000000039,0.00019342490122653544,0.0021346830762922764,0.00033811797038652003,-0.0004319766885600984,24.511920
0.24208333333333723,0.0001934925385285169,0.0021346830762922764,0.00033811797038652003,-0.0004319766885600984,24.511920
0.24229166666667057,0.00019356104894541204,0.0021346830762922764,0.00033811797038652003,-0.0004319766885600984,24.511920
0.2425000000000039,0.00019363076717127115,0.0021346830762922764,0.00033811797038652003,-0.0004319766885600984,24.511920
0.24270833333333725,0.00019370012159924954,0.0021346830762922764,0.00033811797038652003,-0.0004319766885600984,24.511920
0.24291666666667058,0.00019376963609829545,0.0021346830762922764,0.00033811797038652003,-0.0004319766885600984,24.511920
0.24312500000000392,0.0001938381901709363,0.0021346830762922764,0.00033811797038652003,-0.0004319766885600984,24.511920
0.24333333333333726,0.00019390818488318473,0.0021346830762922764,0.00033811797038652003,-0.0004319766885600984,24.511920
0.2435416666666706,0.0001939765061251819,0.0021346830762922764,0.00033811797038652003,-0.0004319766885600984,24.511920
0.24375000000000394,0.00019404676277190447,0.0021346830762922764,0.00033811797038652003,-0.0004319766885600984,24.511920
0.24395833333333727,0.00019411547691561282,0.0021346830762922764,0.00033811797038652003,-0.0004319766885600984,24.511920
0.2441666666666706,0.00019418573356233537,0.0021346830762922764,0.00033811797038652003,-0.0004319766885600984,24.511920
0.24437500000000395,0.00019425517530180514,0.0021346830762922764,0.00033811797038652003,-0.0004319766885600984,24.511920
0.2445833333333373,0.0001943259412655607,0.0021346830762922764,0.00033811797038652003,-0.0004319766885600984,24.511920
0.24479166666667063,0.00019439583411440253,0.0021346830762922764,0.00033811797038652003,-0.0004319766885600984,24.511920
0.24500000000000396,0.00019446451915428042,0.0021346830762922764,0.00033811797038652003,-0.0004319766885600984,24.511920
0.2452083333333373,0.000194534586626105,0.0021346830762922764,0.00033811797038652003,-0.0004319766885600984,24.511920
0.24541666666667064,0.0001946046540979296,0.0021346830762922764,0.00033811797038652003,-0.0004319766885600984,24.511920
0.24562500000000398,0.0001946746779140085,0.0021346830762922764,0.00033811797038652003,-0.0004319766885600984,24.511920
0.24583333333333732,0.0001947440905496478,0.0021346830762922764,0.00033811797038652003,-0.0004319766885600984,24.511920
0.24604166666667066,0.0001948131830431521,0.0021346830762922764,0.00033811797038652003,-0.0004319766885600984,24.511920
0.246250000000004,0.00019488153338897973,0.0021346830762922764,0.00033811797038652003,-0.0004319766885600984,24.511920
0.24645833333333733,0.000194950305740349,0.0021346830762922764,0.00033811797038652003,-0.0004319766885600984,24.511920
0.24666666666667067,0.00019501944188959897,0.0021346830762922764,0.00033811797038652003,-0.0004319766885600984,24.511920
0.246875000000004,0.00019509019330143929,0.0021346830762922764,0.00033811797038652003,-0.0004319766885600984,24.511920
0.24708333333333735,0.00019515959138516337,0.0021346830762922764,0.00033811797038652003,-0.0004319766885600984,24.511920
0.24729166666667068,0.0001952288148459047,0.0021346830762922764,0.00033811797038652003,-0.0004319766885600984,24.511920
0.24750000000000402,0.00019529872224666178,0.0021346830762922764,0.00033811797038652003,-0.0004319766885600984,24.511920
0.24770833333333736,0.00019536817853804678,0.0021346830762922764,0.00033811797038652003,-0.0004319766885600984,24.511920
0.2479166666666707,0.0001954365143319592,0.0021346830762922764,0.00033811797038652003,-0.0004319766885600984,24.511920
0.24812500000000404,0.000195504748262465,0.0021346830762922764,0.00033811797038652003,-0.0004319766885600984,24.511920
0.24833333333333737,0.00019557350606191903,0.0021346830762922764,0.00033811797038652003,-0.0004319766885600984,24.511920
0.2485416666666707,0.00019564149260986596,0.0021346830762922764,0.00033811797038652003,-0.0004319766885600984,24.511920
0.24875000000000405,0.00019571078883018345,0.0021346830762922764,0.00033811797038652003,-0.0004319766885600984,24.511920
0.2489583333333374,0.00019577961938921362,0.0021346830762922764,0.00033811797038652003,-0.0004319766885600984,24.511920
0.24916666666667073,0.00019584869733080268,0.0021346830762922764,0.00033811797038652003,-0.0004319766885600984,24.511920
0.24937500000000407,0.00019591704767663032,0.0021346830762922764,0.00033811797038652003,-0.0004319766885600984,24.511920
0.2495833333333374,0.0001959848596015945,0.0021346830762922764,0.00033811797038652003,-0.0004319766885600984,24.511920
0.24979166666667074,0.00019605332636274397,0.0021346830762922764,0.00033811797038652003,-0.0004319766885600984,24.511920
0.25000000000000405,0.0001961218804353848,0.0021346830762922764,0.00033811797038652003,-0.0004319766885600984,24.511920
0.25020833333333736,0.0001961908710654825,0.0021346830762922764,0.00033811797038652003,-0.0004319766885600984,24.511920
0.2504166666666707,0.0001962601818377152,0.0021346830762922764,0.00033811797038652003,-0.0004319766885600984,24.511920
0.250625000000004,0.00019632998737506568,0.0021346830762922764,0.00033811797038652003,-0.0004319766885600984,24.511920
0.2508333333333373,0.00019639884703792632,0.0021346830762922764,0.00033811797038652003,-0.0004319766885600984,24.511920
0.2510416666666706,0.00019646744476631284,0.0021346830762922764,0.00033811797038652003,-0.0004319766885600984,24.511920
0.2512500000000039,0.00019653586787171662,0.0021346830762922764,0.00033811797038652003,-0.0004319766885600984,24.511920
0.2514583333333372,0.00019660407269839197,0.0021346830762922764,0.00033811797038652003,-0.0004319766885600984,24.511920
0.25166666666667054,0.0001966729323612526,0.0021346830762922764,0.00033811797038652003,-0.0004319766885600984,24.511920
0.25187500000000385,0.00019674122449941933,0.0021346830762922764,0.00033811797038652003,-0.0004319766885600984,24.511920
0.25208333333333716,0.00019681017147377133,0.0021346830762922764,0.00033811797038652003,-0.0004319766885600984,24.511920
0.25229166666667047,0.00019687943859025836,0.0021346830762922764,0.00033811797038652003,-0.0004319766885600984,24.511920
0.2525000000000038,0.0001969489239854738,0.0021346830762922764,0.00033811797038652003,-0.0004319766885600984,24.511920
0.2527083333333371,0.00019701759447343647,0.0021346830762922764,0.00033811797038652003,-0.0004319766885600984,24.511920
0.2529166666666704,0.00019708658510353416,0.0021346830762922764,0.00033811797038652003,-0.0004319766885600984,24.511920
0.2531250000000037,0.00019715681264642626,0.0021346830762922764,0.00033811797038652003,-0.0004319766885600984,24.511920
0.253333333333337,0.0001972256723092869,0.0021346830762922764,0.00033811797038652003,-0.0004319766885600984,24.511920
0.25354166666667033,0.00019729403720702976,0.0021346830762922764,0.00033811797038652003,-0.0004319766885600984,24.511920
0.25375000000000364,0.00019736347894649953,0.0021346830762922764,0.00033811797038652003,-0.0004319766885600984,24.511920
0.25395833333333695,0.00019743278971873224,0.0021346830762922764,0.00033811797038652003,-0.0004319766885600984,24.511920
0.25416666666667026,0.000197502231458202,0.0021346830762922764,0.00033811797038652003,-0.0004319766885600984,24.511920
0.25437500000000357,0.00019757043628487736,0.0021346830762922764,0.00033811797038652003,-0.0004319766885600984,24.511920
0.2545833333333369,0.0001976393541553989,0.0021346830762922764,0.00033811797038652003,-0.0004319766885600984,24.511920
0.2547916666666702,0.0001977065548999235,0.0021346830762922764,0.00033811797038652003,-0.0004319766885600984,24.511920
0.2550000000000035,0.0001977738575078547,0.0021346830762922764,0.00033811797038652003,-0.0004319766885600984,24.511920
0.2552083333333368,0.00019784241158049554,0.0021346830762922764,0.00033811797038652003,-0.0004319766885600984,24.511920
0.2554166666666701,0.00019791178056038916,0.0021346830762922764,0.00033811797038652003,-0.0004319766885600984,24.511920
0.25562500000000343,0.00019797981076408178,0.0021346830762922764,0.00033811797038652003,-0.0004319766885600984,24.511920
0.25583333333333674,0.00019804765179287642,0.0021346830762922764,0.00033811797038652003,-0.0004319766885600984,24.511920
0.25604166666667005,0.00019811568199656904,0.0021346830762922764,0.00033811797038652003,-0.0004319766885600984,24.511920
0.25625000000000336,0.00019818359578493983,0.0021346830762922764,0.00033811797038652003,-0.0004319766885600984,24.511920
0.2564583333333367,0.0001982522662729025,0.0021346830762922764,0.00033811797038652003,-0.0004319766885600984,24.511920
0.25666666666667,0.0001983206020668149,0.0021346830762922764,0.00033811797038652003,-0.0004319766885600984,24.511920
0.2568750000000033,0.00019838758453261107,0.0021346830762922764,0.00033811797038652003,-0.0004319766885600984,24.511920
0.2570833333333366,0.000198455061763525,0.0021346830762922764,0.00033811797038652003,-0.0004319766885600984,24.511920
0.2572916666666699,0.00019852447439916432,0.0021346830762922764,0.00033811797038652003,-0.0004319766885600984,24.511920
0.2575000000000032,0.00019859183521475643,0.0021346830762922764,0.00033811797038652003,-0.0004319766885600984,24.511920
0.25770833333333654,0.00019865971989929676,0.0021346830762922764,0.00033811797038652003,-0.0004319766885600984,24.511920
0.25791666666666985,0.00019872805569320917,0.0021346830762922764,0.00033811797038652003,-0.0004319766885600984,24.511920
0.25812500000000316,0.00019879525643773377,0.0021346830762922764,0.00033811797038652003,-0.0004319766885600984,24.511920
0.25833333333333647,0.00019886301015503705,0.0021346830762922764,0.00033811797038652003,-0.0004319766885600984,24.511920
0.2585416666666698,0.00019893076387234032,0.0021346830762922764,0.00033811797038652003,-0.0004319766885600984,24.511920
0.2587500000000031,0.00019899792096111923,0.0021346830762922764,0.00033811797038652003,-0.0004319766885600984,24.511920
0.2589583333333364,0.00019906590750906616,0.0021346830762922764,0.00033811797038652003,-0.0004319766885600984,24.511920
0.2591666666666697,0.00019913475262001157,0.0021346830762922764,0.00033811797038652003,-0.0004319766885600984,24.511920
0.259375000000003,0.00019920297199860215,0.0021346830762922764,0.00033811797038652003,-0.0004319766885600984,24.511920
0.25958333333333633,0.00019927120592910796,0.0021346830762922764,0.00033811797038652003,-0.0004319766885600984,24.511920
0.25979166666666964,0.00019933942530769855,0.0021346830762922764,0.00033811797038652003,-0.0004319766885600984,24.511920
0.26000000000000295,0.00019940706260968,0.0021346830762922764,0.00033811797038652003,-0.0004319766885600984,24.511920
0.26020833333333626,0.000199474990949966,0.0021346830762922764,0.00033811797038652003,-0.0004319766885600984,24.511920
0.26041666666666957,0.0001995438797166571,0.0021346830762922764,0.00033811797038652003,-0.0004319766885600984,24.511920
0.2606250000000029,0.0001996129285544157,0.0021346830762922764,0.00033811797038652003,-0.0004319766885600984,24.511920
0.2608333333333362,0.00019968082779087126,0.0021346830762922764,0.00033811797038652003,-0.0004319766885600984,24.511920
0.2610416666666695,0.0001997474901145324,0.0021346830762922764,0.00033811797038652003,-0.0004319766885600984,24.511920
0.2612500000000028,0.00019981444347649813,0.0021346830762922764,0.00033811797038652003,-0.0004319766885600984,24.511920
0.2614583333333361,0.0001998806546907872,0.0021346830762922764,0.00033811797038652003,-0.0004319766885600984,24.511920
0.26166666666666943,0.00019994766626041383,0.0021346830762922764,0.00033811797038652003,-0.0004319766885600984,24.511920
0.26187500000000274,0.00020001512893941253,0.0021346830762922764,0.00033811797038652003,-0.0004319766885600984,24.511920
0.26208333333333605,0.00020008182036690414,0.0021346830762922764,0.00033811797038652003,-0.0004319766885600984,24.511920
0.26229166666666937,0.0002001502289203927,0.0021346830762922764,0.00033811797038652003,-0.0004319766885600984,24.511920
0.2625000000000027,0.00020021844829898328,0.0021346830762922764,0.00033811797038652003,-0.0004319766885600984,24.511920
0.262708333333336,0.00020028594008181244,0.0021346830762922764,0.00033811797038652003,-0.0004319766885600984,24.511920
0.2629166666666693,0.0002003531699301675,0.0021346830762922764,0.00033811797038652003,-0.0004319766885600984,24.511920
0.2631250000000026,0.00020042038522660732,0.0021346830762922764,0.00033811797038652003,-0.0004319766885600984,24.511920
0.2633333333333359,0.0002004875714192167,0.0021346830762922764,0.00033811797038652003,-0.0004319766885600984,24.511920
0.2635416666666692,0.00020055451022926718,0.0021346830762922764,0.00033811797038652003,-0.0004319766885600984,24.511920
0.26375000000000254,0.00020062198746018112,0.0021346830762922764,0.00033811797038652003,-0.0004319766885600984,24.511920
0.26395833333333585,0.00020068962476216257,0.0021346830762922764,0.00033811797038652003,-0.0004319766885600984,24.511920
0.26416666666666916,0.0002007576695177704,0.0021346830762922764,0.00033811797038652003,-0.0004319766885600984,24.511920
0.26437500000000247,0.00020082545233890414,0.0021346830762922764,0.00033811797038652003,-0.0004319766885600984,24.511920
0.2645833333333358,0.00020089354075025767,0.0021346830762922764,0.00033811797038652003,-0.0004319766885600984,24.511920
0.2647916666666691,0.00020096031948924065,0.0021346830762922764,0.00033811797038652003,-0.0004319766885600984,24.511920
0.2650000000000024,0.0002010275493375957,0.0021346830762922764,0.00033811797038652003,-0.0004319766885600984,24.511920
0.2652083333333357,0.00020109550678171217,0.0021346830762922764,0.00033811797038652003,-0.0004319766885600984,24.511920
0.265416666666669,0.0002011632896028459,0.0021346830762922764,0.00033811797038652003,-0.0004319766885600984,24.511920
0.26562500000000233,0.00020122987916693091,0.0021346830762922764,0.00033811797038652003,-0.0004319766885600984,24.511920
0.26583333333333564,0.00020129616314079612,0.0021346830762922764,0.00033811797038652003,-0.0004319766885600984,24.511920
0.26604166666666895,0.00020136321836616844,0.0021346830762922764,0.00033811797038652003,-0.0004319766885600984,24.511920
0.26625000000000226,0.00020143041911069304,0.0021346830762922764,0.00033811797038652003,-0.0004319766885600984,24.511920
0.2664583333333356,0.00020149709598626941,0.0021346830762922764,0.00033811797038652003,-0.0004319766885600984,24.511920
0.2666666666666689,0.00020156291429884732,0.0021346830762922764,0.00033811797038652003,-0.0004319766885600984,24.511920
0.2668750000000022,0.0002016297512454912,0.0021346830762922764,0.00033811797038652003,-0.0004319766885600984,24.511920
0.2670833333333355,0.00020169717026874423,0.0021346830762922764,0.00033811797038652003,-0.0004319766885600984,24.511920
0.2672916666666688,0.00020176275575067848,0.0021346830762922764,0.00033811797038652003,-0.0004319766885600984,24.511920
0.2675000000000021,0.00020183016022201627,0.0021346830762922764,0.00033811797038652003,-0.0004319766885600984,24.511920
0.26770833333333544,0.00020189625502098352,0.0021346830762922764,0.00033811797038652003,-0.0004319766885600984,24.511920
0.26791666666666875,0.00020196331024635583,0.0021346830762922764,0.00033811797038652003,-0.0004319766885600984,24.511920
0.26812500000000206,0.00020202994346618652,0.0021346830762922764,0.00033811797038652003,-0.0004319766885600984,24.511920
0.26833333333333537,0.0002020971296587959,0.0021346830762922764,0.00033811797038652003,-0.0004319766885600984,24.511920
0.2685416666666687,0.000202163981157355,0.0021346830762922764,0.00033811797038652003,-0.0004319766885600984,24.511920
0.268750000000002,0.00020223100727889687,0.0021346830762922764,0.00033811797038652003,-0.0004319766885600984,24.511920
0.2689583333333353,0.00020229749497957528,0.0021346830762922764,0.00033811797038652003,-0.0004319766885600984,24.511920
0.2691666666666686,0.00020236500131431967,0.0021346830762922764,0.00033811797038652003,-0.0004319766885600984,24.511920
0.2693750000000019,0.00020243128528818488,0.0021346830762922764,0.00033811797038652003,-0.0004319766885600984,24.511920
0.26958333333333523,0.00020249724911991507,0.0021346830762922764,0.00033811797038652003,-0.0004319766885600984,24.511920
0.26979166666666854,0.0002025631838478148,0.0021346830762922764,0.00033811797038652003,-0.0004319766885600984,24.511920
0.27000000000000185,0.00020262980251573026,0.0021346830762922764,0.00033811797038652003,-0.0004319766885600984,24.511920
0.27020833333333516,0.00020269611559342593,0.0021346830762922764,0.00033811797038652003,-0.0004319766885600984,24.511920
0.27041666666666847,0.0002027625305345282,0.0021346830762922764,0.00033811797038652003,-0.0004319766885600984,24.511920
0.2706250000000018,0.00020282712648622692,0.0021346830762922764,0.00033811797038652003,-0.0004319766885600984,24.511920
0.2708333333333351,0.00020289517124183476,0.0021346830762922764,0.00033811797038652003,-0.0004319766885600984,24.511920
0.2710416666666684,0.0002029613679042086,0.0021346830762922764,0.00033811797038652003,-0.0004319766885600984,24.511920
0.2712500000000017,0.00020302744815126061,0.0021346830762922764,0.00033811797038652003,-0.0004319766885600984,24.511920
0.271458333333335,0.00020309558021835983,0.0021346830762922764,0.00033811797038652003,-0.0004319766885600984,24.511920
0.27166666666666833,0.00020316170412115753,0.0021346830762922764,0.00033811797038652003,-0.0004319766885600984,24.511920
0.27187500000000164,0.00020322877389844507,0.0021346830762922764,0.00033811797038652003,-0.0004319766885600984,24.511920
0.27208333333333495,0.00020329530525486916,0.0021346830762922764,0.00033811797038652003,-0.0004319766885600984,24.511920
0.27229166666666826,0.00020336215675342828,0.0021346830762922764,0.00033811797038652003,-0.0004319766885600984,24.511920
0.2725000000000016,0.00020342929929029197,0.0021346830762922764,0.00033811797038652003,-0.0004319766885600984,24.511920
0.2727083333333349,0.0002034964709309861,0.0021346830762922764,0.00033811797038652003,-0.0004319766885600984,24.511920
0.2729166666666682,0.00020356319146230817,0.0021346830762922764,0.00033811797038652003,-0.0004319766885600984,24.511920
0.2731250000000015,0.0002036286168731749,0.0021346830762922764,0.00033811797038652003,-0.0004319766885600984,24.511920
0.2733333333333348,0.00020369466801639646,0.0021346830762922764,0.00033811797038652003,-0.0004319766885600984,24.511920
0.2735416666666681,0.00020376165048219264,0.0021346830762922764,0.00033811797038652003,-0.0004319766885600984,24.511920
0.27375000000000144,0.00020382707589305937,0.0021346830762922764,0.00033811797038652003,-0.0004319766885600984,24.511920
0.27395833333333475,0.00020389174460433424,0.0021346830762922764,0.00033811797038652003,-0.0004319766885600984,24.511920
0.27416666666666806,0.00020395891624502838,0.0021346830762922764,0.00033811797038652003,-0.0004319766885600984,24.511920
0.27437500000000137,0.00020402451627887785,0.0021346830762922764,0.00033811797038652003,-0.0004319766885600984,24.511920
0.2745833333333347,0.00020409109129104763,0.0021346830762922764,0.00033811797038652003,-0.0004319766885600984,24.511920
0.274791666666668,0.00020415816106833518,0.0021346830762922764,0.00033811797038652003,-0.0004319766885600984,24.511920
0.2750000000000013,0.00020422428497113287,0.0021346830762922764,0.00033811797038652003,-0.0004319766885600984,24.511920
0.2752083333333346,0.00020429069991223514,0.0021346830762922764,0.00033811797038652003,-0.0004319766885600984,24.511920
0.2754166666666679,0.000204355877940543,0.0021346830762922764,0.00033811797038652003,-0.0004319766885600984,24.511920
0.27562500000000123,0.00020442341337911785,0.0021346830762922764,0.00033811797038652003,-0.0004319766885600984,24.511920
0.27583333333333454,0.00020448974100872874,0.0021346830762922764,0.00033811797038652003,-0.0004319766885600984,24.511920
0.27604166666666785,0.00020455679623410106,0.0021346830762922764,0.00033811797038652003,-0.0004319766885600984,24.511920
0.27625000000000116,0.0002046241279458627,0.0021346830762922764,0.00033811797038652003,-0.0004319766885600984,24.511920
0.27645833333333447,0.00020469093578867614,0.0021346830762922764,0.00033811797038652003,-0.0004319766885600984,24.511920
0.2766666666666678,0.00020475721976254135,0.0021346830762922764,0.00033811797038652003,-0.0004319766885600984,24.511920
0.2768750000000011,0.00020482417312450707,0.0021346830762922764,0.00033811797038652003,-0.0004319766885600984,24.511920
0.2770833333333344,0.00020489191228989512,0.0021346830762922764,0.00033811797038652003,-0.0004319766885600984,24.511920
0.2772916666666677,0.0002049579779850319,0.0021346830762922764,0.00033811797038652003,-0.0004319766885600984,24.511920
0.277500000000001,0.00020502413099166006,0.0021346830762922764,0.00033811797038652003,-0.0004319766885600984,24.511920
0.27770833333333433,0.00020509064779616892,0.0021346830762922764,0.00033811797038652003,-0.0004319766885600984,24.511920
0.27791666666666764,0.0002051565097644925,0.0021346830762922764,0.00033811797038652003,-0.0004319766885600984,24.511920
0.27812500000000095,0.00020522333215922117,0.0021346830762922764,0.00033811797038652003,-0.0004319766885600984,24.511920
0.27833333333333427,0.00020529041648842394,0.0021346830762922764,0.00033811797038652003,-0.0004319766885600984,24.511920
0.2785416666666676,0.00020535659859888256,0.0021346830762922764,0.00033811797038652003,-0.0004319766885600984,24.511920
0.2787500000000009,0.00020542101992759854,0.0021346830762922764,0.00033811797038652003,-0.0004319766885600984,24.511920
0.2789583333333342,0.0002054867218248546,0.0021346830762922764,0.00033811797038652003,-0.0004319766885600984,24.511920
0.2791666666666675,0.00020555272931233048,0.0021346830762922764,0.00033811797038652003,-0.0004319766885600984,24.511920
0.2793750000000008,0.00020561806741170585,0.0021346830762922764,0.00033811797038652003,-0.0004319766885600984,24.511920
0.2795833333333341,0.00020568347827065736,0.0021346830762922764,0.00033811797038652003,-0.0004319766885600984,24.511920
0.27979166666666744,0.0002057484380202368,0.0021346830762922764,0.00033811797038652003,-0.0004319766885600984,24.511920
0.28000000000000075,0.00020581544958986342,0.0021346830762922764,0.00033811797038652003,-0.0004319766885600984,24.511920
0.28020833333333406,0.0002058812096947804,0.0021346830762922764,0.00033811797038652003,-0.0004319766885600984,24.511920
0.28041666666666737,0.00020594772649928927,0.0021346830762922764,0.00033811797038652003,-0.0004319766885600984,24.511920
0.2806250000000007,0.00020601264259312302,0.0021346830762922764,0.00033811797038652003,-0.0004319766885600984,24.511920
0.280833333333334,0.00020607913029380143,0.0021346830762922764,0.00033811797038652003,-0.0004319766885600984,24.511920
0.2810416666666673,0.00020614425011444837,0.0021346830762922764,0.00033811797038652003,-0.0004319766885600984,24.511920
0.2812500000000006,0.00020620979194063693,0.0021346830762922764,0.00033811797038652003,-0.0004319766885600984,24.511920
0.2814583333333339,0.00020627665799111128,0.0021346830762922764,0.00033811797038652003,-0.0004319766885600984,24.511920
0.28166666666666723,0.00020634297106880695,0.0021346830762922764,0.00033811797038652003,-0.0004319766885600984,24.511920
0.28187500000000054,0.0002064078871626407,0.0021346830762922764,0.00033811797038652003,-0.0004319766885600984,24.511920
0.28208333333333385,0.00020647200290113688,0.0021346830762922764,0.00033811797038652003,-0.0004319766885600984,24.511920
0.28229166666666716,0.00020653769024647772,0.0021346830762922764,0.00033811797038652003,-0.0004319766885600984,24.511920
0.2825000000000005,0.00020660256268456578,0.0021346830762922764,0.00033811797038652003,-0.0004319766885600984,24.511920
0.2827083333333338,0.0002066681336145848,0.0021346830762922764,0.00033811797038652003,-0.0004319766885600984,24.511920
0.2829166666666671,0.0002067337918560952,0.0021346830762922764,0.00033811797038652003,-0.0004319766885600984,24.511920
0.2831250000000004,0.00020679923181887716,0.0021346830762922764,0.00033811797038652003,-0.0004319766885600984,24.511920
0.2833333333333337,0.0002068656322080642,0.0021346830762922764,0.00033811797038652003,-0.0004319766885600984,24.511920
0.283541666666667,0.0002069333422696218,0.0021346830762922764,0.00033811797038652003,-0.0004319766885600984,24.511920
0.28375000000000034,0.00020699924789369106,0.0021346830762922764,0.00033811797038652003,-0.0004319766885600984,24.511920
0.28395833333333365,0.00020706422219518572,0.0021346830762922764,0.00033811797038652003,-0.0004319766885600984,24.511920
0.28416666666666696,0.00020712867262773216,0.0021346830762922764,0.00033811797038652003,-0.0004319766885600984,24.511920
0.28437500000000027,0.00020719481108244509,0.0021346830762922764,0.00033811797038652003,-0.0004319766885600984,24.511920
0.2845833333333336,0.00020726113871205598,0.0021346830762922764,0.00033811797038652003,-0.0004319766885600984,24.511920
0.2847916666666669,0.00020732739358209074,0.0021346830762922764,0.00033811797038652003,-0.0004319766885600984,24.511920
0.2850000000000002,0.00020739412866532803,0.0021346830762922764,0.00033811797038652003,-0.0004319766885600984,24.511920
0.2852083333333335,0.00020746061636600643,0.0021346830762922764,0.00033811797038652003,-0.0004319766885600984,24.511920
0.2854166666666668,0.0002075267693726346,0.0021346830762922764,0.00033811797038652003,-0.0004319766885600984,24.511920
0.28562500000000013,0.00020759276230819523,0.0021346830762922764,0.00033811797038652003,-0.0004319766885600984,24.511920
0.28583333333333344,0.0002076573291560635,0.0021346830762922764,0.00033811797038652003,-0.0004319766885600984,24.511920
0.28604166666666675,0.00020772204152308404,0.0021346830762922764,0.00033811797038652003,-0.0004319766885600984,24.511920
0.28625000000000006,0.00020778816542588174,0.0021346830762922764,0.00033811797038652003,-0.0004319766885600984,24.511920
0.28645833333333337,0.00020785290689673275,0.0021346830762922764,0.00033811797038652003,-0.0004319766885600984,24.511920
0.2866666666666667,0.00020791814313270152,0.0021346830762922764,0.00033811797038652003,-0.0004319766885600984,24.511920
0.286875,0.00020798362675122917,0.0021346830762922764,0.00033811797038652003,-0.0004319766885600984,24.511920
0.2870833333333333,0.00020804841187782586,0.0021346830762922764,0.00033811797038652003,-0.0004319766885600984,24.511920
0.2872916666666666,0.00020811236754525453,0.0021346830762922764,0.00033811797038652003,-0.0004319766885600984,24.511920
0.2874999999999999,0.00020817620679736137,0.0021346830762922764,0.00033811797038652003,-0.0004319766885600984,24.511920
0.28770833333333323,0.0002082405553665012,0.0021346830762922764,0.00033811797038652003,-0.0004319766885600984,24.511920
0.28791666666666654,0.0002083063154714182,0.0021346830762922764,0.00033811797038652003,-0.0004319766885600984,24.511920
0.28812499999999985,0.00020837102783843875,0.0021346830762922764,0.00033811797038652003,-0.0004319766885600984,24.511920
0.28833333333333316,0.00020843700622208416,0.0021346830762922764,0.00033811797038652003,-0.0004319766885600984,24.511920
0.2885416666666665,0.00020850097644142807,0.0021346830762922764,0.00033811797038652003,-0.0004319766885600984,24.511920
0.2887499999999998,0.0002085672749672085,0.0021346830762922764,0.00033811797038652003,-0.0004319766885600984,24.511920
0.2889583333333331,0.0002086330932797864,0.0021346830762922764,0.00033811797038652003,-0.0004319766885600984,24.511920
0.2891666666666664,0.0002086982858600095,0.0021346830762922764,0.00033811797038652003,-0.0004319766885600984,24.511920
0.2893749999999997,0.00020876382768619806,0.0021346830762922764,0.00033811797038652003,-0.0004319766885600984,24.511920
0.289583333333333,0.0002088297187583521,0.0021346830762922764,0.00033811797038652003,-0.0004319766885600984,24.511920
0.28979166666666634,0.0002088945620926097,0.0021346830762922764,0.00033811797038652003,-0.0004319766885600984,24.511920
0.28999999999999965,0.0002089602203341201,0.0021346830762922764,0.00033811797038652003,-0.0004319766885600984,24.511920
0.29020833333333296,0.0002090250636683777,0.0021346830762922764,0.00033811797038652003,-0.0004319766885600984,24.511920
0.29041666666666627,0.00020909101294819266,0.0021346830762922764,0.00033811797038652003,-0.0004319766885600984,24.511920
0.2906249999999996,0.0002091554633807391,0.0021346830762922764,0.00033811797038652003,-0.0004319766885600984,24.511920
0.2908333333333329,0.0002092208160320297,0.0021346830762922764,0.00033811797038652003,-0.0004319766885600984,24.511920
0.2910416666666662,0.00020928579033352435,0.0021346830762922764,0.00033811797038652003,-0.0004319766885600984,24.511920
0.2912499999999995,0.0002093509101541713,0.0021346830762922764,0.00033811797038652003,-0.0004319766885600984,24.511920
0.2914583333333328,0.00020941547700203955,0.0021346830762922764,0.00033811797038652003,-0.0004319766885600984,24.511920
0.29166666666666613,0.00020947925804648548,0.0021346830762922764,0.00033811797038652003,-0.0004319766885600984,24.511920
0.29187499999999944,0.0002095444651786238,0.0021346830762922764,0.00033811797038652003,-0.0004319766885600984,24.511920
0.29208333333333275,0.00020960901747457683,0.0021346830762922764,0.00033811797038652003,-0.0004319766885600984,24.511920
0.29229166666666606,0.0002096738899126649,0.0021346830762922764,0.00033811797038652003,-0.0004319766885600984,24.511920
0.29249999999999937,0.00020973884966224432,0.0021346830762922764,0.00033811797038652003,-0.0004319766885600984,24.511920
0.2927083333333327,0.000209803634788841,0.0021346830762922764,0.00033811797038652003,-0.0004319766885600984,24.511920
0.292916666666666,0.00020986777963116765,0.0021346830762922764,0.00033811797038652003,-0.0004319766885600984,24.511920
0.2931249999999993,0.0002099321864079684,0.0021346830762922764,0.00033811797038652003,-0.0004319766885600984,24.511920
0.2933333333333326,0.0002099979028571397,0.0021346830762922764,0.00033811797038652003,-0.0004319766885600984,24.511920
0.2935416666666659,0.0002100616111420095,0.0021346830762922764,0.00033811797038652003,-0.0004319766885600984,24.511920
0.29374999999999923,0.00021012571232859045,0.0021346830762922764,0.00033811797038652003,-0.0004319766885600984,24.511920
0.29395833333333254,0.00021019157429691404,0.0021346830762922764,0.00033811797038652003,-0.0004319766885600984,24.511920
0.29416666666666585,0.00021025582100264728,0.0021346830762922764,0.00033811797038652003,-0.0004319766885600984,24.511920
0.29437499999999917,0.0002103205770254135,0.0021346830762922764,0.00033811797038652003,-0.0004319766885600984,24.511920
0.2945833333333325,0.0002103844308294356,0.0021346830762922764,0.00033811797038652003,-0.0004319766885600984,24.511920
0.2947916666666658,0.00021044867753516883,0.0021346830762922764,0.00033811797038652003,-0.0004319766885600984,24.511920
0.2949999999999991,0.00021051276416983455,0.0021346830762922764,0.00033811797038652003,-0.0004319766885600984,24.511920
0.2952083333333324,0.00021057817502878606,0.0021346830762922764,0.00033811797038652003,-0.0004319766885600984,24.511920
0.2954166666666657,0.0002106439060298726,0.0021346830762922764,0.00033811797038652003,-0.0004319766885600984,24.511920
0.295624999999999,0.0002107075124513358,0.0021346830762922764,0.00033811797038652003,-0.0004319766885600984,24.511920
0.29583333333333234,0.0002107713371515274,0.0021346830762922764,0.00033811797038652003,-0.0004319766885600984,24.511920
0.29604166666666565,0.00021083593310322613,0.0021346830762922764,0.00033811797038652003,-0.0004319766885600984,24.511920
0.29624999999999896,0.0002109008637489751,0.0021346830762922764,0.00033811797038652003,-0.0004319766885600984,24.511920
0.29645833333333227,0.000210964833968319,0.0021346830762922764,0.00033811797038652003,-0.0004319766885600984,24.511920
0.2966666666666656,0.0002110297209583223,0.0021346830762922764,0.00033811797038652003,-0.0004319766885600984,24.511920
0.2968749999999989,0.00021109478257130831,0.0021346830762922764,0.00033811797038652003,-0.0004319766885600984,24.511920
0.2970833333333322,0.00021116057178005576,0.0021346830762922764,0.00033811797038652003,-0.0004319766885600984,24.511920
0.2972916666666655,0.0002112244110321626,0.0021346830762922764,0.00033811797038652003,-0.0004319766885600984,24.511920
0.2974999999999988,0.0002112896036123857,0.0021346830762922764,0.00033811797038652003,-0.0004319766885600984,24.511920
0.29770833333333213,0.00021135486895218492,0.0021346830762922764,0.00033811797038652003,-0.0004319766885600984,24.511920
0.29791666666666544,0.0002114188828272745,0.0021346830762922764,0.00033811797038652003,-0.0004319766885600984,24.511920
0.29812499999999875,0.00021148251835256815,0.0021346830762922764,0.00033811797038652003,-0.0004319766885600984,24.511920
0.29833333333333206,0.00021154576097615063,0.0021346830762922764,0.00033811797038652003,-0.0004319766885600984,24.511920
0.2985416666666654,0.00021160949836485088,0.0021346830762922764,0.00033811797038652003,-0.0004319766885600984,24.511920
0.2987499999999987,0.0002116719406330958,0.0021346830762922764,0.00033811797038652003,-0.0004319766885600984,24.511920
0.298958333333332,0.0002117361145792529,0.0021346830762922764,0.00033811797038652003,-0.0004319766885600984,24.511920
0.2991666666666653,0.00021179993927944452,0.0021346830762922764,0.00033811797038652003,-0.0004319766885600984,24.511920
0.2993749999999986,0.0002118641568813473,0.0021346830762922764,0.00033811797038652003,-0.0004319766885600984,24.511920
0.2995833333333319,0.0002119287964887917,0.0021346830762922764,0.00033811797038652003,-0.0004319766885600984,24.511920
0.29979166666666524,0.00021199295588303357,0.0021346830762922764,0.00033811797038652003,-0.0004319766885600984,24.511920
0.29999999999999855,0.00021205593657214195,0.0021346830762922764,0.00033811797038652003,-0.0004319766885600984,24.511920
0.30020833333333186,0.00021211976127233356,0.0021346830762922764,0.00033811797038652003,-0.0004319766885600984,24.511920
0.30041666666666517,0.00021218432812020183,0.0021346830762922764,0.00033811797038652003,-0.0004319766885600984,24.511920
0.3006249999999985,0.000212248953175731,0.0021346830762922764,0.00033811797038652003,-0.0004319766885600984,24.511920
0.3008333333333318,0.0002123136364389211,0.0021346830762922764,0.00033811797038652003,-0.0004319766885600984,24.511920
0.3010416666666651,0.00021237711189314723,0.0021346830762922764,0.00033811797038652003,-0.0004319766885600984,24.511920
0.3012499999999984,0.00021244169329293072,0.0021346830762922764,0.00033811797038652003,-0.0004319766885600984,24.511920
0.3014583333333317,0.00021250532881822437,0.0021346830762922764,0.00033811797038652003,-0.0004319766885600984,24.511920
0.30166666666666503,0.00021256820764392614,0.0021346830762922764,0.00033811797038652003,-0.0004319766885600984,24.511920
0.30187499999999834,0.00021263225062284619,0.0021346830762922764,0.00033811797038652003,-0.0004319766885600984,24.511920
0.30208333333333165,0.00021269501303322613,0.0021346830762922764,0.00033811797038652003,-0.0004319766885600984,24.511920
0.30229166666666496,0.00021275821200106293,0.0021346830762922764,0.00033811797038652003,-0.0004319766885600984,24.511920
0.30249999999999827,0.00021282235684338957,0.0021346830762922764,0.00033811797038652003,-0.0004319766885600984,24.511920
0.3027083333333316,0.00021288615243975073,0.0021346830762922764,0.00033811797038652003,-0.0004319766885600984,24.511920
0.3029166666666649,0.0002129494969267398,0.0021346830762922764,0.00033811797038652003,-0.0004319766885600984,24.511920
0.3031249999999982,0.00021301288506947458,0.0021346830762922764,0.00033811797038652003,-0.0004319766885600984,24.511920
0.3033333333333315,0.0002130772772943601,0.0021346830762922764,0.00033811797038652003,-0.0004319766885600984,24.511920
0.3035416666666648,0.00021314033074304461,0.0021346830762922764,0.00033811797038652003,-0.0004319766885600984,24.511920
0.30374999999999813,0.00021320293308235705,0.0021346830762922764,0.00033811797038652003,-0.0004319766885600984,24.511920
0.30395833333333144,0.00021326706337276846,0.0021346830762922764,0.00033811797038652003,-0.0004319766885600984,24.511920
0.30416666666666475,0.00021333081531338394,0.0021346830762922764,0.00033811797038652003,-0.0004319766885600984,24.511920
0.30437499999999806,0.00021339494560379535,0.0021346830762922764,0.00033811797038652003,-0.0004319766885600984,24.511920
0.3045833333333314,0.00021345990535337478,0.0021346830762922764,0.00033811797038652003,-0.0004319766885600984,24.511920
0.3047916666666647,0.00021352242038119584,0.0021346830762922764,0.00033811797038652003,-0.0004319766885600984,24.511920
0.304999999999998,0.0002135856047971174,0.0021346830762922764,0.00033811797038652003,-0.0004319766885600984,24.511920
0.3052083333333313,0.00021364908025134355,0.0021346830762922764,0.00033811797038652003,-0.0004319766885600984,24.511920
0.3054166666666646,0.0002137127739842981,0.0021346830762922764,0.00033811797038652003,-0.0004319766885600984,24.511920
0.3056249999999979,0.000213775914744474,0.0021346830762922764,0.00033811797038652003,-0.0004319766885600984,24.511920
0.30583333333333124,0.00021383883722592145,0.0021346830762922764,0.00033811797038652003,-0.0004319766885600984,24.511920
0.30604166666666455,0.00021390209440141916,0.0021346830762922764,0.00033811797038652003,-0.0004319766885600984,24.511920
0.30624999999999786,0.00021396578813437372,0.0021346830762922764,0.00033811797038652003,-0.0004319766885600984,24.511920
0.30645833333333117,0.000214030354982242,0.0021346830762922764,0.00033811797038652003,-0.0004319766885600984,24.511920
0.3066666666666645,0.00021409321925602853,0.0021346830762922764,0.00033811797038652003,-0.0004319766885600984,24.511920
0.3068749999999978,0.00021415615628939122,0.0021346830762922764,0.00033811797038652003,-0.0004319766885600984,24.511920
0.3070833333333311,0.00021421852579806,0.0021346830762922764,0.00033811797038652003,-0.0004319766885600984,24.511920
0.3072916666666644,0.00021428072068374604,0.0021346830762922764,0.00033811797038652003,-0.0004319766885600984,24.511920
0.3074999999999977,0.00021434345399029553,0.0021346830762922764,0.00033811797038652003,-0.0004319766885600984,24.511920
0.30770833333333103,0.00021440671116579324,0.0021346830762922764,0.00033811797038652003,-0.0004319766885600984,24.511920
0.30791666666666434,0.00021446954633574933,0.0021346830762922764,0.00033811797038652003,-0.0004319766885600984,24.511920
0.30812499999999765,0.00021453348745126277,0.0021346830762922764,0.00033811797038652003,-0.0004319766885600984,24.511920
0.30833333333333096,0.00021459674462676048,0.0021346830762922764,0.00033811797038652003,-0.0004319766885600984,24.511920
0.30854166666666427,0.00021466024918481708,0.0021346830762922764,0.00033811797038652003,-0.0004319766885600984,24.511920
0.3087499999999976,0.00021472378284670413,0.0021346830762922764,0.00033811797038652003,-0.0004319766885600984,24.511920
0.3089583333333309,0.000214785075513646,0.0021346830762922764,0.00033811797038652003,-0.0004319766885600984,24.511920
0.3091666666666642,0.0002148477069567889,0.0021346830762922764,0.00033811797038652003,-0.0004319766885600984,24.511920
0.3093749999999975,0.00021491099323611706,0.0021346830762922764,0.00033811797038652003,-0.0004319766885600984,24.511920
0.3095833333333308,0.0002149736537830904,0.0021346830762922764,0.00033811797038652003,-0.0004319766885600984,24.511920
0.30979166666666413,0.0002150380314560607,0.0021346830762922764,0.00033811797038652003,-0.0004319766885600984,24.511920
0.30999999999999744,0.00021510139049496502,0.0021346830762922764,0.00033811797038652003,-0.0004319766885600984,24.511920
0.31020833333333075,0.00021516521519515663,0.0021346830762922764,0.00033811797038652003,-0.0004319766885600984,24.511920
0.31041666666666407,0.00021522895258385688,0.0021346830762922764,0.00033811797038652003,-0.0004319766885600984,24.511920
0.3106249999999974,0.00021529327204916626,0.0021346830762922764,0.00033811797038652003,-0.0004319766885600984,24.511920
0.3108333333333307,0.00021535693667829037,0.0021346830762922764,0.00033811797038652003,-0.0004319766885600984,24.511920
0.311041666666664,0.00021542029571719468,0.0021346830762922764,0.00033811797038652003,-0.0004319766885600984,24.511920
0.3112499999999973,0.00021548388758674264,0.0021346830762922764,0.00033811797038652003,-0.0004319766885600984,24.511920
0.3114583333333306,0.00021554755221586674,0.0021346830762922764,0.00033811797038652003,-0.0004319766885600984,24.511920
0.3116666666666639,0.00021561110042966902,0.0021346830762922764,0.00033811797038652003,-0.0004319766885600984,24.511920
0.31187499999999724,0.00021567363000940531,0.0021346830762922764,0.00033811797038652003,-0.0004319766885600984,24.511920
0.31208333333333055,0.0002157371345674619,0.0021346830762922764,0.00033811797038652003,-0.0004319766885600984,24.511920
0.31229166666666386,0.00021579857275355607,0.0021346830762922764,0.00033811797038652003,-0.0004319766885600984,24.511920
0.31249999999999717,0.00021586130606010556,0.0021346830762922764,0.00033811797038652003,-0.0004319766885600984,24.511920
0.3127083333333305,0.0002159238647436723,0.0021346830762922764,0.00033811797038652003,-0.0004319766885600984,24.511920
0.3129166666666638,0.00021598584135062993,0.0021346830762922764,0.00033811797038652003,-0.0004319766885600984,24.511920
0.3131249999999971,0.00021604901121463627,0.0021346830762922764,0.00033811797038652003,-0.0004319766885600984,24.511920
0.3133333333333304,0.00021611235570162535,0.0021346830762922764,0.00033811797038652003,-0.0004319766885600984,24.511920
0.3135416666666637,0.00021617580205202103,0.0021346830762922764,0.00033811797038652003,-0.0004319766885600984,24.511920
0.31374999999999703,0.00021623812790494412,0.0021346830762922764,0.00033811797038652003,-0.0004319766885600984,24.511920
0.31395833333333034,0.00021630017727147788,0.0021346830762922764,0.00033811797038652003,-0.0004319766885600984,24.511920
0.31416666666666365,0.00021636344899889082,0.0021346830762922764,0.00033811797038652003,-0.0004319766885600984,24.511920
0.31437499999999696,0.0002164258767152205,0.0021346830762922764,0.00033811797038652003,-0.0004319766885600984,24.511920
0.3145833333333303,0.00021648933761753142,0.0021346830762922764,0.00033811797038652003,-0.0004319766885600984,24.511920
0.3147916666666636,0.00021655172167811543,0.0021346830762922764,0.00033811797038652003,-0.0004319766885600984,24.511920
0.3149999999999969,0.0002166146005038172,0.0021346830762922764,0.00033811797038652003,-0.0004319766885600984,24.511920
0.3152083333333302,0.00021667644614353776,0.0021346830762922764,0.00033811797038652003,-0.0004319766885600984,24.511920
0.3154166666666635,0.00021673881565220654,0.0021346830762922764,0.00033811797038652003,-0.0004319766885600984,24.511920
0.3156249999999968,0.0002168010250898078,0.0021346830762922764,0.00033811797038652003,-0.0004319766885600984,24.511920
0.31583333333333014,0.00021686450054403394,0.0021346830762922764,0.00033811797038652003,-0.0004319766885600984,24.511920
0.31604166666666345,0.0002169274666812271,0.0021346830762922764,0.00033811797038652003,-0.0004319766885600984,24.511920
0.31624999999999676,0.0002169911895180121,0.0021346830762922764,0.00033811797038652003,-0.0004319766885600984,24.511920
0.31645833333333007,0.0002170528459828347,0.0021346830762922764,0.00033811797038652003,-0.0004319766885600984,24.511920
0.3166666666666634,0.00021711549197789282,0.0021346830762922764,0.00033811797038652003,-0.0004319766885600984,24.511920
0.3168749999999967,0.00021717821073252708,0.0021346830762922764,0.00033811797038652003,-0.0004319766885600984,24.511920
0.31708333333333,0.0002172399836126715,0.0021346830762922764,0.00033811797038652003,-0.0004319766885600984,24.511920
0.3172916666666633,0.00021730274602305144,0.0021346830762922764,0.00033811797038652003,-0.0004319766885600984,24.511920
0.3174999999999966,0.0002173654065700248,0.0021346830762922764,0.00033811797038652003,-0.0004319766885600984,24.511920
0.31770833333332993,0.00021742813987657428,0.0021346830762922764,0.00033811797038652003,-0.0004319766885600984,24.511920
0.31791666666666324,0.0002174906840082258,0.0021346830762922764,0.00033811797038652003,-0.0004319766885600984,24.511920
0.31812499999999655,0.0002175526606151834,0.0021346830762922764,0.00033811797038652003,-0.0004319766885600984,24.511920
0.31833333333332986,0.00021761388052254915,0.0021346830762922764,0.00033811797038652003,-0.0004319766885600984,24.511920
0.31854166666666317,0.0002176751586375758,0.0021346830762922764,0.00033811797038652003,-0.0004319766885600984,24.511920
0.3187499999999965,0.00021773760090582073,0.0021346830762922764,0.00033811797038652003,-0.0004319766885600984,24.511920
0.3189583333333298,0.00021780030510853976,0.0021346830762922764,0.00033811797038652003,-0.0004319766885600984,24.511920
0.3191666666666631,0.0002178629074478522,0.0021346830762922764,0.00033811797038652003,-0.0004319766885600984,24.511920
0.3193749999999964,0.00021792500047013164,0.0021346830762922764,0.00033811797038652003,-0.0004319766885600984,24.511920
0.3195833333333297,0.00021798745729029179,0.0021346830762922764,0.00033811797038652003,-0.0004319766885600984,24.511920
0.31979166666666303,0.0002180490700993687,0.0021346830762922764,0.00033811797038652003,-0.0004319766885600984,24.511920
0.31999999999999634,0.0002181118616135791,0.0021346830762922764,0.00033811797038652003,-0.0004319766885600984,24.511920
0.32020833333332965,0.00021817351807840168,0.0021346830762922764,0.00033811797038652003,-0.0004319766885600984,24.511920
0.32041666666666296,0.00021823681890964508,0.0021346830762922764,0.00033811797038652003,-0.0004319766885600984,24.511920
0.3206249999999963,0.00021829969773534685,0.0021346830762922764,0.00033811797038652003,-0.0004319766885600984,24.511920
0.3208333333333296,0.00021836202358826995,0.0021346830762922764,0.00033811797038652003,-0.0004319766885600984,24.511920
0.3210416666666629,0.00021842503338120878,0.0021346830762922764,0.00033811797038652003,-0.0004319766885600984,24.511920
0.3212499999999962,0.0002184878394473344,0.0021346830762922764,0.00033811797038652003,-0.0004319766885600984,24.511920
0.3214583333333295,0.00021855038357898593,0.0021346830762922764,0.00033811797038652003,-0.0004319766885600984,24.511920
0.3216666666666628,0.00021861323330085725,0.0021346830762922764,0.00033811797038652003,-0.0004319766885600984,24.511920
0.32187499999999614,0.0002186744095524773,0.0021346830762922764,0.00033811797038652003,-0.0004319766885600984,24.511920
0.32208333333332945,0.00021873712830711156,0.0021346830762922764,0.00033811797038652003,-0.0004319766885600984,24.511920
0.32229166666666276,0.00021879859559703618,0.0021346830762922764,0.00033811797038652003,-0.0004319766885600984,24.511920
0.32249999999999607,0.00021886167814955115,0.0021346830762922764,0.00033811797038652003,-0.0004319766885600984,24.511920
0.3227083333333294,0.00021892477525398135,0.0021346830762922764,0.00033811797038652003,-0.0004319766885600984,24.511920
0.3229166666666627,0.00021898698469158262,0.0021346830762922764,0.00033811797038652003,-0.0004319766885600984,24.511920
0.323124999999996,0.0002190487430198118,0.0021346830762922764,0.00033811797038652003,-0.0004319766885600984,24.511920
0.3233333333333293,0.00021911191288381815,0.0021346830762922764,0.00033811797038652003,-0.0004319766885600984,24.511920
0.3235416666666626,0.00021917412232141942,0.0021346830762922764,0.00033811797038652003,-0.0004319766885600984,24.511920
0.32374999999999593,0.00021923743770457804,0.0021346830762922764,0.00033811797038652003,-0.0004319766885600984,24.511920
0.32395833333332924,0.00021929925424046814,0.0021346830762922764,0.00033811797038652003,-0.0004319766885600984,24.511920
0.32416666666666255,0.00021936031407676637,0.0021346830762922764,0.00033811797038652003,-0.0004319766885600984,24.511920
0.32437499999999586,0.00021942336752545089,0.0021346830762922764,0.00033811797038652003,-0.0004319766885600984,24.511920
0.32458333333332917,0.00021948559151496738,0.0021346830762922764,0.00033811797038652003,-0.0004319766885600984,24.511920
0.3247916666666625,0.00021954740805085748,0.0021346830762922764,0.00033811797038652003,-0.0004319766885600984,24.511920
0.3249999999999958,0.000219608613406308,0.0021346830762922764,0.00033811797038652003,-0.0004319766885600984,24.511920
0.3252083333333291,0.00021967024076730013,0.0021346830762922764,0.00033811797038652003,-0.0004319766885600984,24.511920
0.3254166666666624,0.0002197319408878684,0.0021346830762922764,0.00033811797038652003,-0.0004319766885600984,24.511920
0.3256249999999957,0.00021979307348374277,0.0021346830762922764,0.00033811797038652003,-0.0004319766885600984,24.511920
0.32583333333332903,0.00021985394414514303,0.0021346830762922764,0.00033811797038652003,-0.0004319766885600984,24.511920
0.32604166666666234,0.0002199162554461509,0.0021346830762922764,0.00033811797038652003,-0.0004319766885600984,24.511920
0.32624999999999565,0.0002199772570747882,0.0021346830762922764,0.00033811797038652003,-0.0004319766885600984,24.511920
0.32645833333332896,0.00022003919002600014,0.0021346830762922764,0.00033811797038652003,-0.0004319766885600984,24.511920
0.3266666666666623,0.00022010065731592476,0.0021346830762922764,0.00033811797038652003,-0.0004319766885600984,24.511920
0.3268749999999956,0.00022016280854586512,0.0021346830762922764,0.00033811797038652003,-0.0004319766885600984,24.511920
0.3270833333333289,0.0002202241594204679,0.0021346830762922764,0.00033811797038652003,-0.0004319766885600984,24.511920
0.3272916666666622,0.0002202857576776296,0.0021346830762922764,0.00033811797038652003,-0.0004319766885600984,24.511920
0.3274999999999955,0.00022034691937733442,0.0021346830762922764,0.00033811797038652003,-0.0004319766885600984,24.511920
0.3277083333333288,0.00022040845942683518,0.0021346830762922764,0.00033811797038652003,-0.0004319766885600984,24.511920
0.32791666666666214,0.00022047145466785878,0.0021346830762922764,0.00033811797038652003,-0.0004319766885600984,24.511920
0.32812499999999545,0.00022053309658076614,0.0021346830762922764,0.00033811797038652003,-0.0004319766885600984,24.511920
0.32833333333332876,0.00022059486946091056,0.0021346830762922764,0.00033811797038652003,-0.0004319766885600984,24.511920
0.32854166666666207,0.00022065643861424178,0.0021346830762922764,0.00033811797038652003,-0.0004319766885600984,24.511920
0.3287499999999954,0.00022071725106798112,0.0021346830762922764,0.00033811797038652003,-0.0004319766885600984,24.511920
0.3289583333333287,0.00022077815083321184,0.0021346830762922764,0.00033811797038652003,-0.0004319766885600984,24.511920
0.329166666666662,0.00022083998192101717,0.0021346830762922764,0.00033811797038652003,-0.0004319766885600984,24.511920
0.3293749999999953,0.0002209007361670956,0.0021346830762922764,0.00033811797038652003,-0.0004319766885600984,24.511920
0.3295833333333286,0.00022096268367022276,0.0021346830762922764,0.00033811797038652003,-0.0004319766885600984,24.511920
0.32979166666666193,0.00022102404909674078,0.0021346830762922764,0.00033811797038652003,-0.0004319766885600984,24.511920
0.32999999999999524,0.00022108662233222276,0.0021346830762922764,0.00033811797038652003,-0.0004319766885600984,24.511920
0.33020833333332855,0.00022114852617960423,0.0021346830762922764,0.00033811797038652003,-0.0004319766885600984,24.511920
0.33041666666666186,0.0002212101680925116,0.0021346830762922764,0.00033811797038652003,-0.0004319766885600984,24.511920
0.3306249999999952,0.0002212721446994692,0.0021346830762922764,0.00033811797038652003,-0.0004319766885600984,24.511920
0.3308333333333285,0.00022133413585834205,0.0021346830762922764,0.00033811797038652003,-0.0004319766885600984,24.511920
0.3310416666666618,0.000221395559492521,0.0021346830762922764,0.00033811797038652003,-0.0004319766885600984,24.511920
0.3312499999999951,0.0002214568667113781,0.0021346830762922764,0.00033811797038652003,-0.0004319766885600984,24.511920
0.3314583333333284,0.00022151783923618495,0.0021346830762922764,0.00033811797038652003,-0.0004319766885600984,24.511920
0.3316666666666617,0.00022157990315463394,0.0021346830762922764,0.00033811797038652003,-0.0004319766885600984,24.511920
0.33187499999999504,0.0002216409338871017,0.0021346830762922764,0.00033811797038652003,-0.0004319766885600984,24.511920
0.33208333333332835,0.00022170138254296035,0.0021346830762922764,0.00033811797038652003,-0.0004319766885600984,24.511920
0.33229166666666166,0.00022176151105668396,0.0021346830762922764,0.00033811797038652003,-0.0004319766885600984,24.511920
0.33249999999999497,0.0002218226291006431,0.0021346830762922764,0.00033811797038652003,-0.0004319766885600984,24.511920
0.3327083333333283,0.0002218833687948063,0.0021346830762922764,0.00033811797038652003,-0.0004319766885600984,24.511920
0.3329166666666616,0.00022194540360942483,0.0021346830762922764,0.00033811797038652003,-0.0004319766885600984,24.511920
0.3331249999999949,0.000222006332478486,0.0021346830762922764,0.00033811797038652003,-0.0004319766885600984,24.511920
0.3333333333333282,0.0002220665628556162,0.0021346830762922764,0.00033811797038652003,-0.0004319766885600984,24.511920
0.3335416666666615,0.00022212738986127079,0.0021346830762922764,0.00033811797038652003,-0.0004319766885600984,24.511920
0.33374999999999483,0.00022218897356651723,0.0021346830762922764,0.00033811797038652003,-0.0004319766885600984,24.511920
0.33395833333332814,0.00022225001885090023,0.0021346830762922764,0.00033811797038652003,-0.0004319766885600984,24.511920
0.33416666666666145,0.0002223111514467746,0.0021346830762922764,0.00033811797038652003,-0.0004319766885600984,24.511920
0.33437499999999476,0.00022237181838136166,0.0021346830762922764,0.00033811797038652003,-0.0004319766885600984,24.511920
0.33458333333332807,0.00022243245621211827,0.0021346830762922764,0.00033811797038652003,-0.0004319766885600984,24.511920
0.3347916666666614,0.0002224932686658576,0.0021346830762922764,0.00033811797038652003,-0.0004319766885600984,24.511920
0.3349999999999947,0.00022255508520174772,0.0021346830762922764,0.00033811797038652003,-0.0004319766885600984,24.511920
0.335208333333328,0.00022261413687374443,0.0021346830762922764,0.00033811797038652003,-0.0004319766885600984,24.511920
0.3354166666666613,0.00022267641907092184,0.0021346830762922764,0.00033811797038652003,-0.0004319766885600984,24.511920
0.3356249999999946,0.000222736518480815,0.0021346830762922764,0.00033811797038652003,-0.0004319766885600984,24.511920
0.33583333333332793,0.00022279840777628124,0.0021346830762922764,0.00033811797038652003,-0.0004319766885600984,24.511920
0.33604166666666124,0.00022285997692961246,0.0021346830762922764,0.00033811797038652003,-0.0004319766885600984,24.511920
0.33624999999999455,0.0002229220699518919,0.0021346830762922764,0.00033811797038652003,-0.0004319766885600984,24.511920
0.33645833333332786,0.00022298248950392008,0.0021346830762922764,0.00033811797038652003,-0.0004319766885600984,24.511920
0.3366666666666612,0.0002230440150015056,0.0021346830762922764,0.00033811797038652003,-0.0004319766885600984,24.511920
0.3368749999999945,0.00022310501663014293,0.0021346830762922764,0.00033811797038652003,-0.0004319766885600984,24.511920
0.3370833333333278,0.0002231657417723909,0.0021346830762922764,0.00033811797038652003,-0.0004319766885600984,24.511920
0.3372916666666611,0.00022322669974528253,0.0021346830762922764,0.00033811797038652003,-0.0004319766885600984,24.511920
0.3374999999999944,0.00022328725026454777,0.0021346830762922764,0.00033811797038652003,-0.0004319766885600984,24.511920
0.3377083333333277,0.0002233485138276592,0.0021346830762922764,0.00033811797038652003,-0.0004319766885600984,24.511920
0.33791666666666104,0.00022341006842907518,0.0021346830762922764,0.00033811797038652003,-0.0004319766885600984,24.511920
0.33812499999999435,0.0002234714338555932,0.0021346830762922764,0.00033811797038652003,-0.0004319766885600984,24.511920
0.33833333333332766,0.00022353204258251935,0.0021346830762922764,0.00033811797038652003,-0.0004319766885600984,24.511920
0.33854166666666097,0.00022359253489412367,0.0021346830762922764,0.00033811797038652003,-0.0004319766885600984,24.511920
0.3387499999999943,0.0002236527798231691,0.0021346830762922764,0.00033811797038652003,-0.0004319766885600984,24.511920
0.3389583333333276,0.00022371349041350186,0.0021346830762922764,0.00033811797038652003,-0.0004319766885600984,24.511920
0.3391666666666609,0.00022377315326593816,0.0021346830762922764,0.00033811797038652003,-0.0004319766885600984,24.511920
0.3393749999999942,0.00022383399482350796,0.0021346830762922764,0.00033811797038652003,-0.0004319766885600984,24.511920
0.3395833333333275,0.0002238939778180793,0.0021346830762922764,0.00033811797038652003,-0.0004319766885600984,24.511920
0.33979166666666083,0.00022395438281819224,0.0021346830762922764,0.00033811797038652003,-0.0004319766885600984,24.511920
0.33999999999999414,0.00022401359456125647,0.0021346830762922764,0.00033811797038652003,-0.0004319766885600984,24.511920
0.34020833333332745,0.00022407446522265673,0.0021346830762922764,0.00033811797038652003,-0.0004319766885600984,24.511920
0.34041666666666076,0.0002241350302938372,0.0021346830762922764,0.00033811797038652003,-0.0004319766885600984,24.511920
0.34062499999999407,0.00022419512970373034,0.0021346830762922764,0.00033811797038652003,-0.0004319766885600984,24.511920
0.3408333333333274,0.00022425463248509914,0.0021346830762922764,0.00033811797038652003,-0.0004319766885600984,24.511920
0.3410416666666607,0.000224316114326939,0.0021346830762922764,0.00033811797038652003,-0.0004319766885600984,24.511920
0.341249999999994,0.0002243759372504428,0.0021346830762922764,0.00033811797038652003,-0.0004319766885600984,24.511920
0.3414583333333273,0.00022443794296123087,0.0021346830762922764,0.00033811797038652003,-0.0004319766885600984,24.511920
0.3416666666666606,0.00022449871175922453,0.0021346830762922764,0.00033811797038652003,-0.0004319766885600984,24.511920
0.34187499999999393,0.0002245603100163862,0.0021346830762922764,0.00033811797038652003,-0.0004319766885600984,24.511920
0.34208333333332724,0.00022462070046458393,0.0021346830762922764,0.00033811797038652003,-0.0004319766885600984,24.511920
0.34229166666666055,0.00022468181850854307,0.0021346830762922764,0.00033811797038652003,-0.0004319766885600984,24.511920
0.34249999999999386,0.00022474111756309867,0.0021346830762922764,0.00033811797038652003,-0.0004319766885600984,24.511920
0.3427083333333272,0.0002248027449240908,0.0021346830762922764,0.00033811797038652003,-0.0004319766885600984,24.511920
0.3429166666666605,0.00022486326633952558,0.0021346830762922764,0.00033811797038652003,-0.0004319766885600984,24.511920
0.3431249999999938,0.00022492388961836696,0.0021346830762922764,0.00033811797038652003,-0.0004319766885600984,24.511920
0.3433333333333271,0.00022498518228530884,0.0021346830762922764,0.00033811797038652003,-0.0004319766885600984,24.511920
0.3435416666666604,0.0002250467223348096,0.0021346830762922764,0.00033811797038652003,-0.0004319766885600984,24.511920
0.3437499999999937,0.00022510772396344692,0.0021346830762922764,0.00033811797038652003,-0.0004319766885600984,24.511920
0.34395833333332704,0.00022516738681588322,0.0021346830762922764,0.00033811797038652003,-0.0004319766885600984,24.511920
0.34416666666666035,0.00022522675863001496,0.0021346830762922764,0.00033811797038652003,-0.0004319766885600984,24.511920
0.34437499999999366,0.0002252869599033147,0.0021346830762922764,0.00033811797038652003,-0.0004319766885600984,24.511920
0.34458333333332697,0.000225345793296583,0.0021346830762922764,0.00033811797038652003,-0.0004319766885600984,24.511920
0.3447916666666603,0.00022540605277754366,0.0021346830762922764,0.00033811797038652003,-0.0004319766885600984,24.511920
0.3449999999999936,-0.00027207742095924914,0.0018183857901021838,0.00028816855046898127,0.00024119603040162474,24.511920
0.3452083333333269,-0.0009358913521282375,0.0016187381697818637,7.616556104039773e-05,0.0005581583245657384,24.511920
0.3454166666666602,-0.001572975073941052,0.0016740437131375074,-0.0001700165739748627,0.0007188339368440211,24.511920
0.3456249999999935,-0.002174310153350234,0.0017062999540939927,-0.000439801107859239,0.0008458059746772051,24.511920
0.34583333333332683,-0.0027462663128972054,0.001788975321687758,-0.0006899648578837514,0.000955263851210475,24.511920
0.34604166666666014,-0.003289169631898403,0.001903453841805458,-0.000939072750043124,0.001059653703123331,24.511920
0.34624999999999345,-0.003806070890277624,0.0020597069524228573,-0.001187277608551085,0.0011602963786572218,24.511920
0.34645833333332676,-0.004301952198147774,0.0024160335306078196,-0.0014287523226812482,0.0012498286087065935,24.511920
0.3466666666666601,-0.004774058703333139,0.0027119871228933334,-0.0016684156144037843,0.0013349656946957111,24.511920
0.3468749999999934,-0.005223054904490709,0.0030119139701128006,-0.0019045742228627205,0.0014135264791548252,24.511920
0.3470833333333267,-0.00564948283135891,0.003298262832686305,-0.0021357398945838213,0.0014878817601129413,24.511920
0.34729166666666,-0.006054446566849947,0.003576402086764574,-0.0023637551348656416,0.001557868905365467,24.511920
0.3474999999999933,-0.006438526324927807,0.003849128959700465,-0.0025868460070341825,0.0016237744130194187,24.511920
0.3477083333333266,-0.006802401039749384,0.004119367804378271,-0.002806152915582061,0.0016828329535201192,24.511920
0.34791666666665994,-0.007146929856389761,0.004376842640340328,-0.003020893782377243,0.0017387110274285078,24.511920
0.34812499999999325,-0.007472553290426731,0.004636046942323446,-0.003232132876291871,0.001791848917491734,24.511920
0.34833333333332656,-0.007780209183692932,0.004882160574197769,-0.0034375786781311035,0.0018384407740086317,24.511920
0.34854166666665987,-0.008070448413491249,0.005130661651492119,-0.00363788940012455,0.00188084424007684,24.511920
0.3487499999999932,-0.008344004862010479,0.005367760546505451,-0.0038349563255906105,0.0019210355821996927,24.511920
0.3489583333333265,-0.008601362816989422,0.005600849166512489,-0.004026027861982584,0.001958288950845599,24.511920
0.3491666666666598,-0.008843012154102325,0.0058328635059297085,-0.004211619962006807,0.0019875934813171625,24.511920
0.3493749999999931,-0.00906975194811821,0.0060521201230585575,-0.004393415059894323,0.0020182158332318068,24.511920
0.3495833333333264,-0.0092818858101964,0.006270876154303551,-0.004568250849843025,0.002042248845100403,24.511920
0.34979166666665973,-0.009480197913944721,0.006479712203145027,-0.004737885668873787,0.002063157269731164,24.511920
0.34999999999999304,-0.009665068238973618,0.006686139386147261,-0.004901256877928972,0.0020810330752283335,24.511920
0.35020833333332635,-0.009837159886956215,0.006883909460157156,-0.005059249699115753,0.0020942760165780783,24.511920
0.35041666666665966,-0.009996585547924042,0.007081020623445511,-0.005212628748267889,0.0021071459632366896,24.511920
0.35062499999999297,-0.010144325904548168,0.007266255095601082,-0.005361308343708515,0.0021166130900382996,24.511920
0.3508333333333263,-0.010280607268214226,0.007453287485986948,-0.005501388106495142,0.0021232301369309425,24.511920
0.3510416666666596,-0.010405715554952621,0.007629136089235544,-0.0056364149786531925,0.0021282301750034094,24.511920
0.3512499999999929,-0.010520227253437042,0.007805181201547384,-0.005765851587057114,0.0021279577631503344,24.511920
0.3514583333333262,-0.010624635964632034,0.007969052530825138,-0.005888075102120638,0.0021270751021802425,24.511920
0.3516666666666595,-0.010719218291342258,0.008134541101753712,-0.006005163304507732,0.002120621269568801,24.511920
0.35187499999999283,-0.010804426856338978,0.00828851480036974,-0.006115407682955265,0.0021147020161151886,24.511920
0.35208333333332614,-0.010880829766392708,0.008441420271992683,-0.006220520008355379,0.0021056660916656256,24.511920
0.35229166666665945,-0.010948347859084606,0.008586682379245758,-0.006318114697933197,0.0020961950067430735,24.511920
0.35249999999999276,-0.011007720604538918,0.008726811036467552,-0.006409667432308197,0.002084410050883889,24.511920
0.3527083333333261,-0.011058931238949299,0.008863195776939392,-0.0064949155785143375,0.0020694402046501637,24.511920
0.3529166666666594,-0.011102822609245777,0.008994451723992825,-0.006574410479515791,0.002052637515589595,24.511920
0.3531249999999927,-0.011139166541397572,0.009119771420955658,-0.00664564361795783,0.0020367989782243967,24.511920
0.353333333333326,-0.01116867270320654,0.0092375623062253,-0.006711071822792292,0.0020172849763184786,24.511920
0.3535416666666593,-0.01119159534573555,0.009355188347399235,-0.006768918130546808,0.0019962857477366924,24.511920
0.3537499999999926,-0.011208134703338146,0.009461593814194202,-0.0068177892826497555,0.00197649747133255,24.511920
0.35395833333332594,-0.011218544095754623,0.00956850964576006,-0.006856644991785288,0.0019515877356752753,24.511920
0.35416666666665925,-0.0112234465777874,0.009661891497671604,-0.0068802013993263245,0.0019272681092843413,24.511920
0.35437499999999256,-0.011224407702684402,0.009743643924593925,-0.006894365884363651,0.0018996467115357518,24.511920
0.35458333333332587,-0.01122281700372696,0.009815999306738377,-0.006898921448737383,0.0018704578978940845,24.511920
0.3547916666666592,-0.011219804175198078,0.009888374246656895,-0.006892920006066561,0.0018379841931164265,24.511920
0.3549999999999925,-0.011215902864933014,0.009965402074158192,-0.0068843481130898,0.0018030027858912945,24.511920
0.3552083333333258,-0.011211126111447811,0.010044381953775883,-0.006876067258417606,0.0017648973735049367,24.511920
0.3554166666666591,-0.011205583810806274,0.010120153427124023,-0.0068700117990374565,0.0017303787171840668,24.511920
0.3556249999999924,-0.011199592612683773,0.01019070204347372,-0.006866341456770897,0.0016898191533982754,24.511920
0.35583333333332573,-0.011192907579243183,0.01026333961635828,-0.0068635339848697186,0.0016519661294296384,24.511920
0.35604166666665904,-0.01118564885109663,0.010332849808037281,-0.006861139554530382,0.0016135401092469692,24.511920
0.35624999999999235,-0.011177822947502136,0.010401586070656776,-0.006861284375190735,0.0015747321303933859,24.511920
0.35645833333332566,-0.01116941962391138,0.010473230853676796,-0.006862323731184006,0.0015366048319265246,24.511920
0.35666666666665897,-0.011160586960613728,0.010545565746724606,-0.006864011753350496,0.0014979379484429955,24.511920
0.3568749999999923,-0.011151470243930817,0.010616778396070004,-0.006865889299660921,0.0014575421810150146,24.511920
0.3570833333333256,-0.011141644790768623,0.0106852101162076,-0.006869731470942497,0.0014195439871400595,24.511920
0.3572916666666589,-0.011131683364510536,0.010755305178463459,-0.0068731787614524364,0.0013808599906042218,24.511920
0.3574999999999922,-0.011121224611997604,0.010824176482856274,-0.006876171566545963,0.0013402086915448308,24.511920
0.3577083333333255,-0.011140527203679085,0.010869955644011497,-0.006883150897920132,0.0012671370059251785,24.511920
0.35791666666665883,-0.011158037930727005,0.010928772389888763,-0.0068876189179718494,0.001205894397571683,24.511920
0.35812499999999214,-0.01116962730884552,0.010998248122632504,-0.0068952045403420925,0.001150272088125348,24.511920
0.35833333333332545,-0.011175885796546936,0.011070366017520428,-0.00690339645370841,0.0011007845168933272,24.511920
0.35854166666665876,-0.011177579872310162,0.011135718785226345,-0.006914188154041767,0.0010591396130621433,24.511920
0.3587499999999921,-0.01117679663002491,0.011191505007445812,-0.00691530155017972,0.0010236530797556043,24.511920
0.3589583333333254,-0.01117437332868576,0.01124908309429884,-0.006908445153385401,0.0009898983407765627,24.511920
0.3591666666666587,-0.011171176098287106,0.011304188519716263,-0.00689819548279047,0.0009554130956530571,24.511920
0.359374999999992,-0.011167203076183796,0.01136066298931837,-0.006891294848173857,0.000918977428227663,24.511920
0.3595833333333253,-0.011162633076310158,0.011420289985835552,-0.0068862587213516235,0.000882806081790477,24.511920
0.3597916666666586,-0.011157453060150146,0.011476797051727772,-0.006882373709231615,0.0008464641286991537,24.511920
0.35999999999999194,-0.011151825077831745,0.011536050587892532,-0.006879583466798067,0.0008099220576696098,24.511920
0.36020833333332525,-0.011145524680614471,0.011593620292842388,-0.006877109408378601,0.0007738622953183949,24.511920
0.36041666666665856,-0.011138743720948696,0.011650878004729748,-0.00687573803588748,0.0007368894875980914,24.511920
0.36062499999999187,-0.011131690815091133,0.011709634214639664,-0.00687398249283433,0.0006977029261179268,24.511920
0.3608333333333252,-0.01112394593656063,0.011763924732804298,-0.006873143836855888,0.0006596253369934857,24.511920
0.3610416666666585,-0.011115954257547855,0.011821379885077477,-0.006873461417853832,0.0006223206873983145,24.511920
0.3612499999999918,-0.011107544414699078,0.011876549571752548,-0.00687550799921155,0.0005848502623848617,24.511920
0.3614583333333251,-0.011098766699433327,0.011932140216231346,-0.006877628155052662,0.0005477979429997504,24.511920
0.3616666666666584,-0.011089696548879147,0.011988695710897446,-0.006879554130136967,0.0005121614667586982,24.511920
0.36187499999999173,-0.011080341413617134,0.012041641399264336,-0.006882389076054096,0.0004770715313497931,24.511920
0.36208333333332504,-0.011070570908486843,0.012094528414309025,-0.006886209361255169,0.0004418958560563624,24.511920
0.36229166666665835,-0.011060323566198349,0.012147191911935806,-0.006891013588756323,0.0004067971894983202,24.511920
0.36249999999999166,-0.011050079949200153,0.012201995588839054,-0.0068959444761276245,0.0003715593193192035,24.511920
0.362708333333325,-0.01103934831917286,0.01225468423217535,-0.006901226006448269,0.0003369525948073715,24.511920
0.3629166666666583,-0.011028309352695942,0.012307963334023952,-0.006906486116349697,0.00030316816992126405,24.511920
0.3631249999999916,-0.01101718284189701,0.01235769409686327,-0.006911588367074728,0.00026895105838775635,24.511920
0.3633333333333249,-0.011005804874002934,0.012408549897372723,-0.006918188650161028,0.00023491964384447783,24.511920
0.3635416666666582,-0.010994181968271732,0.01245933398604393,-0.006924636196345091,0.00020197563571855426,24.511920
0.3637499999999915,-0.01098229642957449,0.012509250082075596,-0.006931059993803501,0.00016906704695429653,24.511920
0.36395833333332483,-0.01097005233168602,0.01255635917186737,-0.006937204860150814,0.00013675155059900135,24.511920
0.36416666666665815,-0.010957528837025166,0.012602549046278,-0.006943699903786182,0.0001051979124895297,24.511920
0.36437499999999146,-0.010944904759526253,0.012651325203478336,-0.0069506485015153885,7.426103547913954e-05,24.511920
0.36458333333332477,-0.010932035744190216,0.012699197977781296,-0.006956261582672596,4.2496649257373065e-05,24.511920
0.3647916666666581,-0.010919028893113136,0.012744145467877388,-0.006963177118450403,1.1293723218841478e-05,24.511920
0.3649999999999914,-0.010905882343649864,0.012789911590516567,-0.006969689391553402,-1.965840237971861e-05,24.511920
0.3652083333333247,-0.01089246291667223,0.012834927067160606,-0.006975735072046518,-5.073373904451728e-05,24.511920
0.365416666666658,-0.010878683999180794,0.012880909256637096,-0.006982798222452402,-8.243891352321953e-05,24.511920
0.3656249999999913,-0.010864859446883202,0.012923474423587322,-0.0069894627667963505,-0.00011247059592278674,24.511920
0.36583333333332463,-0.010850783437490463,0.012965472415089607,-0.006996089592576027,-0.00014217679563444108,24.511920
0.36604166666665794,-0.010836525820195675,0.013006925582885742,-0.007002310827374458,-0.0001702890294836834,24.511920
0.36624999999999125,-0.010822223499417305,0.013046888634562492,-0.007008473388850689,-0.00019695785886142403,24.511920
0.36645833333332456,-0.010807772167026997,0.013086159713566303,-0.007014622911810875,-0.00022393571271095425,24.511920
0.36666666666665787,-0.010793093591928482,0.013125717639923096,-0.007020166143774986,-0.00025105016538873315,24.511920
0.3668749999999912,-0.01077825017273426,0.013166029006242752,-0.007025994826108217,-0.00027666412643156946,24.511920
0.3670833333333245,-0.010763258673250675,0.013202073983848095,-0.007033109199255705,-0.0003016914997715503,24.511920
0.3672916666666578,-0.010748147033154964,0.013239583000540733,-0.0070389737375080585,-0.00032780185574665666,24.511920
0.3674999999999911,-0.010732985101640224,0.013277932070195675,-0.007045535836368799,-0.0003522495971992612,24.511920
0.3677083333333244,-0.010717581957578659,0.013314569368958473,-0.007051904685795307,-0.0003761978878173977,24.511920
0.36791666666665773,-0.010702211409807205,0.01335109118372202,-0.007057846523821354,-0.0004014208971057087,24.511920
0.36812499999999104,-0.01068645715713501,0.013384247198700905,-0.007064845412969589,-0.00042542628943920135,24.511920
0.36833333333332435,-0.010670773684978485,0.01341774221509695,-0.007071439176797867,-0.00044947818969376385,24.511920
0.36854166666665766,-0.010654943063855171,0.013451391831040382,-0.007077815942466259,-0.00047308183275163174,24.511920
0.368749999999991,-0.010639084503054619,0.01348467543721199,-0.007084457669407129,-0.0004957126802764833,24.511920
0.3689583333333243,-0.010622735135257244,0.013516340404748917,-0.007091847248375416,-0.0005193379474803805,24.511920
0.3691666666666576,-0.010606540367007256,0.013546925038099289,-0.007098107598721981,-0.0005445888382382691,24.511920
0.3693749999999909,-0.01059014443308115,0.013576836325228214,-0.007104984950274229,-0.0005691074184142053,24.511920
0.3695833333333242,-0.010573537088930607,0.013607739470899105,-0.007112013176083565,-0.0005940903211012483,24.511920
0.3697916666666575,-0.010557019151747227,0.013637852855026722,-0.007118854206055403,-0.0006194168818183243,24.511920
0.36999999999999084,-0.010540352202951908,0.013667085207998753,-0.007125346455723047,-0.0006429413915611804,24.511920
0.37020833333332415,-0.010523487813770771,0.01369597390294075,-0.007131732534617186,-0.0006681995582766831,24.511920
0.37041666666665746,-0.010506652295589447,0.01372442301362753,-0.007137251552194357,-0.0006933144177310169,24.511920
0.37062499999999077,-0.01048975344747305,0.013751951977610588,-0.007143012247979641,-0.0007182148401625454,24.511920
0.3708333333333241,-0.0104726143181324,0.013780332170426846,-0.007147826720029116,-0.0007428829558193684,24.511920
0.3710416666666574,-0.010455372743308544,0.0138064781203866,-0.007154147606343031,-0.0007654430228285491,24.511920
0.3712499999999907,-0.010438323952257633,0.013833042234182358,-0.007158888038247824,-0.0007891438435763121,24.511920
0.371458333333324,-0.010420954786241055,0.013857495971024036,-0.0071647195145487785,-0.0008118072873912752,24.511920
0.3716666666666573,-0.010403652675449848,0.013881229795515537,-0.007169949822127819,-0.0008342086803168058,24.511920
0.37187499999999063,-0.01038610003888607,0.013904874213039875,-0.007175148464739323,-0.0008566326578147709,24.511920
0.37208333333332394,-0.010368569754064083,0.013927930034697056,-0.007179393898695707,-0.0008796454640105367,24.511920
0.37229166666665725,-0.01035107858479023,0.013950472697615623,-0.0071852379478514194,-0.0009002829901874065,24.511920
0.37249999999999056,-0.010333588346838951,0.013971778564155102,-0.0071902768686413765,-0.0009207988041453063,24.511920
0.37270833333332387,-0.010315940715372562,0.013992213644087315,-0.007195781450718641,-0.0009407680481672287,24.511920
0.3729166666666572,-0.010298474691808224,0.01401475165039301,-0.00720172468572855,-0.0009610179695300758,24.511920
0.3731249999999905,-0.010280534625053406,0.014035149477422237,-0.007206983398646116,-0.0009790833573788404,24.511920
0.3733333333333238,-0.010263039730489254,0.014057008549571037,-0.007212402299046516,-0.000998695963062346,24.511920
0.3735416666666571,-0.010245269164443016,0.014075913466513157,-0.007217760663479567,-0.0010167310247197747,24.511920
0.3737499999999904,-0.010227540507912636,0.014094925485551357,-0.007223416119813919,-0.001034833723679185,24.511920
0.37395833333332373,-0.010209601372480392,0.014114380814135075,-0.007228942587971687,-0.0010534481843933463,24.511920
0.37416666666665704,-0.010191659443080425,0.014130255207419395,-0.007233235985040665,-0.001070211292244494,24.511920
0.37437499999999035,-0.010173957794904709,0.014146873727440834,-0.007238311227411032,-0.0010868700919672847,24.511920
0.37458333333332366,-0.010156041011214256,0.014164294116199017,-0.007243321277201176,-0.001104429131373763,24.511920
0.374791666666657,-0.010138087905943394,0.014179875142872334,-0.00724829500541091,-0.0011212165700271726,24.511920
0.3749999999999903,-0.010120108723640442,0.014194101095199585,-0.007252896670252085,-0.0011376100592315197,24.511920
0.3752083333333236,-0.010102194733917713,0.014209652319550514,-0.007257535587996244,-0.0011537749087437987,24.511920
0.3754166666666569,-0.010084100998938084,0.014224574901163578,-0.007262350991368294,-0.001169753260910511,24.511920
0.3756249999999902,-0.010066148824989796,0.014237625524401665,-0.007267129607498646,-0.0011848382418975234,24.511920
0.3758333333333235,-0.010048077441751957,0.014251872897148132,-0.007271312177181244,-0.0011993290390819311,24.511920
0.37604166666665684,-0.010029973462224007,0.014266083016991615,-0.007275377865880728,-0.0012125001521781087,24.511920
0.37624999999999015,-0.010011931881308556,0.014279844239354134,-0.007279734592884779,-0.0012258620699867606,24.511920
0.37645833333332346,-0.009993888437747955,0.014291954226791859,-0.007284222170710564,-0.0012392280623316765,24.511920
0.37666666666665677,-0.009975683875381947,0.01430489867925644,-0.00728793116286397,-0.001253129099495709,24.511920
0.3768749999999901,-0.009957787580788136,0.014317232184112072,-0.007291689049452543,-0.0012649975251406431,24.511920
0.3770833333333234,-0.009939624927937984,0.014328262768685818,-0.0072956266812980175,-0.0012774458155035973,24.511920
0.3772916666666567,-0.009921535849571228,0.014339819550514221,-0.007299245800822973,-0.001290082116611302,24.511920
0.37749999999999,-0.009903418831527233,0.014350059442222118,-0.007302408572286367,-0.001302453689277172,24.511920
0.3777083333333233,-0.009885436855256557,0.014360399916768074,-0.0073056286200881,-0.0013139660004526377,24.511920
0.37791666666665663,-0.009867455810308456,0.014370511285960674,-0.007309095002710819,-0.0013254196383059025,24.511920
0.37812499999998994,-0.009849310852587223,0.01437915675342083,-0.007312677800655365,-0.0013368080835789442,24.511920
0.37833333333332325,-0.009831353090703487,0.01438777707517147,-0.007316386327147484,-0.0013490431010723114,24.511920
0.37854166666665656,-0.009813281707465649,0.014395839534699917,-0.007320631295442581,-0.0013616696232929826,24.511920
0.3787499999999899,-0.009795349091291428,0.014404957182705402,-0.007323479279875755,-0.001372948638163507,24.511920
0.3789583333333232,-0.009777344763278961,0.014414677396416664,-0.0073265256360173225,-0.001383608323521912,24.511920
0.3791666666666565,-0.009759411215782166,0.014421415515244007,-0.007330421824008226,-0.0013962509110569954,24.511920
0.3793749999999898,-0.009741155430674553,0.014429588802158833,-0.007333734538406134,-0.0014054119819775224,24.511920
0.3795833333333231,-0.009723343886435032,0.014436316676437855,-0.007337760645896196,-0.001418577739968896,24.511920
0.3797916666666564,-0.009705343283712864,0.014441583305597305,-0.007341043092310429,-0.001429336378350854,24.511920
0.37999999999998973,-0.00968752708286047,0.014449061825871468,-0.007343723904341459,-0.0014399803476408124,24.511920
0.38020833333332305,-0.009669679217040539,0.014456519857048988,-0.0073471637442708015,-0.0014539273688569665,24.511920
0.38041666666665636,-0.009651685133576393,0.014461646787822247,-0.007350865285843611,-0.0014653821708634496,24.511920
0.38062499999998967,-0.009633821435272694,0.014466396532952785,-0.0073544662445783615,-0.001477754325605929,24.511920
0.380833333333323,-0.009615892544388771,0.014469953253865242,-0.007357529830187559,-0.0014893807237967849,24.511920
0.3810416666666563,-0.009598077274858952,0.014475751668214798,-0.007360346615314484,-0.0015009415801614523,24.511920
0.3812499999999896,-0.009580310434103012,0.01448018103837967,-0.007363226730376482,-0.0015121502801775932,24.511920
0.3814583333333229,-0.009562676772475243,0.014484516344964504,-0.007365969009697437,-0.0015245367540046573,24.511920
0.3816666666666562,-0.009544932283461094,0.014488193206489086,-0.007369200233370066,-0.001535790623165667,24.511920
0.38187499999998953,-0.009527144022285938,0.014492610469460487,-0.007371810264885426,-0.0015465202741324902,24.511920
0.38208333333332284,-0.009509511291980743,0.01449569407850504,-0.0073745339177548885,-0.0015572512056678534,24.511920
0.38229166666665615,-0.009491967037320137,0.014498996548354626,-0.007377353962510824,-0.0015685321995988488,24.511920
0.38249999999998946,-0.009474549442529678,0.0145028755068779,-0.007379942573606968,-0.001579563831910491,24.511920
0.38270833333332277,-0.009457108564674854,0.01450433861464262,-0.007382391486316919,-0.0015912734670564532,24.511920
0.3829166666666561,-0.009439658373594284,0.014506540261209011,-0.007384973578155041,-0.0016021999763324857,24.511920
0.3831249999999894,-0.009422327391803265,0.014508183114230633,-0.007386927027255297,-0.001613784465007484,24.511920
0.3833333333333227,-0.009404865093529224,0.014509486965835094,-0.007388416677713394,-0.0016249174950644374,24.511920
0.383541666666656,-0.0093875452876091,0.014511670917272568,-0.007390235550701618,-0.0016358103603124619,24.511920
0.3837499999999893,-0.009370283223688602,0.014513956382870674,-0.007392045110464096,-0.0016451969277113676,24.511920
0.38395833333332263,-0.009353208355605602,0.014515294693410397,-0.007393394131213427,-0.0016543245874345303,24.511920
0.38416666666665594,-0.009335999377071857,0.01451612077653408,-0.007394986227154732,-0.0016627187142148614,24.511920
0.38437499999998925,-0.009318883530795574,0.014516434632241726,-0.007396571803838015,-0.0016711970092728734,24.511920
0.38458333333332256,-0.009301838465034962,0.014517576433718204,-0.00739849079400301,-0.0016787061467766762,24.511920
0.3847916666666559,-0.009284896776080132,0.014517060481011868,-0.007400165777653456,-0.0016867750091478229,24.511920
0.3849999999999892,-0.009268085472285748,0.01451655849814415,-0.007401495706290007,-0.0016938388580456376,24.511920
0.3852083333333225,-0.00925123319029808,0.014517361298203468,-0.007403112947940826,-0.0016992767341434956,24.511920
0.3854166666666558,-0.00923458207398653,0.014516723342239857,-0.007405098993331194,-0.0017053650226444006,24.511920
0.3856249999999891,-0.009217819198966026,0.014516133815050125,-0.007406121585518122,-0.001711691846139729,24.511920
0.3858333333333224,-0.009201133623719215,0.014515871182084084,-0.0074078780598938465,-0.0017177918925881386,24.511920
0.38604166666665574,-0.009184499271214008,0.014515205286443233,-0.007409404963254929,-0.001723898109048605,24.511920
0.38624999999998905,-0.009168043732643127,0.01451511587947607,-0.007411689031869173,-0.0017291525145992637,24.511920
0.38645833333332236,-0.009151581674814224,0.014513798989355564,-0.0074127656407654285,-0.001735576894134283,24.511920
0.38666666666665567,-0.00913530308753252,0.014512951485812664,-0.007414272055029869,-0.001741214538924396,24.511920
0.386874999999989,-0.009119094349443913,0.014511206187307835,-0.007415501866489649,-0.0017468546284362674,24.511920
0.3870833333333223,-0.00910295732319355,0.014509144239127636,-0.007415521889925003,-0.0017534330254420638,24.511920
0.3872916666666556,-0.009086857549846172,0.014507842250168324,-0.007415841333568096,-0.0017599145649001002,24.511920
0.3874999999999889,-0.009070944972336292,0.014506944455206394,-0.007416183594614267,-0.0017667653737589717,24.511920
0.3877083333333222,-0.009055078029632568,0.014505837112665176,-0.007416636683046818,-0.001773785101249814,24.511920
0.38791666666665553,-0.009039049968123436,0.014503582380712032,-0.007416329346597195,-0.0017807382391765714,24.511920
0.38812499999998884,-0.009023287333548069,0.014502602629363537,-0.007416433654725552,-0.0017879126826301217,24.511920
0.38833333333332215,-0.009007533080875874,0.014498289674520493,-0.007416483946144581,-0.0017948995810002089,24.511920
0.38854166666665546,-0.00899195484817028,0.014494151808321476,-0.007416687440127134,-0.001801434438675642,24.511920
0.38874999999998877,-0.008976487442851067,0.014490361325442791,-0.007416726090013981,-0.00180793774779886,24.511920
0.3889583333333221,-0.008961033076047897,0.01448604092001915,-0.007416566833853722,-0.0018145962385460734,24.511920
0.3891666666666554,-0.008945582434535027,0.014481879770755768,-0.007416521664708853,-0.0018207196844741702,24.511920
0.3893749999999887,-0.00893031619489193,0.014476419426500797,-0.007416602689772844,-0.0018257974879816175,24.511920
0.389583333333322,-0.008915098384022713,0.014471668750047684,-0.007416496518999338,-0.0018305127741768956,24.511920
0.3897916666666553,-0.008899941109120846,0.014467199333012104,-0.00741611747071147,-0.00183470593765378,24.511920
0.38999999999998863,-0.008884911425411701,0.014463535510003567,-0.00741551211103797,-0.0018372767372056842,24.511920
0.39020833333332194,-0.008870108984410763,0.014458419755101204,-0.00741569884121418,-0.0018400618573650718,24.511920
0.39041666666665525,-0.008855177089571953,0.014453435316681862,-0.007416066713631153,-0.0018423480214551091,24.511920
0.39062499999998856,-0.008840387687087059,0.0144472261890769,-0.007416232954710722,-0.0018435101956129074,24.511920
0.3908333333333219,-0.008825805969536304,0.014440609142184258,-0.007415520027279854,-0.0018456934485584497,24.511920
0.3910416666666552,-0.008811116218566895,0.014436092227697372,-0.007415784988552332,-0.0018472372321411967,24.511920
0.3912499999999885,-0.00879662949591875,0.01443043164908886,-0.007416805252432823,-0.001848835963755846,24.511920
0.3914583333333218,-0.00878225453197956,0.014423967339098454,-0.007417087908834219,-0.001848357729613781,24.511920
0.3916666666666551,-0.008767900057137012,0.014418067410588264,-0.00741704972460866,-0.0018487992929294705,24.511920
0.3918749999999884,-0.008753660134971142,0.014413413591682911,-0.007416734471917152,-0.001850011176429689,24.511920
0.39208333333332174,-0.008739491924643517,0.014406777918338776,-0.007416747510433197,-0.0018498243298381567,24.511920
0.39229166666665505,-0.00872545875608921,0.014400712214410305,-0.007417012006044388,-0.001850367640145123,24.511920
0.39249999999998836,-0.008711482398211956,0.01439464557915926,-0.007417183835059404,-0.0018511427333578467,24.511920
0.39270833333332167,-0.008697575889527798,0.014389039017260075,-0.007416950538754463,-0.0018525429768487811,24.511920
0.392916666666655,-0.008683877997100353,0.014381966553628445,-0.007417436223477125,-0.001852097106166184,24.511920
0.3931249999999883,-0.008670046925544739,0.014376485720276833,-0.007417548447847366,-0.0018531851237639785,24.511920
0.3933333333333216,-0.00865655206143856,0.014369986020028591,-0.007416774518787861,-0.0018569000530987978,24.511920
0.3935416666666549,-0.008642908185720444,0.014363765716552734,-0.007416540756821632,-0.001859151292592287,24.511920
0.3937499999999882,-0.008629528805613518,0.014357129111886024,-0.007416140753775835,-0.0018605930963531137,24.511920
0.39395833333332153,-0.008616243489086628,0.014349413104355335,-0.00741617614403367,-0.001861106837168336,24.511920
0.39416666666665484,-0.00860300287604332,0.014343512244522572,-0.0074156224727630615,-0.0018636224558576941,24.511920
0.39437499999998815,-0.008589894510805607,0.014338095672428608,-0.007414630148559809,-0.0018683375092223287,24.511920
0.39458333333332146,-0.008576768450438976,0.014330140314996243,-0.007414098829030991,-0.0018739496590569615,24.511920
0.3947916666666548,-0.008563796989619732,0.014323465526103973,-0.007414262741804123,-0.001877881702966988,24.511920
0.3949999999999881,-0.008550858125090599,0.014315844513475895,-0.007413848768919706,-0.0018835361115634441,24.511920
0.3952083333333214,-0.00853806734085083,0.014308101497590542,-0.007413586135953665,-0.001887433580122888,24.511920
0.3954166666666547,-0.008525345474481583,0.0143025116994977,-0.007412347011268139,-0.0018921394366770983,24.511920
0.395624999999988,-0.008512802422046661,0.014296606183052063,-0.007411944214254618,-0.0018941906746476889,24.511920
0.3958333333333213,-0.00850030779838562,0.014290111139416695,-0.007410992868244648,-0.001898143789730966,24.511920
0.39604166666665463,-0.00848796870559454,0.014282853342592716,-0.00741073302924633,-0.001901971991173923,24.511920
0.39624999999998795,-0.008475628681480885,0.014275632798671722,-0.007410293444991112,-0.001904669450595975,24.511920
0.39645833333332126,-0.00846367422491312,0.014268270693719387,-0.007410548161715269,-0.001909721177071333,24.511920
0.39666666666665457,-0.008451435714960098,0.01426205039024353,-0.007410320453345776,-0.0019115724135190248,24.511920
0.3968749999999879,-0.008439560420811176,0.014253250323235989,-0.00741113955155015,-0.001917290035635233,24.511920
0.3970833333333212,-0.00842771865427494,0.014247182756662369,-0.007411204744130373,-0.0019215866923332214,24.511920
0.3972916666666545,-0.00841596070677042,0.014239044860005379,-0.007411098573356867,-0.0019273103680461645,24.511920
0.3974999999999878,-0.00840428564697504,0.014231943525373936,-0.007411525119096041,-0.001933179679326713,24.511920
0.3977083333333211,-0.0083926348015666,0.01422447245568037,-0.007411120925098658,-0.0019382582977414131,24.511920
0.39791666666665443,-0.008381260558962822,0.014216079376637936,-0.007411384955048561,-0.0019442979246377945,24.511920
0.39812499999998774,-0.008369865827262402,0.014210056513547897,-0.007410860620439053,-0.0019507257966324687,24.511920
0.39833333333332105,-0.008358526974916458,0.014202062971889973,-0.007410278078168631,-0.0019542910158634186,24.511920
0.39854166666665436,-0.008347315713763237,0.014193304814398289,-0.0074098012410104275,-0.001959616784006357,24.511920
0.39874999999998767,-0.008336302824318409,0.014185863547027111,-0.0074094850569963455,-0.0019649043679237366,24.511920
0.398958333333321,-0.00832537841051817,0.014178317040205002,-0.007408802397549152,-0.0019703677389770746,24.511920
0.3991666666666543,-0.008314469829201698,0.014171145856380463,-0.007408063858747482,-0.001975852996110916,24.511920
0.3993749999999876,-0.008303629234433174,0.01416334044188261,-0.007406986318528652,-0.0019811682868748903,24.511920
0.3995833333333209,-0.008292954415082932,0.014156022109091282,-0.007405669428408146,-0.0019865655340254307,24.511920
0.3997916666666542,-0.008282462134957314,0.014149322174489498,-0.0074038379825651646,-0.0019907334353774786,24.511920
0.39999999999998753,-0.008271951228380203,0.014141816645860672,-0.007402371149510145,-0.001991878030821681,24.511920
0.40020833333332084,-0.008261696435511112,0.014134611934423447,-0.0074011399410665035,-0.0019948198460042477,24.511920
0.40041666666665415,-0.008251531980931759,0.01412699930369854,-0.007399311754852533,-0.0019973006565123796,24.511920
0.40062499999998746,-0.008241484872996807,0.01411956362426281,-0.0073973312973976135,-0.001999220345169306,24.511920
0.4008333333333208,-0.00823152344673872,0.01411202922463417,-0.007395491469651461,-0.002000696025788784,24.511920
0.4010416666666541,-0.008221602998673916,0.014104727655649185,-0.00739390030503273,-0.0020011498127132654,24.511920
0.4012499999999874,-0.008211793377995491,0.014097047038376331,-0.007391977123916149,-0.002001748653128743,24.511920
0.4014583333333207,-0.008202249184250832,0.014089085161685944,-0.007389924023300409,-0.002001476474106312,24.511920
0.401666666666654,-0.00819273479282856,0.014081343077123165,-0.007387756835669279,-0.0020009619183838367,24.511920
0.4018749999999873,-0.008183205500245094,0.014074376784265041,-0.007385811768472195,-0.002000386593863368,24.511920
0.40208333333332064,-0.008173969574272633,0.0140655767172575,-0.007382341660559177,-0.002000820357352495,24.511920
0.40229166666665395,-0.008164639584720135,0.014059043489396572,-0.007379887159913778,-0.002000798936933279,24.511920
0.40249999999998726,-0.0081555787473917,0.014050994999706745,-0.007376485504209995,-0.00200078496709466,24.511920
0.40270833333332057,-0.008146625943481922,0.014043479226529598,-0.007374361157417297,-0.0020008208230137825,24.511920
0.4029166666666539,-0.008137672208249569,0.014035588130354881,-0.007371814455837011,-0.002000852720811963,24.511920
0.4031249999999872,-0.008128940127789974,0.014027850702404976,-0.007369150407612324,-0.0020010361913591623,24.511920
0.4033333333333205,-0.00812029279768467,0.014020336791872978,-0.00736654456704855,-0.0020010615698993206,24.511920
0.4035416666666538,-0.00811177771538496,0.014012210071086884,-0.007362826261669397,-0.002001809421926737,24.511920
0.4037499999999871,-0.008103253319859505,0.014005392789840698,-0.007359675131738186,-0.002002165885642171,24.511920
0.40395833333332043,-0.00809484999626875,0.013996592722833157,-0.007355144247412682,-0.0020030669402331114,24.511920
0.40416666666665374,-0.008086605928838253,0.013989340513944626,-0.007351332809776068,-0.0020039044320583344,24.511920
0.40437499999998705,-0.008078493177890778,0.013980880379676819,-0.00734629575163126,-0.0020045319106429815,24.511920
0.40458333333332036,-0.008070439100265503,0.013973566703498363,-0.007340383715927601,-0.0020063535775989294,24.511920
0.40479166666665367,-0.008062583394348621,0.013965354301035404,-0.007334181107580662,-0.002008248120546341,24.511920
0.404999999999987,-0.008054687641561031,0.01395615004003048,-0.007328822277486324,-0.0020095943473279476,24.511920
0.4052083333333203,-0.00804702565073967,0.013948289677500725,-0.007322945632040501,-0.0020111503545194864,24.511920
0.4054166666666536,-0.008039472624659538,0.0139399329200387,-0.007316263858228922,-0.002012982964515686,24.511920
0.4056249999999869,-0.008031954057514668,0.013931773602962494,-0.007308924570679665,-0.0020149992778897285,24.511920
0.4058333333333202,-0.008024483919143677,0.013923329301178455,-0.007301452104002237,-0.0020162141881883144,24.511920
0.40604166666665353,-0.008017213083803654,0.01391514390707016,-0.007293624337762594,-0.002017494523897767,24.511920
0.40624999999998684,-0.008010013960301876,0.013906313106417656,-0.007285792846232653,-0.002018619328737259,24.511920
0.40645833333332015,-0.008003000169992447,0.013897253200411797,-0.0072775124572217464,-0.0020196668338030577,24.511920
0.40666666666665346,-0.007995972409844398,0.013889363966882229,-0.007269307039678097,-0.002020380925387144,24.511920
0.4068749999999868,-0.00798922311514616,0.01388037670403719,-0.0072610750794410706,-0.002021968364715576,24.511920
0.4070833333333201,-0.007982424460351467,0.013871541246771812,-0.007253059186041355,-0.0020229341462254524,24.511920
0.4072916666666534,-0.00797589123249054,0.013862534426152706,-0.00724447937682271,-0.00202379422262311,24.511920
0.4074999999999867,-0.007969295606017113,0.01385468989610672,-0.0072359745390713215,-0.002025029854848981,24.511920
0.40770833333332,-0.007962835021317005,0.013846075162291527,-0.00722719170153141,-0.0020263846963644028,24.511920
0.4079166666666533,-0.00795655231922865,0.013835997320711613,-0.007218801416456699,-0.0020267567597329617,24.511920
0.40812499999998664,-0.007950370199978352,0.013827899470925331,-0.007210280280560255,-0.0020273574627935886,24.511920
0.40833333333331995,-0.007944303564727306,0.013820087537169456,-0.007202330511063337,-0.0020277996081858873,24.511920
0.40854166666665326,-0.007938274182379246,0.013811123557388783,-0.007194255944341421,-0.002027839655056596,24.511920
0.40874999999998657,-0.007932504639029503,0.013801774941384792,-0.00718642445281148,-0.0020279723685234785,24.511920
0.4089583333333199,-0.007926716469228268,0.013792973011732101,-0.00717886071652174,-0.0020290305837988853,24.511920
0.4091666666666532,-0.007921062409877777,0.01378504280000925,-0.007171228062361479,-0.002030059229582548,24.511920
0.4093749999999865,-0.007915502414107323,0.01377632562071085,-0.007164094131439924,-0.0020308669190853834,24.511920
0.4095833333333198,-0.007910102605819702,0.01376724150031805,-0.007157087326049805,-0.0020320198964327574,24.511920
0.4097916666666531,-0.007904700934886932,0.013759679161012173,-0.007150525227189064,-0.0020318725146353245,24.511920
0.40999999999998643,-0.007899521850049496,0.013752646744251251,-0.007143773138523102,-0.0020327032543718815,24.511920
0.41020833333331974,-0.007894355803728104,0.013743942603468895,-0.007137354463338852,-0.0020337309688329697,24.511920
0.41041666666665305,-0.007889389991760254,0.013736065477132797,-0.007131529506295919,-0.0020344730000942945,24.511920
0.41062499999998636,-0.007884432561695576,0.013729187659919262,-0.007125585339963436,-0.002035492332652211,24.511920
0.4108333333333197,-0.007879604585468769,0.013721592724323273,-0.007120264694094658,-0.0020359745249152184,24.511920
0.411041666666653,-0.007874804548919201,0.01371390838176012,-0.007115622516721487,-0.0020365817472338676,24.511920
0.4112499999999863,-0.007870257832109928,0.013706640340387821,-0.007110941223800182,-0.002037023426964879,24.511920
0.4114583333333196,-0.007865776307880878,0.013699988834559917,-0.0071067302487790585,-0.0020374448504298925,24.511920
0.4116666666666529,-0.007861308753490448,0.01369471475481987,-0.0071029867976903915,-0.0020379750058054924,24.511920
0.4118749999999862,-0.007856994867324829,0.01368709933012724,-0.00709883077070117,-0.002038517501205206,24.511920
0.41208333333331953,-0.007852761074900627,0.013680708594620228,-0.007096513640135527,-0.0020387612748891115,24.511920
0.41229166666665285,-0.007848570123314857,0.013675536029040813,-0.007094328757375479,-0.002039276761934161,24.511920
0.41249999999998616,-0.007844462990760803,0.013669724576175213,-0.007092194631695747,-0.002039215061813593,24.511920
0.41270833333331947,-0.007840696722269058,0.013664506375789642,-0.007090416736900806,-0.0020396029576659203,24.511920
0.4129166666666528,-0.007836784236133099,0.013659204356372356,-0.007089013233780861,-0.0020401361398398876,24.511920
0.4131249999999861,-0.00783312413841486,0.013653832487761974,-0.007088259793817997,-0.0020404767710715532,24.511920
0.4133333333333194,-0.007829446345567703,0.013648969121277332,-0.007087813224643469,-0.002040253020823002,24.511920
0.4135416666666527,-0.007825929671525955,0.013644576072692871,-0.007087546866387129,-0.0020403580274432898,24.511920
0.413749999999986,-0.007822367362678051,0.013640078715980053,-0.0070875403471291065,-0.002040488412603736,24.511920
0.41395833333331933,-0.007819010876119137,0.013636048883199692,-0.007087558042258024,-0.002040618797764182,24.511920
0.41416666666665264,-0.007815738208591938,0.013631734065711498,-0.007088139187544584,-0.0020403589587658644,24.511920
0.41437499999998595,-0.007812495343387127,0.013627464883029461,-0.007089016493409872,-0.002040342427790165,24.511920
0.41458333333331926,-0.007809377275407314,0.013624119572341442,-0.007089903112500906,-0.002040237421169877,24.511920
0.41479166666665257,-0.007806344889104366,0.013620316982269287,-0.007090903352946043,-0.00203997315838933,24.511920
0.4149999999999859,-0.007803397718816996,0.013615633361041546,-0.007091861683875322,-0.002039732877165079,24.511920
0.4152083333333192,-0.007800528779625893,0.013612546026706696,-0.007093254942446947,-0.0020389221608638763,24.511920
0.4154166666666525,-0.00779779301956296,0.013608853332698345,-0.007094086147844791,-0.0020385978277772665,24.511920
0.4156249999999858,-0.007795130833983421,0.013604850508272648,-0.007094970438629389,-0.0020382325164973736,24.511920
0.4158333333333191,-0.007792647462338209,0.013600440695881844,-0.007096445187926292,-0.0020387868862599134,24.511920
0.41604166666665243,-0.007790260016918182,0.013596976175904274,-0.007096781395375729,-0.0020399217028170824,24.511920
0.41624999999998574,-0.007787822745740414,0.01359332725405693,-0.007096809800714254,-0.0020403750240802765,24.511920
0.41645833333331905,-0.00778553169220686,0.013589474372565746,-0.007097496651113033,-0.002040528692305088,24.511920
0.41666666666665236,-0.0077833812683820724,0.01358505804091692,-0.007097808178514242,-0.002041199477389455,24.511920
0.4168749999999857,-0.007781222462654114,0.013582550920546055,-0.007098011672496796,-0.002041551284492016,24.511920
0.417083333333319,-0.0077793109230697155,0.013577783480286598,-0.007097683381289244,-0.002042389241978526,24.511920
0.4172916666666523,-0.007777243386954069,0.013574853539466858,-0.007098380476236343,-0.0020424819085747004,24.511920
0.4174999999999856,-0.0077753798104822636,0.013570528477430344,-0.0070984018966555595,-0.002042962471023202,24.511920
0.4177083333333189,-0.0077735609374940395,0.013567215763032436,-0.007098722737282515,-0.0020432397723197937,24.511920
0.4179166666666522,-0.00777188828215003,0.013562843203544617,-0.007098598405718803,-0.0020438572391867638,24.511920
0.41812499999998554,-0.0077702561393380165,0.01355962548404932,-0.007098337169736624,-0.002044295659288764,24.511920
0.41833333333331885,-0.007768708281219006,0.013555778190493584,-0.007097926922142506,-0.0020446155685931444,24.511920
0.41854166666665216,-0.0077672842890024185,0.013551794923841953,-0.007097950670868158,-0.0020447419956326485,24.511920
0.41874999999998547,-0.0077658225782215595,0.013549198396503925,-0.0070974333211779594,-0.002044899854809046,24.511920
0.4189583333333188,-0.0077645666897296906,0.013545103371143341,-0.007096759509295225,-0.002045720349997282,24.511920
0.4191666666666521,-0.007763373199850321,0.013541988097131252,-0.007096081506460905,-0.0020462183747440577,24.511920
0.4193749999999854,-0.007762227673083544,0.013538670726120472,-0.00709501700475812,-0.0020470647141337395,24.511920
0.4195833333333187,-0.0077611845917999744,0.01353505626320839,-0.007094284985214472,-0.0020479983650147915,24.511920
0.419791666666652,-0.007760325912386179,0.013531520031392574,-0.007093608379364014,-0.002048744587227702,24.511920
0.41999999999998533,-0.007759422995150089,0.013528216630220413,-0.0070928423665463924,-0.002049459842965007,24.511920
0.42020833333331864,-0.007758615538477898,0.013524681329727173,-0.007092852611094713,-0.0020495967473834753,24.511920
0.42041666666665195,-0.007757939398288727,0.013521499931812286,-0.007092711981385946,-0.002049575559794903,24.511920
0.42062499999998526,-0.007757308427244425,0.013517698273062706,-0.007093038409948349,-0.0020488568115979433,24.511920
0.42083333333331857,-0.007756737992167473,0.013515171594917774,-0.007093464955687523,-0.002048039808869362,24.511920
0.4210416666666519,-0.0077562942169606686,0.013512839563190937,-0.007093255408108234,-0.0020479438826441765,24.511920
0.4212499999999852,-0.007755761034786701,0.013509721495211124,-0.00709314551204443,-0.0020472807809710503,24.511920
0.4214583333333185,-0.007755456957966089,0.013507143594324589,-0.0070931026712059975,-0.002046862617135048,24.511920
0.4216666666666518,-0.0077551486901938915,0.013505840674042702,-0.007092764601111412,-0.0020463718101382256,24.511920
0.4218749999999851,-0.0077549186535179615,0.013503443449735641,-0.007092174142599106,-0.0020461403764784336,24.511920
0.42208333333331843,-0.0077547044493258,0.013502744026482105,-0.007092692889273167,-0.0020455997437238693,24.511920
0.42229166666665174,-0.0077546145766973495,0.013502199202775955,-0.007092292420566082,-0.002045589732006192,24.511920
0.42249999999998505,-0.007754598744213581,0.013501768000423908,-0.0070923189632594585,-0.0020455406047403812,24.511920
0.42270833333331836,-0.0077545796521008015,0.013501100242137909,-0.007092735730111599,-0.0020447305869311094,24.511920
0.4229166666666517,-0.007754546124488115,0.013500222004950047,-0.007093015592545271,-0.0020444821566343307,24.511920
0.423124999999985,-0.00775453494861722,0.013500120490789413,-0.00709313340485096,-0.002044319175183773,24.511920
0.4233333333333183,-0.00775452796369791,0.013499584048986435,-0.00709398603066802,-0.0020438903011381626,24.511920
0.4235416666666516,-0.007754506543278694,0.01349946390837431,-0.007093924097716808,-0.0020440437365323305,24.511920
0.4237499999999849,-0.0077544813975691795,0.013499367982149124,-0.007093534804880619,-0.0020444204565137625,24.511920
0.4239583333333182,-0.007754467893391848,0.013499346561729908,-0.007093061693012714,-0.0020443906541913748,24.511920
0.42416666666665154,-0.0077544464729726315,0.013498825952410698,-0.007093170192092657,-0.002044183202087879,24.511920
0.42437499999998485,-0.007754395250231028,0.013498863205313683,-0.007092790212482214,-0.00204373337328434,24.511920
0.42458333333331816,-0.007754388730973005,0.013498683460056782,-0.007092960644513369,-0.0020437685307115316,24.511920
0.42479166666665147,-0.007754371501505375,0.013498665764927864,-0.007093289867043495,-0.002043456071987748,24.511920
0.4249999999999848,-0.007754357531666756,0.013498635962605476,-0.00709312641993165,-0.002043446758762002,24.511920
0.4252083333333181,-0.007754347287118435,0.013498603366315365,-0.007093308959156275,-0.0020436125341802835,24.511920
0.4254166666666514,-0.007754333317279816,0.013498501852154732,-0.007093455642461777,-0.0020433622412383556,24.511920
0.4256249999999847,-0.007754315622150898,0.013498484157025814,-0.007093367166817188,-0.0020430178847163916,24.511920
0.425833333333318,-0.007754301652312279,0.013498257845640182,-0.007093745283782482,-0.0020425384864211082,24.511920
0.42604166666665133,-0.007754282094538212,0.01349868904799223,-0.007093637716025114,-0.002042507752776146,24.511920
0.42624999999998464,-0.007754222024232149,0.01349868718534708,-0.00709340488538146,-0.0020423175301402807,24.511920
0.42645833333331795,-0.0077541968785226345,0.013498874381184578,-0.007093327585607767,-0.0020429466385394335,24.511920
0.42666666666665126,-0.007754164282232523,0.013498086482286453,-0.007092422340065241,-0.0020436090417206287,24.511920
0.4268749999999846,-0.007754156831651926,0.013497740961611271,-0.007091833744198084,-0.0020438882056623697,24.511920
0.4270833333333179,-0.007754148915410042,0.013496823608875275,-0.007091260980814695,-0.0020441242959350348,24.511920
0.4272916666666512,-0.007754133548587561,0.013496638275682926,-0.007090629544109106,-0.0020448416471481323,24.511920
0.4274999999999845,-0.007754121907055378,0.013496385887265205,-0.007090453058481216,-0.0020448968280106783,24.511920
0.4277083333333178,-0.007754113059490919,0.013495394960045815,-0.007090210448950529,-0.0020449617877602577,24.511920
0.4279166666666511,-0.0077540697529911995,0.013494500890374184,-0.007090080063790083,-0.0020447750575840473,24.511920
0.42812499999998443,-0.0077540697529911995,0.013493543490767479,-0.007089491933584213,-0.002044808119535446,24.511920
0.42833333333331775,-0.0077540273778140545,0.013492823578417301,-0.007089646998792887,-0.002044731518253684,24.511920
0.42854166666665106,-0.007753982208669186,0.013492811471223831,-0.007089221850037575,-0.0020454705227166414,24.511920
0.42874999999998437,-0.007753982208669186,0.013492867350578308,-0.007088950835168362,-0.0020465536508709192,24.511920
0.4289583333333177,-0.007753964047878981,0.013493471778929234,-0.007088485173881054,-0.0020473136100918055,24.511920
0.429166666666651,-0.007753937505185604,0.013493643142282963,-0.00708806375041604,-0.002047821646556258,24.511920
0.4293749999999843,-0.007753925863653421,0.013494047336280346,-0.007087265606969595,-0.0020489483140408993,24.511920
0.4295833333333176,-0.007753887213766575,0.01349470391869545,-0.007087028119713068,-0.0020490530878305435,24.511920
0.4297916666666509,-0.007753876503556967,0.013495782390236855,-0.0070871892385184765,-0.0020491983741521835,24.511920
0.42999999999998423,-0.007753859274089336,0.013496344909071922,-0.007086772471666336,-0.0020493483170866966,24.511920
0.43020833333331754,-0.007753853220492601,0.013496829196810722,-0.007087167352437973,-0.002049181377515197,24.511920
0.43041666666665085,-0.007753842975944281,0.013496706262230873,-0.007086754310876131,-0.002049566712230444,24.511920
0.43062499999998416,-0.0077538322657346725,0.01349711138755083,-0.007087176665663719,-0.002049878938123584,24.511920
0.43083333333331747,-0.007753815967589617,0.013497412204742432,-0.007087977137416601,-0.002049617236480117,24.511920
0.4310416666666508,-0.0077538080513477325,0.013498207554221153,-0.007087717764079571,-0.0020497464574873447,24.511920
0.4312499999999841,-0.007753783371299505,0.013498574495315552,-0.007087379693984985,-0.0020500945392996073,24.511920
0.4314583333333174,-0.0077537610195577145,0.013499005697667599,-0.007087014149874449,-0.002050817711278796,24.511920
0.4316666666666507,-0.007753754500299692,0.01349914912134409,-0.007086858619004488,-0.002051509451121092,24.511920
0.431874999999984,-0.00775374798104167,0.013499477878212929,-0.007086258847266436,-0.0020519238896667957,24.511920
0.43208333333331733,-0.007753738667815924,0.013499853201210499,-0.0070863026194274426,-0.0020514659117907286,24.511920
0.43229166666665064,-0.007753724232316017,0.01350042037665844,-0.007086517754942179,-0.002051185118034482,24.511920
0.43249999999998395,-0.007753697223961353,0.01350026298314333,-0.007086246274411678,-0.0020509378518909216,24.511920
0.43270833333331726,-0.007753679528832436,0.013500134460628033,-0.007085975259542465,-0.002050618175417185,24.511920
0.4329166666666506,-0.007753666490316391,0.013499557971954346,-0.007085870020091534,-0.0020505290012806654,24.511920
0.4331249999999839,-0.007753637153655291,0.013498678803443909,-0.007085579913109541,-0.0020490619353950024,24.511920
0.4333333333333172,-0.007753640878945589,0.013497313484549522,-0.007085999473929405,-0.0020478602964431047,24.511920
0.4335416666666505,-0.007753598969429731,0.013496589846909046,-0.0070862057618796825,-0.0020462048705667257,24.511920
0.4337499999999838,-0.0077535659074783325,0.013496370054781437,-0.007085858378559351,-0.002045420929789543,24.511920
0.4339583333333171,-0.007753560785204172,0.0134962173178792,-0.007086159195750952,-0.002045274246484041,24.511920
0.43416666666665044,-0.0077535477466881275,0.013495679013431072,-0.007086589466780424,-0.002044996013864875,24.511920
0.43437499999998375,-0.0077535309828817844,0.013494709506630898,-0.007086456287652254,-0.0020441776141524315,24.511920
0.43458333333331706,-0.007753520738333464,0.01349419355392456,-0.007087021600455046,-0.0020430078729987144,24.511920
0.43479166666665037,-0.007753475569188595,0.013494191691279411,-0.007087456062436104,-0.0020426707342267036,24.511920
0.4349999999999837,-0.007753466721624136,0.01349317654967308,-0.007088192272931337,-0.0020425731781870127,24.511920
0.435208333333317,-0.007753448095172644,0.013493259437382221,-0.007089628838002682,-0.002042112173512578,24.511920
0.4354166666666503,-0.007753445766866207,0.01349326130002737,-0.007090222090482712,-0.0020417096093297005,24.511920
0.4356249999999836,-0.007753430865705013,0.013492755591869354,-0.007091132458299398,-0.0020413005258888006,24.511920
0.4358333333333169,-0.007753411773592234,0.013492687605321407,-0.007091814186424017,-0.002041173866018653,24.511920
0.43604166666665023,-0.007753395475447178,0.0134923430159688,-0.007091587875038385,-0.0020421023946255445,24.511920
0.43624999999998354,-0.007753326557576656,0.01349179819226265,-0.00709166843444109,-0.002042158506810665,24.511920
0.43645833333331685,-0.007753306534141302,0.01349164079874754,-0.007092259358614683,-0.0020415133330971003,24.511920
0.43666666666665016,-0.007753304205834866,0.013491516001522541,-0.007092410698533058,-0.002042335458099842,24.511920
0.43687499999998347,-0.007753288373351097,0.013491971418261528,-0.007092573679983616,-0.002042383188381791,24.511920
0.4370833333333168,-0.0077532436698675156,0.013492039404809475,-0.0070922840386629105,-0.0020424574613571167,24.511920
0.4372916666666501,-0.007753222249448299,0.013491801917552948,-0.007091804873198271,-0.0020420895889401436,24.511920
0.4374999999999834,-0.0077532147988677025,0.013491269201040268,-0.007090771570801735,-0.0020425610709935427,24.511920
0.4377083333333167,-0.007753193844109774,0.01349102333188057,-0.007090224884450436,-0.0020424616523087025,24.511920
0.43791666666665,-0.007753191515803337,0.01349103357642889,-0.007089379709213972,-0.0020426998380571604,24.511920
0.43812499999998333,-0.0077531724236905575,0.013490649871528149,-0.007088891230523586,-0.002043022308498621,24.511920
0.43833333333331664,-0.007753161247819662,0.013490309938788414,-0.007088226266205311,-0.002042397391051054,24.511920
0.43854166666664995,-0.007753127720206976,0.01348969154059887,-0.007087774574756622,-0.00204217666760087,24.511920
0.43874999999998326,-0.00775312352925539,0.01348948385566473,-0.007086841855198145,-0.0020419168286025524,24.511920
0.4389583333333166,-0.007753108628094196,0.013488855212926865,-0.0070860497653484344,-0.0020420856308192015,24.511920
0.4391666666666499,-0.007753066252917051,0.013488738797605038,-0.007085125893354416,-0.0020418958738446236,24.511920
0.4393749999999832,-0.007753060199320316,0.013488571159541607,-0.007084255572408438,-0.00204130494967103,24.511920
0.4395833333333165,-0.007753047160804272,0.013488148339092731,-0.0070834411308169365,-0.0020413289312273264,24.511920
0.4397916666666498,-0.007753047626465559,0.013489004224538803,-0.007083634380251169,-0.0020421608351171017,24.511920
0.4399999999999831,-0.007753036450594664,0.013488948345184326,-0.007082590367645025,-0.002042633481323719,24.511920
0.44020833333331644,-0.007753027603030205,0.013488953933119774,-0.007081290706992149,-0.002043031854555011,24.511920
0.44041666666664975,-0.007753016892820597,0.013489394448697567,-0.007081317249685526,-0.002043177140876651,24.511920
0.44062499999998306,-0.007752988487482071,0.01348925195634365,-0.007080783136188984,-0.002043404383584857,24.511920
0.44083333333331637,-0.007752987090498209,0.013489899225533009,-0.007081311196088791,-0.0020438984502106905,24.511920
0.4410416666666497,-0.007752967532724142,0.013489363715052605,-0.007080662529915571,-0.002043830929324031,24.511920
0.441249999999983,-0.007752965670078993,0.013490214012563229,-0.007081678137183189,-0.0020438602659851313,24.511920
0.4414583333333163,-0.007752961944788694,0.013490085490047932,-0.007081037852913141,-0.0020440914668142796,24.511920
0.4416666666666496,-0.007752951234579086,0.01348942331969738,-0.007080989424139261,-0.002044340129941702,24.511920
0.4418749999999829,-0.007752923294901848,0.013490349985659122,-0.007082178257405758,-0.0020443880930542946,24.511920
0.44208333333331623,-0.007752875331789255,0.013489698059856892,-0.007082092110067606,-0.0020439820364117622,24.511920
0.44229166666664954,-0.007752853445708752,0.013490375131368637,-0.007082674652338028,-0.0020445967093110085,24.511920
0.44249999999998285,-0.007752845995128155,0.01349034532904625,-0.007082452531903982,-0.0020444998517632484,24.511920
0.44270833333331616,-0.007752835750579834,0.013490017503499985,-0.007081793155521154,-0.0020450991578400135,24.511920
0.4429166666666495,-0.0077528259716928005,0.013490047305822372,-0.007081412244588137,-0.0020450083538889885,24.511920
0.4431249999999828,-0.007752814795821905,0.013490033335983753,-0.007081481162458658,-0.002044839318841696,24.511920
0.4433333333333161,-0.007752798963338137,0.013489830307662487,-0.007081229705363512,-0.002045114990323782,24.511920
0.4435416666666494,-0.007752785459160805,0.013490577228367329,-0.0070821852423250675,-0.00204508937895298,24.511920
0.4437499999999827,-0.007752757519483566,0.013490729033946991,-0.007082663476467133,-0.002045386703684926,24.511920
0.443958333333316,-0.007752722594887018,0.013490225188434124,-0.0070826271548867226,-0.0020458262879401445,24.511920
0.44416666666664933,-0.0077527170069515705,0.013490607962012291,-0.007083081640303135,-0.002045908709987998,24.511920
0.44437499999998264,-0.007752715144306421,0.013490243814885616,-0.007082917727530003,-0.002045579021796584,24.511920
0.44458333333331596,-0.007752678822726011,0.013490572571754456,-0.007084095850586891,-0.002045256085693836,24.511920
0.44479166666664927,-0.0077526564709842205,0.013490433804690838,-0.0070845335721969604,-0.002044710097834468,24.511920
0.4449999999999826,-0.007752649486064911,0.013491008430719376,-0.007084256503731012,-0.0020446733105927706,24.511920
0.4452083333333159,-0.007752629462629557,0.013491812162101269,-0.007084131706506014,-0.0020443100947886705,24.511920
0.4454166666666492,-0.007752601057291031,0.01349231693893671,-0.007083832751959562,-0.0020436777267605066,24.511920
0.4456249999999825,-0.0077525898814201355,0.013492490164935589,-0.007083263713866472,-0.002043495187535882,24.511920
0.4458333333333158,-0.007752569392323494,0.01349304337054491,-0.007082692813128233,-0.0020429368596524,24.511920
0.44604166666664913,-0.007752548437565565,0.013493680395185947,-0.007082746829837561,-0.002042606007307768,24.511920
0.44624999999998244,-0.007752525620162487,0.013494550250470638,-0.007082682568579912,-0.002042414853349328,24.511920
0.44645833333331575,-0.007752498146146536,0.013494926504790783,-0.007082672324031591,-0.0020424227695912123,24.511920
0.44666666666664906,-0.007752477657049894,0.013495481573045254,-0.00708270538598299,-0.0020414013415575027,24.511920
0.44687499999998237,-0.007752468343824148,0.01349635235965252,-0.007082646246999502,-0.0020406253170222044,24.511920
0.4470833333333157,-0.007752435281872749,0.013496551662683487,-0.007082065567374229,-0.0020397796761244535,24.511920
0.447291666666649,-0.0077524264343082905,0.013497540727257729,-0.007082093972712755,-0.002039297018200159,24.511920
0.4474999999999823,-0.007752389647066593,0.013498041778802872,-0.00708159850910306,-0.002038918435573578,24.511920
0.4477083333333156,-0.007752373814582825,0.013498960062861443,-0.007081265561282635,-0.0020387419499456882,24.511920
0.4479166666666489,-0.007752350997179747,0.013498799875378609,-0.007079667877405882,-0.0020393794402480125,24.511920
0.44812499999998223,-0.0077523523941636086,0.013499690219759941,-0.007079319097101688,-0.0020397247280925512,24.511920
0.44833333333331554,-0.007752316538244486,0.013498775660991669,-0.007078271824866533,-0.0020407959818840027,24.511920
0.44854166666664885,-0.007752294652163982,0.013498794287443161,-0.007078096736222506,-0.002041012514382601,24.511920
0.44874999999998216,-0.007752266712486744,0.013497780077159405,-0.007076520938426256,-0.002041682368144393,24.511920
0.4489583333333155,-0.007752209901809692,0.013497335836291313,-0.007076168432831764,-0.0020419477950781584,24.511920
0.4491666666666488,-0.0077521912753582,0.013496819883584976,-0.007075283210724592,-0.002042661188170314,24.511920
0.4493749999999821,-0.007752163801342249,0.013496147468686104,-0.007074723020195961,-0.00204267050139606,24.511920
0.4495833333333154,-0.007752142380923033,0.013495273888111115,-0.007074683904647827,-0.0020424940157681704,24.511920
0.4497916666666487,-0.007752129342406988,0.013494636863470078,-0.007074812892824411,-0.0020423310343176126,24.511920
0.449999999999982,-0.0077521344646811485,0.013494320213794708,-0.007074365392327309,-0.0020421771332621574,24.511920
0.45020833333331534,-0.007752100005745888,0.013494180515408516,-0.007073483895510435,-0.0020427543204277754,24.511920
0.45041666666664865,-0.007752085570245981,0.013493339531123638,-0.007072055246680975,-0.0020430642180144787,24.511920
0.45062499999998196,-0.007752011064440012,0.013492997735738754,-0.0070717185735702515,-0.0020427771378308535,24.511920
0.45083333333331527,-0.007751991506665945,0.013492798432707787,-0.007071118336170912,-0.002043599495664239,24.511920
0.4510416666666486,-0.007751979399472475,0.013493315316736698,-0.007071185391396284,-0.002044582972303033,24.511920
0.4512499999999819,-0.00775195611640811,0.013493590988218784,-0.007071405183523893,-0.002045813947916031,24.511920
0.4514583333333152,-0.00775194400921464,0.013494099490344524,-0.007071662228554487,-0.002047340851277113,24.511920
0.4516666666666485,-0.007751896511763334,0.01349392905831337,-0.007072430104017258,-0.002049000235274434,24.511920
0.4518749999999818,-0.00775188859552145,0.013494173996150494,-0.007072694133967161,-0.0020505785942077637,24.511920
0.45208333333331513,-0.007751815486699343,0.013494200073182583,-0.007073058281093836,-0.0020516393706202507,24.511920
0.45229166666664844,-0.007751783821731806,0.0134940380230546,-0.007073871325701475,-0.0020522514823824167,24.511920
0.45249999999998175,-0.007751752622425556,0.013494779355823994,-0.0070739327929914,-0.002053961856290698,24.511920
0.45270833333331506,-0.0077517363242805,0.01349526084959507,-0.0070746224373579025,-0.0020559465046972036,24.511920
0.45291666666664837,-0.0077517228201031685,0.013495929539203644,-0.007074762601405382,-0.0020578368566930294,24.511920
0.4531249999999817,-0.007751683704555035,0.013496275059878826,-0.0070750224404037,-0.002058833371847868,24.511920
0.453333333333315,-0.007751678582280874,0.01349672395735979,-0.007075089495629072,-0.0020599651616066694,24.511920
0.4535416666666483,-0.007751663215458393,0.013497919775545597,-0.007074926979839802,-0.002060985891148448,24.511920
0.4537499999999816,-0.0077516306191682816,0.013498683460056782,-0.007075122557580471,-0.002061797073110938,24.511920
0.4539583333333149,-0.007751604076474905,0.013499143533408642,-0.007075222674757242,-0.002064018975943327,24.511920
0.45416666666664823,-0.0077515956945717335,0.01350008137524128,-0.007075468543916941,-0.002065268810838461,24.511920
0.45437499999998154,-0.007751488126814365,0.013500810600817204,-0.00707594770938158,-0.002066830638796091,24.511920
0.45458333333331485,-0.007751464378088713,0.013500633649528027,-0.0070761945098638535,-0.0020669796504080296,24.511920
0.45479166666664816,-0.007751460187137127,0.013501504436135292,-0.0070769088342785835,-0.0020683142356574535,24.511920
0.4549999999999815,-0.0077514355070889,0.013502492569386959,-0.007076727692037821,-0.0020686809439212084,24.511920
0.4552083333333148,-0.007751410361379385,0.013503042049705982,-0.007076820358633995,-0.0020714597776532173,24.511920
0.4554166666666481,-0.007751399651169777,0.013503668829798698,-0.007077093236148357,-0.0020741536282002926,24.511920
0.4556249999999814,-0.007751372642815113,0.013503403402864933,-0.007077316753566265,-0.002075721276924014,24.511920
0.4558333333333147,-0.007751362398266792,0.013504133559763432,-0.007078296504914761,-0.0020760674960911274,24.511920
0.456041666666648,-0.007751331198960543,0.013503833673894405,-0.007078134920448065,-0.0020758556202054024,24.511920
0.45624999999998134,-0.007751319091767073,0.013504226692020893,-0.007078565191477537,-0.0020762283820658922,24.511920
0.45645833333331465,-0.007751310709863901,0.013504384085536003,-0.007078854367136955,-0.0020753678400069475,24.511920
0.45666666666664796,-0.007751287426799536,0.01350457314401865,-0.007079272530972958,-0.0020755608566105366,24.511920
0.45687499999998127,-0.0077512795105576515,0.013504778034985065,-0.007079638075083494,-0.0020754944998770952,24.511920
0.4570833333333146,-0.007751258555799723,0.013504009693861008,-0.0070795658975839615,-0.0020748013630509377,24.511920
0.4572916666666479,-0.007751247845590115,0.013504397124052048,-0.0070811677724123,-0.0020758463069796562,24.511920
0.4574999999999812,-0.0077512431889772415,0.013504386879503727,-0.007080870680510998,-0.0020750483963638544,24.511920
0.4577083333333145,-0.007751232013106346,0.013504896312952042,-0.007081570103764534,-0.0020754472352564335,24.511920
0.4579166666666478,-0.007751185912638903,0.013504871167242527,-0.0070817009545862675,-0.002075216034427285,24.511920
0.45812499999998113,-0.007751175668090582,0.013506677001714706,-0.007082235999405384,-0.0020749676041305065,24.511920
0.45833333333331444,-0.00775108253583312,0.013506190851330757,-0.007082222495228052,-0.0020749547984451056,24.511920
0.45854166666664775,-0.007751069497317076,0.013507802970707417,-0.00708326930180192,-0.0020747403614223003,24.511920
0.45874999999998106,-0.007750976365059614,0.013508100993931293,-0.007083956152200699,-0.002074521966278553,24.511920
0.45895833333331437,-0.007750956807285547,0.01350945420563221,-0.007084347773343325,-0.0020738476887345314,24.511920
0.4591666666666477,-0.007750891149044037,0.01350964792072773,-0.007084747776389122,-0.002073548501357436,24.511920
0.459374999999981,-0.007750875316560268,0.013510496355593204,-0.007085038349032402,-0.002073220908641815,24.511920
0.4595833333333143,-0.0077508604153990746,0.01351182721555233,-0.007085734978318214,-0.0020728574600070715,24.511920
0.4597916666666476,-0.007750802207738161,0.013512328267097473,-0.007085821591317654,-0.002072325674816966,24.511920
0.4599999999999809,-0.007750777527689934,0.013513368554413319,-0.00708567351102829,-0.002072810661047697,24.511920
0.46020833333331423,-0.00775075051933527,0.01351479347795248,-0.007086526602506638,-0.002072053961455822,24.511920
0.46041666666664754,-0.007750659715384245,0.01351536251604557,-0.007086779456585646,-0.0020718129817396402,24.511920
0.46062499999998086,-0.007750640623271465,0.013516116887331009,-0.007087825331836939,-0.0020714551210403442,24.511920
0.46083333333331417,-0.007750621531158686,0.01351661141961813,-0.007088517304509878,-0.0020707210060209036,24.511920
0.4610416666666475,-0.007750544231384993,0.01351718045771122,-0.007089448161423206,-0.0020698143634945154,24.511920
0.4612499999999808,-0.007750528398901224,0.013518217019736767,-0.007090636529028416,-0.0020689067896455526,24.511920
0.4614583333333141,-0.00775047717615962,0.013518042862415314,-0.007090941071510315,-0.002068363828584552,24.511920
0.4616666666666474,-0.007750452030450106,0.013518874533474445,-0.007092398125678301,-0.0020673831459134817,24.511920
0.4618749999999807,-0.007750438526272774,0.013518884778022766,-0.007092835381627083,-0.0020672017708420753,24.511920
0.46208333333331403,-0.007750423159450293,0.01351903472095728,-0.007093318738043308,-0.002066823421046138,24.511920
0.46229166666664734,-0.0077504045329988,0.013519440777599812,-0.007093506399542093,-0.002067706547677517,24.511920
0.46249999999998065,-0.007750384975224733,0.013519552536308765,-0.007093205116689205,-0.002067951951175928,24.511920
0.46270833333331396,-0.007750368677079678,0.013519984669983387,-0.007092970889061689,-0.002068305155262351,24.511920
0.46291666666664727,-0.007750355638563633,0.013520211912691593,-0.00709329592064023,-0.002068944973871112,24.511920
0.4631249999999806,-0.007750324904918671,0.013519829139113426,-0.007092870771884918,-0.0020699938759207726,24.511920
0.4633333333333139,-0.007750310469418764,0.013520044274628162,-0.007093085907399654,-0.0020700874738395214,24.511920
0.4635416666666472,-0.007750294636934996,0.013520177453756332,-0.0070927138440310955,-0.0020707526709884405,24.511920
0.4637499999999805,-0.007750272285193205,0.013520127162337303,-0.007092886138707399,-0.0020714038982987404,24.511920
0.4639583333333138,-0.007750261574983597,0.01352020539343357,-0.007093267049640417,-0.0020720306783914566,24.511920
0.46416666666664713,-0.007750246208161116,0.013520252890884876,-0.007093300111591816,-0.00207213475368917,24.511920
0.46437499999998044,-0.007750233635306358,0.013520411215722561,-0.007094057742506266,-0.002072448143735528,24.511920
0.46458333333331375,-0.0077502112835645676,0.013519879430532455,-0.007093540858477354,-0.0020729489624500275,24.511920
0.46479166666664706,-0.0077501824125647545,0.013519846834242344,-0.0070932903327047825,-0.00207351753488183,24.511920
0.4649999999999804,-0.007750184740871191,0.013520154170691967,-0.007093127816915512,-0.0020745587535202503,24.511920
0.4652083333333137,-0.007750140503048897,0.013520349748432636,-0.007093118503689766,-0.0020754304714500904,24.511920
0.465416666666647,-0.007750099059194326,0.013520094566047192,-0.007093311753123999,-0.0020761112682521343,24.511920
0.4656249999999803,-0.007750087883323431,0.01352033019065857,-0.007093863096088171,-0.0020769061520695686,24.511920
0.4658333333333136,-0.007750027347356081,0.013519617728888988,-0.007093990687280893,-0.002077569020912051,24.511920
0.4660416666666469,-0.007750022690743208,0.013519744388759136,-0.0070937564596533775,-0.0020776663441210985,24.511920
0.46624999999998024,-0.007750004529953003,0.01351967267692089,-0.007094285916537046,-0.002078611170873046,24.511920
0.46645833333331355,-0.007749983109533787,0.013519619591534138,-0.007094610016793013,-0.0020789557602256536,24.511920
0.46666666666664686,-0.007749973796308041,0.013520240783691406,-0.007095079869031906,-0.0020785878878086805,24.511920
0.46687499999998017,-0.007749943528324366,0.013520556502044201,-0.007094843778759241,-0.002078855875879526,24.511920
0.4670833333333135,-0.007749934680759907,0.013521169312298298,-0.0070953089743852615,-0.0020784521475434303,24.511920
0.4672916666666468,-0.007749893702566624,0.013521149754524231,-0.007094952743500471,-0.002078442135825753,24.511920
0.4674999999999801,-0.007749889977276325,0.013522154651582241,-0.007095829583704472,-0.0020781292114406824,24.511920
0.4677083333333134,-0.007749851793050766,0.013521534390747547,-0.00709550129249692,-0.002078187419101596,24.511920
0.4679166666666467,-0.007749828975647688,0.013521812856197357,-0.007095261476933956,-0.002077387645840645,24.511920
0.46812499999998003,-0.0077498177997767925,0.013521919958293438,-0.0070949881337583065,-0.002077123848721385,24.511920
0.46833333333331334,-0.007749790325760841,0.013522171415388584,-0.0070949941873550415,-0.0020769070833921432,24.511920
0.46854166666664665,-0.007749768439680338,0.013522304594516754,-0.00709509989246726,-0.002076747128739953,24.511920
0.46874999999997996,-0.007749738171696663,0.013522252440452576,-0.007095454726368189,-0.0020766009110957384,24.511920
0.46895833333331327,-0.007749731652438641,0.013522065244615078,-0.007095309440046549,-0.0020759818144142628,24.511920
0.4691666666666466,-0.007749705575406551,0.013521797023713589,-0.007095619570463896,-0.0020747992675751448,24.511920
0.4693749999999799,-0.007749689277261496,0.013521391898393631,-0.00709540955722332,-0.002074064686894417,24.511920
0.4695833333333132,-0.007749646902084351,0.013520811684429646,-0.007095137145370245,-0.002073344774544239,24.511920
0.4697916666666465,-0.007749634794890881,0.013521026819944382,-0.007094778586179018,-0.00207318551838398,24.511920
0.4699999999999798,-0.007749621290713549,0.013521105982363224,-0.007094808854162693,-0.0020724046044051647,24.511920
0.47020833333331313,-0.007749609649181366,0.013521505519747734,-0.00709494948387146,-0.0020727436058223248,24.511920
0.47041666666664644,-0.007749570999294519,0.013522366061806679,-0.00709562050178647,-0.0020737494342029095,24.511920
0.47062499999997975,-0.007749512325972319,0.01352224126458168,-0.007095426321029663,-0.002072984119877219,24.511920
0.47083333333331306,-0.007749500218778849,0.01352334301918745,-0.007095666602253914,-0.002073145005851984,24.511920
0.4710416666666464,-0.007749467622488737,0.013523852452635765,-0.007095386739820242,-0.0020732455886900425,24.511920
0.4712499999999797,-0.007749405223876238,0.013524145819246769,-0.007095069158822298,-0.0020727685187011957,24.511920
0.471458333333313,-0.007749382872134447,0.013524651527404785,-0.007094994653016329,-0.0020723268389701843,24.511920
0.4716666666666463,-0.007749371230602264,0.013525214046239853,-0.0070951953530311584,-0.0020723138004541397,24.511920
0.4718749999999796,-0.007749366108328104,0.013525370508432388,-0.007094916421920061,-0.00207083229906857,24.511920
0.4720833333333129,-0.0077493442222476006,0.013525565154850483,-0.007095095235854387,-0.0020695808343589306,24.511920
0.47229166666664624,-0.0077493395656347275,0.013525973074138165,-0.007094958331435919,-0.002068562898784876,24.511920
0.47249999999997955,-0.007749333046376705,0.013526350259780884,-0.00709502911195159,-0.0020672224927693605,24.511920
0.47270833333331286,-0.007749320939183235,0.013526548631489277,-0.007095315493643284,-0.002065680455416441,24.511920
0.47291666666664617,-0.007749308366328478,0.013526607304811478,-0.0070957001298666,-0.00206409371457994,24.511920
0.4731249999999795,-0.00774929765611887,0.013526301831007004,-0.007095629815012217,-0.0020629260689020157,24.511920
0.4733333333333128,-0.007749283220618963,0.013526537455618382,-0.007095540873706341,-0.0020614415407180786,24.511920
0.4735416666666461,-0.007749255280941725,0.013526656664907932,-0.007095732726156712,-0.0020603237207978964,24.511920
0.4737499999999794,-0.0077492473646998405,0.013526605442166328,-0.007095815613865852,-0.0020591493230313063,24.511920
0.4739583333333127,-0.0077492352575063705,0.013526004739105701,-0.007095929700881243,-0.0020578091498464346,24.511920
0.47416666666664603,-0.007749222218990326,0.013525808230042458,-0.007095677312463522,-0.0020562023855745792,24.511920
0.47437499999997934,-0.007749197073280811,0.013525936752557755,-0.007096181623637676,-0.0020545131992548704,24.511920
0.47458333333331265,-0.007749184500426054,0.013526629656553268,-0.007096610032021999,-0.00205327314324677,24.511920
0.47479166666664596,-0.007749153301119804,0.013526275753974915,-0.007095887325704098,-0.00205287616699934,24.511920
0.47499999999997927,-0.007749147247523069,0.013526174239814281,-0.00709554785862565,-0.002052210969850421,24.511920
0.4752083333333126,-0.007749117445200682,0.013525509275496006,-0.0070948004722595215,-0.002052079886198044,24.511920
0.4754166666666459,-0.007749101147055626,0.013524550944566727,-0.007093598134815693,-0.002052051480859518,24.511920
0.4756249999999792,-0.00774906063452363,0.013523629866540432,-0.0070923371240496635,-0.0020522086415439844,24.511920
0.4758333333333125,-0.00774903642013669,0.013522708788514137,-0.007091151084750891,-0.002052225871011615,24.511920
0.4760416666666458,-0.00774901919066906,0.013522407039999962,-0.007090261671692133,-0.0020518123637884855,24.511920
0.47624999999997913,-0.0077490173280239105,0.013521597720682621,-0.007089818827807903,-0.0020524628926068544,24.511920
0.47645833333331244,-0.007748992182314396,0.01352039072662592,-0.007089045364409685,-0.0020525965373963118,24.511920
0.47666666666664576,-0.007748943287879229,0.013519871979951859,-0.0070880441926419735,-0.0020530724432319403,24.511920
0.47687499999997907,-0.007748931646347046,0.01351981982588768,-0.007088473532348871,-0.002053917618468404,24.511920
0.4770833333333124,-0.007748888805508614,0.013520314358174801,-0.007088184356689453,-0.0020554643124341965,24.511920
0.4772916666666457,-0.007748848292976618,0.013520363718271255,-0.007087872829288244,-0.002056836150586605,24.511920
0.477499999999979,-0.007748819887638092,0.013520978391170502,-0.007087995298206806,-0.0020577646791934967,24.511920
0.4777083333333123,-0.007748798932880163,0.013521980494260788,-0.007088472135365009,-0.002058331621810794,24.511920
0.4779166666666456,-0.007748778909444809,0.01352244708687067,-0.007088885642588139,-0.0020587570033967495,24.511920
0.47812499999997893,-0.007748760282993317,0.013522394001483917,-0.0070892199873924255,-0.002059750724583864,24.511920
0.47833333333331224,-0.0077487509697675705,0.013522385619580746,-0.007089902181178331,-0.0020596846006810665,24.511920
0.47854166666664555,-0.007748735137283802,0.013522577472031116,-0.0070907981134951115,-0.002059079008176923,24.511920
0.47874999999997886,-0.007748702075332403,0.013522523455321789,-0.007091896142810583,-0.002059588674455881,24.511920
0.47895833333331217,-0.007748698350042105,0.013522906228899956,-0.007092493586242199,-0.002058528596535325,24.511920
0.4791666666666455,-0.0077486601658165455,0.013523152098059654,-0.0070929983630776405,-0.002058281796053052,24.511920
0.4793749999999788,-0.007748651783913374,0.01352374255657196,-0.0070929741486907005,-0.002057053381577134,24.511920
0.4795833333333121,-0.007748621050268412,0.01352410763502121,-0.007092989049851894,-0.0020569993648678064,24.511920
0.4797916666666454,-0.00774859543889761,0.013524800539016724,-0.00709266122430563,-0.002056173048913479,24.511920
0.4799999999999787,-0.0077485740184783936,0.013524550013244152,-0.007091970648616552,-0.0020556910894811153,24.511920
0.48020833333331203,-0.007748564705252647,0.013524935580790043,-0.007092613726854324,-0.0020562047138810158,24.511920
0.48041666666664534,-0.007748520467430353,0.013524889014661312,-0.0070929210633039474,-0.0020563513971865177,24.511920
0.48062499999997865,-0.007748509757220745,0.013525103218853474,-0.007093030959367752,-0.002057588892057538,24.511920
0.48083333333331196,-0.0077484906651079655,0.013524968177080154,-0.007092661689966917,-0.002058556769043207,24.511920
0.4810416666666453,-0.007748484145849943,0.013524563983082771,-0.007091842591762543,-0.0020589069463312626,24.511920
0.4812499999999786,-0.0077484725043177605,0.013524215668439865,-0.007091778330504894,-0.002059829654172063,24.511920
0.4814583333333119,-0.0077484529465436935,0.013524409383535385,-0.00709130521863699,-0.002059994265437126,24.511920
0.4816666666666452,-0.0077484468929469585,0.013524129986763,-0.007090671453624964,-0.0020597262773662806,24.511920
0.4818749999999785,-0.007748436648398638,0.013524307869374752,-0.00708972942084074,-0.002058911370113492,24.511920
0.4820833333333118,-0.00774841895326972,0.013524338603019714,-0.00708893034607172,-0.0020596482791006565,24.511920
0.48229166666664514,-0.007748408708721399,0.01352408155798912,-0.00708781136199832,-0.002060110680758953,24.511920
0.48249999999997845,-0.007748393341898918,0.013523805886507034,-0.00708725955337286,-0.0020599374547600746,24.511920
0.48270833333331176,-0.007748374715447426,0.013523242436349392,-0.007086856756359339,-0.0020597903057932854,24.511920
0.48291666666664507,-0.007748364470899105,0.013523167930543423,-0.007086932193487883,-0.00205956120043993,24.511920
0.4831249999999784,-0.007748335134238005,0.01352327037602663,-0.007087735924869776,-0.0020596168469637632,24.511920
0.4833333333333117,-0.0077483197674155235,0.01352426316589117,-0.0070879459381103516,-0.0020592643413692713,24.511920
0.483541666666645,-0.00774829275906086,0.013524333015084267,-0.007088168989866972,-0.0020590100903064013,24.511920
0.4837499999999783,-0.007748259697109461,0.013524789363145828,-0.00708839762955904,-0.0020587665494531393,24.511920
0.4839583333333116,-0.007748243398964405,0.013525220565497875,-0.007088660728186369,-0.0020591099746525288,24.511920
0.48416666666664493,-0.007748227100819349,0.013526394963264465,-0.007088263984769583,-0.002059530233964324,24.511920
0.48437499999997824,-0.007748198229819536,0.013527393341064453,-0.0070882923901081085,-0.0020594766829162836,24.511920
0.48458333333331155,-0.0077481637708842754,0.013528573326766491,-0.007089102175086737,-0.0020595646928995848,24.511920
0.48479166666664486,-0.0077481395564973354,0.013529707677662373,-0.007089404389262199,-0.002059666672721505,24.511920
0.48499999999997817,-0.007748121861368418,0.013530632480978966,-0.007089837919920683,-0.0020591227803379297,24.511920
0.4852083333333115,-0.007748105097562075,0.013531585223972797,-0.007089847233146429,-0.002058988204225898,24.511920
0.4854166666666448,-0.007748076692223549,0.013531865552067757,-0.007089605554938316,-0.002058499725535512,24.511920
0.4856249999999781,-0.007748052012175322,0.013532686978578568,-0.007089926861226559,-0.0020573404617607594,24.511920
0.4858333333333114,-0.007748009636998177,0.013533302582800388,-0.007090274710208178,-0.002057080389931798,24.511920
0.4860416666666447,-0.007747986353933811,0.013533971272408962,-0.007091091945767403,-0.0020569651387631893,24.511920
0.48624999999997803,-0.007747964933514595,0.013534564524888992,-0.0070915608666837215,-0.0020565984304994345,24.511920
0.48645833333331134,-0.00774795887991786,0.013535815291106701,-0.007091972045600414,-0.0020561867859214544,24.511920
0.48666666666664465,-0.007747928146272898,0.013536972925066948,-0.007092398125678301,-0.002056737896054983,24.511920
0.48687499999997796,-0.007747873198240995,0.01353778038173914,-0.0070927878841757774,-0.0020572461653500795,24.511920
0.4870833333333113,-0.00774785503745079,0.013538544066250324,-0.00709260068833828,-0.0020570496562868357,24.511920
0.4872916666666446,-0.007747823838144541,0.013538941740989685,-0.007092992775142193,-0.002057089004665613,24.511920
0.4874999999999779,-0.007747795898467302,0.01353951171040535,-0.007092973683029413,-0.0020565500017255545,24.511920
0.4877083333333112,-0.0077477749437093735,0.013539955019950867,-0.007092483341693878,-0.0020558012183755636,24.511920
0.4879166666666445,-0.007747764233499765,0.013539929874241352,-0.007092952262610197,-0.002056579105556011,24.511920
0.4881249999999778,-0.007747745607048273,0.01353975385427475,-0.007092991843819618,-0.002057732082903385,24.511920
0.48833333333331114,-0.007747733034193516,0.013539515435695648,-0.007093026768416166,-0.0020584859885275364,24.511920
0.48854166666664445,-0.0077477116137743,0.013538716360926628,-0.007092625368386507,-0.0020597479306161404,24.511920
0.48874999999997776,-0.00774769950658083,0.013538248836994171,-0.007093168795108795,-0.0020619952119886875,24.511920
0.48895833333331107,-0.007747684605419636,0.013538544066250324,-0.007092579267919064,-0.0020611961372196674,24.511920
0.4891666666666444,-0.007747669704258442,0.013538754545152187,-0.007091101724654436,-0.0020610715728253126,24.511920
0.4893749999999777,-0.0077476599253714085,0.013539035804569721,-0.007090994156897068,-0.0020615707617253065,24.511920
0.489583333333311,-0.0077476464211940765,0.013540301471948624,-0.007091107778251171,-0.0020616587717086077,24.511920
0.4897916666666443,-0.007747561205178499,0.013540958985686302,-0.007091965992003679,-0.00206218590028584,24.511920
0.4899999999999776,-0.00774753000587225,0.013541856780648232,-0.0070929755456745625,-0.0020622711163014174,24.511920
0.49020833333331093,-0.007747468538582325,0.013542721047997475,-0.007093551103025675,-0.0020624659955501556,24.511920
0.49041666666664424,-0.007747443858534098,0.013543371111154556,-0.007094047963619232,-0.002062828280031681,24.511920
0.49062499999997755,-0.0077474224381148815,0.013543020002543926,-0.007093992084264755,-0.0020632511004805565,24.511920
0.49083333333331086,-0.0077474056743085384,0.013542823493480682,-0.007093989755958319,-0.002064103726297617,24.511920
0.49104166666664417,-0.0077473777346313,0.013542724773287773,-0.007093431428074837,-0.002064903499558568,24.511920
0.4912499999999775,-0.007747366093099117,0.013542807660996914,-0.007092745508998632,-0.002066104207187891,24.511920
0.4914583333333108,-0.007747333496809006,0.013542461208999157,-0.007091595325618982,-0.002067290712147951,24.511920
0.4916666666666441,-0.007747297640889883,0.013542632572352886,-0.007090630475431681,-0.0020685356575995684,24.511920
0.4918749999999774,-0.0077472859993577,0.013542908243834972,-0.007090319413691759,-0.002069915644824505,24.511920
0.4920833333333107,-0.007747253868728876,0.013542668893933296,-0.007089448627084494,-0.002069532172754407,24.511920
0.49229166666664403,-0.007747250609099865,0.01354244165122509,-0.007088392972946167,-0.002069752663373947,24.511920
0.49249999999997734,-0.00774717191234231,0.013541881926357746,-0.007088962011039257,-0.0020693738479167223,24.511920
0.49270833333331066,-0.007747161667793989,0.013543196022510529,-0.007089699152857065,-0.0020703666377812624,24.511920
0.49291666666664397,-0.007747113239020109,0.013543490320444107,-0.007090990897268057,-0.0020702509209513664,24.511920
0.4931249999999773,-0.007747060619294643,0.01354311965405941,-0.007091647945344448,-0.002070907736197114,24.511920
0.4933333333333106,-0.007747018244117498,0.013543100096285343,-0.007092999294400215,-0.002071016002446413,24.511920
0.4935416666666439,-0.007746979594230652,0.01354337390512228,-0.007093475200235844,-0.002070910530164838,24.511920
0.4937499999999772,-0.007746960502117872,0.013543554581701756,-0.007093615364283323,-0.0020704905036836863,24.511920
0.4939583333333105,-0.007746940013021231,0.013544238172471523,-0.007094556000083685,-0.0020712141413241625,24.511920
0.49416666666664383,-0.007746872957795858,0.013544057495892048,-0.007095230743288994,-0.0020708516240119934,24.511920
0.49437499999997714,-0.0077468459494411945,0.013544732704758644,-0.007095840759575367,-0.002071856055408716,24.511920
0.49458333333331045,-0.007746765855699778,0.01354474388062954,-0.007096500601619482,-0.0020721449982374907,24.511920
0.49479166666664376,-0.0077467444352805614,0.0135450828820467,-0.007096944376826286,-0.0020722791086882353,24.511920
0.49499999999997707,-0.0077467067167162895,0.013544406741857529,-0.007097521796822548,-0.0020730923861265182,24.511920
0.4952083333333104,-0.007746662944555283,0.013543517328798771,-0.007097553461790085,-0.0020735026337206364,24.511920
0.4954166666666437,-0.007746623829007149,0.0135425990447402,-0.007097125519067049,-0.002074133139103651,24.511920
0.495624999999977,-0.007746512535959482,0.01354146096855402,-0.007097108289599419,-0.0020747084636241198,24.511920
0.4958333333333103,-0.0077464766800403595,0.01354217529296875,-0.0070963590405881405,-0.002075271215289831,24.511920
0.4960416666666436,-0.007746392861008644,0.013542463071644306,-0.007096190005540848,-0.002075638622045517,24.511920
0.49624999999997693,-0.007746314629912376,0.013543232344090939,-0.007096366956830025,-0.0020754970610141754,24.511920
0.49645833333331024,-0.007746272254735231,0.013544018380343914,-0.007096441928297281,-0.002075653988867998,24.511920
0.49666666666664355,-0.007746188435703516,0.013544545508921146,-0.007096848916262388,-0.002075432799756527,24.511920
0.49687499999997686,-0.007746139541268349,0.013545586727559566,-0.007097422145307064,-0.00207497738301754,24.511920
0.4970833333333102,-0.007746065501123667,0.013545899651944637,-0.007097634021192789,-0.002074986230581999,24.511920
0.4972916666666435,-0.007746012415736914,0.013545705005526543,-0.007096902932971716,-0.0020760362967848778,24.511920
0.4974999999999768,-0.00774593697860837,0.013544830493628979,-0.007096358109265566,-0.00207685143686831,24.511920
0.4977083333333101,-0.0077459015883505344,0.013543748296797276,-0.007095023989677429,-0.002077707787975669,24.511920
0.4979166666666434,-0.007745855022221804,0.01354245562106371,-0.007094268687069416,-0.0020783613435924053,24.511920
0.4981249999999767,-0.007745776791125536,0.013540959917008877,-0.007093158084899187,-0.0020787499379366636,24.511920
0.49833333333331004,-0.007745698094367981,0.013539934530854225,-0.007092587649822235,-0.0020788698457181454,24.511920
0.49854166666664335,-0.007745672482997179,0.013539145700633526,-0.0070918104611337185,-0.0020792775321751833,24.511920
0.49874999999997666,-0.0077456324361264706,0.013538743369281292,-0.007091307081282139,-0.0020794933661818504,24.511920
0.49895833333330997,-0.007745645008981228,0.013539141044020653,-0.007090934086591005,-0.002079678699374199,24.511920
0.4991666666666433,-0.00774562219157815,0.013538212515413761,-0.007090772967785597,-0.002080007689073682,24.511920
0.4993749999999766,-0.0077454871498048306,0.013536478392779827,-0.00708960322663188,-0.00208071107044816,24.511920
0.4995833333333099,-0.007745391223579645,0.013535803183913231,-0.007088928949087858,-0.002081104787066579,24.511920
0.4997916666666432,-0.007745298556983471,0.01353555265814066,-0.0070892819203436375,-0.0020816039759665728,24.511920
0.4999999999999765,-0.007745282258838415,0.01353573240339756,-0.007089036051183939,-0.0020820386707782745,24.511920
0.5002083333333098,-0.007745219860225916,0.013535160571336746,-0.007088328246027231,-0.0020826347172260284,24.511920
0.5004166666666432,-0.007745126727968454,0.013534631580114365,-0.007088478188961744,-0.0020841562654823065,24.511920
0.5006249999999766,-0.007745091803371906,0.013534307479858398,-0.007088019046932459,-0.002084657782688737,24.511920
0.5008333333333099,-0.007744997274130583,0.013533842749893665,-0.007087549660354853,-0.0020856698974967003,24.511920
0.5010416666666433,-0.007744967006146908,0.013533039018511772,-0.007086309138685465,-0.002086489461362362,24.511920
0.5012499999999767,-0.007744885049760342,0.013532130047678947,-0.0070855398662388325,-0.0020876748021692038,24.511920
0.50145833333331,-0.007744817528873682,0.013531634584069252,-0.007085103075951338,-0.0020893756300210953,24.511920
0.5016666666666434,-0.007744746282696724,0.01353029627352953,-0.007084778044372797,-0.002090826630592346,24.511920
0.5018749999999768,-0.0077446214854717255,0.013529784977436066,-0.0070847515016794205,-0.0020905528217554092,24.511920
0.5020833333333101,-0.007744564209133387,0.013529475778341293,-0.007084770128130913,-0.0020908985752612352,24.511920
0.5022916666666435,-0.0077445534989237785,0.013530226424336433,-0.0070847985334694386,-0.002093307441100478,24.511920
0.5024999999999769,-0.007744453847408295,0.013530135154724121,-0.007085009012371302,-0.0020935579668730497,24.511920
0.5027083333333102,-0.007744433358311653,0.013530101627111435,-0.007084810175001621,-0.0020939188543707132,24.511920
0.5029166666666436,-0.00774439238011837,0.013529564253985882,-0.00708426721394062,-0.002093489980325103,24.511920
0.503124999999977,-0.0077443732880055904,0.013529282063245773,-0.007083962671458721,-0.002093670656904578,24.511920
0.5033333333333103,-0.0077443802729249,0.013529110699892044,-0.007083918433636427,-0.0020932331681251526,24.511920
0.5035416666666437,-0.0077441539615392685,0.013527949340641499,-0.007083863019943237,-0.0020935419015586376,24.511920
0.503749999999977,-0.007743877358734608,0.013526000082492828,-0.007083518896251917,-0.002093701856210828,24.511920
0.5039583333333104,-0.0077436575666069984,0.01352432556450367,-0.0070835743099451065,-0.0020938210655003786,24.511920
0.5041666666666438,-0.00774347735568881,0.013522490859031677,-0.00708347000181675,-0.0020946036092936993,24.511920
0.5043749999999771,-0.0077433111146092415,0.013520470820367336,-0.007082540541887283,-0.0020953244529664516,24.511920
0.5045833333333105,-0.007743164896965027,0.013519391417503357,-0.007082419469952583,-0.0020956196822226048,24.511920
0.5047916666666439,-0.007743006572127342,0.013518095016479492,-0.0070813121274113655,-0.002095593838021159,24.511920
0.5049999999999772,-0.007742871064692736,0.013516765087842941,-0.007080544251948595,-0.0020962681155651808,24.511920
0.5052083333333106,-0.007742789573967457,0.013516020029783249,-0.0070794387720525265,-0.0020962634589523077,24.511920
0.505416666666644,-0.007742689456790686,0.013514353893697262,-0.00707908533513546,-0.0020975572988390923,24.511920
0.5056249999999773,-0.007742550689727068,0.013513285666704178,-0.007078594993799925,-0.00209729908965528,24.511920
0.5058333333333107,-0.007742455694824457,0.01351279765367508,-0.007078298833221197,-0.00209739594720304,24.511920
0.5060416666666441,-0.0077424184419214725,0.01351302582770586,-0.007078194059431553,-0.0020970473997294903,24.511920
0.5062499999999774,-0.007742375135421753,0.013512972742319107,-0.0070779332891106606,-0.0020969058386981487,24.511920
0.5064583333333108,-0.007742390502244234,0.013513661921024323,-0.007078150287270546,-0.002096363343298435,24.511920
0.5066666666666442,-0.00774215254932642,0.013512913137674332,-0.007077306974679232,-0.002096408512443304,24.511920
0.5068749999999775,-0.007741953711956739,0.013513484038412571,-0.007076714187860489,-0.0020960760302841663,24.511920
0.5070833333333109,-0.007741778623312712,0.013513064943253994,-0.0070753274485468864,-0.0020960813853889704,24.511920
0.5072916666666443,-0.007741650566458702,0.013513321056962013,-0.007074744440615177,-0.0020959386602044106,24.511920
0.5074999999999776,-0.007741580717265606,0.013513368554413319,-0.0070740520022809505,-0.002095297444611788,24.511920
0.507708333333311,-0.0077415029518306255,0.013513091951608658,-0.007073130924254656,-0.002094944706186652,24.511920
0.5079166666666444,-0.0077414680272340775,0.013513181358575821,-0.007072925101965666,-0.0020946285221725702,24.511920
0.5081249999999777,-0.007741457782685757,0.013512935489416122,-0.007072194945067167,-0.002094352850690484,24.511920
0.5083333333333111,-0.0077414303086698055,0.013512369245290756,-0.007072180975228548,-0.0020939887035638094,24.511920
0.5085416666666445,-0.007741405162960291,0.013511239551007748,-0.00707122590392828,-0.0020941761322319508,24.511920
0.5087499999999778,-0.007741305511444807,0.01351067703217268,-0.007071141619235277,-0.002094721421599388,24.511920
0.5089583333333112,-0.007741294801235199,0.013510613702237606,-0.007070598192512989,-0.0020952518098056316,24.511920
0.5091666666666446,-0.007741269655525684,0.013510196469724178,-0.007070169318467379,-0.002096200594678521,24.511920
0.5093749999999779,-0.00774124450981617,0.013509782031178474,-0.007069473620504141,-0.0020961815025657415,24.511920
0.5095833333333113,-0.0077412184327840805,0.013509422540664673,-0.007068722043186426,-0.0020953177008777857,24.511920
0.5097916666666447,-0.007741206791251898,0.013508847914636135,-0.007068215403705835,-0.0020960092078894377,24.511920
0.509999999999978,-0.007741180714219809,0.013509086333215237,-0.007068951614201069,-0.0020978343673050404,24.511920
0.5102083333333114,-0.0077411276288330555,0.013508876785635948,-0.007068853825330734,-0.0020991768687963486,24.511920
0.5104166666666448,-0.007741090375930071,0.013508831150829792,-0.007068415638059378,-0.002098851604387164,24.511920
0.5106249999999781,-0.0077410610392689705,0.013508607633411884,-0.007067756727337837,-0.0020987943280488253,24.511920
0.5108333333333115,-0.007741029839962721,0.013508917763829231,-0.007067431230098009,-0.002097802236676216,24.511920
0.5110416666666449,-0.007741020992398262,0.013509468175470829,-0.0070664831437170506,-0.0020984462462365627,24.511920
0.5112499999999782,-0.0077409702353179455,0.013509228825569153,-0.007065818179398775,-0.0020987046882510185,24.511920
0.5114583333333116,-0.007740957662463188,0.013509485870599747,-0.007064961362630129,-0.0020988883916288614,24.511920
0.511666666666645,-0.007740928791463375,0.013509568758308887,-0.007064693607389927,-0.0020991105120629072,24.511920
0.5118749999999783,-0.0077409218065440655,0.013509445823729038,-0.0070638456381857395,-0.0020990422926843166,24.511920
0.5120833333333117,-0.007740880828350782,0.01350904256105423,-0.007063820026814938,-0.0020989375188946724,24.511920
0.512291666666645,-0.007740866858512163,0.013508440926671028,-0.0070633310824632645,-0.002098689554259181,24.511920
0.5124999999999784,-0.007740847300738096,0.013507691211998463,-0.007063176017254591,-0.0020981277339160442,24.511920
0.5127083333333118,-0.007740781642496586,0.013506252318620682,-0.007062915712594986,-0.002097303746268153,24.511920
0.5129166666666451,-0.00774072902277112,0.013505601324141026,-0.007062794174998999,-0.0020967323798686266,24.511920
0.5131249999999785,-0.007740686181932688,0.013504112139344215,-0.007060653064399958,-0.002097461372613907,24.511920
0.5133333333333119,-0.007740640547126532,0.013503949157893658,-0.007059624884277582,-0.002097202930599451,24.511920
0.5135416666666452,-0.007740607485175133,0.013502810150384903,-0.007058382499963045,-0.002097523072734475,24.511920
0.5137499999999786,-0.007740528788417578,0.01350155659019947,-0.007057370617985725,-0.0020979393739253283,24.511920
0.513958333333312,-0.007740462198853493,0.013501107692718506,-0.007056538015604019,-0.0020977468229830265,24.511920
0.5141666666666453,-0.007740458007901907,0.01350012794137001,-0.007055597845464945,-0.0020980299450457096,24.511920
0.5143749999999787,-0.007740361150354147,0.013498576357960701,-0.007054252550005913,-0.002098290715366602,24.511920
0.5145833333333121,-0.0077402638271451,0.013496525585651398,-0.00705330166965723,-0.0020987153984606266,24.511920
0.5147916666666454,-0.007740154396742582,0.013495031744241714,-0.00705259433016181,-0.002099275588989258,24.511920
0.5149999999999788,-0.007740073837339878,0.013494458980858326,-0.007052529603242874,-0.0020992618519812822,24.511920
0.5152083333333122,-0.007740074768662453,0.013494711369276047,-0.007052737288177013,-0.0021007421892136335,24.511920
0.5154166666666455,-0.00773994904011488,0.013494441285729408,-0.007052661385387182,-0.0021013841032981873,24.511920
0.5156249999999789,-0.007739868946373463,0.013494688086211681,-0.007052442990243435,-0.0021024933084845543,24.511920
0.5158333333333123,-0.007739792112261057,0.013494336046278477,-0.0070517705753445625,-0.0021035303361713886,24.511920
0.5160416666666456,-0.00773972924798727,0.013494039885699749,-0.007051356136798859,-0.0021040979772806168,24.511920
0.516249999999979,-0.00773963937535882,0.013493874110281467,-0.007051074877381325,-0.0021053238306194544,24.511920
0.5164583333333124,-0.007739487569779158,0.013492458499968052,-0.0070508248172700405,-0.0021057536359876394,24.511920
0.5166666666666457,-0.0077394708059728146,0.013491716235876083,-0.007050396874547005,-0.00210584606975317,24.511920
0.5168749999999791,-0.007739459630101919,0.01349132414907217,-0.007049828767776489,-0.0021075766999274492,24.511920
0.5170833333333125,-0.007739418186247349,0.013491456396877766,-0.007049213163554668,-0.00211123563349247,24.511920
0.5172916666666458,-0.007739410735666752,0.013490970246493816,-0.007048408500850201,-0.0021132808178663254,24.511920
0.5174999999999792,-0.007739349268376827,0.013491162098944187,-0.007048184517771006,-0.0021144479978829622,24.511920
0.5177083333333126,-0.007739337161183357,0.013490513898432255,-0.007047667633742094,-0.002115496899932623,24.511920
0.5179166666666459,-0.0077393073588609695,0.013490414246916771,-0.007047525141388178,-0.002115506213158369,24.511920
0.5181249999999793,-0.007739258464425802,0.013490444049239159,-0.007046800572425127,-0.0021163984201848507,24.511920
0.5183333333333127,-0.0077392347157001495,0.013490457087755203,-0.007046086248010397,-0.0021160286851227283,24.511920
0.518541666666646,-0.007739220280200243,0.01349041610956192,-0.0070455861277878284,-0.0021171828266233206,24.511920
0.5187499999999794,-0.007739112246781588,0.013489833101630211,-0.007044813130050898,-0.0021171392872929573,24.511920
0.5189583333333128,-0.007739095948636532,0.013489967212080956,-0.007043981458991766,-0.0021169029641896486,24.511920
0.5191666666666461,-0.007739095948636532,0.013490019366145134,-0.007043602876365185,-0.0021169146057218313,24.511920
0.5193749999999795,-0.0077390824444592,0.013490021228790283,-0.007042462006211281,-0.0021174601279199123,24.511920
0.5195833333333129,-0.007739044260233641,0.013489912264049053,-0.007041853852570057,-0.00211774162016809,24.511920
0.5197916666666462,-0.007738957181572914,0.01348933856934309,-0.007040843833237886,-0.00211783847771585,24.511920
0.5199999999999796,-0.0077389320358633995,0.013489591889083385,-0.0070397378876805305,-0.002118008444085717,24.511920
0.520208333333313,-0.007738898042589426,0.01348953042179346,-0.007038976065814495,-0.0021180426701903343,24.511920
0.5204166666666463,-0.0077388775534927845,0.013489561155438423,-0.007038450799882412,-0.0021182154305279255,24.511920
0.5206249999999797,-0.007738846354186535,0.01348932832479477,-0.007037637755274773,-0.0021186082158237696,24.511920
0.520833333333313,-0.007738813757896423,0.01348916720598936,-0.0070374226197600365,-0.0021188566461205482,24.511920
0.5210416666666464,-0.007738794665783644,0.01348867453634739,-0.007036937400698662,-0.002119034295901656,24.511920
0.5212499999999798,-0.007738741114735603,0.013487722724676132,-0.007036243565380573,-0.002119302051141858,24.511920
0.5214583333333132,-0.0077386763878166676,0.013487284071743488,-0.00703585147857666,-0.0021201814524829388,24.511920
0.5216666666666465,-0.007738563232123852,0.013487092219293118,-0.007035225164145231,-0.0021209120750427246,24.511920
0.5218749999999799,-0.0077385446056723595,0.013487152755260468,-0.007035142742097378,-0.002121215919032693,24.511920
0.5220833333333132,-0.007738521788269281,0.013486647047102451,-0.007034302689135075,-0.0021209768019616604,24.511920
0.5222916666666466,-0.007738505955785513,0.013486270792782307,-0.00703404052183032,-0.0021212315186858177,24.511920
0.52249999999998,-0.0077384538017213345,0.013485614210367203,-0.007034295704215765,-0.0021210622508078814,24.511920
0.5227083333333133,-0.007738433312624693,0.013484987430274487,-0.007033748552203178,-0.002120927907526493,24.511920
0.5229166666666467,-0.007738365791738033,0.01348393689841032,-0.007033228408545256,-0.0021214031148701906,24.511920
0.5231249999999801,-0.007738281972706318,0.013483545742928982,-0.007033669855445623,-0.0021226892713457346,24.511920
0.5233333333333134,-0.007738253567367792,0.013482986949384212,-0.007034040987491608,-0.0021220340859144926,24.511920
0.5235416666666468,-0.007738182321190834,0.013482396490871906,-0.007034660782665014,-0.002123333979398012,24.511920
0.5237499999999802,-0.007738147862255573,0.013482397422194481,-0.007034096401184797,-0.0021251330617815256,24.511920
0.5239583333333135,-0.007738120388239622,0.013482142239809036,-0.007033494766801596,-0.0021260264329612255,24.511920
0.5241666666666469,-0.007738103158771992,0.01348258275538683,-0.007033429108560085,-0.002126118168234825,24.511920
0.5243749999999803,-0.007738047745078802,0.013482323847711086,-0.007032971829175949,-0.002126479521393776,24.511920
0.5245833333333136,-0.007738033775240183,0.01348239928483963,-0.0070318421348929405,-0.0021265859249979258,24.511920
0.524791666666647,-0.007737993262708187,0.013482347130775452,-0.007031549699604511,-0.0021268799901008606,24.511920
0.5249999999999804,-0.007737947162240744,0.013482270762324333,-0.007031354121863842,-0.002127166138961911,24.511920
0.5252083333333137,-0.007737916894257069,0.013481358997523785,-0.007031524088233709,-0.002126249484717846,24.511920
0.5254166666666471,-0.007737905252724886,0.013480723835527897,-0.007031308952718973,-0.0021259195636957884,24.511920
0.5256249999999805,-0.0077378167770802975,0.01347972173243761,-0.007031525019556284,-0.002126038074493408,24.511920
0.5258333333333138,-0.007737784180790186,0.01347929798066616,-0.007031608838587999,-0.002126263687387109,24.511920
0.5260416666666472,-0.00773776276037097,0.013479207642376423,-0.007031608838587999,-0.002125984989106655,24.511920
0.5262499999999806,-0.007737716659903526,0.013478313572704792,-0.007031363435089588,-0.0021256159525364637,24.511920
0.5264583333333139,-0.007737682666629553,0.013477755710482597,-0.007031397428363562,-0.002125372877344489,24.511920
0.5266666666666473,-0.0077376216650009155,0.0134773850440979,-0.007031288929283619,-0.0021246406249701977,24.511920
0.5268749999999807,-0.007737571839243174,0.013477014377713203,-0.007031599059700966,-0.002124128630384803,24.511920
0.527083333333314,-0.007737543899565935,0.01347682811319828,-0.007031553890556097,-0.002122850390151143,24.511920
0.5272916666666474,-0.007737539242953062,0.013476329855620861,-0.0070302244275808334,-0.002122362144291401,24.511920
0.5274999999999808,-0.0077374642714858055,0.013475391082465649,-0.007028581108897924,-0.0021222741343080997,24.511920
0.5277083333333141,-0.007737413048744202,0.013475286774337292,-0.007027266547083855,-0.002122092293575406,24.511920
0.5279166666666475,-0.007737320847809315,0.01347501389682293,-0.007025505416095257,-0.0021227896213531494,24.511920
0.5281249999999809,-0.007737309206277132,0.013474805280566216,-0.0070245820097625256,-0.0021232429426163435,24.511920
0.5283333333333142,-0.0077372584491968155,0.013473592698574066,-0.00702325627207756,-0.0021231467835605145,24.511920
0.5285416666666476,-0.007737151347100735,0.01347188837826252,-0.00702164601534605,-0.0021242788061499596,24.511920
0.528749999999981,-0.007737023290246725,0.013471079990267754,-0.007021593861281872,-0.002124607330188155,24.511920
0.5289583333333143,-0.00773701211437583,0.013470547273755074,-0.007020476274192333,-0.0021259861532598734,24.511920
0.5291666666666477,-0.007737006992101669,0.013469843193888664,-0.007019654382020235,-0.002127051120623946,24.511920
0.529374999999981,-0.0077369557693600655,0.013468950986862183,-0.007019005715847015,-0.0021292702294886112,24.511920
0.5295833333333144,-0.00773692037910223,0.013468753546476364,-0.007018318399786949,-0.0021308884024620056,24.511920
0.5297916666666478,-0.007736919913440943,0.01346816960722208,-0.007017466239631176,-0.0021310073789209127,24.511920
0.5299999999999812,-0.007736898958683014,0.013467633165419102,-0.007016604300588369,-0.0021299307700246572,24.511920
0.5302083333333145,-0.007736866362392902,0.01346722524613142,-0.007015621289610863,-0.0021294783800840378,24.511920
0.5304166666666479,-0.007736857980489731,0.013467158190906048,-0.0070151956751942635,-0.0021295794285833836,24.511920
0.5306249999999813,-0.007736803498119116,0.01346637774258852,-0.007014061324298382,-0.0021288751158863306,24.511920
0.5308333333333146,-0.007736765313893557,0.013465944677591324,-0.007013041991740465,-0.0021291181910783052,24.511920
0.531041666666648,-0.007736727129667997,0.01346550602465868,-0.007012136280536652,-0.00212946068495512,24.511920
0.5312499999999813,-0.007736692205071449,0.013464788906276226,-0.007011866196990013,-0.0021292082965373993,24.511920
0.5314583333333147,-0.007736677769571543,0.013464007526636124,-0.00701150530949235,-0.0021288960706442595,24.511920
0.5316666666666481,-0.007736656814813614,0.013463403098285198,-0.00701124407351017,-0.0021290676668286324,24.511920
0.5318749999999814,-0.007736641447991133,0.013462331146001816,-0.00700946431607008,-0.002129671396687627,24.511920
0.5320833333333148,-0.007736577652394772,0.013461713679134846,-0.007008101791143417,-0.0021299291402101517,24.511920
0.5322916666666482,-0.007736534345895052,0.013461601920425892,-0.007007488049566746,-0.0021301815286278725,24.511920
0.5324999999999815,-0.00773652596399188,0.0134610990062356,-0.007006517611443996,-0.002130597596988082,24.511920
0.5327083333333149,-0.00773646542802453,0.013460158370435238,-0.007005688734352589,-0.0021307424176484346,24.511920
0.5329166666666483,-0.007736446335911751,0.013459268026053905,-0.007004711776971817,-0.0021308453287929296,24.511920
0.5331249999999816,-0.007736354600638151,0.013458631932735443,-0.0070044840686023235,-0.0021311829332262278,24.511920
0.533333333333315,-0.007736342493444681,0.013457844965159893,-0.007003645412623882,-0.0021314581390470266,24.511920
0.5335416666666484,-0.007736306171864271,0.013456840999424458,-0.0070030540227890015,-0.0021309182047843933,24.511920
0.5337499999999817,-0.007736277300864458,0.013456221669912338,-0.007002271246165037,-0.00213062996044755,24.511920
0.5339583333333151,-0.007736189290881157,0.013455480337142944,-0.0070019070990383625,-0.0021302488166838884,24.511920
0.5341666666666485,-0.0077361599542200565,0.013454982079565525,-0.007001190911978483,-0.0021309887524694204,24.511920
0.5343749999999818,-0.007736122235655785,0.013454388827085495,-0.007001398131251335,-0.00213158898986876,24.511920
0.5345833333333152,-0.007735982537269592,0.013453541323542595,-0.00700030755251646,-0.0021316984202712774,24.511920
0.5347916666666486,-0.0077359662391245365,0.013453402556478977,-0.007000911049544811,-0.002132384106516838,24.511920
0.5349999999999819,-0.007735901512205601,0.0134524991735816,-0.007001795340329409,-0.00213485024869442,24.511920
0.5352083333333153,-0.007735854480415583,0.013452240265905857,-0.007002250291407108,-0.002137444680556655,24.511920
0.5354166666666487,-0.007735809776932001,0.013451686128973961,-0.007002431433647871,-0.0021388649474829435,24.511920
0.535624999999982,-0.007735696155577898,0.013451305218040943,-0.007002041209489107,-0.0021390391048043966,24.511920
0.5358333333333154,-0.0077356756664812565,0.013450837694108486,-0.007001649122685194,-0.002139660529792309,24.511920
0.5360416666666488,-0.007735652383416891,0.013450663536787033,-0.007001181598752737,-0.0021399054676294327,24.511920
0.5362499999999821,-0.007735644467175007,0.013450570404529572,-0.007000270765274763,-0.0021404142025858164,24.511920
0.5364583333333155,-0.007735619321465492,0.013450336642563343,-0.006999664008617401,-0.002141463104635477,24.511920
0.5366666666666489,-0.007735588122159243,0.01345011591911316,-0.006998845841735601,-0.002141418633982539,24.511920
0.5368749999999822,-0.007735580205917358,0.01345020905137062,-0.006998415570706129,-0.0021421771962195635,24.511920
0.5370833333333156,-0.00773554528132081,0.01344991009682417,-0.006998144555836916,-0.0021428035106509924,24.511920
0.537291666666649,-0.007735501043498516,0.013449286110699177,-0.006997762247920036,-0.002142866374924779,24.511920
0.5374999999999823,-0.007735479157418013,0.013448769226670265,-0.006997148040682077,-0.0021437311079353094,24.511920
0.5377083333333157,-0.0077353878878057,0.01344880647957325,-0.006997189950197935,-0.0021434191148728132,24.511920
0.5379166666666491,-0.00773537578061223,0.013449782505631447,-0.006997115444391966,-0.002144050318747759,24.511920
0.5381249999999824,-0.00773530313745141,0.013449071906507015,-0.006996281910687685,-0.0021431283093988895,24.511920
0.5383333333333158,-0.007735237013548613,0.013448914512991905,-0.0069960011169314384,-0.0021424125880002975,24.511920
0.5385416666666492,-0.007735188584774733,0.013448867946863174,-0.0069948299787938595,-0.002141856122761965,24.511920
0.5387499999999825,-0.007735162507742643,0.013449192978441715,-0.006995028350502253,-0.002141183242201805,24.511920
0.5389583333333159,-0.007735122460871935,0.013449127785861492,-0.006994938012212515,-0.00214085984043777,24.511920
0.5391666666666493,-0.007735077291727066,0.01344836875796318,-0.006994031369686127,-0.0021400421392172575,24.511920
0.5393749999999826,-0.00773501954972744,0.013448335230350494,-0.006994252558797598,-0.002139774849638343,24.511920
0.539583333333316,-0.007734994869679213,0.013448493555188179,-0.006994500756263733,-0.0021397729869931936,24.511920
0.5397916666666494,-0.007734938990324736,0.013447956182062626,-0.006993933580815792,-0.0021393061615526676,24.511920
0.5399999999999827,-0.007734912913292646,0.013447483070194721,-0.006992626003921032,-0.0021398791577667,24.511920
0.5402083333333161,-0.0077348193153738976,0.013446873985230923,-0.006991551723331213,-0.0021416982635855675,24.511920
0.5404166666666494,-0.007734744343906641,0.013446296565234661,-0.0069898515939712524,-0.0021431257482618093,24.511920
0.5406249999999828,-0.007734652142971754,0.013445679098367691,-0.00698918616399169,-0.0021442642901092768,24.511920
0.5408333333333162,-0.007734545040875673,0.013444720767438412,-0.006989374291151762,-0.002143589546903968,24.511920
0.5410416666666495,-0.0077345059253275394,0.013444158248603344,-0.006988624110817909,-0.0021426028106361628,24.511920
0.5412499999999829,-0.007734466344118118,0.013443417847156525,-0.006987870205193758,-0.0021411022171378136,24.511920
0.5414583333333163,-0.007734437473118305,0.013442931696772575,-0.006987240631133318,-0.002140203258022666,24.511920
0.5416666666666496,-0.0077344090677797794,0.013442838564515114,-0.0069875698536634445,-0.0021398314274847507,24.511920
0.541874999999983,-0.007734396029263735,0.013442319817841053,-0.006987124681472778,-0.0021390614565461874,24.511920
0.5420833333333164,-0.0077343471348285675,0.013441277667880058,-0.006985585670918226,-0.002139738295227289,24.511920
0.5422916666666497,-0.007734314072877169,0.013441083952784538,-0.006985235493630171,-0.002140696393325925,24.511920
0.5424999999999831,-0.007734276819974184,0.01344096940010786,-0.006985137704759836,-0.0021419210825115442,24.511920
0.5427083333333165,-0.007734260056167841,0.013440794311463833,-0.006984669249504805,-0.0021431082859635353,24.511920
0.5429166666666498,-0.007734192069619894,0.013439744710922241,-0.006983953062444925,-0.002144348109140992,24.511920
0.5431249999999832,-0.0077341459691524506,0.01343880407512188,-0.006983638275414705,-0.002144794212654233,24.511920
0.5433333333333166,-0.007734071463346481,0.013438249938189983,-0.006983011495321989,-0.002145183738321066,24.511920
0.5435416666666499,-0.007734058424830437,0.013437760062515736,-0.006983062252402306,-0.0021467420738190413,24.511920
0.5437499999999833,-0.007734055630862713,0.013437628746032715,-0.0069830408319830894,-0.002148204715922475,24.511920
0.5439583333333167,-0.007734004408121109,0.013437693007290363,-0.006982334423810244,-0.002148668747395277,24.511920
0.54416666666665,-0.00773396622389555,0.013437358662486076,-0.0069817728362977505,-0.0021493390668183565,24.511920
0.5443749999999834,-0.007733923848718405,0.013437350280582905,-0.006981310900300741,-0.0021503495518118143,24.511920
0.5445833333333168,-0.007733887527137995,0.013437187299132347,-0.006981215439736843,-0.0021513267420232296,24.511920
0.5447916666666501,-0.007733853068202734,0.013437013141810894,-0.006981205195188522,-0.0021516885608434677,24.511920
0.5449999999999835,-0.00773379672318697,0.013436133041977882,-0.006980958394706249,-0.002152837812900543,24.511920
0.5452083333333169,-0.007733752019703388,0.013436081819236279,-0.006980585865676403,-0.0021534909028559923,24.511920
0.5454166666666502,-0.007733691483736038,0.013435553759336472,-0.006980602163821459,-0.002155107446014881,24.511920
0.5456249999999836,-0.007733640260994434,0.01343504711985588,-0.00698029063642025,-0.002157035982236266,24.511920
0.545833333333317,-0.007733614649623632,0.01343509927392006,-0.006979272700846195,-0.0021578141022473574,24.511920
0.5460416666666503,-0.007733597885817289,0.013434859924018383,-0.006978573277592659,-0.002158659975975752,24.511920
0.5462499999999837,-0.007733580656349659,0.013434439897537231,-0.006977536715567112,-0.0021589063107967377,24.511920
0.5464583333333171,-0.007733526639640331,0.013434142805635929,-0.006976919714361429,-0.0021595885045826435,24.511920
0.5466666666666504,-0.007733511738479137,0.01343388482928276,-0.006976535078138113,-0.002159340074285865,24.511920
0.5468749999999838,-0.007733502425253391,0.013432985171675682,-0.006975618191063404,-0.0021601964253932238,24.511920
0.5470833333333172,-0.007733441889286041,0.013432294130325317,-0.006974962539970875,-0.0021604865323752165,24.511920
0.5472916666666505,-0.007733425125479698,0.01343205850571394,-0.006974928546696901,-0.0021609903778880835,24.511920
0.5474999999999839,-0.007733398117125034,0.013431438244879246,-0.006974100600928068,-0.002161093056201935,24.511920
0.5477083333333173,-0.007733343169093132,0.013430999591946602,-0.006973181385546923,-0.0021613293793052435,24.511920
0.5479166666666506,-0.007733306847512722,0.013431153260171413,-0.006972388364374638,-0.0021609971299767494,24.511920
0.548124999999984,-0.007733255624771118,0.013430600054562092,-0.006970391608774662,-0.002160787582397461,24.511920
0.5483333333333174,-0.007733198348432779,0.013430735096335411,-0.006969608832150698,-0.0021604879293590784,24.511920
0.5485416666666507,-0.007733149919658899,0.013430573046207428,-0.006968634203076363,-0.002160010626539588,24.511920
0.5487499999999841,-0.007733114063739777,0.013430237770080566,-0.006966584362089634,-0.0021596939768642187,24.511920
0.5489583333333174,-0.007733020931482315,0.01343032531440258,-0.006965878419578075,-0.002158668590709567,24.511920
0.5491666666666508,-0.007732973899692297,0.01342946570366621,-0.006964467000216246,-0.002158424351364374,24.511920
0.5493749999999842,-0.007732908707112074,0.013429309241473675,-0.006964261643588543,-0.0021578813903033733,24.511920
0.5495833333333175,-0.007732863072305918,0.013428513891994953,-0.006963785272091627,-0.0021573309786617756,24.511920
0.5497916666666509,-0.0077328006736934185,0.013427562080323696,-0.0069625782780349255,-0.0021581738255918026,24.511920
0.5499999999999843,-0.007732704747468233,0.013427240774035454,-0.006962379906326532,-0.0021578834857791662,24.511920
0.5502083333333176,-0.0077326600439846516,0.01342701818794012,-0.00696203438565135,-0.002159553812816739,24.511920
0.550416666666651,-0.007732606492936611,0.013427077792584896,-0.0069618020206689835,-0.002160951029509306,24.511920
0.5506249999999844,-0.00773256691172719,0.013426910154521465,-0.006961216684430838,-0.002161715878173709,24.511920
0.5508333333333177,-0.007732533384114504,0.013426867313683033,-0.0069609154015779495,-0.0021613577846437693,24.511920
0.5510416666666511,-0.007732518017292023,0.01342691108584404,-0.006960206665098667,-0.002161092823371291,24.511920
0.5512499999999845,-0.007732493802905083,0.013426066376268864,-0.006958787329494953,-0.0021606297232210636,24.511920
0.5514583333333178,-0.0077324360609054565,0.013426155783236027,-0.006958388723433018,-0.002160682575777173,24.511920
0.5516666666666512,-0.007732412312179804,0.013425805605947971,-0.0069571370258927345,-0.002160455100238323,24.511920
0.5518749999999846,-0.007732382509857416,0.013425659388303757,-0.006956341210752726,-0.002161149401217699,24.511920
0.5520833333333179,-0.007732358295470476,0.013425864279270172,-0.006955920718610287,-0.002160834614187479,24.511920
0.5522916666666513,-0.007732323836535215,0.013425668701529503,-0.006955831311643124,-0.002160449279472232,24.511920
0.5524999999999847,-0.007732279598712921,0.013424800708889961,-0.006954768672585487,-0.0021597815211862326,24.511920
0.552708333333318,-0.007732253987342119,0.013424428179860115,-0.006954456679522991,-0.002158627612516284,24.511920
0.5529166666666514,-0.007732199504971504,0.013424149714410305,-0.006954770535230637,-0.002157479990273714,24.511920
0.5531249999999848,-0.0077321650460362434,0.013423522934317589,-0.006954479962587357,-0.0021567035000771284,24.511920
0.5533333333333181,-0.007732135243713856,0.013422125019133091,-0.0069536142982542515,-0.002157066948711872,24.511920
0.5535416666666515,-0.007732062134891748,0.013422218151390553,-0.006953633390367031,-0.0021580716129392385,24.511920
0.5537499999999849,-0.0077320365235209465,0.013422086834907532,-0.006953538861125708,-0.0021594162099063396,24.511920
0.5539583333333182,-0.0077319820411503315,0.01342213898897171,-0.006953410804271698,-0.002159666270017624,24.511920
0.5541666666666516,-0.007731908466666937,0.013421609066426754,-0.006953256670385599,-0.002160204341635108,24.511920
0.554374999999985,-0.0077318535186350346,0.01342076063156128,-0.006952784955501556,-0.0021613072603940964,24.511920
0.5545833333333183,-0.0077317869290709496,0.01342054270207882,-0.006952616851776838,-0.002163014141842723,24.511920
0.5547916666666517,-0.007731718476861715,0.013420246541500092,-0.006952802184969187,-0.002164476551115513,24.511920
0.5549999999999851,-0.007731652818620205,0.013418734073638916,-0.006951570510864258,-0.0021671787835657597,24.511920
0.5552083333333184,-0.007731569930911064,0.013418489135801792,-0.006951492745429277,-0.002167424187064171,24.511920
0.5554166666666518,-0.007731438614428043,0.013417329639196396,-0.006950227543711662,-0.002167082391679287,24.511920
0.5556249999999852,-0.007731367368251085,0.013417263515293598,-0.0069509223103523254,-0.002167298225685954,24.511920
0.5558333333333185,-0.007731360383331776,0.013416576199233532,-0.006950260605663061,-0.0021680716890841722,24.511920
0.5560416666666519,-0.007731334771960974,0.013415164314210415,-0.00694856746122241,-0.002168393461033702,24.511920
0.5562499999999853,-0.0077312663197517395,0.013414411805570126,-0.006947800517082214,-0.0021682018414139748,24.511920
0.5564583333333186,-0.007731196004897356,0.0134127801284194,-0.0069466750137507915,-0.002168084727600217,24.511920
0.556666666666652,-0.007731087971478701,0.013411509804427624,-0.00694626709446311,-0.002167915925383568,24.511920
0.5568749999999854,-0.0077310120686888695,0.013411146588623524,-0.006946684326976538,-0.0021683627273887396,24.511920
0.5570833333333187,-0.007730979472398758,0.013411449268460274,-0.006947045214474201,-0.002168717561289668,24.511920
0.5572916666666521,-0.007730972953140736,0.013412726111710072,-0.00694743636995554,-0.002168768085539341,24.511920
0.5574999999999855,-0.007730861194431782,0.013412571512162685,-0.0069478293880820274,-0.002169323153793812,24.511920
0.5577083333333188,-0.007730752695351839,0.013412381522357464,-0.006947134621441364,-0.002169316867366433,24.511920
0.5579166666666522,-0.007730668876320124,0.01341230794787407,-0.0069467066787183285,-0.002169569255784154,24.511920
0.5581249999999855,-0.007730555254966021,0.013411629013717175,-0.006945944391191006,-0.002170632826164365,24.511920
0.5583333333333189,-0.007730457000434399,0.013411659747362137,-0.0069455173797905445,-0.0021706123370677233,24.511920
0.5585416666666523,-0.007730436976999044,0.013412151485681534,-0.006945113651454449,-0.00217147683724761,24.511920
0.5587499999999856,-0.007730378303676844,0.013412179425358772,-0.006945636589080095,-0.0021712162997573614,24.511920
0.558958333333319,-0.0077303191646933556,0.01341255847364664,-0.006945491302758455,-0.0021714672911912203,24.511920
0.5591666666666524,-0.00773027166724205,0.0134134441614151,-0.006945622619241476,-0.002172989072278142,24.511920
0.5593749999999857,-0.0077302055433392525,0.013413348235189915,-0.006945093162357807,-0.002174167428165674,24.511920
0.5595833333333191,-0.007730168290436268,0.013413184322416782,-0.00694443192332983,-0.002176460810005665,24.511920
0.5597916666666525,-0.007730138022452593,0.013412966392934322,-0.006943776737898588,-0.0021776396315544844,24.511920
0.5599999999999858,-0.0077300607226789,0.013412326574325562,-0.0069436016492545605,-0.0021777229849249125,24.511920
0.5602083333333192,-0.007730043493211269,0.013412842527031898,-0.006944350432604551,-0.0021777446381747723,24.511920
0.5604166666666526,-0.007729996461421251,0.01341256219893694,-0.006944903638213873,-0.0021780095994472504,24.511920
0.5606249999999859,-0.007729941513389349,0.013411748223006725,-0.006944407243281603,-0.002178084570914507,24.511920
0.5608333333333193,-0.007729918695986271,0.013411463238298893,-0.006942985579371452,-0.0021788040176033974,24.511920
0.5610416666666527,-0.007729869801551104,0.013411520048975945,-0.006942924112081528,-0.0021788927260786295,24.511920
0.561249999999986,-0.007729849312454462,0.013412529602646828,-0.006943117827177048,-0.0021796654909849167,24.511920
0.5614583333333194,-0.007729773409664631,0.013412256725132465,-0.006942541338503361,-0.0021797949448227882,24.511920
0.5616666666666528,-0.007729705423116684,0.013412028551101685,-0.006942480802536011,-0.002180214039981365,24.511920
0.5618749999999861,-0.007729667704552412,0.013411922380328178,-0.006942298263311386,-0.0021807351149618626,24.511920
0.5620833333333195,-0.007729624398052692,0.01341186836361885,-0.006942195352166891,-0.0021807984448969364,24.511920
0.5622916666666529,-0.007729620207101107,0.01341103482991457,-0.0069423518143594265,-0.0021808985620737076,24.511920
0.5624999999999862,-0.007729562930762768,0.013410368002951145,-0.006942650303244591,-0.002180433366447687,24.511920
0.5627083333333196,-0.00772953312844038,0.013410478830337524,-0.006943101994693279,-0.002180728828534484,24.511920
0.562916666666653,-0.007729478646069765,0.013409850187599659,-0.006942781154066324,-0.002180415904149413,24.511920
0.5631249999999863,-0.007729441858828068,0.013409022241830826,-0.006942881736904383,-0.002180424053221941,24.511920
0.5633333333333197,-0.007729387376457453,0.013408597558736801,-0.006943437270820141,-0.00218101404607296,24.511920
0.5635416666666531,-0.00772932218387723,0.013407508842647076,-0.006942985113710165,-0.002183610573410988,24.511920
0.5637499999999864,-0.007729224395006895,0.013406642712652683,-0.00694241002202034,-0.0021844941657036543,24.511920
0.5639583333333198,-0.007729130797088146,0.01340588741004467,-0.00694263493642211,-0.0021853232756257057,24.511920
0.5641666666666532,-0.007729088421911001,0.013406075537204742,-0.006943258922547102,-0.002185151446610689,24.511920
0.5643749999999865,-0.00772905396297574,0.01340635959059,-0.0069435108453035355,-0.00218615448102355,24.511920
0.5645833333333199,-0.007728984579443932,0.013406198471784592,-0.00694282865151763,-0.002186698140576482,24.511920
0.5647916666666533,-0.007728895638138056,0.01340544130653143,-0.006941670086234808,-0.0021880781278014183,24.511920
0.5649999999999866,-0.007728883530944586,0.013405186124145985,-0.006941003724932671,-0.0021894751116633415,24.511920
0.56520833333332,-0.007728797383606434,0.01340454164892435,-0.006940736901015043,-0.0021899386774748564,24.511920
0.5654166666666534,-0.00772870983928442,0.013403790071606636,-0.006940864492207766,-0.002190358703956008,24.511920
0.5656249999999867,-0.007728660944849253,0.013403098098933697,-0.006940573453903198,-0.00219086860306561,24.511920
0.5658333333333201,-0.007728608790785074,0.013402310200035572,-0.0069404058158397675,-0.0021907601039856672,24.511920
0.5660416666666535,-0.0077285743318498135,0.013402234762907028,-0.006939838640391827,-0.0021902555599808693,24.511920
0.5662499999999868,-0.007728532422333956,0.013401663862168789,-0.006939131300896406,-0.002190458355471492,24.511920
0.5664583333333202,-0.007728477939963341,0.013401850126683712,-0.006938646547496319,-0.00219012051820755,24.511920
0.5666666666666536,-0.007728411350399256,0.013401282019913197,-0.006937283556908369,-0.0021898660343140364,24.511920
0.5668749999999869,-0.007728355936706066,0.013401229865849018,-0.006936769932508469,-0.0021905258763581514,24.511920
0.5670833333333203,-0.007728312164545059,0.013401055708527565,-0.006936227437108755,-0.002191163133829832,24.511920
0.5672916666666536,-0.007728246971964836,0.013400688767433167,-0.006935900542885065,-0.0021916094701737165,24.511920
0.567499999999987,-0.007728191092610359,0.013400489464402199,-0.00693527702242136,-0.0021925652399659157,24.511920
0.5677083333333204,-0.007728126831352711,0.013399395160377026,-0.006934697739779949,-0.0021940814331173897,24.511920
0.5679166666666537,-0.007728019263595343,0.013399160467088223,-0.006934586446732283,-0.0021937997080385685,24.511920
0.5681249999999871,-0.007727963384240866,0.013399084098637104,-0.006933983881026506,-0.0021936893463134766,24.511920
0.5683333333333205,-0.007727907970547676,0.013399451971054077,-0.006933451630175114,-0.002193543827161193,24.511920
0.5685416666666538,-0.0077278707176446915,0.013399609364569187,-0.006932657212018967,-0.00219372333958745,24.511920
0.5687499999999872,-0.007727813441306353,0.013399526476860046,-0.006931187119334936,-0.002193118678405881,24.511920
0.5689583333333206,-0.007727799005806446,0.01339967455714941,-0.006930810399353504,-0.002192046493291855,24.511920
0.5691666666666539,-0.0077277724631130695,0.013400431722402573,-0.00693052913993597,-0.0021923710592091084,24.511920
0.5693749999999873,-0.007727683987468481,0.013399762101471424,-0.006930030416697264,-0.002192295156419277,24.511920
0.5695833333333207,-0.007727653719484806,0.013399910181760788,-0.006929157767444849,-0.002192235551774502,24.511920
0.569791666666654,-0.0077276332303881645,0.013400524854660034,-0.006929054856300354,-0.002192144049331546,24.511920
0.5699999999999874,-0.007727529387921095,0.013400641269981861,-0.00692835683003068,-0.0021912134252488613,24.511920
0.5702083333333208,-0.007727451156824827,0.013401028700172901,-0.0069278390146791935,-0.002191131003201008,24.511920
0.5704166666666541,-0.007727383635938168,0.013400810770690441,-0.006926761008799076,-0.0021910418290644884,24.511920
0.5706249999999875,-0.007727311924099922,0.01340102031826973,-0.006926215719431639,-0.002190764294937253,24.511920
0.5708333333333209,-0.007727285847067833,0.013400816358625889,-0.00692566717043519,-0.002191222505643964,24.511920
0.5710416666666542,-0.007727231830358505,0.013400833122432232,-0.006925063673406839,-0.002191055566072464,24.511920
0.5712499999999876,-0.007727155927568674,0.01339985616505146,-0.006924303714185953,-0.0021911016665399075,24.511920
0.571458333333321,-0.00772707536816597,0.013399964198470116,-0.006924277171492577,-0.002191686537116766,24.511920
0.5716666666666543,-0.007726998068392277,0.013400083407759666,-0.006924441549926996,-0.002193013671785593,24.511920
0.5718749999999877,-0.007726928684860468,0.01339961402118206,-0.006923906039446592,-0.0021951168309897184,24.511920
0.5720833333333211,-0.007726845797151327,0.013399505987763405,-0.006923903711140156,-0.0021956907585263252,24.511920
0.5722916666666544,-0.007726805750280619,0.013399465940892696,-0.006924131419509649,-0.0021959934383630753,24.511920
0.5724999999999878,-0.007726728450506926,0.013398980721831322,-0.006924097891896963,-0.002195798559114337,24.511920
0.5727083333333212,-0.007726662326604128,0.013398274779319763,-0.006923752836883068,-0.002195484470576048,24.511920
0.5729166666666545,-0.007726650685071945,0.013398739509284496,-0.00692423852160573,-0.002195571782067418,24.511920
0.5731249999999879,-0.007726556155830622,0.01339770294725895,-0.006924229674041271,-0.0021953450050204992,24.511920
0.5733333333333213,-0.007726531941443682,0.0133981229737401,-0.006924097891896963,-0.002195268403738737,24.511920
0.5735416666666546,-0.00772645091637969,0.013397959060966969,-0.006923861335963011,-0.0021958472207188606,24.511920
0.573749999999988,-0.00772639038041234,0.013398425653576851,-0.006923132576048374,-0.0021953065879642963,24.511920
0.5739583333333214,-0.007726338226348162,0.01339832041412592,-0.006921820342540741,-0.002196085173636675,24.511920
0.5741666666666547,-0.0077262925915420055,0.013398743234574795,-0.006920924875885248,-0.0021963126491755247,24.511920
0.5743749999999881,-0.007726223673671484,0.01339838095009327,-0.006919583771377802,-0.002196066314354539,24.511920
0.5745833333333215,-0.007726131938397884,0.01339817326515913,-0.006918770261108875,-0.002195521257817745,24.511920
0.5747916666666548,-0.007726114243268967,0.013398254290223122,-0.006918627768754959,-0.002195582492277026,24.511920
0.5749999999999882,-0.007726078387349844,0.013397695496678352,-0.006917309947311878,-0.0021956206765025854,24.511920
0.5752083333333216,-0.00772602204233408,0.013397324830293655,-0.006916420068591833,-0.002196480752900243,24.511920
0.5754166666666549,-0.007725991774350405,0.013397309929132462,-0.006915620528161526,-0.002196553396061063,24.511920
0.5756249999999883,-0.00772590097039938,0.01339650060981512,-0.006914426572620869,-0.002198062604293227,24.511920
0.5758333333333217,-0.007725822273641825,0.01339626032859087,-0.006913008634001017,-0.0021980307064950466,24.511920
0.576041666666655,-0.0077257766388356686,0.01339644007384777,-0.006912097334861755,-0.002198099857196212,24.511920
0.5762499999999884,-0.007725708652287722,0.013396305963397026,-0.006911417469382286,-0.0021987168584018946,24.511920
0.5764583333333217,-0.007725654169917107,0.013396242633461952,-0.006910925265401602,-0.0021992004476487637,24.511920
0.5766666666666551,-0.007725627161562443,0.013396098278462887,-0.006910084746778011,-0.002199897076934576,24.511920
0.5768749999999885,-0.007725565694272518,0.01339595764875412,-0.006909588817507029,-0.002200106158852577,24.511920
0.5770833333333218,-0.0077254860661923885,0.013395166024565697,-0.006908973678946495,-0.0022000381723046303,24.511920
0.5772916666666552,-0.007725431118160486,0.013394977897405624,-0.006908593699336052,-0.00219936715438962,24.511920
0.5774999999999886,-0.007725382223725319,0.013394609093666077,-0.0069082812406122684,-0.002199223730713129,24.511920
0.5777083333333219,-0.007725332863628864,0.013394220732152462,-0.006907462142407894,-0.0021991136018186808,24.511920
0.5779166666666553,-0.007725301198661327,0.013393799774348736,-0.006906804163008928,-0.002198273316025734,24.511920
0.5781249999999887,-0.00772523507475853,0.013393694534897804,-0.006906612776219845,-0.00219720252789557,24.511920
0.578333333333322,-0.00772516056895256,0.01339266262948513,-0.006905902177095413,-0.0021967582870274782,24.511920
0.5785416666666554,-0.007725072093307972,0.013392439112067223,-0.006905487738549709,-0.002196819754317403,24.511920
0.5787499999999888,-0.007725010626018047,0.013393101282417774,-0.006906087510287762,-0.002198140136897564,24.511920
0.5789583333333221,-0.007724890019744635,0.013392859138548374,-0.006906895432621241,-0.0021980232559144497,24.511920
0.5791666666666555,-0.00772477313876152,0.013392150402069092,-0.0069062416441738605,-0.0021975066047161818,24.511920
0.5793749999999889,-0.007724713068455458,0.013392853550612926,-0.0069064609706401825,-0.0021994933485984802,24.511920
0.5795833333333222,-0.00772462971508503,0.013392576016485691,-0.00690628495067358,-0.0021996053401380777,24.511920
0.5797916666666556,-0.007724577095359564,0.013392350636422634,-0.006905683781951666,-0.0021993990521878004,24.511920
0.579999999999989,-0.007724540773779154,0.013392185792326927,-0.00690540811046958,-0.0021983222104609013,24.511920
0.5802083333333223,-0.007724527735263109,0.013392557390034199,-0.00690562603995204,-0.0021977953147143126,24.511920
0.5804166666666557,-0.007724428549408913,0.013391624204814434,-0.0069051324389874935,-0.0021977957803756,24.511920
0.5806249999999891,-0.007724395487457514,0.013391724787652493,-0.006904646288603544,-0.0021973163820803165,24.511920
0.5808333333333224,-0.007724345196038485,0.013391418382525444,-0.006904629059135914,-0.002196976449340582,24.511920
0.5810416666666558,-0.0077242362312972546,0.013391068205237389,-0.006904962472617626,-0.0021967943757772446,24.511920
0.5812499999999892,-0.007724144496023655,0.013391036540269852,-0.006905185990035534,-0.0021964043844491243,24.511920
0.5814583333333225,-0.007724052295088768,0.013391404412686825,-0.006905411835759878,-0.002196107292547822,24.511920
0.5816666666666559,-0.0077239652164280415,0.013391788117587566,-0.006905514746904373,-0.0021955915726721287,24.511920
0.5818749999999893,-0.007723867893218994,0.013392153196036816,-0.006905750837177038,-0.002194729633629322,24.511920
0.5820833333333226,-0.007723747752606869,0.013392633758485317,-0.006905840709805489,-0.002194891218096018,24.511920
0.582291666666656,-0.007723670452833176,0.013393276371061802,-0.0069054351188242435,-0.002195263747125864,24.511920
0.5824999999999894,-0.007723582908511162,0.013393296860158443,-0.0069042076356709,-0.0021958686411380768,24.511920
0.5827083333333227,-0.007723495829850435,0.013393023982644081,-0.00690331868827343,-0.00219666282646358,24.511920
0.5829166666666561,-0.0077234129421412945,0.013392792083323002,-0.006902722641825676,-0.002196641406044364,24.511920
0.5831249999999895,-0.007723360322415829,0.013392550870776176,-0.006901608780026436,-0.002197829307988286,24.511920
0.5833333333333228,-0.007723324932157993,0.013392303138971329,-0.006900788750499487,-0.002196977147832513,24.511920
0.5835416666666562,-0.007723294198513031,0.013393024913966656,-0.006901064421981573,-0.002197255613282323,24.511920
0.5837499999999896,-0.007723227143287659,0.013393046334385872,-0.006900710519403219,-0.0021985021885484457,24.511920
0.5839583333333229,-0.00772314565256238,0.01339288242161274,-0.0068997289054095745,-0.0021990288514643908,24.511920
0.5841666666666563,-0.007723086979240179,0.013393268920481205,-0.006899384316056967,-0.0021994507405906916,24.511920
0.5843749999999897,-0.007723012939095497,0.013393405824899673,-0.006899006199091673,-0.002200367860496044,24.511920
0.584583333333323,-0.007722920272499323,0.013392630033195019,-0.006898500956594944,-0.002200694754719734,24.511920
0.5847916666666564,-0.007722850888967514,0.013392842374742031,-0.006897753570228815,-0.002201259834691882,24.511920
0.5849999999999898,-0.007722784765064716,0.013393521308898926,-0.006897528190165758,-0.0022013792768120766,24.511920
0.5852083333333231,-0.00772271491587162,0.013393213972449303,-0.006897598039358854,-0.0022021671757102013,24.511920
0.5854166666666565,-0.007722622249275446,0.013392786495387554,-0.006897198501974344,-0.0022029029205441475,24.511920
0.5856249999999898,-0.007722540758550167,0.013392722234129906,-0.006896970793604851,-0.0022033711429685354,24.511920
0.5858333333333232,-0.007722470443695784,0.013392898254096508,-0.0068976497277617455,-0.0022040128242224455,24.511920
0.5860416666666566,-0.007722390815615654,0.01339276134967804,-0.006898098159581423,-0.002205340191721916,24.511920
0.58624999999999,-0.007722285110503435,0.013392030261456966,-0.006898368243128061,-0.0022060133051127195,24.511920
0.5864583333333233,-0.007722208742052317,0.013391796499490738,-0.006898366846144199,-0.0022064661607146263,24.511920
0.5866666666666567,-0.007722124923020601,0.01339222863316536,-0.0068992264568805695,-0.0022077986504882574,24.511920
0.58687499999999,-0.007722030859440565,0.01339162141084671,-0.0068991901353001595,-0.0022099234629422426,24.511920
0.5870833333333234,-0.007721951697021723,0.013391673564910889,-0.006899711210280657,-0.0022105872631073,24.511920
0.5872916666666568,-0.0077219088561832905,0.013391679152846336,-0.00690027792006731,-0.002210863633081317,24.511920
0.5874999999999901,-0.007721837144345045,0.013391374610364437,-0.0069008576683700085,-0.002210827311500907,24.511920
0.5877083333333235,-0.007721778936684132,0.013391080312430859,-0.006901348475366831,-0.002210083417594433,24.511920
0.5879166666666569,-0.007721736561506987,0.01339139323681593,-0.006902175024151802,-0.0022100580390542746,24.511920
0.5881249999999902,-0.007721629925072193,0.013390603475272655,-0.006902596447616816,-0.0022099907509982586,24.511920
0.5883333333333236,-0.007721582893282175,0.013390859588980675,-0.006902606226503849,-0.0022094068117439747,24.511920
0.588541666666657,-0.007721514906734228,0.013391426764428616,-0.006902572698891163,-0.002209188649430871,24.511920
0.5887499999999903,-0.007721397094428539,0.013391125947237015,-0.006902171764522791,-0.002208821475505829,24.511920
0.5889583333333237,-0.007721323519945145,0.013391679152846336,-0.0069025615230202675,-0.002208344405516982,24.511920
0.5891666666666571,-0.007721243891865015,0.013391649350523949,-0.006902935449033976,-0.0022083348594605923,24.511920
0.5893749999999904,-0.007721163332462311,0.013391608372330666,-0.006903429515659809,-0.0022082726936787367,24.511920
0.5895833333333238,-0.007721075788140297,0.013392077758908272,-0.0069030532613396645,-0.002208483638241887,24.511920
0.5897916666666572,-0.007720986846834421,0.013392140157520771,-0.006902711931616068,-0.002209068974480033,24.511920
0.5899999999999905,-0.007720874156802893,0.013392453081905842,-0.006902446039021015,-0.002208797726780176,24.511920
0.5902083333333239,-0.007720828987658024,0.013392811641097069,-0.006902638357132673,-0.002208828693255782,24.511920
0.5904166666666573,-0.007720731198787689,0.013392637483775616,-0.006902335677295923,-0.0022084491793066263,24.511920
0.5906249999999906,-0.007720696274191141,0.013392952270805836,-0.006901480723172426,-0.0022082608193159103,24.511920
0.590833333333324,-0.007720653433352709,0.013392698019742966,-0.006901029031723738,-0.0022083157673478127,24.511920
0.5910416666666574,-0.007720584515482187,0.01339216809719801,-0.006900304462760687,-0.0022079963237047195,24.511920
0.5912499999999907,-0.007720533758401871,0.01339211780577898,-0.006899635773152113,-0.00220782239921391,24.511920
0.5914583333333241,-0.007720472291111946,0.013391975313425064,-0.0068996259942650795,-0.00220789248123765,24.511920
0.5916666666666575,-0.007720388472080231,0.01339221652597189,-0.006899897009134293,-0.0022089958656579256,24.511920
0.5918749999999908,-0.00772031070664525,0.0133923115208745,-0.006899647414684296,-0.0022097548935562372,24.511920
0.5920833333333242,-0.007720244582742453,0.013392997905611992,-0.006899786647409201,-0.0022109616547822952,24.511920
0.5922916666666576,-0.007720137946307659,0.013393080793321133,-0.0069000814110040665,-0.0022123148664832115,24.511920
0.5924999999999909,-0.007720029912889004,0.01339228730648756,-0.006900658365339041,-0.0022128394339233637,24.511920
0.5927083333333243,-0.007719963323324919,0.01339138112962246,-0.006900840438902378,-0.00221332092769444,24.511920
0.5929166666666577,-0.007719867862761021,0.013391227461397648,-0.006901663728058338,-0.002214902313426137,24.511920
0.593124999999991,-0.007719762623310089,0.01339048147201538,-0.006901704240590334,-0.002215900458395481,24.511920
0.5933333333333244,-0.007719668094068766,0.01339060626924038,-0.006902060005813837,-0.0022174972109496593,24.511920
0.5935416666666578,-0.007719559594988823,0.013390191830694675,-0.00690227746963501,-0.00221808860078454,24.511920
0.5937499999999911,-0.007719467859715223,0.013389836996793747,-0.006901640444993973,-0.002218660432845354,24.511920
0.5939583333333245,-0.007719395216554403,0.01338975876569748,-0.006901266053318977,-0.0022181079257279634,24.511920
0.5941666666666579,-0.007719335146248341,0.0133894057944417,-0.006901516579091549,-0.002218185691162944,24.511920
0.5943749999999912,-0.00771931279450655,0.01338973268866539,-0.006901592016220093,-0.0022184972185641527,24.511920
0.5945833333333246,-0.007719220593571663,0.013389122672379017,-0.006901192478835583,-0.0022188457660377026,24.511920
0.594791666666658,-0.007719151210039854,0.013388973660767078,-0.006901191547513008,-0.0022184320259839296,24.511920
0.5949999999999913,-0.007719056680798531,0.013388867489993572,-0.006901125889271498,-0.0022174117621034384,24.511920
0.5952083333333247,-0.0077189854346215725,0.013388916850090027,-0.0069010211154818535,-0.0022170122247189283,24.511920
0.595416666666658,-0.007718904875218868,0.013388783670961857,-0.006900279317051172,-0.0022162364330142736,24.511920
0.5956249999999914,-0.007718817330896854,0.01338882651180029,-0.0068998862989246845,-0.0022157197818160057,24.511920
0.5958333333333248,-0.007718742359429598,0.013389025814831257,-0.006900271866470575,-0.002215177519246936,24.511920
0.5960416666666581,-0.007718633860349655,0.013388724066317081,-0.006900480017066002,-0.0022151980083435774,24.511920
0.5962499999999915,-0.007718533743172884,0.013389458879828453,-0.0069009787403047085,-0.00221535237506032,24.511920
0.5964583333333249,-0.007718411274254322,0.013390140607953072,-0.006900949869304895,-0.002214650623500347,24.511920
0.5966666666666582,-0.007718284614384174,0.013390056788921356,-0.00690106675028801,-0.002213185653090477,24.511920
0.5968749999999916,-0.00771825248375535,0.01339036412537098,-0.006900269538164139,-0.002212416846305132,24.511920
0.597083333333325,-0.007718226406723261,0.013390861451625824,-0.00690051494166255,-0.0022115372121334076,24.511920
0.5972916666666583,-0.00771818682551384,0.013390440493822098,-0.006900394801050425,-0.0022109297569841146,24.511920
0.5974999999999917,-0.007718138862401247,0.013389641419053078,-0.006899992469698191,-0.002210113452747464,24.511920
0.5977083333333251,-0.0077180881053209305,0.0133888628333807,-0.0068983882665634155,-0.0022103488445281982,24.511920
0.5979166666666584,-0.007717982865869999,0.013388094492256641,-0.006897078827023506,-0.0022108820267021656,24.511920
0.5981249999999918,-0.007717907894402742,0.013388221152126789,-0.006896559614688158,-0.0022114983294159174,24.511920
0.5983333333333252,-0.007717810105532408,0.013387784361839294,-0.006896461360156536,-0.002212079707533121,24.511920
0.5985416666666585,-0.0077177295461297035,0.013387535698711872,-0.006896188482642174,-0.002212721621617675,24.511920
0.5987499999999919,-0.007717642933130264,0.013387101702392101,-0.006896163336932659,-0.0022137777414172888,24.511920
0.5989583333333253,-0.007717538625001907,0.013386711478233337,-0.006896344479173422,-0.0022147935815155506,24.511920
0.5991666666666586,-0.007717424537986517,0.013386770151555538,-0.0068966094404459,-0.00221643946133554,24.511920
0.599374999999992,-0.007717329077422619,0.013386751525104046,-0.006896574050188065,-0.0022174562327563763,24.511920
0.5995833333333254,-0.007717231288552284,0.013386296108365059,-0.006896441802382469,-0.0022181414533406496,24.511920
0.5997916666666587,-0.007717124652117491,0.013385841622948647,-0.006896077189594507,-0.002218314679339528,24.511920
0.5999999999999921,-0.007717065513134003,0.013386236503720284,-0.006896400824189186,-0.0022189293522387743,24.511920
0.6002083333333255,-0.007716970052570105,0.013385762460529804,-0.006896685343235731,-0.0022199200466275215,24.511920
0.6004166666666588,-0.007716898340731859,0.013385948725044727,-0.006897180341184139,-0.0022199940867722034,24.511920
0.6006249999999922,-0.007716806139796972,0.013385668396949768,-0.0068979025818407536,-0.00222040549851954,24.511920
0.6008333333333256,-0.0077167390845716,0.013386142440140247,-0.006897592451423407,-0.002221767557784915,24.511920
0.6010416666666589,-0.00771663524210453,0.013386284932494164,-0.006897572427988052,-0.002222011797130108,24.511920
0.6012499999999923,-0.007716531399637461,0.013386786915361881,-0.006897010840475559,-0.0022216138895601034,24.511920
0.6014583333333257,-0.007716430351138115,0.013387106359004974,-0.0068973652087152,-0.0022220073733478785,24.511920
0.601666666666659,-0.007716318126767874,0.013387627899646759,-0.006897849030792713,-0.002221737988293171,24.511920
0.6018749999999924,-0.007716224528849125,0.01338789239525795,-0.006898265331983566,-0.0022216748911887407,24.511920
0.6020833333333258,-0.007716128136962652,0.013387558050453663,-0.006898617837578058,-0.002220981987193227,24.511920
0.6022916666666591,-0.007716044783592224,0.013387832790613174,-0.006898682564496994,-0.0022205726709216833,24.511920
0.6024999999999925,-0.007715967018157244,0.01338834036141634,-0.006899038329720497,-0.0022212201729416847,24.511920
0.6027083333333259,-0.007715873420238495,0.013388384133577347,-0.006899133324623108,-0.002220903290435672,24.511920
0.6029166666666592,-0.007715774234384298,0.013388531282544136,-0.006899366620928049,-0.002220647409558296,24.511920
0.6031249999999926,-0.007715700659900904,0.01338875014334917,-0.006899168249219656,-0.0022207179572433233,24.511920
0.603333333333326,-0.007715640123933554,0.013389499858021736,-0.006898967083543539,-0.002220279537141323,24.511920
0.6035416666666593,-0.00771556468680501,0.013389334082603455,-0.006899427622556686,-0.0022200369276106358,24.511920
0.6037499999999927,-0.007715507410466671,0.013389810919761658,-0.006900648586452007,-0.002219528891146183,24.511920
0.603958333333326,-0.007715380750596523,0.01338891126215458,-0.006899841595441103,-0.002219818765297532,24.511920
0.6041666666666594,-0.0077152918092906475,0.01338891126215458,-0.006899645552039146,-0.0022197917569428682,24.511920
0.6043749999999928,-0.007715211249887943,0.01338830217719078,-0.006898568943142891,-0.002219742862507701,24.511920
0.6045833333333261,-0.007715126033872366,0.013387727551162243,-0.006897834595292807,-0.0022197114303708076,24.511920
0.6047916666666595,-0.007715045940130949,0.013387379236519337,-0.006897538434714079,-0.002219216665253043,24.511920
0.6049999999999929,-0.0077149393036961555,0.013386991806328297,-0.006897334940731525,-0.0022193000186234713,24.511920
0.6052083333333262,-0.007714828941971064,0.013386263512074947,-0.006897158455103636,-0.002219732152298093,24.511920
0.6054166666666596,-0.007714726030826569,0.013386156409978867,-0.0068971626460552216,-0.0022211777977645397,24.511920
0.605624999999993,-0.007714531384408474,0.013385362923145294,-0.006896968465298414,-0.0022208145819604397,24.511920
0.6058333333333263,-0.0077144247479736805,0.01338473241776228,-0.006897181738168001,-0.002223577117547393,24.511920
0.6060416666666597,-0.007714318577200174,0.013384188525378704,-0.00689723901450634,-0.0022237375378608704,24.511920
0.6062499999999931,-0.007714251987636089,0.01338348537683487,-0.0068974923342466354,-0.002224425319582224,24.511920
0.6064583333333264,-0.007714189123362303,0.013383310288190842,-0.006897416897118092,-0.0022243475541472435,24.511920
0.6066666666666598,-0.007714144419878721,0.01338258571922779,-0.0068972487933933735,-0.002224598079919815,24.511920
0.6068749999999932,-0.007714088074862957,0.013382443226873875,-0.006897083017975092,-0.002224832074716687,24.511920
0.6070833333333265,-0.007713965140283108,0.013382711447775364,-0.00689714727923274,-0.0022251347545534372,24.511920
0.6072916666666599,-0.007713831029832363,0.013382372446358204,-0.0068968115374445915,-0.002225142437964678,24.511920
0.6074999999999933,-0.007713724859058857,0.013382213190197945,-0.0068962895311415195,-0.0022246672306209803,24.511920
0.6077083333333266,-0.007713652681559324,0.01338253729045391,-0.006895763799548149,-0.002223917515948415,24.511920
0.60791666666666,-0.007713547442108393,0.01338240411132574,-0.00689574982970953,-0.0022233931813389063,24.511920
0.6081249999999934,-0.007713445462286472,0.013382247649133205,-0.006895053666085005,-0.0022233533672988415,24.511920
0.6083333333333267,-0.0077133625745773315,0.013382967561483383,-0.0068947933614254,-0.002223492367193103,24.511920
0.6085416666666601,-0.007713237311691046,0.013382784090936184,-0.006894364953041077,-0.0022228690795600414,24.511920
0.6087499999999935,-0.00771313114091754,0.013382676057517529,-0.006893564015626907,-0.002223137766122818,24.511920
0.6089583333333268,-0.007713016122579575,0.01338297501206398,-0.006893548183143139,-0.0022227484732866287,24.511920
0.6091666666666602,-0.007712936028838158,0.013383325189352036,-0.0068936701864004135,-0.002222508890554309,24.511920
0.6093749999999936,-0.007712827064096928,0.013383436016738415,-0.006893533281981945,-0.0022225368302315474,24.511920
0.6095833333333269,-0.007712741382420063,0.013383611105382442,-0.006893201265484095,-0.0022219435777515173,24.511920
0.6097916666666603,-0.007712685503065586,0.013384613208472729,-0.006892618723213673,-0.0022219729144126177,24.511920
0.6099999999999937,-0.007712601684033871,0.013384210877120495,-0.006890842691063881,-0.0022227924782782793,24.511920
0.610208333333327,-0.007712485268712044,0.01338335033506155,-0.00688959239050746,-0.0022228630259633064,24.511920
0.6104166666666604,-0.0077123758383095264,0.013382683508098125,-0.006888889241963625,-0.002222227631136775,24.511920
0.6106249999999938,-0.0077122850343585014,0.01338216196745634,-0.006888890638947487,-0.0022220604587346315,24.511920
0.6108333333333271,-0.007712183520197868,0.013381602242588997,-0.006889161188155413,-0.0022224863059818745,24.511920
0.6110416666666605,-0.007712088990956545,0.013381050899624825,-0.0068892803974449635,-0.002223911928012967,24.511920
0.6112499999999939,-0.007712006103247404,0.013381380587816238,-0.006889751181006432,-0.0022254365030676126,24.511920
0.6114583333333272,-0.007711860816925764,0.013380750082433224,-0.00688967714086175,-0.0022258791141211987,24.511920
0.6116666666666606,-0.007711735088378191,0.013379978016018867,-0.006889781448990107,-0.0022271284833550453,24.511920
0.611874999999994,-0.007711628917604685,0.013379085808992386,-0.006889407988637686,-0.0022269163746386766,24.511920
0.6120833333333273,-0.007711549289524555,0.013378579169511795,-0.006890189368277788,-0.0022270213812589645,24.511920
0.6122916666666607,-0.007711460348218679,0.013378678821027279,-0.006891321856528521,-0.002227277960628271,24.511920
0.612499999999994,-0.007711306679993868,0.013378540053963661,-0.006891785655170679,-0.002227474469691515,24.511920
0.6127083333333274,-0.007711200974881649,0.013379016891121864,-0.006891930475831032,-0.002226828597486019,24.511920
0.6129166666666608,-0.007711110170930624,0.013379181735217571,-0.00689146900549531,-0.0022263990249484777,24.511920
0.6131249999999941,-0.007711014244705439,0.013379859738051891,-0.006891920696943998,-0.002225978299975395,24.511920
0.6133333333333275,-0.0077108899131417274,0.01338005717843771,-0.006891824770718813,-0.002225743141025305,24.511920
0.6135416666666609,-0.007710773963481188,0.013380035758018494,-0.006892274599522352,-0.002224888186901808,24.511920
0.6137499999999942,-0.007710685487836599,0.013380582444369793,-0.006892311852425337,-0.0022249759640544653,24.511920
0.6139583333333276,-0.007710568606853485,0.013380712829530239,-0.00689245481044054,-0.0022257771342992783,24.511920
0.614166666666661,-0.007710454519838095,0.013380753807723522,-0.006893021520227194,-0.002226832089945674,24.511920
0.6143749999999943,-0.007710341364145279,0.01338132657110691,-0.0068931435234844685,-0.002227224176749587,24.511920
0.6145833333333277,-0.007710226345807314,0.013381857424974442,-0.006893796380609274,-0.002227142220363021,24.511920
0.6147916666666611,-0.007710095960646868,0.01338210143148899,-0.00689434539526701,-0.0022268963512033224,24.511920
0.6149999999999944,-0.007709990721195936,0.01338263414800167,-0.006895036902278662,-0.0022259599063545465,24.511920
0.6152083333333278,-0.007709846831858158,0.013383053243160248,-0.006895663682371378,-0.0022258262615650892,24.511920
0.6154166666666612,-0.0077097462490201,0.01338291447609663,-0.006894891615957022,-0.002226442564278841,24.511920
0.6156249999999945,-0.007709627039730549,0.013383113779127598,-0.0068940226919949055,-0.00222674454562366,24.511920
0.6158333333333279,-0.0077095371671020985,0.013382990844547749,-0.00689332652837038,-0.0022273471113294363,24.511920
0.6160416666666613,-0.007709456142038107,0.013382568955421448,-0.0068930089473724365,-0.0022275622468441725,24.511920
0.6162499999999946,-0.00770935183390975,0.013382375240325928,-0.0068925730884075165,-0.002227974822744727,24.511920
0.616458333333328,-0.007709243334829807,0.013381509110331535,-0.0068920389749109745,-0.002228810451924801,24.511920
0.6166666666666614,-0.007709142751991749,0.013380587100982666,-0.006891665514558554,-0.0022294309455901384,24.511920
0.6168749999999947,-0.007709034252911806,0.01337972842156887,-0.006891185883432627,-0.002230543876066804,24.511920
0.6170833333333281,-0.007708917371928692,0.013379072770476341,-0.006891102995723486,-0.0022316998802125454,24.511920
0.6172916666666615,-0.007708795368671417,0.013379273936152458,-0.006891241762787104,-0.0022314894013106823,24.511920
0.6174999999999948,-0.007708685006946325,0.013378852978348732,-0.006890557706356049,-0.0022316137328743935,24.511920
0.6177083333333282,-0.007708608638495207,0.013378770090639591,-0.006890786811709404,-0.002231418155133724,24.511920
0.6179166666666616,-0.007708508055657148,0.013378608971834183,-0.006890437100082636,-0.0022312644869089127,24.511920
0.6181249999999949,-0.007708404678851366,0.013378588482737541,-0.006890587974339724,-0.0022309222258627415,24.511920
0.6183333333333283,-0.0077083176001906395,0.013378261588513851,-0.0068899281322956085,-0.002230682410299778,24.511920
0.6185416666666617,-0.007708256132900715,0.013378801755607128,-0.006889630109071732,-0.0022299042902886868,24.511920
0.618749999999995,-0.007708133663982153,0.013378152623772621,-0.00688905967399478,-0.0022294782102108,24.511920
0.6189583333333284,-0.007708031218498945,0.013377954252064228,-0.006888584233820438,-0.002228240016847849,24.511920
0.6191666666666618,-0.007707907352596521,0.01337739359587431,-0.0068883816711604595,-0.0022271163761615753,24.511920
0.6193749999999951,-0.007707787211984396,0.013377217575907707,-0.006888498552143574,-0.002226637676358223,24.511920
0.6195833333333285,-0.007707670796662569,0.013376615010201931,-0.006888620555400848,-0.0022267219610512257,24.511920
0.6197916666666619,-0.007707556709647179,0.013376221060752869,-0.006888520438224077,-0.002226585056632757,24.511920
0.6199999999999952,-0.0077074309810996056,0.013376358896493912,-0.006889115087687969,-0.0022275096271187067,24.511920
0.6202083333333286,-0.0077072083950042725,0.013375591486692429,-0.006889680866152048,-0.002226458862423897,24.511920
0.620416666666662,-0.007707079406827688,0.013374642468988895,-0.006888889241963625,-0.002227331977337599,24.511920
0.6206249999999953,-0.007707004435360432,0.013373673893511295,-0.006887825671583414,-0.002227506134659052,24.511920
0.6208333333333287,-0.007706866133958101,0.013372384943068027,-0.006887069903314114,-0.002226367127150297,24.511920
0.621041666666662,-0.007706772070378065,0.013371344655752182,-0.006885339505970478,-0.0022267622407525778,24.511920
0.6212499999999954,-0.0077066728845238686,0.013370980508625507,-0.006884964648634195,-0.0022270316258072853,24.511920
0.6214583333333288,-0.007706550881266594,0.013371052220463753,-0.006884757429361343,-0.00222791894339025,24.511920
0.6216666666666621,-0.007706411648541689,0.013370680622756481,-0.0068848617374897,-0.0022289108019322157,24.511920
0.6218749999999955,-0.007706272415816784,0.013370310887694359,-0.006884847301989794,-0.0022302884608507156,24.511920
0.6220833333333289,-0.007706135045737028,0.013369928114116192,-0.006885079201310873,-0.002231195103377104,24.511920
0.6222916666666622,-0.007706005591899157,0.013369686901569366,-0.006884743459522724,-0.002231534570455551,24.511920
0.6224999999999956,-0.007705873344093561,0.013369739055633545,-0.006884586997330189,-0.0022321240976452827,24.511920
0.622708333333329,-0.007705762516707182,0.013370289467275143,-0.006884641945362091,-0.0022320998832583427,24.511920
0.6229166666666623,-0.007705632131546736,0.01337032113224268,-0.0068850768730044365,-0.0022310984786599874,24.511920
0.6231249999999957,-0.0077054910361766815,0.013370753265917301,-0.006885225418955088,-0.0022308174520730972,24.511920
0.6233333333333291,-0.007705377414822578,0.013371228240430355,-0.006885689217597246,-0.002231118269264698,24.511920
0.6235416666666624,-0.007705267984420061,0.013371272012591362,-0.006886201910674572,-0.0022304262965917587,24.511920
0.6237499999999958,-0.0077051506377756596,0.013371685519814491,-0.006886664312332869,-0.0022297995164990425,24.511920
0.6239583333333292,-0.007705042138695717,0.013371787033975124,-0.006886852439492941,-0.0022298248950392008,24.511920
0.6241666666666625,-0.0077049462124705315,0.01337178610265255,-0.006887438707053661,-0.0022293541114777327,24.511920
0.6243749999999959,-0.007704818621277809,0.013371768407523632,-0.006888148840516806,-0.0022290206979960203,24.511920
0.6245833333333293,-0.007704680785536766,0.013371792621910572,-0.00688900938257575,-0.0022288006730377674,24.511920
0.6247916666666626,-0.00770455552265048,0.013371349312365055,-0.006889585871249437,-0.002228757832199335,24.511920
0.624999999999996,-0.007704394869506359,0.013370617292821407,-0.006889711134135723,-0.0022291436325758696,24.511920
0.6252083333333294,-0.007704214192926884,0.01336984895169735,-0.006889196578413248,-0.002229955280199647,24.511920
0.6254166666666627,-0.007704080082476139,0.013369045220315456,-0.006888426840305328,-0.0022295485250651836,24.511920
0.6256249999999961,-0.007703951094299555,0.013368417508900166,-0.006887872703373432,-0.002228677738457918,24.511920
0.6258333333333295,-0.007703870069235563,0.013368001207709312,-0.006887057796120644,-0.0022284386213868856,24.511920
0.6260416666666628,-0.007703776936978102,0.013367380946874619,-0.0068867565132677555,-0.0022286775056272745,24.511920
0.6262499999999962,-0.007703665178269148,0.013366961851716042,-0.006886553950607777,-0.0022284849546849728,24.511920
0.6264583333333296,-0.007703576236963272,0.013366302475333214,-0.006886270362883806,-0.0022288011386990547,24.511920
0.6266666666666629,-0.0077034588903188705,0.013365535996854305,-0.006885361857712269,-0.0022291147615760565,24.511920
0.6268749999999963,-0.007703331299126148,0.013365380465984344,-0.00688527524471283,-0.002229166915640235,24.511920
0.6270833333333297,-0.007703199051320553,0.013365141116082668,-0.00688466802239418,-0.002228987403213978,24.511920
0.627291666666663,-0.007703087292611599,0.013365156948566437,-0.006883877329528332,-0.0022295063827186823,24.511920
0.6274999999999964,-0.007702954579144716,0.013364415615797043,-0.006883105728775263,-0.002230422105640173,24.511920
0.6277083333333298,-0.007702868897467852,0.01336428802460432,-0.006882128305733204,-0.0022311811335384846,24.511920
0.6279166666666631,-0.007702728267759085,0.013364280574023724,-0.0068815769627690315,-0.0022313459776341915,24.511920
0.6281249999999965,-0.007702583447098732,0.01336425170302391,-0.006880949717015028,-0.0022311597131192684,24.511920
0.6283333333333299,-0.007702466566115618,0.013364066369831562,-0.0068801031447947025,-0.002231361111626029,24.511920
0.6285416666666632,-0.0077023752965033054,0.013364219106733799,-0.006879820022732019,-0.002231334103271365,24.511920
0.6287499999999966,-0.00770229147747159,0.013364332728087902,-0.006879344582557678,-0.002231289865449071,24.511920
0.62895833333333,-0.00770218251273036,0.013363921083509922,-0.0068789334036409855,-0.0022300968412309885,24.511920
0.6291666666666633,-0.00770209264010191,0.013363286852836609,-0.006879124324768782,-0.002228603232651949,24.511920
0.6293749999999967,-0.007702029775828123,0.013363049365580082,-0.0068789334036409855,-0.0022275999654084444,24.511920
0.62958333333333,-0.007701913360506296,0.01336309127509594,-0.00687900185585022,-0.002227926393970847,24.511920
0.6297916666666634,-0.007701789494603872,0.01336236484348774,-0.006879573222249746,-0.002228796249255538,24.511920
0.6299999999999968,-0.007701665163040161,0.013361850753426552,-0.006879034917801619,-0.0022294828668236732,24.511920
0.6302083333333302,-0.007701558526605368,0.013361312448978424,-0.006879555527120829,-0.0022314172238111496,24.511920
0.6304166666666635,-0.007701443508267403,0.013360484503209591,-0.006878962274640799,-0.0022325145546346903,24.511920
0.6306249999999969,-0.007701294496655464,0.013359400443732738,-0.006878639571368694,-0.002233580918982625,24.511920
0.6308333333333302,-0.00770115852355957,0.01335902325809002,-0.006878945045173168,-0.0022336915135383606,24.511920
0.6310416666666636,-0.00770100113004446,0.013358324766159058,-0.0068791513331234455,-0.0022348607890307903,24.511920
0.631249999999997,-0.007700891233980656,0.013358117081224918,-0.0068794735707342625,-0.002235190011560917,24.511920
0.6314583333333303,-0.007700751535594463,0.013357908464968204,-0.006879876367747784,-0.0022353793028742075,24.511920
0.6316666666666637,-0.007700639311224222,0.013357789255678654,-0.006879878230392933,-0.002234790474176407,24.511920
0.6318749999999971,-0.007700522430241108,0.013358451426029205,-0.0068806991912424564,-0.002234726445749402,24.511920
0.6320833333333304,-0.007700387854129076,0.013358461670577526,-0.006880733650177717,-0.0022358233109116554,24.511920
0.6322916666666638,-0.007700259331613779,0.013358663767576218,-0.006880324333906174,-0.0022365993354469538,24.511920
0.6324999999999972,-0.007700121961534023,0.013358316384255886,-0.0068800062872469425,-0.002236724831163883,24.511920
0.6327083333333305,-0.007699993904680014,0.013358833268284798,-0.006880315952003002,-0.002237411681562662,24.511920
0.6329166666666639,-0.007699878886342049,0.013358439318835735,-0.0068803271278738976,-0.0022374712862074375,24.511920
0.6331249999999973,-0.007699715439230204,0.013358323834836483,-0.00688037509098649,-0.0022374175023287535,24.511920
0.6333333333333306,-0.007699606940150261,0.013358394615352154,-0.0068800062872469425,-0.0022369849029928446,24.511920
0.633541666666664,-0.007699496578425169,0.013358711265027523,-0.006880276836454868,-0.00223584845662117,24.511920
0.6337499999999974,-0.0076993731781840324,0.013358592987060547,-0.006880078464746475,-0.0022362188901752234,24.511920
0.6339583333333307,-0.007699285633862019,0.013358479365706444,-0.006879010703414679,-0.0022367509081959724,24.511920
0.6341666666666641,-0.007699165027588606,0.01335753221064806,-0.0068783205933868885,-0.0022361341398209333,24.511920
0.6343749999999975,-0.007699054200202227,0.013356535695493221,-0.006877546664327383,-0.0022361043374985456,24.511920
0.6345833333333308,-0.007698920089751482,0.013355777598917484,-0.0068766409531235695,-0.002235866617411375,24.511920
0.6347916666666642,-0.0076987664215266705,0.013355076313018799,-0.006875934544950724,-0.0022367583587765694,24.511920
0.6349999999999976,-0.007698650937527418,0.0133545296266675,-0.006876075640320778,-0.002238161861896515,24.511920
0.6352083333333309,-0.007698508910834789,0.013353552669286728,-0.006875530816614628,-0.0022392706014215946,24.511920
0.6354166666666643,-0.007698385044932365,0.013353047892451286,-0.006875682156533003,-0.0022400307934731245,24.511920
0.6356249999999977,-0.007698264438658953,0.013352933339774609,-0.006875854451209307,-0.002239315304905176,24.511920
0.635833333333331,-0.007698144298046827,0.013352721929550171,-0.006876178551465273,-0.002239043591544032,24.511920
0.6360416666666644,-0.0076980083249509335,0.013353218324482441,-0.006875998340547085,-0.002239103429019451,24.511920
0.6362499999999978,-0.007697878405451775,0.013353654183447361,-0.0068761613219976425,-0.0022392929531633854,24.511920
0.6364583333333311,-0.0076977466233074665,0.01335358340293169,-0.006876156199723482,-0.002239574445411563,24.511920
0.6366666666666645,-0.007697603199630976,0.013353891670703888,-0.006876567378640175,-0.0022387695498764515,24.511920
0.6368749999999979,-0.00769745372235775,0.013353889808058739,-0.00687621533870697,-0.002238118089735508,24.511920
0.6370833333333312,-0.007697331253439188,0.013353966176509857,-0.006876024883240461,-0.0022372996900230646,24.511920
0.6372916666666646,-0.007697215303778648,0.013354169204831123,-0.006876005325466394,-0.0022373124957084656,24.511920
0.637499999999998,-0.007697079796344042,0.013354040682315826,-0.006876159925013781,-0.0022374135442078114,24.511920
0.6377083333333313,-0.007696946617215872,0.013353582471609116,-0.006875705439597368,-0.0022376300767064095,24.511920
0.6379166666666647,-0.007696760818362236,0.013352883979678154,-0.006874868180602789,-0.002237258478999138,24.511920
0.638124999999998,-0.007696602959185839,0.013352363370358944,-0.00687413988634944,-0.0022363814059644938,24.511920
0.6383333333333314,-0.007696468848735094,0.013352190144360065,-0.006873224396258593,-0.0022359411232173443,24.511920
0.6385416666666648,-0.007696338929235935,0.013351809233427048,-0.006871791556477547,-0.002236174186691642,24.511920
0.6387499999999982,-0.007696215528994799,0.01335202157497406,-0.006871961522847414,-0.0022362915333360434,24.511920
0.6389583333333315,-0.007696074899286032,0.013352110050618649,-0.006871994584798813,-0.002236538100987673,24.511920
0.6391666666666649,-0.007695932872593403,0.01335099060088396,-0.006871724966913462,-0.0022363816387951374,24.511920
0.6393749999999983,-0.007695793639868498,0.013350351713597775,-0.006871200166642666,-0.002235834486782551,24.511920
0.6395833333333316,-0.007695646490901709,0.013349655084311962,-0.0068709938786923885,-0.0022356922272592783,24.511920
0.639791666666665,-0.007695521228015423,0.013349284417927265,-0.006871218327432871,-0.0022352307569235563,24.511920
0.6399999999999983,-0.007695372682064772,0.01334888581186533,-0.006870948243886232,-0.0022352137602865696,24.511920
0.6402083333333317,-0.007695211563259363,0.013348451815545559,-0.006870424374938011,-0.002235731575638056,24.511920
0.6404166666666651,-0.007695101201534271,0.013348203152418137,-0.006870043929666281,-0.0022359618451446295,24.511920
0.6406249999999984,-0.007694978732615709,0.013347537256777287,-0.006869867909699678,-0.0022344873286783695,24.511920
0.6408333333333318,-0.007694834377616644,0.013347046449780464,-0.006869534030556679,-0.002233687322586775,24.511920
0.6410416666666652,-0.00769474683329463,0.01334663201123476,-0.006869224365800619,-0.002233182778581977,24.511920
0.6412499999999985,-0.007694657891988754,0.01334672886878252,-0.006869344040751457,-0.002232404425740242,24.511920
0.6414583333333319,-0.007694528438150883,0.013346431776881218,-0.006868742406368256,-0.0022308167535811663,24.511920
0.6416666666666653,-0.007694393862038851,0.013345892541110516,-0.006867705378681421,-0.0022301948629319668,24.511920
0.6418749999999986,-0.007694258354604244,0.013345015235245228,-0.006866712123155594,-0.002228817669674754,24.511920
0.642083333333332,-0.007694118190556765,0.013344447128474712,-0.006865782663226128,-0.002228336874395609,24.511920
0.6422916666666654,-0.007693976163864136,0.013344179838895798,-0.006864993367344141,-0.0022286982275545597,24.511920
0.6424999999999987,-0.00769381457939744,0.01334377471357584,-0.0068640573881566525,-0.002229558303952217,24.511920
0.6427083333333321,-0.007693681865930557,0.013343801721930504,-0.006864440161734819,-0.0022300381679087877,24.511920
0.6429166666666655,-0.007693525869399309,0.0133430240675807,-0.006863642483949661,-0.0022288402542471886,24.511920
0.6431249999999988,-0.007693392690271139,0.013342301361262798,-0.0068629733286798,-0.002227900316938758,24.511920
0.6433333333333322,-0.007693301886320114,0.013341560959815979,-0.006862540263682604,-0.002227810677140951,24.511920
0.6435416666666656,-0.0076931919902563095,0.013341336511075497,-0.006862780079245567,-0.002227681688964367,24.511920
0.6437499999999989,-0.00769303971901536,0.013341177254915237,-0.006863031070679426,-0.0022275487426668406,24.511920
0.6439583333333323,-0.007692917715758085,0.013341273181140423,-0.006863109301775694,-0.002226997632533312,24.511920
0.6441666666666657,-0.007692779880017042,0.013340889476239681,-0.006863013841211796,-0.0022267079912126064,24.511920
0.644374999999999,-0.0076926592737436295,0.01334075815975666,-0.006863074377179146,-0.0022263377904891968,24.511920
0.6445833333333324,-0.007692531682550907,0.013340672478079796,-0.00686312559992075,-0.002226717071607709,24.511920
0.6447916666666658,-0.00769241014495492,0.013340458273887634,-0.006863361690193415,-0.002226565033197403,24.511920
0.6449999999999991,-0.007692269049584866,0.013341035693883896,-0.006863696034997702,-0.0022267652675509453,24.511920
0.6452083333333325,-0.007692130282521248,0.013340395875275135,-0.006862437818199396,-0.002225810894742608,24.511920
0.6454166666666659,-0.007691980339586735,0.013339956291019917,-0.006861701607704163,-0.002224938478320837,24.511920
0.6456249999999992,-0.007691855542361736,0.013339275494217873,-0.006861015222966671,-0.002224921714514494,24.511920
0.6458333333333326,-0.007691750302910805,0.013338759541511536,-0.006860440131276846,-0.002224812749773264,24.511920
0.646041666666666,-0.00769162317737937,0.013337476179003716,-0.006859999615699053,-0.002224000170826912,24.511920
0.6462499999999993,-0.007691494654864073,0.013337109237909317,-0.0068597509525716305,-0.002222445560619235,24.511920
0.6464583333333327,-0.0076913656666874886,0.013335978612303734,-0.006858977023512125,-0.002221454167738557,24.511920
0.6466666666666661,-0.0076912399381399155,0.013335980474948883,-0.006858568638563156,-0.002222115872427821,24.511920
0.6468749999999994,-0.007691086269915104,0.013335304334759712,-0.006858030334115028,-0.002222430659458041,24.511920
0.6470833333333328,-0.007690903730690479,0.013334804214537144,-0.006857807748019695,-0.002223211107775569,24.511920
0.6472916666666662,-0.007690719328820705,0.01333336066454649,-0.006857302039861679,-0.0022228138986974955,24.511920
0.6474999999999995,-0.007690537720918655,0.013332805596292019,-0.00685686944052577,-0.0022225293796509504,24.511920
0.6477083333333329,-0.007690386846661568,0.013332848437130451,-0.0068564084358513355,-0.0022207763977348804,24.511920
0.6479166666666663,-0.00769019965082407,0.013332294300198555,-0.006855756044387817,-0.0022201351821422577,24.511920
0.6481249999999996,-0.007689983118325472,0.013331904076039791,-0.006855131592601538,-0.0022190308663994074,24.511920
0.648333333333333,-0.007689738180488348,0.013330495916306973,-0.0068542202934622765,-0.002217452507466078,24.511920
0.6485416666666663,-0.00768949743360281,0.013329247012734413,-0.006853355560451746,-0.0022161330562084913,24.511920
0.6487499999999997,-0.007689226884394884,0.013327096588909626,-0.006851314567029476,-0.002215422922745347,24.511920
0.6489583333333331,-0.007688922341912985,0.013325517065823078,-0.006850809790194035,-0.0022165037225931883,24.511920
0.6491666666666664,-0.007688601966947317,0.013324430212378502,-0.006849880795925856,-0.002217475324869156,24.511920
0.6493749999999998,-0.007688281126320362,0.013323436491191387,-0.006849768105894327,-0.0022181684616953135,24.511920
0.6495833333333332,-0.007687930017709732,0.013322247192263603,-0.0068495306186378,-0.002219137270003557,24.511920
0.6497916666666665,-0.007687564007937908,0.0133204972371459,-0.0068493993021547794,-0.0022189486771821976,24.511920
0.6499999999999999,-0.007687130477279425,0.013318945653736591,-0.006849758327007294,-0.0022197787184268236,24.511920
0.6502083333333333,-0.007686635013669729,0.01331703457981348,-0.006849806290119886,-0.0022202732507139444,24.511920
0.6504166666666666,-0.007686122786253691,0.013315165415406227,-0.0068488577380776405,-0.002219784539192915,24.511920
0.650625,-0.007685432210564613,0.013312925584614277,-0.0068486412055790424,-0.0022190131712704897,24.511920
0.6508333333333334,-0.007684851530939341,0.013311037793755531,-0.006848441902548075,-0.0022189426235854626,24.511920
0.6510416666666667,-0.007684237789362669,0.013309454545378685,-0.006847711279988289,-0.0022186455316841602,24.511920
0.6512500000000001,-0.0076835872605443,0.01330785546451807,-0.006847024895250797,-0.002217944012954831,24.511920
0.6514583333333335,-0.007682936731725931,0.013306619599461555,-0.006846429314464331,-0.002217389177531004,24.511920
0.6516666666666668,-0.007682215888053179,0.01330474391579628,-0.006845794152468443,-0.002217579400166869,24.511920
0.6518750000000002,-0.007681494113057852,0.013302307575941086,-0.006844827439635992,-0.0022172557655721903,24.511920
0.6520833333333336,-0.007680767215788364,0.013300789520144463,-0.006842916831374168,-0.002218094188719988,24.511920
0.6522916666666669,-0.00767991878092289,0.013298701494932175,-0.006841474678367376,-0.002218532143160701,24.511920
0.6525000000000003,-0.007679016795009375,0.013295918703079224,-0.006840588990598917,-0.0022176478523761034,24.511920
0.6527083333333337,-0.007678044959902763,0.01329256035387516,-0.006838920060545206,-0.0022159945219755173,24.511920
0.652916666666667,-0.007676942273974419,0.013289558701217175,-0.006837951019406319,-0.002214775886386633,24.511920
0.6531250000000004,-0.007675849832594395,0.0132862888276577,-0.006836166605353355,-0.0022134785540401936,24.511920
0.6533333333333338,-0.00767482491210103,0.013282942585647106,-0.006834343541413546,-0.002213097643107176,24.511920
0.6535416666666671,-0.0076737473718822,0.013280057348310947,-0.006833421532064676,-0.0022130052093416452,24.511920
0.6537500000000005,-0.007672671694308519,0.013276904821395874,-0.0068327090702950954,-0.002212341409176588,24.511920
0.6539583333333339,-0.007671627681702375,0.01327422633767128,-0.006832050159573555,-0.002212602412328124,24.511920
0.6541666666666672,-0.007670577149838209,0.013271191157400608,-0.0068319193087518215,-0.0022155509795993567,24.511920
0.6543750000000006,-0.007669413462281227,0.013268256559967995,-0.006831009406596422,-0.0022157414350658655,24.511920
0.654583333333334,-0.007668124046176672,0.013265904039144516,-0.006830348167568445,-0.0022152543533593416,24.511920
0.6547916666666673,-0.007666666526347399,0.013263434171676636,-0.006830052938312292,-0.002214639214798808,24.511920
0.6550000000000007,-0.007665217388421297,0.013260908424854279,-0.0068286992609500885,-0.0022143034730106592,24.511920
0.6552083333333341,-0.007663785945624113,0.01325832586735487,-0.006827622186392546,-0.002214055508375168,24.511920
0.6554166666666674,-0.007662422955036163,0.013255463913083076,-0.006826492957770824,-0.002214575419202447,24.511920
0.6556250000000008,-0.007661046925932169,0.013252506963908672,-0.006825021002441645,-0.002214744919911027,24.511920
0.6558333333333342,-0.007659549824893475,0.013249276205897331,-0.006824861280620098,-0.0022141016088426113,24.511920
0.6560416666666675,-0.007658150512725115,0.013245870359241962,-0.006823328789323568,-0.0022135968320071697,24.511920
0.6562500000000009,-0.007656574249267578,0.013242783956229687,-0.0068228584714233875,-0.0022150776349008083,24.511920
0.6564583333333343,-0.007655112538486719,0.01323919091373682,-0.006821366026997566,-0.002219573827460408,24.511920
0.6566666666666676,-0.007653497159481049,0.013235984370112419,-0.00682027218863368,-0.0022189116571098566,24.511920
0.656875000000001,-0.007651663850992918,0.013232195749878883,-0.006819974165409803,-0.002218371257185936,24.511920
0.6570833333333344,-0.007649744860827923,0.013228273019194603,-0.006819491274654865,-0.0022174669429659843,24.511920
0.6572916666666677,-0.007647938095033169,0.013224191963672638,-0.006817772053182125,-0.002217346103861928,24.511920
0.6575000000000011,-0.007645991165190935,0.013220048509538174,-0.006816559471189976,-0.002216447377577424,24.511920
0.6577083333333344,-0.007644123397767544,0.013216996565461159,-0.00681553827598691,-0.002215783344581723,24.511920
0.6579166666666678,-0.007642229087650776,0.013213449157774448,-0.006813131272792816,-0.0022157637868076563,24.511920
0.6581250000000012,-0.007640233729034662,0.013209860771894455,-0.00681138364598155,-0.0022157335188239813,24.511920
0.6583333333333345,-0.007638297975063324,0.01320621371269226,-0.006809404585510492,-0.002216394990682602,24.511920
0.6585416666666679,-0.007636345457285643,0.013203058391809464,-0.006807961501181126,-0.002218993380665779,24.511920
0.6587500000000013,-0.007634358014911413,0.013199727982282639,-0.006806500256061554,-0.0022216779179871082,24.511920
0.6589583333333346,-0.0076323002576828,0.013195798732340336,-0.006804210599511862,-0.002220580819994211,24.511920
0.659166666666668,-0.007629892788827419,0.013192733749747276,-0.00680350000038743,-0.002219647169113159,24.511920
0.6593750000000014,-0.007627673912793398,0.013189238496124744,-0.0068015749566257,-0.002219829009845853,24.511920
0.6595833333333347,-0.00762543361634016,0.013185455463826656,-0.006799908354878426,-0.002220401307567954,24.511920
0.6597916666666681,-0.007623225450515747,0.013181799091398716,-0.006799023598432541,-0.002220353577286005,24.511920
0.6600000000000015,-0.007620870601385832,0.013178306631743908,-0.006798711139708757,-0.0022203088738024235,24.511920
0.6602083333333348,-0.007618557661771774,0.013174024410545826,-0.006797781214118004,-0.0022198210936039686,24.511920
0.6604166666666682,-0.007616266142576933,0.013170571997761726,-0.006797389127314091,-0.00221908837556839,24.511920
0.6606250000000016,-0.0076139578595757484,0.013166509568691254,-0.006796817760914564,-0.0022212860640138388,24.511920
0.6608333333333349,-0.007611640263348818,0.013162452727556229,-0.006796205881983042,-0.002224134048447013,24.511920
0.6610416666666683,-0.0076092262752354145,0.013158191926777363,-0.006794687360525131,-0.0022248344030231237,24.511920
0.6612500000000017,-0.0076065342873334885,0.013154532760381699,-0.0067941853776574135,-0.0022234295029193163,24.511920
0.661458333333335,-0.007603602483868599,0.013150425627827644,-0.0067925117909908295,-0.0022233622148633003,24.511920
0.6616666666666684,-0.007600849494338036,0.013146338053047657,-0.006790930405259132,-0.002222618320956826,24.511920
0.6618750000000018,-0.007598042953759432,0.013142043724656105,-0.006788423750549555,-0.002221299335360527,24.511920
0.6620833333333351,-0.007595202885568142,0.01313851960003376,-0.006786953657865524,-0.0022202525287866592,24.511920
0.6622916666666685,-0.007592497859150171,0.013134603388607502,-0.006785181351006031,-0.0022196618374437094,24.511920
0.6625000000000019,-0.007589808665215969,0.013130311854183674,-0.006782745476812124,-0.0022184993140399456,24.511920
0.6627083333333352,-0.007586963474750519,0.013125834055244923,-0.006781917065382004,-0.0022191472817212343,24.511920
0.6629166666666686,-0.007584117352962494,0.01312175765633583,-0.006781819276511669,-0.00222042971290648,24.511920
0.663125000000002,-0.007581152021884918,0.013117186725139618,-0.006779931951314211,-0.00221992121078074,24.511920
0.6633333333333353,-0.007577996235340834,0.013113360852003098,-0.006779178977012634,-0.0022188485600054264,24.511920
0.6635416666666687,-0.007574753370136023,0.013109110295772552,-0.006778868846595287,-0.002218633657321334,24.511920
0.6637500000000021,-0.0075715756975114346,0.013104062527418137,-0.006776849739253521,-0.0022186024580150843,24.511920
0.6639583333333354,-0.0075684296898543835,0.013099443167448044,-0.006776182446628809,-0.0022185910493135452,24.511920
0.6641666666666688,-0.0075652808882296085,0.013095221482217312,-0.006775467656552792,-0.002218445297330618,24.511920
0.6643750000000022,-0.0075621213763952255,0.01309138536453247,-0.006774598732590675,-0.0022187000140547752,24.511920
0.6645833333333355,-0.00755899166688323,0.01308747474104166,-0.0067729651927948,-0.0022181847598403692,24.511920
0.6647916666666689,-0.007555766962468624,0.013083172030746937,-0.006771644577383995,-0.002218483714386821,24.511920
0.6650000000000023,-0.007552566472440958,0.013079349882900715,-0.00677139637991786,-0.0022228029556572437,24.511920
0.6652083333333356,-0.0075492775067687035,0.013075179420411587,-0.006770535372197628,-0.002222278155386448,24.511920
0.665416666666669,-0.0075456732884049416,0.013070931658148766,-0.006769683677703142,-0.002222475130110979,24.511920
0.6656250000000024,-0.00754219014197588,0.013067170046269894,-0.006768603343516588,-0.0022212693002074957,24.511920
0.6658333333333357,-0.00753849046304822,0.013062854297459126,-0.006767853628844023,-0.002220118185505271,24.511920
0.6660416666666691,-0.007534994278103113,0.013057945296168327,-0.006766669452190399,-0.0022197181824594736,24.511920
0.6662500000000025,-0.007531386334449053,0.013054071925580502,-0.006766792852431536,-0.002218847395852208,24.511920
0.6664583333333358,-0.007527733221650124,0.013048593886196613,-0.006764913443475962,-0.0022190639283508062,24.511920
0.6666666666666692,-0.007524217013269663,0.013044199906289577,-0.006764930672943592,-0.0022182313259691,24.511920
0.6668750000000025,-0.007520689163357019,0.01303924061357975,-0.00676300935447216,-0.002217299770563841,24.511920
0.6670833333333359,-0.007517068646848202,0.013035695068538189,-0.006763822864741087,-0.002221047645434737,24.511920
0.6672916666666693,-0.007513464894145727,0.013030321337282658,-0.006761574652045965,-0.0022205219138413668,24.511920
0.6675000000000026,-0.007509236689656973,0.01302702259272337,-0.006762720178812742,-0.002220587572082877,24.511920
0.667708333333336,-0.0075052399188280106,0.013022352941334248,-0.006761311553418636,-0.002219836227595806,24.511920
0.6679166666666694,-0.007501291111111641,0.013018320314586163,-0.006760735996067524,-0.002219211542978883,24.511920
0.6681250000000027,-0.007497382815927267,0.013013724237680435,-0.006760624703019857,-0.0022188599687069654,24.511920
0.6683333333333361,-0.007493376266211271,0.013009519316256046,-0.0067609031684696674,-0.002218429232016206,24.511920
0.6685416666666695,-0.0074893333949148655,0.013004735112190247,-0.0067603616043925285,-0.0022180527448654175,24.511920
0.6687500000000028,-0.0074854581616818905,0.013000361621379852,-0.006759632844477892,-0.0022169414442032576,24.511920
0.6689583333333362,-0.007481610868126154,0.012996616773307323,-0.006759936921298504,-0.0022157253697514534,24.511920
0.6691666666666696,-0.007477700710296631,0.012991845607757568,-0.006759049836546183,-0.0022183049004524946,24.511920
0.6693750000000029,-0.007473731879144907,0.01298773568123579,-0.006759276147931814,-0.0022190597373992205,24.511920
0.6695833333333363,-0.007469527423381805,0.012982787564396858,-0.006758859846740961,-0.0022181342355906963,24.511920
0.6697916666666697,-0.007465069182217121,0.012978799641132355,-0.006760123651474714,-0.002217228291556239,24.511920
0.670000000000003,-0.0074607618153095245,0.012973046861588955,-0.006758789997547865,-0.0022164618130773306,24.511920
0.6702083333333364,-0.0074564144015312195,0.01296878233551979,-0.006760003045201302,-0.0022151300217956305,24.511920
0.6704166666666698,-0.007452032063156366,0.012963338755071163,-0.00675863865762949,-0.002214450854808092,24.511920
0.6706250000000031,-0.0074476576410233974,0.012958904728293419,-0.006758926436305046,-0.0022135095205157995,24.511920
0.6708333333333365,-0.00744330370798707,0.012954257428646088,-0.006758927833288908,-0.0022128906566649675,24.511920
0.6710416666666699,-0.007439119275659323,0.012950449250638485,-0.006759088486433029,-0.0022133782040327787,24.511920
0.6712500000000032,-0.0074348836205899715,0.012946244329214096,-0.0067593748681247234,-0.0022161470260471106,24.511920
0.6714583333333366,-0.007430598605424166,0.012941106222569942,-0.0067585911601781845,-0.002217037370428443,24.511920
0.67166666666667,-0.007425982039421797,0.012937559746205807,-0.006760920397937298,-0.0022160164080560207,24.511920
0.6718750000000033,-0.007421264890581369,0.01293253805488348,-0.0067609576508402824,-0.0022153747268021107,24.511920
0.6720833333333367,-0.007416666019707918,0.012927188538014889,-0.006760808639228344,-0.002215021289885044,24.511920
0.6722916666666701,-0.0074119786731898785,0.012922647409141064,-0.0067623453214764595,-0.0022149556316435337,24.511920
0.6725000000000034,-0.007407482247799635,0.01291797123849392,-0.006762209348380566,-0.002215093234553933,24.511920
0.6727083333333368,-0.007403010036796331,0.012913434766232967,-0.006762189790606499,-0.0022152296733111143,24.511920
0.6729166666666702,-0.007398462388664484,0.012908458709716797,-0.006763880141079426,-0.0022144303657114506,24.511920
0.6731250000000035,-0.0073938798159360886,0.01290355995297432,-0.006763712037354708,-0.002213399624451995,24.511920
0.6733333333333369,-0.00738929957151413,0.012899131514132023,-0.006765012629330158,-0.0022148815914988518,24.511920
0.6735416666666703,-0.0073844511061906815,0.012894460931420326,-0.006765608675777912,-0.0022132236044853926,24.511920
0.6737500000000036,-0.007379372604191303,0.012889155186712742,-0.006766190752387047,-0.0022122084628790617,24.511920
0.673958333333337,-0.007374230772256851,0.012884947471320629,-0.006767895072698593,-0.002210978651419282,24.511920
0.6741666666666704,-0.007369104772806168,0.012878761626780033,-0.006766660138964653,-0.0022103984374552965,24.511920
0.6743750000000037,-0.007364057470113039,0.012873852625489235,-0.006768321618437767,-0.0022086836397647858,24.511920
0.6745833333333371,-0.007358967792242765,0.012868807651102543,-0.006769716273993254,-0.0022084868978708982,24.511920
0.6747916666666705,-0.007354199420660734,0.012863998301327229,-0.006769784726202488,-0.0022081525530666113,24.511920
0.6750000000000038,-0.007349404972046614,0.012859608978033066,-0.006770361680537462,-0.0022077616304159164,24.511920
0.6752083333333372,-0.007344648241996765,0.012854844331741333,-0.0067709446884691715,-0.0022069707047194242,24.511920
0.6754166666666706,-0.007339871488511562,0.012849990278482437,-0.0067718117497861385,-0.002210012637078762,24.511920
0.6756250000000039,-0.007334972266107798,0.012844995595514774,-0.006773233879357576,-0.002209269907325506,24.511920
0.6758333333333373,-0.0073297577910125256,0.012840615585446358,-0.006774826440960169,-0.002208299469202757,24.511920
0.6760416666666706,-0.007324296049773693,0.012836214154958725,-0.006776090711355209,-0.0022076833993196487,24.511920
0.676250000000004,-0.007318876218050718,0.012830343097448349,-0.0067762890830636024,-0.0022076047025620937,24.511920
0.6764583333333374,-0.007313664071261883,0.01282498985528946,-0.006777810398489237,-0.00220783450640738,24.511920
0.6766666666666707,-0.007308480329811573,0.012819962576031685,-0.006779425777494907,-0.002206769771873951,24.511920
0.6768750000000041,-0.00730326771736145,0.01281442865729332,-0.006780353840440512,-0.0022063301876187325,24.511920
0.6770833333333375,-0.007298182230442762,0.01280968263745308,-0.006781995762139559,-0.0022044810466468334,24.511920
0.6772916666666708,-0.007292957976460457,0.012803984805941582,-0.006782070733606815,-0.0022032689303159714,24.511920
0.6775000000000042,-0.007287927437573671,0.012798907235264778,-0.006783929653465748,-0.0022027851082384586,24.511920
0.6777083333333376,-0.007282373029738665,0.012792902067303658,-0.006784506607800722,-0.002202412346377969,24.511920
0.6779166666666709,-0.007276705466210842,0.012788215652108192,-0.0067872158251702785,-0.002200571820139885,24.511920
0.6781250000000043,-0.007271104492247105,0.012782549485564232,-0.006787460297346115,-0.0022003953345119953,24.511920
0.6783333333333377,-0.007265608757734299,0.012777304276823997,-0.006789520848542452,-0.0022005762439221144,24.511920
0.678541666666671,-0.007260288577526808,0.012772449292242527,-0.006790549494326115,-0.0022003846243023872,24.511920
0.6787500000000044,-0.007254794239997864,0.012767122127115726,-0.006790545769035816,-0.002200419083237648,24.511920
0.6789583333333378,-0.007249542977660894,0.012762261554598808,-0.006792781874537468,-0.0021984137129038572,24.511920
0.6791666666666711,-0.007243989501148462,0.012756399810314178,-0.0067938887514173985,-0.00219778367318213,24.511920
0.6793750000000045,-0.007238640449941158,0.012751119211316109,-0.006795641500502825,-0.002195801120251417,24.511920
0.6795833333333379,-0.0072328997775912285,0.012745619751513004,-0.006796953268349171,-0.0021947864443063736,24.511920
0.6797916666666712,-0.007226894143968821,0.01274033822119236,-0.006798596121370792,-0.002194136381149292,24.511920
0.6800000000000046,-0.007221029605716467,0.012734192423522472,-0.006799355614930391,-0.002193513559177518,24.511920
0.680208333333338,-0.007215237710624933,0.012728977017104626,-0.006802230142056942,-0.0021916369441896677,24.511920
0.6804166666666713,-0.00720951845869422,0.012722845189273357,-0.006801999174058437,-0.002191090490669012,24.511920
0.6806250000000047,-0.007203773129731417,0.012717295438051224,-0.006804489064961672,-0.0021899687126278877,24.511920
0.6808333333333381,-0.007198156323283911,0.01271161250770092,-0.006805469747632742,-0.00218922714702785,24.511920
0.6810416666666714,-0.007192493882030249,0.012705638073384762,-0.006806781515479088,-0.0021883926820009947,24.511920
0.6812500000000048,-0.00718690687790513,0.012699976563453674,-0.006808081176131964,-0.002185160992667079,24.511920
0.6814583333333382,-0.00718096736818552,0.01269486453384161,-0.00681010028347373,-0.0021842243149876595,24.511920
0.6816666666666715,-0.007174820173531771,0.012689352966845036,-0.006810256280004978,-0.002184914890676737,24.511920
0.6818750000000049,-0.007168825250118971,0.012683981098234653,-0.006811377126723528,-0.002185027115046978,24.511920
0.6820833333333383,-0.007162938825786114,0.012678081169724464,-0.006812726613134146,-0.002183621283620596,24.511920
0.6822916666666716,-0.007156951352953911,0.012672293931245804,-0.006815020926296711,-0.002181959804147482,24.511920
0.682500000000005,-0.007151046302169561,0.012666392140090466,-0.006816511042416096,-0.00218135304749012,24.511920
0.6827083333333384,-0.007145193871110678,0.012660527601838112,-0.006817508488893509,-0.0021799879614263773,24.511920
0.6829166666666717,-0.007139380089938641,0.012655274011194706,-0.006820229347795248,-0.0021781695540994406,24.511920
0.6831250000000051,-0.007133611012250185,0.012648366391658783,-0.0068200393579900265,-0.002177710412070155,24.511920
0.6833333333333385,-0.007127757184207439,0.012643019668757915,-0.006823123432695866,-0.002175750909373164,24.511920
0.6835416666666718,-0.0071215443313121796,0.012636877596378326,-0.006823730189353228,-0.002175991889089346,24.511920
0.6837500000000052,-0.007115280255675316,0.012631144374608994,-0.006825204472988844,-0.0021749145817011595,24.511920
0.6839583333333386,-0.007108967751264572,0.012625414878129959,-0.006826433818787336,-0.002174253109842539,24.511920
0.6841666666666719,-0.007102715317159891,0.012619465589523315,-0.00682658888399601,-0.002173558110371232,24.511920
0.6843750000000053,-0.007096584886312485,0.012614049948751926,-0.006829010788351297,-0.0021723592653870583,24.511920
0.6845833333333387,-0.0070905862376093864,0.012608161196112633,-0.006829907186329365,-0.0021712740417569876,24.511920
0.684791666666672,-0.007084594573825598,0.012602053582668304,-0.006831573322415352,-0.002169865882024169,24.511920
0.6850000000000054,-0.007078582886606455,0.012596070766448975,-0.0068335989490151405,-0.0021693669259548187,24.511920
0.6852083333333387,-0.007072694133967161,0.012589588761329651,-0.006834709085524082,-0.0021660984493792057,24.511920
0.6854166666666721,-0.007066494785249233,0.012583284638822079,-0.0068364813923835754,-0.0021652195136994123,24.511920
0.6856250000000055,-0.007059907540678978,0.012577353976666927,-0.0068388343788683414,-0.0021643657237291336,24.511920
0.6858333333333388,-0.007053568493574858,0.01257088128477335,-0.006839913781732321,-0.002164298202842474,24.511920
0.6860416666666722,-0.007047255523502827,0.012564551085233688,-0.006842343136668205,-0.0021638425532728434,24.511920
0.6862500000000056,-0.007041000761091709,0.012558448128402233,-0.006843856070190668,-0.00216367794200778,24.511920
0.6864583333333389,-0.007034888491034508,0.012552713975310326,-0.006844907999038696,-0.002163380617275834,24.511920
0.6866666666666723,-0.007028611842542887,0.012546686455607414,-0.0068458495661616325,-0.0021624728105962276,24.511920
0.6868750000000057,-0.007022509817034006,0.012540669180452824,-0.006846999283879995,-0.0021602697670459747,24.511920
0.687083333333339,-0.00701621500775218,0.012534162029623985,-0.0068473657593131065,-0.0021556690335273743,24.511920
0.6872916666666724,-0.007009779568761587,0.012527870945632458,-0.006848953664302826,-0.002154337475076318,24.511920
0.6875000000000058,-0.007003152277320623,0.012521756812930107,-0.00685149198397994,-0.0021533891558647156,24.511920
0.6877083333333391,-0.006996578071266413,0.012514582835137844,-0.006851966492831707,-0.0021524529438465834,24.511920
0.6879166666666725,-0.006989968009293079,0.012507990933954716,-0.006854902021586895,-0.002151604276150465,24.511920
0.6881250000000059,-0.00698356656357646,0.012501287274062634,-0.006856157444417477,-0.002151771215721965,24.511920
0.6883333333333392,-0.006977155804634094,0.012494866736233234,-0.006857644766569138,-0.0021510517690330744,24.511920
0.6885416666666726,-0.0069708735682070255,0.01248811837285757,-0.006859157234430313,-0.0021505476906895638,24.511920
0.688750000000006,-0.0069646514020860195,0.012481458485126495,-0.00686001917347312,-0.0021496638655662537,24.511920
0.6889583333333393,-0.006958409678190947,0.012475527822971344,-0.0068625593557953835,-0.002145120408385992,24.511920
0.6891666666666727,-0.006951750256121159,0.01246919296681881,-0.006862700916826725,-0.002141993958503008,24.511920
0.6893750000000061,-0.00694491621106863,0.012462510727345943,-0.006863636430352926,-0.0021406139712780714,24.511920
0.6895833333333394,-0.006938215810805559,0.01245580893009901,-0.006864264607429504,-0.0021395592484623194,24.511920
0.6897916666666728,-0.006931501440703869,0.012449325062334538,-0.006865263916552067,-0.0021387310698628426,24.511920
0.6900000000000062,-0.006924860179424286,0.012442105449736118,-0.006866870913654566,-0.00213746540248394,24.511920
0.6902083333333395,-0.006918253377079964,0.012435050681233406,-0.0068687936291098595,-0.002136858645826578,24.511920
0.6904166666666729,-0.006911715026944876,0.01242863293737173,-0.0068700071424245834,-0.0021361694671213627,24.511920
0.6906250000000063,-0.006905183661729097,0.012421379797160625,-0.006870836950838566,-0.0021354977507144213,24.511920
0.6908333333333396,-0.006898748688399792,0.01241485308855772,-0.0068722134456038475,-0.002130465814843774,24.511920
0.691041666666673,-0.006891957949846983,0.012407142668962479,-0.006872174330055714,-0.002128354739397764,24.511920
0.6912500000000064,-0.006885015405714512,0.012401033192873001,-0.0068749189376831055,-0.0021270867437124252,24.511920
0.6914583333333397,-0.006878115236759186,0.01239386759698391,-0.0068744150921702385,-0.0021258362103253603,24.511920
0.6916666666666731,-0.0068712299689650536,0.012387240305542946,-0.006876123137772083,-0.0021245707757771015,24.511920
0.6918750000000065,-0.006864522583782673,0.012380430474877357,-0.006876612547785044,-0.0021236753091216087,24.511920
0.6920833333333398,-0.006857927888631821,0.012373942881822586,-0.006877115927636623,-0.0021229619160294533,24.511920
0.6922916666666732,-0.0068512591533362865,0.012366929091513157,-0.00687764398753643,-0.0021223619114607573,24.511920
0.6925000000000066,-0.006844679359346628,0.012359688058495522,-0.0068787746131420135,-0.002120167948305607,24.511920
0.6927083333333399,-0.006838112138211727,0.012352805584669113,-0.0068789636716246605,-0.002114727860316634,24.511920
0.6929166666666733,-0.006831103935837746,0.012344984337687492,-0.006880862172693014,-0.0021126032806932926,24.511920
0.6931250000000067,-0.006824022624641657,0.01233709417283535,-0.006882047280669212,-0.002112348796799779,24.511920
0.69333333333334,-0.006817182991653681,0.01232991460710764,-0.006884094327688217,-0.002111212583258748,24.511920
0.6935416666666734,-0.006810370832681656,0.012322695925831795,-0.006884546019136906,-0.002110445173457265,24.511920
0.6937500000000068,-0.006803523749113083,0.012316071428358555,-0.006885200273245573,-0.0021090004593133926,24.511920
0.6939583333333401,-0.006796711124479771,0.012308877892792225,-0.006885344162583351,-0.0021077762357890606,24.511920
0.6941666666666735,-0.00679000886157155,0.012301744893193245,-0.0068862284533679485,-0.002106559230014682,24.511920
0.6943750000000068,-0.006783309392631054,0.01229444332420826,-0.006887407042086124,-0.0021032521035522223,24.511920
0.6945833333333402,-0.006776380352675915,0.012287050485610962,-0.0068880715407431126,-0.002098357304930687,24.511920
0.6947916666666736,-0.006769297644495964,0.012279696762561798,-0.006889037322252989,-0.0020977421663701534,24.511920
0.695000000000007,-0.006762189790606499,0.012271417304873466,-0.006889726966619492,-0.002096178475767374,24.511920
0.6952083333333403,-0.0067550744861364365,0.012263178825378418,-0.0068908208049833775,-0.002094445051625371,24.511920
0.6954166666666737,-0.006748077925294638,0.012255716137588024,-0.006892931181937456,-0.002093205228447914,24.511920
0.695625000000007,-0.006741209886968136,0.012248536571860313,-0.006893339566886425,-0.0020930119790136814,24.511920
0.6958333333333404,-0.006734462454915047,0.012240957468748093,-0.006893514189869165,-0.0020916627254337072,24.511920
0.6960416666666738,-0.006727646104991436,0.01223429013043642,-0.006894778925925493,-0.0020907411817461252,24.511920
0.6962500000000071,-0.006720936857163906,0.01222706027328968,-0.006894673686474562,-0.002087824745103717,24.511920
0.6964583333333405,-0.0067139496095478535,0.012219887226819992,-0.00689514447003603,-0.002082881983369589,24.511920
0.6966666666666739,-0.006706818472594023,0.01221255399286747,-0.006895247381180525,-0.0020819748751819134,24.511920
0.6968750000000072,-0.006699635647237301,0.012205105274915695,-0.006896634586155415,-0.002080386271700263,24.511920
0.6970833333333406,-0.006692594848573208,0.012197720818221569,-0.006896873936057091,-0.0020795625168830156,24.511920
0.697291666666674,-0.006685664877295494,0.012189296074211597,-0.006897434126585722,-0.0020788058172911406,24.511920
0.6975000000000073,-0.006678680889308453,0.012181197293102741,-0.006898471619933844,-0.002076835371553898,24.511920
0.6977083333333407,-0.00667167641222477,0.01217336393892765,-0.006900028791278601,-0.002075002994388342,24.511920
0.6979166666666741,-0.006664854474365711,0.012165401130914688,-0.006899733562022448,-0.0020735852885991335,24.511920
0.6981250000000074,-0.006658005993813276,0.01215862762182951,-0.0069015673361718655,-0.002067956840619445,24.511920
0.6983333333333408,-0.006650750990957022,0.012150698341429234,-0.006899809464812279,-0.0020648417994379997,24.511920
0.6985416666666742,-0.006643442902714014,0.012142980471253395,-0.006901109591126442,-0.0020639789290726185,24.511920
0.6987500000000075,-0.006636225152760744,0.012135392986238003,-0.00690082972869277,-0.0020630881190299988,24.511920
0.6989583333333409,-0.006629079580307007,0.012127503752708435,-0.006901348475366831,-0.0020619791466742754,24.511920
0.6991666666666743,-0.006622099783271551,0.012120052240788937,-0.006901430431753397,-0.0020609679631888866,24.511920
0.6993750000000076,-0.006615058518946171,0.01211203821003437,-0.006902135908603668,-0.002059738617390394,24.511920
0.699583333333341,-0.006608132738620043,0.012103600427508354,-0.006902537774294615,-0.002057790057733655,24.511920
0.6997916666666744,-0.0066010658629238605,0.0120951933786273,-0.006904114503413439,-0.0020520540419965982,24.511920
0.7000000000000077,-0.006593767087906599,0.012086288072168827,-0.006903579458594322,-0.002047289628535509,24.511920
0.7002083333333411,-0.006586400326341391,0.01207743864506483,-0.00690437899902463,-0.0020463853143155575,24.511920
0.7004166666666745,-0.006578945554792881,0.012069471180438995,-0.006905717309564352,-0.0020449941512197256,24.511920
0.7006250000000078,-0.00657167611643672,0.01206141710281372,-0.006905317306518555,-0.0020432977471500635,24.511920
0.7008333333333412,-0.00656454311683774,0.012053717859089375,-0.006905056070536375,-0.0020423203241080046,24.511920
0.7010416666666746,-0.006557411979883909,0.0120463315397501,-0.006904284469783306,-0.002040902618318796,24.511920
0.7012500000000079,-0.006550436839461327,0.012038983404636383,-0.006904204376041889,-0.0020395475439727306,24.511920
0.7014583333333413,-0.006543383002281189,0.012031203135848045,-0.0069043803960084915,-0.0020360646303743124,24.511920
0.7016666666666747,-0.006536207627505064,0.01202308014035225,-0.006903632078319788,-0.002031354233622551,24.511920
0.701875000000008,-0.006528806872665882,0.012015005573630333,-0.006904792971909046,-0.002030981006100774,24.511920
0.7020833333333414,-0.006521361880004406,0.012006865814328194,-0.006905162241309881,-0.0020305481739342213,24.511920
0.7022916666666748,-0.006513999309390783,0.011998551897704601,-0.006905895657837391,-0.0020299095194786787,24.511920
0.7025000000000081,-0.006506788544356823,0.011990911327302456,-0.006906464695930481,-0.0020290932152420282,24.511920
0.7027083333333415,-0.006499534472823143,0.011983629316091537,-0.006905867252498865,-0.002028333256021142,24.511920
0.7029166666666748,-0.006492390763014555,0.011975841596722603,-0.006905525457113981,-0.002027209149673581,24.511920
0.7031250000000082,-0.006485238671302795,0.011968746781349182,-0.006905852351337671,-0.002025832422077656,24.511920
0.7033333333333416,-0.006478158291429281,0.01196049340069294,-0.006904744077473879,-0.002021736465394497,24.511920
0.703541666666675,-0.006470703985542059,0.011951948516070843,-0.0069050914607942104,-0.0020180793944746256,24.511920
0.7037500000000083,-0.006463244557380676,0.011943074874579906,-0.00690564326941967,-0.002016635611653328,24.511920
0.7039583333333417,-0.006455772556364536,0.011933814734220505,-0.006905823014676571,-0.002015802077949047,24.511920
0.704166666666675,-0.006448280997574329,0.011925282888114452,-0.006907172035425901,-0.0020148041658103466,24.511920
0.7043750000000084,-0.006441067438572645,0.011916765943169594,-0.006907537113875151,-0.002014608820900321,24.511920
0.7045833333333418,-0.006433891598135233,0.011908694170415401,-0.0069070919416844845,-0.0020135624799877405,24.511920
0.7047916666666751,-0.006426739040762186,0.011901455000042915,-0.006907257717102766,-0.0020121897105127573,24.511920
0.7050000000000085,-0.006419525947421789,0.011893121525645256,-0.006905545014888048,-0.0020097794476896524,24.511920
0.7052083333333419,-0.006412280723452568,0.011885476298630238,-0.006904818117618561,-0.002005239948630333,24.511920
0.7054166666666752,-0.006404775660485029,0.011877136304974556,-0.006904509384185076,-0.002004583366215229,24.511920
0.7056250000000086,-0.006397230084985495,0.01186835765838623,-0.006904473528265953,-0.002002905122935772,24.511920
0.705833333333342,-0.006389709189534187,0.011859219521284103,-0.006904463283717632,-0.002001528162509203,24.511920
0.7060416666666753,-0.006382298190146685,0.011850643903017044,-0.006905384827405214,-0.0020000971853733063,24.511920
0.7062500000000087,-0.0063749696128070354,0.011842060834169388,-0.006905620917677879,-0.001998698338866234,24.511920
0.7064583333333421,-0.0063677700236439705,0.011834219098091125,-0.006906092632561922,-0.0019981754012405872,24.511920
0.7066666666666754,-0.006360622588545084,0.011825580149888992,-0.006904440466314554,-0.0019965865649282932,24.511920
0.7068750000000088,-0.006353327538818121,0.011816889978945255,-0.006903999950736761,-0.001992317382246256,24.511920
0.7070833333333422,-0.006345809902995825,0.011808647774159908,-0.006905026268213987,-0.001990366028621793,24.511920
0.7072916666666755,-0.006338292732834816,0.011800133623182774,-0.00690418528392911,-0.0019893208518624306,24.511920
0.7075000000000089,-0.006330893840640783,0.011791949160397053,-0.006903789006173611,-0.0019881080370396376,24.511920
0.7077083333333423,-0.006323534529656172,0.011783736757934093,-0.006903703324496746,-0.001986333169043064,24.511920
0.7079166666666756,-0.006316194776445627,0.011775259859859943,-0.006903470028191805,-0.0019853331614285707,24.511920
0.708125000000009,-0.006308971904218197,0.011766771785914898,-0.006902764551341534,-0.0019840390887111425,24.511920
0.7083333333333424,-0.00630171038210392,0.011758390814065933,-0.006902647204697132,-0.0019804700277745724,24.511920
0.7085416666666757,-0.006294230464845896,0.01174982637166977,-0.00690247118473053,-0.0019750676583498716,24.511920
0.7087500000000091,-0.0062867035157978535,0.011741498485207558,-0.006901872344315052,-0.001970903016626835,24.511920
0.7089583333333425,-0.006279128137975931,0.011732981540262699,-0.006901615299284458,-0.001970062730833888,24.511920
0.7091666666666758,-0.00627158023416996,0.011724373325705528,-0.0069014220498502254,-0.001969463424757123,24.511920
0.7093750000000092,-0.006264179479330778,0.01171588059514761,-0.00690122414380312,-0.0019687796011567116,24.511920
0.7095833333333426,-0.0062567926943302155,0.011707725934684277,-0.006900894455611706,-0.0019680827390402555,24.511920
0.7097916666666759,-0.006249534897506237,0.011699394322931767,-0.006901273503899574,-0.0019662969280034304,24.511920
0.7100000000000093,-0.006242211442440748,0.011690537445247173,-0.006899941246956587,-0.001964899245649576,24.511920
0.7102083333333427,-0.006235047243535519,0.011682058684527874,-0.006899669300764799,-0.001960169756785035,24.511920
0.710416666666676,-0.006227540317922831,0.011673509143292904,-0.006898896768689156,-0.0019555215258151293,24.511920
0.7106250000000094,-0.006219944451004267,0.01166438963264227,-0.006898875348269939,-0.001953279599547386,24.511920
0.7108333333333428,-0.006212353706359863,0.01165525522083044,-0.006897936575114727,-0.0019516362808644772,24.511920
0.7110416666666761,-0.006204845849424601,0.011646367609500885,-0.006898781284689903,-0.001949789235368371,24.511920
0.7112500000000095,-0.006197446491569281,0.011638086289167404,-0.00689859502017498,-0.0019489171681925654,24.511920
0.7114583333333429,-0.006190166808664799,0.011629424057900906,-0.006897588260471821,-0.0019483391661196947,24.511920
0.7116666666666762,-0.006182997953146696,0.01162098441272974,-0.006896515842527151,-0.0019469668623059988,24.511920
0.7118750000000096,-0.006175873801112175,0.011612526141107082,-0.006895553786307573,-0.0019420272437855601,24.511920
0.712083333333343,-0.0061683934181928635,0.011604164727032185,-0.006895370781421661,-0.0019368751673027873,24.511920
0.7122916666666763,-0.006160939112305641,0.011595639400184155,-0.006894208490848541,-0.0019358956487849355,24.511920
0.7125000000000097,-0.006153425667434931,0.011587006971240044,-0.006893211510032415,-0.0019348551286384463,24.511920
0.712708333333343,-0.0061460151337087154,0.011578029952943325,-0.0068934704177081585,-0.0019328909693285823,24.511920
0.7129166666666764,-0.006138497497886419,0.011568661779165268,-0.006891748867928982,-0.0019322374137118459,24.511920
0.7131250000000098,-0.006131253205239773,0.011560014449059963,-0.006892500910907984,-0.0019299312261864543,24.511920
0.7133333333333431,-0.006123977713286877,0.011550774797797203,-0.006891479715704918,-0.0019280172418802977,24.511920
0.7135416666666765,-0.006116899196058512,0.011542419902980328,-0.006890367716550827,-0.0019225492142140865,24.511920
0.7137500000000099,-0.006109451409429312,0.011533926241099834,-0.0068895150907337666,-0.0019173920154571533,24.511920
0.7139583333333432,-0.006101961247622967,0.011525146663188934,-0.0068882666528224945,-0.0019168430007994175,24.511920
0.7141666666666766,-0.006094401702284813,0.011516209691762924,-0.006887572817504406,-0.001915758359245956,24.511920
0.71437500000001,-0.006086952518671751,0.011507098563015461,-0.00688644265756011,-0.0019145429832860827,24.511920
0.7145833333333433,-0.0060796234756708145,0.011497792787849903,-0.00688605010509491,-0.0019123388919979334,24.511920
0.7147916666666767,-0.0060723526403307915,0.011488605290651321,-0.006884717382490635,-0.0019097113981842995,24.511920
0.7150000000000101,-0.006064998917281628,0.011479781940579414,-0.0068848696537315845,-0.0019076904281973839,24.511920
0.7152083333333434,-0.006057797931134701,0.011470885947346687,-0.006883688736706972,-0.0019037950551137328,24.511920
0.7154166666666768,-0.006050388794392347,0.011462328024208546,-0.006882152054458857,-0.0018989706877619028,24.511920
0.7156250000000102,-0.006042865104973316,0.011453632265329361,-0.006880547385662794,-0.0018989501986652613,24.511920
0.7158333333333435,-0.006035318598151207,0.011444078758358955,-0.006879047490656376,-0.0018973116530105472,24.511920
0.7160416666666769,-0.0060278307646512985,0.011434595100581646,-0.0068784961476922035,-0.0018955247942358255,24.511920
0.7162500000000103,-0.006020360626280308,0.011425564996898174,-0.00687851058319211,-0.0018943013856187463,24.511920
0.7164583333333436,-0.006013050675392151,0.011416248977184296,-0.006877555511891842,-0.0018927626078948379,24.511920
0.716666666666677,-0.00600570160895586,0.011407483369112015,-0.00687676016241312,-0.0018914665561169386,24.511920
0.7168750000000104,-0.005998576991260052,0.011398612521588802,-0.006875778082758188,-0.0018862958531826735,24.511920
0.7170833333333437,-0.005991007201373577,0.01138936448842287,-0.006873966194689274,-0.001882178126834333,24.511920
0.7172916666666771,-0.005983461160212755,0.011379902251064777,-0.0068731894716620445,-0.001881426782347262,24.511920
0.7175000000000105,-0.0059758867137134075,0.011370722204446793,-0.006873054895550013,-0.0018801061669364572,24.511920
0.7177083333333438,-0.005968447774648666,0.011361811310052872,-0.0068718078546226025,-0.0018790544709190726,24.511920
0.7179166666666772,-0.005961045157164335,0.011352849192917347,-0.006870683748275042,-0.0018779186066240072,24.511920
0.7181250000000106,-0.005953738931566477,0.011344206519424915,-0.006869346834719181,-0.0018769470043480396,24.511920
0.7183333333333439,-0.00594657938927412,0.011334996670484543,-0.00686753960326314,-0.001875531510449946,24.511920
0.7185416666666773,-0.00593933230265975,0.011326047591865063,-0.006867250893265009,-0.00187074881978333,24.511920
0.7187500000000107,-0.0059318626299500465,0.011316890828311443,-0.006865832954645157,-0.0018689531134441495,24.511920
0.718958333333344,-0.005924324970692396,0.011307820677757263,-0.006865121889859438,-0.0018682529916986823,24.511920
0.7191666666666774,-0.005916777532547712,0.011298280209302902,-0.006863970775157213,-0.0018671706784516573,24.511920
0.7193750000000108,-0.005909385625272989,0.011289753951132298,-0.0068633644841611385,-0.001866562059149146,24.511920
0.7195833333333441,-0.005901919212192297,0.011280924081802368,-0.006861866917461157,-0.0018665576353669167,24.511920
0.7197916666666775,-0.005894689820706844,0.011271732859313488,-0.006859949324280024,-0.001865265890955925,24.511920
0.7200000000000109,-0.005887386854737997,0.01126247551292181,-0.006858375389128923,-0.00186140276491642,24.511920
0.7202083333333442,-0.005879966542124748,0.01125373225659132,-0.006857570260763168,-0.0018559005111455917,24.511920
0.7204166666666776,-0.0058723557740449905,0.011244499124586582,-0.006856809835880995,-0.0018542869947850704,24.511920
0.720625000000011,-0.005864628124982119,0.011234843172132969,-0.00685515021905303,-0.0018547300714999437,24.511920
0.7208333333333443,-0.005857034120708704,0.011225758120417595,-0.006854854058474302,-0.0018545023631304502,24.511920
0.7210416666666777,-0.005849558860063553,0.011216890066862106,-0.006853564642369747,-0.0018537392606958747,24.511920
0.721250000000011,-0.005842255428433418,0.011207367293536663,-0.006851521786302328,-0.001852427376434207,24.511920
0.7214583333333444,-0.005834955256432295,0.011198817752301693,-0.0068508596159517765,-0.0018510592635720968,24.511920
0.7216666666666778,-0.005827701184898615,0.011189422570168972,-0.006848438177257776,-0.0018472046358510852,24.511920
0.7218750000000111,-0.00582020403817296,0.011180459521710873,-0.006847554352134466,-0.0018428759649395943,24.511920
0.7220833333333445,-0.005812627263367176,0.011171623133122921,-0.006846721284091473,-0.0018426156602799892,24.511920
0.7222916666666779,-0.005804944783449173,0.011162458918988705,-0.006845564115792513,-0.0018418474355712533,24.511920
0.7225000000000112,-0.005797431338578463,0.011152897961437702,-0.006843216717243195,-0.0018401052802801132,24.511920
0.7227083333333446,-0.005789978429675102,0.011143716983497143,-0.006841773632913828,-0.0018400453263893723,24.511920
0.722916666666678,-0.005782593972980976,0.01113403681665659,-0.0068402704782783985,-0.0018395240185782313,24.511920
0.7231250000000113,-0.005775309633463621,0.011124830693006516,-0.00683955242857337,-0.0018390690675005317,24.511920
0.7233333333333447,-0.005768076982349157,0.01111554354429245,-0.00683765159919858,-0.0018343044212087989,24.511920
0.7235416666666781,-0.005760489031672478,0.011106562800705433,-0.006837105844169855,-0.0018296283669769764,24.511920
0.7237500000000114,-0.00575277442112565,0.011097194626927376,-0.006834082305431366,-0.001829898334108293,24.511920
0.7239583333333448,-0.0057451846078038216,0.011087941937148571,-0.006832900457084179,-0.001829638727940619,24.511920
0.7241666666666782,-0.005737657658755779,0.011078686453402042,-0.006831891369074583,-0.0018287774873897433,24.511920
0.7243750000000115,-0.005730192642658949,0.01106923259794712,-0.0068300082348287106,-0.0018281328957527876,24.511920
0.7245833333333449,-0.005722889211028814,0.011060061864554882,-0.0068284254521131516,-0.0018271617591381073,24.511920
0.7247916666666783,-0.005715508479624987,0.011051109060645103,-0.0068267881870269775,-0.0018234152812510729,24.511920
0.7250000000000116,-0.005708027631044388,0.011041883379220963,-0.00682414835318923,-0.0018187201349064708,24.511920
0.725208333333345,-0.005700375884771347,0.011032476089894772,-0.00682244123890996,-0.0018167549278587103,24.511920
0.7254166666666784,-0.005692698527127504,0.011023045517504215,-0.006821041461080313,-0.0018163679633289576,24.511920
0.7256250000000117,-0.005685063078999519,0.011013830080628395,-0.006819939706474543,-0.0018165098736062646,24.511920
0.7258333333333451,-0.005677721928805113,0.011004775762557983,-0.006818803958594799,-0.0018158289603888988,24.511920
0.7260416666666785,-0.005670254584401846,0.010995344258844852,-0.006816697772592306,-0.0018146904185414314,24.511920
0.7262500000000118,-0.005662879440933466,0.010985824279487133,-0.006815087050199509,-0.0018135299906134605,24.511920
0.7264583333333452,-0.0056555368937551975,0.010976441204547882,-0.006813424173742533,-0.001809183624573052,24.511920
0.7266666666666786,-0.005647940095514059,0.010966540314257145,-0.0068108574487268925,-0.0018043734598904848,24.511920
0.7268750000000119,-0.0056402250193059444,0.010956963524222374,-0.006810169667005539,-0.0018042452866211534,24.511920
0.7270833333333453,-0.005632531829178333,0.010947984643280506,-0.0068092853762209415,-0.0018042813753709197,24.511920
0.7272916666666787,-0.005625000223517418,0.01093885488808155,-0.006807207595556974,-0.0018039298010990024,24.511920
0.727500000000012,-0.005617587827146053,0.010929885320365429,-0.006805388256907463,-0.0018031542422249913,24.511920
0.7277083333333454,-0.005610145628452301,0.010920083150267601,-0.006802777294069529,-0.001802105805836618,24.511920
0.7279166666666788,-0.005602801218628883,0.010910816490650177,-0.0068013728596270084,-0.0017986880848184228,24.511920
0.7281250000000121,-0.005595148541033268,0.010901842266321182,-0.006800448056310415,-0.0017945074941962957,24.511920
0.7283333333333455,-0.005587435327470303,0.010892665013670921,-0.006798257119953632,-0.00179176009260118,24.511920
0.7285416666666789,-0.005579769611358643,0.010883407667279243,-0.006796615198254585,-0.0017905154963955283,24.511920
0.7287500000000122,-0.005572095979005098,0.010873802937567234,-0.006794661749154329,-0.0017896376084536314,24.511920
0.7289583333333456,-0.005564452614635229,0.01086428016424179,-0.006793146952986717,-0.0017892549512907863,24.511920
0.729166666666679,-0.005556941963732243,0.010854735039174557,-0.006791246589273214,-0.0017886123387143016,24.511920
0.7293750000000123,-0.0055495197884738445,0.010845445096492767,-0.00678982213139534,-0.0017858990468084812,24.511920
0.7295833333333457,-0.005542096681892872,0.01083615142852068,-0.006787735037505627,-0.0017812313744798303,24.511920
0.729791666666679,-0.005534397903829813,0.010826589539647102,-0.006786133628338575,-0.00177668291144073,24.511920
0.7300000000000124,-0.005526643246412277,0.010816210880875587,-0.006782451178878546,-0.0017766462406143546,24.511920
0.7302083333333458,-0.0055188462138175964,0.010807103477418423,-0.006783125922083855,-0.001776403747498989,24.511920
0.7304166666666791,-0.005511126946657896,0.01079771388322115,-0.006780184339731932,-0.001775696873664856,24.511920
0.7306250000000125,-0.005503716412931681,0.010788779705762863,-0.006778163369745016,-0.0017750252736732364,24.511920
0.7308333333333459,-0.005496356636285782,0.010779607109725475,-0.0067758699879050255,-0.0017745429649949074,24.511920
0.7310416666666792,-0.005488965194672346,0.010770182125270367,-0.0067727407440543175,-0.001770469592884183,24.511920
0.7312500000000126,-0.005481224972754717,0.010760338045656681,-0.006769840139895678,-0.0017658062279224396,24.511920
0.731458333333346,-0.005473453085869551,0.010750346817076206,-0.006768587976694107,-0.0017625597538426518,24.511920
0.7316666666666793,-0.005465494468808174,0.010740604251623154,-0.006766892969608307,-0.0017624434549361467,24.511920
0.7318750000000127,-0.005457777064293623,0.010731245391070843,-0.006764744874089956,-0.0017620464786887169,24.511920
0.7320833333333461,-0.005450191907584667,0.010721590369939804,-0.006762517150491476,-0.0017612356459721923,24.511920
0.7322916666666794,-0.005442645866423845,0.0107124587520957,-0.0067594414576888084,-0.0017602037405595183,24.511920
0.7325000000000128,-0.005435129627585411,0.010703147388994694,-0.006756824906915426,-0.0017570916097611189,24.511920
0.7327083333333462,-0.005427429918199778,0.010693579912185669,-0.006753738038241863,-0.001752853044308722,24.511920
0.7329166666666795,-0.005419683642685413,0.010683692060410976,-0.0067514278925955296,-0.001750465831719339,24.511920
0.7331250000000129,-0.005411786958575249,0.010674098506569862,-0.006751057226210833,-0.0017499147215858102,24.511920
0.7333333333333463,-0.005403954070061445,0.010664260946214199,-0.0067481836304068565,-0.0017492288025096059,24.511920
0.7335416666666796,-0.005396247375756502,0.010654723271727562,-0.00674563180655241,-0.0017485797870904207,24.511920
0.733750000000013,-0.005388700403273106,0.010645261034369469,-0.006743109319359064,-0.0017479218076914549,24.511920
0.7339583333333464,-0.005381227005273104,0.0106356805190444,-0.006740827113389969,-0.0017458491493016481,24.511920
0.7341666666666797,-0.0053736306726932526,0.01062641479074955,-0.006737837102264166,-0.0017423955723643303,24.511920
0.7343750000000131,-0.005365962628275156,0.01061702799052,-0.006735648028552532,-0.0017380706267431378,24.511920
0.7345833333333465,-0.005358121357858181,0.010606827214360237,-0.0067330216988921165,-0.0017379276687279344,24.511920
0.7347916666666798,-0.005350278224796057,0.010597284883260727,-0.006730742286890745,-0.0017380062490701675,24.511920
0.7350000000000132,-0.005342643707990646,0.010587974451482296,-0.006728324573487043,-0.001736931619234383,24.511920
0.7352083333333466,-0.005334937479346991,0.010578527115285397,-0.006725455168634653,-0.001736166886985302,24.511920
0.7354166666666799,-0.005327335558831692,0.010569366626441479,-0.006723849568516016,-0.0017358327750116587,24.511920
0.7356250000000133,-0.00531978951767087,0.01055956445634365,-0.006719912867993116,-0.0017322390340268612,24.511920
0.7358333333333467,-0.005312007386237383,0.01055021770298481,-0.006716625764966011,-0.001727693248540163,24.511920
0.73604166666668,-0.005304156802594662,0.010540722869336605,-0.00671451585367322,-0.0017279317835345864,24.511920
0.7362500000000134,-0.0052963499911129475,0.010531080886721611,-0.006711811292916536,-0.0017274577403441072,24.511920
0.7364583333333468,-0.005288565997034311,0.010521559976041317,-0.0067101093009114265,-0.001727165887132287,24.511920
0.7366666666666801,-0.00528093334287405,0.010511857457458973,-0.006707255728542805,-0.0017266261857002974,24.511920
0.7368750000000135,-0.005273293703794479,0.010502412915229797,-0.00670416746288538,-0.0017255268758162856,24.511920
0.7370833333333469,-0.005265770945698023,0.01049285102635622,-0.006701285019516945,-0.0017215427942574024,24.511920
0.7372916666666802,-0.005257904529571533,0.010483329184353352,-0.0066979131661355495,-0.001717020059004426,24.511920
0.7375000000000136,-0.005249952897429466,0.010474557988345623,-0.00669627683237195,-0.001717160688713193,24.511920
0.737708333333347,-0.005242102779448032,0.010464882478117943,-0.006693865172564983,-0.0017163323936983943,24.511920
0.7379166666666803,-0.00523423682898283,0.010454625822603703,-0.006690456066280603,-0.0017152180662378669,24.511920
0.7381250000000137,-0.005226442124694586,0.010444920510053635,-0.0066881547681987286,-0.0017145145684480667,24.511920
0.738333333333347,-0.0052186958491802216,0.010435285046696663,-0.006685903761535883,-0.001714079175144434,24.511920
0.7385416666666804,-0.005210955161601305,0.010425576940178871,-0.006682760547846556,-0.0017111065099015832,24.511920
0.7387500000000138,-0.005203149747103453,0.010416248813271523,-0.00668054074048996,-0.0017057437216863036,24.511920
0.7389583333333472,-0.005195167381316423,0.01040661707520485,-0.006677698343992233,-0.0017055041389539838,24.511920
0.7391666666666805,-0.005187158938497305,0.010397168807685375,-0.0066747115924954414,-0.0017068390734493732,24.511920
0.7393750000000139,-0.005179273895919323,0.01038688886910677,-0.0066711269319057465,-0.0017061783000826836,24.511920
0.7395833333333472,-0.005171427968889475,0.010377119295299053,-0.006669065449386835,-0.0017049139132723212,24.511920
0.7397916666666806,-0.005163626745343208,0.010367057286202908,-0.006666948553174734,-0.0017032374162226915,24.511920
0.740000000000014,-0.005155856255441904,0.010357174091041088,-0.006663170177489519,-0.0017002950189635158,24.511920
0.7402083333333473,-0.005147946532815695,0.010347339324653149,-0.006660853046923876,-0.0016965067479759455,24.511920
0.7404166666666807,-0.005139980465173721,0.010337193496525288,-0.006657150574028492,-0.0016940459609031677,24.511920
0.7406250000000141,-0.005132019054144621,0.010328351520001888,-0.00665575684979558,-0.001692845718935132,24.511920
0.7408333333333474,-0.00512400409206748,0.010318795219063759,-0.006652117241173983,-0.001692843739874661,24.511920
0.7410416666666808,-0.0051160515286028385,0.010308792814612389,-0.00664901826530695,-0.00169257668312639,24.511920
0.7412500000000142,-0.005108245182782412,0.01029851846396923,-0.006645489949733019,-0.0016918459441512823,24.511920
0.7414583333333475,-0.005100522190332413,0.010289306752383709,-0.006643010303378105,-0.0016884331125766039,24.511920
0.7416666666666809,-0.005092610139399767,0.010279710404574871,-0.006639932282269001,-0.0016834608977660537,24.511920
0.7418750000000143,-0.005084507633000612,0.010270473547279835,-0.006637447979301214,-0.0016824157210066915,24.511920
0.7420833333333476,-0.005076546687632799,0.010260483250021935,-0.006633656565099955,-0.0016810420202091336,24.511920
0.742291666666681,-0.005068427417427301,0.010250718332827091,-0.006629788316786289,-0.00168047402985394,24.511920
0.7425000000000144,-0.0050606015138328075,0.010240832343697548,-0.0066268532536923885,-0.001679988345131278,24.511920
0.7427083333333477,-0.0050526768900454044,0.010230843909084797,-0.006624564528465271,-0.0016793160466477275,24.511920
0.7429166666666811,-0.00504480442032218,0.010221426375210285,-0.006622924003750086,-0.0016754540847614408,24.511920
0.7431250000000145,-0.0050367387011647224,0.010211476124823093,-0.0066190497018396854,-0.0016707349568605423,24.511920
0.7433333333333478,-0.005028505343943834,0.0102015919983387,-0.006615427788347006,-0.00166676240041852,24.511920
0.7435416666666812,-0.005020507145673037,0.010191642679274082,-0.006612236145883799,-0.0016660927794873714,24.511920
0.7437500000000146,-0.0050124223344028,0.010181949473917484,-0.006609394680708647,-0.0016659805551171303,24.511920
0.7439583333333479,-0.005004468839615583,0.010172578506171703,-0.006606122944504023,-0.0016648562159389257,24.511920
0.7441666666666813,-0.004996561910957098,0.010163046419620514,-0.006604415364563465,-0.0016641932306811213,24.511920
0.7443750000000147,-0.004988634958863258,0.010153457522392273,-0.006601872853934765,-0.001660375390201807,24.511920
0.744583333333348,-0.00498050544410944,0.01014354731887579,-0.006598454900085926,-0.0016558142378926277,24.511920
0.7447916666666814,-0.004972182679921389,0.010133743286132812,-0.0065948148258030415,-0.0016534259775653481,24.511920
0.7450000000000148,-0.004963949788361788,0.010123763233423233,-0.006592605262994766,-0.001652565784752369,24.511920
0.7452083333333481,-0.004955674521625042,0.010113666765391827,-0.006590067408978939,-0.0016525494866073132,24.511920
0.7454166666666815,-0.00494754733517766,0.010103919543325901,-0.006587103474885225,-0.0016531420405954123,24.511920
0.7456250000000149,-0.004939639940857887,0.010093750432133675,-0.006584721617400646,-0.0016521327197551727,24.511920
0.7458333333333482,-0.004931746516376734,0.010083646513521671,-0.006581925321370363,-0.0016483957879245281,24.511920
0.7460416666666816,-0.004923539701849222,0.010073583573102951,-0.006578922737389803,-0.0016438873717561364,24.511920
0.746250000000015,-0.004915191326290369,0.010063267312943935,-0.006574592553079128,-0.0016417313599959016,24.511920
0.7464583333333483,-0.004906921647489071,0.010053079575300217,-0.0065717194229364395,-0.0016409795498475432,24.511920
0.7466666666666817,-0.004898683167994022,0.010043381713330746,-0.006569357588887215,-0.0016406617360189557,24.511920
0.746875000000015,-0.0048906528390944,0.010034010745584965,-0.0065670614130795,-0.0016403725603595376,24.511920
0.7470833333333484,-0.004882532171905041,0.010023962706327438,-0.006563238799571991,-0.0016389726661145687,24.511920
0.7472916666666818,-0.0048744166269898415,0.010013844817876816,-0.0065599954687058926,-0.0016352901002392173,24.511920
0.7475000000000152,-0.004866123665124178,0.01000343356281519,-0.006556282285600901,-0.0016302327858284116,24.511920
0.7477083333333485,-0.004857674706727266,0.009993605315685272,-0.006554387044161558,-0.0016289171762764454,24.511920
0.7479166666666819,-0.004849412012845278,0.009984105825424194,-0.006551722530275583,-0.0016284444136545062,24.511920
0.7481250000000153,-0.004841119982302189,0.009973960928618908,-0.006547900848090649,-0.0016277935355901718,24.511920
0.7483333333333486,-0.004832861945033073,0.009964095428586006,-0.006544950418174267,-0.0016276175156235695,24.511920
0.748541666666682,-0.004824778530746698,0.009954143315553665,-0.006541790906339884,-0.001626688172109425,24.511920
0.7487500000000153,-0.004816684406250715,0.009943928569555283,-0.006539177615195513,-0.001622348208911717,24.511920
0.7489583333333487,-0.004808282479643822,0.00993436947464943,-0.006537416018545628,-0.001617954927496612,24.511920
0.7491666666666821,-0.004799853079020977,0.009923679754137993,-0.0065324921160936356,-0.0016176067292690277,24.511920
0.7493750000000154,-0.004791347775608301,0.009913578629493713,-0.006530138198286295,-0.0016173261683434248,24.511920
0.7495833333333488,-0.004783028271049261,0.009903929196298122,-0.0065276180393993855,-0.0016169050941243768,24.511920
0.7497916666666822,-0.004774668253958225,0.009894217364490032,-0.006524526514112949,-0.001616423949599266,24.511920
0.7500000000000155,-0.004766479600220919,0.009884362109005451,-0.0065215048380196095,-0.001614216947928071,24.511920
0.7502083333333489,-0.0047582234255969524,0.00987397599965334,-0.006518187001347542,-0.0016092834994196892,24.511920
0.7504166666666823,-0.0047497316263616085,0.00986393541097641,-0.006515000015497208,-0.0016052398132160306,24.511920
0.7506250000000156,-0.004741183016449213,0.009853868745267391,-0.006512132007628679,-0.0016045283991843462,24.511920
0.750833333333349,-0.0047326236963272095,0.009843848645687103,-0.006508840247988701,-0.0016041919589042664,24.511920
0.7510416666666824,-0.004724180791527033,0.009833656251430511,-0.0065062325447797775,-0.0016035428270697594,24.511920
0.7512500000000157,-0.004715860355645418,0.009823586791753769,-0.006502017844468355,-0.0016021537594497204,24.511920
0.7514583333333491,-0.0047075096517801285,0.009813501499593258,-0.006499371957033873,-0.0015986618818715215,24.511920
0.7516666666666825,-0.004698984790593386,0.009803674183785915,-0.006496358662843704,-0.001593681168742478,24.511920
0.7518750000000158,-0.004690290428698063,0.00979375746101141,-0.006491559091955423,-0.0015897375997155905,24.511920
0.7520833333333492,-0.00468168081715703,0.009784034453332424,-0.0064891367219388485,-0.0015897448174655437,24.511920
0.7522916666666826,-0.004673155024647713,0.009773939847946167,-0.006486160680651665,-0.0015882736770436168,24.511920
0.7525000000000159,-0.004664610605686903,0.009763887152075768,-0.006483098957687616,-0.0015875629615038633,24.511920
0.7527083333333493,-0.004656131844967604,0.009753549471497536,-0.006480083800852299,-0.0015862405998632312,24.511920
0.7529166666666827,-0.004647722002118826,0.009743000380694866,-0.006476251408457756,-0.0015828043688088655,24.511920
0.753125000000016,-0.004639094695448875,0.009732442907989025,-0.006473214831203222,-0.0015775380888953805,24.511920
0.7533333333333494,-0.004630331881344318,0.009722108952701092,-0.006469012703746557,-0.0015731410821899772,24.511920
0.7535416666666828,-0.004621673375368118,0.009712270461022854,-0.0064672366715967655,-0.0015725948614999652,24.511920
0.7537500000000161,-0.004613026976585388,0.009702146053314209,-0.006463967729359865,-0.0015716254711151123,24.511920
0.7539583333333495,-0.004604460671544075,0.009691989049315453,-0.006459866650402546,-0.0015707566635683179,24.511920
0.7541666666666829,-0.004595997277647257,0.009681912139058113,-0.006456400733441114,-0.0015693074092268944,24.511920
0.7543750000000162,-0.0045875548385083675,0.009671234525740147,-0.006453395821154118,-0.0015644400846213102,24.511920
0.7545833333333496,-0.004578763153403997,0.009661001153290272,-0.00644975621253252,-0.0015598922036588192,24.511920
0.754791666666683,-0.004569954704493284,0.009650392457842827,-0.0064463261514902115,-0.0015590381808578968,24.511920
0.7550000000000163,-0.004561116918921471,0.009640187956392765,-0.006442938931286335,-0.001558751449920237,24.511920
0.7552083333333497,-0.004552396014332771,0.009630045853555202,-0.006439899560064077,-0.0015579907922074199,24.511920
0.7554166666666831,-0.004543718881905079,0.009619513526558876,-0.0064356704242527485,-0.0015569214010611176,24.511920
0.7556250000000164,-0.004535096697509289,0.009609449654817581,-0.006432294379919767,-0.001553827547468245,24.511920
0.7558333333333498,-0.004526414442807436,0.009599213488399982,-0.00642844382673502,-0.0015485519543290138,24.511920
0.7560416666666832,-0.00451748538762331,0.009588719345629215,-0.006425110623240471,-0.0015443365555256605,24.511920
0.7562500000000165,-0.004508618265390396,0.009578408673405647,-0.006420773919671774,-0.0015438051195815206,24.511920
0.7564583333333499,-0.004499727860093117,0.009568080306053162,-0.00641751429066062,-0.0015430874191224575,24.511920
0.7566666666666833,-0.0044909995049238205,0.009557398967444897,-0.006412983871996403,-0.0015426549362018704,24.511920
0.7568750000000166,-0.0044823018833994865,0.00954719353467226,-0.0064095319248735905,-0.0015418704133480787,24.511920
0.75708333333335,-0.004473791923373938,0.009537066332995892,-0.006406768225133419,-0.0015380657278001308,24.511920
0.7572916666666833,-0.004464991390705109,0.009526630863547325,-0.00640137167647481,-0.001533549278974533,24.511920
0.7575000000000167,-0.004456079099327326,0.009515502490103245,-0.0063962736167013645,-0.0015288573922589421,24.511920
0.7577083333333501,-0.0044471644796431065,0.009504848159849644,-0.006393237039446831,-0.0015276118647307158,24.511920
0.7579166666666834,-0.004438284784555435,0.009494679979979992,-0.006389663554728031,-0.0015268936986103654,24.511920
0.7581250000000168,-0.004429509397596121,0.009484440088272095,-0.006385554559528828,-0.0015263763489201665,24.511920
0.7583333333333502,-0.004420841578394175,0.009474201127886772,-0.006381180137395859,-0.0015250792494043708,24.511920
0.7585416666666835,-0.004412253387272358,0.009463733062148094,-0.006376451812684536,-0.0015219979686662555,24.511920
0.7587500000000169,-0.004403545521199703,0.00945306196808815,-0.006371976807713509,-0.0015159951290115714,24.511920
0.7589583333333503,-0.0043946304358541965,0.009442477487027645,-0.006368665490299463,-0.0015118663432076573,24.511920
0.7591666666666836,-0.004385822452604771,0.009431845508515835,-0.006363765802234411,-0.0015114564448595047,24.511920
0.759375000000017,-0.004377118777483702,0.009421075694262981,-0.006360163446515799,-0.001510139903984964,24.511920
0.7595833333333504,-0.004368402063846588,0.009410595521330833,-0.006356237456202507,-0.0015094100963324308,24.511920
0.7597916666666837,-0.004359823651611805,0.009400333277881145,-0.006351223681122065,-0.0015079048462212086,24.511920
0.7600000000000171,-0.004351327195763588,0.009390064515173435,-0.006347667425870895,-0.001505431835539639,24.511920
0.7602083333333505,-0.0043428074568510056,0.00937977060675621,-0.006343156564980745,-0.0015002674190327525,24.511920
0.7604166666666838,-0.004334094002842903,0.009369545616209507,-0.006338426377624273,-0.0014963014982640743,24.511920
0.7606250000000172,-0.004325395915657282,0.009359133429825306,-0.006334209349006414,-0.0014956759987398982,24.511920
0.7608333333333506,-0.00431674113497138,0.009348521940410137,-0.006330031435936689,-0.0014949869364500046,24.511920
0.7610416666666839,-0.0043081981129944324,0.009338225238025188,-0.006325791589915752,-0.001494532567448914,24.511920
0.7612500000000173,-0.00429979432374239,0.009328027255833149,-0.006321688648313284,-0.0014942943817004561,24.511920
0.7614583333333507,-0.004291568882763386,0.009318187832832336,-0.006318059284240007,-0.0014927140437066555,24.511920
0.761666666666684,-0.004283311776816845,0.00930791161954403,-0.006313292775303125,-0.0014889143640175462,24.511920
0.7618750000000174,-0.004274884704500437,0.00929721724241972,-0.006307966075837612,-0.0014849777799099684,24.511920
0.7620833333333508,-0.004266417119652033,0.009287025779485703,-0.006304503884166479,-0.0014843130484223366,24.511920
0.7622916666666841,-0.004257968161255121,0.009277055971324444,-0.006300719920545816,-0.0014842197997495532,24.511920
0.7625000000000175,-0.004249655641615391,0.009266892448067665,-0.0062969098798930645,-0.0014834052417427301,24.511920
0.7627083333333509,-0.004241462796926498,0.009256270714104176,-0.0062918467447161674,-0.0014826320111751556,24.511920
0.7629166666666842,-0.004233327694237232,0.009246221743524075,-0.00628806883469224,-0.001481467392295599,24.511920
0.7631250000000176,-0.004225251730531454,0.009236064739525318,-0.00628440547734499,-0.0014787290710955858,24.511920
0.763333333333351,-0.004217201378196478,0.009225836955010891,-0.006278849206864834,-0.0014740719925612211,24.511920
0.7635416666666843,-0.004209001082926989,0.00921575352549553,-0.006274363026022911,-0.0014701675390824676,24.511920
0.7637500000000177,-0.004200860857963562,0.009205488488078117,-0.006270172074437141,-0.0014699671883136034,24.511920
0.7639583333333511,-0.0041927858255803585,0.009195096790790558,-0.006266177631914616,-0.0014690024545416236,24.511920
0.7641666666666844,-0.00418477738276124,0.00918495375663042,-0.006262669339776039,-0.0014682889450341463,24.511920
0.7643750000000178,-0.0041769128292799,0.009175059385597706,-0.006258531007915735,-0.0014666811330243945,24.511920
0.7645833333333512,-0.004169113002717495,0.009165007621049881,-0.006253744475543499,-0.0014655812410637736,24.511920
0.7647916666666845,-0.00416141003370285,0.009154750034213066,-0.006249499041587114,-0.001463532680645585,24.511920
0.7650000000000179,-0.004153670277446508,0.009144503623247147,-0.006244541611522436,-0.0014586104080080986,24.511920
0.7652083333333513,-0.00414587277919054,0.009134718216955662,-0.006240440532565117,-0.0014546465827152133,24.511920
0.7654166666666846,-0.004138176329433918,0.00912457425147295,-0.006235829554498196,-0.001453951233997941,24.511920
0.765625000000018,-0.004130527842789888,0.00911449920386076,-0.006232005078345537,-0.0014529357431456447,24.511920
0.7658333333333514,-0.004122968763113022,0.009104449301958084,-0.006227819249033928,-0.0014518473763018847,24.511920
0.7660416666666847,-0.0041154855862259865,0.009094718843698502,-0.0062233032658696175,-0.0014502797275781631,24.511920
0.7662500000000181,-0.004108056891709566,0.009084840305149555,-0.00621851347386837,-0.0014492371119558811,24.511920
0.7664583333333514,-0.004100708290934563,0.009075277484953403,-0.0062138596549630165,-0.001447143848054111,24.511920
0.7666666666666848,-0.004093412309885025,0.0090652946382761,-0.006208769977092743,-0.0014430434675887227,24.511920
0.7668750000000182,-0.004086056724190712,0.009055308997631073,-0.006203357595950365,-0.001439871615730226,24.511920
0.7670833333333515,-0.004078766796737909,0.009045611135661602,-0.006198863033205271,-0.0014388090930879116,24.511920
0.7672916666666849,-0.004071546718478203,0.00903633888810873,-0.006195275578647852,-0.0014383040834218264,24.511920
0.7675000000000183,-0.0040644374676048756,0.009026481769979,-0.006190255284309387,-0.0014366996474564075,24.511920
0.7677083333333516,-0.004057355225086212,0.009016843512654305,-0.006185901816934347,-0.0014354365412145853,24.511920
0.767916666666685,-0.00405040243640542,0.009006992913782597,-0.006180094555020332,-0.0014338083565235138,24.511920
0.7681250000000184,-0.004043491091579199,0.00899716280400753,-0.006175636313855648,-0.0014318275498226285,24.511920
0.7683333333333517,-0.0040366146713495255,0.008987504988908768,-0.006171497516334057,-0.0014274329878389835,24.511920
0.7685416666666851,-0.00402973173186183,0.008977927267551422,-0.0061658211052417755,-0.0014240856980904937,24.511920
0.7687500000000185,-0.004022913984954357,0.008967803791165352,-0.006160784512758255,-0.0014237104915082455,24.511920
0.7689583333333518,-0.00401615584269166,0.00895779114216566,-0.006156532559543848,-0.0014217144344002008,24.511920
0.7691666666666852,-0.004009462893009186,0.008948719128966331,-0.006152251269668341,-0.0014202077873051167,24.511920
0.7693750000000186,-0.0040028891526162624,0.008939689956605434,-0.0061476994305849075,-0.001418606610968709,24.511920
0.7695833333333519,-0.003996348474174738,0.008929853327572346,-0.006141416262835264,-0.0014173282543197274,24.511920
0.7697916666666853,-0.003989905584603548,0.008920515887439251,-0.006136648822575808,-0.0014156249817460775,24.511920
0.7700000000000187,-0.003983518574386835,0.008911246433854103,-0.006132213864475489,-0.001412018551491201,24.511920
0.770208333333352,-0.003977116197347641,0.008901499211788177,-0.006126306485384703,-0.0014085794100537896,24.511920
0.7704166666666854,-0.003970775753259659,0.00889207050204277,-0.006121363025158644,-0.0014079733518883586,24.511920
0.7706250000000188,-0.0039644972421228886,0.008882847614586353,-0.006116186734288931,-0.0014074784703552723,24.511920
0.7708333333333521,-0.0039582885801792145,0.008873261511325836,-0.006110662594437599,-0.0014055889332666993,24.511920
0.7710416666666855,-0.003952132537961006,0.008863946422934532,-0.006105669774115086,-0.0014044783310964704,24.511920
0.7712500000000189,-0.003946061246097088,0.008854774758219719,-0.006100159138441086,-0.0014040758833289146,24.511920
0.7714583333333522,-0.00394009193405509,0.008845332078635693,-0.006094847805798054,-0.0014035423519089818,24.511920
0.7716666666666856,-0.00393419386819005,0.008835817687213421,-0.006088963244110346,-0.001402458525262773,24.511920
0.771875000000019,-0.003928273916244507,0.00882680993527174,-0.006083547603338957,-0.0013996503548696637,24.511920
0.7720833333333523,-0.0039224098436534405,0.008817854337394238,-0.006078067235648632,-0.0013986127451062202,24.511920
0.7722916666666857,-0.003916603047400713,0.008809064514935017,-0.006072450429201126,-0.0013979221694171429,24.511920
0.7725000000000191,-0.003910853993147612,0.00880035012960434,-0.006067242473363876,-0.0013966328697279096,24.511920
0.7727083333333524,-0.0039051626808941364,0.008791385218501091,-0.006061083171516657,-0.001395137282088399,24.511920
0.7729166666666858,-0.00389954075217247,0.008782252669334412,-0.006055234000086784,-0.0013943332014605403,24.511920
0.7731250000000192,-0.003893992630764842,0.008773510344326496,-0.0060508958995342255,-0.0013931533321738243,24.511920
0.7733333333333525,-0.0038885045796632767,0.008764773607254028,-0.006044721230864525,-0.0013908278197050095,24.511920
0.7735416666666859,-0.003883042838424444,0.008755453862249851,-0.0060385544784367085,-0.0013887888053432107,24.511920
0.7737500000000193,-0.003877639304846525,0.008746600709855556,-0.006033328361809254,-0.0013883758801966906,24.511920
0.7739583333333526,-0.003872289787977934,0.008738317526876926,-0.006028488744050264,-0.001387392752803862,24.511920
0.774166666666686,-0.0038669926580041647,0.008729791268706322,-0.006022971589118242,-0.0013864547945559025,24.511920
0.7743750000000194,-0.003861750476062298,0.00872085988521576,-0.006016497500240803,-0.001385209383442998,24.511920
0.7745833333333527,-0.003856567433103919,0.008712147362530231,-0.0060113477520644665,-0.0013841975014656782,24.511920
0.7747916666666861,-0.003851457731798291,0.008703567087650299,-0.006005698814988136,-0.0013828033115714788,24.511920
0.7750000000000195,-0.003846400184556842,0.008695199154317379,-0.006000469904392958,-0.0013805163325741887,24.511920
0.7752083333333528,-0.0038413789588958025,0.008686686865985394,-0.005994505248963833,-0.001378987799398601,24.511920
0.7754166666666862,-0.0038364126812666655,0.008678381331264973,-0.005988652817904949,-0.0013792152749374509,24.511920
0.7756250000000195,-0.0038314983248710632,0.008669841103255749,-0.00598326837643981,-0.0013782556634396315,24.511920
0.7758333333333529,-0.0038266361225396395,0.008661516010761261,-0.005978097207844257,-0.0013773639220744371,24.511920
0.7760416666666863,-0.0038218193221837282,0.008653120137751102,-0.005971577484160662,-0.0013763559982180595,24.511920
0.7762500000000196,-0.0038170572370290756,0.008644858375191689,-0.005966289434581995,-0.001375561929307878,24.511920
0.776458333333353,-0.0038123459089547396,0.008636354468762875,-0.005960078444331884,-0.0013739027781412005,24.511920
0.7766666666666864,-0.003807686036452651,0.008627958595752716,-0.00595510471612215,-0.001371836639009416,24.511920
0.7768750000000197,-0.003803080879151821,0.008619927801191807,-0.0059493537992239,-0.001369750127196312,24.511920
0.7770833333333531,-0.0037985253147780895,0.008612025529146194,-0.005943814758211374,-0.0013694086810573936,24.511920
0.7772916666666865,-0.0037940163165330887,0.0086040198802948,-0.005937692243605852,-0.0013692713109776378,24.511920
0.7775000000000198,-0.003789555514231324,0.008596077561378479,-0.005932332016527653,-0.0013680900447070599,24.511920
0.7777083333333532,-0.003785138949751854,0.008587977848947048,-0.005926869809627533,-0.001367094460874796,24.511920
0.7779166666666866,-0.003780773840844631,0.008579960092902184,-0.005921326577663422,-0.0013663809513673186,24.511920
0.7781250000000199,-0.0037764478474855423,0.008571898564696312,-0.0059152343310415745,-0.0013649276224896312,24.511920
0.7783333333333533,-0.003772174008190632,0.008564071729779243,-0.005909810774028301,-0.0013636697549372911,24.511920
0.7785416666666867,-0.0037679523229599,0.008556624874472618,-0.005904848221689463,-0.0013628554297611117,24.511920
0.77875000000002,-0.0037637765053659678,0.008548827841877937,-0.005898680072277784,-0.0013614470371976495,24.511920
0.7789583333333534,-0.0037596430629491806,0.008540342561900616,-0.005892441142350435,-0.0013576202327385545,24.511920
0.7791666666666868,-0.0037555554881691933,0.008532313629984856,-0.005887066945433617,-0.0013538619969040155,24.511920
0.7793750000000201,-0.0037515098229050636,0.008524433709681034,-0.005882325582206249,-0.0013509244890883565,24.511920
0.7795833333333535,-0.0037475002463907003,0.008516659960150719,-0.0058767409063875675,-0.001347819808870554,24.511920
0.7797916666666869,-0.0037435346748679876,0.008508589118719101,-0.005870275665074587,-0.0013458254979923368,24.511920
0.7800000000000202,-0.0037396170664578676,0.008501101285219193,-0.005864525213837624,-0.0013424706412479281,24.511920
0.7802083333333536,-0.003735749050974846,0.00849362276494503,-0.005859555210918188,-0.0013391821412369609,24.511920
0.780416666666687,-0.003731922712177038,0.008486008271574974,-0.005853624083101749,-0.0013366007478907704,24.511920
0.7806250000000203,-0.003728137817233801,0.008478712290525436,-0.005847569089382887,-0.0013346592895686626,24.511920
0.7808333333333537,-0.0037243834231048822,0.008471026085317135,-0.00584143353626132,-0.001331700710579753,24.511920
0.7810416666666871,-0.003720673266798258,0.008463330566883087,-0.0058366525918245316,-0.0013292889343574643,24.511920
0.7812500000000204,-0.0037169959396123886,0.008455842733383179,-0.005830944515764713,-0.0013258375693112612,24.511920
0.7814583333333538,-0.0037133549340069294,0.008448471315205097,-0.0058259516954422,-0.0013235685182735324,24.511920
0.7816666666666872,-0.003709750948473811,0.008440961129963398,-0.005820397287607193,-0.0013212552294135094,24.511920
0.7818750000000205,-0.0037062051706016064,0.008433847688138485,-0.005815223325043917,-0.0013195578940212727,24.511920
0.7820833333333539,-0.0037026964128017426,0.008426687680184841,-0.005809666123241186,-0.0013175058411434293,24.511920
0.7822916666666873,-0.0036992200184613466,0.008419502526521683,-0.00580421881750226,-0.0013139740331098437,24.511920
0.7825000000000206,-0.003695770399644971,0.008411946706473827,-0.005798879079520702,-0.0013106110272929072,24.511920
0.782708333333354,-0.0036923601292073727,0.008404670283198357,-0.005792644806206226,-0.0013077548937872052,24.511920
0.7829166666666874,-0.0036889826878905296,0.008397919125854969,-0.0057884203270077705,-0.0013054001610726118,24.511920
0.7831250000000207,-0.003685631090775132,0.008390911854803562,-0.00578303774818778,-0.0013041198253631592,24.511920
0.7833333333333541,-0.003682319540530443,0.008384077809751034,-0.005777304992079735,-0.001299031195230782,24.511920
0.7835416666666875,-0.0036790643353015184,0.008377197198569775,-0.005772555246949196,-0.0012966514332219958,24.511920
0.7837500000000208,-0.0036758389323949814,0.008370622992515564,-0.005767637863755226,-0.0012943320907652378,24.511920
0.7839583333333542,-0.003672640537843108,0.008363933302462101,-0.00576292909681797,-0.0012917688582092524,24.511920
0.7841666666666876,-0.0036694654263556004,0.008356843143701553,-0.005756859201937914,-0.001288817496970296,24.511920
0.7843750000000209,-0.0036663231439888477,0.008349740877747536,-0.005751857068389654,-0.0012858053669333458,24.511920
0.7845833333333543,-0.00366321112960577,0.00834333524107933,-0.0057479217648506165,-0.0012825250159949064,24.511920
0.7847916666666876,-0.0036601212341338396,0.008336704224348068,-0.0057430146262049675,-0.0012818081304430962,24.511920
0.785000000000021,-0.0036570716183632612,0.008330323733389378,-0.00573740852996707,-0.0012781834229826927,24.511920
0.7852083333333544,-0.003654075786471367,0.008324534632265568,-0.005733674392104149,-0.001276288297958672,24.511920
0.7854166666666877,-0.0036510969512164593,0.008318984881043434,-0.005728879012167454,-0.001273991772904992,24.511920
0.7856250000000211,-0.0036481309216469526,0.008312858641147614,-0.005723775364458561,-0.0012709795264527202,24.511920
0.7858333333333545,-0.0036451902706176043,0.008306938223540783,-0.005719567649066448,-0.0012679139617830515,24.511920
0.7860416666666878,-0.0036422719713300467,0.008301296271383762,-0.0057147592306137085,-0.0012655624886974692,24.511920
0.7862500000000212,-0.003639376722276211,0.008295738138258457,-0.005711633712053299,-0.0012639375636354089,24.511920
0.7864583333333546,-0.003636505687609315,0.008289971388876438,-0.00570646021515131,-0.0012620431371033192,24.511920
0.7866666666666879,-0.0036336667835712433,0.008284205570816994,-0.005702326539903879,-0.00125782354734838,24.511920
0.7868750000000213,-0.0036308744456619024,0.008278450928628445,-0.0056970687583088875,-0.0012557613663375378,24.511920
0.7870833333333547,-0.00362809794023633,0.008272918872535229,-0.005693105515092611,-0.0012527417857199907,24.511920
0.787291666666688,-0.003625336103141308,0.008267390541732311,-0.005689180921763182,-0.0012510699452832341,24.511920
0.7875000000000214,-0.0036225903313606977,0.00826174858957529,-0.005684309639036655,-0.0012481118319556117,24.511920
0.7877083333333548,-0.003619865281507373,0.00825600977987051,-0.005679439287632704,-0.0012455128598958254,24.511920
0.7879166666666881,-0.003617170499637723,0.008250839076936245,-0.005676668137311935,-0.0012456522090360522,24.511920
0.7881250000000215,-0.003614487126469612,0.008245152421295643,-0.0056712087243795395,-0.0012433885131031275,24.511920
0.7883333333333549,-0.003611854277551174,0.008239776827394962,-0.0056667751632630825,-0.0012406744062900543,24.511920
0.7885416666666882,-0.0036092547234147787,0.008234892971813679,-0.005663498770445585,-0.0012381694978103042,24.511920
0.7887500000000216,-0.003606656799092889,0.008229662664234638,-0.005658457521349192,-0.0012355535291135311,24.511920
0.788958333333355,-0.003604067722335458,0.008224519900977612,-0.0056547182612121105,-0.0012323715491220355,24.511920
0.7891666666666883,-0.0036014996003359556,0.008219195529818535,-0.005650414619594812,-0.0012308963341638446,24.511920
0.7893750000000217,-0.003598944516852498,0.008214091882109642,-0.0056475005112588406,-0.0012287278659641743,24.511920
0.7895833333333551,-0.0035964148119091988,0.008209219202399254,-0.0056437719613313675,-0.0012287814170122147,24.511920
0.7897916666666884,-0.003593898145481944,0.008204055950045586,-0.005639828275889158,-0.0012252430897206068,24.511920
0.7900000000000218,-0.0035914327017962933,0.008198773488402367,-0.005635409615933895,-0.001222908729687333,24.511920
0.7902083333333552,-0.003588990308344364,0.008194178342819214,-0.005633586086332798,-0.0012211317662149668,24.511920
0.7904166666666885,-0.0035865451209247112,0.008189015090465546,-0.005628556944429874,-0.001218423480167985,24.511920
0.7906250000000219,-0.0035841234494000673,0.008184323087334633,-0.005625420715659857,-0.0012155604781582952,24.511920
0.7908333333333553,-0.0035817017778754234,0.008179612457752228,-0.005622737109661102,-0.0012131946859881282,24.511920
0.7910416666666886,-0.003579300595447421,0.008174720220267773,-0.005619274917989969,-0.0012138589518144727,24.511920
0.791250000000022,-0.00357691734097898,0.008170157670974731,-0.0056170504540205,-0.0012137284502387047,24.511920
0.7914583333333554,-0.00357454945333302,0.008165269158780575,-0.005613154266029596,-0.0012088940711691976,24.511920
0.7916666666666887,-0.0035722379107028246,0.008160454221069813,-0.005609690211713314,-0.0012066514464095235,24.511920
0.7918750000000221,-0.003569931723177433,0.008155858144164085,-0.005605966318398714,-0.0012044226750731468,24.511920
0.7920833333333555,-0.0035676280967891216,0.008151470683515072,-0.005603163968771696,-0.001202456303872168,24.511920
0.7922916666666888,-0.0035653363447636366,0.008146673440933228,-0.00560046685859561,-0.0012006162432953715,24.511920
0.7925000000000222,-0.0035630501806735992,0.008141719736158848,-0.005595879163593054,-0.0011989438207820058,24.511920
0.7927083333333556,-0.0035607863683253527,0.00813749898225069,-0.005594379268586636,-0.0011991651263087988,24.511920
0.7929166666666889,-0.0035585337318480015,0.008133064955472946,-0.005590713117271662,-0.0011973194777965546,24.511920
0.7931250000000223,-0.003556319046765566,0.008128455840051174,-0.005587424151599407,-0.001195225166156888,24.511920
0.7933333333333557,-0.0035541385877877474,0.008124192245304585,-0.005585100967437029,-0.001192836556583643,24.511920
0.793541666666689,-0.003551953239366412,0.008119429461658001,-0.005581866018474102,-0.0011893922928720713,24.511920
0.7937500000000224,-0.0035497702192515135,0.008115125820040703,-0.005579962860792875,-0.00118693255353719,24.511920
0.7939583333333557,-0.0035475960467010736,0.008110561408102512,-0.0055760969407856464,-0.0011858545476570725,24.511920
0.7941666666666891,-0.0035454274620860815,0.008106673136353493,-0.005576062947511673,-0.001186033128760755,24.511920
0.7943750000000225,-0.0035432656295597553,0.0081023583188653,-0.00557284289970994,-0.0011851791059598327,24.511920
0.7945833333333558,-0.0035411331336945295,0.008098125457763672,-0.005570187699049711,-0.0011817942140623927,24.511920
0.7947916666666892,-0.0035390490666031837,0.00809397455304861,-0.005568098742514849,-0.0011797400657087564,24.511920
0.7950000000000226,-0.0035369666293263435,0.008089962415397167,-0.005565018393099308,-0.0011776682222262025,24.511920
0.7952083333333559,-0.0035348967649042606,0.008085749112069607,-0.005562092177569866,-0.0011759428307414055,24.511920
0.7954166666666893,-0.0035328238736838102,0.008081620559096336,-0.005559592042118311,-0.0011735371081158519,24.511920
0.7956250000000227,-0.0035307523794472218,0.008077530190348625,-0.005558023229241371,-0.0011722017079591751,24.511920
0.795833333333356,-0.003528691828250885,0.008073458448052406,-0.005555540788918734,-0.0011732735438272357,24.511920
0.7960416666666894,-0.003526646178215742,0.008069324307143688,-0.005552960094064474,-0.0011717285960912704,24.511920
0.7962500000000228,-0.003524630796164274,0.008065097033977509,-0.00554992351680994,-0.001167939743027091,24.511920
0.7964583333333561,-0.0035226522013545036,0.008061116561293602,-0.005547650624066591,-0.0011655555572360754,24.511920
0.7966666666666895,-0.0035206638276576996,0.00805697962641716,-0.005544471554458141,-0.001162912230938673,24.511920
0.7968750000000229,-0.0035186882596462965,0.008052713237702847,-0.005542210303246975,-0.0011610423680394888,24.511920
0.7970833333333562,-0.0035167138557881117,0.008048593066632748,-0.00553967384621501,-0.0011592709925025702,24.511920
0.7972916666666896,-0.003514740848913789,0.008044824004173279,-0.005537312012165785,-0.0011593331582844257,24.511920
0.797500000000023,-0.003512775292620063,0.008040842600166798,-0.005534093361347914,-0.001160403247922659,24.511920
0.7977083333333563,-0.0035108227748423815,0.008037261664867401,-0.0055321501567959785,-0.0011583525920286775,24.511920
0.7979166666666897,-0.0035089091397821903,0.008033460937440395,-0.005528941284865141,-0.001156415557488799,24.511920
0.7981250000000231,-0.003507004352286458,0.008029783144593239,-0.005526927299797535,-0.0011531900381669402,24.511920
0.7983333333333564,-0.003505096072331071,0.008025809191167355,-0.005523428786545992,-0.001150855328887701,24.511920
0.7985416666666898,-0.0035032001323997974,0.008021925576031208,-0.005521387793123722,-0.0011494241189211607,24.511920
0.7987500000000232,-0.0035012951120734215,0.008018244989216328,-0.005519361235201359,-0.0011486231815069914,24.511920
0.7989583333333565,-0.003499394515529275,0.00801400188356638,-0.005515863187611103,-0.0011484210845082998,24.511920
0.7991666666666899,-0.0034975209273397923,0.008010370656847954,-0.005514056887477636,-0.001148220500908792,24.511920
0.7993750000000233,-0.0034956487361341715,0.008006279356777668,-0.005510918330401182,-0.001145525835454464,24.511920
0.7995833333333566,-0.0034938245080411434,0.00800236314535141,-0.005507307592779398,-0.0011442338582128286,24.511920
0.79979166666669,-0.003491997951641679,0.007998785935342312,-0.005504128523170948,-0.0011415977496653795,24.511920
0.8000000000000234,-0.003490172792226076,0.007994960993528366,-0.005501356907188892,-0.0011394732864573598,24.511920
0.8002083333333567,-0.003488332498818636,0.007991070859134197,-0.005498488433659077,-0.0011382788652554154,24.511920
0.8004166666666901,-0.00348650012165308,0.007987149059772491,-0.005495165009051561,-0.0011387825943529606,24.511920
0.8006250000000235,-0.003484689397737384,0.007983450777828693,-0.0054930285550653934,-0.001138736610300839,24.511920
0.8008333333333568,-0.003482867032289505,0.007979802787303925,-0.005489485338330269,-0.0011373679153621197,24.511920
0.8010416666666902,-0.0034810956567525864,0.007976166903972626,-0.00548657076433301,-0.0011355024762451649,24.511920
0.8012500000000236,-0.003479330101981759,0.00797248911112547,-0.005483611486852169,-0.0011331979185342789,24.511920
0.8014583333333569,-0.003477557096630335,0.007969020865857601,-0.0054810321889817715,-0.0011319284094497561,24.511920
0.8016666666666903,-0.0034757801331579685,0.007965343073010445,-0.005477600730955601,-0.001130310003645718,24.511920
0.8018750000000237,-0.003473998513072729,0.007961702533066273,-0.005475738551467657,-0.0011312906863167882,24.511920
0.802083333333357,-0.003472225507721305,0.00795791670680046,-0.00547255901619792,-0.0011334347072988749,24.511920
0.8022916666666904,-0.003470467170700431,0.007954252883791924,-0.00547015480697155,-0.0011339666089043021,24.511920
0.8025000000000237,-0.0034687111619859934,0.007950901985168457,-0.005467266775667667,-0.001131528988480568,24.511920
0.8027083333333571,-0.003467000788077712,0.0079472241923213,-0.005464072339236736,-0.0011304793879389763,24.511920
0.8029166666666905,-0.0034652953036129475,0.007943912409245968,-0.005461795721203089,-0.001129101263359189,24.511920
0.8031250000000238,-0.0034635707270354033,0.007940308190882206,-0.005458729341626167,-0.0011278125457465649,24.511920
0.8033333333333572,-0.0034618587233126163,0.00793660618364811,-0.0054559470154345036,-0.0011260579340159893,24.511920
0.8035416666666906,-0.003460126928985119,0.007933163084089756,-0.005454094614833593,-0.0011267856461927295,24.511920
0.803750000000024,-0.0034584079403430223,0.007929730229079723,-0.005451443139463663,-0.0011280491016805172,24.511920
0.8039583333333573,-0.0034566859249025583,0.007926296442747116,-0.00544852577149868,-0.0011253360426053405,24.511920
0.8041666666666907,-0.003455015365034342,0.007922891527414322,-0.005445102229714394,-0.0011228361399844289,24.511920
0.804375000000024,-0.003453355049714446,0.00791987031698227,-0.005442756228148937,-0.001120960689149797,24.511920
0.8045833333333574,-0.0034516642335802317,0.007916441187262535,-0.0054391114972531796,-0.0011186781339347363,24.511920
0.8047916666666908,-0.003449982265010476,0.007913012057542801,-0.005436101462692022,-0.001116921310313046,24.511920
0.8050000000000241,-0.0034482970368117094,0.00790988840162754,-0.005433487705886364,-0.0011167420307174325,24.511920
0.8052083333333575,-0.0034466017968952656,0.007906727492809296,-0.00543089397251606,-0.001117450650781393,24.511920
0.8054166666666909,-0.0034449114464223385,0.007903254590928555,-0.005427427589893341,-0.0011178459972143173,24.511920
0.8056250000000242,-0.0034432297106832266,0.007900244556367397,-0.005424549803137779,-0.0011149419005960226,24.511920
0.8058333333333576,-0.003441597567871213,0.007897088304162025,-0.0054211849346756935,-0.0011126270983368158,24.511920
0.806041666666691,-0.003439958207309246,0.007893659174442291,-0.005417709704488516,-0.001109499135054648,24.511920
0.8062500000000243,-0.0034383225720375776,0.007890371605753899,-0.005414560902863741,-0.0011075399816036224,24.511920
0.8064583333333577,-0.0034366718027740717,0.007887200452387333,-0.005411387421190739,-0.0011065928265452385,24.511920
0.8066666666666911,-0.003434994025155902,0.00788379367440939,-0.005408844910562038,-0.0011065468424931169,24.511920
0.8068750000000244,-0.0034333488438278437,0.007880485616624355,-0.005405390169471502,-0.001107238233089447,24.511920
0.8070833333333578,-0.0034316969104111195,0.007877244614064693,-0.005402693524956703,-0.0011050647590309381,24.511920
0.8072916666666912,-0.003430089680477977,0.007874111644923687,-0.005399500951170921,-0.0011029094457626343,24.511920
0.8075000000000245,-0.003428493859246373,0.007870812900364399,-0.0053955367766320705,-0.00110054446849972,24.511920
0.8077083333333579,-0.0034268773160874844,0.007867622189223766,-0.005392017774283886,-0.0010983651736751199,24.511920
0.8079166666666913,-0.003425254486501217,0.007864712737500668,-0.005389101337641478,-0.0010973286116495728,24.511920
0.8081250000000246,-0.0034236207138746977,0.007861703634262085,-0.0053866468369960785,-0.0010975623736158013,24.511920
0.808333333333358,-0.0034219876397401094,0.007858515717089176,-0.005382902454584837,-0.0010984238469973207,24.511920
0.8085416666666914,-0.003420347347855568,0.007855471223592758,-0.005379668436944485,-0.0010987271089106798,24.511920
0.8087500000000247,-0.0034187077544629574,0.007852272130548954,-0.005376038141548634,-0.0010959325591102242,24.511920
0.8089583333333581,-0.0034171442966908216,0.007849305868148804,-0.0053720236755907536,-0.0010940179927274585,24.511920
0.8091666666666915,-0.0034155643079429865,0.007846437394618988,-0.005369698163121939,-0.0010919071501120925,24.511920
0.8093750000000248,-0.003413957543671131,0.007843224331736565,-0.0053654820658266544,-0.0010898367036134005,24.511920
0.8095833333333582,-0.003412365447729826,0.00784023106098175,-0.005362408701330423,-0.0010888094548135996,24.511920
0.8097916666666916,-0.003410749137401581,0.00783736165612936,-0.005359124857932329,-0.0010893713915720582,24.511920
0.8100000000000249,-0.003409135388210416,0.007834533229470253,-0.005356904584914446,-0.0010901736095547676,24.511920
0.8102083333333583,-0.0034074983559548855,0.007831122726202011,-0.005352896172553301,-0.0010879765031859279,24.511920
0.8104166666666917,-0.003405926749110222,0.007828101515769958,-0.005350486841052771,-0.0010853800922632217,24.511920
0.810625000000025,-0.0034043833147734404,0.007824891246855259,-0.005347054451704025,-0.001082730246707797,24.511920
0.8108333333333584,-0.0034028070513159037,0.007821572944521904,-0.005343801807612181,-0.0010798540897667408,24.511920
0.8110416666666918,-0.0034012398682534695,0.00781835988163948,-0.0053402637131512165,-0.0010781841119751334,24.511920
0.8112500000000251,-0.0033996570855379105,0.007815279066562653,-0.00533763412386179,-0.0010796022834256291,24.511920
0.8114583333333585,-0.003398049855604768,0.007812031544744968,-0.005334429442882538,-0.001079918583855033,24.511920
0.8116666666666918,-0.0033964463509619236,0.007809016387909651,-0.005330988205969334,-0.001079043373465538,24.511920
0.8118750000000252,-0.003394867293536663,0.007805875968188047,-0.005328058265149593,-0.0010765729239210486,24.511920
0.8120833333333586,-0.0033933373633772135,0.007802761159837246,-0.005324407946318388,-0.0010743137681856751,24.511920
0.812291666666692,-0.003391790669411421,0.0077996887266635895,-0.005320803727954626,-0.001071685110218823,24.511920
0.8125000000000253,-0.00339021859690547,0.007796618156135082,-0.005317904520779848,-0.0010696887038648129,24.511920
0.8127083333333587,-0.003388630924746394,0.007793180178850889,-0.005314698442816734,-0.0010698693804442883,24.511920
0.812916666666692,-0.003387043485417962,0.007790054194629192,-0.005311718210577965,-0.0010701570427045226,24.511920
0.8131250000000254,-0.0033854623325169086,0.007786938454955816,-0.0053080106154084206,-0.00107083679176867,24.511920
0.8133333333333588,-0.0033838653471320868,0.007783828303217888,-0.005304319318383932,-0.0010676737874746323,24.511920
0.8135416666666921,-0.0033823486883193254,0.007780666928738356,-0.005300054792314768,-0.0010657862294465303,24.511920
0.8137500000000255,-0.003380826208740473,0.007777726277709007,-0.005297554656863213,-0.0010632133344188333,24.511920
0.8139583333333589,-0.0033792532049119473,0.007774387951940298,-0.005293966270983219,-0.001060874667018652,24.511920
0.8141666666666922,-0.0033776876516640186,0.007771267089992762,-0.005290608387440443,-0.0010598624357953668,24.511920
0.8143750000000256,-0.0033761088270694017,0.0077681392431259155,-0.005287753883749247,-0.001060522859916091,24.511920
0.814583333333359,-0.0033745188266038895,0.007765122689306736,-0.0052849482744932175,-0.0010611048201099038,24.511920
0.8147916666666923,-0.0033729092683643103,0.0077620940282940865,-0.005281416699290276,-0.001059762784279883,24.511920
0.8150000000000257,-0.0033713432494550943,0.007759191561490297,-0.00527789955958724,-0.00105768209323287,24.511920
0.8152083333333591,-0.0033698156476020813,0.007756228093057871,-0.005274311639368534,-0.001055128057487309,24.511920
0.8154166666666924,-0.0033682677894830704,0.007753182668238878,-0.005270866211503744,-0.001052485196851194,24.511920
0.8156250000000258,-0.0033667024690657854,0.007750178687274456,-0.005268092267215252,-0.0010513060260564089,24.511920
0.8158333333333592,-0.003365123877301812,0.007747260853648186,-0.00526511762291193,-0.0010530991712585092,24.511920
0.8160416666666925,-0.003363523166626692,0.007744105998426676,-0.005261516198515892,-0.0010532948654145002,24.511920
0.8162500000000259,-0.0033619345631450415,0.007741192821413279,-0.005258799530565739,-0.001053409418091178,24.511920
0.8164583333333593,-0.003360338043421507,0.007738249376416206,-0.005255930591374636,-0.0010502634104341269,24.511920
0.8166666666666926,-0.0033588085789233446,0.007735408376902342,-0.005252811126410961,-0.00104795943479985,24.511920
0.816875000000026,-0.0033572553656995296,0.007732708938419819,-0.005250243004411459,-0.0010456256568431854,24.511920
0.8170833333333594,-0.0033556907437741756,0.007730128709226847,-0.005247927270829678,-0.0010446287924423814,24.511920
0.8172916666666927,-0.0033541114535182714,0.00772714801132679,-0.005245399661362171,-0.0010460845660418272,24.511920
0.8175000000000261,-0.0033525186590850353,0.007724234834313393,-0.005242532584816217,-0.0010468409163877368,24.511920
0.8177083333333595,-0.003350932616740465,0.007721522357314825,-0.005240397993475199,-0.0010475722374394536,24.511920
0.8179166666666928,-0.0033493039663881063,0.007718774024397135,-0.005237851291894913,-0.0010441580088809133,24.511920
0.8181250000000262,-0.0033477756660431623,0.00771647784858942,-0.0052361744455993176,-0.0010419593891128898,24.511920
0.8183333333333596,-0.003346215235069394,0.007714207284152508,-0.005233293864876032,-0.001039956696331501,24.511920
0.8185416666666929,-0.003344636643305421,0.007711363025009632,-0.005230479873716831,-0.0010380122112110257,24.511920
0.8187500000000263,-0.0033430622424930334,0.0077086263336241245,-0.005228936206549406,-0.001038126996718347,24.511920
0.8189583333333597,-0.0033414673525840044,0.007705995813012123,-0.005227256566286087,-0.001038838759995997,24.511920
0.819166666666693,-0.0033398624509572983,0.007703399285674095,-0.0052244090475142,-0.001039697090163827,24.511920
0.8193750000000264,-0.0033382459077984095,0.007700842805206776,-0.0052222395315766335,-0.0010378146544098854,24.511920
0.8195833333333598,-0.0033366819843649864,0.007698408793658018,-0.005219990853220224,-0.001034629181958735,24.511920
0.8197916666666931,-0.0033351329620927572,0.007695701438933611,-0.005216899327933788,-0.0010319926077499986,24.511920
0.8200000000000265,-0.003333584638312459,0.007693273946642876,-0.00521516241133213,-0.0010305797914043069,24.511920
0.8202083333333599,-0.0033319960348308086,0.007690452039241791,-0.005212976131588221,-0.0010300606954842806,24.511920
0.8204166666666932,-0.003330394858494401,0.007687775883823633,-0.005211251322180033,-0.0010310672223567963,24.511920
0.8206250000000266,-0.003328794613480568,0.007685422897338867,-0.005209066439419985,-0.0010316696716472507,24.511920
0.82083333333336,-0.003327182726934552,0.007682911120355129,-0.0052069020457565784,-0.0010301383445039392,24.511920
0.8210416666666933,-0.003325587371364236,0.007680389564484358,-0.005203932989388704,-0.0010269407648593187,24.511920
0.8212500000000267,-0.003324063727632165,0.007678030524402857,-0.005201805382966995,-0.0010248974431306124,24.511920
0.82145833333336,-0.0033224893268197775,0.007675573695451021,-0.005199575796723366,-0.0010231200139969587,24.511920
0.8216666666666934,-0.0033209165558218956,0.007673198357224464,-0.005196840036660433,-0.0010216841474175453,24.511920
0.8218750000000268,-0.003319314680993557,0.007670871447771788,-0.005195201374590397,-0.0010239311959594488,24.511920
0.8220833333333601,-0.003317682072520256,0.007668205536901951,-0.0051930672489106655,-0.0010236039524897933,24.511920
0.8222916666666935,-0.003316064365208149,0.007665595039725304,-0.005191238131374121,-0.0010236292146146297,24.511920
0.8225000000000269,-0.0033144380431622267,0.007663027849048376,-0.00518867839127779,-0.0010203794809058309,24.511920
0.8227083333333602,-0.0033129106741398573,0.007660618517547846,-0.005186088383197784,-0.0010189944878220558,24.511920
0.8229166666666936,-0.003311346983537078,0.007658041547983885,-0.005183472763746977,-0.0010164134437218308,24.511920
0.823125000000027,-0.003309772815555334,0.0076555851846933365,-0.005181831307709217,-0.001014572917483747,24.511920
0.8233333333333603,-0.0033081623259931803,0.0076529099605977535,-0.0051793744787573814,-0.001016195397824049,24.511920
0.8235416666666937,-0.003306533442810178,0.007650317624211311,-0.00517709506675601,-0.0010163852712139487,24.511920
0.8237500000000271,-0.003304906655102968,0.007647735998034477,-0.0051760077476501465,-0.0010167104192078114,24.511920
0.8239583333333604,-0.0033032626379281282,0.007645361125469208,-0.005172633565962315,-0.0010139875812456012,24.511920
0.8241666666666938,-0.0033017194364219904,0.007643148768693209,-0.005170214921236038,-0.0010124737164005637,24.511920
0.8243750000000272,-0.0033001364208757877,0.007640731520950794,-0.0051671965047717094,-0.0010100544895976782,24.511920
0.8245833333333605,-0.003298554802313447,0.0076383971609175205,-0.005164915230125189,-0.001008598948828876,24.511920
0.8247916666666939,-0.003296943847090006,0.00763593940064311,-0.00516326492652297,-0.0010092916199937463,24.511920
0.8250000000000273,-0.0032953107729554176,0.007633582688868046,-0.005160941742360592,-0.0010102420346811414,24.511920
0.8252083333333606,-0.00329367583617568,0.007631151005625725,-0.005158570129424334,-0.001011116779409349,24.511920
0.825416666666694,-0.0032920152880251408,0.007628657855093479,-0.0051560536958277225,-0.001009349594824016,24.511920
0.8256250000000274,-0.0032904266845434904,0.007626113016158342,-0.005153297912329435,-0.0010066541144624352,24.511920
0.8258333333333607,-0.0032888634596019983,0.007623654790222645,-0.005149632226675749,-0.0010050724959000945,24.511920
0.8260416666666941,-0.00328725203871727,0.007621219381690025,-0.00514744920656085,-0.0010031814454123378,24.511920
0.8262500000000275,-0.003285618731752038,0.007618602365255356,-0.005145049188286066,-0.001004569698125124,24.511920
0.8264583333333608,-0.003283977974206209,0.007616066839545965,-0.005142274312674999,-0.0010057298932224512,24.511920
0.8266666666666942,-0.003282336052507162,0.007613715250045061,-0.005140326917171478,-0.0010064358357340097,24.511920
0.8268750000000276,-0.0032806808594614267,0.0076112402603030205,-0.005136859603226185,-0.0010044500231742859,24.511920
0.8270833333333609,-0.0032790822442620993,0.007608960848301649,-0.00513490941375494,-0.0010019904002547264,24.511920
0.8272916666666943,-0.00327749433927238,0.007606571074575186,-0.005131511949002743,-0.0009995953878387809,24.511920
0.8275000000000277,-0.003275903407484293,0.007604089565575123,-0.005128341726958752,-0.0009980127215385437,24.511920
0.827708333333361,-0.0032742787152528763,0.007601735182106495,-0.005126356612890959,-0.0010002852650359273,24.511920
0.8279166666666944,-0.0032726405188441277,0.007599285338073969,-0.005123749375343323,-0.001001848722808063,24.511920
0.8281250000000278,-0.003270972752943635,0.00759689137339592,-0.00512066250666976,-0.0010013190330937505,24.511920
0.8283333333333611,-0.003269307315349579,0.007594458758831024,-0.0051172212697565556,-0.0010002944618463516,24.511920
0.8285416666666945,-0.003267699619755149,0.007592127192765474,-0.00511412788182497,-0.0009975628927350044,24.511920
0.8287500000000279,-0.0032661384902894497,0.00758982403203845,-0.005111188627779484,-0.0009952600812539458,24.511920
0.8289583333333612,-0.0032645142637193203,0.0075874184258282185,-0.005108286626636982,-0.0009934291010722518,24.511920
0.8291666666666946,-0.0032628776971250772,0.007584837265312672,-0.0051050614565610886,-0.0009952285327017307,24.511920
0.829375000000028,-0.0032612390350550413,0.0075822994112968445,-0.005102484952658415,-0.0009956778958439827,24.511920
0.8295833333333613,-0.0032595600932836533,0.0075799813494086266,-0.00509934825822711,-0.000996164046227932,24.511920
0.8297916666666947,-0.003257881384342909,0.0075774239376187325,-0.0050957705825567245,-0.000995492096990347,24.511920
0.830000000000028,-0.003256252035498619,0.007574860006570816,-0.00509248161688447,-0.0009923484176397324,24.511920
0.8302083333333614,-0.003254679962992668,0.0075723459012806416,-0.005089111626148224,-0.000989703112281859,24.511920
0.8304166666666948,-0.0032530566677451134,0.007569719105958939,-0.0050846668891608715,-0.0009883854072540998,24.511920
0.8306250000000281,-0.003251428250223398,0.007567339111119509,-0.0050829146057367325,-0.000989544321782887,24.511920
0.8308333333333615,-0.0032497600186616182,0.007564875762909651,-0.0050797173753380775,-0.0009904030011966825,24.511920
0.8310416666666949,-0.0032480827067047358,0.007562222424894571,-0.00507568521425128,-0.0009912365349009633,24.511920
0.8312500000000282,-0.0032464039977639914,0.007559812627732754,-0.005072173662483692,-0.0009901358280330896,24.511920
0.8314583333333616,-0.0032447476405650377,0.007557344622910023,-0.005068459548056126,-0.0009873812086880207,24.511920
0.831666666666695,-0.003243145300075412,0.007554959040135145,-0.005065515171736479,-0.0009862285805866122,24.511920
0.8318750000000283,-0.003241497790440917,0.007552514784038067,-0.005061625968664885,-0.0009850128553807735,24.511920
0.8320833333333617,-0.003239837009459734,0.007550027687102556,-0.00505798077210784,-0.000986565020866692,24.511920
0.8322916666666951,-0.003238171339035034,0.007547562010586262,-0.0050556655041873455,-0.0009881578152999282,24.511920
0.8325000000000284,-0.00323647353798151,0.007545029278844595,-0.005051834974437952,-0.0009883143939077854,24.511920
0.8327083333333618,-0.0032347554806619883,0.007542539853602648,-0.005048416089266539,-0.0009872822556644678,24.511920
0.8329166666666952,-0.003233081428334117,0.007540135644376278,-0.0050445119850337505,-0.0009848506888374686,24.511920
0.8331250000000285,-0.0032314795535057783,0.007537721190601587,-0.005040706600993872,-0.0009826908353716135,24.511920
0.8333333333333619,-0.003229827154427767,0.0075355335138738155,-0.005037263967096806,-0.0009811092168092728,24.511920
0.8335416666666953,-0.003228146582841873,0.007532984483987093,-0.005033739842474461,-0.0009823724394664168,24.511920
0.8337500000000286,-0.003226449014618993,0.0075302706100046635,-0.005030305124819279,-0.0009828264592215419,24.511920
0.833958333333362,-0.003224768675863743,0.007527883164584637,-0.005027235019952059,-0.0009835314704105258,24.511920
0.8341666666666954,-0.003223031060770154,0.007525286637246609,-0.005023286212235689,-0.0009823197033256292,24.511920
0.8343750000000287,-0.003221364226192236,0.007522838655859232,-0.005019770469516516,-0.0009794298093765974,24.511920
0.8345833333333621,-0.0032197562977671623,0.0075205350294709206,-0.00501615134999156,-0.0009769622702151537,24.511920
0.8347916666666955,-0.003218077588826418,0.0075179049745202065,-0.005011726636439562,-0.0009759278036653996,24.511920
0.8350000000000288,-0.0032163988798856735,0.007515419274568558,-0.005009374115616083,-0.0009778832318261266,24.511920
0.8352083333333622,-0.0032146843150258064,0.007512733805924654,-0.005005578976124525,-0.0009789462201297283,24.511920
0.8354166666666956,-0.003212961368262768,0.007510137278586626,-0.005001338664442301,-0.0009789010509848595,24.511920
0.8356250000000289,-0.003211229806765914,0.007507845759391785,-0.004998190328478813,-0.0009756575454957783,24.511920
0.8358333333333623,-0.0032096044160425663,0.007505488581955433,-0.004995275754481554,-0.0009735866915434599,24.511920
0.8360416666666957,-0.003207947127521038,0.007503204513341188,-0.004992221482098103,-0.0009712367900647223,24.511920
0.836250000000029,-0.00320627773180604,0.0075008440762758255,-0.004988180939108133,-0.000970219902228564,24.511920
0.8364583333333624,-0.0032045545522123575,0.007498345337808132,-0.004985547158867121,-0.0009705378324724734,24.511920
0.8366666666666958,-0.003202830906957388,0.007496056612581015,-0.004983433987945318,-0.0009714458137750626,24.511920
0.8368750000000291,-0.0032010588329285383,0.007493640296161175,-0.004980308935046196,-0.0009720148518681526,24.511920
0.8370833333333625,-0.0031992923468351364,0.007491417694836855,-0.004977943375706673,-0.0009692854946479201,24.511920
0.8372916666666959,-0.0031976262107491493,0.007489028852432966,-0.0049751559272408485,-0.0009666156838648021,24.511920
0.8375000000000292,-0.0031959370244294405,0.007486884016543627,-0.0049728648737072945,-0.0009650835418142378,24.511920
0.8377083333333626,-0.003194220829755068,0.007484612986445427,-0.00496995635330677,-0.0009659332572482526,24.511920
0.837916666666696,-0.00319248391315341,0.007482158951461315,-0.004968111868947744,-0.0009666368132457137,24.511920
0.8381250000000293,-0.003190739778801799,0.00747974356636405,-0.004965591710060835,-0.0009679494542069733,24.511920
0.8383333333333627,-0.003188969334587455,0.007477616425603628,-0.004963512532413006,-0.000967032159678638,24.511920
0.838541666666696,-0.0031871970277279615,0.007475266698747873,-0.004960088524967432,-0.0009645106620155275,24.511920
0.8387500000000294,-0.0031855334527790546,0.007473059929907322,-0.004958274308592081,-0.0009628167026676238,24.511920
0.8389583333333628,-0.003183823311701417,0.007470722310245037,-0.0049545904621481895,-0.0009610511478967965,24.511920
0.8391666666666961,-0.0031820842996239662,0.007468549534678459,-0.004953164607286453,-0.0009633243316784501,24.511920
0.8393750000000295,-0.0031803352758288383,0.007466194219887257,-0.004950647708028555,-0.0009636247414164245,24.511920
0.8395833333333629,-0.00317855435423553,0.007463916204869747,-0.004947899840772152,-0.0009638462797738612,24.511920
0.8397916666666962,-0.003176761092618108,0.007461764849722385,-0.004945386201143265,-0.0009631311404518783,24.511920
0.8400000000000296,-0.003175012767314911,0.007459565997123718,-0.004942561034113169,-0.0009607599931769073,24.511920
0.840208333333363,-0.003173321019858122,0.007457380183041096,-0.004939830396324396,-0.0009584689396433532,24.511920
0.8404166666666963,-0.003171586897224188,0.007454937789589167,-0.00493672164157033,-0.0009576528100296855,24.511920
0.8406250000000297,-0.0031698376405984163,0.007452594116330147,-0.004934307187795639,-0.0009590073022991419,24.511920
0.8408333333333631,-0.00316805811598897,0.0074502346105873585,-0.00493203429505229,-0.0009597734315320849,24.511920
0.8410416666666964,-0.0031662650872021914,0.007447804324328899,-0.004928847309201956,-0.0009601867641322315,24.511920
0.8412500000000298,-0.0031644452828913927,0.0074454122222959995,-0.004926271736621857,-0.0009570262627676129,24.511920
0.8414583333333632,-0.003162766806781292,0.007442995440214872,-0.004923047032207251,-0.000954349001403898,24.511920
0.8416666666666965,-0.003161049447953701,0.007440666202455759,-0.0049202293157577515,-0.0009528884547762573,24.511920
0.8418750000000299,-0.0031593218445777893,0.00743827736005187,-0.004917276091873646,-0.000953343347646296,24.511920
0.8420833333333633,-0.0031575572211295366,0.007435853127390146,-0.00491421390324831,-0.0009536287398077548,24.511920
0.8422916666666966,-0.0031557658221572638,0.007433345075696707,-0.004911819938570261,-0.0009540264145471156,24.511920
0.84250000000003,-0.0031539504416286945,0.00743097672238946,-0.004908479750156403,-0.0009531815303489566,24.511920
0.8427083333333634,-0.0031521557830274105,0.00742852408438921,-0.004905341193079948,-0.0009501904714852571,24.511920
0.8429166666666967,-0.003150452394038439,0.007426212076097727,-0.004901558626443148,-0.0009480963344685733,24.511920
0.8431250000000301,-0.003148695919662714,0.007423796225339174,-0.004898563493043184,-0.0009466636111028492,24.511920
0.8433333333333635,-0.0031469278037548065,0.007421324960887432,-0.004895614460110664,-0.0009481065208092332,24.511920
0.8435416666666968,-0.00314512406475842,0.007418842054903507,-0.00489260395988822,-0.0009493614197708666,24.511920
0.8437500000000302,-0.0031432940158993006,0.007416457403451204,-0.004889297299087048,-0.0009493600227870047,24.511920
0.8439583333333636,-0.0031414467375725508,0.007414092775434256,-0.0048859259113669395,-0.000947405060287565,24.511920
0.8441666666666969,-0.0031396946869790554,0.0074118333868682384,-0.004882164299488068,-0.0009454001556150615,24.511920
0.8443750000000303,-0.0031379417050629854,0.007409404031932354,-0.004878259263932705,-0.0009432187071070075,24.511920
0.8445833333333637,-0.0031361759174615145,0.007407099939882755,-0.004875237122178078,-0.0009448810596950352,24.511920
0.844791666666697,-0.003134398953989148,0.007404759060591459,-0.004872121382504702,-0.0009468759526498616,24.511920
0.8450000000000304,-0.0031325656455010176,0.0074021886102855206,-0.004868298303335905,-0.0009472967940382659,24.511920
0.8452083333333638,-0.0031307211611419916,0.007399828638881445,-0.004865025170147419,-0.0009484447073191404,24.511920
0.8454166666666971,-0.003128903917968273,0.007397423032671213,-0.004861346911638975,-0.0009461016743443906,24.511920
0.8456250000000305,-0.0031271972693502903,0.0073951431550085545,-0.004857515450567007,-0.0009450105135329068,24.511920
0.8458333333333639,-0.003125412855297327,0.007392803207039833,-0.004853646270930767,-0.0009448647033423185,24.511920
0.8460416666666972,-0.003123628906905651,0.007390472572296858,-0.004850389435887337,-0.000947912223637104,24.511920
0.8462500000000306,-0.003121819579973817,0.007388188503682613,-0.004847098141908646,-0.0009510347153991461,24.511920
0.846458333333364,-0.0031199471559375525,0.007385591045022011,-0.004843088798224926,-0.0009523750049993396,24.511920
0.8466666666666973,-0.003118079388514161,0.007383092772215605,-0.004839751869440079,-0.0009507896611467004,24.511920
0.8468750000000307,-0.003116349224001169,0.007380553055554628,-0.0048348247073590755,-0.0009506805217824876,24.511920
0.847083333333364,-0.003114592982456088,0.007378221023827791,-0.004831505473703146,-0.0009498891304247081,24.511920
0.8472916666666974,-0.0031127838883548975,0.0073757958598434925,-0.004828638397157192,-0.0009522749460302293,24.511920
0.8475000000000308,-0.0031109682749956846,0.00737337302416563,-0.004824589006602764,-0.0009549878886900842,24.511920
0.8477083333333642,-0.0031091184355318546,0.00737087894231081,-0.004821211099624634,-0.0009573780698701739,24.511920
0.8479166666666975,-0.003107247641310096,0.007368362974375486,-0.004817933309823275,-0.0009562619379721582,24.511920
0.8481250000000309,-0.003105446230620146,0.0073659783229231834,-0.004813255276530981,-0.0009548262460157275,24.511920
0.8483333333333642,-0.003103685099631548,0.007363503333181143,-0.004808545578271151,-0.0009543024352751672,24.511920
0.8485416666666976,-0.003101874841377139,0.007361138239502907,-0.0048051076009869576,-0.0009547434747219086,24.511920
0.848750000000031,-0.0031000373419374228,0.007358725182712078,-0.004800592549145222,-0.0009586377418600023,24.511920
0.8489583333333643,-0.0030981795862317085,0.0073562017641961575,-0.004796609282493591,-0.0009611376444809139,24.511920
0.8491666666666977,-0.0030963001772761345,0.007353740744292736,-0.004792818333953619,-0.0009625242673791945,24.511920
0.8493750000000311,-0.003094442654401064,0.007351350039243698,-0.004788443446159363,-0.0009619983029551804,24.511920
0.8495833333333644,-0.003092687577009201,0.007349115796387196,-0.004783774726092815,-0.000961595680564642,24.511920
0.8497916666666978,-0.003090865910053253,0.007346481084823608,-0.004779872950166464,-0.0009623228688724339,24.511920
0.8500000000000312,-0.003089028410613537,0.0073439995758235455,-0.004776058718562126,-0.0009677282068878412,24.511920
0.8502083333333645,-0.003087171819061041,0.007341667078435421,-0.0047722565941512585,-0.0009723064722493291,24.511920
0.8504166666666979,-0.0030852805357426405,0.007339025381952524,-0.004768329672515392,-0.0009763899724930525,24.511920
0.8506250000000313,-0.0030833580531179905,0.007336698472499847,-0.00476429658010602,-0.000976545677985996,24.511920
0.8508333333333646,-0.0030815897043794394,0.007334560621529818,-0.0047612376511096954,-0.0009775633225217462,24.511920
0.851041666666698,-0.0030797673389315605,0.007332152687013149,-0.004757368005812168,-0.000977829797193408,24.511920
0.8512500000000314,-0.0030778907239437103,0.007329814601689577,-0.004754553083330393,-0.000980252050794661,24.511920
0.8514583333333647,-0.0030759896617382765,0.007327416446059942,-0.004752593580633402,-0.0009835228556767106,24.511920
0.8516666666666981,-0.003074065549299121,0.007324850186705589,-0.004749177489429712,-0.0009864963358268142,24.511920
0.8518750000000315,-0.0030721197836101055,0.007322303019464016,-0.00474546616896987,-0.0009845414897426963,24.511920
0.8520833333333648,-0.003070330247282982,0.007319883443415165,-0.004742908291518688,-0.0009844417218118906,24.511920
0.8522916666666982,-0.0030685088131576777,0.007317504845559597,-0.004739864729344845,-0.0009852180955931544,24.511920
0.8525000000000316,-0.003066596807911992,0.007314977236092091,-0.004736705683171749,-0.0009866884211078286,24.511920
0.8527083333333649,-0.0029415336903184652,0.0074510411359369755,-0.004765735473483801,-0.004821174778044224,24.511920
0.8529166666666983,-0.002775343833491206,0.007796747609972954,-0.004520739428699017,-0.008744443766772747,24.511920
0.8531250000000317,-0.002612846903502941,0.00818327721208334,-0.004116450436413288,-0.01190965250134468,24.511920
0.853333333333365,-0.0024466165341436863,0.00860629417002201,-0.0035288797225803137,-0.014473924413323402,24.511920
0.8535416666666984,-0.0022777370177209377,0.009036064147949219,-0.0027852291241288185,-0.01656431518495083,24.511920
0.8537500000000318,-0.0021069212816655636,0.009455143474042416,-0.0019179510418325663,-0.01827927492558956,24.511920
0.8539583333333651,-0.0019347318448126316,0.009852220304310322,-0.0009572471026331186,-0.019696099683642387,24.511920
0.8541666666666985,-0.001761554623953998,0.01022134069353342,6.485911580966786e-05,-0.02087514102458954,24.511920
0.8543750000000319,-0.0015877593541517854,0.010562386363744736,0.001123836264014244,-0.02186012640595436,24.511920
0.8545833333333652,-0.0014135733945295215,0.010879510082304478,0.0022045148070901632,-0.02269214391708374,24.511920
0.8547916666666986,-0.001239305012859404,0.011176268570125103,0.0032933552283793688,-0.023397374898195267,24.511920
0.855000000000032,-0.001065181684680283,0.011453325860202312,0.004381667822599411,-0.024002764374017715,24.511920
0.8552083333333653,-0.000891351664904505,0.011712471954524517,0.005460304673761129,-0.024524202570319176,24.511920
0.8554166666666987,-0.0007179833482950926,0.011954606510698795,0.006522877607494593,-0.024975934997200966,24.511920
0.855625000000032,-0.0005451883189380169,0.012180916965007782,0.007564786821603775,-0.0253712460398674,24.511920
0.8558333333333654,-0.00037310022162273526,0.012391668744385242,0.008578578010201454,-0.02571902796626091,24.511920
0.8560416666666988,-0.00020183133892714977,0.01258707046508789,0.009568075649440289,-0.0260260459035635,24.511920
0.8562500000000322,-3.1574232707498595e-05,0.012769538909196854,0.010527491569519043,-0.02629936672747135,24.511920
0.8564583333333655,0.00013764057075604796,0.012940216809511185,0.011455291882157326,-0.0265443604439497,24.511920
0.8566666666666989,0.0003056815767195076,0.013098636642098427,0.012351909652352333,-0.026765722781419754,24.511920
0.8568750000000322,0.0004724340105894953,0.013244949281215668,0.013216822408139706,-0.026963895186781883,24.511920
0.8570833333333656,0.0006378812249749899,0.013380679301917553,0.014052200131118298,-0.027144432067871094,24.511920
0.857291666666699,0.0008019304368644953,0.01350715383887291,0.014857178553938866,-0.027310017496347427,24.511920
0.8575000000000323,0.0009644880192354321,0.01362545508891344,0.015632592141628265,-0.02745913714170456,24.511920
0.8577083333333657,0.0011255200952291489,0.013736976310610771,0.016380684450268745,-0.027596721425652504,24.511920
0.8579166666666991,0.0012849178165197372,0.013842443935573101,0.017099952325224876,-0.02771955356001854,24.511920
0.8581250000000324,0.0014426806010305882,0.013942824676632881,0.017795534804463387,-0.027833670377731323,24.511920
0.8583333333333658,0.001598662813194096,0.01403824519366026,0.01846414990723133,-0.02793695777654648,24.511920
0.8585416666666992,0.0017528282478451729,0.014129376970231533,0.01910761371254921,-0.028031829744577408,24.511920
0.8587500000000325,0.0019051166018471122,0.014216875657439232,0.019725732505321503,-0.028119776397943497,24.511920
0.8589583333333659,0.0020554708316922188,0.014300839975476265,0.020321020856499672,-0.028200658038258553,24.511920
0.8591666666666993,0.002204400021582842,0.014383087866008282,0.020933786407113075,-0.02828052267432213,24.511920
0.8593750000000326,0.002352253533899784,0.014462166465818882,0.021580403670668602,-0.028364289551973343,24.511920
0.859583333333366,0.0024982488248497248,0.014536550268530846,0.022207770496606827,-0.02844148501753807,24.511920
0.8597916666666994,0.0026423137169331312,0.014607220888137817,0.022816548123955727,-0.02850961685180664,24.511920
0.8600000000000327,0.0027844570577144623,0.014674988575279713,0.023406250402331352,-0.028572730720043182,24.511920
0.8602083333333661,0.0029246420599520206,0.014740523882210255,0.023978358134627342,-0.028630835935473442,24.511920
0.8604166666666995,0.003062821226194501,0.014803804457187653,0.024534091353416443,-0.02868269383907318,24.511920
0.8606250000000328,0.003198973136022687,0.01486446987837553,0.025073612108826637,-0.028731685131788254,24.511920
0.8608333333333662,0.0033333112951368093,0.014923753216862679,0.02559710666537285,-0.02877311408519745,24.511920
0.8610416666666996,0.0034657795913517475,0.01498468592762947,0.02610604651272297,-0.028805719688534737,24.511920
0.8612500000000329,0.0035962536931037903,0.01504303328692913,0.026601778343319893,-0.02883605845272541,24.511920
0.8614583333333663,0.003724534995853901,0.015097896568477154,0.02708202227950096,-0.028863005340099335,24.511920
0.8616666666666997,0.0038505466654896736,0.015149572864174843,0.027546890079975128,-0.028886836022138596,24.511920
0.861875000000033,0.003974366933107376,0.015199121087789536,0.027999183163046837,-0.02890755794942379,24.511920
0.8620833333333664,0.0040959822945296764,0.015246965922415257,0.02843726985156536,-0.028924837708473206,24.511920
0.8622916666666998,0.0042154183611273766,0.015293220989406109,0.028863128274679184,-0.028940260410308838,24.511920
0.8625000000000331,0.004332651849836111,0.015337856486439705,0.029276233166456223,-0.02895291894674301,24.511920
0.8627083333333665,0.004447684623301029,0.015380924567580223,0.02967723272740841,-0.028962448239326477,24.511920
0.8629166666666999,0.00456053065136075,0.01542238611727953,0.030067522078752518,-0.028970781713724136,24.511920
0.8631250000000332,0.004671155940741301,0.015462414361536503,0.03044404834508896,-0.0289754755795002,24.511920
0.8633333333333666,0.00477961590513587,0.015500972047448158,0.030811067670583725,-0.028978973627090454,24.511920
0.8635416666667,0.004885872360318899,0.015537980943918228,0.03116694651544094,-0.02898041531443596,24.511920
0.8637500000000333,0.004989922977983952,0.015573275275528431,0.03151053935289383,-0.028980107977986336,24.511920
0.8639583333333667,0.005091778934001923,0.01560714840888977,0.03184335306286812,-0.028975293040275574,24.511920
0.8641666666667001,0.005191491451114416,0.015639444813132286,0.03216785937547684,-0.028970427811145782,24.511920
0.8643750000000334,0.005289010237902403,0.015670327469706535,0.03248152881860733,-0.02896302193403244,24.511920
0.8645833333333668,0.005384358111768961,0.01569957658648491,0.03278655931353569,-0.02895437367260456,24.511920
0.8647916666667002,0.005477519705891609,0.01572723127901554,0.03308064863085747,-0.028942575678229332,24.511920
0.8650000000000335,0.005568529479205608,0.015753645449876785,0.03336620703339577,-0.02892838977277279,24.511920
0.8652083333333669,0.005657401401549578,0.01577838324010372,0.033642660826444626,-0.028913157060742378,24.511920
0.8654166666667003,0.005744133610278368,0.01580161787569523,0.03391125425696373,-0.028896279633045197,24.511920
0.8656250000000336,0.0058287144638597965,0.01582316868007183,0.034170109778642654,-0.02887865900993347,24.511920
0.865833333333367,0.005911130458116531,0.015843341127038002,0.034420836716890335,-0.028857512399554253,24.511920
0.8660416666667003,0.005991426762193441,0.015861937776207924,0.03466304391622543,-0.028834974393248558,24.511920
0.8662500000000337,0.006069599650800228,0.015878882259130478,0.03489740565419197,-0.028811130672693253,24.511920
0.8664583333333671,0.006145641207695007,0.0158943310379982,0.0351242758333683,-0.028786657378077507,24.511920
0.8666666666667004,0.0062195430509746075,0.015908123925328255,0.035343896597623825,-0.028759904205799103,24.511920
0.8668750000000338,0.006291307974606752,0.015920469537377357,0.03555512800812721,-0.02872977964580059,24.511920
0.8670833333333672,0.006360976956784725,0.01593121886253357,0.03575888276100159,-0.028697378933429718,24.511920
0.8672916666667005,0.006428578868508339,0.015940405428409576,0.03595695272088051,-0.028664976358413696,24.511920
0.8675000000000339,0.006494082976132631,0.01594812609255314,0.03614761307835579,-0.028629649430513382,24.511920
0.8677083333333673,0.006557505112141371,0.015954220667481422,0.03633171319961548,-0.028592655435204506,24.511920
0.8679166666667006,0.006618856452405453,0.015958787873387337,0.03650859743356705,-0.02855340763926506,24.511920
0.868125000000034,0.006678158417344093,0.015961991623044014,0.03667892515659332,-0.02851238287985325,24.511920
0.8683333333333674,0.006735408678650856,0.015963589772582054,0.03684533014893532,-0.02847224846482277,24.511920
0.8685416666667007,0.006790550891309977,0.01596345752477646,0.037004582583904266,-0.028428204357624054,24.511920
0.8687500000000341,0.006843635346740484,0.01596175692975521,0.03715817630290985,-0.028383053839206696,24.511920
0.8689583333333675,0.006894666235893965,0.01595848798751831,0.03730498626828194,-0.02833561785519123,24.511920
0.8691666666667008,0.00694365194067359,0.015953904017806053,0.03744528442621231,-0.0282860416918993,24.511920
0.8693750000000342,0.00699063204228878,0.015947740525007248,0.03758059814572334,-0.028235027566552162,24.511920
0.8695833333333676,0.007035584654659033,0.01594006083905697,0.0377095490694046,-0.028181608766317368,24.511920
0.8697916666667009,0.007078539580106735,0.015930412337183952,0.03783741220831871,-0.028129128739237785,24.511920
0.8700000000000343,0.007119412999600172,0.015919260680675507,0.037957534193992615,-0.028072696179151535,24.511920
0.8702083333333677,0.007158274296671152,0.015906671062111855,0.038071438670158386,-0.02801431342959404,24.511920
0.870416666666701,0.007195142097771168,0.015892373397946358,0.03818163275718689,-0.02795327454805374,24.511920
0.8706250000000344,0.007230035960674286,0.015876581892371178,0.03828766196966171,-0.027891110628843307,24.511920
0.8708333333333678,0.007262954954057932,0.015859557315707207,0.038386765867471695,-0.027827361598610878,24.511920
0.8710416666667011,0.0072939139790833,0.01584107242524624,0.038481712341308594,-0.027762316167354584,24.511920
0.8712500000000345,0.0073228878900408745,0.01582089252769947,0.03857249394059181,-0.027696995064616203,24.511920
0.8714583333333679,0.007349847815930843,0.015799449756741524,0.038655947893857956,-0.02762850746512413,24.511920
0.8716666666667012,0.007374845445156097,0.01577608846127987,0.038736384361982346,-0.027558008208870888,24.511920
0.8718750000000346,0.0073979077860713005,0.015751032158732414,0.038814086467027664,-0.027485549449920654,24.511920
0.872083333333368,0.007419027853757143,0.015725120902061462,0.03888525068759918,-0.02741137705743313,24.511920
0.8722916666667013,0.007438229862600565,0.015698276460170746,0.038951046764850616,-0.027335692197084427,24.511920
0.8725000000000347,0.007455512415617704,0.015668487176299095,0.03901771083474159,-0.02725938893854618,24.511920
0.8727083333333681,0.007470870856195688,0.015637999400496483,0.039078086614608765,-0.02718033455312252,24.511920
0.8729166666667014,0.00748433405533433,0.015607009641826153,0.03913136199116707,-0.02709876373410225,24.511920
0.8731250000000348,0.007494681980460882,0.015573330223560333,0.03918565437197685,-0.02701684832572937,24.511920
0.8733333333333682,0.007500922307372093,0.01553898025304079,0.03923371434211731,-0.026932021602988243,24.511920
0.8735416666667015,0.007504056673496962,0.01550231035798788,0.039280593395233154,-0.026845475658774376,24.511920
0.8737500000000349,0.007504838984459639,0.01546251680701971,0.039327189326286316,-0.02675798535346985,24.511920
0.8739583333333683,0.007504000328481197,0.015420923009514809,0.03937116265296936,-0.02666780911386013,24.511920
0.8741666666667016,0.007501786574721336,0.015378342941403389,0.03941065073013306,-0.02657618187367916,24.511920
0.874375000000035,0.007498371880501509,0.015333586372435093,0.0394471175968647,-0.02648138999938965,24.511920
0.8745833333333684,0.007493813522160053,0.015285800211131573,0.03948597609996796,-0.026385612785816193,24.511920
0.8747916666667017,0.0074880700558424,0.01523592323064804,0.03951919078826904,-0.026285799220204353,24.511920
0.8750000000000351,0.007481238804757595,0.015186050906777382,0.03954815864562988,-0.02618582360446453,24.511920
0.8752083333333684,0.007473291829228401,0.015133919194340706,0.03957416117191315,-0.026082657277584076,24.511920
0.8754166666667018,0.0074642798863351345,0.015079621225595474,0.03959997743368149,-0.02597777545452118,24.511920
0.8756250000000352,0.007454195991158485,0.015022983774542809,0.039624057710170746,-0.025871602818369865,24.511920
0.8758333333333685,0.007443038281053305,0.014964559115469456,0.03964480385184288,-0.025762930512428284,24.511920
0.8760416666667019,0.0074308388866484165,0.014904445968568325,0.0396648645401001,-0.025653423741459846,24.511920
0.8762500000000353,0.0074175684712827206,0.014843077398836613,0.03968152776360512,-0.02554251067340374,24.511920
0.8764583333333686,0.007403233088552952,0.014780069701373577,0.03969627246260643,-0.02542911097407341,24.511920
0.876666666666702,0.007387842517346144,0.014716354198753834,0.039707545191049576,-0.025314608588814735,24.511920
0.8768750000000354,0.007371404208242893,0.014651845209300518,0.03971552103757858,-0.025198286399245262,24.511920
0.8770833333333687,0.007353936787694693,0.014585915021598339,0.03972248733043671,-0.02508142963051796,24.511920
0.8772916666667021,0.00733540952205658,0.014517874456942081,0.03972756490111351,-0.024961603805422783,24.511920
0.8775000000000355,0.007315854076296091,0.014448913745582104,0.039730463176965714,-0.024840451776981354,24.511920
0.8777083333333688,0.007295276969671249,0.01437789760529995,0.03973090276122093,-0.024717306718230247,24.511920
0.8779166666667022,0.0072737098671495914,0.014305819757282734,0.039730608463287354,-0.024594683200120926,24.511920
0.8781250000000356,0.007251105736941099,0.014231001958251,0.039729174226522446,-0.02446865104138851,24.511920
0.8783333333333689,0.007227503228932619,0.01415545679628849,0.03972461819648743,-0.0243416428565979,24.511920
0.8785416666667023,0.007202918641269207,0.014078899286687374,0.03971780464053154,-0.02421395108103752,24.511920
0.8787500000000357,0.007177337072789669,0.014001330360770226,0.03970916196703911,-0.024084558710455894,24.511920
0.878958333333369,0.007150777615606785,0.01392314862459898,0.03969809040427208,-0.023954879492521286,24.511920
0.8791666666667024,0.0071232253685593605,0.013844037428498268,0.03968384861946106,-0.023822061717510223,24.511920
0.8793750000000358,0.00709472456946969,0.013763945549726486,0.03966901823878288,-0.023687921464443207,24.511920
0.8795833333333691,0.007065278477966785,0.013681340962648392,0.03965236619114876,-0.02355162240564823,24.511920
0.8797916666667025,0.007034915499389172,0.013597918674349785,0.03963518142700195,-0.02341441437602043,24.511920
0.8800000000000359,0.0070036184042692184,0.013513392768800259,0.039617013186216354,-0.023277530446648598,24.511920
0.8802083333333692,0.006971347611397505,0.013428923673927784,0.03959314897656441,-0.02313823811709881,24.511920
0.8804166666667026,0.006938163656741381,0.013342197984457016,0.03956925868988037,-0.022996338084340096,24.511920
0.880625000000036,0.006904088892042637,0.013253468088805676,0.03954401984810829,-0.022853750735521317,24.511920
0.8808333333333693,0.006869108881801367,0.013164812698960304,0.03951617702841759,-0.022710174322128296,24.511920
0.8810416666667027,0.006833220832049847,0.013075938448309898,0.03948632627725601,-0.022566722705960274,24.511920
0.8812500000000361,0.006796408910304308,0.01298455148935318,0.03945318982005119,-0.022419678047299385,24.511920
0.8814583333333694,0.006758736912161112,0.012892167083919048,0.0394197441637516,-0.02227180264890194,24.511920
0.8816666666667028,0.006720190867781639,0.012800435535609722,0.039384037256240845,-0.022123165428638458,24.511920
0.8818750000000362,0.006680769845843315,0.01270582340657711,0.039347048848867416,-0.021972818300127983,24.511920
0.8820833333333695,0.006640476640313864,0.012610552832484245,0.039307091385126114,-0.021821463480591774,24.511920
0.8822916666667029,0.006599327549338341,0.012514996342360973,0.039265748113393784,-0.021670132875442505,24.511920
0.8825000000000363,0.006557300686836243,0.012416833080351353,0.03922251984477043,-0.021515468135476112,24.511920
0.8827083333333696,0.006514443084597588,0.012318341992795467,0.039177052676677704,-0.021360676735639572,24.511920
0.882916666666703,0.006470740307122469,0.012219974771142006,0.03912923112511635,-0.021204929798841476,24.511920
0.8831250000000364,0.00642620213329792,0.012119141407310963,0.03907865658402443,-0.021047521382570267,24.511920
0.8833333333333697,0.006380849983543158,0.012018362991511822,0.03902807831764221,-0.020890897139906883,24.511920
0.8835416666667031,0.006334642879664898,0.011915287934243679,0.03897372633218765,-0.020729901269078255,24.511920
0.8837500000000365,0.0062876539304852486,0.011811709962785244,0.03891904652118683,-0.02056892029941082,24.511920
0.8839583333333698,0.006239859387278557,0.011707884259521961,0.03886114060878754,-0.02040673978626728,24.511920
0.8841666666667032,0.006191289518028498,0.011602546088397503,0.038801223039627075,-0.020243149250745773,24.511920
0.8843750000000365,0.006141947116702795,0.011496787890791893,0.03874124586582184,-0.02008054591715336,24.511920
0.8845833333333699,0.006091788411140442,0.01138890441507101,0.03867853432893753,-0.019913921132683754,24.511920
0.8847916666667033,0.006040873471647501,0.011281141079962254,0.03861340507864952,-0.019748304039239883,24.511920
0.8850000000000366,0.005989182274788618,0.011171899735927582,0.03854607045650482,-0.019578957930207253,24.511920
0.88520833333337,0.005936770234256983,0.011061850935220718,0.038477469235658646,-0.019409561529755592,24.511920
0.8854166666667034,0.005883626639842987,0.010949845425784588,0.03840809315443039,-0.019239500164985657,24.511920
0.8856250000000367,0.005829729605466127,0.010837427340447903,0.038335900753736496,-0.019066395238041878,24.511920
0.8858333333333701,0.00577512988820672,0.010725678876042366,0.03826151788234711,-0.01889301836490631,24.511920
0.8860416666667035,0.005719838198274374,0.010610884986817837,0.038186099380254745,-0.018718788400292397,24.511920
0.8862500000000368,0.005663830786943436,0.010497059673070908,0.03810812160372734,-0.01854419894516468,24.511920
0.8864583333333702,0.005607111845165491,0.010380263440310955,0.03802838921546936,-0.018366927281022072,24.511920
0.8866666666667036,0.005549704656004906,0.010263506323099136,0.037946928292512894,-0.018190477043390274,24.511920
0.8868750000000369,0.005491588264703751,0.010145415551960468,0.03786246106028557,-0.01801098696887493,24.511920
0.8870833333333703,0.0054328106343746185,0.010028714314103127,0.03777698427438736,-0.017832383513450623,24.511920
0.8872916666667037,0.005373338703066111,0.009910023771226406,0.037687622010707855,-0.017650840803980827,24.511920
0.887500000000037,0.005313226021826267,0.009790346026420593,0.03759853169322014,-0.017469679936766624,24.511920
0.8877083333333704,0.005252445582300425,0.00966892670840025,0.03750556707382202,-0.017285466194152832,24.511920
0.8879166666667038,0.005191043484956026,0.009545908309519291,0.03741218522191048,-0.017102517187595367,24.511920
0.8881250000000371,0.0051289815455675125,0.009420722723007202,0.03731669485569,-0.016916794702410698,24.511920
0.8883333333333705,0.005066294223070145,0.009295393712818623,0.037219032645225525,-0.016731558367609978,24.511920
0.8885416666667039,0.005002962425351143,0.009168845601379871,0.037119053304195404,-0.016543978825211525,24.511920
0.8887500000000372,0.004939017817378044,0.009041945450007915,0.03701705113053322,-0.01635650172829628,24.511920
0.8889583333333706,0.004874454345554113,0.008913874626159668,0.036912575364112854,-0.01616736128926277,24.511920
0.889166666666704,0.004809297155588865,0.008784870617091656,0.036806620657444,-0.01597742550075054,24.511920
0.8893750000000373,0.00474353414028883,0.008655453100800514,0.03669831529259682,-0.015785956755280495,24.511920
0.8895833333333707,0.004677202552556992,0.00852414034307003,0.03658752515912056,-0.01559172011911869,24.511920
0.8897916666667041,0.004610329866409302,0.008392630144953728,0.03647742420434952,-0.015397650189697742,24.511920
0.8900000000000374,0.004542890470474958,0.008259741589426994,0.0363629013299942,-0.01520215068012476,24.511920
0.8902083333333708,0.00447491928935051,0.008126255124807358,0.03624905273318291,-0.015006836503744125,24.511920
0.8904166666667042,0.004406374879181385,0.007990420795977116,0.0361301489174366,-0.014809414744377136,24.511920
0.8906250000000375,0.004337304271757603,0.007854575291275978,0.03601197153329849,-0.014612984843552113,24.511920
0.8908333333333709,0.004267656709998846,0.007716461084783077,0.035888686776161194,-0.01441183965653181,24.511920
0.8910416666667043,0.004197536502033472,0.007577322423458099,0.03576544672250748,-0.014211997389793396,24.511920
0.8912500000000376,0.00412689009681344,0.007436011452227831,0.03563994541764259,-0.014010357670485973,24.511920
0.891458333333371,0.004055739380419254,0.00729712750762701,0.03551284223794937,-0.013806870207190514,24.511920
0.8916666666667044,0.003984109498560429,0.00715825567021966,0.035385195165872574,-0.01360390055924654,24.511920
0.8918750000000377,0.003911962732672691,0.007017443887889385,0.03525616601109505,-0.013399145565927029,24.511920
0.8920833333333711,0.0038393139839172363,0.006876091007143259,0.03512290492653847,-0.013194442726671696,24.511920
0.8922916666667045,0.003766182344406843,0.006731152068823576,0.03498834744095802,-0.012986641377210617,24.511920
0.8925000000000378,0.003692598082125187,0.006584853865206242,0.03485192731022835,-0.012779143638908863,24.511920
0.8927083333333712,0.0036185437347739935,0.006436346098780632,0.03471316397190094,-0.012570040300488472,24.511920
0.8929166666667046,0.003544287523254752,0.006286859977990389,0.034568388015031815,-0.012361238710582256,24.511920
0.8931250000000379,0.0034701619297266006,0.006139690522104502,0.03441264107823372,-0.012154473923146725,24.511920
0.8933333333333713,0.003396162996068597,0.005992906168103218,0.03424640744924545,-0.011948581784963608,24.511920
0.8935416666667046,0.0033225342631340027,0.005849981214851141,0.034066732972860336,-0.011743678711354733,24.511920
0.893750000000038,0.0032495928462594748,0.005713833030313253,0.033871740102767944,-0.011539660394191742,24.511920
0.8939583333333714,0.003177352249622345,0.00558688398450613,0.033667467534542084,-0.011339484713971615,24.511920
0.8941666666667047,0.0031057591550052166,0.005463859066367149,0.03344817832112312,-0.011139662005007267,24.511920
0.8943750000000381,0.0030348720028996468,0.005342861637473106,0.03321678936481476,-0.010942282155156136,24.511920
0.8945833333333715,0.002964681712910533,0.005222962237894535,0.03297343850135803,-0.010745584964752197,24.511920
0.8947916666667048,0.002895473735406995,0.005110465455800295,0.03272044658660889,-0.010550489649176598,24.511920
0.8950000000000382,0.0028276368975639343,0.005005867686122656,0.03245628997683525,-0.01035776175558567,24.511920
0.8952083333333716,0.002761293901130557,0.004904681816697121,0.032182153314352036,-0.010164564475417137,24.511920
0.8954166666667049,0.0026964538265019655,0.004805353004485369,0.031897854059934616,-0.00997342262417078,24.511920
0.8956250000000383,0.0026331702247262,0.004704337567090988,0.03160141780972481,-0.009786829352378845,24.511920
0.8958333333333717,0.002571502700448036,0.004608727525919676,0.03128925338387489,-0.009605870582163334,24.511920
0.896041666666705,0.00251130573451519,0.004518373403698206,0.030964234843850136,-0.009429454803466797,24.511920
0.8962500000000384,0.002452573738992214,0.004430346190929413,0.03062729351222515,-0.009256547316908836,24.511920
0.8964583333333718,0.0023953188210725784,0.0043437243439257145,0.030278868973255157,-0.009087593294680119,24.511920
0.8966666666667051,0.002339642960578203,0.004255854524672031,0.029924027621746063,-0.008921663276851177,24.511920
0.8968750000000385,0.0022857345174998045,0.004167082253843546,0.029567323625087738,-0.008758117444813251,24.511920
0.8970833333333719,0.0022338167764246464,0.004084248095750809,0.02921466715633869,-0.008597982116043568,24.511920
0.8972916666667052,0.00218378403224051,0.004003336187452078,0.028859272599220276,-0.008439448662102222,24.511920
0.8975000000000386,0.002135365968570113,0.003922723699361086,0.028510956093668938,-0.008284791372716427,24.511920
0.897708333333372,0.0020884331315755844,0.003844146616756916,0.028165200725197792,-0.0081324502825737,24.511920
0.8979166666667053,0.0020428928546607494,0.0037653581239283085,0.027819614857435226,-0.007981098257005215,24.511920
0.8981250000000387,0.0019987160339951515,0.0036898362450301647,0.02747892029583454,-0.007832176052033901,24.511920
0.8983333333333721,0.0019558293279260397,0.0036138929426670074,0.027139276266098022,-0.00768459215760231,24.511920
0.8985416666667054,0.0019142150413244963,0.0035399659536778927,0.02680293843150139,-0.007540530525147915,24.511920
0.8987500000000388,0.001874020672403276,0.00347270374186337,0.026472968980669975,-0.007399179507046938,24.511920
0.8989583333333722,0.0018355374922975898,0.0034144576638936996,0.026148781180381775,-0.0072629800997674465,24.511920
0.8991666666667055,0.0017987210303544998,0.0033580574672669172,0.025827400386333466,-0.007129034027457237,24.511920
0.8993750000000389,0.0017635433468967676,0.003305179765447974,0.025514330714941025,-0.007000271696597338,24.511920
0.8995833333333723,0.001729897572658956,0.003253775415942073,0.025205818936228752,-0.006873604841530323,24.511920
0.8997916666667056,0.0016977216582745314,0.00320412777364254,0.024904504418373108,-0.0067504942417144775,24.511920
0.900000000000039,0.0016669556498527527,0.0031572526786476374,0.024612413719296455,-0.006633584387600422,24.511920
