Time,Pistoning (suspension_slide),Angle_X,Angle_Y,Angle_Z,Mean_Wall_Time_Sec
0.0010416666666666667,7.522925443481654e-05,0.0004306386399548501,-2.211519495176617e-05,-0.00010421156184747815,7.933983
0.0020833333333333333,8.064455323619768e-05,0.0005823142710141838,-3.6732701573782833e-06,-0.00013428690726868808,7.933983
0.003125,8.358826016774401e-05,0.0007191280601546168,3.3889962196553824e-06,-0.00016558525385335088,7.933983
0.004166666666666667,8.633779361844063e-05,0.0008456482901237905,1.1118950169475283e-05,-0.00019421651086304337,7.933983
0.005208333333333333,8.89165312401019e-05,0.000960587989538908,1.8812637790688314e-05,-0.0002209688536822796,7.933983
0.0062499999999999995,9.133803541772068e-05,0.001072122948244214,2.6146577511099167e-05,-0.00024711762671358883,7.933983
0.007291666666666666,9.361853153677657e-05,0.001173783908598125,3.260660378145985e-05,-0.00027109391521662474,7.933983
0.008333333333333333,9.576126467436552e-05,0.0012718066573143005,3.920284507330507e-05,-0.00029435468604788184,7.933983
0.009375,9.777486411621794e-05,0.0013540409272536635,4.6207584091462195e-05,-0.00031470422982238233,7.933983
0.010416666666666666,9.967876394512132e-05,0.0014342451468110085,5.325549500412308e-05,-0.0003345568256918341,7.933983
0.011458333333333333,0.00010147604916710407,0.0015040590660646558,5.870044697076082e-05,-0.0003511649265419692,7.933983
0.012499999999999999,0.00010317315172869712,0.0015569723909720778,6.267167191253975e-05,-0.0003641706134658307,7.933983
0.013541666666666665,0.00010479573393240571,0.0016095788450911641,6.610855780309066e-05,-0.0003763978311326355,7.933983
0.014583333333333332,0.00010633847705321386,0.0016620071837678552,6.968732486711815e-05,-0.00038919123471714556,7.933983
0.015624999999999998,0.00010782101162476465,0.0017125541344285011,7.362828910117969e-05,-0.0004016216262243688,7.933983
0.016666666666666666,0.00010923422814812511,0.0017556080128997564,7.684263255214319e-05,-0.00041231897193938494,7.933983
0.017708333333333333,0.00011057889059884474,0.0017990480409935117,8.038200030568987e-05,-0.00042315266910009086,7.933983
0.01875,0.00011187106429133564,0.0018420383566990495,8.360472565982491e-05,-0.0004340108425822109,7.933983
0.019791666666666666,0.00011310003901598975,0.0018837102688848972,8.66179761942476e-05,-0.00044422218343243003,7.933983
0.020833333333333332,0.00011428135621827096,0.0019242133712396026,8.920322579797357e-05,-0.00045395904453471303,7.933983
0.021875,0.00011539950355654582,0.001962351379916072,9.165875235339627e-05,-0.00046325838775373995,7.933983
0.022916666666666665,0.00011646773054962978,0.001995002618059516,9.352716733701527e-05,-0.00047153051127679646,7.933983
0.02395833333333333,0.0001174944918602705,0.002026436384767294,9.602982026990503e-05,-0.0004795420973096043,7.933983
0.024999999999999998,0.00011848859139718115,0.002058259677141905,9.866581240203232e-05,-0.00048803549725562334,7.933983
0.026041666666666664,0.00011943552817683667,0.0020894736517220736,0.00010108519200002775,-0.0004957424243912101,7.933983
0.02708333333333333,0.00012033408711431548,0.0021195574663579464,0.00010302844020770863,-0.0005034555797465146,7.933983
0.028124999999999997,0.00012120132305426523,0.002149611711502075,0.00010552072490099818,-0.0005113686202093959,7.933983
0.029166666666666664,0.00012200653873151168,0.0021775064524263144,0.00010769900836749002,-0.0005182806053198874,7.933983
0.03020833333333333,0.00012279556540306658,0.002199467970058322,0.00010949081479338929,-0.0005239681340754032,7.933983
0.031249999999999997,0.0001235391537193209,0.0022211603354662657,0.0001110746743506752,-0.0005297028692439198,7.933983
0.03229166666666666,0.00012426348985172808,0.0022423164919018745,0.00011301811173325405,-0.000534938124474138,7.933983
0.03333333333333333,0.00012495907139964402,0.002263737842440605,0.0001147415823652409,-0.0005405010306276381,7.933983
0.034375,0.0001256261020898819,0.002284655813127756,0.00011656164133455604,-0.0005458915256895125,7.933983
0.03541666666666667,0.0001262592413695529,0.00230571161955595,0.00011764938244596124,-0.0005511592607945204,7.933983
0.03645833333333334,0.00012686618720181286,0.002326055197045207,0.00011877253564307466,-0.0005563864251598716,7.933983
0.03750000000000001,0.00012745877029374242,0.0023462811950594187,0.00012030642392346635,-0.0005617404822260141,7.933983
0.03854166666666668,0.00012800558761227876,0.002365869004279375,0.00012099649757146835,-0.0005660892347805202,7.933983
0.03958333333333335,0.00012854422675445676,0.002383340150117874,0.00012132718256907538,-0.0005695545696653426,7.933983
0.04062500000000002,0.0001290479558520019,0.002400319091975689,0.00012192238500574604,-0.0005731769488193095,7.933983
0.04166666666666669,0.00012954573321621865,0.0024112206883728504,0.00012200186756672338,-0.0005749879637733102,7.933983
0.04270833333333336,0.0001300123694818467,0.0024214365985244513,0.0001224302832270041,-0.0005768074770458043,7.933983
0.04375000000000003,0.0001304590841755271,0.0024318224750459194,0.00012186967796878889,-0.0005782891530543566,7.933983
0.0447916666666667,0.00013090191350784153,0.0024421873968094587,0.000122088982607238,-0.0005804355023428798,7.933983
0.04583333333333337,0.0001313277898589149,0.002452248241752386,0.00012153043644502759,-0.0005820256774313748,7.933983
0.04687500000000004,0.00013172552280593663,0.0024630259722471237,0.00012133044947404414,-0.0005838793003931642,7.933983
0.04791666666666671,0.00013213031343184412,0.0024727380368858576,0.0001219894620589912,-0.0005862594698555768,7.933983
0.04895833333333338,0.00013252123608253896,0.00248283171094954,0.00012250154395587742,-0.0005879973759874701,7.933983
0.05000000000000005,0.00013289767957758158,0.0024931645020842552,0.00012295421038288623,-0.000590214622206986,7.933983
0.05104166666666672,0.00013325917825568467,0.002503344789147377,0.00012297039211262017,-0.0005920152761973441,7.933983
0.05208333333333339,0.0001335995621047914,0.002513112034648657,0.00012365990551188588,-0.0005939704715274274,7.933983
0.05312500000000006,0.0001339241280220449,0.0025233824271708727,0.0001240082347067073,-0.0005963670555502176,7.933983
0.05416666666666673,0.0001342397154076025,0.0025327333714812994,0.00012453588715288788,-0.0005986076430417597,7.933983
0.0552083333333334,0.00013453426072373986,0.002541655208915472,0.00012455463001970202,-0.0005998452543281019,7.933983
0.05625000000000007,0.00013482943177223206,0.0025506361853331327,0.0001242058351635933,-0.0006015118560753763,7.933983
0.05729166666666674,0.0001351109822280705,0.0025600693188607693,0.0001242518046637997,-0.0006034946418367326,7.933983
0.05833333333333341,0.00013536387996282429,0.0025680079124867916,0.00012440096179489046,-0.0006052091484889388,7.933983
0.05937500000000008,0.00013560384104494005,0.0025760072749108076,0.00012479425640776753,-0.000606989546213299,7.933983
0.06041666666666675,0.00013584566477220505,0.002584123518317938,0.0001248221524292603,-0.0006087643560022116,7.933983
0.06145833333333342,0.00013606826541945338,0.002591579919680953,0.00012483855243772268,-0.0006104250205680728,7.933983
0.06250000000000008,0.00013627349107991904,0.002598260995000601,0.00012500036973506212,-0.0006119194440543652,7.933983
0.06354166666666675,0.00013648658932652324,0.0026051111053675413,0.00012477106065489352,-0.0006125851650722325,7.933983
0.06458333333333341,0.00013667809253092855,0.0026111325714737177,0.0001250886998604983,-0.0006140636396594346,7.933983
0.06562500000000007,0.0001368488883599639,0.002615167759358883,0.00012481836893130094,-0.0006143026403151453,7.933983
0.06666666666666674,0.00013702332216780633,0.002615167759358883,0.00012481836893130094,-0.0006143026403151453,7.933983
0.0677083333333334,0.000137188340886496,0.002615167759358883,0.00012481836893130094,-0.0006143026403151453,7.933983
0.06875000000000006,0.00013735149696003646,0.002615167759358883,0.00012481836893130094,-0.0006143026403151453,7.933983
0.06979166666666672,0.00013751570077147335,0.002615167759358883,0.00012481836893130094,-0.0006143026403151453,7.933983
0.07083333333333339,0.00013767933705821633,0.002615167759358883,0.00012481836893130094,-0.0006143026403151453,7.933983
0.07187500000000005,0.00013784199836663902,0.002615167759358883,0.00012481836893130094,-0.0006143026403151453,7.933983
0.07291666666666671,0.00013800607121083885,0.002615167759358883,0.00012481836893130094,-0.0006143026403151453,7.933983
0.07395833333333338,0.00013816940190736204,0.002615167759358883,0.00012481836893130094,-0.0006143026403151453,7.933983
0.07500000000000004,0.0001383327617077157,0.002615167759358883,0.00012481836893130094,-0.0006143026403151453,7.933983
0.0760416666666667,0.00013849597598891705,0.002615167759358883,0.00012481836893130094,-0.0006143026403151453,7.933983
0.07708333333333336,0.00013866870722267777,0.002615167759358883,0.00012481836893130094,-0.0006143026403151453,7.933983
0.07812500000000003,0.00013883107749279588,0.002615167759358883,0.00012481836893130094,-0.0006143026403151453,7.933983
0.07916666666666669,0.00013899282203055918,0.002615167759358883,0.00012481836893130094,-0.0006143026403151453,7.933983
0.08020833333333335,0.00013915507588535547,0.002615167759358883,0.00012481836893130094,-0.0006143026403151453,7.933983
0.08125000000000002,0.0001393162237945944,0.002615167759358883,0.00012481836893130094,-0.0006143026403151453,7.933983
0.08229166666666668,0.00013947728439234197,0.002615167759358883,0.00012481836893130094,-0.0006143026403151453,7.933983
0.08333333333333334,0.00013963690435048193,0.002615167759358883,0.00012481836893130094,-0.0006143026403151453,7.933983
0.084375,0.00013979795039631426,0.002615167759358883,0.00012481836893130094,-0.0006143026403151453,7.933983
0.08541666666666667,0.00013995860354043543,0.002615167759358883,0.00012481836893130094,-0.0006143026403151453,7.933983
0.08645833333333333,0.00014011998428031802,0.002615167759358883,0.00012481836893130094,-0.0006143026403151453,7.933983
0.0875,0.00014027998258825392,0.002615167759358883,0.00012481836893130094,-0.0006143026403151453,7.933983
0.08854166666666666,0.00014044006820768118,0.002615167759358883,0.00012481836893130094,-0.0006143026403151453,7.933983
0.08958333333333332,0.00014059999375604093,0.002615167759358883,0.00012481836893130094,-0.0006143026403151453,7.933983
0.09062499999999998,0.00014075927902013063,0.002615167759358883,0.00012481836893130094,-0.0006143026403151453,7.933983
0.09166666666666665,0.00014091929187998176,0.002615167759358883,0.00012481836893130094,-0.0006143026403151453,7.933983
0.09270833333333331,0.0001410700351698324,0.002615167759358883,0.00012481836893130094,-0.0006143026403151453,7.933983
0.09374999999999997,0.00014122878201305866,0.002615167759358883,0.00012481836893130094,-0.0006143026403151453,7.933983
0.09479166666666664,0.00014138764527160674,0.002615167759358883,0.00012481836893130094,-0.0006143026403151453,7.933983
0.0958333333333333,0.00014154691598378122,0.002615167759358883,0.00012481836893130094,-0.0006143026403151453,7.933983
0.09687499999999996,0.0001417057792423293,0.002615167759358883,0.00012481836893130094,-0.0006143026403151453,7.933983
0.09791666666666662,0.00014186424959916621,0.002615167759358883,0.00012481836893130094,-0.0006143026403151453,7.933983
0.09895833333333329,0.00014201481826603413,0.002615167759358883,0.00012481836893130094,-0.0006143026403151453,7.933983
0.09999999999999995,0.00014216589624993503,0.002615167759358883,0.00012481836893130094,-0.0006143026403151453,7.933983
0.10104166666666661,0.00014231543173082173,0.002615167759358883,0.00012481836893130094,-0.0006143026403151453,7.933983
0.10208333333333328,0.00014246425416786224,0.002615167759358883,0.00012481836893130094,-0.0006143026403151453,7.933983
0.10312499999999994,0.00014262230251915753,0.002615167759358883,0.00012481836893130094,-0.0006143026403151453,7.933983
0.1041666666666666,0.00014277282753027976,0.002615167759358883,0.00012481836893130094,-0.0006143026403151453,7.933983
0.10520833333333326,0.0001429213589290157,0.002615167759358883,0.00012481836893130094,-0.0006143026403151453,7.933983
0.10624999999999993,0.00014306986122392118,0.002615167759358883,0.00012481836893130094,-0.0006143026403151453,7.933983
0.10729166666666659,0.0001432185817975551,0.002615167759358883,0.00012481836893130094,-0.0006143026403151453,7.933983
0.10833333333333325,0.00014337580068968236,0.002615167759358883,0.00012481836893130094,-0.0006143026403151453,7.933983
0.10937499999999992,0.00014352482685353607,0.002615167759358883,0.00012481836893130094,-0.0006143026403151453,7.933983
0.11041666666666658,0.0001436731545254588,0.002615167759358883,0.00012481836893130094,-0.0006143026403151453,7.933983
0.11145833333333324,0.00014382317021954805,0.002615167759358883,0.00012481836893130094,-0.0006143026403151453,7.933983
0.1124999999999999,0.00014397030463442206,0.002615167759358883,0.00012481836893130094,-0.0006143026403151453,7.933983
0.11354166666666657,0.00014411899610422552,0.002615167759358883,0.00012481836893130094,-0.0006143026403151453,7.933983
0.11458333333333323,0.00014426614507101476,0.002615167759358883,0.00012481836893130094,-0.0006143026403151453,7.933983
0.1156249999999999,0.00014441389066632837,0.002615167759358883,0.00012481836893130094,-0.0006143026403151453,7.933983
0.11666666666666656,0.00014455219206865877,0.002615167759358883,0.00012481836893130094,-0.0006143026403151453,7.933983
0.11770833333333322,0.00014469039160758257,0.002615167759358883,0.00012481836893130094,-0.0006143026403151453,7.933983
0.11874999999999988,0.00014483700215350837,0.002615167759358883,0.00012481836893130094,-0.0006143026403151453,7.933983
0.11979166666666655,0.0001449839910492301,0.002615167759358883,0.00012481836893130094,-0.0006143026403151453,7.933983
0.12083333333333321,0.00014513087808154523,0.002615167759358883,0.00012481836893130094,-0.0006143026403151453,7.933983
0.12187499999999987,0.00014526804443448782,0.002615167759358883,0.00012481836893130094,-0.0006143026403151453,7.933983
0.12291666666666654,0.0001454045413993299,0.002615167759358883,0.00012481836893130094,-0.0006143026403151453,7.933983
0.1239583333333332,0.00014554172230418772,0.002615167759358883,0.00012481836893130094,-0.0006143026403151453,7.933983
0.12499999999999986,0.00014568788174074143,0.002615167759358883,0.00012481836893130094,-0.0006143026403151453,7.933983
0.12604166666666652,0.00014583434676751494,0.002615167759358883,0.00012481836893130094,-0.0006143026403151453,7.933983
0.1270833333333332,0.0001459885825170204,0.002615167759358883,0.00012481836893130094,-0.0006143026403151453,7.933983
0.12812499999999985,0.0001461339124944061,0.002615167759358883,0.00012481836893130094,-0.0006143026403151453,7.933983
0.1291666666666665,0.00014627003110945225,0.002615167759358883,0.00012481836893130094,-0.0006143026403151453,7.933983
0.13020833333333318,0.00014640665904153138,0.002615167759358883,0.00012481836893130094,-0.0006143026403151453,7.933983
0.13124999999999984,0.00014655999257229269,0.002615167759358883,0.00012481836893130094,-0.0006143026403151453,7.933983
0.1322916666666665,0.0001467041438445449,0.002615167759358883,0.00012481836893130094,-0.0006143026403151453,7.933983
0.13333333333333316,0.00014684013149235398,0.002615167759358883,0.00012481836893130094,-0.0006143026403151453,7.933983
0.13437499999999983,0.00014697630831506103,0.002615167759358883,0.00012481836893130094,-0.0006143026403151453,7.933983
0.1354166666666665,0.00014711344556417316,0.002615167759358883,0.00012481836893130094,-0.0006143026403151453,7.933983
0.13645833333333315,0.0001472568983444944,0.002615167759358883,0.00012481836893130094,-0.0006143026403151453,7.933983
0.13749999999999982,0.0001474010496167466,0.002615167759358883,0.00012481836893130094,-0.0006143026403151453,7.933983
0.13854166666666648,0.0001475455064792186,0.002615167759358883,0.00012481836893130094,-0.0006143026403151453,7.933983
0.13958333333333314,0.00014768153778277338,0.002615167759358883,0.00012481836893130094,-0.0006143026403151453,7.933983
0.1406249999999998,0.0001478163176216185,0.002615167759358883,0.00012481836893130094,-0.0006143026403151453,7.933983
0.14166666666666647,0.00014795151946600527,0.002615167759358883,0.00012481836893130094,-0.0006143026403151453,7.933983
0.14270833333333313,0.00014807905245106667,0.002615167759358883,0.00012481836893130094,-0.0006143026403151453,7.933983
0.1437499999999998,0.00014821319200564176,0.002615167759358883,0.00012481836893130094,-0.0006143026403151453,7.933983
0.14479166666666646,0.00014834027388133109,0.002615167759358883,0.00012481836893130094,-0.0006143026403151453,7.933983
0.14583333333333312,0.0001484675594838336,0.002615167759358883,0.00012481836893130094,-0.0006143026403151453,7.933983
0.14687499999999978,0.00014861140516586602,0.002615167759358883,0.00012481836893130094,-0.0006143026403151453,7.933983
0.14791666666666645,0.0001487384579377249,0.002615167759358883,0.00012481836893130094,-0.0006143026403151453,7.933983
0.1489583333333331,0.00014886519056744874,0.002615167759358883,0.00012481836893130094,-0.0006143026403151453,7.933983
0.14999999999999977,0.0001489917776780203,0.002615167759358883,0.00012481836893130094,-0.0006143026403151453,7.933983
0.15104166666666644,0.0001491181319579482,0.002615167759358883,0.00012481836893130094,-0.0006143026403151453,7.933983
0.1520833333333331,0.0001492438168497756,0.002615167759358883,0.00012481836893130094,-0.0006143026403151453,7.933983
0.15312499999999976,0.00014937066589482129,0.002615167759358883,0.00012481836893130094,-0.0006143026403151453,7.933983
0.15416666666666642,0.0001494972821092233,0.002615167759358883,0.00012481836893130094,-0.0006143026403151453,7.933983
0.1552083333333331,0.00014962186105549335,0.002615167759358883,0.00012481836893130094,-0.0006143026403151453,7.933983
0.15624999999999975,0.00014974907389841974,0.002615167759358883,0.00012481836893130094,-0.0006143026403151453,7.933983
0.1572916666666664,0.00014987486065365374,0.002615167759358883,0.00012481836893130094,-0.0006143026403151453,7.933983
0.15833333333333308,0.00015000079292804003,0.002615167759358883,0.00012481836893130094,-0.0006143026403151453,7.933983
0.15937499999999974,0.00015012541553005576,0.002615167759358883,0.00012481836893130094,-0.0006143026403151453,7.933983
0.1604166666666664,0.0001502509112469852,0.002615167759358883,0.00012481836893130094,-0.0006143026403151453,7.933983
0.16145833333333307,0.00015038523997645825,0.002615167759358883,0.00012481836893130094,-0.0006143026403151453,7.933983
0.16249999999999973,0.00015051021182443947,0.002615167759358883,0.00012481836893130094,-0.0006143026403151453,7.933983
0.1635416666666664,0.00015063470345921814,0.002615167759358883,0.00012481836893130094,-0.0006143026403151453,7.933983
0.16458333333333305,0.00015076073759701103,0.002615167759358883,0.00012481836893130094,-0.0006143026403151453,7.933983
0.16562499999999972,0.00015088586951605976,0.002615167759358883,0.00012481836893130094,-0.0006143026403151453,7.933983
0.16666666666666638,0.00015101052122190595,0.002615167759358883,0.00012481836893130094,-0.0006143026403151453,7.933983
0.16770833333333304,0.00015113411063794047,0.002615167759358883,0.00012481836893130094,-0.0006143026403151453,7.933983
0.1687499999999997,0.000151258529513143,0.002615167759358883,0.00012481836893130094,-0.0006143026403151453,7.933983
0.16979166666666637,0.0001513820607215166,0.002615167759358883,0.00012481836893130094,-0.0006143026403151453,7.933983
0.17083333333333303,0.00015150647959671915,0.002615167759358883,0.00012481836893130094,-0.0006143026403151453,7.933983
0.1718749999999997,0.00015163005446083844,0.002615167759358883,0.00012481836893130094,-0.0006143026403151453,7.933983
0.17291666666666636,0.00015175234875641763,0.002615167759358883,0.00012481836893130094,-0.0006143026403151453,7.933983
0.17395833333333302,0.00015187497774604708,0.002615167759358883,0.00012481836893130094,-0.0006143026403151453,7.933983
0.17499999999999968,0.00015199129120446742,0.002615167759358883,0.00012481836893130094,-0.0006143026403151453,7.933983
0.17604166666666635,0.00015211477875709534,0.002615167759358883,0.00012481836893130094,-0.0006143026403151453,7.933983
0.177083333333333,0.0001522383972769603,0.002615167759358883,0.00012481836893130094,-0.0006143026403151453,7.933983
0.17812499999999967,0.00015236195758916438,0.002615167759358883,0.00012481836893130094,-0.0006143026403151453,7.933983
0.17916666666666634,0.0001524789840914309,0.002615167759358883,0.00012481836893130094,-0.0006143026403151453,7.933983
0.180208333333333,0.00015259413339663297,0.002615167759358883,0.00012481836893130094,-0.0006143026403151453,7.933983
0.18124999999999966,0.0001527106505818665,0.002615167759358883,0.00012481836893130094,-0.0006143026403151453,7.933983
0.18229166666666632,0.00015283364336937666,0.002615167759358883,0.00012481836893130094,-0.0006143026403151453,7.933983
0.183333333333333,0.0001529502187622711,0.002615167759358883,0.00012481836893130094,-0.0006143026403151453,7.933983
0.18437499999999965,0.00015306631394196302,0.002615167759358883,0.00012481836893130094,-0.0006143026403151453,7.933983
0.1854166666666663,0.00015318977239076048,0.002615167759358883,0.00012481836893130094,-0.0006143026403151453,7.933983
0.18645833333333298,0.00015331234317272902,0.002615167759358883,0.00012481836893130094,-0.0006143026403151453,7.933983
0.18749999999999964,0.0001534345792606473,0.002615167759358883,0.00012481836893130094,-0.0006143026403151453,7.933983
0.1885416666666663,0.00015355065988842398,0.002615167759358883,0.00012481836893130094,-0.0006143026403151453,7.933983
0.18958333333333297,0.00015366562001872808,0.002615167759358883,0.00012481836893130094,-0.0006143026403151453,7.933983
0.19062499999999963,0.00015378062380477786,0.002615167759358883,0.00012481836893130094,-0.0006143026403151453,7.933983
0.1916666666666663,0.00015389680629596114,0.002615167759358883,0.00012481836893130094,-0.0006143026403151453,7.933983
0.19270833333333295,0.00015400371921714395,0.002615167759358883,0.00012481836893130094,-0.0006143026403151453,7.933983
0.19374999999999962,0.00015411057393066585,0.002615167759358883,0.00012481836893130094,-0.0006143026403151453,7.933983
0.19479166666666628,0.0001542251993669197,0.002615167759358883,0.00012481836893130094,-0.0006143026403151453,7.933983
0.19583333333333294,0.00015433871885761619,0.002615167759358883,0.00012481836893130094,-0.0006143026403151453,7.933983
0.1968749999999996,0.0001544459955766797,0.002615167759358883,0.00012481836893130094,-0.0006143026403151453,7.933983
0.19791666666666627,0.00015456067922059447,0.002615167759358883,0.00012481836893130094,-0.0006143026403151453,7.933983
0.19895833333333293,0.00015466705372091383,0.002615167759358883,0.00012481836893130094,-0.0006143026403151453,7.933983
0.1999999999999996,0.00015477459237445146,0.002615167759358883,0.00012481836893130094,-0.0006143026403151453,7.933983
0.20104166666666626,0.00015488128701690584,0.002615167759358883,0.00012481836893130094,-0.0006143026403151453,7.933983
0.20208333333333292,0.00015498818538617343,0.002615167759358883,0.00012481836893130094,-0.0006143026403151453,7.933983
0.20312499999999958,0.00015509489458054304,0.002615167759358883,0.00012481836893130094,-0.0006143026403151453,7.933983
0.20416666666666625,0.00015520346642006189,0.002615167759358883,0.00012481836893130094,-0.0006143026403151453,7.933983
0.2052083333333329,0.00015531051030848175,0.002615167759358883,0.00012481836893130094,-0.0006143026403151453,7.933983
0.20624999999999957,0.00015540940512437373,0.002615167759358883,0.00012481836893130094,-0.0006143026403151453,7.933983
0.20729166666666624,0.00015550847456324846,0.002615167759358883,0.00012481836893130094,-0.0006143026403151453,7.933983
0.2083333333333329,0.00015560160682071,0.002615167759358883,0.00012481836893130094,-0.0006143026403151453,7.933983
0.20937499999999956,0.0001557006617076695,0.002615167759358883,0.00012481836893130094,-0.0006143026403151453,7.933983
0.21041666666666622,0.0001558069488964975,0.002615167759358883,0.00012481836893130094,-0.0006143026403151453,7.933983
0.2114583333333329,0.00015591253759339452,0.002615167759358883,0.00012481836893130094,-0.0006143026403151453,7.933983
0.21249999999999955,0.00015601930499542505,0.002615167759358883,0.00012481836893130094,-0.0006143026403151453,7.933983
0.2135416666666662,0.00015611178241670132,0.002615167759358883,0.00012481836893130094,-0.0006143026403151453,7.933983
0.21458333333333288,0.00015620993508491665,0.002615167759358883,0.00012481836893130094,-0.0006143026403151453,7.933983
0.21562499999999954,0.00015631667338311672,0.002615167759358883,0.00012481836893130094,-0.0006143026403151453,7.933983
0.2166666666666662,0.0001564228005008772,0.002615167759358883,0.00012481836893130094,-0.0006143026403151453,7.933983
0.21770833333333287,0.00015651516150683165,0.002615167759358883,0.00012481836893130094,-0.0006143026403151453,7.933983
0.21874999999999953,0.0001566214777994901,0.002615167759358883,0.00012481836893130094,-0.0006143026403151453,7.933983
0.2197916666666662,0.00015672195877414197,0.002615167759358883,0.00012481836893130094,-0.0006143026403151453,7.933983
0.22083333333333285,0.00015682120283599943,0.002615167759358883,0.00012481836893130094,-0.0006143026403151453,7.933983
0.22187499999999952,0.00015691484441049397,0.002615167759358883,0.00012481836893130094,-0.0006143026403151453,7.933983
0.22291666666666618,0.00015700876247137785,0.002615167759358883,0.00012481836893130094,-0.0006143026403151453,7.933983
0.22395833333333284,0.00015710094885434955,0.002615167759358883,0.00012481836893130094,-0.0006143026403151453,7.933983
0.2249999999999995,0.0001571944449096918,0.002615167759358883,0.00012481836893130094,-0.0006143026403151453,7.933983
0.22604166666666617,0.00015728152357041836,0.002615167759358883,0.00012481836893130094,-0.0006143026403151453,7.933983
0.22708333333333283,0.00015736922796349972,0.002615167759358883,0.00012481836893130094,-0.0006143026403151453,7.933983
0.2281249999999995,0.00015745549171697348,0.002615167759358883,0.00012481836893130094,-0.0006143026403151453,7.933983
0.22916666666666616,0.00015754146443214267,0.002615167759358883,0.00012481836893130094,-0.0006143026403151453,7.933983
0.23020833333333282,0.00015763480041641742,0.002615167759358883,0.00012481836893130094,-0.0006143026403151453,7.933983
0.23124999999999948,0.00015771447215229273,0.002615167759358883,0.00012481836893130094,-0.0006143026403151453,7.933983
0.23229166666666615,0.00015779341629240662,0.002615167759358883,0.00012481836893130094,-0.0006143026403151453,7.933983
0.2333333333333328,0.00015787268057465553,0.002615167759358883,0.00012481836893130094,-0.0006143026403151453,7.933983
0.23437499999999947,0.0001579520176164806,0.002615167759358883,0.00012481836893130094,-0.0006143026403151453,7.933983
0.23541666666666614,0.0001580314274178818,0.002615167759358883,0.00012481836893130094,-0.0006143026403151453,7.933983
0.2364583333333328,0.00015811067714821547,0.002615167759358883,0.00012481836893130094,-0.0006143026403151453,7.933983
0.23749999999999946,0.00015818997053429484,0.002615167759358883,0.00012481836893130094,-0.0006143026403151453,7.933983
0.23854166666666612,0.00015826929302420467,0.002615167759358883,0.00012481836893130094,-0.0006143026403151453,7.933983
0.2395833333333328,0.00015834935766179115,0.002615167759358883,0.00012481836893130094,-0.0006143026403151453,7.933983
0.24062499999999945,0.0001584296114742756,0.002615167759358883,0.00012481836893130094,-0.0006143026403151453,7.933983
0.2416666666666661,0.00015850788622628897,0.002615167759358883,0.00012481836893130094,-0.0006143026403151453,7.933983
0.24270833333333278,0.00015860058192629367,0.002615167759358883,0.00012481836893130094,-0.0006143026403151453,7.933983
0.24374999999999944,0.00015868696209508926,0.002615167759358883,0.00012481836893130094,-0.0006143026403151453,7.933983
0.2447916666666661,0.00015877893019933254,0.002615167759358883,0.00012481836893130094,-0.0006143026403151453,7.933983
0.24583333333333277,0.00015886517940089107,0.002615167759358883,0.00012481836893130094,-0.0006143026403151453,7.933983
0.24687499999999943,0.00015894453099463135,0.002615167759358883,0.00012481836893130094,-0.0006143026403151453,7.933983
0.2479166666666661,0.00015902455197647214,0.002615167759358883,0.00012481836893130094,-0.0006143026403151453,7.933983
0.24895833333333275,0.0001591034233570099,0.002615167759358883,0.00012481836893130094,-0.0006143026403151453,7.933983
0.24999999999999942,0.00015918382268864661,0.002615167759358883,0.00012481836893130094,-0.0006143026403151453,7.933983
0.2510416666666661,0.000159263436216861,0.002615167759358883,0.00012481836893130094,-0.0006143026403151453,7.933983
0.25208333333333277,0.00015934214752633125,0.002615167759358883,0.00012481836893130094,-0.0006143026403151453,7.933983
0.25312499999999943,0.00015942170284688473,0.002615167759358883,0.00012481836893130094,-0.0006143026403151453,7.933983
0.2541666666666661,0.00015949354565236717,0.002615167759358883,0.00012481836893130094,-0.0006143026403151453,7.933983
0.25520833333333276,0.0001595727080712095,0.002615167759358883,0.00012481836893130094,-0.0006143026403151453,7.933983
0.2562499999999994,0.00015965293277986348,0.002615167759358883,0.00012481836893130094,-0.0006143026403151453,7.933983
0.2572916666666661,0.0001597328227944672,0.002615167759358883,0.00012481836893130094,-0.0006143026403151453,7.933983
0.25833333333333275,0.00015981083561200649,0.002615167759358883,0.00012481836893130094,-0.0006143026403151453,7.933983
0.2593749999999994,0.00015989049279596657,0.002615167759358883,0.00012481836893130094,-0.0006143026403151453,7.933983
0.2604166666666661,0.00015997031005099416,0.002615167759358883,0.00012481836893130094,-0.0006143026403151453,7.933983
0.26145833333333274,0.0001600497489562258,0.002615167759358883,0.00012481836893130094,-0.0006143026403151453,7.933983
0.2624999999999994,0.00016012857668101788,0.002615167759358883,0.00012481836893130094,-0.0006143026403151453,7.933983
0.26354166666666606,0.0001602089760126546,0.002615167759358883,0.00012481836893130094,-0.0006143026403151453,7.933983
0.2645833333333327,0.0001602882839506492,0.002615167759358883,0.00012481836893130094,-0.0006143026403151453,7.933983
0.2656249999999994,0.00016035349108278751,0.002615167759358883,0.00012481836893130094,-0.0006143026403151453,7.933983
0.26666666666666605,0.00016043092182371765,0.002615167759358883,0.00012481836893130094,-0.0006143026403151453,7.933983
0.2677083333333327,0.00016050181875471026,0.002615167759358883,0.00012481836893130094,-0.0006143026403151453,7.933983
0.2687499999999994,0.0001605746801942587,0.002615167759358883,0.00012481836893130094,-0.0006143026403151453,7.933983
0.26979166666666604,0.00016064597002696246,0.002615167759358883,0.00012481836893130094,-0.0006143026403151453,7.933983
0.2708333333333327,0.00016071696882136166,0.002615167759358883,0.00012481836893130094,-0.0006143026403151453,7.933983
0.27187499999999937,0.00016078897169791162,0.002615167759358883,0.00012481836893130094,-0.0006143026403151453,7.933983
0.27291666666666603,0.00016086646064650267,0.002615167759358883,0.00012481836893130094,-0.0006143026403151453,7.933983
0.2739583333333327,0.00016094469174277037,0.002615167759358883,0.00012481836893130094,-0.0006143026403151453,7.933983
0.27499999999999936,0.0001610173931112513,0.002615167759358883,0.00012481836893130094,-0.0006143026403151453,7.933983
0.276041666666666,0.00016108858108054847,0.002615167759358883,0.00012481836893130094,-0.0006143026403151453,7.933983
0.2770833333333327,0.00016116138431243598,0.002615167759358883,0.00012481836893130094,-0.0006143026403151453,7.933983
0.27812499999999934,0.00016123102977871895,0.002615167759358883,0.00012481836893130094,-0.0006143026403151453,7.933983
0.279166666666666,0.00016130259609781206,0.002615167759358883,0.00012481836893130094,-0.0006143026403151453,7.933983
0.28020833333333267,0.00016136762860696763,0.002615167759358883,0.00012481836893130094,-0.0006143026403151453,7.933983
0.28124999999999933,0.00016143251559697092,0.002615167759358883,0.00012481836893130094,-0.0006143026403151453,7.933983
0.282291666666666,0.00016150393639691174,0.002615167759358883,0.00012481836893130094,-0.0006143026403151453,7.933983
0.28333333333333266,0.00016157515347003937,0.002615167759358883,0.00012481836893130094,-0.0006143026403151453,7.933983
0.2843749999999993,0.0001616394438315183,0.002615167759358883,0.00012481836893130094,-0.0006143026403151453,7.933983
0.285416666666666,0.00016170363232959062,0.002615167759358883,0.00012481836893130094,-0.0006143026403151453,7.933983
0.28645833333333265,0.00016176792269106954,0.002615167759358883,0.00012481836893130094,-0.0006143026403151453,7.933983
0.2874999999999993,0.00016183940169867128,0.002615167759358883,0.00012481836893130094,-0.0006143026403151453,7.933983
0.288541666666666,0.0001619032263988629,0.002615167759358883,0.00012481836893130094,-0.0006143026403151453,7.933983
0.28958333333333264,0.00016196831711567938,0.002615167759358883,0.00012481836893130094,-0.0006143026403151453,7.933983
0.2906249999999993,0.00016203976701945066,0.002615167759358883,0.00012481836893130094,-0.0006143026403151453,7.933983
0.29166666666666596,0.00016210484318435192,0.002615167759358883,0.00012481836893130094,-0.0006143026403151453,7.933983
0.2927083333333326,0.00016216901713050902,0.002615167759358883,0.00012481836893130094,-0.0006143026403151453,7.933983
0.2937499999999993,0.00016223987040575594,0.002615167759358883,0.00012481836893130094,-0.0006143026403151453,7.933983
0.29479166666666595,0.00016230432083830237,0.002615167759358883,0.00012481836893130094,-0.0006143026403151453,7.933983
0.2958333333333326,0.00016236862575169653,0.002615167759358883,0.00012481836893130094,-0.0006143026403151453,7.933983
0.2968749999999993,0.000162433716468513,0.002615167759358883,0.00012481836893130094,-0.0006143026403151453,7.933983
0.29791666666666594,0.00016249790496658534,0.002615167759358883,0.00012481836893130094,-0.0006143026403151453,7.933983
0.2989583333333326,0.0001625621662242338,0.002615167759358883,0.00012481836893130094,-0.0006143026403151453,7.933983
0.29999999999999927,0.0001626254088478163,0.002615167759358883,0.00012481836893130094,-0.0006143026403151453,7.933983
0.30104166666666593,0.00016269013576675206,0.002615167759358883,0.00012481836893130094,-0.0006143026403151453,7.933983
0.3020833333333326,0.00016275404777843505,0.002615167759358883,0.00012481836893130094,-0.0006143026403151453,7.933983
0.30312499999999926,0.00016281873104162514,0.002615167759358883,0.00012481836893130094,-0.0006143026403151453,7.933983
0.3041666666666659,0.000162881551659666,0.002615167759358883,0.00012481836893130094,-0.0006143026403151453,7.933983
0.3052083333333326,0.00016294492525048554,0.002615167759358883,0.00012481836893130094,-0.0006143026403151453,7.933983
0.30624999999999925,0.00016300960851367563,0.002615167759358883,0.00012481836893130094,-0.0006143026403151453,7.933983
0.3072916666666659,0.00016307264741044492,0.002615167759358883,0.00012481836893130094,-0.0006143026403151453,7.933983
0.30833333333333257,0.00016313746164087206,0.002615167759358883,0.00012481836893130094,-0.0006143026403151453,7.933983
0.30937499999999923,0.00016320195572916418,0.002615167759358883,0.00012481836893130094,-0.0006143026403151453,7.933983
0.3104166666666659,0.0001632661442272365,0.002615167759358883,0.00012481836893130094,-0.0006143026403151453,7.933983
0.31145833333333256,0.00016332931409124285,0.002615167759358883,0.00012481836893130094,-0.0006143026403151453,7.933983
0.3124999999999992,0.0001633909996598959,0.002615167759358883,0.00012481836893130094,-0.0006143026403151453,7.933983
0.3135416666666659,0.00016345472249668092,0.002615167759358883,0.00012481836893130094,-0.0006143026403151453,7.933983
0.31458333333333255,0.00016351815429516137,0.002615167759358883,0.00012481836893130094,-0.0006143026403151453,7.933983
0.3156249999999992,0.00016358097491320223,0.002615167759358883,0.00012481836893130094,-0.0006143026403151453,7.933983
0.3166666666666659,0.00016364388284273446,0.002615167759358883,0.00012481836893130094,-0.0006143026403151453,7.933983
0.31770833333333254,0.000163706747116521,0.002615167759358883,0.00012481836893130094,-0.0006143026403151453,7.933983
0.3187499999999992,0.00016376961139030755,0.002615167759358883,0.00012481836893130094,-0.0006143026403151453,7.933983
0.31979166666666586,0.0001638331450521946,0.002615167759358883,0.00012481836893130094,-0.0006143026403151453,7.933983
0.3208333333333325,0.0001638960384298116,0.002615167759358883,0.00012481836893130094,-0.0006143026403151453,7.933983
0.3218749999999992,0.00016396044520661235,0.002615167759358883,0.00012481836893130094,-0.0006143026403151453,7.933983
0.32291666666666585,0.00016402373148594052,0.002615167759358883,0.00012481836893130094,-0.0006143026403151453,7.933983
0.3239583333333325,0.00016408780356869102,0.002615167759358883,0.00012481836893130094,-0.0006143026403151453,7.933983
0.3249999999999992,0.000164152224897407,0.002615167759358883,0.00012481836893130094,-0.0006143026403151453,7.933983
0.32604166666666584,0.00016421631153207272,0.002615167759358883,0.00012481836893130094,-0.0006143026403151453,7.933983
0.3270833333333325,0.0001642790884943679,0.002615167759358883,0.00012481836893130094,-0.0006143026403151453,7.933983
0.32812499999999917,0.00016434313147328794,0.002615167759358883,0.00012481836893130094,-0.0006143026403151453,7.933983
0.32916666666666583,0.00016440571926068515,0.002615167759358883,0.00012481836893130094,-0.0006143026403151453,7.933983
0.3302083333333325,0.00016446824884042144,0.002615167759358883,0.00012481836893130094,-0.0006143026403151453,7.933983
0.33124999999999916,0.00016453067655675113,0.002615167759358883,0.00012481836893130094,-0.0006143026403151453,7.933983
0.3322916666666658,0.00016459410835523158,0.002615167759358883,0.00012481836893130094,-0.0006143026403151453,7.933983
0.3333333333333325,0.00016465657972730696,0.002615167759358883,0.00012481836893130094,-0.0006143026403151453,7.933983
0.33437499999999915,0.00016471854178234935,0.002615167759358883,0.00012481836893130094,-0.0006143026403151453,7.933983
0.3354166666666658,0.0001647813624003902,0.002615167759358883,0.00012481836893130094,-0.0006143026403151453,7.933983
0.33645833333333247,0.00016484402294736356,0.002615167759358883,0.00012481836893130094,-0.0006143026403151453,7.933983
0.33749999999999913,0.0001649071928113699,0.002615167759358883,0.00012481836893130094,-0.0006143026403151453,7.933983
0.3385416666666658,0.00016496924217790365,0.002615167759358883,0.00012481836893130094,-0.0006143026403151453,7.933983
0.33958333333333246,0.00016503101505804807,0.002615167759358883,0.00012481836893130094,-0.0006143026403151453,7.933983
0.3406249999999991,0.00016509338456671685,0.002615167759358883,0.00012481836893130094,-0.0006143026403151453,7.933983
0.3416666666666658,0.00016515643801540136,0.002615167759358883,0.00012481836893130094,-0.0006143026403151453,7.933983
0.34270833333333245,0.00016521957877557725,0.002615167759358883,0.00012481836893130094,-0.0006143026403151453,7.933983
0.3437499999999991,-0.0016125987749546766,0.0012381819542497396,-0.00037772872019559145,0.0006899744621478021,7.933983
0.3447916666666658,-0.0043600378558039665,0.0026128003373742104,-0.00167806854005903,0.0011813396122306585,7.933983
0.34583333333333244,-0.006508166901767254,0.004249840974807739,-0.0028502391651272774,0.001494079944677651,7.933983
0.3468749999999991,-0.008155814372003078,0.005719699896872044,-0.0039146398194134235,0.0016893558204174042,7.933983
0.34791666666666576,-0.00938444398343563,0.007017300929874182,-0.004861056338995695,0.0017911590402945876,7.933983
0.3489583333333324,-0.010265013203024864,0.008137823082506657,-0.005670606624335051,0.0018179609905928373,7.933983
0.3499999999999991,-0.010857166722416878,0.009095383808016777,-0.006336253136396408,0.0017845419934019446,7.933983
0.35104166666666575,-0.011213412508368492,0.00988996122032404,-0.006852878723293543,0.001704912050627172,7.933983
0.3520833333333324,-0.011377396993339062,0.010542603209614754,-0.007186485454440117,0.0015897152479737997,7.933983
0.3531249999999991,-0.01139228604733944,0.01100707147270441,-0.007278484292328358,0.0014587276382371783,7.933983
0.35416666666666574,-0.011368836276233196,0.011358113028109074,-0.0072728972882032394,0.0012657673796638846,7.933983
0.3552083333333324,-0.01133175753057003,0.011727897450327873,-0.007285863161087036,0.0010612010955810547,7.933983
0.35624999999999907,-0.011331669986248016,0.01201600395143032,-0.007289953529834747,0.0008386798435822129,7.933983
0.35729166666666573,-0.011342053301632404,0.012264619581401348,-0.007365983445197344,0.00060323067009449,7.933983
0.3583333333333324,-0.011309112422168255,0.012561957351863384,-0.007375458721071482,0.0004103994579054415,7.933983
0.35937499999999906,-0.011265917681157589,0.012869701720774174,-0.007392488420009613,0.00021646925597451627,7.933983
0.3604166666666657,-0.011215227656066418,0.01317237876355648,-0.0074193221516907215,2.989950189657975e-05,7.933983
0.3614583333333324,-0.011157281696796417,0.013447175733745098,-0.007454429287463427,-0.0001481037907069549,7.933983
0.36249999999999905,-0.011094036512076855,0.013705715537071228,-0.007494129240512848,-0.00031438894802704453,7.933983
0.3635416666666657,-0.011025888845324516,0.01394254807382822,-0.007534144911915064,-0.00047468673437833786,7.933983
0.36458333333333237,-0.01095394417643547,0.01415933109819889,-0.007574788760393858,-0.0006249095895327628,7.933983
0.36562499999999903,-0.01087813638150692,0.014345390722155571,-0.007617254741489887,-0.0007648287573829293,7.933983
0.3666666666666657,-0.010799454525113106,0.014523741789162159,-0.00765752699226141,-0.0008963336003944278,7.933983
0.36770833333333236,-0.010718083940446377,0.014677555300295353,-0.0076958052814006805,-0.0010217485250905156,7.933983
0.368749999999999,-0.010634712874889374,0.014816995710134506,-0.007734561339020729,-0.0011377892224118114,7.933983
0.3697916666666657,-0.01054961048066616,0.0149379912763834,-0.007768571842461824,-0.001246308907866478,7.933983
0.37083333333333235,-0.010463143698871136,0.015047029592096806,-0.0078015876933932304,-0.0013464858056977391,7.933983
0.371874999999999,-0.01037550251930952,0.015138116665184498,-0.00783198606222868,-0.0014397839549928904,7.933983
0.3729166666666657,-0.01028725691139698,0.015220477245748043,-0.007858830504119396,-0.0015246145194396377,7.933983
0.37395833333333234,-0.010198429226875305,0.015284626744687557,-0.007882933132350445,-0.0016049351543188095,7.933983
0.374999999999999,-0.010109448805451393,0.015338445082306862,-0.007905636914074421,-0.0016787704080343246,7.933983
0.37604166666666566,-0.010020512156188488,0.015383666381239891,-0.00792574044317007,-0.0017430569278076291,7.933983
0.3770833333333323,-0.009931772015988827,0.015415219590067863,-0.00794376153498888,-0.0018040472641587257,7.933983
0.378124999999999,-0.009843725711107254,0.015439593233168125,-0.007961010560393333,-0.0018626094097271562,7.933983
0.37916666666666565,-0.009756281971931458,0.015456542372703552,-0.007977087050676346,-0.0019147864077240229,7.933983
0.3802083333333323,-0.009669642895460129,0.01546246837824583,-0.00798992719501257,-0.0019575064070522785,7.933983
0.381249999999999,-0.009584327228367329,0.015462645329535007,-0.007998776622116566,-0.0020008794963359833,7.933983
0.38229166666666564,-0.009500391781330109,0.015458708629012108,-0.008007491938769817,-0.0020379088819026947,7.933983
0.3833333333333323,-0.009417606517672539,0.015446197241544724,-0.008014368824660778,-0.002076399279758334,7.933983
0.38437499999999897,-0.009336622431874275,0.015428717248141766,-0.008019491098821163,-0.002110433764755726,7.933983
0.38541666666666563,-0.009256997145712376,0.015406632795929909,-0.008022713474929333,-0.0021417085081338882,7.933983
0.3864583333333323,-0.009179448708891869,0.015382260084152222,-0.008026684634387493,-0.0021627708338201046,7.933983
0.38749999999999896,-0.009103824384510517,0.01535001676529646,-0.008028363808989525,-0.002182989614084363,7.933983
0.3885416666666656,-0.009030341170728207,0.015320289880037308,-0.008028156124055386,-0.002199729671701789,7.933983
0.3895833333333323,-0.008958861231803894,0.015282058157026768,-0.008028078824281693,-0.0022191458847373724,7.933983
0.39062499999999895,-0.008889585733413696,0.015245229005813599,-0.008026414550840855,-0.002240875968709588,7.933983
0.3916666666666656,-0.008822448551654816,0.01520482636988163,-0.008022991940379143,-0.002252958482131362,7.933983
0.39270833333333227,-0.008757753297686577,0.015164487063884735,-0.008018496446311474,-0.0022633729968219995,7.933983
0.39374999999999893,-0.008695338852703571,0.015119805000722408,-0.008015457540750504,-0.0022715660743415356,7.933983
0.3947916666666656,-0.008635598234832287,0.015073527581989765,-0.00800925400108099,-0.002274982864037156,7.933983
0.39583333333333226,-0.008578278124332428,0.015035564079880714,-0.00800144113600254,-0.002283772686496377,7.933983
0.3968749999999989,-0.008523263968527317,0.014985254965722561,-0.007993364706635475,-0.0022954849991947412,7.933983
0.3979166666666656,-0.008470878936350346,0.01493894960731268,-0.007983524352312088,-0.0023074031341820955,7.933983
0.39895833333333225,-0.008421039208769798,0.014894340187311172,-0.00797117780894041,-0.002314574085175991,7.933983
0.3999999999999989,-0.008373706601560116,0.01484818384051323,-0.007956810295581818,-0.0023157026153057814,7.933983
0.4010416666666656,-0.008329098112881184,0.014800279401242733,-0.007940929383039474,-0.0023177096154540777,7.933983
0.40208333333333224,-0.008287066593766212,0.01475598569959402,-0.007919322699308395,-0.002319849794730544,7.933983
0.4031249999999989,-0.008247661404311657,0.014707962051033974,-0.00789373368024826,-0.00232336251065135,7.933983
0.40416666666666556,-0.008210983127355576,0.014660955406725407,-0.00786344800144434,-0.002334419172257185,7.933983
0.4052083333333322,-0.00817668903619051,0.014612787403166294,-0.007830520160496235,-0.0023490628227591515,7.933983
0.4062499999999989,-0.008145063184201717,0.014567007310688496,-0.007792923133820295,-0.002363993786275387,7.933983
0.40729166666666555,-0.008115752600133419,0.014519249089062214,-0.007754411082714796,-0.0023794423323124647,7.933983
0.4083333333333322,-0.008089208975434303,0.014475027099251747,-0.00771752605214715,-0.002395687624812126,7.933983
0.4093749999999989,-0.008065097033977509,0.014431625604629517,-0.007686977740377188,-0.0024101592134684324,7.933983
0.41041666666666554,-0.008043571375310421,0.014395034871995449,-0.007667082361876965,-0.0024236650206148624,7.933983
0.4114583333333322,-0.008024346083402634,0.01436291541904211,-0.007657406385987997,-0.002436390146613121,7.933983
0.41249999999999887,-0.008007507771253586,0.014335565268993378,-0.007657195441424847,-0.002446406288072467,7.933983
0.41354166666666553,-0.007992884144186974,0.014310282655060291,-0.007662326097488403,-0.0024588198866695166,7.933983
0.4145833333333322,-0.007980439811944962,0.014287900179624557,-0.007667864672839642,-0.002469819039106369,7.933983
0.41562499999999886,-0.007970018312335014,0.0142679363489151,-0.007671885192394257,-0.0024802011903375387,7.933983
0.4166666666666655,-0.007961689494550228,0.014247667044401169,-0.007674594409763813,-0.0024860796984285116,7.933983
0.4177083333333322,-0.007955500856041908,0.01422813069075346,-0.007672490552067757,-0.002485948381945491,7.933983
0.41874999999999885,-0.007951421663165092,0.014214678667485714,-0.007669857703149319,-0.0024871176574379206,7.933983
0.4197916666666655,-0.00795032549649477,0.014208412729203701,-0.007669312413781881,-0.002487374469637871,7.933983
0.42083333333333217,-0.007950235158205032,0.01420881412923336,-0.007668686099350452,-0.002486760262399912,7.933983
0.42187499999999883,-0.007950172759592533,0.01421122346073389,-0.007667772006243467,-0.0024864657316356897,7.933983
0.4229166666666655,-0.007950111292302608,0.01421397179365158,-0.007666539400815964,-0.0024871688801795244,7.933983
0.42395833333333216,-0.007949983701109886,0.014216135255992413,-0.007667107507586479,-0.0024881644640117884,7.933983
0.4249999999999988,-0.00794991385191679,0.014218302443623543,-0.007666766177862883,-0.0024881702847778797,7.933983
0.4260416666666655,-0.007949849590659142,0.01422051340341568,-0.007666699588298798,-0.0024866960011422634,7.933983
0.42708333333333215,-0.007949797436594963,0.014222036115825176,-0.007666011340916157,-0.0024885472375899553,7.933983
0.4281249999999988,-0.007949680089950562,0.01422457117587328,-0.007663910277187824,-0.002488443162292242,7.933983
0.4291666666666655,-0.007949617691338062,0.01422691997140646,-0.007663990370929241,-0.002487858524546027,7.933983
0.43020833333333214,-0.007949573919177055,0.014228680171072483,-0.0076645188964903355,-0.0024863097351044416,7.933983
0.4312499999999988,-0.007949518039822578,0.014228894375264645,-0.007663347292691469,-0.0024861753918230534,7.933983
0.43229166666666546,-0.007949424907565117,0.014230604283511639,-0.007662531454116106,-0.002486653160303831,7.933983
0.4333333333333321,-0.007949384860694408,0.01423411164432764,-0.0076606133952736855,-0.0024892704095691442,7.933983
0.4343749999999988,-0.007949051447212696,0.014232930727303028,-0.007662943564355373,-0.0024872201029211283,7.933983
0.43541666666666545,-0.007948997430503368,0.014235814101994038,-0.007662340998649597,-0.0024864645674824715,7.933983
0.4364583333333321,-0.007948877289891243,0.014234769158065319,-0.007662677206099033,-0.002486067358404398,7.933983
0.4374999999999988,-0.007948786951601505,0.014236225746572018,-0.00766108138486743,-0.002486561890691519,7.933983
0.43854166666666544,-0.007948707789182663,0.014239535667002201,-0.007659779861569405,-0.002487976336851716,7.933983
0.4395833333333321,-0.007948638871312141,0.014241560362279415,-0.00765946414321661,-0.002489126054570079,7.933983
0.44062499999999877,-0.007948589511215687,0.014242342673242092,-0.007658705580979586,-0.0024897828698158264,7.933983
0.44166666666666543,-0.007948506623506546,0.014242569915950298,-0.007658564019948244,-0.002489035949110985,7.933983
0.4427083333333321,-0.007948415353894234,0.014242993667721748,-0.007656201254576445,-0.0024884785525500774,7.933983
0.44374999999999876,-0.007948304526507854,0.014244062826037407,-0.007655061781406403,-0.002491133054718375,7.933983
0.4447916666666654,-0.007948225364089012,0.014245458878576756,-0.007654309272766113,-0.0024917686823755503,7.933983
0.4458333333333321,-0.007948139682412148,0.01424699742347002,-0.007653508335351944,-0.0024948681239038706,7.933983
0.44687499999999875,-0.007948068901896477,0.014248712919652462,-0.00765396561473608,-0.002499135909602046,7.933983
0.4479166666666654,-0.007948016747832298,0.014251140877604485,-0.0076526738703250885,-0.0024997785221785307,7.933983
0.44895833333333207,-0.007947888225317001,0.014249802567064762,-0.0076528145000338554,-0.002499730559065938,7.933983
0.44999999999999873,-0.00794778298586607,0.014250140637159348,-0.007650788873434067,-0.0025003880728036165,7.933983
0.4510416666666654,-0.007947687059640884,0.014248826541006565,-0.007648282218724489,-0.002499813912436366,7.933983
0.45208333333333206,-0.007947598583996296,0.014250999316573143,-0.007649391423910856,-0.002499694237485528,7.933983
0.4531249999999987,-0.007947555743157864,0.0142518924549222,-0.007648951839655638,-0.002499760128557682,7.933983
0.4541666666666654,-0.007947436533868313,0.014251820743083954,-0.007647593505680561,-0.002500734757632017,7.933983
0.45520833333333205,-0.007947326637804508,0.014253158122301102,-0.007646859157830477,-0.002501975279301405,7.933983
0.4562499999999987,-0.007947267964482307,0.014253255911171436,-0.00764634320512414,-0.0025054533034563065,7.933983
0.4572916666666654,-0.007947133854031563,0.0142548568546772,-0.007647257763892412,-0.0025070072151720524,7.933983
0.45833333333333204,-0.007947049103677273,0.014256017282605171,-0.00764694856479764,-0.002507474273443222,7.933983
0.4593749999999987,-0.007946975529193878,0.014258023351430893,-0.0076456149108707905,-0.0025085918605327606,7.933983
0.46041666666666536,-0.007946927100419998,0.014260616153478622,-0.007646235637366772,-0.00251044356264174,7.933983
0.461458333333332,-0.007946714758872986,0.014260230585932732,-0.007645329460501671,-0.002507823286578059,7.933983
0.4624999999999987,-0.007946649566292763,0.014262517914175987,-0.007645689882338047,-0.002508581383153796,7.933983
0.46354166666666535,-0.007946602068841457,0.014264899305999279,-0.007646494545042515,-0.0025106053799390793,7.933983
0.464583333333332,-0.007946470752358437,0.014265773817896843,-0.0076468586921691895,-0.002509264973923564,7.933983
0.4656249999999987,-0.007946417666971684,0.014268632978200912,-0.007646919693797827,-0.002509137149900198,7.933983
0.46666666666666534,-0.007946223020553589,0.014266892336308956,-0.007646528538316488,-0.0025078081525862217,7.933983
0.467708333333332,-0.007946106605231762,0.01426883414387703,-0.0076466575264930725,-0.002508482662960887,7.933983
0.46874999999999867,-0.007946019992232323,0.01426913496106863,-0.0076463655568659306,-0.0025108044501394033,7.933983
0.46979166666666533,-0.007945902645587921,0.014270155690610409,-0.00764511851593852,-0.002510674297809601,7.933983
0.470833333333332,-0.007945813238620758,0.014271384105086327,-0.007645204197615385,-0.0025108903646469116,7.933983
0.47187499999999866,-0.007945756427943707,0.014273984357714653,-0.007646340411156416,-0.002510183025151491,7.933983
0.4729166666666653,-0.007945659570395947,0.014275405555963516,-0.007646332494914532,-0.0025096312165260315,7.933983
0.473958333333332,-0.00794561393558979,0.014275764115154743,-0.007645109668374062,-0.0025106556713581085,7.933983
0.47499999999999865,-0.007945478893816471,0.014276864938437939,-0.007644341792911291,-0.0025102603249251842,7.933983
0.4760416666666653,-0.007945407181978226,0.014277624897658825,-0.007642486598342657,-0.002509588608518243,7.933983
0.47708333333333197,-0.007945320568978786,0.01427842490375042,-0.007641357369720936,-0.002511767204850912,7.933983
0.47812499999999863,-0.007945256307721138,0.014279057271778584,-0.007640428841114044,-0.0025123655796051025,7.933983
0.4791666666666653,-0.007945194840431213,0.014280219562351704,-0.007639669813215733,-0.0025136377662420273,7.933983
0.48020833333333196,-0.00794508308172226,0.014280629344284534,-0.007638942915946245,-0.002514159306883812,7.933983
0.4812499999999986,-0.007945007644593716,0.014281058683991432,-0.007637224160134792,-0.002517796354368329,7.933983
0.4822916666666653,-0.007944935001432896,0.01428151037544012,-0.007635327056050301,-0.0025182049721479416,7.933983
0.48333333333333195,-0.00794485304504633,0.014282808639109135,-0.0076348488219082355,-0.0025206166319549084,7.933983
0.4843749999999986,-0.007944797165691853,0.014284049160778522,-0.007635683286935091,-0.0025219053495675325,7.933983
0.4854166666666653,-0.007944672368466854,0.014284905046224594,-0.007634657900780439,-0.002522839931771159,7.933983
0.48645833333333194,-0.007944600656628609,0.014286957681179047,-0.007635260000824928,-0.0025231915060430765,7.933983
0.4874999999999986,-0.007944506593048573,0.014289389364421368,-0.007635663729161024,-0.0025235593784600496,7.933983
0.48854166666666526,-0.007944449782371521,0.014291258528828621,-0.007636216003447771,-0.002525684656575322,7.933983
0.4895833333333319,-0.007944335229694843,0.014292947016656399,-0.007634908892214298,-0.0025237384252250195,7.933983
0.4906249999999986,-0.007944270968437195,0.014294551685452461,-0.007635463494807482,-0.002524194773286581,7.933983
0.49166666666666525,-0.007944158278405666,0.014295441098511219,-0.007634290959686041,-0.002525029703974724,7.933983
0.4927083333333319,-0.007943951524794102,0.014294725842773914,-0.007635129150003195,-0.002525927033275366,7.933983
0.4937499999999986,-0.007943429984152317,0.01429054792970419,-0.007633135188370943,-0.0025277903769165277,7.933983
0.49479166666666524,-0.00794279482215643,0.014285525307059288,-0.007631607819348574,-0.002528746612370014,7.933983
0.4958333333333319,-0.0079421391710639,0.014280259609222412,-0.00762955890968442,-0.002529318444430828,7.933983
0.49687499999999857,-0.007942048832774162,0.014281422831118107,-0.007628926541656256,-0.0025294951628893614,7.933983
0.49791666666666523,-0.00794185884296894,0.014283554628491402,-0.007629171013832092,-0.002533257706090808,7.933983
0.4989583333333319,-0.007941571064293385,0.014282179065048695,-0.007628413382917643,-0.0025329324416816235,7.933983
0.49999999999999856,-0.007941514253616333,0.014283676631748676,-0.007627903483808041,-0.0025351892691105604,7.933983
0.5010416666666653,-0.00794124510139227,0.014283125288784504,-0.007626951672136784,-0.002535351784899831,7.933983
0.502083333333332,-0.00794114638119936,0.014284533448517323,-0.007625785190612078,-0.0025360288564115763,7.933983
0.5031249999999987,-0.0079410495236516,0.014285112731158733,-0.007625448517501354,-0.0025366367772221565,7.933983
0.5041666666666654,-0.007940980605781078,0.014286527410149574,-0.007625119294971228,-0.0025369685608893633,7.933983
0.5052083333333321,-0.007940891198813915,0.014287891797721386,-0.007624606601893902,-0.0025382302701473236,7.933983
0.5062499999999989,-0.007940830662846565,0.01428897026926279,-0.00762319378554821,-0.0025393208488821983,7.933983
0.5072916666666656,-0.007940784096717834,0.014289021492004395,-0.007621546741575003,-0.0025409699883311987,7.933983
0.5083333333333323,-0.007940595969557762,0.014287860132753849,-0.007621624507009983,-0.002540944842621684,7.933983
0.509374999999999,-0.007940517738461494,0.01428858283907175,-0.0076205674558877945,-0.0025418067816644907,7.933983
0.5104166666666657,-0.007940425537526608,0.0142903383821249,-0.007619981188327074,-0.0025447546504437923,7.933983
0.5114583333333325,-0.00794033333659172,0.014291711151599884,-0.007619722280651331,-0.0025434838607907295,7.933983
0.5124999999999992,-0.007940245792269707,0.014291662722826004,-0.00761786662042141,-0.0025448352098464966,7.933983
0.5135416666666659,-0.007940149866044521,0.014291627332568169,-0.007616839371621609,-0.002548937452957034,7.933983
0.5145833333333326,-0.007940085604786873,0.014292674139142036,-0.007615789771080017,-0.0025491397827863693,7.933983
0.5156249999999993,-0.007940005511045456,0.014293883927166462,-0.007615219336003065,-0.002549804514274001,7.933983
0.516666666666666,-0.007939946837723255,0.014295264147222042,-0.0076149688102304935,-0.002551879035308957,7.933983
0.5177083333333328,-0.007939784787595272,0.014295688830316067,-0.007615278009325266,-0.002551669953390956,7.933983
0.5187499999999995,-0.00793970562517643,0.014296267181634903,-0.007613883353769779,-0.0025531211867928505,7.933983
0.5197916666666662,-0.007939569652080536,0.014295837841928005,-0.007611473090946674,-0.002553032711148262,7.933983
0.5208333333333329,-0.00793951004743576,0.014296294189989567,-0.007609799038618803,-0.0025531440041959286,7.933983
0.5218749999999996,-0.007939262315630913,0.014295417815446854,-0.007608759682625532,-0.0025567885022610426,7.933983
0.5229166666666664,-0.007939194329082966,0.014296825975179672,-0.00760832242667675,-0.0025565181858837605,7.933983
0.5239583333333331,-0.007938973605632782,0.014295801520347595,-0.007607730571180582,-0.0025592639576643705,7.933983
0.5249999999999998,-0.007938899099826813,0.014296095818281174,-0.007606704253703356,-0.0025579810608178377,7.933983
0.5260416666666665,-0.007938737981021404,0.01429551187902689,-0.007604476995766163,-0.002557702362537384,7.933983
0.5270833333333332,-0.007938643917441368,0.014295625500380993,-0.007602959405630827,-0.0025585354305803776,7.933983
0.528125,-0.007938528433442116,0.014296194538474083,-0.007601012941449881,-0.0025566669646650553,7.933983
0.5291666666666667,-0.007938399910926819,0.014296541921794415,-0.007599337957799435,-0.002558553358539939,7.933983
0.5302083333333334,-0.007938285358250141,0.014296508394181728,-0.007597759366035461,-0.0025607941206544638,7.933983
0.5312500000000001,-0.007938185706734657,0.014297028072178364,-0.007596283685415983,-0.0025641098618507385,7.933983
0.5322916666666668,-0.007938064634799957,0.014298205263912678,-0.007595211733132601,-0.0025658528320491314,7.933983
0.5333333333333335,-0.007937981747090816,0.014298972673714161,-0.007594470400363207,-0.002567732473835349,7.933983
0.5343750000000003,-0.007937821559607983,0.014299211092293262,-0.007593671791255474,-0.002569823758676648,7.933983
0.535416666666667,-0.00793774425983429,0.014299938455224037,-0.007592655252665281,-0.0025702835991978645,7.933983
0.5364583333333337,-0.007937518879771233,0.014298765920102596,-0.007591042667627335,-0.0025697285309433937,7.933983
0.5375000000000004,-0.007937386631965637,0.014298660680651665,-0.007588756736367941,-0.002569713396951556,7.933983
0.5385416666666671,-0.007937184534966946,0.014298617839813232,-0.007588639389723539,-0.002570651937276125,7.933983
0.5395833333333339,-0.007937050424516201,0.014299903996288776,-0.0075874049216508865,-0.0025701674167066813,7.933983
0.5406250000000006,-0.007936842739582062,0.014300143346190453,-0.007585304789245129,-0.002569973934441805,7.933983
0.5416666666666673,-0.007936671376228333,0.014298703521490097,-0.00758372014388442,-0.0025696633383631706,7.933983
0.542708333333334,-0.007936476729810238,0.014298803173005581,-0.007582614663988352,-0.002568963449448347,7.933983
0.5437500000000007,-0.007936321198940277,0.014299700036644936,-0.007581754121929407,-0.0025679992977529764,7.933983
0.5447916666666675,-0.007936052978038788,0.014299832284450531,-0.007580639328807592,-0.0025676258374005556,7.933983
0.5458333333333342,-0.00793590396642685,0.014300229027867317,-0.007579948753118515,-0.0025692968629300594,7.933983
0.5468750000000009,-0.007935629226267338,0.014299493283033371,-0.007578926160931587,-0.0025700940750539303,7.933983
0.5479166666666676,-0.007935474626719952,0.014299925416707993,-0.007577322423458099,-0.0025733548682183027,7.933983
0.5489583333333343,-0.00793513935059309,0.014298733323812485,-0.007577011827379465,-0.002575026359409094,7.933983
0.550000000000001,-0.00793494377285242,0.01429945882409811,-0.007576996926218271,-0.0025765160098671913,7.933983
0.5510416666666678,-0.007934664376080036,0.014299733564257622,-0.007575956638902426,-0.002577667823061347,7.933983
0.5520833333333345,-0.007934369146823883,0.014299267902970314,-0.007574432995170355,-0.0025800573639571667,7.933983
0.5531250000000012,-0.007934138178825378,0.014298022724688053,-0.007573011331260204,-0.002581869950518012,7.933983
0.5541666666666679,-0.007933900691568851,0.014299154281616211,-0.0075731645338237286,-0.0025811274535954,7.933983
0.5552083333333346,-0.007933646440505981,0.01429874636232853,-0.007571466267108917,-0.002581646665930748,7.933983
0.5562500000000014,-0.007933374494314194,0.014298738911747932,-0.007569717708975077,-0.0025814329273998737,7.933983
0.5572916666666681,-0.007933089509606361,0.014297880232334137,-0.007568913046270609,-0.002584644593298435,7.933983
0.5583333333333348,-0.007932759821414948,0.014297766610980034,-0.007569529116153717,-0.0025837128050625324,7.933983
0.5593750000000015,-0.007932478561997414,0.014298232272267342,-0.007568998262286186,-0.002583761466667056,7.933983
0.5604166666666682,-0.00793210044503212,0.014297153800725937,-0.007567655760794878,-0.002585347043350339,7.933983
0.561458333333335,-0.007931800559163094,0.014297633431851864,-0.00756744435057044,-0.0025860511232167482,7.933983
0.5625000000000017,-0.007931395433843136,0.014295924454927444,-0.00756626995280385,-0.0025880488101392984,7.933983
0.5635416666666684,-0.007931067608296871,0.014295979402959347,-0.00756568368524313,-0.0025868872180581093,7.933983
0.5645833333333351,-0.007930717431008816,0.014295249246060848,-0.007565735373646021,-0.002587911207228899,7.933983
0.5656250000000018,-0.007930375635623932,0.01429481990635395,-0.0075647286139428616,-0.0025882809422910213,7.933983
0.5666666666666685,-0.00792999379336834,0.014294463209807873,-0.00756405433639884,-0.0025882115587592125,7.933983
0.5677083333333353,-0.007929541170597076,0.01429278776049614,-0.007564034312963486,-0.0025881673209369183,7.933983
0.568750000000002,-0.00792912021279335,0.014291618019342422,-0.007562912069261074,-0.0025886371731758118,7.933983
0.5697916666666687,-0.007928706705570221,0.014291235245764256,-0.007561305537819862,-0.0025892506819218397,7.933983
0.5708333333333354,-0.007928276434540749,0.014290298335254192,-0.007560112979263067,-0.002589021809399128,7.933983
0.5718750000000021,-0.007927785627543926,0.014289501123130322,-0.007560303900390863,-0.0025883277412503958,7.933983
0.5729166666666689,-0.00792734231799841,0.01428922824561596,-0.007559808436781168,-0.00258810305967927,7.933983
0.5739583333333356,-0.007926840335130692,0.014287425205111504,-0.007558375131338835,-0.0025887873489409685,7.933983
0.5750000000000023,-0.007926346734166145,0.014285989105701447,-0.0075569008477032185,-0.0025882041081786156,7.933983
0.576041666666669,-0.007925842888653278,0.014285207726061344,-0.007555913180112839,-0.002588113537058234,7.933983
0.5770833333333357,-0.007925216108560562,0.014282363466918468,-0.007553607691079378,-0.0025880811735987663,7.933983
0.5781250000000024,-0.007924667559564114,0.014281116425991058,-0.007552460767328739,-0.0025878658052533865,7.933983
0.5791666666666692,-0.007924060337245464,0.014280357398092747,-0.00755239836871624,-0.002588092815130949,7.933983
0.5802083333333359,-0.007923461496829987,0.014278694987297058,-0.007551414426416159,-0.0025886804796755314,7.933983
0.5812500000000026,-0.007922888733446598,0.014276727102696896,-0.007550562731921673,-0.002589097712188959,7.933983
0.5822916666666693,-0.007922298274934292,0.014275407418608665,-0.007549546658992767,-0.002588176168501377,7.933983
0.583333333333336,-0.007921700365841389,0.014272895641624928,-0.007547630462795496,-0.0025879726745188236,7.933983
0.5843750000000028,-0.007921152748167515,0.014270460233092308,-0.007546287961304188,-0.0025896411389112473,7.933983
0.5854166666666695,-0.00792051013559103,0.014268619008362293,-0.007544764783233404,-0.002589951967820525,7.933983
0.5864583333333362,-0.00791983027011156,0.01426572073251009,-0.007543646264821291,-0.0025895352009683847,7.933983
0.5875000000000029,-0.00791916437447071,0.014262564480304718,-0.00754123367369175,-0.0025906229857355356,7.933983
0.5885416666666696,-0.007918495684862137,0.014260074123740196,-0.007540218066424131,-0.0025907333474606276,7.933983
0.5895833333333363,-0.007917814888060093,0.01425668504089117,-0.007537796162068844,-0.002590942895039916,7.933983
0.5906250000000031,-0.00791719276458025,0.014254901558160782,-0.0075356196612119675,-0.002590928925201297,7.933983
0.5916666666666698,-0.007916470989584923,0.014253094792366028,-0.007534504868090153,-0.002591424621641636,7.933983
0.5927083333333365,-0.00791571568697691,0.014248501509428024,-0.007531782146543264,-0.0025912532582879066,7.933983
0.5937500000000032,-0.007915064692497253,0.014245489612221718,-0.007529339287430048,-0.002591392258182168,7.933983
0.5947916666666699,-0.007914295420050621,0.0142429880797863,-0.007528862450271845,-0.002590865595266223,7.933983
0.5958333333333367,-0.007913339883089066,0.0142390551045537,-0.007526832167059183,-0.002591449301689863,7.933983
0.5968750000000034,-0.007912562228739262,0.014235061593353748,-0.0075250533409416676,-0.0025909696705639362,7.933983
0.5979166666666701,-0.007911774329841137,0.014231731183826923,-0.00752295320853591,-0.002589925890788436,7.933983
0.5989583333333368,-0.007910901680588722,0.01422684732824564,-0.007519423495978117,-0.0025895601138472557,7.933983
0.6000000000000035,-0.007910113781690598,0.014223854057490826,-0.007518648635596037,-0.0025899012107402086,7.933983
0.6010416666666702,-0.007909254170954227,0.014220278710126877,-0.0075162919238209724,-0.002590947085991502,7.933983
0.602083333333337,-0.007908351719379425,0.014216008596122265,-0.00751414755359292,-0.0025908788666129112,7.933983
0.6031250000000037,-0.007907386869192123,0.014212180860340595,-0.007512317970395088,-0.0025903640780597925,7.933983
0.6041666666666704,-0.007906399667263031,0.014207698404788971,-0.007509130984544754,-0.0025914707221090794,7.933983
0.6052083333333371,-0.007905533537268639,0.014203627593815327,-0.007507560309022665,-0.002591199241578579,7.933983
0.6062500000000038,-0.007904589176177979,0.014199783094227314,-0.007505311165004969,-0.0025921519845724106,7.933983
0.6072916666666706,-0.007903571240603924,0.014195384457707405,-0.0075037553906440735,-0.002593293087556958,7.933983
0.6083333333333373,-0.007902531884610653,0.014191290363669395,-0.007501459680497646,-0.00259348563849926,7.933983
0.609375000000004,-0.007901471108198166,0.014186031185090542,-0.007498970255255699,-0.0025938774924725294,7.933983
0.6104166666666707,-0.007900419645011425,0.014182168059051037,-0.007496263831853867,-0.0025937368627637625,7.933983
0.6114583333333374,-0.007899340242147446,0.014177249744534492,-0.007494240067899227,-0.0025930379051715136,7.933983
0.6125000000000042,-0.007898236624896526,0.014173193834722042,-0.007492411881685257,-0.0025923436041921377,7.933983
0.6135416666666709,-0.00789707526564598,0.014166848734021187,-0.00748994667083025,-0.0025928281247615814,7.933983
0.6145833333333376,-0.007895976305007935,0.014162685722112656,-0.0074887266382575035,-0.0025910420808941126,7.933983
0.6156250000000043,-0.0078948475420475,0.01415847335010767,-0.007487162481993437,-0.0025925617665052414,7.933983
0.616666666666671,-0.007893713191151619,0.014154613018035889,-0.007486439310014248,-0.002592335222288966,7.933983
0.6177083333333377,-0.007892579771578312,0.014149339869618416,-0.007484316825866699,-0.0025942656211555004,7.933983
0.6187500000000045,-0.007891358807682991,0.014144565910100937,-0.007483046501874924,-0.0025949825067073107,7.933983
0.6197916666666712,-0.007890064269304276,0.014139257371425629,-0.007481545675545931,-0.0025961061473935843,7.933983
0.6208333333333379,-0.007888718508183956,0.014134964905679226,-0.007479940541088581,-0.0025960702914744616,7.933983
0.6218750000000046,-0.007887420244514942,0.01412912830710411,-0.007477751467376947,-0.002596331760287285,7.933983
0.6229166666666713,-0.00788615271449089,0.014125026762485504,-0.007476459722965956,-0.0025964847300201654,7.933983
0.623958333333338,-0.0078847361728549,0.014118489809334278,-0.00747480196878314,-0.002596260979771614,7.933983
0.6250000000000048,-0.007883410900831223,0.014113888144493103,-0.007473516743630171,-0.0025967243127524853,7.933983
0.6260416666666715,-0.00788187701255083,0.014107616618275642,-0.007471724413335323,-0.0025965715758502483,7.933983
0.6270833333333382,-0.007880616001784801,0.014103702269494534,-0.007471397053450346,-0.00259608356282115,7.933983
0.6281250000000049,-0.007879285141825676,0.014099068008363247,-0.007470736745744944,-0.002595032099634409,7.933983
0.6291666666666716,-0.007877814583480358,0.01409295666962862,-0.007469160947948694,-0.0025959450285881758,7.933983
0.6302083333333384,-0.00787629745900631,0.014087860472500324,-0.007468100171536207,-0.002594966674223542,7.933983
0.6312500000000051,-0.00787469744682312,0.01408158428966999,-0.007466111797839403,-0.002594043267890811,7.933983
0.6322916666666718,-0.007873164489865303,0.01407557725906372,-0.007463162764906883,-0.0025939398910850286,7.933983
0.6333333333333385,-0.007871587760746479,0.014068926684558392,-0.007462674286216497,-0.002593734534457326,7.933983
0.6343750000000052,-0.007869871333241463,0.014062297530472279,-0.007459720596671104,-0.0025946511887013912,7.933983
0.635416666666672,-0.007868203334510326,0.014055674895644188,-0.007456813473254442,-0.0025940551422536373,7.933983
0.6364583333333387,-0.007866504602134228,0.014049850404262543,-0.007455866783857346,-0.0025930851697921753,7.933983
0.6375000000000054,-0.007864746265113354,0.01404264010488987,-0.007452636957168579,-0.0025928490795195103,7.933983
0.6385416666666721,-0.007863006554543972,0.014036623761057854,-0.007449651136994362,-0.0025922826025635004,7.933983
0.6395833333333388,-0.007861167192459106,0.014028958044946194,-0.007447558920830488,-0.002590176882222295,7.933983
0.6406250000000056,-0.007859372533857822,0.014021853916347027,-0.007444641087204218,-0.0025877386797219515,7.933983
0.6416666666666723,-0.007857504300773144,0.014015574008226395,-0.007442406844347715,-0.0025858914013952017,7.933983
0.642708333333339,-0.007855541072785854,0.01400776207447052,-0.007440267596393824,-0.0025835612323135138,7.933983
0.6437500000000057,-0.00785356666892767,0.014001385308802128,-0.007436776999384165,-0.0025829896330833435,7.933983
0.6447916666666724,-0.007851972244679928,0.013995764777064323,-0.007434255909174681,-0.0025824650656431913,7.933983
0.6458333333333391,-0.007850099354982376,0.013988816179335117,-0.007431866601109505,-0.0025801851879805326,7.933983
0.6468750000000059,-0.007848082110285759,0.013982918113470078,-0.007430143654346466,-0.0025790752843022346,7.933983
0.6479166666666726,-0.007846021093428135,0.013975447975099087,-0.007427065167576075,-0.0025781358126550913,7.933983
0.6489583333333393,-0.007843809202313423,0.01396876946091652,-0.007424375507980585,-0.0025757381226867437,7.933983
0.650000000000006,-0.007841614075005054,0.013960580341517925,-0.007421424146741629,-0.002576027764007449,7.933983
0.6510416666666727,-0.007839401252567768,0.013953701592981815,-0.007419168017804623,-0.0025742824655026197,7.933983
0.6520833333333395,-0.007837367244064808,0.013947295024991035,-0.007415691390633583,-0.0025746049359440804,7.933983
0.6531250000000062,-0.007835124619305134,0.013940905220806599,-0.007413211278617382,-0.0025747523177415133,7.933983
0.6541666666666729,-0.007833168841898441,0.013935425318777561,-0.007410635706037283,-0.0025748522020876408,7.933983
0.6552083333333396,-0.007830819115042686,0.013928152620792389,-0.007407139986753464,-0.0025756789837032557,7.933983
0.6562500000000063,-0.007828641682863235,0.013921752572059631,-0.007405729033052921,-0.0025757807306945324,7.933983
0.657291666666673,-0.007826216518878937,0.01391524076461792,-0.007403878960758448,-0.0025751935318112373,7.933983
0.6583333333333398,-0.007823889143764973,0.01390872709453106,-0.007401559501886368,-0.002573826815932989,7.933983
0.6593750000000065,-0.007821374572813511,0.013901515863835812,-0.007399043068289757,-0.00257251039147377,7.933983
0.6604166666666732,-0.007818813435733318,0.013895043171942234,-0.0073968106880784035,-0.002572784200310707,7.933983
0.6614583333333399,-0.00781612191349268,0.013886959291994572,-0.007394375745207071,-0.0025715725496411324,7.933983
0.6625000000000066,-0.007813340052962303,0.0138793233782053,-0.007391724269837141,-0.0025683725252747536,7.933983
0.6635416666666734,-0.007810466457158327,0.013870700262486935,-0.007389274891465902,-0.0025666290894150734,7.933983
0.6645833333333401,-0.007807582151144743,0.013863359577953815,-0.0073878951370716095,-0.002566617215052247,7.933983
0.6656250000000068,-0.007804625667631626,0.013855049386620522,-0.007384599652141333,-0.00256538949906826,7.933983
0.6666666666666735,-0.007801653817296028,0.013847608119249344,-0.007382079027593136,-0.0025654900819063187,7.933983
0.6677083333333402,-0.007798598147928715,0.013839763589203358,-0.0073791625909507275,-0.002564535476267338,7.933983
0.668750000000007,-0.007793848402798176,0.013828874565660954,-0.007375779096037149,-0.0025628365110605955,7.933983
0.6697916666666737,-0.0077886502258479595,0.013816457241773605,-0.007370529696345329,-0.002560768974944949,7.933983
0.6708333333333404,-0.007781874854117632,0.013802090659737587,-0.007365941070020199,-0.0025600402150303125,7.933983
0.6718750000000071,-0.0077733127400279045,0.013786018826067448,-0.0073611619882285595,-0.0025600034277886152,7.933983
0.6729166666666738,-0.0077629974111914635,0.013767902739346027,-0.007354929111897945,-0.0025594744365662336,7.933983
0.6739583333333405,-0.007750900462269783,0.01374927256256342,-0.007347597274929285,-0.0025608253199607134,7.933983
0.6750000000000073,-0.007737311534583569,0.01372914295643568,-0.007340807467699051,-0.00256144511513412,7.933983
0.676041666666674,-0.007721784524619579,0.013707270845770836,-0.007333063054829836,-0.002561523811891675,7.933983
0.6770833333333407,-0.00770481675863266,0.013684955425560474,-0.007324471604079008,-0.002562033711001277,7.933983
0.6781250000000074,-0.0076862662099301815,0.013661869801580906,-0.007318068295717239,-0.0025617661885917187,7.933983
0.6791666666666741,-0.007666012737900019,0.013638006523251534,-0.007310410961508751,-0.0025618921499699354,7.933983
0.6802083333333409,-0.0076442607678473,0.013614017516374588,-0.007306127808988094,-0.002562727313488722,7.933983
0.6812500000000076,-0.00762147968634963,0.01358945481479168,-0.0073029897175729275,-0.0025626644492149353,7.933983
0.6822916666666743,-0.007596829906105995,0.01356471236795187,-0.007301100064069033,-0.002559979446232319,7.933983
0.683333333333341,-0.007571048103272915,0.013538825325667858,-0.007300775032490492,-0.0025587580166757107,7.933983
0.6843750000000077,-0.007544083520770073,0.013511911034584045,-0.007302057929337025,-0.0025557703338563442,7.933983
0.6854166666666744,-0.007515478413552046,0.013485291972756386,-0.007304780650883913,-0.0025518734473735094,7.933983
0.6864583333333412,-0.007486030459403992,0.013457725755870342,-0.007308354135602713,-0.0025475730653852224,7.933983
0.6875000000000079,-0.0074553219601511955,0.013429714366793633,-0.007315011695027351,-0.0025420018937438726,7.933983
0.6885416666666746,-0.007423291448503733,0.013399628922343254,-0.0073211658746004105,-0.002536284038797021,7.933983
0.6895833333333413,-0.007390270940959454,0.013369157910346985,-0.007329939864575863,-0.002528288634493947,7.933983
0.690625000000008,-0.007356350310146809,0.013338260352611542,-0.007337889168411493,-0.00251977751031518,7.933983
0.6916666666666748,-0.007321386132389307,0.013305475004017353,-0.007345402147620916,-0.002513296902179718,7.933983
0.6927083333333415,-0.007285601459443569,0.013271227478981018,-0.0073528834618628025,-0.0025022339541465044,7.933983
0.6937500000000082,-0.0072488184086978436,0.0132362749427557,-0.007359554059803486,-0.0024933249223977327,7.933983
0.6947916666666749,-0.007211306132376194,0.013199114240705967,-0.007364081218838692,-0.0024827541783452034,7.933983
0.6958333333333416,-0.007172738201916218,0.01316134911030531,-0.007369153667241335,-0.0024722509551793337,7.933983
0.6968750000000083,-0.007133674807846546,0.013120961375534534,-0.007371245417743921,-0.002464552875608206,7.933983
0.6979166666666751,-0.007094098255038261,0.013080057688057423,-0.007372019346803427,-0.0024528810754418373,7.933983
0.6989583333333418,-0.007053659297525883,0.013037465512752533,-0.007370912004262209,-0.0024442856665700674,7.933983
0.7000000000000085,-0.007012670859694481,0.01299319602549076,-0.007367556914687157,-0.0024313873145729303,7.933983
0.7010416666666752,-0.006971017923206091,0.01294847670942545,-0.007363827899098396,-0.0024217332247644663,7.933983
0.7020833333333419,-0.006929135415703058,0.0129023976624012,-0.007357123773545027,-0.0024095987901091576,7.933983
0.7031250000000087,-0.0068864403292536736,0.012854533270001411,-0.0073484331369400024,-0.0023979207035154104,7.933983
0.7041666666666754,-0.006843413691967726,0.012806553393602371,-0.007339571136981249,-0.0023849105928093195,7.933983
0.7052083333333421,-0.006799853872507811,0.01275248546153307,-0.0073270914144814014,-0.002372781978920102,7.933983
0.7062500000000088,-0.00675625866279006,0.012698773294687271,-0.0073129236698150635,-0.0023589874617755413,7.933983
0.7072916666666755,-0.00671197846531868,0.012644277885556221,-0.007297460455447435,-0.002346120774745941,7.933983
0.7083333333333423,-0.006667812820523977,0.012588930316269398,-0.007281623315066099,-0.002332524862140417,7.933983
0.709375000000009,-0.0066231307573616505,0.012533403933048248,-0.007265881169587374,-0.002320721512660384,7.933983
0.7104166666666757,-0.006578704807907343,0.012477349489927292,-0.00724885193631053,-0.0023069472517818213,7.933983
0.7114583333333424,-0.006533749867230654,0.012420824728906155,-0.0072324927896261215,-0.0022946589160710573,7.933983
0.7125000000000091,-0.006489014718681574,0.012365138158202171,-0.007215753197669983,-0.002281483029946685,7.933983
0.7135416666666758,-0.006444067228585482,0.012309090234339237,-0.007198867853730917,-0.0022701015695929527,7.933983
0.7145833333333426,-0.006398956757038832,0.012252983637154102,-0.007182420697063208,-0.002257951768115163,7.933983
0.7156250000000093,-0.006353961303830147,0.012196221388876438,-0.007165573537349701,-0.002244666451588273,7.933983
0.716666666666676,-0.006308415438979864,0.012139678932726383,-0.0071498979814350605,-0.0022321210708469152,7.933983
0.7177083333333427,-0.006263300310820341,0.012083780951797962,-0.007135135121643543,-0.0022193563636392355,7.933983
0.7187500000000094,-0.006217865739017725,0.012027224525809288,-0.007120318710803986,-0.0022058775648474693,7.933983
0.7197916666666762,-0.00617256062105298,0.011971221305429935,-0.0071068513207137585,-0.002192277926951647,7.933983
0.7208333333333429,-0.006127253174781799,0.011914395727217197,-0.007091345265507698,-0.002178248716518283,7.933983
0.7218750000000096,-0.006081945262849331,0.011858060956001282,-0.007078180555254221,-0.002163022058084607,7.933983
0.7229166666666763,-0.006036455277353525,0.01180193666368723,-0.007064435631036758,-0.0021499369759112597,7.933983
0.723958333333343,-0.005991118028759956,0.01174573041498661,-0.007050878368318081,-0.002135377610102296,7.933983
0.7250000000000097,-0.005946004297584295,0.011689402163028717,-0.007038040552288294,-0.0021209530532360077,7.933983
0.7260416666666765,-0.005900746677070856,0.011633153073489666,-0.007025048136711121,-0.0021075368858873844,7.933983
0.7270833333333432,-0.005855414550751448,0.01157656591385603,-0.007011640816926956,-0.0020926757715642452,7.933983
0.7281250000000099,-0.00581018440425396,0.01152028888463974,-0.006999011617153883,-0.002076691947877407,7.933983
0.7291666666666766,-0.005764692090451717,0.011463633738458157,-0.006985220592468977,-0.0020616892725229263,7.933983
0.7302083333333433,-0.005719564389437437,0.011407505720853806,-0.006973600946366787,-0.0020461464300751686,7.933983
0.7312500000000101,-0.0056745498441159725,0.011350850574672222,-0.006959824822843075,-0.0020306475926190615,7.933983
0.7322916666666768,-0.005629267077893019,0.011294327676296234,-0.006946405861526728,-0.0020178542472422123,7.933983
0.7333333333333435,-0.0055842469446361065,0.011237923055887222,-0.006933240219950676,-0.002002944238483906,7.933983
0.7343750000000102,-0.005539365578442812,0.011181183159351349,-0.006920274812728167,-0.0019872011616826057,7.933983
0.7354166666666769,-0.005494378507137299,0.011124578304588795,-0.006906414404511452,-0.001972300000488758,7.933983
0.7364583333333437,-0.005449177697300911,0.011068211868405342,-0.006894156336784363,-0.0019562055822461843,7.933983
0.7375000000000104,-0.005404187366366386,0.011011757887899876,-0.006880798377096653,-0.0019403303740546107,7.933983
0.7385416666666771,-0.005359285976737738,0.010955516248941422,-0.006868304219096899,-0.0019245716976001859,7.933983
0.7395833333333438,-0.005314246751368046,0.010899264365434647,-0.006856012158095837,-0.0019128958228975534,7.933983
0.7406250000000105,-0.005269421264529228,0.010841063223779202,-0.006841310299932957,-0.0018977717263624072,7.933983
0.7416666666666772,-0.0052245305851101875,0.010784676298499107,-0.0068278806284070015,-0.001882153912447393,7.933983
0.742708333333344,-0.00517958914861083,0.010728052817285061,-0.006814372260123491,-0.001868915162049234,7.933983
0.7437500000000107,-0.005134690087288618,0.010670047253370285,-0.006800469476729631,-0.0018564116908237338,7.933983
0.7447916666666774,-0.00508955679833889,0.010613099671900272,-0.006786912679672241,-0.0018459364073351026,7.933983
0.7458333333333441,-0.0050443923100829124,0.010555037297308445,-0.006771164480596781,-0.0018317375797778368,7.933983
0.7468750000000108,-0.004999213386327028,0.010499037802219391,-0.00675641605630517,-0.0018172638956457376,7.933983
0.7479166666666776,-0.0049539911560714245,0.010441998019814491,-0.0067414697259664536,-0.0018015109235420823,7.933983
0.7489583333333443,-0.004908773582428694,0.010384571738541126,-0.006727202329784632,-0.0017885405104607344,7.933983
0.750000000000011,-0.004863204434514046,0.010327184572815895,-0.006711374502629042,-0.001776660792529583,7.933983
0.7510416666666777,-0.004817699082195759,0.010269947350025177,-0.006693987175822258,-0.0017625315813347697,7.933983
0.7520833333333444,-0.00477198138833046,0.010212384164333344,-0.006676740478724241,-0.0017505950527265668,7.933983
0.7531250000000111,-0.004726744256913662,0.010155239142477512,-0.0066590579226613045,-0.0017351608257740736,7.933983
0.7541666666666779,-0.004680630750954151,0.01009737141430378,-0.006640521343797445,-0.001719165127724409,7.933983
0.7552083333333446,-0.004634184762835503,0.010039775632321835,-0.006620695814490318,-0.0017059671226888895,7.933983
0.7562500000000113,-0.004589157644659281,0.009982336312532425,-0.006600923836231232,-0.001694976701401174,7.933983
0.757291666666678,-0.004543968942016363,0.009924874641001225,-0.006580883637070656,-0.0016823314363136888,7.933983
0.7583333333333447,-0.0044989860616624355,0.009867425076663494,-0.006560310255736113,-0.001667930744588375,7.933983
0.7593750000000115,-0.00445440411567688,0.009811008349061012,-0.006540094036608934,-0.0016543451929464936,7.933983
0.7604166666666782,-0.004410462453961372,0.009753745049238205,-0.00651931157335639,-0.0016432455740869045,7.933983
0.7614583333333449,-0.0043673207983374596,0.009697362780570984,-0.00649830000475049,-0.0016331591177731752,7.933983
0.7625000000000116,-0.004325069487094879,0.009641949087381363,-0.006477412302047014,-0.0016194485360756516,7.933983
0.7635416666666783,-0.004283987917006016,0.009587442502379417,-0.006457465700805187,-0.0016085952520370483,7.933983
0.764583333333345,-0.004244140349328518,0.00953252799808979,-0.006436588708311319,-0.0015996122965589166,7.933983
0.7656250000000118,-0.004205584526062012,0.009478040970861912,-0.006415317766368389,-0.0015880621504038572,7.933983
0.7666666666666785,-0.004168471321463585,0.009424510411918163,-0.006392966955900192,-0.001578650320880115,7.933983
0.7677083333333452,-0.004132771864533424,0.009371854364871979,-0.006369661074131727,-0.0015674384776502848,7.933983
0.7687500000000119,-0.00409852247685194,0.009320484474301338,-0.006346650421619415,-0.0015582022024318576,7.933983
0.7697916666666786,-0.004065781831741333,0.009269761852920055,-0.006321918684989214,-0.0015503254253417253,7.933983
0.7708333333333454,-0.004034459125250578,0.009219929575920105,-0.006295881699770689,-0.001540584024041891,7.933983
0.7718750000000121,-0.004004621412605047,0.009170705452561378,-0.006267711520195007,-0.001532524242065847,7.933983
0.7729166666666788,-0.003976217471063137,0.009121770039200783,-0.006237481255084276,-0.001523454557172954,7.933983
0.7739583333333455,-0.003949223551899195,0.009073766879737377,-0.0062061091884970665,-0.0015162747586145997,7.933983
0.7750000000000122,-0.003923590295016766,0.009027503430843353,-0.006175306625664234,-0.0015078765572980046,7.933983
0.776041666666679,-0.003899250878021121,0.008982744067907333,-0.006143721751868725,-0.0015014285454526544,7.933983
0.7770833333333457,-0.0038761526811867952,0.008939191699028015,-0.006112789735198021,-0.0014953410718590021,7.933983
0.7781250000000124,-0.0038542402908205986,0.008896633982658386,-0.006081809289753437,-0.0014884906122460961,7.933983
0.7791666666666791,-0.0038334534037858248,0.008855904452502728,-0.0060519506223499775,-0.0014824854442849755,7.933983
0.7802083333333458,-0.0038137270603328943,0.008816516026854515,-0.0060218460857868195,-0.0014732895651832223,7.933983
0.7812500000000125,-0.003795003052800894,0.008778421208262444,-0.005993452854454517,-0.0014653941616415977,7.933983
0.7822916666666793,-0.0037772152572870255,0.008741802535951138,-0.005965900607407093,-0.001458108308725059,7.933983
0.783333333333346,-0.0037603103555738926,0.008705994114279747,-0.0059390501119196415,-0.0014506495790556073,7.933983
0.7843750000000127,-0.003744227811694145,0.008671717718243599,-0.005913378205150366,-0.0014428835129365325,7.933983
0.7854166666666794,-0.003728915238752961,0.008638719096779823,-0.005888981744647026,-0.0014354665763676167,7.933983
0.7864583333333461,-0.003714319784194231,0.008606910705566406,-0.0058655207976698875,-0.0014281582552939653,7.933983
0.7875000000000129,-0.0037003757897764444,0.008576299995183945,-0.005843022372573614,-0.001421656459569931,7.933983
0.7885416666666796,-0.0036870480980724096,0.008546750992536545,-0.005820927210152149,-0.0014166600303724408,7.933983
0.7895833333333463,-0.0036742810625582933,0.008517983369529247,-0.005798025522381067,-0.00140943203587085,7.933983
0.790625000000013,-0.0036620430182665586,0.008490251377224922,-0.005775657016783953,-0.0014031255850568414,7.933983
0.7916666666666797,-0.003650280414149165,0.008463519625365734,-0.005753367207944393,-0.0013986702542752028,7.933983
0.7927083333333464,-0.00363895483314991,0.008437665179371834,-0.00573198264464736,-0.0013924750965088606,7.933983
0.7937500000000132,-0.0036280248314142227,0.008412678726017475,-0.005710710771381855,-0.0013877272140234709,7.933983
0.7947916666666799,-0.003617457114160061,0.00838854257017374,-0.0056913550943136215,-0.0013844326604157686,7.933983
0.7958333333333466,-0.0036072167567908764,0.008365362882614136,-0.00567252840846777,-0.0013803736073896289,7.933983
0.7968750000000133,-0.003597274189814925,0.008342740125954151,-0.005653958301991224,-0.0013773594982922077,7.933983
0.79791666666668,-0.0035943177063018084,0.008333460427820683,-0.005648523103445768,-0.0013754499377682805,7.933983
0.7989583333333468,-0.003591457847505808,0.008324532769620419,-0.005645047407597303,-0.0013732287334278226,7.933983
0.8000000000000135,-0.0035885944962501526,0.008315416984260082,-0.005641914904117584,-0.0013709762133657932,7.933983
0.8010416666666802,-0.0035856871400028467,0.008306415751576424,-0.005638374947011471,-0.0013678703689947724,7.933983
0.8020833333333469,-0.0035827497486025095,0.008297596126794815,-0.005635329522192478,-0.0013654740760102868,7.933983
0.8031250000000136,-0.0035798028111457825,0.008288794197142124,-0.005631145089864731,-0.001365261385217309,7.933983
0.8041666666666804,-0.003576824674382806,0.00828007236123085,-0.0056269122287631035,-0.0013627022271975875,7.933983
0.8052083333333471,-0.003573815105482936,0.008271284401416779,-0.0056222351267933846,-0.0013600258389487863,7.933983
0.8062500000000138,-0.0035707871429622173,0.008262759074568748,-0.005618959199637175,-0.001358549576252699,7.933983
0.8072916666666805,-0.0035677209962159395,0.008254420943558216,-0.005615221336483955,-0.0013576317578554153,7.933983
0.8083333333333472,-0.0035646180622279644,0.00824587419629097,-0.005611850880086422,-0.001354239066131413,7.933983
0.8093750000000139,-0.0035615027882158756,0.008237019181251526,-0.005608035251498222,-0.0013517045881599188,7.933983
0.8104166666666807,-0.0035583581775426865,0.00822823029011488,-0.005603972356766462,-0.0013521222863346338,7.933983
0.8114583333333474,-0.003555180272087455,0.008219543844461441,-0.005599932745099068,-0.001348902122117579,7.933983
0.8125000000000141,-0.0035519751254469156,0.008210830390453339,-0.005595171358436346,-0.0013458500616252422,7.933983
0.8135416666666808,-0.003548727836459875,0.008202511817216873,-0.005590411368757486,-0.0013453102437779307,7.933983
0.8145833333333475,-0.0035454302560538054,0.008193968795239925,-0.005586382932960987,-0.0013440203620120883,7.933983
0.8156250000000143,-0.0035421184729784727,0.008185711689293385,-0.005581438075751066,-0.0013416126603260636,7.933983
0.816666666666681,-0.0035387438256293535,0.008177566342055798,-0.005577223841100931,-0.0013388112420216203,7.933983
0.8177083333333477,-0.0035353433340787888,0.00817151926457882,-0.0055740694515407085,-0.0013392290566116571,7.933983
0.8187500000000144,-0.0035318939480930567,0.00816513691097498,-0.005570486653596163,-0.001336864777840674,7.933983
0.8197916666666811,-0.003528422908857465,0.008158712647855282,-0.005566120613366365,-0.0013334184186533093,7.933983
0.8208333333333478,-0.003524920903146267,0.00815222505480051,-0.005561430472880602,-0.0013303437735885382,7.933983
0.8218750000000146,-0.0035213821101933718,0.00814579427242279,-0.0055565969087183475,-0.001330184401012957,7.933983
0.8229166666666813,-0.0035178076941519976,0.008139415644109249,-0.005550321191549301,-0.0013284592423588037,7.933983
0.823958333333348,-0.0035141834523528814,0.008133277297019958,-0.005544121377170086,-0.0013262693537399173,7.933983
0.8250000000000147,-0.0035105322021991014,0.008127494715154171,-0.005540918558835983,-0.0013231743359938264,7.933983
0.8260416666666814,-0.00350685091689229,0.008121092803776264,-0.005536550190299749,-0.0013229098403826356,7.933983
0.8270833333333482,-0.003503101412206888,0.008114567957818508,-0.005532006733119488,-0.00132138398475945,7.933983
0.8281250000000149,-0.0034993384033441544,0.008108149282634258,-0.00552703021094203,-0.0013183816336095333,7.933983
0.8291666666666816,-0.003495528595522046,0.008101803250610828,-0.005520862992852926,-0.0013150759041309357,7.933983
0.8302083333333483,-0.0034917036537081003,0.00809540506452322,-0.005514378659427166,-0.0013140394585207105,7.933983
0.831250000000015,-0.0034878260921686888,0.008089248090982437,-0.005508769769221544,-0.0013136232737451792,7.933983
0.8322916666666818,-0.0034838898573070765,0.008083216845989227,-0.00550451222807169,-0.001312418607994914,7.933983
0.8333333333333485,-0.0034799177665263414,0.008077026344835758,-0.005499192979186773,-0.001310226391069591,7.933983
0.8343750000000152,-0.0034758748952299356,0.008070554584264755,-0.005493000615388155,-0.001306840917095542,7.933983
0.8354166666666819,-0.00347183202393353,0.008064082823693752,-0.005485198926180601,-0.001304773846641183,7.933983
0.8364583333333486,-0.0034677707590162754,0.008057603612542152,-0.005477406550198793,-0.0013035081792622805,7.933983
0.8375000000000153,-0.0034636466298252344,0.008051315322518349,-0.00547064607962966,-0.0013025276130065322,7.933983
0.8385416666666821,-0.003459473140537739,0.00804498977959156,-0.005465236026793718,-0.0013022181810811162,7.933983
0.8395833333333488,-0.0034552752040326595,0.00803854875266552,-0.005458693951368332,-0.0012996169971302152,7.933983
0.8406250000000155,-0.0034510353580117226,0.008031990379095078,-0.005451622884720564,-0.0012962657492607832,7.933983
0.8416666666666822,-0.003446772927418351,0.00802596379071474,-0.005446398630738258,-0.0012938996078446507,7.933983
0.8427083333333489,-0.0034424341283738613,0.008019685745239258,-0.005439380649477243,-0.0012918045977130532,7.933983
0.8437500000000157,-0.0034380503930151463,0.008013663813471794,-0.005434044636785984,-0.00128935428801924,7.933983
0.8447916666666824,-0.0034336165990680456,0.008007346652448177,-0.005428613163530827,-0.001287387334741652,7.933983
0.8458333333333491,-0.003429139731451869,0.00800101924687624,-0.005423742812126875,-0.0012852463405579329,7.933983
0.8468750000000158,-0.0034246155992150307,0.007994521409273148,-0.005417198874056339,-0.0012836946407333016,7.933983
0.8479166666666825,-0.0034200462978333235,0.0079879155382514,-0.005409278906881809,-0.001282316748984158,7.933983
0.8489583333333492,-0.003415449755266309,0.007981355302035809,-0.005402072798460722,-0.0012823640136048198,7.933983
0.850000000000016,-0.0034107877872884274,0.007974861189723015,-0.0053967321291565895,-0.0012816310627385974,7.933983
0.8510416666666827,-0.0034061032347381115,0.00796824973076582,-0.005389980506151915,-0.0012817403767257929,7.933983
0.8520833333333494,-0.0034013676922768354,0.007961556315422058,-0.005381976719945669,-0.001281282282434404,7.933983
0.8531250000000161,-0.003396605374291539,0.007954773493111134,-0.005372440442442894,-0.0012806719169020653,7.933983
0.8541666666666828,-0.002622956642881036,0.009443394839763641,-0.0033641266636550426,-0.018357517197728157,7.933983
0.8552083333333496,-0.001768682966940105,0.011290356516838074,0.002162538468837738,-0.02498786337673664,7.933983
0.8562500000000163,-0.0009141895570792258,0.012658090330660343,0.007984326221048832,-0.027911389246582985,7.933983
0.857291666666683,-6.519056478282437e-05,0.013634728267788887,0.013196649961173534,-0.029342016205191612,7.933983
0.8583333333333497,0.0007651816122233868,0.014333441853523254,0.01759255677461624,-0.030139843001961708,7.933983
0.8593750000000164,0.001565273734740913,0.01480904221534729,0.021259399130940437,-0.030618147924542427,7.933983
0.8604166666666831,0.00233126780949533,0.015189307741820812,0.024318624287843704,-0.03090260550379753,7.933983
0.8614583333333499,0.003060663351789117,0.015519433654844761,0.026889994740486145,-0.03105742670595646,7.933983
0.8625000000000166,0.0037513752467930317,0.01581382192671299,0.029056096449494362,-0.031122498214244843,7.933983
0.8635416666666833,0.004402517806738615,0.01608731783926487,0.030908647924661636,-0.031115267425775528,7.933983
0.86458333333335,0.005011221393942833,0.016320548951625824,0.03245127946138382,-0.03107861615717411,7.933983
0.8656250000000167,0.00557745061814785,0.01653321459889412,0.03374452143907547,-0.031009787693619728,7.933983
0.8666666666666835,0.0061013964004814625,0.01672445237636566,0.03490602970123291,-0.030925264582037926,7.933983
0.8677083333333502,0.0065848310478031635,0.016877518966794014,0.03616655245423317,-0.030853692442178726,7.933983
0.8687500000000169,0.0070244125090539455,0.016994981095194817,0.03726450353860855,-0.03074648417532444,7.933983
0.8697916666666836,0.0074197109788656235,0.017080988734960556,0.03821341693401337,-0.030606376007199287,7.933983
0.8708333333333503,0.007643388118594885,0.01707363687455654,0.038969170302152634,-0.03042939491569996,7.933983
0.871875000000017,0.007688081823289394,0.016909388825297356,0.0395636223256588,-0.03010503388941288,7.933983
0.8729166666666838,0.007676616311073303,0.01668071374297142,0.04010304808616638,-0.029620300978422165,7.933983
0.8739583333333505,0.007644327357411385,0.01638798601925373,0.04056191444396973,-0.029046716168522835,7.933983
0.8750000000000172,0.007585439365357161,0.016045622527599335,0.0409310907125473,-0.02840433269739151,7.933983
0.8760416666666839,0.007498656399548054,0.01566404663026333,0.04121825098991394,-0.027713283896446228,7.933983
0.8770833333333506,0.0073836566880345345,0.015248546376824379,0.04142409935593605,-0.026978131383657455,7.933983
0.8781250000000174,0.007241004146635532,0.014800557866692543,0.041555389761924744,-0.02620549313724041,7.933983
0.8791666666666841,0.007071324158459902,0.014321213588118553,0.041618894785642624,-0.025393448770046234,7.933983
0.8802083333333508,0.0068755256943404675,0.01381299551576376,0.041611239314079285,-0.024544430896639824,7.933983
0.8812500000000175,0.006654609460383654,0.01327476929873228,0.04154094308614731,-0.023659884929656982,7.933983
0.8822916666666842,0.006409528665244579,0.012708225287497044,0.04140668362379074,-0.022740917280316353,7.933983
0.883333333333351,0.006141249090433121,0.012114854529500008,0.04120732098817825,-0.021788395941257477,7.933983
0.8843750000000177,0.005850814748555422,0.011493729427456856,0.04094460979104042,-0.020801864564418793,7.933983
0.8854166666666844,0.005539335310459137,0.010850338265299797,0.040618423372507095,-0.01978299953043461,7.933983
0.8864583333333511,0.00520792230963707,0.010179674252867699,0.040229231119155884,-0.01873208023607731,7.933983
0.8875000000000178,0.004857857711613178,0.009484697133302689,0.03977838158607483,-0.017651965841650963,7.933983
0.8885416666666845,0.004490263760089874,0.008760826662182808,0.039266228675842285,-0.01653839834034443,7.933983
0.8895833333333513,0.004106379114091396,0.008009190671145916,0.038699790835380554,-0.015398466028273106,7.933983
0.890625000000018,0.0037072785198688507,0.007224039174616337,0.03806869313120842,-0.014228126034140587,7.933983
0.8916666666666847,0.00330687896348536,0.006486146245151758,0.03722519427537918,-0.013065693899989128,7.933983
0.8927083333333514,0.0029247868806123734,0.005830957554280758,0.03600749373435974,-0.011955714784562588,7.933983
0.8937500000000181,0.0025767360348254442,0.0052943904884159565,0.03444920480251312,-0.010915625840425491,7.933983
0.8947916666666849,0.0022783055901527405,0.004804825410246849,0.03265126794576645,-0.00997970998287201,7.933983
0.8958333333333516,0.002028199378401041,0.004403295461088419,0.030834628269076347,-0.009128030389547348,7.933983
0.8968750000000183,0.001820387551560998,0.004014668520539999,0.02910497970879078,-0.008360945619642735,7.933983
0.897916666666685,0.0016469457186758518,0.0037223247345536947,0.027512839064002037,-0.0076773385517299175,7.933983
0.8989583333333517,0.0015089622465893626,0.003490802366286516,0.026092829182744026,-0.007081714458763599,7.933983
0.9000000000000185,0.0014024649281054735,0.0033369066659361124,0.024858159944415092,-0.006569873541593552,7.933983
