Time,Pistoning (suspension_slide),Angle_X,Angle_Y,Angle_Z,Mean_Wall_Time_Sec
0.0005208333333333333,2.4325490812771022e-05,0.00016173397307284176,-1.54050042056042e-06,-3.740028842003085e-05,14.423173
0.0010416666666666667,2.8578841011039913e-05,0.00023063454136718065,4.356232238933444e-06,-5.2135001169517636e-05,14.423173
0.0015625,3.168547846144065e-05,0.0002882498665712774,1.4546729289577343e-05,-6.317703082459047e-05,14.423173
0.0020833333333333333,3.473700053291395e-05,0.0003463660541456193,2.4246379325632006e-05,-7.384835771517828e-05,14.423173
0.0026041666666666665,3.771141928154975e-05,0.0004040315398015082,3.319593452033587e-05,-8.452294423477724e-05,14.423173
0.0031249999999999997,4.06135332013946e-05,0.0004613359342329204,4.2182458855677396e-05,-9.497137216385454e-05,14.423173
0.003645833333333333,4.34374414908234e-05,0.0005187516217119992,5.0998511142097414e-05,-0.00010566939454292879,14.423173
0.004166666666666667,4.617999729816802e-05,0.0005739547195844352,5.9950543800368905e-05,-0.00011567561887204647,14.423173
0.0046875,4.8848960432223976e-05,0.0006202211370691657,6.723726255586371e-05,-0.00012426759349182248,14.423173
0.005208333333333333,5.145615796209313e-05,0.000666191685013473,7.454733713530004e-05,-0.0001331540261162445,14.423173
0.005729166666666666,5.400599548011087e-05,0.0007120102527551353,8.165019971784204e-05,-0.0001417356834281236,14.423173
0.0062499999999999995,5.648474325425923e-05,0.0007578355143778026,9.036056144395843e-05,-0.00015054891991894692,14.423173
0.006770833333333333,5.890222382731736e-05,0.0008035428472794592,9.929070802172646e-05,-0.00015965777856763452,14.423173
0.007291666666666666,6.125721120042726e-05,0.0008493462228216231,0.00010899644257733598,-0.00016951598809100688,14.423173
0.007812499999999999,6.354888319037855e-05,0.0008943884167820215,0.00011732329585356638,-0.0001779035374056548,14.423173
0.008333333333333333,6.578287138836458e-05,0.0009399687987752259,0.00012567864905577153,-0.00018701067892834544,14.423173
0.008854166666666666,6.796323577873409e-05,0.0009848613990470767,0.0001345398195553571,-0.00019586965208873153,14.423173
0.009375,7.008718239376321e-05,0.0010270271450281143,0.00014253852714318782,-0.00020439477520994842,14.423173
0.009895833333333333,7.214789366116747e-05,0.0010618680389598012,0.00014923176786396652,-0.00021115764684509486,14.423173
0.010416666666666666,7.416899461532012e-05,0.001096254913136363,0.00015536525461357087,-0.00021763707627542317,14.423173
0.0109375,7.61351766414009e-05,0.0011305550578981638,0.00016141141531988978,-0.00022402235481422395,14.423173
0.011458333333333333,7.806303619872779e-05,0.0011644483311101794,0.0001682033616816625,-0.00023130004410631955,14.423173
0.011979166666666666,7.992507744347677e-05,0.0011987227480858564,0.00017388658307027072,-0.00023823551600798965,14.423173
0.012499999999999999,8.173886453732848e-05,0.0012330235913395882,0.00017930290778167546,-0.0002445305581204593,14.423173
0.013020833333333332,8.351129508810118e-05,0.0012675062753260136,0.00018499318684916943,-0.00025129917776212096,14.423173
0.013541666666666665,8.523319411324337e-05,0.0013011242263019085,0.00019041811174247414,-0.0002578142157290131,14.423173
0.014062499999999999,8.691430412000045e-05,0.0013350745430216193,0.00019617151701822877,-0.000264515052549541,14.423173
0.014583333333333332,8.792350854491815e-05,0.0013687318423762918,0.00019951887952629477,-0.00027273912564851344,14.423173
0.015104166666666665,8.889087621355429e-05,0.001398873864673078,0.000201925533474423,-0.0002799609792418778,14.423173
0.015624999999999998,8.98414509720169e-05,0.001423835870809853,0.0002038844977505505,-0.000286024616798386,14.423173
0.01614583333333333,9.07452340470627e-05,0.001447345712222159,0.00020524347200989723,-0.0002912772761192173,14.423173
0.016666666666666666,9.163926733890548e-05,0.0014711031690239906,0.00020778451289515942,-0.0002973494993057102,14.423173
0.0171875,9.251791925635189e-05,0.001494286465458572,0.00020899239461869001,-0.0003027177881449461,14.423173
0.017708333333333336,9.338050585938618e-05,0.0015175326261669397,0.00021076644770801067,-0.00030803363188169897,14.423173
0.01822916666666667,9.423126903129742e-05,0.0015408062608912587,0.00021220912458375096,-0.00031352293444797397,14.423173
0.018750000000000006,9.50665635173209e-05,0.0015637612668797374,0.00021440179261844605,-0.00031934111029841006,14.423173
0.01927083333333334,9.588200191501528e-05,0.0015871238429099321,0.00021554871636908501,-0.00032491417368873954,14.423173
0.019791666666666676,9.668734128354117e-05,0.0016109066782519221,0.00021780245879199356,-0.0003307454753667116,14.423173
0.02031250000000001,9.747357398737222e-05,0.0016342161688953638,0.00021974749688524753,-0.00033633591374382377,14.423173
0.020833333333333346,9.82458223006688e-05,0.0016573133179917932,0.00022132218873593956,-0.0003419386630412191,14.423173
0.02135416666666668,9.900648728944361e-05,0.0016802370082587004,0.00022320757852867246,-0.00034809773205779493,14.423173
0.021875000000000016,9.974627027986571e-05,0.0017035531345754862,0.00022539975179824978,-0.0003544233913999051,14.423173
0.02239583333333335,0.00010047468822449446,0.0017263819463551044,0.00022678414825350046,-0.00036007401649840176,14.423173
0.022916666666666686,0.00010118748468812555,0.001749367918819189,0.00022882860503159463,-0.0003664474352262914,14.423173
0.02343750000000002,0.00010188175656367093,0.0017721401527523994,0.00023075309582054615,-0.00037182579399086535,14.423173
0.023958333333333356,0.0001025585297611542,0.001794676878489554,0.00023272991529665887,-0.0003779589897021651,14.423173
0.02447916666666669,0.00010322687012376264,0.0018175295554101467,0.0002343820087844506,-0.00038290544762276113,14.423173
0.025000000000000026,0.00010387560178060085,0.0018383223796263337,0.0002355625620111823,-0.00038821317139081657,14.423173
0.02552083333333336,0.00010450771515024826,0.0018563868943601847,0.00023697530559729785,-0.00039190443931147456,14.423173
0.026041666666666696,0.00010513145389268175,0.0018712786259129643,0.0002380137302679941,-0.000395748793380335,14.423173
0.02656250000000003,0.00010574809130048379,0.001883044489659369,0.0002385342522757128,-0.0003978730528615415,14.423173
0.027083333333333365,0.0001063558884197846,0.0018944708863273263,0.00024042204313445836,-0.00040119182085618377,14.423173
0.0276041666666667,0.0001069513164111413,0.0019061858765780926,0.00024120595480781049,-0.0004044063971377909,14.423173
0.028125000000000035,0.00010754318645922467,0.0019180483650416136,0.0002421657118247822,-0.00040724093560129404,14.423173
0.02864583333333337,0.00010812415712280199,0.0019293503137305379,0.00024307231069542468,-0.0004102784732822329,14.423173
0.029166666666666705,0.00010869847756111994,0.0019413260743021965,0.00024346231657546014,-0.00041308070649392903,14.423173
0.02968750000000004,0.00010926073446171358,0.001953489612787962,0.0002451792825013399,-0.0004160260141361505,14.423173
0.030208333333333375,0.00010981741797877476,0.0019652931950986385,0.0002459950919728726,-0.00041891945875249803,14.423173
0.03072916666666671,0.00011036435898859054,0.0019768865313380957,0.0002467462036293,-0.00042166211642324924,14.423173
0.03125000000000004,0.00011089031613664702,0.001988952048122883,0.00024732292513363063,-0.00042397441575303674,14.423173
0.03177083333333337,0.00011142034054500982,0.0020007542334496975,0.00024789749295450747,-0.0004269207420293242,14.423173
0.032291666666666705,0.00011194315447937697,0.0020127680618315935,0.00024918877170421183,-0.00043021058081649244,14.423173
0.032812500000000036,0.00011244954657740891,0.0020248140208423138,0.00025062967324629426,-0.00043364535667933524,14.423173
0.03333333333333337,0.00011296070442767814,0.0020368839614093304,0.00025117170298472047,-0.00043660239316523075,14.423173
0.0338541666666667,0.00011346348765073344,0.0020479760132730007,0.00025234627537429333,-0.00043962986092083156,14.423173
0.03437500000000003,0.00011394170724088326,0.002060081111267209,0.00025390219525434077,-0.0004426681261975318,14.423173
0.03489583333333336,0.00011443471885286272,0.0020723941270262003,0.0002549785131122917,-0.00044613421778194606,14.423173
0.035416666666666693,0.00011490529868751764,0.0020839888602495193,0.00025600066874176264,-0.00044908473500981927,14.423173
0.035937500000000025,0.0001153715857071802,0.002095523988828063,0.00025673917843960226,-0.00045176607090979815,14.423173
0.036458333333333356,0.00011583170271478593,0.0021070055663585663,0.0002579679130576551,-0.0004549856239464134,14.423173
0.03697916666666669,0.0001162740372819826,0.0021193702705204487,0.00025875039864331484,-0.0004578889056574553,14.423173
0.03750000000000002,0.00011671313404804096,0.0021314152982085943,0.0002600423467811197,-0.00046088913222774863,14.423173
0.03802083333333335,0.00011714205902535468,0.002143514808267355,0.00026094471104443073,-0.00046396939433179796,14.423173
0.03854166666666668,0.00011757116590160877,0.0021557651925832033,0.00026217702543362975,-0.00046679156366735697,14.423173
0.039062500000000014,0.0001179904502350837,0.002167691942304373,0.00026367325335741043,-0.00047002339852042496,14.423173
0.039583333333333345,0.00011839356739073992,0.00217913999222219,0.00026485518901608884,-0.0004730375367216766,14.423173
0.04010416666666668,0.00011879484372911975,0.002191119594499469,0.0002657007717061788,-0.00047572728362865746,14.423173
0.04062500000000001,0.00011918118980247527,0.002203430514782667,0.0002669005480129272,-0.00047876295866444707,14.423173
0.04114583333333334,0.00011956536764046177,0.0022155314218252897,0.0002678334421943873,-0.000481632276205346,14.423173
0.04166666666666667,0.00011993702355539426,0.002227034652605653,0.00026879869983531535,-0.00048411503667011857,14.423173
0.0421875,0.00012030428479192778,0.002238711342215538,0.00026946968864649534,-0.00048603632603771985,14.423173
0.042708333333333334,0.00012066536146448925,0.0022503419313579798,0.0002705268852878362,-0.000489378347992897,14.423173
0.043229166666666666,0.00012101518223062158,0.002262021182104945,0.00027127732755616307,-0.0004923584056086838,14.423173
0.04375,0.00012135589349782094,0.002273048972710967,0.0002720000338740647,-0.0004949524300172925,14.423173
0.04427083333333333,0.00012168679677415639,0.002283988054841757,0.00027313566533848643,-0.0004977987264283001,14.423173
0.04479166666666666,0.0001220112681039609,0.002293573459610343,0.00027397312805987895,-0.000500211026519537,14.423173
0.04531249999999999,0.00012232920562382787,0.0023014277685433626,0.00027515023248270154,-0.0005025480641052127,14.423173
0.04583333333333332,0.0001226406602654606,0.00230736774392426,0.00027619212050922215,-0.000504146795719862,14.423173
0.046354166666666655,0.00012294980115257204,0.0023120727855712175,0.0002766201214399189,-0.000505418109241873,14.423173
0.046874999999999986,0.00012325563875492662,0.0023144397418946028,0.0002770921855699271,-0.0005060301045887172,14.423173
0.04739583333333332,0.00012355850776657462,0.002314441604539752,0.0002771809231489897,-0.0005060922121629119,14.423173
0.04791666666666665,0.00012386080925352871,0.002314441604539752,0.0002771809231489897,-0.0005060922121629119,14.423173
0.04843749999999998,0.00012416158278938383,0.002314441604539752,0.0002771809231489897,-0.0005060922121629119,14.423173
0.04895833333333331,0.00012446277833078057,0.002314441604539752,0.0002771809231489897,-0.0005060922121629119,14.423173
0.049479166666666644,0.00012476324627641588,0.002314441604539752,0.0002771809231489897,-0.0005060922121629119,14.423173
0.049999999999999975,0.00012506292841862887,0.002314441604539752,0.0002771809231489897,-0.0005060922121629119,14.423173
0.050520833333333307,0.00012536250869743526,0.002314441604539752,0.0002771809231489897,-0.0005060922121629119,14.423173
0.05104166666666664,0.00012565951328724623,0.002314441604539752,0.0002771809231489897,-0.0005060922121629119,14.423173
0.05156249999999997,0.0001259567216038704,0.002314441604539752,0.0002771809231489897,-0.0005060922121629119,14.423173
0.0520833333333333,0.00012625448289327323,0.002314441604539752,0.0002771809231489897,-0.0005060922121629119,14.423173
0.05260416666666663,0.0001265528262592852,0.002314441604539752,0.0002771809231489897,-0.0005060922121629119,14.423173
0.053124999999999964,0.00012684977264143527,0.002314441604539752,0.0002771809231489897,-0.0005060922121629119,14.423173
0.053645833333333295,0.0001271478831768036,0.002314441604539752,0.0002771809231489897,-0.0005060922121629119,14.423173
0.05416666666666663,0.00012744389823637903,0.002314441604539752,0.0002771809231489897,-0.0005060922121629119,14.423173
0.05468749999999996,0.00012773969501722604,0.002314441604539752,0.0002771809231489897,-0.0005060922121629119,14.423173
0.05520833333333329,0.00012803549179807305,0.002314441604539752,0.0002771809231489897,-0.0005060922121629119,14.423173
0.05572916666666662,0.00012833149230573326,0.002314441604539752,0.0002771809231489897,-0.0005060922121629119,14.423173
0.05624999999999995,0.00012862733274232596,0.002314441604539752,0.0002771809231489897,-0.0005060922121629119,14.423173
0.056770833333333284,0.00012892053928226233,0.002314441604539752,0.0002771809231489897,-0.0005060922121629119,14.423173
0.057291666666666616,0.00012921453162562102,0.002314441604539752,0.0002771809231489897,-0.0005060922121629119,14.423173
0.05781249999999995,0.0001295080001000315,0.002314441604539752,0.0002771809231489897,-0.0005060922121629119,14.423173
0.05833333333333328,0.00012980139581486583,0.002314441604539752,0.0002771809231489897,-0.0005060922121629119,14.423173
0.05885416666666661,0.00013009448593948036,0.002314441604539752,0.0002771809231489897,-0.0005060922121629119,14.423173
0.05937499999999994,0.000130387517856434,0.002314441604539752,0.0002771809231489897,-0.0005060922121629119,14.423173
0.05989583333333327,0.00013067990948911756,0.002314441604539752,0.0002771809231489897,-0.0005060922121629119,14.423173
0.060416666666666605,0.0001309721264988184,0.002314441604539752,0.0002771809231489897,-0.0005060922121629119,14.423173
0.060937499999999936,0.00013126367412041873,0.002314441604539752,0.0002771809231489897,-0.0005060922121629119,14.423173
0.06145833333333327,0.00013155484339222312,0.002314441604539752,0.0002771809231489897,-0.0005060922121629119,14.423173
0.0619791666666666,0.00013184614363126457,0.002314441604539752,0.0002771809231489897,-0.0005060922121629119,14.423173
0.06249999999999993,0.00013213633792474866,0.002314441604539752,0.0002771809231489897,-0.0005060922121629119,14.423173
0.06302083333333326,0.00013242587738204747,0.002314441604539752,0.0002771809231489897,-0.0005060922121629119,14.423173
0.0635416666666666,0.0001327154750470072,0.002314441604539752,0.0002771809231489897,-0.0005060922121629119,14.423173
0.06406249999999993,0.000133005203679204,0.002314441604539752,0.0002771809231489897,-0.0005060922121629119,14.423173
0.06458333333333326,0.00013329416105989367,0.002314441604539752,0.0002771809231489897,-0.0005060922121629119,14.423173
0.06510416666666659,0.00013358218711800873,0.002314441604539752,0.0002771809231489897,-0.0005060922121629119,14.423173
0.06562499999999992,0.00013386977661866695,0.002314441604539752,0.0002771809231489897,-0.0005060922121629119,14.423173
0.06614583333333325,0.00013415681314654648,0.002314441604539752,0.0002771809231489897,-0.0005060922121629119,14.423173
0.06666666666666658,0.0001344445045106113,0.002314441604539752,0.0002771809231489897,-0.0005060922121629119,14.423173
0.06718749999999991,0.0001347312208963558,0.002314441604539752,0.0002771809231489897,-0.0005060922121629119,14.423173
0.06770833333333325,0.0001350179227301851,0.002314441604539752,0.0002771809231489897,-0.0005060922121629119,14.423173
0.06822916666666658,0.00013530321302823722,0.002314441604539752,0.0002771809231489897,-0.0005060922121629119,14.423173
0.06874999999999991,0.00013558936188928783,0.002314441604539752,0.0002771809231489897,-0.0005060922121629119,14.423173
0.06927083333333324,0.00013587447756435722,0.002314441604539752,0.0002771809231489897,-0.0005060922121629119,14.423173
0.06979166666666657,0.00013616053911391646,0.002314441604539752,0.0002771809231489897,-0.0005060922121629119,14.423173
0.0703124999999999,0.00013644587306771427,0.002314441604539752,0.0002771809231489897,-0.0005060922121629119,14.423173
0.07083333333333323,0.00013672991190105677,0.002314441604539752,0.0002771809231489897,-0.0005060922121629119,14.423173
0.07135416666666657,0.00013701411080546677,0.002314441604539752,0.0002771809231489897,-0.0005060922121629119,14.423173
0.0718749999999999,0.000137296476168558,0.002314441604539752,0.0002771809231489897,-0.0005060922121629119,14.423173
0.07239583333333323,0.00013757978740613908,0.002314441604539752,0.0002771809231489897,-0.0005060922121629119,14.423173
0.07291666666666656,0.00013786273484583944,0.002314441604539752,0.0002771809231489897,-0.0005060922121629119,14.423173
0.07343749999999989,0.0001381461916025728,0.002314441604539752,0.0002771809231489897,-0.0005060922121629119,14.423173
0.07395833333333322,0.00013842846965417266,0.002314441604539752,0.0002771809231489897,-0.0005060922121629119,14.423173
0.07447916666666655,0.00013870933616999537,0.002314441604539752,0.0002771809231489897,-0.0005060922121629119,14.423173
0.07499999999999989,0.00013899033365305513,0.002314441604539752,0.0002771809231489897,-0.0005060922121629119,14.423173
0.07552083333333322,0.00013927047257311642,0.002314441604539752,0.0002771809231489897,-0.0005060922121629119,14.423173
0.07604166666666655,0.00013954997120890766,0.002314441604539752,0.0002771809231489897,-0.0005060922121629119,14.423173
0.07656249999999988,0.0001398302847519517,0.002314441604539752,0.0002771809231489897,-0.0005060922121629119,14.423173
0.07708333333333321,0.00014011010352987796,0.002314441604539752,0.0002771809231489897,-0.0005060922121629119,14.423173
0.07760416666666654,0.00014038971858099103,0.002314441604539752,0.0002771809231489897,-0.0005060922121629119,14.423173
0.07812499999999988,0.00014066889707464725,0.002314441604539752,0.0002771809231489897,-0.0005060922121629119,14.423173
0.0786458333333332,0.00014094776997808367,0.002314441604539752,0.0002771809231489897,-0.0005060922121629119,14.423173
0.07916666666666654,0.00014122590073384345,0.002314441604539752,0.0002771809231489897,-0.0005060922121629119,14.423173
0.07968749999999987,0.0001415034057572484,0.002314441604539752,0.0002771809231489897,-0.0005060922121629119,14.423173
0.0802083333333332,0.00014178126002661884,0.002314441604539752,0.0002771809231489897,-0.0005060922121629119,14.423173
0.08072916666666653,0.00014205888146534562,0.002314441604539752,0.0002771809231489897,-0.0005060922121629119,14.423173
0.08124999999999986,0.00014233615365810692,0.002314441604539752,0.0002771809231489897,-0.0005060922121629119,14.423173
0.0817708333333332,0.00014261293108575046,0.002314441604539752,0.0002771809231489897,-0.0005060922121629119,14.423173
0.08229166666666653,0.00014288917009253055,0.002314441604539752,0.0002771809231489897,-0.0005060922121629119,14.423173
0.08281249999999986,0.00014316398301161826,0.002314441604539752,0.0002771809231489897,-0.0005060922121629119,14.423173
0.08333333333333319,0.000143439436214976,0.002314441604539752,0.0002771809231489897,-0.0005060922121629119,14.423173
0.08385416666666652,0.0001437137252651155,0.002314441604539752,0.0002771809231489897,-0.0005060922121629119,14.423173
0.08437499999999985,0.00014398957137018442,0.002314441604539752,0.0002771809231489897,-0.0005060922121629119,14.423173
0.08489583333333318,0.0001442645734641701,0.002314441604539752,0.0002771809231489897,-0.0005060922121629119,14.423173
0.08541666666666652,0.00014453878975473344,0.002314441604539752,0.0002771809231489897,-0.0005060922121629119,14.423173
0.08593749999999985,0.00014481104153674096,0.002314441604539752,0.0002771809231489897,-0.0005060922121629119,14.423173
0.08645833333333318,0.00014508349704556167,0.002314441604539752,0.0002771809231489897,-0.0005060922121629119,14.423173
0.08697916666666651,0.0001453582663089037,0.002314441604539752,0.0002771809231489897,-0.0005060922121629119,14.423173
0.08749999999999984,0.000145630314364098,0.002314441604539752,0.0002771809231489897,-0.0005060922121629119,14.423173
0.08802083333333317,0.00014590231876354665,0.002314441604539752,0.0002771809231489897,-0.0005060922121629119,14.423173
0.0885416666666665,0.00014617339184042066,0.002314441604539752,0.0002771809231489897,-0.0005060922121629119,14.423173
0.08906249999999984,0.00014644589100498706,0.002314441604539752,0.0002771809231489897,-0.0005060922121629119,14.423173
0.08958333333333317,0.00014671710960101336,0.002314441604539752,0.0002771809231489897,-0.0005060922121629119,14.423173
0.0901041666666665,0.0001469875714974478,0.002314441604539752,0.0002771809231489897,-0.0005060922121629119,14.423173
0.09062499999999983,0.0001472580770496279,0.002314441604539752,0.0002771809231489897,-0.0005060922121629119,14.423173
0.09114583333333316,0.0001475277094868943,0.002314441604539752,0.0002771809231489897,-0.0005060922121629119,14.423173
0.0916666666666665,0.00014779847697354853,0.002314441604539752,0.0002771809231489897,-0.0005060922121629119,14.423173
0.09218749999999983,0.00014806835679337382,0.002314441604539752,0.0002771809231489897,-0.0005060922121629119,14.423173
0.09270833333333316,0.00014833742170594633,0.002314441604539752,0.0002771809231489897,-0.0005060922121629119,14.423173
0.09322916666666649,0.0001486059045419097,0.002314441604539752,0.0002771809231489897,-0.0005060922121629119,14.423173
0.09374999999999982,0.00014887387806084007,0.002314441604539752,0.0002771809231489897,-0.0005060922121629119,14.423173
0.09427083333333315,0.00014914231724105775,0.002314441604539752,0.0002771809231489897,-0.0005060922121629119,14.423173
0.09479166666666648,0.0001494090975029394,0.002314441604539752,0.0002771809231489897,-0.0005060922121629119,14.423173
0.09531249999999981,0.00014967597962822765,0.002314441604539752,0.0002771809231489897,-0.0005060922121629119,14.423173
0.09583333333333315,0.00014994319644756615,0.002314441604539752,0.0002771809231489897,-0.0005060922121629119,14.423173
0.09635416666666648,0.00015020885621197522,0.002314441604539752,0.0002771809231489897,-0.0005060922121629119,14.423173
0.09687499999999981,0.00015047490887809545,0.002314441604539752,0.0002771809231489897,-0.0005060922121629119,14.423173
0.09739583333333314,0.00015074123803060502,0.002314441604539752,0.0002771809231489897,-0.0005060922121629119,14.423173
0.09791666666666647,0.00015100602468010038,0.002314441604539752,0.0002771809231489897,-0.0005060922121629119,14.423173
0.0984374999999998,0.0001512728340458125,0.002314441604539752,0.0002771809231489897,-0.0005060922121629119,14.423173
0.09895833333333313,0.0001515372423455119,0.002314441604539752,0.0002771809231489897,-0.0005060922121629119,14.423173
0.09947916666666647,0.00015180233458522707,0.002314441604539752,0.0002771809231489897,-0.0005060922121629119,14.423173
0.0999999999999998,0.0001520651567261666,0.002314441604539752,0.0002771809231489897,-0.0005060922121629119,14.423173
0.10052083333333313,0.00015232879377435893,0.002314441604539752,0.0002771809231489897,-0.0005060922121629119,14.423173
0.10104166666666646,0.00015259340580087155,0.002314441604539752,0.0002771809231489897,-0.0005060922121629119,14.423173
0.10156249999999979,0.0001528566499473527,0.002314441604539752,0.0002771809231489897,-0.0005060922121629119,14.423173
0.10208333333333312,0.00015311925380956382,0.002314441604539752,0.0002771809231489897,-0.0005060922121629119,14.423173
0.10260416666666645,0.00015338207595050335,0.002314441604539752,0.0002771809231489897,-0.0005060922121629119,14.423173
0.10312499999999979,0.00015364463615696877,0.002314441604539752,0.0002771809231489897,-0.0005060922121629119,14.423173
0.10364583333333312,0.00015390665794257075,0.002314441604539752,0.0002771809231489897,-0.0005060922121629119,14.423173
0.10416666666666645,0.00015416812675539404,0.002314441604539752,0.0002771809231489897,-0.0005060922121629119,14.423173
0.10468749999999978,0.00015442991571035236,0.002314441604539752,0.0002771809231489897,-0.0005060922121629119,14.423173
0.10520833333333311,0.00015469187928829342,0.002314441604539752,0.0002771809231489897,-0.0005060922121629119,14.423173
0.10572916666666644,0.00015495187835767865,0.002314441604539752,0.0002771809231489897,-0.0005060922121629119,14.423173
0.10624999999999978,0.0001552122994326055,0.002314441604539752,0.0002771809231489897,-0.0005060922121629119,14.423173
0.1067708333333331,0.000155472953338176,0.002314441604539752,0.0002771809231489897,-0.0005060922121629119,14.423173
0.10729166666666644,0.0001557324721943587,0.002314441604539752,0.0002771809231489897,-0.0005060922121629119,14.423173
0.10781249999999977,0.00015599092876072973,0.002314441604539752,0.0002771809231489897,-0.0005060922121629119,14.423173
0.1083333333333331,0.0001562490506330505,0.002314441604539752,0.0002771809231489897,-0.0005060922121629119,14.423173
0.10885416666666643,0.00015650868590455502,0.002314441604539752,0.0002771809231489897,-0.0005060922121629119,14.423173
0.10937499999999976,0.00015676715702284127,0.002314441604539752,0.0002771809231489897,-0.0005060922121629119,14.423173
0.1098958333333331,0.00015702482778578997,0.002314441604539752,0.0002771809231489897,-0.0005060922121629119,14.423173
0.11041666666666643,0.00015728235302958637,0.002314441604539752,0.0002771809231489897,-0.0005060922121629119,14.423173
0.11093749999999976,0.00015753948537167162,0.002314441604539752,0.0002771809231489897,-0.0005060922121629119,14.423173
0.11145833333333309,0.00015779690875206143,0.002314441604539752,0.0002771809231489897,-0.0005060922121629119,14.423173
0.11197916666666642,0.0001580542593728751,0.002314441604539752,0.0002771809231489897,-0.0005060922121629119,14.423173
0.11249999999999975,0.0001583113771630451,0.002314441604539752,0.0002771809231489897,-0.0005060922121629119,14.423173
0.11302083333333308,0.00015856782556511462,0.002314441604539752,0.0002771809231489897,-0.0005060922121629119,14.423173
0.11354166666666642,0.00015882331354077905,0.002314441604539752,0.0002771809231489897,-0.0005060922121629119,14.423173
0.11406249999999975,0.00015907928172964603,0.002314441604539752,0.0002771809231489897,-0.0005060922121629119,14.423173
0.11458333333333308,0.00015933577378746122,0.002314441604539752,0.0002771809231489897,-0.0005060922121629119,14.423173
0.11510416666666641,0.0001595904614077881,0.002314441604539752,0.0002771809231489897,-0.0005060922121629119,14.423173
0.11562499999999974,0.00015984381025191396,0.002314441604539752,0.0002771809231489897,-0.0005060922121629119,14.423173
0.11614583333333307,0.00016009768296498805,0.002314441604539752,0.0002771809231489897,-0.0005060922121629119,14.423173
0.1166666666666664,0.0001603527198312804,0.002314441604539752,0.0002771809231489897,-0.0005060922121629119,14.423173
0.11718749999999974,0.00016060761117842048,0.002314441604539752,0.0002771809231489897,-0.0005060922121629119,14.423173
0.11770833333333307,0.00016086029063444585,0.002314441604539752,0.0002771809231489897,-0.0005060922121629119,14.423173
0.1182291666666664,0.00016111221339087933,0.002314441604539752,0.0002771809231489897,-0.0005060922121629119,14.423173
0.11874999999999973,0.00016136409249156713,0.002314441604539752,0.0002771809231489897,-0.0005060922121629119,14.423173
0.11927083333333306,0.00016161550593096763,0.002314441604539752,0.0002771809231489897,-0.0005060922121629119,14.423173
0.1197916666666664,0.00016186697757802904,0.002314441604539752,0.0002771809231489897,-0.0005060922121629119,14.423173
0.12031249999999973,0.0001621173432795331,0.002314441604539752,0.0002771809231489897,-0.0005060922121629119,14.423173
0.12083333333333306,0.0001623685093363747,0.002314441604539752,0.0002771809231489897,-0.0005060922121629119,14.423173
0.12135416666666639,0.00016261970449704677,0.002314441604539752,0.0002771809231489897,-0.0005060922121629119,14.423173
0.12187499999999972,0.00016287017206195742,0.002314441604539752,0.0002771809231489897,-0.0005060922121629119,14.423173
0.12239583333333305,0.00016311966464854777,0.002314441604539752,0.0002771809231489897,-0.0005060922121629119,14.423173
0.12291666666666638,0.000163369404617697,0.002314441604539752,0.0002771809231489897,-0.0005060922121629119,14.423173
0.12343749999999971,0.00016361864982172847,0.002314441604539752,0.0002771809231489897,-0.0005060922121629119,14.423173
0.12395833333333305,0.0001638680842006579,0.002314441604539752,0.0002771809231489897,-0.0005060922121629119,14.423173
0.12447916666666638,0.00016411767865065485,0.002314441604539752,0.0002771809231489897,-0.0005060922121629119,14.423173
0.12499999999999971,0.0001643666037125513,0.002314441604539752,0.0002771809231489897,-0.0005060922121629119,14.423173
0.12552083333333305,0.00016461512132082134,0.002314441604539752,0.0002771809231489897,-0.0005060922121629119,14.423173
0.12604166666666639,0.00016486375534441322,0.002314441604539752,0.0002771809231489897,-0.0005060922121629119,14.423173
0.12656249999999972,0.00016511087596882135,0.002314441604539752,0.0002771809231489897,-0.0005060922121629119,14.423173
0.12708333333333305,0.0001653582730796188,0.002314441604539752,0.0002771809231489897,-0.0005060922121629119,14.423173
0.12760416666666638,0.00016560543735977262,0.002314441604539752,0.0002771809231489897,-0.0005060922121629119,14.423173
0.1281249999999997,0.00016585174307692796,0.002314441604539752,0.0002771809231489897,-0.0005060922121629119,14.423173
0.12864583333333304,0.00016609906742814928,0.002314441604539752,0.0002771809231489897,-0.0005060922121629119,14.423173
0.12916666666666637,0.00016634586791042238,0.002314441604539752,0.0002771809231489897,-0.0005060922121629119,14.423173
0.1296874999999997,0.00016659082029946148,0.002314441604539752,0.0002771809231489897,-0.0005060922121629119,14.423173
0.13020833333333304,0.0001668355253059417,0.002314441604539752,0.0002771809231489897,-0.0005060922121629119,14.423173
0.13072916666666637,0.0001670806377660483,0.002314441604539752,0.0002771809231489897,-0.0005060922121629119,14.423173
0.1312499999999997,0.00016732596850488335,0.002314441604539752,0.0002771809231489897,-0.0005060922121629119,14.423173
0.13177083333333303,0.00016757112462073565,0.002314441604539752,0.0002771809231489897,-0.0005060922121629119,14.423173
0.13229166666666636,0.00016781581507530063,0.002314441604539752,0.0002771809231489897,-0.0005060922121629119,14.423173
0.1328124999999997,0.00016806057828944176,0.002314441604539752,0.0002771809231489897,-0.0005060922121629119,14.423173
0.13333333333333303,0.00016830407548695803,0.002314441604539752,0.0002771809231489897,-0.0005060922121629119,14.423173
0.13385416666666636,0.0001685474708210677,0.002314441604539752,0.0002771809231489897,-0.0005060922121629119,14.423173
0.1343749999999997,0.00016879060422070324,0.002314441604539752,0.0002771809231489897,-0.0005060922121629119,14.423173
0.13489583333333302,0.00016903268988244236,0.002314441604539752,0.0002771809231489897,-0.0005060922121629119,14.423173
0.13541666666666635,0.0001692755176918581,0.002314441604539752,0.0002771809231489897,-0.0005060922121629119,14.423173
0.13593749999999968,0.00016951831639744341,0.002314441604539752,0.0002771809231489897,-0.0005060922121629119,14.423173
0.13645833333333302,0.0001697611587587744,0.002314441604539752,0.0002771809231489897,-0.0005060922121629119,14.423173
0.13697916666666635,0.00017000391380861402,0.002314441604539752,0.0002771809231489897,-0.0005060922121629119,14.423173
0.13749999999999968,0.00017024463159032166,0.002314441604539752,0.0002771809231489897,-0.0005060922121629119,14.423173
0.138020833333333,0.00017048635345418006,0.002314441604539752,0.0002771809231489897,-0.0005060922121629119,14.423173
0.13854166666666634,0.0001707261399133131,0.002314441604539752,0.0002771809231489897,-0.0005060922121629119,14.423173
0.13906249999999967,0.00017096691590268165,0.002314441604539752,0.0002771809231489897,-0.0005060922121629119,14.423173
0.139583333333333,0.00017120623670052737,0.002314441604539752,0.0002771809231489897,-0.0005060922121629119,14.423173
0.14010416666666634,0.00017144485900644213,0.002314441604539752,0.0002771809231489897,-0.0005060922121629119,14.423173
0.14062499999999967,0.00017168535850942135,0.002314441604539752,0.0002771809231489897,-0.0005060922121629119,14.423173
0.141145833333333,0.00017192559607792646,0.002314441604539752,0.0002771809231489897,-0.0005060922121629119,14.423173
0.14166666666666633,0.00017216506239492446,0.002314441604539752,0.0002771809231489897,-0.0005060922121629119,14.423173
0.14218749999999966,0.00017240381566807628,0.002314441604539752,0.0002771809231489897,-0.0005060922121629119,14.423173
0.142708333333333,0.00017264307825826108,0.002314441604539752,0.0002771809231489897,-0.0005060922121629119,14.423173
0.14322916666666632,0.00017288107483182102,0.002314441604539752,0.0002771809231489897,-0.0005060922121629119,14.423173
0.14374999999999966,0.00017311899864580482,0.002314441604539752,0.0002771809231489897,-0.0005060922121629119,14.423173
0.144270833333333,0.00017335703887511045,0.002314441604539752,0.0002771809231489897,-0.0005060922121629119,14.423173
0.14479166666666632,0.00017359445337206125,0.002314441604539752,0.0002771809231489897,-0.0005060922121629119,14.423173
0.14531249999999965,0.00017383215890731663,0.002314441604539752,0.0002771809231489897,-0.0005060922121629119,14.423173
0.14583333333333298,0.0001740695588523522,0.002314441604539752,0.0002771809231489897,-0.0005060922121629119,14.423173
0.1463541666666663,0.0001743058382999152,0.002314441604539752,0.0002771809231489897,-0.0005060922121629119,14.423173
0.14687499999999964,0.00017454074986744672,0.002314441604539752,0.0002771809231489897,-0.0005060922121629119,14.423173
0.14739583333333298,0.00017477550136391073,0.002314441604539752,0.0002771809231489897,-0.0005060922121629119,14.423173
0.1479166666666663,0.0001750112569425255,0.002314441604539752,0.0002771809231489897,-0.0005060922121629119,14.423173
0.14843749999999964,0.00017524760914966464,0.002314441604539752,0.0002771809231489897,-0.0005060922121629119,14.423173
0.14895833333333297,0.00017548348114360124,0.002314441604539752,0.0002771809231489897,-0.0005060922121629119,14.423173
0.1494791666666663,0.00017571833450347185,0.002314441604539752,0.0002771809231489897,-0.0005060922121629119,14.423173
0.14999999999999963,0.00017595312965568155,0.002314441604539752,0.0002771809231489897,-0.0005060922121629119,14.423173
0.15052083333333297,0.00017618847778066993,0.002314441604539752,0.0002771809231489897,-0.0005060922121629119,14.423173
0.1510416666666663,0.00017642222519498318,0.002314441604539752,0.0002771809231489897,-0.0005060922121629119,14.423173
0.15156249999999963,0.00017665624909568578,0.002314441604539752,0.0002771809231489897,-0.0005060922121629119,14.423173
0.15208333333333296,0.0001768898800946772,0.002314441604539752,0.0002771809231489897,-0.0005060922121629119,14.423173
0.1526041666666663,0.00017712444241624326,0.002314441604539752,0.0002771809231489897,-0.0005060922121629119,14.423173
0.15312499999999962,0.00017735768051352352,0.002314441604539752,0.0002771809231489897,-0.0005060922121629119,14.423173
0.15364583333333295,0.0001775911368895322,0.002314441604539752,0.0002771809231489897,-0.0005060922121629119,14.423173
0.15416666666666629,0.0001778228033799678,0.002314441604539752,0.0002771809231489897,-0.0005060922121629119,14.423173
0.15468749999999962,0.00017805495008360595,0.002314441604539752,0.0002771809231489897,-0.0005060922121629119,14.423173
0.15520833333333295,0.0001782872568583116,0.002314441604539752,0.0002771809231489897,-0.0005060922121629119,14.423173
0.15572916666666628,0.00017851906886789948,0.002314441604539752,0.0002771809231489897,-0.0005060922121629119,14.423173
0.1562499999999996,0.00017875160847324878,0.002314441604539752,0.0002771809231489897,-0.0005060922121629119,14.423173
0.15677083333333294,0.0001789833913790062,0.002314441604539752,0.0002771809231489897,-0.0005060922121629119,14.423173
0.15729166666666627,0.0001792138209566474,0.002314441604539752,0.0002771809231489897,-0.0005060922121629119,14.423173
0.1578124999999996,0.00017944443970918655,0.002314441604539752,0.0002771809231489897,-0.0005060922121629119,14.423173
0.15833333333333294,0.00017967367602977902,0.002314441604539752,0.0002771809231489897,-0.0005060922121629119,14.423173
0.15885416666666627,0.00017990372725762427,0.002314441604539752,0.0002771809231489897,-0.0005060922121629119,14.423173
0.1593749999999996,0.00018013313820119947,0.002314441604539752,0.0002771809231489897,-0.0005060922121629119,14.423173
0.15989583333333293,0.00018036288383882493,0.002314441604539752,0.0002771809231489897,-0.0005060922121629119,14.423173
0.16041666666666626,0.0001805927895475179,0.002314441604539752,0.0002771809231489897,-0.0005060922121629119,14.423173
0.1609374999999996,0.00018082121096085757,0.002314441604539752,0.0002771809231489897,-0.0005060922121629119,14.423173
0.16145833333333293,0.00018104871560353786,0.002314441604539752,0.0002771809231489897,-0.0005060922121629119,14.423173
0.16197916666666626,0.00018127658404409885,0.002314441604539752,0.0002771809231489897,-0.0005060922121629119,14.423173
0.1624999999999996,0.00018150504911318421,0.002314441604539752,0.0002771809231489897,-0.0005060922121629119,14.423173
0.16302083333333292,0.00018173259741161019,0.002314441604539752,0.0002771809231489897,-0.0005060922121629119,14.423173
0.16354166666666625,0.0001819596072891727,0.002314441604539752,0.0002771809231489897,-0.0005060922121629119,14.423173
0.16406249999999958,0.0001821870100684464,0.002314441604539752,0.0002771809231489897,-0.0005060922121629119,14.423173
0.16458333333333292,0.0001824141072575003,0.002314441604539752,0.0002771809231489897,-0.0005060922121629119,14.423173
0.16510416666666625,0.00018264215032104403,0.002314441604539752,0.0002771809231489897,-0.0005060922121629119,14.423173
0.16562499999999958,0.00018286863632965833,0.002314441604539752,0.0002771809231489897,-0.0005060922121629119,14.423173
0.1661458333333329,0.00018309487495571375,0.002314441604539752,0.0002771809231489897,-0.0005060922121629119,14.423173
0.16666666666666624,0.00018332042964175344,0.002314441604539752,0.0002771809231489897,-0.0005060922121629119,14.423173
0.16718749999999957,0.0001835458679124713,0.002314441604539752,0.0002771809231489897,-0.0005060922121629119,14.423173
0.1677083333333329,0.00018377101514488459,0.002314441604539752,0.0002771809231489897,-0.0005060922121629119,14.423173
0.16822916666666624,0.00018399547843728215,0.002314441604539752,0.0002771809231489897,-0.0005060922121629119,14.423173
0.16874999999999957,0.00018422097491566092,0.002314441604539752,0.0002771809231489897,-0.0005060922121629119,14.423173
0.1692708333333329,0.00018444497254677117,0.002314441604539752,0.0002771809231489897,-0.0005060922121629119,14.423173
0.16979166666666623,0.00018466924666427076,0.002314441604539752,0.0002771809231489897,-0.0005060922121629119,14.423173
0.17031249999999956,0.00018489258945919573,0.002314441604539752,0.0002771809231489897,-0.0005060922121629119,14.423173
0.1708333333333329,0.00018511639791540802,0.002314441604539752,0.0002771809231489897,-0.0005060922121629119,14.423173
0.17135416666666622,0.0001853393332567066,0.002314441604539752,0.0002771809231489897,-0.0005060922121629119,14.423173
0.17187499999999956,0.00018556213763076812,0.002314441604539752,0.0002771809231489897,-0.0005060922121629119,14.423173
0.1723958333333329,0.0001857846655184403,0.002314441604539752,0.0002771809231489897,-0.0005060922121629119,14.423173
0.17291666666666622,0.0001860062184277922,0.002314441604539752,0.0002771809231489897,-0.0005060922121629119,14.423173
0.17343749999999955,0.0001862284552771598,0.002314441604539752,0.0002771809231489897,-0.0005060922121629119,14.423173
0.17395833333333288,0.00018645207455847412,0.002314441604539752,0.0002771809231489897,-0.0005060922121629119,14.423173
0.1744791666666662,0.00018667365657165647,0.002314441604539752,0.0002771809231489897,-0.0005060922121629119,14.423173
0.17499999999999954,0.00018689481657929718,0.002314441604539752,0.0002771809231489897,-0.0005060922121629119,14.423173
0.17552083333333288,0.00018711523443926126,0.002314441604539752,0.0002771809231489897,-0.0005060922121629119,14.423173
0.1760416666666662,0.00018733536126092076,0.002314441604539752,0.0002771809231489897,-0.0005060922121629119,14.423173
0.17656249999999954,0.0001875564776128158,0.002314441604539752,0.0002771809231489897,-0.0005060922121629119,14.423173
0.17708333333333287,0.0001877771719591692,0.002314441604539752,0.0002771809231489897,-0.0005060922121629119,14.423173
0.1776041666666662,0.0001879962073871866,0.002314441604539752,0.0002771809231489897,-0.0005060922121629119,14.423173
0.17812499999999953,0.0001882170618046075,0.002314441604539752,0.0002771809231489897,-0.0005060922121629119,14.423173
0.17864583333333287,0.0001884365192381665,0.002314441604539752,0.0002771809231489897,-0.0005060922121629119,14.423173
0.1791666666666662,0.0001886559766717255,0.002314441604539752,0.0002771809231489897,-0.0005060922121629119,14.423173
0.17968749999999953,0.00018887493934016675,0.002314441604539752,0.0002771809231489897,-0.0005060922121629119,14.423173
0.18020833333333286,0.00018909307254943997,0.002314441604539752,0.0002771809231489897,-0.0005060922121629119,14.423173
0.1807291666666662,0.00018931107479147613,0.002314441604539752,0.0002771809231489897,-0.0005060922121629119,14.423173
0.18124999999999952,0.00018952869868371636,0.002314441604539752,0.0002771809231489897,-0.0005060922121629119,14.423173
0.18177083333333285,0.00018974683189298958,0.002314441604539752,0.0002771809231489897,-0.0005060922121629119,14.423173
0.18229166666666619,0.00018996474682353437,0.002314441604539752,0.0002771809231489897,-0.0005060922121629119,14.423173
0.18281249999999952,0.00019018228340428323,0.002314441604539752,0.0002771809231489897,-0.0005060922121629119,14.423173
0.18333333333333285,0.00019040083861909807,0.002314441604539752,0.0002771809231489897,-0.0005060922121629119,14.423173
0.18385416666666618,0.00019061742932535708,0.002314441604539752,0.0002771809231489897,-0.0005060922121629119,14.423173
0.1843749999999995,0.00019083442748524249,0.002314441604539752,0.0002771809231489897,-0.0005060922121629119,14.423173
0.18489583333333284,0.0001910509745357558,0.002314441604539752,0.0002771809231489897,-0.0005060922121629119,14.423173
0.18541666666666617,0.00019126730330754071,0.002314441604539752,0.0002771809231489897,-0.0005060922121629119,14.423173
0.1859374999999995,0.00019148258434142917,0.002314441604539752,0.0002771809231489897,-0.0005060922121629119,14.423173
0.18645833333333284,0.00019169770530425012,0.002314441604539752,0.0002771809231489897,-0.0005060922121629119,14.423173
0.18697916666666617,0.0001919142814585939,0.002314441604539752,0.0002771809231489897,-0.0005060922121629119,14.423173
0.1874999999999995,0.0001921295770443976,0.002314441604539752,0.0002771809231489897,-0.0005060922121629119,14.423173
0.18802083333333283,0.00019234564388170838,0.002314441604539752,0.0002771809231489897,-0.0005060922121629119,14.423173
0.18854166666666616,0.00019256005180068314,0.002314441604539752,0.0002771809231489897,-0.0005060922121629119,14.423173
0.1890624999999995,0.00019277422688901424,0.002314441604539752,0.0002771809231489897,-0.0005060922121629119,14.423173
0.18958333333333283,0.0001929877616930753,0.002314441604539752,0.0002771809231489897,-0.0005060922121629119,14.423173
0.19010416666666616,0.00019320176215842366,0.002314441604539752,0.0002771809231489897,-0.0005060922121629119,14.423173
0.1906249999999995,0.00019341603911016136,0.002314441604539752,0.0002771809231489897,-0.0005060922121629119,14.423173
0.19114583333333282,0.00019362851162441075,0.002314441604539752,0.0002771809231489897,-0.0005060922121629119,14.423173
0.19166666666666615,0.00019384323968552053,0.002314441604539752,0.0002771809231489897,-0.0005060922121629119,14.423173
0.19218749999999948,0.0001940568326972425,0.002314441604539752,0.0002771809231489897,-0.0005060922121629119,14.423173
0.19270833333333282,0.0001942697708727792,0.002314441604539752,0.0002771809231489897,-0.0005060922121629119,14.423173
0.19322916666666615,0.0001944834366440773,0.002314441604539752,0.0002771809231489897,-0.0005060922121629119,14.423173
0.19374999999999948,0.0001946964766830206,0.002314441604539752,0.0002771809231489897,-0.0005060922121629119,14.423173
0.1942708333333328,0.00019490804697852582,0.002314441604539752,0.0002771809231489897,-0.0005060922121629119,14.423173
0.19479166666666614,0.00019512040307745337,0.002314441604539752,0.0002771809231489897,-0.0005060922121629119,14.423173
0.19531249999999947,0.00019533114391379058,0.002314441604539752,0.0002771809231489897,-0.0005060922121629119,14.423173
0.1958333333333328,0.000195542088476941,0.002314441604539752,0.0002771809231489897,-0.0005060922121629119,14.423173
0.19635416666666614,0.00019575336773414165,0.002314441604539752,0.0002771809231489897,-0.0005060922121629119,14.423173
0.19687499999999947,0.0001959647488547489,0.002314441604539752,0.0002771809231489897,-0.0005060922121629119,14.423173
0.1973958333333328,0.0001961748203029856,0.002314441604539752,0.0002771809231489897,-0.0005060922121629119,14.423173
0.19791666666666613,0.0001963861141121015,0.002314441604539752,0.0002771809231489897,-0.0005060922121629119,14.423173
0.19843749999999946,0.000196597000467591,0.002314441604539752,0.0002771809231489897,-0.0005060922121629119,14.423173
0.1989583333333328,0.00019680755212903023,0.002314441604539752,0.0002771809231489897,-0.0005060922121629119,14.423173
0.19947916666666612,0.00019701737619470805,0.002314441604539752,0.0002771809231489897,-0.0005060922121629119,14.423173
0.19999999999999946,0.00019722682191058993,0.002314441604539752,0.0002771809231489897,-0.0005060922121629119,14.423173
0.2005208333333328,0.00019743551092687994,0.002314441604539752,0.0002771809231489897,-0.0005060922121629119,14.423173
0.20104166666666612,0.0001976447383640334,0.002314441604539752,0.0002771809231489897,-0.0005060922121629119,14.423173
0.20156249999999945,0.00019785339827649295,0.002314441604539752,0.0002771809231489897,-0.0005060922121629119,14.423173
0.20208333333333278,0.00019806237833108753,0.002314441604539752,0.0002771809231489897,-0.0005060922121629119,14.423173
0.2026041666666661,0.00019827083451673388,0.002314441604539752,0.0002771809231489897,-0.0005060922121629119,14.423173
0.20312499999999944,0.00019847929070238024,0.002314441604539752,0.0002771809231489897,-0.0005060922121629119,14.423173
0.20364583333333278,0.00019868719391524792,0.002314441604539752,0.0002771809231489897,-0.0005060922121629119,14.423173
0.2041666666666661,0.00019889354007318616,0.002314441604539752,0.0002771809231489897,-0.0005060922121629119,14.423173
0.20468749999999944,0.00019910010450985283,0.002314441604539752,0.0002771809231489897,-0.0005060922121629119,14.423173
0.20520833333333277,0.00019930719281546772,0.002314441604539752,0.0002771809231489897,-0.0005060922121629119,14.423173
0.2057291666666661,0.00019951457215938717,0.002314441604539752,0.0002771809231489897,-0.0005060922121629119,14.423173
0.20624999999999943,0.00019972138397861272,0.002314441604539752,0.0002771809231489897,-0.0005060922121629119,14.423173
0.20677083333333277,0.0001999278028961271,0.002314441604539752,0.0002771809231489897,-0.0005060922121629119,14.423173
0.2072916666666661,0.00020013446919620037,0.002314441604539752,0.0002771809231489897,-0.0005060922121629119,14.423173
0.20781249999999943,0.0002003401896217838,0.002314441604539752,0.0002771809231489897,-0.0005060922121629119,14.423173
0.20833333333333276,0.0002005451824516058,0.002314441604539752,0.0002771809231489897,-0.0005060922121629119,14.423173
0.2088541666666661,0.00020075002976227552,0.002314441604539752,0.0002771809231489897,-0.0005060922121629119,14.423173
0.20937499999999942,0.00020095337822567672,0.002314441604539752,0.0002771809231489897,-0.0005060922121629119,14.423173
0.20989583333333275,0.00020115819643251598,0.002314441604539752,0.0002771809231489897,-0.0005060922121629119,14.423173
0.21041666666666609,0.00020136282546445727,0.002314441604539752,0.0002771809231489897,-0.0005060922121629119,14.423173
0.21093749999999942,0.00020156755635980517,0.002314441604539752,0.0002771809231489897,-0.0005060922121629119,14.423173
0.21145833333333275,0.00020177125406917185,0.002314441604539752,0.0002771809231489897,-0.0005060922121629119,14.423173
0.21197916666666608,0.00020197441335767508,0.002314441604539752,0.0002771809231489897,-0.0005060922121629119,14.423173
0.2124999999999994,0.00020217681594658643,0.002314441604539752,0.0002771809231489897,-0.0005060922121629119,14.423173
0.21302083333333274,0.00020238111028447747,0.002314441604539752,0.0002771809231489897,-0.0005060922121629119,14.423173
0.21354166666666607,0.00020258362928871065,0.002314441604539752,0.0002771809231489897,-0.0005060922121629119,14.423173
0.2140624999999994,0.00020278665760997683,0.002314441604539752,0.0002771809231489897,-0.0005060922121629119,14.423173
0.21458333333333274,0.00020298906019888818,0.002314441604539752,0.0002771809231489897,-0.0005060922121629119,14.423173
0.21510416666666607,0.0002031917974818498,0.002314441604539752,0.0002771809231489897,-0.0005060922121629119,14.423173
0.2156249999999994,0.00020339328330010176,0.002314441604539752,0.0002771809231489897,-0.0005060922121629119,14.423173
0.21614583333333273,0.00020359530753921717,0.002314441604539752,0.0002771809231489897,-0.0005060922121629119,14.423173
0.21666666666666606,0.0002037967788055539,0.002314441604539752,0.0002771809231489897,-0.0005060922121629119,14.423173
0.2171874999999994,0.00020399880304466933,0.002314441604539752,0.0002771809231489897,-0.0005060922121629119,14.423173
0.21770833333333273,0.0002042007545242086,0.002314441604539752,0.0002771809231489897,-0.0005060922121629119,14.423173
0.21822916666666606,0.0002044013817794621,0.002314441604539752,0.0002771809231489897,-0.0005060922121629119,14.423173
0.2187499999999994,0.00020460235828068107,0.002314441604539752,0.0002771809231489897,-0.0005060922121629119,14.423173
0.21927083333333272,0.00020480240345932543,0.002314441604539752,0.0002771809231489897,-0.0005060922121629119,14.423173
0.21979166666666605,0.00020500221580732614,0.002314441604539752,0.0002771809231489897,-0.0005060922121629119,14.423173
0.22031249999999938,0.00020520204270724207,0.002314441604539752,0.0002771809231489897,-0.0005060922121629119,14.423173
0.22083333333333272,0.00020540184050332755,0.002314441604539752,0.0002771809231489897,-0.0005060922121629119,14.423173
0.22135416666666605,0.00020560120174195617,0.002314441604539752,0.0002771809231489897,-0.0005060922121629119,14.423173
0.22187499999999938,0.00020580047566909343,0.002314441604539752,0.0002771809231489897,-0.0005060922121629119,14.423173
0.2223958333333327,0.00020599993877112865,0.002314441604539752,0.0002771809231489897,-0.0005060922121629119,14.423173
0.22291666666666604,0.00020619822316803038,0.002314441604539752,0.0002771809231489897,-0.0005060922121629119,14.423173
0.22343749999999937,0.00020639713329728693,0.002314441604539752,0.0002771809231489897,-0.0005060922121629119,14.423173
0.2239583333333327,0.0002065960579784587,0.002314441604539752,0.0002771809231489897,-0.0005060922121629119,14.423173
0.22447916666666604,0.00020679424051195383,0.002314441604539752,0.0002771809231489897,-0.0005060922121629119,14.423173
0.22499999999999937,0.00020699194283224642,0.002314441604539752,0.0002771809231489897,-0.0005060922121629119,14.423173
0.2255208333333327,0.00020719011081382632,0.002314441604539752,0.0002771809231489897,-0.0005060922121629119,14.423173
0.22604166666666603,0.00020738699822686613,0.002314441604539752,0.0002771809231489897,-0.0005060922121629119,14.423173
0.22656249999999936,0.00020758385653607547,0.002314441604539752,0.0002771809231489897,-0.0005060922121629119,14.423173
0.2270833333333327,0.0002077803947031498,0.002314441604539752,0.0002771809231489897,-0.0005060922121629119,14.423173
0.22760416666666602,0.00020797800971195102,0.002314441604539752,0.0002771809231489897,-0.0005060922121629119,14.423173
0.22812499999999936,0.00020817521726712584,0.002314441604539752,0.0002771809231489897,-0.0005060922121629119,14.423173
0.2286458333333327,0.00020837104239035398,0.002314441604539752,0.0002771809231489897,-0.0005060922121629119,14.423173
0.22916666666666602,0.00020856651826761663,0.002314441604539752,0.0002771809231489897,-0.0005060922121629119,14.423173
0.22968749999999935,0.00020876240159850568,0.002314441604539752,0.0002771809231489897,-0.0005060922121629119,14.423173
0.23020833333333268,0.0002089592017000541,0.002314441604539752,0.0002771809231489897,-0.0005060922121629119,14.423173
0.230729166666666,0.00020915533241350204,0.002314441604539752,0.0002771809231489897,-0.0005060922121629119,14.423173
0.23124999999999934,0.0002093502989737317,0.002314441604539752,0.0002771809231489897,-0.0005060922121629119,14.423173
0.23177083333333268,0.00020954536739736795,0.002314441604539752,0.0002771809231489897,-0.0005060922121629119,14.423173
0.232291666666666,0.00020974072685930878,0.002314441604539752,0.0002771809231489897,-0.0005060922121629119,14.423173
0.23281249999999934,0.00020993580983486027,0.002314441604539752,0.0002771809231489897,-0.0005060922121629119,14.423173
0.23333333333333267,0.00021013124205637723,0.002314441604539752,0.0002771809231489897,-0.0005060922121629119,14.423173
0.233854166666666,0.0002103256992995739,0.002314441604539752,0.0002771809231489897,-0.0005060922121629119,14.423173
0.23437499999999933,0.000210519865504466,0.002314441604539752,0.0002771809231489897,-0.0005060922121629119,14.423173
0.23489583333333267,0.0002107138279825449,0.002314441604539752,0.0002771809231489897,-0.0005060922121629119,14.423173
0.235416666666666,0.0002109071210725233,0.002314441604539752,0.0002771809231489897,-0.0005060922121629119,14.423173
0.23593749999999933,0.0002111002104356885,0.002314441604539752,0.0002771809231489897,-0.0005060922121629119,14.423173
0.23645833333333266,0.0002112934016622603,0.002314441604539752,0.0002771809231489897,-0.0005060922121629119,14.423173
0.236979166666666,0.00021148614177946,0.002314441604539752,0.0002771809231489897,-0.0005060922121629119,14.423173
0.23749999999999932,0.00021167912927921861,0.002314441604539752,0.0002771809231489897,-0.0005060922121629119,14.423173
0.23802083333333265,0.00021187152015045285,0.002314441604539752,0.0002771809231489897,-0.0005060922121629119,14.423173
0.23854166666666599,0.00021206328528933227,0.002314441604539752,0.0002771809231489897,-0.0005060922121629119,14.423173
0.23906249999999932,0.00021225506498012692,0.002314441604539752,0.0002771809231489897,-0.0005060922121629119,14.423173
0.23958333333333265,0.00021244838717393577,0.002314441604539752,0.0002771809231489897,-0.0005060922121629119,14.423173
0.24010416666666598,0.00021264099632389843,0.002314441604539752,0.0002771809231489897,-0.0005060922121629119,14.423173
0.2406249999999993,0.00021283292153384537,0.002314441604539752,0.0002771809231489897,-0.0005060922121629119,14.423173
0.24114583333333264,0.0002130243374267593,0.002314441604539752,0.0002771809231489897,-0.0005060922121629119,14.423173
0.24166666666666597,0.00021321458916645497,0.002314441604539752,0.0002771809231489897,-0.0005060922121629119,14.423173
0.2421874999999993,0.000213405437534675,0.002314441604539752,0.0002771809231489897,-0.0005060922121629119,14.423173
0.24270833333333264,0.00021359538368415087,0.002314441604539752,0.0002771809231489897,-0.0005060922121629119,14.423173
0.24322916666666597,0.000213785664527677,0.002314441604539752,0.0002771809231489897,-0.0005060922121629119,14.423173
0.2437499999999993,0.00021397565433289856,0.002314441604539752,0.0002771809231489897,-0.0005060922121629119,14.423173
0.24427083333333263,0.00021416664822027087,0.002314441604539752,0.0002771809231489897,-0.0005060922121629119,14.423173
0.24479166666666596,0.00021435675444081426,0.002314441604539752,0.0002771809231489897,-0.0005060922121629119,14.423173
0.2453124999999993,0.000214545609196648,0.002314441604539752,0.0002771809231489897,-0.0005060922121629119,14.423173
0.24583333333333263,0.00021473501692526042,0.002314441604539752,0.0002771809231489897,-0.0005060922121629119,14.423173
0.24635416666666596,0.00021492494852282107,0.002314441604539752,0.0002771809231489897,-0.0005060922121629119,14.423173
0.2468749999999993,0.0002151137450709939,0.002314441604539752,0.0002771809231489897,-0.0005060922121629119,14.423173
0.24739583333333262,0.0002153023233404383,0.002314441604539752,0.0002771809231489897,-0.0005060922121629119,14.423173
0.24791666666666595,0.00021549001394305378,0.002314441604539752,0.0002771809231489897,-0.0005060922121629119,14.423173
0.24843749999999928,0.00021567782096099108,0.002314441604539752,0.0002771809231489897,-0.0005060922121629119,14.423173
0.24895833333333262,0.00021586644288618118,0.002314441604539752,0.0002771809231489897,-0.0005060922121629119,14.423173
0.24947916666666595,0.0002160533331334591,0.002314441604539752,0.0002771809231489897,-0.0005060922121629119,14.423173
0.24999999999999928,0.00021624125656671822,0.002314441604539752,0.0002771809231489897,-0.0005060922121629119,14.423173
0.25052083333333264,0.00021642867068294436,0.002314441604539752,0.0002771809231489897,-0.0005060922121629119,14.423173
0.251041666666666,0.00021661572100128978,0.002314441604539752,0.0002771809231489897,-0.0005060922121629119,14.423173
0.25156249999999936,0.00021680253848899156,0.002314441604539752,0.0002771809231489897,-0.0005060922121629119,14.423173
0.2520833333333327,0.0002169881045119837,0.002314441604539752,0.0002771809231489897,-0.0005060922121629119,14.423173
0.2526041666666661,0.00021717387426178902,0.002314441604539752,0.0002771809231489897,-0.0005060922121629119,14.423173
0.25312499999999943,0.00021736019698437303,0.002314441604539752,0.0002771809231489897,-0.0005060922121629119,14.423173
0.2536458333333328,0.00021754673798568547,0.002314441604539752,0.0002771809231489897,-0.0005060922121629119,14.423173
0.25416666666666615,0.00021773343905806541,0.002314441604539752,0.0002771809231489897,-0.0005060922121629119,14.423173
0.2546874999999995,0.00021791858307551593,0.002314441604539752,0.0002771809231489897,-0.0005060922121629119,14.423173
0.25520833333333287,0.00021810419275425375,0.002314441604539752,0.0002771809231489897,-0.0005060922121629119,14.423173
0.25572916666666623,0.00021828943863511086,0.002314441604539752,0.0002771809231489897,-0.0005060922121629119,14.423173
0.2562499999999996,0.0002184740878874436,0.002314441604539752,0.0002771809231489897,-0.0005060922121629119,14.423173
0.25677083333333295,0.00021865882445126772,0.002314441604539752,0.0002771809231489897,-0.0005060922121629119,14.423173
0.2572916666666663,0.00021884475427214056,0.002314441604539752,0.0002771809231489897,-0.0005060922121629119,14.423173
0.25781249999999967,0.00021902886510360986,0.002314441604539752,0.0002771809231489897,-0.0005060922121629119,14.423173
0.258333333333333,0.0002192132524214685,0.002314441604539752,0.0002771809231489897,-0.0005060922121629119,14.423173
0.2588541666666664,0.00021939775615464896,0.002314441604539752,0.0002771809231489897,-0.0005060922121629119,14.423173
0.25937499999999974,0.00021958079014439136,0.002314441604539752,0.0002771809231489897,-0.0005060922121629119,14.423173
0.2598958333333331,0.0002197642606915906,0.002314441604539752,0.0002771809231489897,-0.0005060922121629119,14.423173
0.26041666666666646,0.00021994752751197666,0.002314441604539752,0.0002771809231489897,-0.0005060922121629119,14.423173
0.2609374999999998,0.00022013147827237844,0.002314441604539752,0.0002771809231489897,-0.0005060922121629119,14.423173
0.2614583333333332,0.00022031512344256043,0.002314441604539752,0.0002771809231489897,-0.0005060922121629119,14.423173
0.26197916666666654,0.00022049904509913176,0.002314441604539752,0.0002771809231489897,-0.0005060922121629119,14.423173
0.2624999999999999,0.00022068241378292441,0.002314441604539752,0.0002771809231489897,-0.0005060922121629119,14.423173
0.26302083333333326,0.00022086504031904042,0.002314441604539752,0.0002771809231489897,-0.0005060922121629119,14.423173
0.2635416666666666,0.00022104731760919094,0.002314441604539752,0.0002771809231489897,-0.0005060922121629119,14.423173
0.2640625,0.0002212302788393572,0.002314441604539752,0.0002771809231489897,-0.0005060922121629119,14.423173
0.26458333333333334,0.00022141133376862854,0.002314441604539752,0.0002771809231489897,-0.0005060922121629119,14.423173
0.2651041666666667,0.0002215929125668481,0.002314441604539752,0.0002771809231489897,-0.0005060922121629119,14.423173
0.26562500000000006,0.00022177383652888238,0.002314441604539752,0.0002771809231489897,-0.0005060922121629119,14.423173
0.2661458333333334,0.0002219552407041192,0.002314441604539752,0.0002771809231489897,-0.0005060922121629119,14.423173
0.2666666666666668,0.0002221365866716951,0.002314441604539752,0.0002771809231489897,-0.0005060922121629119,14.423173
0.26718750000000013,0.00022231625916901976,0.002314441604539752,0.0002771809231489897,-0.0005060922121629119,14.423173
0.2677083333333335,0.00022249543690122664,0.002314441604539752,0.0002771809231489897,-0.0005060922121629119,14.423173
0.26822916666666685,0.0002226756332674995,0.002314441604539752,0.0002771809231489897,-0.0005060922121629119,14.423173
0.2687500000000002,0.00022285622253548354,0.002314441604539752,0.0002771809231489897,-0.0005060922121629119,14.423173
0.26927083333333357,0.0002230372338090092,0.002314441604539752,0.0002771809231489897,-0.0005060922121629119,14.423173
0.26979166666666693,0.00022321799769997597,0.002314441604539752,0.0002771809231489897,-0.0005060922121629119,14.423173
0.2703125000000003,0.00022339739371091127,0.002314441604539752,0.0002771809231489897,-0.0005060922121629119,14.423173
0.27083333333333365,0.00022357713896781206,0.002314441604539752,0.0002771809231489897,-0.0005060922121629119,14.423173
0.271354166666667,0.0002237567096017301,0.002314441604539752,0.0002771809231489897,-0.0005060922121629119,14.423173
0.27187500000000037,0.00022393431572709233,0.002314441604539752,0.0002771809231489897,-0.0005060922121629119,14.423173
0.2723958333333337,0.0002241136389784515,0.002314441604539752,0.0002771809231489897,-0.0005060922121629119,14.423173
0.2729166666666671,0.00022429223463404924,0.002314441604539752,0.0002771809231489897,-0.0005060922121629119,14.423173
0.27343750000000044,0.00022446962248068303,0.002314441604539752,0.0002771809231489897,-0.0005060922121629119,14.423173
0.2739583333333338,0.00022464887297246605,0.002314441604539752,0.0002771809231489897,-0.0005060922121629119,14.423173
0.27447916666666716,0.0002248267555842176,0.002314441604539752,0.0002771809231489897,-0.0005060922121629119,14.423173
0.2750000000000005,0.00022500536579173058,0.002314441604539752,0.0002771809231489897,-0.0005060922121629119,14.423173
0.2755208333333339,0.0002251835394417867,0.002314441604539752,0.0002771809231489897,-0.0005060922121629119,14.423173
0.27604166666666724,0.00022536203323397785,0.002314441604539752,0.0002771809231489897,-0.0005060922121629119,14.423173
0.2765625000000006,0.0002255384169984609,0.002314441604539752,0.0002771809231489897,-0.0005060922121629119,14.423173
0.27708333333333396,0.00022571532463189214,0.002314441604539752,0.0002771809231489897,-0.0005060922121629119,14.423173
0.2776041666666673,0.0002258910535601899,0.002314441604539752,0.0002771809231489897,-0.0005060922121629119,14.423173
0.2781250000000007,0.00022606702987104654,0.002314441604539752,0.0002771809231489897,-0.0005060922121629119,14.423173
0.27864583333333404,0.0002262446068925783,0.002314441604539752,0.0002771809231489897,-0.0005060922121629119,14.423173
0.2791666666666674,0.0002264211216242984,0.002314441604539752,0.0002771809231489897,-0.0005060922121629119,14.423173
0.27968750000000075,0.0002265966177219525,0.002314441604539752,0.0002771809231489897,-0.0005060922121629119,14.423173
0.2802083333333341,0.00022677240485791117,0.002314441604539752,0.0002771809231489897,-0.0005060922121629119,14.423173
0.2807291666666675,0.0002269476099172607,0.002314441604539752,0.0002771809231489897,-0.0005060922121629119,14.423173
0.28125000000000083,0.00022712259669788182,0.002314441604539752,0.0002771809231489897,-0.0005060922121629119,14.423173
0.2817708333333342,0.0002272981364512816,0.002314441604539752,0.0002771809231489897,-0.0005060922121629119,14.423173
0.28229166666666755,0.00022747380717191845,0.002314441604539752,0.0002771809231489897,-0.0005060922121629119,14.423173
0.2828125000000009,0.00022764831373933703,0.002314441604539752,0.0002771809231489897,-0.0005060922121629119,14.423173
0.28333333333333427,0.00022782405721955,0.002314441604539752,0.0002771809231489897,-0.0005060922121629119,14.423173
0.28385416666666763,0.0002279986656503752,0.002314441604539752,0.0002771809231489897,-0.0005060922121629119,14.423173
0.284375000000001,0.00022817320132162422,0.002314441604539752,0.0002771809231489897,-0.0005060922121629119,14.423173
0.28489583333333435,0.00022834897390566766,0.002314441604539752,0.0002771809231489897,-0.0005060922121629119,14.423173
0.2854166666666677,0.0002285226946696639,0.002314441604539752,0.0002771809231489897,-0.0005060922121629119,14.423173
0.28593750000000107,0.00022869629901833832,0.002314441604539752,0.0002771809231489897,-0.0005060922121629119,14.423173
0.2864583333333344,0.00022886961232870817,0.002314441604539752,0.0002771809231489897,-0.0005060922121629119,14.423173
0.2869791666666678,0.00022904231445863843,0.002314441604539752,0.0002771809231489897,-0.0005060922121629119,14.423173
0.28750000000000114,0.0002292157441843301,0.002314441604539752,0.0002771809231489897,-0.0005060922121629119,14.423173
0.2880208333333345,0.00022938803886063397,0.002314441604539752,0.0002771809231489897,-0.0005060922121629119,14.423173
0.28854166666666786,0.00022955966414883733,0.002314441604539752,0.0002771809231489897,-0.0005060922121629119,14.423173
0.2890625000000012,0.00022973158047534525,0.002314441604539752,0.0002771809231489897,-0.0005060922121629119,14.423173
0.2895833333333346,0.0002299048355780542,0.002314441604539752,0.0002771809231489897,-0.0005060922121629119,14.423173
0.29010416666666794,0.00023007752315606922,0.002314441604539752,0.0002771809231489897,-0.0005060922121629119,14.423173
0.2906250000000013,0.00023025073460303247,0.002314441604539752,0.0002771809231489897,-0.0005060922121629119,14.423173
0.29114583333333466,0.00023042102111503482,0.002314441604539752,0.0002771809231489897,-0.0005060922121629119,14.423173
0.291666666666668,0.0002305924572283402,0.002314441604539752,0.0002771809231489897,-0.0005060922121629119,14.423173
0.2921875000000014,0.00023076306388247758,0.002314441604539752,0.0002771809231489897,-0.0005060922121629119,14.423173
0.29270833333333474,0.00023093544587027282,0.002314441604539752,0.0002771809231489897,-0.0005060922121629119,14.423173
0.2932291666666681,0.00023110577603802085,0.002314441604539752,0.0002771809231489897,-0.0005060922121629119,14.423173
0.29375000000000145,0.00023127727035898715,0.002314441604539752,0.0002771809231489897,-0.0005060922121629119,14.423173
0.2942708333333348,0.00023144898295868188,0.002314441604539752,0.0002771809231489897,-0.0005060922121629119,14.423173
0.2947916666666682,0.00023161947319749743,0.002314441604539752,0.0002771809231489897,-0.0005060922121629119,14.423173
0.29531250000000153,0.00023178980336524546,0.002314441604539752,0.0002771809231489897,-0.0005060922121629119,14.423173
0.2958333333333349,0.00023195974063128233,0.002314441604539752,0.0002771809231489897,-0.0005060922121629119,14.423173
0.29635416666666825,0.00023212972155306488,0.002314441604539752,0.0002771809231489897,-0.0005060922121629119,14.423173
0.2968750000000016,0.00023230032820720226,0.002314441604539752,0.0002771809231489897,-0.0005060922121629119,14.423173
0.29739583333333497,0.00023247003264259547,0.002314441604539752,0.0002771809231489897,-0.0005060922121629119,14.423173
0.29791666666666833,0.00023263870389200747,0.002314441604539752,0.0002771809231489897,-0.0005060922121629119,14.423173
0.2984375000000017,0.00023280711320694536,0.002314441604539752,0.0002771809231489897,-0.0005060922121629119,14.423173
0.29895833333333505,0.00023297563893720508,0.002314441604539752,0.0002771809231489897,-0.0005060922121629119,14.423173
0.2994791666666684,0.000233145707170479,0.002314441604539752,0.0002771809231489897,-0.0005060922121629119,14.423173
0.30000000000000177,0.00023331497504841536,0.002314441604539752,0.0002771809231489897,-0.0005060922121629119,14.423173
0.3005208333333351,0.00023348476679529995,0.002314441604539752,0.0002771809231489897,-0.0005060922121629119,14.423173
0.3010416666666685,0.00023365463130176067,0.002314441604539752,0.0002771809231489897,-0.0005060922121629119,14.423173
0.30156250000000184,0.0002338221820537001,0.002314441604539752,0.0002771809231489897,-0.0005060922121629119,14.423173
0.3020833333333352,0.00023399078054353595,0.002314441604539752,0.0002771809231489897,-0.0005060922121629119,14.423173
0.30260416666666856,0.00023416020849253982,0.002314441604539752,0.0002771809231489897,-0.0005060922121629119,14.423173
0.3031250000000019,0.00023432703164871782,0.002314441604539752,0.0002771809231489897,-0.0005060922121629119,14.423173
0.3036458333333353,0.0002344958920730278,0.002314441604539752,0.0002771809231489897,-0.0005060922121629119,14.423173
0.30416666666666864,0.00023466403945349157,0.002314441604539752,0.0002771809231489897,-0.0005060922121629119,14.423173
0.304687500000002,0.0002348308771615848,0.002314441604539752,0.0002771809231489897,-0.0005060922121629119,14.423173
0.30520833333333536,0.00023499855888076127,0.002314441604539752,0.0002771809231489897,-0.0005060922121629119,14.423173
0.3057291666666687,0.00023516573128290474,0.002314441604539752,0.0002771809231489897,-0.0005060922121629119,14.423173
0.3062500000000021,0.00023533348576165736,0.002314441604539752,0.0002771809231489897,-0.0005060922121629119,14.423173
0.30677083333333544,0.0002355000760871917,0.002314441604539752,0.0002771809231489897,-0.0005060922121629119,14.423173
0.3072916666666688,0.0002356652112212032,0.002314441604539752,0.0002771809231489897,-0.0005060922121629119,14.423173
0.30781250000000215,0.00023583127767778933,0.002314441604539752,0.0002771809231489897,-0.0005060922121629119,14.423173
0.3083333333333355,0.00023599820269737393,0.002314441604539752,0.0002771809231489897,-0.0005060922121629119,14.423173
0.3088541666666689,0.00023616268299520016,0.002314441604539752,0.0002771809231489897,-0.0005060922121629119,14.423173
0.30937500000000223,0.00023632841475773603,0.002314441604539752,0.0002771809231489897,-0.0005060922121629119,14.423173
0.3098958333333356,0.00023649464128538966,0.002314441604539752,0.0002771809231489897,-0.0005060922121629119,14.423173
0.31041666666666895,0.00023666044580750167,0.002314441604539752,0.0002771809231489897,-0.0005060922121629119,14.423173
0.3109375000000023,0.00023682421306148171,0.002314441604539752,0.0002771809231489897,-0.0005060922121629119,14.423173
0.31145833333333567,0.00023699052690062672,0.002314441604539752,0.0002771809231489897,-0.0005060922121629119,14.423173
0.311979166666669,0.0002371554437559098,0.002314441604539752,0.0002771809231489897,-0.0005060922121629119,14.423173
0.3125000000000024,0.00023732018598821014,0.002314441604539752,0.0002771809231489897,-0.0005060922121629119,14.423173
0.31302083333333575,0.0002374854957452044,0.002314441604539752,0.0002771809231489897,-0.0005060922121629119,14.423173
0.3135416666666691,0.00023764943762216717,0.002314441604539752,0.0002771809231489897,-0.0005060922121629119,14.423173
0.31406250000000246,0.00023781323397997767,0.002314441604539752,0.0002771809231489897,-0.0005060922121629119,14.423173
0.3145833333333358,0.00023797823814675212,0.002314441604539752,0.0002771809231489897,-0.0005060922121629119,14.423173
0.3151041666666692,0.00023814148153178394,0.002314441604539752,0.0002771809231489897,-0.0005060922121629119,14.423173
0.31562500000000254,0.00023830405552871525,0.002314441604539752,0.0002771809231489897,-0.0005060922121629119,14.423173
0.3161458333333359,0.00023846692056395113,0.002314441604539752,0.0002771809231489897,-0.0005060922121629119,14.423173
0.31666666666666926,0.0002386305422987789,0.002314441604539752,0.0002771809231489897,-0.0005060922121629119,14.423173
0.3171875000000026,0.00023879292712081224,0.002314441604539752,0.0002771809231489897,-0.0005060922121629119,14.423173
0.317708333333336,0.00023895560298115015,0.002314441604539752,0.0002771809231489897,-0.0005060922121629119,14.423173
0.31822916666666934,0.00023911948665045202,0.002314441604539752,0.0002771809231489897,-0.0005060922121629119,14.423173
0.3187500000000027,0.00023928267182782292,0.002314441604539752,0.0002771809231489897,-0.0005060922121629119,14.423173
0.31927083333333606,0.00023944571148604155,0.002314441604539752,0.0002771809231489897,-0.0005060922121629119,14.423173
0.3197916666666694,0.00023960847465787083,0.002314441604539752,0.0002771809231489897,-0.0005060922121629119,14.423173
0.3203125000000028,0.00023977090313564986,0.002314441604539752,0.0002771809231489897,-0.0005060922121629119,14.423173
0.32083333333333613,0.00023993248760234565,0.002314441604539752,0.0002771809231489897,-0.0005060922121629119,14.423173
0.3213541666666695,0.0002400926168775186,0.002314441604539752,0.0002771809231489897,-0.0005060922121629119,14.423173
0.32187500000000285,0.00024025367747526616,0.002314441604539752,0.0002771809231489897,-0.0005060922121629119,14.423173
0.3223958333333362,0.00024041470896918327,0.002314441604539752,0.0002771809231489897,-0.0005060922121629119,14.423173
0.32291666666666957,0.00024057562404777855,0.002314441604539752,0.0002771809231489897,-0.0005060922121629119,14.423173
0.32343750000000293,0.000240735913394019,0.002314441604539752,0.0002771809231489897,-0.0005060922121629119,14.423173
0.3239583333333363,0.0002408956497674808,0.002314441604539752,0.0002771809231489897,-0.0005060922121629119,14.423173
0.32447916666666965,0.0002410564193269238,0.002314441604539752,0.0002771809231489897,-0.0005060922121629119,14.423173
0.325000000000003,0.00024121563183143735,0.002314441604539752,0.0002771809231489897,-0.0005060922121629119,14.423173
0.32552083333333637,0.0002413749898551032,0.002314441604539752,0.0002771809231489897,-0.0005060922121629119,14.423173
0.3260416666666697,0.00024153490085154772,0.002314441604539752,0.0002771809231489897,-0.0005060922121629119,14.423173
0.3265625000000031,0.00024169398238882422,0.002314441604539752,0.0002771809231489897,-0.0005060922121629119,14.423173
0.32708333333333645,0.00024185251095332205,0.002314441604539752,0.0002771809231489897,-0.0005060922121629119,14.423173
0.3276041666666698,0.00024201096675824374,0.002314441604539752,0.0002771809231489897,-0.0005060922121629119,14.423173
0.32812500000000316,0.00024217036843765527,0.002314441604539752,0.0002771809231489897,-0.0005060922121629119,14.423173
0.3286458333333365,0.00024232947907876223,0.002314441604539752,0.0002771809231489897,-0.0005060922121629119,14.423173
0.3291666666666699,0.00024248863337561488,0.002314441604539752,0.0002771809231489897,-0.0005060922121629119,14.423173
0.32968750000000324,0.00024264729290734977,0.002314441604539752,0.0002771809231489897,-0.0005060922121629119,14.423173
0.3302083333333366,0.00024280509387608618,0.002314441604539752,0.0002771809231489897,-0.0005060922121629119,14.423173
0.33072916666666996,0.00024296379706356674,0.002314441604539752,0.0002771809231489897,-0.0005060922121629119,14.423173
0.3312500000000033,0.0002431217726552859,0.002314441604539752,0.0002771809231489897,-0.0005060922121629119,14.423173
0.3317708333333367,0.00024328046129085124,0.002314441604539752,0.0002771809231489897,-0.0005060922121629119,14.423173
0.33229166666667004,0.00024343797122128308,0.002314441604539752,0.0002771809231489897,-0.0005060922121629119,14.423173
0.3328125000000034,0.00024359681992791593,0.002314441604539752,0.0002771809231489897,-0.0005060922121629119,14.423173
0.33333333333333676,0.00024375323846470565,0.002314441604539752,0.0002771809231489897,-0.0005060922121629119,14.423173
0.3338541666666701,0.00024391112674493343,0.002314441604539752,0.0002771809231489897,-0.0005060922121629119,14.423173
0.3343750000000035,0.00024407004821114242,0.002314441604539752,0.0002771809231489897,-0.0005060922121629119,14.423173
0.33489583333333683,0.000244227412622422,0.002314441604539752,0.0002771809231489897,-0.0005060922121629119,14.423173
0.3354166666666702,0.0002443846024107188,0.002314441604539752,0.0002771809231489897,-0.0005060922121629119,14.423173
0.33593750000000355,0.0002445405989419669,0.002314441604539752,0.0002771809231489897,-0.0005060922121629119,14.423173
0.3364583333333369,0.00024469703203067183,0.002314441604539752,0.0002771809231489897,-0.0005060922121629119,14.423173
0.33697916666667027,0.0002448532322887331,0.002314441604539752,0.0002771809231489897,-0.0005060922121629119,14.423173
0.33750000000000363,0.00024500899598933756,0.002314441604539752,0.0002771809231489897,-0.0005060922121629119,14.423173
0.338020833333337,0.000245164759689942,0.002314441604539752,0.0002771809231489897,-0.0005060922121629119,14.423173
0.33854166666667035,0.0002453196211718023,0.002314441604539752,0.0002771809231489897,-0.0005060922121629119,14.423173
0.3390625000000037,0.0002454759960528463,0.002314441604539752,0.0002771809231489897,-0.0005060922121629119,14.423173
0.33958333333333707,0.0002456318470649421,0.002314441604539752,0.0002771809231489897,-0.0005060922121629119,14.423173
0.3401041666666704,0.00024578790180385113,0.002314441604539752,0.0002771809231489897,-0.0005060922121629119,14.423173
0.3406250000000038,0.00024594287970103323,0.002314441604539752,0.0002771809231489897,-0.0005060922121629119,14.423173
0.34114583333333715,0.0002460980031173676,0.002314441604539752,0.0002771809231489897,-0.0005060922121629119,14.423173
0.3416666666666705,0.0002462529228068888,0.002314441604539752,0.0002771809231489897,-0.0005060922121629119,14.423173
0.34218750000000386,0.0002464072604198009,0.002314441604539752,0.0002771809231489897,-0.0005060922121629119,14.423173
0.3427083333333372,0.00024656110326759517,0.002314441604539752,0.0002771809231489897,-0.0005060922121629119,14.423173
0.3432291666666706,0.00024671456776559353,0.002314441604539752,0.0002771809231489897,-0.0005060922121629119,14.423173
0.34375000000000394,0.000246868294198066,0.002314441604539752,0.0002771809231489897,-0.0005060922121629119,14.423173
0.3442708333333373,7.26590005797334e-05,0.002159117953851819,0.00026191366487182677,-0.00017832776939030737,14.423173
0.34479166666667066,-0.0015907837077975273,0.001810992369428277,-8.368882117792964e-05,0.0007253313669934869,14.423173
0.345312500000004,-0.003072330029681325,0.0017737073358148336,-0.0007623168639838696,0.0010550010483711958,14.423173
0.3458333333333374,-0.004410452209413052,0.0022388913203030825,-0.001432530116289854,0.0013109231367707253,14.423173
0.34635416666667074,-0.005624602548778057,0.003120659152045846,-0.0020726800430566072,0.00151078961789608,14.423173
0.3468750000000041,-0.006714331917464733,0.0039255148731172085,-0.002685514045879245,0.0016820395831018686,14.423173
0.34739583333333746,-0.00768700847402215,0.004706328269094229,-0.0032761639449745417,0.0018267163541167974,14.423173
0.3479166666666708,-0.008550482802093029,0.005458015948534012,-0.0038424839731305838,0.0019427596125751734,14.423173
0.3484375000000042,-0.009311441332101822,0.006182078737765551,-0.004382976330816746,0.0020331123378127813,14.423173
0.34895833333333753,-0.009977292269468307,0.006867070682346821,-0.004900421481579542,0.002101949881762266,14.423173
0.3494791666666709,-0.010554373264312744,0.007528820540755987,-0.005387242417782545,0.002148285275325179,14.423173
0.35000000000000425,-0.011049053631722927,0.008146584965288639,-0.005847468972206116,0.002177460817620158,14.423173
0.3505208333333376,-0.011467115953564644,0.008729699067771435,-0.006275902036577463,0.002189985942095518,14.423173
0.35104166666667097,-0.011814574711024761,0.009282534010708332,-0.006668790243566036,0.0021825176663696766,14.423173
0.35156250000000433,-0.012096437625586987,0.009790051728487015,-0.00702511565759778,0.0021613463759422302,14.423173
0.3520833333333377,-0.012318245135247707,0.01026337780058384,-0.007343688514083624,0.0021248662378638983,14.423173
0.35260416666667105,-0.01248405035585165,0.010696734301745892,-0.007620091550052166,0.0020818135235458612,14.423173
0.3531250000000044,-0.012599378824234009,0.01109402347356081,-0.007850673981010914,0.002025251742452383,14.423173
0.35364583333333777,-0.01266789622604847,0.011448735371232033,-0.008031594567000866,0.0019593697506934404,14.423173
0.3541666666666711,-0.012694687582552433,0.011760064400732517,-0.008145994506776333,0.0018853578949347138,14.423173
0.3546875000000045,-0.012692763470113277,0.011989281512796879,-0.008174853399395943,0.0018062916351482272,14.423173
0.35520833333333784,-0.01268054824322462,0.012213618494570255,-0.00816404540091753,0.0017085891449823976,14.423173
0.3557291666666712,-0.012662791647017002,0.012436101213097572,-0.008163273334503174,0.0015943851321935654,14.423173
0.35625000000000456,-0.012640971690416336,0.012639782391488552,-0.008176079019904137,0.0014741744380444288,14.423173
0.3567708333333379,-0.012614731676876545,0.012844660319387913,-0.008192402310669422,0.0013561362866312265,14.423173
0.3572916666666713,-0.012585001066327095,0.01304280199110508,-0.008213978260755539,0.0012384222354739904,14.423173
0.35781250000000464,-0.012617925181984901,0.013207118958234787,-0.008236433379352093,0.001045738346874714,14.423173
0.358333333333338,-0.012624607421457767,0.013392687775194645,-0.008267221041023731,0.0009047411731444299,14.423173
0.35885416666667136,-0.012616154737770557,0.01354980655014515,-0.00826863944530487,0.0008057564264163375,14.423173
0.3593750000000047,-0.012602153234183788,0.013713552616536617,-0.00827054399996996,0.000700080709066242,14.423173
0.3598958333333381,-0.012583970092236996,0.01387824583798647,-0.00827720109373331,0.000594298995565623,14.423173
0.36041666666667144,-0.012562194839119911,0.014039346016943455,-0.00828583911061287,0.0004894708981737494,14.423173
0.3609375000000048,-0.01253688707947731,0.014198264107108116,-0.008297359570860863,0.0003799606638494879,14.423173
0.36145833333333816,-0.012508478946983814,0.014353248290717602,-0.008311502635478973,0.0002677223819773644,14.423173
0.3619791666666715,-0.012477238662540913,0.014500009827315807,-0.008329173550009727,0.0001606605073902756,14.423173
0.3625000000000049,-0.012443295679986477,0.014644854702055454,-0.008348961360752583,5.4620468290522695e-05,14.423173
0.36302083333333823,-0.012406902387738228,0.014782911166548729,-0.008370749652385712,-4.184184581390582e-05,14.423173
0.3635416666666716,-0.012368676252663136,0.014921250753104687,-0.008392445743083954,-0.00013830269745085388,14.423173
0.36406250000000495,-0.012328141368925571,0.015046785585582256,-0.008415816351771355,-0.00023323619097936898,14.423173
0.3645833333333383,-0.012285728007555008,0.015168714337050915,-0.008438538759946823,-0.0003186105750501156,14.423173
0.36510416666667167,-0.012241519056260586,0.015286853536963463,-0.008462220430374146,-0.00040291561163030565,14.423173
0.36562500000000503,-0.012195602059364319,0.015393944457173347,-0.00848489347845316,-0.00048738799523562193,14.423173
0.3661458333333384,-0.012147800996899605,0.015498804859817028,-0.008507956750690937,-0.0005649315426126122,14.423173
0.36666666666667175,-0.012098505161702633,0.015596712939441204,-0.008530989289283752,-0.0006453150417655706,14.423173
0.3671875000000051,-0.012047751806676388,0.015687551349401474,-0.00855398178100586,-0.0007217871025204659,14.423173
0.36770833333333847,-0.011995512992143631,0.015777016058564186,-0.008577023632824421,-0.0007966223638504744,14.423173
0.3682291666666718,-0.011941896751523018,0.01585858128964901,-0.008599570952355862,-0.0008730118279345334,14.423173
0.3687500000000052,-0.011887152679264545,0.015933021903038025,-0.008620324544608593,-0.0009405952878296375,14.423173
0.36927083333333854,-0.011831198818981647,0.016004273667931557,-0.008641852997243404,-0.0010067413095384836,14.423173
0.3697916666666719,-0.01177404634654522,0.01606927253305912,-0.008662429638206959,-0.001074767904356122,14.423173
0.37031250000000526,-0.011715983971953392,0.016127053648233414,-0.008680618368089199,-0.001140710897743702,14.423173
0.3708333333333386,-0.011656951159238815,0.01618298515677452,-0.008697747252881527,-0.001198365236632526,14.423173
0.371354166666672,-0.011597306467592716,0.016234615817666054,-0.008714236319065094,-0.001255998038686812,14.423173
0.37187500000000534,-0.01153666339814663,0.016274813562631607,-0.008730080910027027,-0.001312448177486658,14.423173
0.3723958333333387,-0.011475341394543648,0.016313616186380386,-0.0087444381788373,-0.0013589138397946954,14.423173
0.37291666666667206,-0.011413319036364555,0.016346577554941177,-0.008759337477385998,-0.0014049719320610166,14.423173
0.3734375000000054,-0.011350609362125397,0.016374919563531876,-0.00877357181161642,-0.0014525424921885133,14.423173
0.3739583333333388,-0.011287404224276543,0.016401592642068863,-0.008785685524344444,-0.0014979647239670157,14.423173
0.37447916666667214,-0.011223684065043926,0.01641909033060074,-0.00879827979952097,-0.0015450124628841877,14.423173
0.3750000000000055,-0.01115914061665535,0.016438713297247887,-0.008809167891740799,-0.0015923541504889727,14.423173
0.37552083333333885,-0.011094280518591404,0.016451941803097725,-0.008820243179798126,-0.0016388113144785166,14.423173
0.3760416666666722,-0.011029076762497425,0.016460396349430084,-0.008830354548990726,-0.0016818284057080746,14.423173
0.3765625000000056,-0.010963579639792442,0.016467826440930367,-0.008838051930069923,-0.0017175044631585479,14.423173
0.37708333333333893,-0.010897609405219555,0.016467703506350517,-0.008845865726470947,-0.0017526138108223677,14.423173
0.3776041666666723,-0.01083159539848566,0.016469517722725868,-0.008851627819240093,-0.0017886558780446649,14.423173
0.37812500000000565,-0.010765441693365574,0.016465622931718826,-0.00885662529617548,-0.001824230421334505,14.423173
0.378645833333339,-0.01069906260818243,0.01645798794925213,-0.008860060013830662,-0.0018500711303204298,14.423173
0.37916666666667237,-0.010632546618580818,0.01644996926188469,-0.008863624185323715,-0.001874473295174539,14.423173
0.37968750000000573,-0.010565984062850475,0.016438888385891914,-0.008866343647241592,-0.0018991015385836363,14.423173
0.3802083333333391,-0.010499587282538414,0.016423698514699936,-0.00886970479041338,-0.0019214863423258066,14.423173
0.38072916666667245,-0.01043311320245266,0.016408005729317665,-0.008872386068105698,-0.0019447887316346169,14.423173
0.3812500000000058,-0.01036694087088108,0.016388842836022377,-0.00887276977300644,-0.001956056570634246,14.423173
0.38177083333333917,-0.010300762951374054,0.016366951167583466,-0.008871919475495815,-0.001966750016435981,14.423173
0.3822916666666725,-0.010234853252768517,0.016344305127859116,-0.00887017510831356,-0.0019836982246488333,14.423173
0.3828125000000059,-0.010168943554162979,0.01631743647158146,-0.00886912178248167,-0.002008255571126938,14.423173
0.38333333333333924,-0.010103056207299232,0.01628590002655983,-0.008867473341524601,-0.0020319740287959576,14.423173
0.3838541666666726,-0.01003748457878828,0.016253141686320305,-0.008864183910191059,-0.00205729017034173,14.423173
0.38437500000000596,-0.00997206848114729,0.01621958054602146,-0.00885987002402544,-0.002077119192108512,14.423173
0.3848958333333393,-0.009907253086566925,0.01618504524230957,-0.008855047635734081,-0.0020876266062259674,14.423173
0.3854166666666727,-0.009842827916145325,0.01615072228014469,-0.008850617334246635,-0.002098079537972808,14.423173
0.38593750000000604,-0.009778797626495361,0.016114654019474983,-0.008844713680446148,-0.002108671935275197,14.423173
0.3864583333333394,-0.009715083055198193,0.01607304997742176,-0.008840149268507957,-0.0021194859873503447,14.423173
0.38697916666667276,-0.00965198129415512,0.016031326726078987,-0.0088350223377347,-0.0021303975954651833,14.423173
0.3875000000000061,-0.009589198045432568,0.015989145264029503,-0.008829422295093536,-0.002141619333997369,14.423173
0.3880208333333395,-0.009526903741061687,0.015943679958581924,-0.008823654614388943,-0.002153657376766205,14.423173
0.38854166666667284,-0.009465323761105537,0.01590283028781414,-0.008812312968075275,-0.0021548557560890913,14.423173
0.3890625000000062,-0.009404104202985764,0.015855655074119568,-0.008802207186818123,-0.0021560511086136103,14.423173
0.38958333333333955,-0.009343588724732399,0.015811793506145477,-0.008790547028183937,-0.002157052746042609,14.423173
0.3901041666666729,-0.009283767081797123,0.015766829252243042,-0.008778579533100128,-0.002157418290153146,14.423173
0.3906250000000063,-0.009224534966051579,0.01571713760495186,-0.008766205050051212,-0.002157303737476468,14.423173
0.39114583333333963,-0.009165942668914795,0.015668241307139397,-0.008753320202231407,-0.002157424110919237,14.423173
0.391666666666673,-0.00910803209990263,0.015620056539773941,-0.008741903118789196,-0.002158434595912695,14.423173
0.39218750000000635,-0.009050840511918068,0.015571209602057934,-0.008730593137443066,-0.0021607871167361736,14.423173
0.3927083333333397,-0.008994382806122303,0.015520904213190079,-0.008718526922166348,-0.0021655219607055187,14.423173
0.39322916666667307,-0.00893849041312933,0.015469791367650032,-0.008707495406270027,-0.0021773462649434805,14.423173
0.39375000000000643,-0.00888323038816452,0.015419147908687592,-0.008695208467543125,-0.002185947960242629,14.423173
0.3942708333333398,-0.008828794583678246,0.015369664877653122,-0.008680973201990128,-0.0021864220034331083,14.423173
0.39479166666667315,-0.00877534318715334,0.015318808145821095,-0.008666467852890491,-0.0021865651942789555,14.423173
0.3953125000000065,-0.008722619153559208,0.015269623138010502,-0.008651887066662312,-0.0021878809202462435,14.423173
0.39583333333333987,-0.008670713752508163,0.015217171981930733,-0.008638031780719757,-0.002189287915825844,14.423173
0.3963541666666732,-0.008619730360805988,0.01516428217291832,-0.008624613285064697,-0.002190249040722847,14.423173
0.3968750000000066,-0.008569523692131042,0.015112526714801788,-0.008611464872956276,-0.002190931933000684,14.423173
0.39739583333333994,-0.00852019339799881,0.015060116536915302,-0.008597446605563164,-0.002191230421885848,14.423173
0.3979166666666733,-0.00847180001437664,0.015008481219410896,-0.008582836017012596,-0.002191863488405943,14.423173
0.39843750000000666,-0.008424146100878716,0.014956554397940636,-0.008569768629968166,-0.00219170656055212,14.423173
0.39895833333334,-0.008377522230148315,0.014903917908668518,-0.008556813932955265,-0.0021908399648964405,14.423173
0.3994791666666734,-0.008331790566444397,0.014852162450551987,-0.008545012213289738,-0.002188942162320018,14.423173
0.40000000000000674,-0.00828710850328207,0.01479975413531065,-0.008533291518688202,-0.0021869537886232138,14.423173
0.4005208333333401,-0.008243228308856487,0.014748630113899708,-0.008521147072315216,-0.002186365192756057,14.423173
0.40104166666667346,-0.008200287818908691,0.014698444865643978,-0.008509638719260693,-0.002186146564781666,14.423173
0.4015625000000068,-0.008158293552696705,0.014648867771029472,-0.008498353883624077,-0.0021858662366867065,14.423173
0.4020833333333402,-0.00811726599931717,0.014598964713513851,-0.008484924212098122,-0.002187913516536355,14.423173
0.40260416666667354,-0.008077132515609264,0.014549780637025833,-0.008471225388348103,-0.0021792249754071236,14.423173
0.4031250000000069,-0.008037904277443886,0.014501575380563736,-0.00845633540302515,-0.0021681643556803465,14.423173
0.40364583333334025,-0.007999914698302746,0.01445219200104475,-0.008439948782324791,-0.002156778471544385,14.423173
0.4041666666666736,-0.00796279776841402,0.014403942041099072,-0.008424241095781326,-0.0021446531172841787,14.423173
0.40468750000000697,-0.007926489226520061,0.014355776831507683,-0.008408837951719761,-0.002132783643901348,14.423173
0.40520833333334033,-0.007891273126006126,0.014308619312942028,-0.008393011055886745,-0.0021211642306298018,14.423173
0.4057291666666737,-0.00785706378519535,0.014261525124311447,-0.00837777554988861,-0.0021096947602927685,14.423173
0.40625000000000705,-0.007823863066732883,0.014215555042028427,-0.008363737724721432,-0.0020984173752367496,14.423173
0.4067708333333404,-0.00779159739613533,0.014168968424201012,-0.008347623981535435,-0.0020889202132821083,14.423173
0.40729166666667377,-0.007760200183838606,0.014125771820545197,-0.008331814780831337,-0.002078671008348465,14.423173
0.4078125000000071,-0.007729837205260992,0.014079505577683449,-0.00831529125571251,-0.0020681112073361874,14.423173
0.4083333333333405,-0.007700546644628048,0.014036825858056545,-0.008298661559820175,-0.002058006590232253,14.423173
0.40885416666667385,-0.007672109641134739,0.01399204507470131,-0.008282622322440147,-0.0020459694787859917,14.423173
0.4093750000000072,-0.0076447781175374985,0.01394969318062067,-0.008265769109129906,-0.0020334201399236917,14.423173
0.40989583333334056,-0.0076184566132724285,0.0139048732817173,-0.008247862569987774,-0.0020197646226733923,14.423173
0.4104166666666739,-0.007593061774969101,0.013865001499652863,-0.008228971622884274,-0.0020093536004424095,14.423173
0.4109375000000073,-0.007568616420030594,0.013820822350680828,-0.008207710459828377,-0.0019983670208603144,14.423173
0.41145833333334064,-0.007545089349150658,0.013780783861875534,-0.008185874670743942,-0.001990359742194414,14.423173
0.411979166666674,-0.007522638887166977,0.013738815672695637,-0.00816213060170412,-0.0019822216127067804,14.423173
0.41250000000000736,-0.007501058746129274,0.013700616545975208,-0.008137133903801441,-0.0019745626486837864,14.423173
0.4130208333333407,-0.0074804252944886684,0.01366246584802866,-0.008112557232379913,-0.0019668154418468475,14.423173
0.4135416666666741,-0.007460875902324915,0.013627098873257637,-0.008087441325187683,-0.001966181444004178,14.423173
0.41406250000000744,-0.0074421996250748634,0.013590220361948013,-0.008061567321419716,-0.0019692087080329657,14.423173
0.4145833333333408,-0.007424473762512207,0.01355537585914135,-0.00803489051759243,-0.0019723500590771437,14.423173
0.41510416666667416,-0.007407682947814465,0.013520332053303719,-0.008006739430129528,-0.001973833655938506,14.423173
0.4156250000000075,-0.00739189563319087,0.013487453572452068,-0.007978945970535278,-0.0019770136568695307,14.423173
0.4161458333333409,-0.007377010304480791,0.013454326428472996,-0.007952267304062843,-0.0019796150736510754,14.423173
0.41666666666667423,-0.007363105192780495,0.013423576019704342,-0.007928990758955479,-0.0019826218485832214,14.423173
0.4171875000000076,-0.007350139785557985,0.013394609093666077,-0.007907827384769917,-0.0019851340912282467,14.423173
0.41770833333334095,-0.007337934337556362,0.013366988860070705,-0.007888217456638813,-0.001988042611628771,14.423173
0.4182291666666743,-0.007326832506805658,0.013340748846530914,-0.007872815243899822,-0.0019907718524336815,14.423173
0.41875000000000767,-0.007316494360566139,0.013315645977854729,-0.007863328792154789,-0.0019911243580281734,14.423173
0.41927083333334103,-0.007307090796530247,0.013291934505105019,-0.007859264500439167,-0.0019906118977814913,14.423173
0.4197916666666744,-0.007298527285456657,0.013268749229609966,-0.007856919430196285,-0.0019906945526599884,14.423173
0.42031250000000775,-0.007290871813893318,0.013247096911072731,-0.007856030017137527,-0.00199088710360229,14.423173
0.4208333333333411,-0.0072838799096643925,0.013228364288806915,-0.007856120355427265,-0.0019909124821424484,14.423173
0.42135416666667447,-0.007277754135429859,0.013209521770477295,-0.00785791128873825,-0.001989897806197405,14.423173
0.4218750000000078,-0.007272528484463692,0.013194155879318714,-0.007859271951019764,-0.001991028431802988,14.423173
0.4223958333333412,-0.007268008776009083,0.013177619315683842,-0.007860389538109303,-0.001991256605833769,14.423173
0.42291666666667455,-0.007264399901032448,0.013164223171770573,-0.007860714569687843,-0.001991939265280962,14.423173
0.4234375000000079,-0.007261343766003847,0.01315124798566103,-0.007859925739467144,-0.0019935716409236193,14.423173
0.42395833333334126,-0.007258992176502943,0.013140244409441948,-0.007858510129153728,-0.001994964201003313,14.423173
0.4244791666666746,-0.007257985882461071,0.013134156353771687,-0.007856457494199276,-0.0019964396487921476,14.423173
0.425000000000008,-0.0072576128877699375,0.013132029213011265,-0.0078551871702075,-0.0019981919322162867,14.423173
0.42552083333334134,-0.007257601246237755,0.013131821528077126,-0.007854267954826355,-0.001998427091166377,14.423173
0.4260416666666747,-0.0072575644589960575,0.013131193816661835,-0.007854125462472439,-0.001998812658712268,14.423173
0.42656250000000806,-0.007257545366883278,0.013131269253790379,-0.007853783667087555,-0.002000318141654134,14.423173
0.4270833333333414,-0.007257541641592979,0.013133382424712181,-0.007853006944060326,-0.002001430606469512,14.423173
0.4276041666666748,-0.007257362361997366,0.0131317637860775,-0.007853252813220024,-0.0020013812463730574,14.423173
0.42812500000000814,-0.007257341407239437,0.013133038766682148,-0.007852787151932716,-0.002001037821173668,14.423173
0.4286458333333415,-0.007257319986820221,0.013131487183272839,-0.007852135226130486,-0.002001160755753517,14.423173
0.42916666666667486,-0.007257248740643263,0.013130750507116318,-0.007850851863622665,-0.0020012641325592995,14.423173
0.4296875000000082,-0.007257233373820782,0.013129661791026592,-0.007848747074604034,-0.0020014611072838306,14.423173
0.4302083333333416,-0.007257184479385614,0.013128210790455341,-0.007847934029996395,-0.002001276006922126,14.423173
0.43072916666667493,-0.007257166318595409,0.013126824051141739,-0.007847274653613567,-0.0020013879984617233,14.423173
0.4312500000000083,-0.0072570908814668655,0.013125511817634106,-0.007847102358937263,-0.0020004783291369677,14.423173
0.43177083333334165,-0.007257064804434776,0.01312474999576807,-0.00784680712968111,-0.0020009325817227364,14.423173
0.432291666666675,-0.007257011719048023,0.013124375604093075,-0.007846885360777378,-0.002001742832362652,14.423173
0.43281250000000837,-0.007256992626935244,0.013124175369739532,-0.007847774773836136,-0.0020021535456180573,14.423173
0.43333333333334173,-0.007256980054080486,0.013124375604093075,-0.007848164066672325,-0.002001347951591015,14.423173
0.4338541666666751,-0.007256960030645132,0.013124139979481697,-0.007848690263926983,-0.002000540727749467,14.423173
0.43437500000000845,-0.007256940472871065,0.013125214725732803,-0.00784928910434246,-0.0019997714553028345,14.423173
0.4348958333333418,-0.0072569171898067,0.013125710189342499,-0.00784966442734003,-0.001998622203245759,14.423173
0.43541666666667517,-0.007256906945258379,0.013126409612596035,-0.007849817164242268,-0.0019974892493337393,14.423173
0.4359375000000085,-0.00725688599050045,0.013127286918461323,-0.00785148050636053,-0.0019965139217674732,14.423173
0.4364583333333419,-0.007256865501403809,0.013127326965332031,-0.007852630689740181,-0.0019960340578109026,14.423173
0.43697916666667524,-0.007256845943629742,0.013127255253493786,-0.007852989248931408,-0.0019948577973991632,14.423173
0.4375000000000086,-0.0072568184696137905,0.013127387501299381,-0.0078529492020607,-0.0019951937720179558,14.423173
0.43802083333334196,-0.007256801705807447,0.013126406818628311,-0.007851751521229744,-0.0019955786410719156,14.423173
0.4385416666666753,-0.007256796583533287,0.013125489465892315,-0.007851926609873772,-0.0019973265007138252,14.423173
0.4390625000000087,-0.007256738841533661,0.013122638687491417,-0.007851391099393368,-0.001997571438550949,14.423173
0.43958333333334204,-0.00725673558190465,0.013122009113430977,-0.007852480746805668,-0.00199543172493577,14.423173
0.4401041666666754,-0.007256698794662952,0.013119854964315891,-0.007850337773561478,-0.001993730664253235,14.423173
0.44062500000000876,-0.00725669227540493,0.013119440525770187,-0.007849513553082943,-0.0019935148302465677,14.423173
0.4411458333333421,-0.007256657350808382,0.013117840513586998,-0.00784834660589695,-0.001992246136069298,14.423173
0.4416666666666755,-0.007256646174937487,0.013116792775690556,-0.007848165929317474,-0.0019918326288461685,14.423173
0.44218750000000884,-0.007256582845002413,0.013115298934280872,-0.007847345434129238,-0.0019907995592802763,14.423173
0.4427083333333422,-0.00725656608119607,0.013114388100802898,-0.00784765649586916,-0.0019891669508069754,14.423173
0.44322916666667556,-0.007256559561938047,0.01311432383954525,-0.007847832515835762,-0.001989019103348255,14.423173
0.4437500000000089,-0.007256482727825642,0.013113525696098804,-0.007848388515412807,-0.0019871899858117104,14.423173
0.4442708333333423,-0.007256468292325735,0.013113466091454029,-0.007848327048122883,-0.001986236311495304,14.423173
0.44479166666667563,-0.007256449665874243,0.013115300796926022,-0.007851667702198029,-0.0019865885842591524,14.423173
0.445312500000009,-0.007256418000906706,0.013118021190166473,-0.007854415103793144,-0.0019871853291988373,14.423173
0.44583333333334235,-0.007256409153342247,0.013120107352733612,-0.007853895425796509,-0.0019892072305083275,14.423173
0.4463541666666757,-0.007256270851939917,0.013118300586938858,-0.007854172959923744,-0.0019885736983269453,14.423173
0.44687500000000907,-0.007256254553794861,0.01311908196657896,-0.00785495713353157,-0.001988673582673073,14.423173
0.44739583333334243,-0.007256222888827324,0.013119186274707317,-0.007856816053390503,-0.0019886053632944822,14.423173
0.4479166666666758,-0.0072562070563435555,0.013120799325406551,-0.007857260294258595,-0.001989348093047738,14.423173
0.44843750000000915,-0.0072561223059892654,0.013121291995048523,-0.00785892829298973,-0.001990839373320341,14.423173
0.4489583333333425,-0.007256110664457083,0.013122431933879852,-0.007858761586248875,-0.00199105148203671,14.423173
0.44947916666667587,-0.007256058044731617,0.013123306445777416,-0.007860375568270683,-0.0019908391404896975,14.423173
0.4500000000000092,-0.0072560436092317104,0.013125238940119743,-0.007861228659749031,-0.001992550678551197,14.423173
0.4505208333333426,-0.0072559453547000885,0.013125850819051266,-0.007863285019993782,-0.001999795436859131,14.423173
0.45104166666667594,-0.007255943957716227,0.013127840124070644,-0.007865006104111671,-0.00199903710745275,14.423173
0.4515625000000093,-0.007255862466990948,0.013128729537129402,-0.007867541164159775,-0.001998957246541977,14.423173
0.45208333333334266,-0.007255801931023598,0.013129984959959984,-0.007869838736951351,-0.0019970296416431665,14.423173
0.452604166666676,-0.0072558000683784485,0.013132292777299881,-0.007872233167290688,-0.0019974696915596724,14.423173
0.4531250000000094,-0.007255626376718283,0.013131213374435902,-0.007872962392866611,-0.0019972221925854683,14.423173
0.45364583333334274,-0.007255620788782835,0.013132499530911446,-0.00787427183240652,-0.0019981469959020615,14.423173
0.4541666666666761,-0.007255519274622202,0.013132995925843716,-0.007875807583332062,-0.0019979041535407305,14.423173
0.45468750000000946,-0.007255499716848135,0.01313378568738699,-0.007877526804804802,-0.0019989104475826025,14.423173
0.4552083333333428,-0.0072554717771708965,0.013136478140950203,-0.007879188284277916,-0.0019996631890535355,14.423173
0.4557291666666762,-0.0072553567588329315,0.013136141933500767,-0.007881123572587967,-0.0019990364089608192,14.423173
0.45625000000000954,-0.0072553460486233234,0.01313742808997631,-0.00788254663348198,-0.001998263644054532,14.423173
0.4567708333333429,-0.0072553143836557865,0.013137713074684143,-0.00788403581827879,-0.001997052924707532,14.423173
0.45729166666667626,-0.007255299482494593,0.01313780527561903,-0.007883815094828606,-0.001997980521991849,14.423173
0.4578125000000096,-0.00725525664165616,0.013137699104845524,-0.007882973179221153,-0.0019976107869297266,14.423173
0.458333333333343,-0.007255245000123978,0.01313745602965355,-0.007881618104875088,-0.0019963376689702272,14.423173
0.45885416666667633,-0.007255229167640209,0.013137804344296455,-0.00788142904639244,-0.0019955181051045656,14.423173
0.4593750000000097,-0.007255205884575844,0.013137057423591614,-0.00788182020187378,-0.0019944009836763144,14.423173
0.45989583333334305,-0.007255200296640396,0.013137564063072205,-0.007881530560553074,-0.0019933641888201237,14.423173
0.4604166666666764,-0.0072551509365439415,0.013137838803231716,-0.007883597165346146,-0.001993799116462469,14.423173
0.46093750000000977,-0.00725512532517314,0.013138655573129654,-0.007885986007750034,-0.001994218211621046,14.423173
0.46145833333334313,-0.007255082484334707,0.013138863258063793,-0.007887868210673332,-0.0019930920097976923,14.423173
0.4619791666666765,-0.007255071774125099,0.01313906442373991,-0.007890359498560429,-0.001992379082366824,14.423173
0.46250000000000985,-0.007255053613334894,0.01314125582575798,-0.007891510613262653,-0.0019915930461138487,14.423173
0.4630208333333432,-0.007254868745803833,0.013140635564923286,-0.007892057299613953,-0.001991363475099206,14.423173
0.46354166666667657,-0.00725486921146512,0.013141782023012638,-0.00789332203567028,-0.001989671727642417,14.423173
0.4640625000000099,-0.007254767697304487,0.013140605762600899,-0.00789416953921318,-0.0019883685745298862,14.423173
0.4645833333333433,-0.007254763972014189,0.013141953386366367,-0.00789583008736372,-0.001987883821129799,14.423173
0.46510416666667664,-0.007254710420966148,0.013140669092535973,-0.007895446382462978,-0.0019855652935802937,14.423173
0.46562500000001,-0.007254656404256821,0.013140304945409298,-0.00789682101458311,-0.001989820972084999,14.423173
0.46614583333334336,-0.0072546461597085,0.013141889125108719,-0.007898863404989243,-0.0019907113164663315,14.423173
0.4666666666666767,-0.007254534866660833,0.013141599483788013,-0.007900644093751907,-0.001988852396607399,14.423173
0.4671875000000101,-0.007254519034177065,0.013143466785550117,-0.00790200661867857,-0.001988806528970599,14.423173
0.46770833333334344,-0.007254439406096935,0.013143504038453102,-0.007903244346380234,-0.0019890437833964825,14.423173
0.4682291666666768,-0.007254420779645443,0.013143369928002357,-0.007902370765805244,-0.0019907276146113873,14.423173
0.46875000000001016,-0.007254405878484249,0.013142148964107037,-0.00790226086974144,-0.0019916414748877287,14.423173
0.4692708333333435,-0.007254356052726507,0.01314190961420536,-0.007902510464191437,-0.001991756958886981,14.423173
0.4697916666666769,-0.007254330441355705,0.013141768984496593,-0.007904091849923134,-0.0019925665110349655,14.423173
0.47031250000001024,-0.007254320662468672,0.0131422970443964,-0.007904802449047565,-0.0019921327475458384,14.423173
0.4708333333333436,-0.007254287134855986,0.013141746632754803,-0.007905335165560246,-0.001991783967241645,14.423173
0.47135416666667695,-0.007254267577081919,0.01314221229404211,-0.007906554266810417,-0.001991436816751957,14.423173
0.4718750000000103,-0.007254253141582012,0.013142652809619904,-0.007907293736934662,-0.0019917082972824574,14.423173
0.4723958333333437,-0.007254240568727255,0.013143971562385559,-0.007906949147582054,-0.0019916018936783075,14.423173
0.47291666666667703,-0.007254180498421192,0.013144580647349358,-0.007906660437583923,-0.0019926049280911684,14.423173
0.4734375000000104,-0.007254175376147032,0.013145673088729382,-0.007906048558652401,-0.0019921085331588984,14.423173
0.47395833333334375,-0.007254122290760279,0.013146189041435719,-0.00790731143206358,-0.0019933136645704508,14.423173
0.4744791666666771,-0.007254112511873245,0.013147566467523575,-0.007907800376415253,-0.001994070364162326,14.423173
0.47500000000001047,-0.007254010997712612,0.013147499412298203,-0.007907376624643803,-0.001993439858779311,14.423173
0.47552083333334383,-0.007254002150148153,0.013148987665772438,-0.007907483726739883,-0.001992590958252549,14.423173
0.4760416666666772,-0.007253909949213266,0.013149397447705269,-0.007907749153673649,-0.0019920526538044214,14.423173
0.47656250000001055,-0.0072538950480520725,0.013151690363883972,-0.007907653227448463,-0.0019919283222407103,14.423173
0.4770833333333439,-0.007253753021359444,0.013151193968951702,-0.007907133549451828,-0.001991169760003686,14.423173
0.47760416666667727,-0.007253733463585377,0.01315268687903881,-0.007907492108643055,-0.0019904612563550472,14.423173
0.4781250000000106,-0.007253712974488735,0.013152936473488808,-0.007907764986157417,-0.0019901785999536514,14.423173
0.478645833333344,-0.007253670133650303,0.013152792118489742,-0.007906635291874409,-0.001990587916225195,14.423173
0.47916666666667734,-0.007253652438521385,0.013152525760233402,-0.00790545716881752,-0.001991244498640299,14.423173
0.4796875000000107,-0.007253614254295826,0.013150782324373722,-0.007903676480054855,-0.0019899955950677395,14.423173
0.48020833333334406,-0.007253590971231461,0.013149566948413849,-0.007901710458099842,-0.0019894943106919527,14.423173
0.4807291666666774,-0.007253587245941162,0.013148833066225052,-0.007901511155068874,-0.0019908517133444548,14.423173
0.4812500000000108,-0.007253555580973625,0.013149065896868706,-0.00790079589933157,-0.0019923450890928507,14.423173
0.48177083333334414,-0.007253542542457581,0.013149138540029526,-0.007899578660726547,-0.001994142308831215,14.423173
0.4822916666666775,-0.007253474555909634,0.013146803714334965,-0.00789694394916296,-0.00199175626039505,14.423173
0.48281250000001086,-0.007253454998135567,0.013145491480827332,-0.007896032184362411,-0.0019919092301279306,14.423173
0.4833333333333442,-0.007253414951264858,0.013144148513674736,-0.00789437722414732,-0.0019912642892450094,14.423173
0.4838541666666776,-0.007253394462168217,0.013143626973032951,-0.007892867550253868,-0.001991932513192296,14.423173
0.48437500000001094,-0.007253337185829878,0.013142978772521019,-0.007890556007623672,-0.0019911802373826504,14.423173
0.4848958333333443,-0.0072533185593783855,0.013143213465809822,-0.007888207212090492,-0.0019901522900909185,14.423173
0.48541666666667765,-0.0072532398626208305,0.013142328709363937,-0.007886807434260845,-0.0019887415692210197,14.423173
0.485937500000011,-0.007253226824104786,0.013143060728907585,-0.007886534556746483,-0.001988494535908103,14.423173
0.4864583333333444,-0.007253176532685757,0.013142888434231281,-0.007887064479291439,-0.0019889003597199917,14.423173
0.48697916666667773,-0.00725314998999238,0.013143086805939674,-0.007887465879321098,-0.001988239586353302,14.423173
0.4875000000000111,-0.007253142073750496,0.013143577612936497,-0.007887664251029491,-0.0019885674118995667,14.423173
0.48802083333334445,-0.007253098767250776,0.013142751529812813,-0.007885363884270191,-0.001985089387744665,14.423173
0.4885416666666778,-0.0072529674507677555,0.013142452575266361,-0.007884973660111427,-0.0019872444681823254,14.423173
0.48906250000001117,-0.007252958603203297,0.013142178766429424,-0.007884211838245392,-0.001985374605283141,14.423173
0.48958333333334453,-0.007252889685332775,0.013140966184437275,-0.007883688434958458,-0.0019825941417366266,14.423173
0.4901041666666779,-0.007252867799252272,0.013139820657670498,-0.007883824408054352,-0.001980033004656434,14.423173
0.49062500000001125,-0.007252849638462067,0.013139083050191402,-0.007883395068347454,-0.0019802269525825977,14.423173
0.4911458333333446,-0.00725283520296216,0.013138087466359138,-0.007882402278482914,-0.001982053741812706,14.423173
0.49166666666667797,-0.007252830546349287,0.013137519359588623,-0.007881728000938892,-0.0019833736587315798,14.423173
0.4921875000000113,-0.007252778857946396,0.013138029724359512,-0.007883788086473942,-0.0019824448972940445,14.423173
0.4927083333333447,-0.007252768147736788,0.013137261383235455,-0.00788399763405323,-0.001983719179406762,14.423173
0.49322916666667804,-0.007252632640302181,0.013136163353919983,-0.007882597856223583,-0.001985256327316165,14.423173
0.4937500000000114,-0.007252493407577276,0.013135429471731186,-0.007881788536906242,-0.0019864579662680626,14.423173
0.49427083333334476,-0.0072523439303040504,0.01313354168087244,-0.00787980854511261,-0.0019889078103005886,14.423173
0.4947916666666781,-0.007252215873450041,0.013129960745573044,-0.007877381518483162,-0.0019889879040420055,14.423173
0.4953125000000115,-0.00725207757204771,0.013127118349075317,-0.007875554263591766,-0.0019893806893378496,14.423173
0.49583333333334484,-0.007251867558807135,0.01312414463609457,-0.007874159142374992,-0.0019900393672287464,14.423173
0.4963541666666782,-0.0072517418302595615,0.013120387680828571,-0.007872435264289379,-0.001989866839721799,14.423173
0.49687500000001156,-0.0072516147047281265,0.013117624446749687,-0.007870743982493877,-0.001989358104765415,14.423173
0.4973958333333449,-0.007251461036503315,0.013115737587213516,-0.007869498804211617,-0.0019915513694286346,14.423173
0.4979166666666783,-0.007251265458762646,0.013115014880895615,-0.00786830298602581,-0.0019934887532144785,14.423173
0.49843750000001164,-0.007251116447150707,0.01311391219496727,-0.00786805059760809,-0.0019948063418269157,14.423173
0.498958333333345,-0.007250973489135504,0.013113133609294891,-0.007868648506700993,-0.0019965071696788073,14.423173
0.49947916666667835,-0.007250762078911066,0.013111013919115067,-0.007868805900216103,-0.0019980890210717916,14.423173
0.5000000000000117,-0.0072508445009589195,0.01311243511736393,-0.007867945358157158,-0.0019996671471744776,14.423173
0.500520833333345,-0.007250687573105097,0.013111798092722893,-0.007867658510804176,-0.001996481791138649,14.423173
0.5010416666666783,-0.007250663358718157,0.01311237271875143,-0.007867805659770966,-0.0019976727198809385,14.423173
0.5015625000000116,-0.007250654511153698,0.013112892396748066,-0.007866306230425835,-0.00199735164642334,14.423173
0.5020833333333449,-0.007250621914863586,0.013111981563270092,-0.007863993756473064,-0.0019983884412795305,14.423173
0.5026041666666782,-0.007250589784234762,0.01311443094164133,-0.007865002378821373,-0.001999496715143323,14.423173
0.5031250000000115,-0.007250424940139055,0.013113586232066154,-0.007867157459259033,-0.0020002194214612246,14.423173
0.5036458333333448,-0.0072504435665905476,0.013113957829773426,-0.007867429405450821,-0.0019999209325760603,14.423173
0.5041666666666781,-0.007250383961945772,0.013112667016685009,-0.007866926491260529,-0.0020003942772746086,14.423173
0.5046875000000114,-0.0072500756941735744,0.013110147789120674,-0.007866269908845425,-0.0020011868327856064,14.423173
0.5052083333333447,-0.007249885238707066,0.013108198530972004,-0.007866045460104942,-0.0020025207195430994,14.423173
0.505729166666678,-0.007249740418046713,0.01310583297163248,-0.00786520540714264,-0.002003734465688467,14.423173
0.5062500000000113,-0.00724962679669261,0.013104154728353024,-0.00786270946264267,-0.002004779875278473,14.423173
0.5067708333333446,-0.007249514572322369,0.013102345168590546,-0.007862784899771214,-0.0020056492649018764,14.423173
0.5072916666666779,-0.007249495945870876,0.013102121651172638,-0.007863993756473064,-0.0020062692929059267,14.423173
0.5078125000000112,-0.007249454967677593,0.01310102827847004,-0.007862932048738003,-0.002005947520956397,14.423173
0.5083333333333445,-0.007249427028000355,0.01310206763446331,-0.007861843332648277,-0.0020071056205779314,14.423173
0.5088541666666778,-0.00724940886721015,0.0131024569272995,-0.00786059070378542,-0.0020077393855899572,14.423173
0.5093750000000111,-0.007249347399920225,0.013103002682328224,-0.007861747406423092,-0.0020084779243916273,14.423173
0.5098958333333444,-0.007249160669744015,0.013101998716592789,-0.00786122027784586,-0.002008926123380661,14.423173
0.5104166666666777,-0.007248979527503252,0.013100994750857353,-0.007859385572373867,-0.0020100639667361975,14.423173
0.510937500000011,-0.007248891517519951,0.013101527467370033,-0.00785901490598917,-0.002010871423408389,14.423173
0.5114583333333443,-0.007248847745358944,0.013101743534207344,-0.007858410477638245,-0.0020094693172723055,14.423173
0.5119791666666776,-0.007248810492455959,0.013101514428853989,-0.007858561351895332,-0.002010368276387453,14.423173
0.512500000000011,-0.007248668931424618,0.013100875541567802,-0.007858939468860626,-0.0020127336028963327,14.423173
0.5130208333333443,-0.007248519919812679,0.013100532814860344,-0.00785791501402855,-0.0020134602673351765,14.423173
0.5135416666666776,-0.007248498499393463,0.013100698590278625,-0.007857765071094036,-0.0020135105587542057,14.423173
0.5140625000000109,-0.007248406298458576,0.013099133037030697,-0.007857562974095345,-0.0020150369964540005,14.423173
0.5145833333333442,-0.007248385343700647,0.013099191710352898,-0.007857891730964184,-0.0020142444409430027,14.423173
0.5151041666666775,-0.007248185575008392,0.01309655886143446,-0.007857656106352806,-0.00201430544257164,14.423173
0.5156250000000108,-0.007248155307024717,0.013096671551465988,-0.007857928052544594,-0.0020135443191975355,14.423173
0.5161458333333441,-0.007248059380799532,0.013094490393996239,-0.007856352254748344,-0.0020137340761721134,14.423173
0.5166666666666774,-0.007248042616993189,0.013095070607960224,-0.007855546660721302,-0.0020151773933321238,14.423173
0.5171875000000107,-0.007247799076139927,0.013091675005853176,-0.007854722440242767,-0.0020174661185592413,14.423173
0.517708333333344,-0.007247790228575468,0.013091777451336384,-0.007854201830923557,-0.002016255399212241,14.423173
0.5182291666666773,-0.007247555069625378,0.01308700256049633,-0.007852637208998203,-0.002016546903178096,14.423173
0.5187500000000106,-0.007247552275657654,0.013086763210594654,-0.007850628346204758,-0.0020142600405961275,14.423173
0.5192708333333439,-0.007247492671012878,0.013087106868624687,-0.007851227186620235,-0.002016155980527401,14.423173
0.5197916666666772,-0.007247111760079861,0.013084924779832363,-0.007851271890103817,-0.002017155522480607,14.423173
0.5203125000000105,-0.0072469767183065414,0.013083803467452526,-0.007850836031138897,-0.0020179885905236006,14.423173
0.5208333333333438,-0.0072469511069357395,0.01308449823409319,-0.007850253023207188,-0.002020270098000765,14.423173
0.5213541666666771,-0.007246826309710741,0.013082442805171013,-0.007849741727113724,-0.0020226743072271347,14.423173
0.5218750000000104,-0.007246810477226973,0.013081936165690422,-0.007850821129977703,-0.002026352798566222,14.423173
0.5223958333333437,-0.007246603257954121,0.013079393655061722,-0.007849936373531818,-0.0020235604606568813,14.423173
0.522916666666677,-0.007246462162584066,0.013079999014735222,-0.007850071415305138,-0.002021893858909607,14.423173
0.5234375000000103,-0.007246437482535839,0.013079360127449036,-0.007848436012864113,-0.002022515283897519,14.423173
0.5239583333333436,-0.00724641140550375,0.013078461401164532,-0.007848135195672512,-0.0020230505615472794,14.423173
0.5244791666666769,-0.007246358320116997,0.013077429495751858,-0.007847506552934647,-0.0020236028358340263,14.423173
0.5250000000000102,-0.0072462246753275394,0.013076871633529663,-0.007846863940358162,-0.0020235255360603333,14.423173
0.5255208333333435,-0.007246199529618025,0.013075626455247402,-0.007845369167625904,-0.0020217536948621273,14.423173
0.5260416666666768,-0.007246112450957298,0.01307531539350748,-0.007844849489629269,-0.0020203955937176943,14.423173
0.5265625000000101,-0.007246071007102728,0.01307472214102745,-0.007844731211662292,-0.002020751591771841,14.423173
0.5270833333333435,-0.007246063556522131,0.013075868599116802,-0.007845260202884674,-0.002022968837991357,14.423173
0.5276041666666768,-0.007245843298733234,0.013073589652776718,-0.00784329604357481,-0.002022704342380166,14.423173
0.5281250000000101,-0.007245822809636593,0.013072703033685684,-0.007843316532671452,-0.0020231737289577723,14.423173
0.5286458333333434,-0.007245804648846388,0.013072862289845943,-0.007843933068215847,-0.002020259853452444,14.423173
0.5291666666666767,-0.0072457194328308105,0.013070765882730484,-0.00784190185368061,-0.00202003656886518,14.423173
0.52968750000001,-0.0072457133792340755,0.013070001266896725,-0.007840392179787159,-0.0020187825430184603,14.423173
0.5302083333333433,-0.007245682645589113,0.01306974794715643,-0.007840766571462154,-0.00202075089327991,14.423173
0.5307291666666766,-0.007245619781315327,0.013070186600089073,-0.00784203503280878,-0.0020220524165779352,14.423173
0.5312500000000099,-0.0072454409673810005,0.013067997060716152,-0.007840335369110107,-0.0020244396291673183,14.423173
0.5317708333333432,-0.007245420943945646,0.013068285770714283,-0.007839782163500786,-0.002027706475928426,14.423173
0.5322916666666765,-0.007245275657624006,0.013065719045698643,-0.007838653400540352,-0.0020297577138990164,14.423173
0.5328125000000098,-0.007245280314236879,0.013065394945442677,-0.007838347926735878,-0.0020289025269448757,14.423173
0.5333333333333431,-0.007245181128382683,0.013064072467386723,-0.007837227545678616,-0.0020270717795938253,14.423173
0.5338541666666764,-0.007245167158544064,0.01306579913944006,-0.007838545367121696,-0.002027513924986124,14.423173
0.5343750000000097,-0.007244860287755728,0.013062537647783756,-0.00783874373883009,-0.002026904374361038,14.423173
0.534895833333343,-0.00724484259262681,0.013062615878880024,-0.007838007062673569,-0.0020282978657633066,14.423173
0.5354166666666763,-0.007244753651320934,0.013062097132205963,-0.007839683443307877,-0.002028130693361163,14.423173
0.5359375000000096,-0.007244644686579704,0.013061764650046825,-0.007840157486498356,-0.0020266796927899122,14.423173
0.5364583333333429,-0.00724462466314435,0.013061868958175182,-0.007840005680918694,-0.002024654299020767,14.423173
0.5369791666666762,-0.007244480308145285,0.013062605634331703,-0.007842045277357101,-0.002026630798354745,14.423173
0.5375000000000095,-0.007244398817420006,0.013063023798167706,-0.00784232560545206,-0.0020271658431738615,14.423173
0.5380208333333428,-0.007244395557790995,0.013063212856650352,-0.007843744941055775,-0.0020262545440346003,14.423173
0.5385416666666761,-0.007244370877742767,0.013063935562968254,-0.007845907472074032,-0.0020259253215044737,14.423173
0.5390625000000094,-0.007244229316711426,0.01306283101439476,-0.007845788262784481,-0.00202547968365252,14.423173
0.5395833333333427,-0.007244206964969635,0.013061825186014175,-0.007845367304980755,-0.0020273306872695684,14.423173
0.540104166666676,-0.007244110107421875,0.01306148897856474,-0.007845457643270493,-0.0020275022834539413,14.423173
0.5406250000000093,-0.007244057487696409,0.013061141595244408,-0.007845296524465084,-0.0020301719196140766,14.423173
0.5411458333333427,-0.007244033273309469,0.013060616329312325,-0.007844789884984493,-0.002032430609688163,14.423173
0.541666666666676,-0.007243933621793985,0.013060220517218113,-0.007844299077987671,-0.0020314378198236227,14.423173
0.5421875000000093,-0.007243916392326355,0.013060231693089008,-0.007844803854823112,-0.002032776828855276,14.423173
0.5427083333333426,-0.007243865169584751,0.013060236349701881,-0.007842332124710083,-0.002033633179962635,14.423173
0.5432291666666759,-0.007243778556585312,0.013060294091701508,-0.007842425256967545,-0.002033224329352379,14.423173
0.5437500000000092,-0.0072437673807144165,0.01306078489869833,-0.007842693477869034,-0.002033347263932228,14.423173
0.5442708333333425,-0.00724368542432785,0.013060971163213253,-0.007842998951673508,-0.0020344776567071676,14.423173
0.5447916666666758,-0.007243666332215071,0.013061472214758396,-0.007842574268579483,-0.0020333619322627783,14.423173
0.5453125000000091,-0.007243553176522255,0.013060680590569973,-0.00784382689744234,-0.0020328923128545284,14.423173
0.5458333333333424,-0.007243512198328972,0.013059991411864758,-0.00784287415444851,-0.002033065538853407,14.423173
0.5463541666666757,-0.007243488449603319,0.01306127943098545,-0.007843229919672012,-0.0020342771895229816,14.423173
0.546875000000009,-0.007243250031024218,0.013057713396847248,-0.00784225296229124,-0.0020331048872321844,14.423173
0.5473958333333423,-0.00724324444308877,0.013057485222816467,-0.00784394796937704,-0.0020323239732533693,14.423173
0.5479166666666756,-0.007243089843541384,0.013056396506726742,-0.00784456729888916,-0.0020312736742198467,14.423173
0.5484375000000089,-0.007243053056299686,0.01305756252259016,-0.007845391519367695,-0.002032125135883689,14.423173
0.5489583333333422,-0.007243018597364426,0.013057298958301544,-0.00784566905349493,-0.002032452030107379,14.423173
0.5494791666666755,-0.007243000436574221,0.013057168573141098,-0.007846364751458168,-0.002031071810051799,14.423173
0.5500000000000088,-0.0072429305873811245,0.013057224452495575,-0.00784641969949007,-0.0020295875146985054,14.423173
0.5505208333333421,-0.007242904510349035,0.0130568016320467,-0.007844843901693821,-0.0020287095103412867,14.423173
0.5510416666666754,-0.007242898922413588,0.013056622818112373,-0.007845175452530384,-0.0020294298883527517,14.423173
0.5515625000000087,-0.0072427610866725445,0.013055271469056606,-0.007845699787139893,-0.002029895782470703,14.423173
0.552083333333342,-0.007242737337946892,0.01305509265512228,-0.007844985462725163,-0.0020317540038377047,14.423173
0.5526041666666753,-0.007242635358124971,0.013054225593805313,-0.007844650186598301,-0.0020296373404562473,14.423173
0.5531250000000086,-0.007242531515657902,0.01305287703871727,-0.007844921201467514,-0.0020298867020756006,14.423173
0.5536458333333419,-0.0072425054386258125,0.01305230613797903,-0.00784531980752945,-0.002030372153967619,14.423173
0.5541666666666752,-0.007242382038384676,0.013052057474851608,-0.00784493237733841,-0.0020304147619754076,14.423173
0.5546875000000085,-0.0072423554956912994,0.013051236048340797,-0.007844331674277782,-0.002029826631769538,14.423173
0.5552083333333419,-0.0072423177771270275,0.013051883317530155,-0.007844772189855576,-0.0020308333914726973,14.423173
0.5557291666666752,-0.007242240477353334,0.01305264513939619,-0.007847064174711704,-0.0020318084862083197,14.423173
0.5562500000000085,-0.007242123130708933,0.013051671907305717,-0.007846157997846603,-0.00203353026881814,14.423173
0.5567708333333418,-0.00724209938198328,0.013052068650722504,-0.007846618071198463,-0.0020322066266089678,14.423173
0.5572916666666751,-0.007241969462484121,0.013051986694335938,-0.00784606859087944,-0.0020309605170041323,14.423173
0.5578125000000084,-0.007241807412356138,0.013050817884504795,-0.007845050655305386,-0.002029182855039835,14.423173
0.5583333333333417,-0.0072417836636304855,0.013051876798272133,-0.007847154513001442,-0.0020287868101149797,14.423173
0.558854166666675,-0.007241531275212765,0.01304983627051115,-0.007847054861485958,-0.0020313607528805733,14.423173
0.5593750000000083,-0.007241522427648306,0.013049772940576077,-0.00784702692180872,-0.002035974059253931,14.423173
0.5598958333333416,-0.007241270039230585,0.013046806678175926,-0.007846027612686157,-0.0020326690282672644,14.423173
0.5604166666666749,-0.007241259329020977,0.01304551400244236,-0.007845710031688213,-0.0020318625029176474,14.423173
0.5609375000000082,-0.007241244427859783,0.0130474753677845,-0.007846944034099579,-0.002033216878771782,14.423173
0.5614583333333415,-0.0072409845888614655,0.013044524006545544,-0.007845400832593441,-0.0020351819694042206,14.423173
0.5619791666666748,-0.007240974809974432,0.013045030646026134,-0.007846643216907978,-0.002036427380517125,14.423173
0.5625000000000081,-0.007240809500217438,0.013044483959674835,-0.007845806889235973,-0.0020343621727079153,14.423173
0.5630208333333414,-0.007240708917379379,0.013044159859418869,-0.007846462540328503,-0.0020366660319268703,14.423173
0.5635416666666747,-0.007240684702992439,0.01304460596293211,-0.007847913540899754,-0.0020360839553177357,14.423173
0.564062500000008,-0.007240527309477329,0.013044517487287521,-0.007849080488085747,-0.0020349076949059963,14.423173
0.5645833333333413,-0.007240472361445427,0.013046197593212128,-0.007849356159567833,-0.002034227829426527,14.423173
0.5651041666666746,-0.007240472361445427,0.013047595508396626,-0.007850312627851963,-0.00203463202342391,14.423173
0.5656250000000079,-0.0072403415106236935,0.01304694265127182,-0.007851789705455303,-0.002034613396972418,14.423173
0.5661458333333412,-0.007240330800414085,0.013048066757619381,-0.007853102870285511,-0.002038470469415188,14.423173
0.5666666666666745,-0.007240164093673229,0.013048462569713593,-0.00785371009260416,-0.00203318172134459,14.423173
0.5671875000000078,-0.00723998574540019,0.013047954067587852,-0.007854118943214417,-0.002033997792750597,14.423173
0.5677083333333411,-0.007239965256303549,0.013048416003584862,-0.007854155264794827,-0.002033497439697385,14.423173
0.5682291666666744,-0.0072398134507238865,0.013046732172369957,-0.00785443652421236,-0.002033211523666978,14.423173
0.5687500000000077,-0.007239759434014559,0.01304581668227911,-0.007854116149246693,-0.0020322464406490326,14.423173
0.569270833333341,-0.007239734288305044,0.013045653700828552,-0.007854357361793518,-0.002035046461969614,14.423173
0.5697916666666744,-0.00723936315625906,0.013042347505688667,-0.007854759693145752,-0.0020356180611997843,14.423173
0.5703125000000077,-0.007239342667162418,0.013043133541941643,-0.007854582741856575,-0.0020332024432718754,14.423173
0.570833333333341,-0.007239225320518017,0.013043150305747986,-0.007855074480175972,-0.002032531425356865,14.423173
0.5713541666666743,-0.007239203900098801,0.013044175691902637,-0.007854838855564594,-0.0020318585447967052,14.423173
0.5718750000000076,-0.007238938473165035,0.013042435981333256,-0.007855569943785667,-0.0020310257095843554,14.423173
0.5723958333333409,-0.007238880265504122,0.013042643666267395,-0.007856023497879505,-0.0020323561038821936,14.423173
0.5729166666666742,-0.007238855119794607,0.013043518178164959,-0.00785661581903696,-0.0020325256045907736,14.423173
0.5734375000000075,-0.00723857618868351,0.013041923753917217,-0.007857046090066433,-0.0020318503957241774,14.423173
0.5739583333333408,-0.0072384667582809925,0.01304206158965826,-0.00785734597593546,-0.0020290573593229055,14.423173
0.5744791666666741,-0.007238455582410097,0.013041986152529716,-0.007855897769331932,-0.0020286841318011284,14.423173
0.5750000000000074,-0.007238367572426796,0.013040222227573395,-0.00785538274794817,-0.0020299707539379597,14.423173
0.5755208333333407,-0.007238342426717281,0.013039691373705864,-0.007854181341826916,-0.0020328760147094727,14.423173
0.576041666666674,-0.007238161750137806,0.013038276694715023,-0.007852917537093163,-0.0020319411996752024,14.423173
0.5765625000000073,-0.007238146383315325,0.013038888573646545,-0.007851609960198402,-0.0020312340930104256,14.423173
0.5770833333333406,-0.007237969897687435,0.013036886230111122,-0.00785141158849001,-0.002028434304520488,14.423173
0.5776041666666739,-0.007237948011606932,0.013037499040365219,-0.00785156711935997,-0.0020271246321499348,14.423173
0.5781250000000072,-0.0072374953888356686,0.013034649193286896,-0.007852516137063503,-0.0020272808615118265,14.423173
0.5786458333333405,-0.007237282581627369,0.013034679926931858,-0.007853110320866108,-0.0020270722452551126,14.423173
0.5791666666666738,-0.007237164303660393,0.01303448248654604,-0.007854454219341278,-0.0020262370817363262,14.423173
0.5796875000000071,-0.007237154524773359,0.013035451993346214,-0.007854842580854893,-0.0020260061137378216,14.423173
0.5802083333333404,-0.007237013895064592,0.013034462928771973,-0.007854701019823551,-0.0020258184522390366,14.423173
0.5807291666666737,-0.007236956153064966,0.013034997507929802,-0.007855606265366077,-0.0020259555894881487,14.423173
0.581250000000007,-0.007236918434500694,0.01303558424115181,-0.00785435363650322,-0.0020261008758097887,14.423173
0.5817708333333403,-0.00723688118159771,0.013036129996180534,-0.007855325005948544,-0.0020264126360416412,14.423173
0.5822916666666736,-0.007236543111503124,0.013034229166805744,-0.007855703122913837,-0.0020264368504285812,14.423173
0.582812500000007,-0.0072363922372460365,0.013034460134804249,-0.00785527192056179,-0.002024806337431073,14.423173
0.5833333333333403,-0.007236347068101168,0.013034728355705738,-0.007854419760406017,-0.00202553509734571,14.423173
0.5838541666666736,-0.007236334960907698,0.013034692034125328,-0.007854796014726162,-0.0020258352160453796,14.423173
0.5843750000000069,-0.007236299570649862,0.013036001473665237,-0.007854697294533253,-0.00202541658654809,14.423173
0.5848958333333402,-0.007236093748360872,0.013034241273999214,-0.007854076102375984,-0.0020259730517864227,14.423173
0.5854166666666735,-0.0072360653430223465,0.013033786788582802,-0.007854543626308441,-0.002024173503741622,14.423173
0.5859375000000068,-0.0072360266931355,0.013035137206315994,-0.007855542935431004,-0.0020254668779671192,14.423173
0.5864583333333401,-0.00723575334995985,0.013033625669777393,-0.007855519652366638,-0.002024483634158969,14.423173
0.5869791666666734,-0.007235662080347538,0.013033111579716206,-0.007855829782783985,-0.002024425659328699,14.423173
0.5875000000000067,-0.007235644850879908,0.013033461757004261,-0.007856296375393867,-0.002024612855166197,14.423173
0.58802083333334,-0.007235621567815542,0.013033904135227203,-0.007854629307985306,-0.002022727392613888,14.423173
0.5885416666666733,-0.007235522381961346,0.013032443821430206,-0.00785450916737318,-0.0020239183213561773,14.423173
0.5890625000000066,-0.0072354781441390514,0.013032748363912106,-0.007853575050830841,-0.0020243769977241755,14.423173
0.5895833333333399,-0.00723537802696228,0.013032014481723309,-0.007852881215512753,-0.002024593763053417,14.423173
0.5901041666666732,-0.007235366851091385,0.013032227754592896,-0.00785226933658123,-0.0020239008590579033,14.423173
0.5906250000000065,-0.007235290482640266,0.013031277805566788,-0.007851721718907356,-0.0020234500989317894,14.423173
0.5911458333333398,-0.007235244382172823,0.013031302951276302,-0.007850907742977142,-0.002022528788074851,14.423173
0.5916666666666731,-0.007235214579850435,0.01303030550479889,-0.007851148955523968,-0.0020209599751979113,14.423173
0.5921875000000064,-0.0072350711561739445,0.013030637055635452,-0.00785232987254858,-0.0020204982720315456,14.423173
0.5927083333333397,-0.00723485741764307,0.013029297813773155,-0.007852288894355297,-0.0020204829052090645,14.423173
0.593229166666673,-0.007234819233417511,0.013029309920966625,-0.00785235594958067,-0.0020181036088615656,14.423173
0.5937500000000063,-0.0072347503155469894,0.013029896654188633,-0.007853874005377293,-0.002020778600126505,14.423173
0.5942708333333396,-0.007234562654048204,0.013029694557189941,-0.007853981107473373,-0.0020201399456709623,14.423173
0.5947916666666729,-0.007234439719468355,0.013029334135353565,-0.007853259332478046,-0.0020209436770528555,14.423173
0.5953125000000062,-0.007234426215291023,0.013030387461185455,-0.007853575050830841,-0.0020229220390319824,14.423173
0.5958333333333395,-0.007234127726405859,0.013027423061430454,-0.007853398099541664,-0.0020218584686517715,14.423173
0.5963541666666728,-0.007234026212245226,0.013027088716626167,-0.007852920331060886,-0.0020212612580507994,14.423173
0.5968750000000062,-0.007233976386487484,0.013026871718466282,-0.007852653972804546,-0.0020211415830999613,14.423173
0.5973958333333395,-0.007233866490423679,0.013026716187596321,-0.007852482609450817,-0.0020208132918924093,14.423173
0.5979166666666728,-0.007233790121972561,0.013026827946305275,-0.00785384327173233,-0.002020634477958083,14.423173
0.5984375000000061,-0.007233741693198681,0.013029109686613083,-0.007853416725993156,-0.0020198749843984842,14.423173
0.5989583333333394,-0.007233723066747189,0.01302971038967371,-0.007853371091187,-0.002019073348492384,14.423173
0.5994791666666727,-0.007233584765344858,0.01302867941558361,-0.007853088900446892,-0.0020184942986816168,14.423173
0.600000000000006,-0.007233544252812862,0.013028479181230068,-0.007851704023778439,-0.002019756007939577,14.423173
0.6005208333333393,-0.007233446463942528,0.0130281001329422,-0.00785110890865326,-0.0020191152580082417,14.423173
0.6010416666666726,-0.007233408745378256,0.013027559965848923,-0.007850253954529762,-0.0020177694968879223,14.423173
0.6015625000000059,-0.0072332569397985935,0.013026991859078407,-0.007848811335861683,-0.0020153706427663565,14.423173
0.6020833333333392,-0.007233154494315386,0.013025293126702309,-0.007848303765058517,-0.002016606042161584,14.423173
0.6026041666666725,-0.007233106531202793,0.0130269480869174,-0.007848046720027924,-0.0020160870626568794,14.423173
0.6031250000000058,-0.007232973352074623,0.013026350177824497,-0.007846030406653881,-0.0020141538698226213,14.423173
0.6036458333333391,-0.007232950534671545,0.013026713393628597,-0.00784504134207964,-0.002011671895161271,14.423173
0.6041666666666724,-0.007232701871544123,0.01302503515034914,-0.007845777086913586,-0.0020127168390899897,14.423173
0.6046875000000057,-0.00723248952999711,0.01302400417625904,-0.007845098152756691,-0.002013396704569459,14.423173
0.605208333333339,-0.007232373114675283,0.013022142462432384,-0.00784317683428526,-0.002012345241382718,14.423173
0.6057291666666723,-0.007232357282191515,0.013022550381720066,-0.00784345529973507,-0.0020120025146752596,14.423173
0.6062500000000056,-0.007232107222080231,0.01302060205489397,-0.007844548672437668,-0.0020114718936383724,14.423173
0.6067708333333389,-0.0072319102473556995,0.013018529862165451,-0.007844863459467888,-0.002012140117585659,14.423173
0.6072916666666722,-0.007231788709759712,0.01301921159029007,-0.007846171036362648,-0.0020128448959439993,14.423173
0.6078125000000055,-0.007231612224131823,0.013019912876188755,-0.00784617941826582,-0.002011112170293927,14.423173
0.6083333333333388,-0.00723146041855216,0.013019825331866741,-0.007846551015973091,-0.002010307740420103,14.423173
0.6088541666666721,-0.007231325842440128,0.013020018115639687,-0.007845325395464897,-0.0020091093610972166,14.423173
0.6093750000000054,-0.007231271825730801,0.013019911013543606,-0.007844814099371433,-0.0020103310234844685,14.423173
0.6098958333333387,-0.007231192663311958,0.01301933079957962,-0.007843771018087864,-0.0020112863276153803,14.423173
0.610416666666672,-0.007231121417135,0.013019400648772717,-0.007842428982257843,-0.0020121727138757706,14.423173
0.6109375000000054,-0.007231026887893677,0.013017469085752964,-0.007840816862881184,-0.0020108192693442106,14.423173
0.6114583333333387,-0.007230962160974741,0.013016979210078716,-0.007838912308216095,-0.0020114481449127197,14.423173
0.611979166666672,-0.007230877876281738,0.013017358258366585,-0.007837996818125248,-0.0020105557050555944,14.423173
0.6125000000000053,-0.007230714894831181,0.013016222976148129,-0.007837321609258652,-0.0020086406730115414,14.423173
0.6130208333333386,-0.007230653427541256,0.013017067685723305,-0.007836283184587955,-0.002005921909585595,14.423173
0.6135416666666719,-0.007230520248413086,0.013016067445278168,-0.007834941148757935,-0.0020057903602719307,14.423173
0.6140625000000052,-0.007230374962091446,0.013015559874475002,-0.007834631018340588,-0.002008815761655569,14.423173
0.6145833333333385,-0.007230211980640888,0.013014892116189003,-0.007833587937057018,-0.002011621370911598,14.423173
0.6151041666666718,-0.007230097893625498,0.01301491353660822,-0.007833030074834824,-0.002011943608522415,14.423173
0.6156250000000051,-0.007229946553707123,0.013014482334256172,-0.007831941358745098,-0.0020101438276469707,14.423173
0.6161458333333384,-0.007229828275740147,0.013014470227062702,-0.007831191644072533,-0.0020090341567993164,14.423173
0.6166666666666717,-0.007229745388031006,0.013014588505029678,-0.007830902002751827,-0.0020094180945307016,14.423173
0.617187500000005,-0.007229681126773357,0.013015798293054104,-0.007831558585166931,-0.0020077850203961134,14.423173
0.6177083333333383,-0.007229541428387165,0.013014509342610836,-0.007829922251403332,-0.002007130766287446,14.423173
0.6182291666666716,-0.007229493465274572,0.013013698160648346,-0.007828090339899063,-0.002005753107368946,14.423173
0.6187500000000049,-0.007229336071759462,0.013011890463531017,-0.007825896143913269,-0.002008965238928795,14.423173
0.6192708333333382,-0.007229031529277563,0.013009637594223022,-0.007823902182281017,-0.0020100167021155357,14.423173
0.6197916666666715,-0.0072289505042135715,0.013009434565901756,-0.007822506129741669,-0.0020071156322956085,14.423173
0.6203125000000048,-0.007228790782392025,0.013009470887482166,-0.007820351980626583,-0.002006636234000325,14.423173
0.6208333333333381,-0.007228579837828875,0.013008443638682365,-0.007820396684110165,-0.0020066944416612387,14.423173
0.6213541666666714,-0.007228412199765444,0.013007569126784801,-0.007819179445505142,-0.0020064932759851217,14.423173
0.6218750000000047,-0.0072282846085727215,0.013007251545786858,-0.007818392477929592,-0.0020059600938111544,14.423173
0.622395833333338,-0.007228096015751362,0.01300574280321598,-0.007818469777703285,-0.002006478840485215,14.423173
0.6229166666666713,-0.007227908354252577,0.013004315085709095,-0.007818490266799927,-0.0020086171571165323,14.423173
0.6234375000000046,-0.007227753754705191,0.013004415668547153,-0.007818599231541157,-0.0020093219354748726,14.423173
0.6239583333333379,-0.007227612193673849,0.01300483662635088,-0.007816719822585583,-0.002008941723033786,14.423173
0.6244791666666712,-0.007227388210594654,0.01300413440912962,-0.007815299555659294,-0.0020090644247829914,14.423173
0.6250000000000046,-0.007227176334708929,0.013002160005271435,-0.007814346812665462,-0.002008977811783552,14.423173
0.6255208333333379,-0.007226991001516581,0.01300059910863638,-0.00781265925616026,-0.0020099168177694082,14.423173
0.6260416666666712,-0.0072268531657755375,0.012999167665839195,-0.007810289040207863,-0.002007940085604787,14.423173
0.6265625000000045,-0.00722672650590539,0.012997619807720184,-0.007808780297636986,-0.002008673269301653,14.423173
0.6270833333333378,-0.0072265565395355225,0.012996993958950043,-0.007808169815689325,-0.002009539632126689,14.423173
0.6276041666666711,-0.007226152811199427,0.012994949705898762,-0.007806046400219202,-0.0020081093534827232,14.423173
0.6281250000000044,-0.007225922774523497,0.012994066812098026,-0.007805062457919121,-0.002006065333262086,14.423173
0.6286458333333377,-0.007225669454783201,0.012993201613426208,-0.007803814485669136,-0.002006270457059145,14.423173
0.629166666666671,-0.007225398905575275,0.012990768998861313,-0.007802214473485947,-0.0020071067847311497,14.423173
0.6296875000000043,-0.00722514558583498,0.012990223243832588,-0.0078022656962275505,-0.0020087293814867735,14.423173
0.6302083333333376,-0.00722484802827239,0.012987346388399601,-0.007801045663654804,-0.0020083284471184015,14.423173
0.6307291666666709,-0.00722463196143508,0.012986836023628712,-0.0078009190037846565,-0.0020085114520043135,14.423173
0.6312500000000042,-0.007224338129162788,0.012985430657863617,-0.007800115272402763,-0.0020090939942747355,14.423173
0.6317708333333375,-0.007224054541438818,0.012984310276806355,-0.007798659615218639,-0.0020071789622306824,14.423173
0.6322916666666708,-0.0072237709537148476,0.012982096523046494,-0.007795336656272411,-0.002006362657994032,14.423173
0.6328125000000041,-0.007223485037684441,0.012979855760931969,-0.007791958283632994,-0.0020074176136404276,14.423173
0.6333333333333374,-0.0072232456877827644,0.012978163547813892,-0.007791284471750259,-0.002006186405196786,14.423173
0.6338541666666707,-0.007223010063171387,0.012976931408047676,-0.007789981085807085,-0.0020044513512402773,14.423173
0.634375000000004,-0.0072227478958666325,0.01297606248408556,-0.007789342198520899,-0.0020020899828523397,14.423173
0.6348958333333373,-0.00722238514572382,0.012974490411579609,-0.007788969669491053,-0.0020027293357998133,14.423173
0.6354166666666706,-0.007222026586532593,0.01297263614833355,-0.007788107264786959,-0.0020063521806150675,14.423173
0.6359375000000039,-0.0072216978296637535,0.012969561852514744,-0.007784849498420954,-0.0020049114245921373,14.423173
0.6364583333333372,-0.007221380714327097,0.012967866845428944,-0.007783310022205114,-0.002004824345931411,14.423173
0.6369791666666705,-0.007221038918942213,0.01296614296734333,-0.007781749125570059,-0.0020054932683706284,14.423173
0.6375000000000038,-0.007220677100121975,0.01296419370919466,-0.007779618259519339,-0.002004273235797882,14.423173
0.6380208333333371,-0.007220389787107706,0.012963532470166683,-0.007777267135679722,-0.002002572175115347,14.423173
0.6385416666666704,-0.0072199879214167595,0.012960435822606087,-0.0077740964479744434,-0.002001149347051978,14.423173
0.6390625000000038,-0.007219669409096241,0.012958976440131664,-0.007772119715809822,-0.0019996764604002237,14.423173
0.6395833333333371,-0.007219308987259865,0.012956810183823109,-0.007769789546728134,-0.0019962089136242867,14.423173
0.6401041666666704,-0.007218916900455952,0.012954303063452244,-0.007769464980810881,-0.0019947176333516836,14.423173
0.6406250000000037,-0.007218524813652039,0.012953040190041065,-0.007768385112285614,-0.001994819613173604,14.423173
0.641145833333337,-0.007217963691800833,0.012950162403285503,-0.007766776252537966,-0.001997638028115034,14.423173
0.6416666666666703,-0.00721754040569067,0.012948070652782917,-0.007763930596411228,-0.0019959527999162674,14.423173
0.6421875000000036,-0.007217124104499817,0.012944684363901615,-0.007760045118629932,-0.0019957961048930883,14.423173
0.6427083333333369,-0.007216732017695904,0.01294193509966135,-0.007757595740258694,-0.001995116239413619,14.423173
0.6432291666666702,-0.007216352503746748,0.012940130196511745,-0.007756884675472975,-0.0019940631464123726,14.423173
0.6437500000000035,-0.007215867284685373,0.012937711551785469,-0.007754577323794365,-0.001990254269912839,14.423173
0.6442708333333368,-0.007215449120849371,0.01293659582734108,-0.007753078825771809,-0.0019888083916157484,14.423173
0.6447916666666701,-0.007214865181595087,0.012933552265167236,-0.007752030622214079,-0.001994755817577243,14.423173
0.6453125000000034,-0.007214392069727182,0.012931212782859802,-0.007749925833195448,-0.0019938594195991755,14.423173
0.6458333333333367,-0.007213938049972057,0.012928507290780544,-0.007747695781290531,-0.001992768608033657,14.423173
0.64635416666667,-0.0072134495712816715,0.012925940565764904,-0.00774627598002553,-0.0019931814167648554,14.423173
0.6468750000000033,-0.007212948054075241,0.012923333793878555,-0.007745209615677595,-0.001993307378143072,14.423173
0.6473958333333366,-0.00721246562898159,0.012921192683279514,-0.00774185499176383,-0.0019938687328249216,14.423173
0.6479166666666699,-0.007211961317807436,0.012918878346681595,-0.007739350665360689,-0.0019936237949877977,14.423173
0.6484375000000032,-0.007211483549326658,0.012916341423988342,-0.0077378591522574425,-0.0019913928117603064,14.423173
0.6489583333333365,-0.007210967130959034,0.012913952581584454,-0.007736429572105408,-0.001989427488297224,14.423173
0.6494791666666698,-0.007210440002381802,0.01291189156472683,-0.007736963219940662,-0.001989187439903617,14.423173
0.6500000000000031,-0.007209868635982275,0.012909723445773125,-0.007734483107924461,-0.0019914887379854918,14.423173
0.6505208333333364,-0.007209369912743568,0.012907147407531738,-0.007731949910521507,-0.001989348093047738,14.423173
0.6510416666666697,-0.007208842318505049,0.012904287315905094,-0.007730766665190458,-0.0019890733528882265,14.423173
0.651562500000003,-0.007208297494798899,0.01290254108607769,-0.007731356658041477,-0.001991130178794265,14.423173
0.6520833333333363,-0.007207714021205902,0.012899412773549557,-0.007731574587523937,-0.0019899846520274878,14.423173
0.6526041666666696,-0.007207120768725872,0.012897230684757233,-0.007729762699455023,-0.0019900493789464235,14.423173
0.653125000000003,-0.0072065480053424835,0.012895393185317516,-0.007728252559900284,-0.0019924896769225597,14.423173
0.6536458333333363,-0.007205944042652845,0.01289232075214386,-0.007727428339421749,-0.001993379322811961,14.423173
0.6541666666666696,-0.007205369416624308,0.012889564968645573,-0.007726090494543314,-0.0019946193788200617,14.423173
0.6546875000000029,-0.007204736582934856,0.01288567204028368,-0.007725232280790806,-0.001993853133171797,14.423173
0.6552083333333362,-0.007204101420938969,0.012882817536592484,-0.0077232131734490395,-0.0019951188005506992,14.423173
0.6557291666666695,-0.007203494664281607,0.01288086548447609,-0.007722585927695036,-0.0019962487276643515,14.423173
0.6562500000000028,-0.007202796172350645,0.012877129018306732,-0.007721627596765757,-0.0019945967942476273,14.423173
0.6567708333333361,-0.00720212422311306,0.012874958105385303,-0.007721642963588238,-0.0019949807319790125,14.423173
0.6572916666666694,-0.007201431319117546,0.012872434221208096,-0.007721954490989447,-0.0019946040119975805,14.423173
0.6578125000000027,-0.0072007691487669945,0.012868981808423996,-0.0077203125692903996,-0.001994357444345951,14.423173
0.658333333333336,-0.007200054824352264,0.012866574339568615,-0.007719086483120918,-0.0019942678045481443,14.423173
0.6588541666666693,-0.007199343293905258,0.012864716351032257,-0.007719511166214943,-0.001996093662455678,14.423173
0.6593750000000026,-0.007198679726570845,0.012862056493759155,-0.007719919551163912,-0.0019962587393820286,14.423173
0.6598958333333359,-0.007197944913059473,0.012857972644269466,-0.007718660868704319,-0.001996141392737627,14.423173
0.6604166666666692,-0.007197170983999968,0.01285575795918703,-0.007717238739132881,-0.001995825907215476,14.423173
0.6609375000000025,-0.007196484133601189,0.012853643856942654,-0.007717525120824575,-0.001992317382246256,14.423173
0.6614583333333358,-0.007195725571364164,0.012851173058152199,-0.0077184527181088924,-0.0019920961931347847,14.423173
0.6619791666666691,-0.00719492556527257,0.01284772902727127,-0.007718692999333143,-0.001991917844861746,14.423173
0.6625000000000024,-0.007194133009761572,0.012843786738812923,-0.007717761676758528,-0.0019894479773938656,14.423173
0.6630208333333357,-0.007193287368863821,0.012840940617024899,-0.007715936284512281,-0.0019875732250511646,14.423173
0.663541666666669,-0.007192433346062899,0.01283769030123949,-0.007715560961514711,-0.001985632348805666,14.423173
0.6640625000000023,-0.00719163054600358,0.012834629975259304,-0.007716400548815727,-0.0019853615667670965,14.423173
0.6645833333333356,-0.007190837524831295,0.012830469757318497,-0.007715372368693352,-0.001985481008887291,14.423173
0.6651041666666689,-0.007189908064901829,0.012825881130993366,-0.00771400285884738,-0.0019855275750160217,14.423173
0.6656250000000022,-0.007189042866230011,0.012822732329368591,-0.00771279027685523,-0.001984603237360716,14.423173
0.6661458333333355,-0.007188220974057913,0.012819517403841019,-0.007712176069617271,-0.0019827603828161955,14.423173
0.6666666666666689,-0.007187316194176674,0.012816125527024269,-0.00770988967269659,-0.0019824085757136345,14.423173
0.6671875000000022,-0.007186380680650473,0.01281264703720808,-0.0077089788392186165,-0.0019823601469397545,14.423173
0.6677083333333355,-0.007185552269220352,0.012810560874640942,-0.007709461264312267,-0.0019823573529720306,14.423173
0.6682291666666688,-0.007184574380517006,0.012807569466531277,-0.007709008175879717,-0.0019812637474387884,14.423173
0.6687500000000021,-0.0071836174465715885,0.012804016470909119,-0.007707675918936729,-0.001980222063139081,14.423173
0.6692708333333354,-0.0071826959028840065,0.012800585478544235,-0.00770729873329401,-0.001980487024411559,14.423173
0.6697916666666687,-0.007181681226938963,0.012796369381248951,-0.007706223055720329,-0.001979733817279339,14.423173
0.670312500000002,-0.0071806395426392555,0.012793620117008686,-0.007704472169280052,-0.0019784197211265564,14.423173
0.6708333333333353,-0.007179724518209696,0.012790628708899021,-0.007703980430960655,-0.001979631371796131,14.423173
0.6713541666666686,-0.007178700063377619,0.012787976302206516,-0.007704338990151882,-0.001980024855583906,14.423173
0.6718750000000019,-0.0071776509284973145,0.012783650308847427,-0.0077041988261044025,-0.0019786390475928783,14.423173
0.6723958333333352,-0.007176660466939211,0.012779727578163147,-0.007702088914811611,-0.0019778036512434483,14.423173
0.6729166666666685,-0.007175556384027004,0.012776020914316177,-0.007699498441070318,-0.0019766332115978003,14.423173
0.6734375000000018,-0.007174440193921328,0.012772914953529835,-0.0076987650245428085,-0.0019761903677135706,14.423173
0.6739583333333351,-0.0071734413504600525,0.012769348919391632,-0.007698564790189266,-0.0019783438183367252,14.423173
0.6744791666666684,-0.007172327488660812,0.012764780782163143,-0.007696778979152441,-0.0019780464936047792,14.423173
0.6750000000000017,-0.007171143312007189,0.012761193327605724,-0.007695203647017479,-0.001976546598598361,14.423173
0.675520833333335,-0.007170077878981829,0.01275727991014719,-0.007693329360336065,-0.00197657011449337,14.423173
0.6760416666666683,-0.007168900687247515,0.01275388989597559,-0.007691739592701197,-0.001977535430341959,14.423173
0.6765625000000016,-0.007167710456997156,0.0127501105889678,-0.007690392900258303,-0.0019778830464929342,14.423173
0.6770833333333349,-0.007166589144617319,0.012746240943670273,-0.007688936777412891,-0.001977671403437853,14.423173
0.6776041666666682,-0.00716531602665782,0.012742826715111732,-0.0076886191964149475,-0.0019781554583460093,14.423173
0.6781250000000015,-0.007164007052779198,0.012737798504531384,-0.00768785597756505,-0.00197973963804543,14.423173
0.6786458333333348,-0.007162882015109062,0.012733845971524715,-0.007687007077038288,-0.0019814346451312304,14.423173
0.6791666666666681,-0.00716159213334322,0.012730740942060947,-0.0076861209236085415,-0.001980100991204381,14.423173
0.6796875000000014,-0.007160302251577377,0.012726248241961002,-0.007683764211833477,-0.001978831132873893,14.423173
0.6802083333333347,-0.007159063592553139,0.012721900828182697,-0.007681719027459621,-0.001979788998141885,14.423173
0.680729166666668,-0.007157721556723118,0.01271733921021223,-0.007679472211748362,-0.001978956162929535,14.423173
0.6812500000000014,-0.007156399078667164,0.012713986448943615,-0.007678480818867683,-0.001977918203920126,14.423173
0.6817708333333347,-0.007155097089707851,0.012709436006844044,-0.007676538545638323,-0.0019780369475483894,14.423173
0.682291666666668,-0.007153686136007309,0.012705119326710701,-0.007674651686102152,-0.0019782311283051968,14.423173
0.6828125000000013,-0.007152346894145012,0.012700649909675121,-0.007672455627471209,-0.0019765282049775124,14.423173
0.6833333333333346,-0.007151062600314617,0.012695965357124805,-0.007669277489185333,-0.0019743088632822037,14.423173
0.6838541666666679,-0.007149526849389076,0.012690999545156956,-0.0076672681607306,-0.001973741455003619,14.423173
0.6843750000000012,-0.007148124743252993,0.012686466798186302,-0.007666425779461861,-0.00197219499386847,14.423173
0.6848958333333345,-0.007146625779569149,0.012681286782026291,-0.007663555443286896,-0.001972889294847846,14.423173
0.6854166666666678,-0.007145138923078775,0.012676209211349487,-0.007661506067961454,-0.0019716043025255203,14.423173
0.6859375000000011,-0.007143678143620491,0.012671158649027348,-0.007660361938178539,-0.0019699635449796915,14.423173
0.6864583333333344,-0.007142131216824055,0.012666184455156326,-0.007658287882804871,-0.0019696196541190147,14.423173
0.6869791666666677,-0.0071405451744794846,0.012660983018577099,-0.007655934896320105,-0.001968867378309369,14.423173
0.687500000000001,-0.007139021530747414,0.012656579725444317,-0.007654309738427401,-0.001968859229236841,14.423173
0.6880208333333343,-0.007137302774935961,0.0126502625644207,-0.007651095744222403,-0.00196786574088037,14.423173
0.6885416666666676,-0.00713562173768878,0.012645290233194828,-0.007649489678442478,-0.0019667581655085087,14.423173
0.6890625000000009,-0.007134095299988985,0.01264180988073349,-0.007648491766303778,-0.001966701587662101,14.423173
0.6895833333333342,-0.007132228929549456,0.012635836377739906,-0.007644613739103079,-0.0019655139185488224,14.423173
0.6901041666666675,-0.007129959762096405,0.012628762982785702,-0.007640381809324026,-0.0019667972810566425,14.423173
0.6906250000000008,-0.007127269636839628,0.012622246518731117,-0.007638358045369387,-0.0019661819096654654,14.423173
0.6911458333333341,-0.00712387403473258,0.012615393847227097,-0.007633170112967491,-0.001966767245903611,14.423173
0.6916666666666674,-0.007120189256966114,0.012606022879481316,-0.007629257161170244,-0.001967702992260456,14.423173
0.6921875000000007,-0.00711569469422102,0.012596005573868752,-0.007626334670931101,-0.0019649460446089506,14.423173
0.692708333333334,-0.007110640872269869,0.012586547061800957,-0.00762312114238739,-0.0019707458559423685,14.423173
0.6932291666666673,-0.0071051823906600475,0.012577524408698082,-0.007619490381330252,-0.001968586351722479,14.423173
0.6937500000000006,-0.007098861038684845,0.012566739693284035,-0.007615664042532444,-0.0019708233885467052,14.423173
0.694270833333334,-0.007092177402228117,0.012555249966681004,-0.0076093291863799095,-0.0019684559665620327,14.423173
0.6947916666666673,-0.007084192242473364,0.012545417062938213,-0.007604438811540604,-0.0019661032129079103,14.423173
0.6953125000000006,-0.00707624014467001,0.012535049580037594,-0.007600327488034964,-0.001970800571143627,14.423173
0.6958333333333339,-0.007067637983709574,0.012522965669631958,-0.007594026625156403,-0.0019685234874486923,14.423173
0.6963541666666672,-0.007058185059577227,0.012512119486927986,-0.007589091546833515,-0.001975113060325384,14.423173
0.6968750000000005,-0.007048346102237701,0.012500946410000324,-0.007583869621157646,-0.0019738220144063234,14.423173
0.6973958333333338,-0.007037517614662647,0.012487640604376793,-0.00757913151755929,-0.0019765945617109537,14.423173
0.6979166666666671,-0.007026508450508118,0.01247425563633442,-0.007574812043458223,-0.001974951010197401,14.423173
0.6984375000000004,-0.007014086470007896,0.012461289763450623,-0.0075701880268752575,-0.0019746937323361635,14.423173
0.6989583333333337,-0.007001839112490416,0.012448173947632313,-0.007567166350781918,-0.0019775377586483955,14.423173
0.699479166666667,-0.006988578010350466,0.012433411553502083,-0.007563703693449497,-0.0019781009759753942,14.423173
0.7000000000000003,-0.006974770221859217,0.012420750223100185,-0.007562766782939434,-0.0019825296476483345,14.423173
0.7005208333333336,-0.006960505153983831,0.012408170849084854,-0.007560604717582464,-0.0019817017018795013,14.423173
0.7010416666666669,-0.006945383735001087,0.012394202873110771,-0.007558251731097698,-0.001984297065064311,14.423173
0.7015625000000002,-0.006930195260792971,0.012381037697196007,-0.007557399570941925,-0.0019802157767117023,14.423173
0.7020833333333335,-0.006913397461175919,0.012366370297968388,-0.0075560081750154495,-0.0019782953895628452,14.423173
0.7026041666666668,-0.006896859500557184,0.01235248800367117,-0.007558303885161877,-0.0019790625665336847,14.423173
0.7031250000000001,-0.006879392545670271,0.012336709536612034,-0.007557746954262257,-0.001975895604118705,14.423173
0.7036458333333334,-0.006861438974738121,0.012321146205067635,-0.007558650337159634,-0.00197610748000443,14.423173
0.7041666666666667,-0.006842967122793198,0.012306345626711845,-0.007560432888567448,-0.001974478829652071,14.423173
0.7046875,-0.0068241143599152565,0.012288829311728477,-0.007559009827673435,-0.0019729475025087595,14.423173
0.7052083333333333,-0.006804745644330978,0.012272346764802933,-0.007559867110103369,-0.0019700429402291775,14.423173
0.7057291666666666,-0.006784540601074696,0.012254628352820873,-0.007557790260761976,-0.001970215467736125,14.423173
0.7062499999999999,-0.00676463358104229,0.012237218208611012,-0.007555217947810888,-0.001968695316463709,14.423173
0.7067708333333332,-0.006743181962519884,0.012218054383993149,-0.007550336420536041,-0.001968242460861802,14.423173
0.7072916666666665,-0.0067217075265944,0.012198465876281261,-0.007545092608779669,-0.001966433599591255,14.423173
0.7078124999999998,-0.0066997455433011055,0.012178322300314903,-0.007538975682109594,-0.001966949785128236,14.423173
0.7083333333333331,-0.0066773658618330956,0.01215584296733141,-0.007528435438871384,-0.001965024508535862,14.423173
0.7088541666666665,-0.006654812954366207,0.012133979238569736,-0.007520617917180061,-0.0019644906278699636,14.423173
0.7093749999999998,-0.00663129473105073,0.012111066840589046,-0.0075079454109072685,-0.0019666356965899467,14.423173
0.7098958333333331,-0.006608196068555117,0.012087486684322357,-0.007495157886296511,-0.001962103648111224,14.423173
0.7104166666666664,-0.006583689246326685,0.012062557972967625,-0.007480282336473465,-0.0019651397597044706,14.423173
0.7109374999999997,-0.0065597835928201675,0.012038026936352253,-0.00746484100818634,-0.0019609262235462666,14.423173
0.711458333333333,-0.006535366177558899,0.012011841870844364,-0.00744642922654748,-0.0019621686078608036,14.423173
0.7119791666666663,-0.006510207895189524,0.01198585145175457,-0.007428258657455444,-0.0019631951581686735,14.423173
0.7124999999999996,-0.006485540885478258,0.01196054182946682,-0.0074091218411922455,-0.0019600638188421726,14.423173
0.7130208333333329,-0.006459914147853851,0.011932933703064919,-0.007386703975498676,-0.0019609571900218725,14.423173
0.7135416666666662,-0.006434403359889984,0.011906873434782028,-0.007366458419710398,-0.001956782303750515,14.423173
0.7140624999999995,-0.006408739369362593,0.01187993586063385,-0.007343187462538481,-0.0019597250502556562,14.423173
0.7145833333333328,-0.006382752675563097,0.01185198500752449,-0.007320307195186615,-0.001958353677764535,14.423173
0.7151041666666661,-0.0063567026518285275,0.0118247140198946,-0.007296738680452108,-0.001954565988853574,14.423173
0.7156249999999994,-0.006330110598355532,0.011797014623880386,-0.007272522896528244,-0.0019566037226468325,14.423173
0.7161458333333327,-0.006303824484348297,0.011767939664423466,-0.007246467284858227,-0.0019532404839992523,14.423173
0.716666666666666,-0.006277082487940788,0.01174020767211914,-0.007223496679216623,-0.0019567692652344704,14.423173
0.7171874999999993,-0.006250055506825447,0.011711337603628635,-0.007195351645350456,-0.001958221895620227,14.423173
0.7177083333333326,-0.006223417352885008,0.011682125739753246,-0.007170093711465597,-0.0019515987951308489,14.423173
0.7182291666666659,-0.0061960178427398205,0.011652466841042042,-0.007142785470932722,-0.0019552086014300585,14.423173
0.7187499999999992,-0.0061690546572208405,0.011621985584497452,-0.007115440908819437,-0.001951368642039597,14.423173
0.7192708333333325,-0.006141761317849159,0.01159187313169241,-0.007089064456522465,-0.0019489310216158628,14.423173
0.7197916666666658,-0.006114418618381023,0.011561740189790726,-0.007060977630317211,-0.0019517750479280949,14.423173
0.7203124999999991,-0.00608750618994236,0.011531245894730091,-0.007033376023173332,-0.001945110852830112,14.423173
0.7208333333333324,-0.006059938110411167,0.01150012668222189,-0.007006505038589239,-0.0019478624453768134,14.423173
0.7213541666666657,-0.0060325306840240955,0.011469290591776371,-0.006978590041399002,-0.001946704345755279,14.423173
0.721874999999999,-0.006005379371345043,0.011438095942139626,-0.0069524915888905525,-0.0019391094101592898,14.423173
0.7223958333333323,-0.005977842025458813,0.011406522244215012,-0.006926521193236113,-0.0019403720507398248,14.423173
0.7229166666666657,-0.005950814113020897,0.011375201866030693,-0.00689985416829586,-0.0019346543122082949,14.423173
0.723437499999999,-0.005923332646489143,0.011342750862240791,-0.006873634643852711,-0.0019295824458822608,14.423173
0.7239583333333323,-0.00589613476768136,0.01131028775125742,-0.0068484158255159855,-0.0019312239019200206,14.423173
0.7244791666666656,-0.0058692460879683495,0.011278511956334114,-0.006823545787483454,-0.0019240481778979301,14.423173
0.7249999999999989,-0.00584209430962801,0.01124604046344757,-0.006797991693019867,-0.001923629199154675,14.423173
0.7255208333333322,-0.00581501517444849,0.011214490048587322,-0.0067749288864433765,-0.0019225026480853558,14.423173
0.7260416666666655,-0.005788390524685383,0.01118188351392746,-0.006751599721610546,-0.001913343439809978,14.423173
0.7265624999999988,-0.005761379841715097,0.01114944089204073,-0.0067289527505636215,-0.0019149341387674212,14.423173
0.7270833333333321,-0.0057347617112100124,0.01111854799091816,-0.00670836865901947,-0.0019097262993454933,14.423173
0.7276041666666654,-0.005708333104848862,0.01108673494309187,-0.006685944739729166,-0.001901752082630992,14.423173
0.7281249999999987,-0.005681907758116722,0.011056069284677505,-0.006668055430054665,-0.0019027111120522022,14.423173
0.728645833333332,-0.005656043998897076,0.011024868115782738,-0.006647588685154915,-0.001895755180157721,14.423173
0.7291666666666653,-0.005629939492791891,0.010993356816470623,-0.006630245130509138,-0.001888716476969421,14.423173
0.7296874999999986,-0.005604024510830641,0.010962452739477158,-0.006612062454223633,-0.0018902134615927935,14.423173
0.7302083333333319,-0.00557890348136425,0.010931706987321377,-0.006595938466489315,-0.0018810363253578544,14.423173
0.7307291666666652,-0.0055531528778374195,0.010901384986937046,-0.006580559071153402,-0.0018770184833556414,14.423173
0.7312499999999985,-0.00552815617993474,0.010871224105358124,-0.00656472472473979,-0.0018754171906039119,14.423173
0.7317708333333318,-0.005503254942595959,0.010841048322618008,-0.0065501900389790535,-0.0018659080378711224,14.423173
0.7322916666666651,-0.005478171166032553,0.010810982435941696,-0.006535756401717663,-0.001864073914475739,14.423173
0.7328124999999984,-0.005453605204820633,0.010781120508909225,-0.006523244548588991,-0.0018612479325383902,14.423173
0.7333333333333317,-0.005429361015558243,0.010750510729849339,-0.0065083676017820835,-0.0018505899934098125,14.423173
0.733854166666665,-0.005404985044151545,0.010721128433942795,-0.006498625967651606,-0.0018504699692130089,14.423173
0.7343749999999983,-0.005381126422435045,0.010690388269722462,-0.006486980710178614,-0.0018456836696714163,14.423173
0.7348958333333316,-0.005357366520911455,0.010660829953849316,-0.006476462818682194,-0.0018347046570852399,14.423173
0.7354166666666649,-0.0053338343277573586,0.010631557554006577,-0.0064669204875826836,-0.0018347755540162325,14.423173
0.7359374999999982,-0.005310865584760904,0.010602114722132683,-0.006456380244344473,-0.0018280625808984041,14.423173
0.7364583333333315,-0.0052878353744745255,0.010574042797088623,-0.006448446772992611,-0.0018175052246078849,14.423173
0.7369791666666649,-0.005265204701572657,0.010544865392148495,-0.0064407577738165855,-0.001816346775740385,14.423173
0.7374999999999982,-0.005243005231022835,0.010516509413719177,-0.0064346701838076115,-0.0018075754633173347,14.423173
0.7380208333333315,-0.005220652557909489,0.010487699881196022,-0.006426218431442976,-0.0017980439588427544,14.423173
0.7385416666666648,-0.005198746453970671,0.010460486635565758,-0.006422102451324463,-0.0017947473097592592,14.423173
0.7390624999999981,-0.0051770759746432304,0.010433459654450417,-0.006415239069610834,-0.0017833246383816004,14.423173
0.7395833333333314,-0.005154920741915703,0.010406131856143475,-0.00641165254637599,-0.0017807321855798364,14.423173
0.7401041666666647,-0.005133004393428564,0.010379078797996044,-0.006405771244317293,-0.0017709503881633282,14.423173
0.740624999999998,-0.005110668949782848,0.010350859723985195,-0.0064006224274635315,-0.00176604266744107,14.423173
0.7411458333333313,-0.005088446196168661,0.010322177782654762,-0.006394363008439541,-0.0017580079147592187,14.423173
0.7416666666666646,-0.005065917503088713,0.010293102823197842,-0.006387537810951471,-0.0017502231057733297,14.423173
0.7421874999999979,-0.005043343175202608,0.010264312848448753,-0.006380173843353987,-0.001747060101479292,14.423173
0.7427083333333312,-0.005020931828767061,0.010236176662147045,-0.006373714655637741,-0.0017362169455736876,14.423173
0.7432291666666645,-0.004998266696929932,0.010206920094788074,-0.006365007720887661,-0.0017341591883450747,14.423173
0.7437499999999978,-0.004975729156285524,0.010178519412875175,-0.00635843351483345,-0.001724864705465734,14.423173
0.7442708333333311,-0.004952806513756514,0.01014940906316042,-0.006351075600832701,-0.0017237745923921466,14.423173
0.7447916666666644,-0.004930023569613695,0.010121017694473267,-0.006343527231365442,-0.001714213751256466,14.423173
0.7453124999999977,-0.004906788002699614,0.010092062875628471,-0.006335432641208172,-0.0017113708890974522,14.423173
0.745833333333331,-0.004883747082203627,0.01006313692778349,-0.00632897624745965,-0.0017043628031387925,14.423173
0.7463541666666643,-0.004860513377934694,0.010034400969743729,-0.00631964486092329,-0.001698542502708733,14.423173
0.7468749999999976,-0.0048374454490840435,0.010004840791225433,-0.006312207784503698,-0.0016935792518779635,14.423173
0.7473958333333309,-0.004814043175429106,0.009976226836442947,-0.006303936708718538,-0.001683228649199009,14.423173
0.7479166666666642,-0.004790680017322302,0.009948023594915867,-0.006295410916209221,-0.0016801477177068591,14.423173
0.7484374999999975,-0.0047673191875219345,0.00991944968700409,-0.006286176852881908,-0.0016698060790076852,14.423173
0.7489583333333308,-0.004743651486933231,0.009891275316476822,-0.00627775676548481,-0.0016685744049027562,14.423173
0.7494791666666641,-0.004720192402601242,0.009862858802080154,-0.0062687280587852,-0.0016594375483691692,14.423173
0.7499999999999974,-0.0046963682398200035,0.009833880700170994,-0.006259050220251083,-0.0016597732901573181,14.423173
0.7505208333333308,-0.004672776907682419,0.009805071167647839,-0.0062510790303349495,-0.0016516945324838161,14.423173
0.751041666666664,-0.004648848436772823,0.00977607537060976,-0.0062414901331067085,-0.0016476260498166084,14.423173
0.7515624999999974,-0.0046251979656517506,0.009746314026415348,-0.006232528015971184,-0.001640654751099646,14.423173
0.7520833333333307,-0.004601153079420328,0.009717224165797234,-0.0062219128012657166,-0.0016334953252226114,14.423173
0.752604166666664,-0.0045771305449306965,0.009687655605375767,-0.006212309002876282,-0.0016289755003526807,14.423173
0.7531249999999973,-0.004553237464278936,0.009658519178628922,-0.006201719865202904,-0.0016194827621802688,14.423173
0.7536458333333306,-0.004528970457613468,0.009628952480852604,-0.006192242261022329,-0.0016150627052411437,14.423173
0.7541666666666639,-0.004504593089222908,0.009599287994205952,-0.006180994212627411,-0.0016044173389673233,14.423173
0.7546874999999972,-0.004480308853089809,0.009569566696882248,-0.0061683617532253265,-0.001602513948455453,14.423173
0.7552083333333305,-0.0044560679234564304,0.009538848884403706,-0.006156874820590019,-0.0015916043194010854,14.423173
0.7557291666666638,-0.004431393928825855,0.009509310126304626,-0.006147748325020075,-0.0015909583307802677,14.423173
0.7562499999999971,-0.0044070398434996605,0.009478208608925343,-0.00613317359238863,-0.0015829041367396712,14.423173
0.7567708333333304,-0.004382474813610315,0.009447701275348663,-0.006121717859059572,-0.0015821980778127909,14.423173
0.7572916666666637,-0.0043580541387200356,0.009416850283741951,-0.006109392270445824,-0.001575371134094894,14.423173
0.757812499999997,-0.004333556164056063,0.009386373683810234,-0.006096219643950462,-0.0015675433678552508,14.423173
0.7583333333333303,-0.0043092407286167145,0.009355781599879265,-0.0060839042998850346,-0.001563640427775681,14.423173
0.7588541666666636,-0.0042850542813539505,0.009325407445430756,-0.006069553084671497,-0.0015541794709861279,14.423173
0.7593749999999969,-0.0042609465308487415,0.009295033290982246,-0.006057559046894312,-0.0015519188018515706,14.423173
0.7598958333333302,-0.0042372155003249645,0.009265344589948654,-0.006044795271009207,-0.0015424835728481412,14.423173
0.7604166666666635,-0.004213420208543539,0.009235132485628128,-0.006031242664903402,-0.0015407814644277096,14.423173
0.7609374999999968,-0.004189961589872837,0.009205604903399944,-0.00601948844268918,-0.0015344201819971204,14.423173
0.7614583333333301,-0.004166734404861927,0.009175657294690609,-0.006006161216646433,-0.0015259445644915104,14.423173
0.7619791666666634,-0.004143746569752693,0.009146086871623993,-0.005995301064103842,-0.0015231595607474446,14.423173
0.7624999999999967,-0.0041212113574147224,0.00911769550293684,-0.00598353473469615,-0.0015142869669944048,14.423173
0.76302083333333,-0.004098788369446993,0.009088565595448017,-0.005970753729343414,-0.0015124129131436348,14.423173
0.7635416666666633,-0.004076771903783083,0.009060055948793888,-0.005959640722721815,-0.0015068443026393652,14.423173
0.7640624999999966,-0.004055110737681389,0.009031437337398529,-0.00594870001077652,-0.0014987485483288765,14.423173
0.76458333333333,-0.004033798351883888,0.009002747014164925,-0.005936762318015099,-0.0014962375862523913,14.423173
0.7651041666666633,-0.004012999590486288,0.008974988013505936,-0.0059258402325212955,-0.0014891944592818618,14.423173
0.7656249999999966,-0.0039925104938447475,0.008947238326072693,-0.005914168898016214,-0.0014879244845360518,14.423173
0.7661458333333299,-0.003972433041781187,0.008919485844671726,-0.005902905948460102,-0.0014830908039584756,14.423173
0.7666666666666632,-0.003952855244278908,0.008891748264431953,-0.005890951957553625,-0.0014732710551470518,14.423173
0.7671874999999965,-0.0039336225017905235,0.008864868432283401,-0.005879255943000317,-0.0014723778003826737,14.423173
0.7677083333333298,-0.003914923407137394,0.008837667293846607,-0.005868130829185247,-0.0014662366593256593,14.423173
0.7682291666666631,-0.003896664595231414,0.008810652419924736,-0.005855092778801918,-0.0014611686347052455,14.423173
0.7687499999999964,-0.003878844901919365,0.008783970959484577,-0.005844366271048784,-0.0014592332299798727,14.423173
0.7692708333333297,-0.0038615656085312366,0.008758163079619408,-0.005830926354974508,-0.001452677184715867,14.423173
0.769791666666663,-0.0038446770049631596,0.008731763809919357,-0.005817394703626633,-0.001450674724765122,14.423173
0.7703124999999963,-0.003828252200037241,0.00870552472770214,-0.005805416498333216,-0.0014474790077656507,14.423173
0.7708333333333296,-0.0038123242557048798,0.008679940365254879,-0.005789828021079302,-0.001438673585653305,14.423173
0.7713541666666629,-0.0037968026008456945,0.008654678240418434,-0.005778028164058924,-0.0014384232927113771,14.423173
0.7718749999999962,-0.003781798528507352,0.008629649877548218,-0.005763583816587925,-0.001433911151252687,14.423173
0.7723958333333295,-0.003767238464206457,0.008604773320257664,-0.005749651696532965,-0.0014325017109513283,14.423173
0.7729166666666628,-0.0037531049456447363,0.008580630645155907,-0.005736331455409527,-0.0014307869132608175,14.423173
0.7734374999999961,-0.0037394617684185505,0.008556317538022995,-0.005721038673073053,-0.0014252449618652463,14.423173
0.7739583333333294,-0.003726234193891287,0.00853224191814661,-0.005706564523279667,-0.0014239557785913348,14.423173
0.7744791666666627,-0.0037134336307644844,0.008509230799973011,-0.00569172715768218,-0.001421813271008432,14.423173
0.774999999999996,-0.003701077774167061,0.008486407808959484,-0.005677426233887672,-0.0014142118161544204,14.423173
0.7755208333333293,-0.0036891258787363768,0.00846356712281704,-0.005661973729729652,-0.0014139257837086916,14.423173
0.7760416666666626,-0.0036775944754481316,0.008441505953669548,-0.005648796446621418,-0.001409786636941135,14.423173
0.7765624999999959,-0.0036664570216089487,0.008419709280133247,-0.005633337423205376,-0.0014079815009608865,14.423173
0.7770833333333292,-0.003655723063275218,0.008398503065109253,-0.005620933137834072,-0.0014066343428567052,14.423173
0.7776041666666625,-0.003645368153229356,0.00837724283337593,-0.005605743266642094,-0.0013984286924824119,14.423173
0.7781249999999958,-0.0036353841423988342,0.008357138372957706,-0.005592364817857742,-0.0013938233023509383,14.423173
0.7786458333333292,-0.00362576125189662,0.008337259292602539,-0.0055796196684241295,-0.001387429772876203,14.423173
0.7791666666666625,-0.0036164848133921623,0.008317999541759491,-0.005567688494920731,-0.0013806427596136928,14.423173
0.7796874999999958,-0.0036075585521757603,0.008299526758491993,-0.0055548446252942085,-0.001376254134811461,14.423173
0.7802083333333291,-0.003598953364416957,0.008281228132545948,-0.005542645696550608,-0.001365911797620356,14.423173
0.7807291666666624,-0.0035906715784221888,0.00826337095350027,-0.005531632341444492,-0.0013598538935184479,14.423173
0.7812499999999957,-0.0035827031824737787,0.008245622739195824,-0.005519482772797346,-0.0013533530291169882,14.423173
0.781770833333329,-0.003575023962184787,0.00822950154542923,-0.005508233793079853,-0.0013453203719109297,14.423173
0.7822916666666623,-0.0035676462575793266,0.008213421329855919,-0.0054929135367274284,-0.0013405474601313472,14.423173
0.7828124999999956,-0.0035605113953351974,0.008198391646146774,-0.005483047571033239,-0.001331327366642654,14.423173
0.7833333333333289,-0.0035536347422748804,0.008183722384274006,-0.0054701585322618484,-0.001326009863987565,14.423173
0.7838541666666622,-0.003547007916495204,0.008169297128915787,-0.00545912841334939,-0.0013190113240852952,14.423173
0.7843749999999955,-0.0035405983217060566,0.008155525662004948,-0.005447695031762123,-0.0013120974181219935,14.423173
0.7848958333333288,-0.0035344462376087904,0.008141706697642803,-0.005436505191028118,-0.0013074143789708614,14.423173
0.7854166666666621,-0.003528479253873229,0.008128536865115166,-0.005425918381661177,-0.0012993309646844864,14.423173
0.7859374999999954,-0.0035227201879024506,0.008115393109619617,-0.005416234489530325,-0.0012927975039929152,14.423173
0.7864583333333287,-0.0035171674098819494,0.008102000690996647,-0.005406181327998638,-0.001287604682147503,14.423173
0.786979166666662,-0.003511780174449086,0.00808916799724102,-0.005396499764174223,-0.001280384254641831,14.423173
0.7874999999999953,-0.0035066199488937855,0.008076946251094341,-0.005386686883866787,-0.0012758411467075348,14.423173
0.7880208333333286,-0.0035015763714909554,0.00806474033743143,-0.005376999732106924,-0.001274207141250372,14.423173
0.7885416666666619,-0.003496728837490082,0.008052881807088852,-0.005367985460907221,-0.001267384854145348,14.423173
0.7890624999999952,-0.0034920310135930777,0.008041726425290108,-0.005358091555535793,-0.001262441510334611,14.423173
0.7895833333333285,-0.003487458685413003,0.008030508644878864,-0.005349285434931517,-0.001256881165318191,14.423173
0.7901041666666618,-0.0034830670338124037,0.00801935326308012,-0.005339563358575106,-0.0012513396795839071,14.423173
0.7906249999999951,-0.0034787594340741634,0.00800881627947092,-0.005331586115062237,-0.001248335582204163,14.423173
0.7911458333333284,-0.003474603407084942,0.007997967302799225,-0.005322525277733803,-0.0012435584794729948,14.423173
0.7916666666666617,-0.003470556577667594,0.007988134399056435,-0.00531429098919034,-0.001236694399267435,14.423173
0.792187499999995,-0.0034665982238948345,0.007978290319442749,-0.0053054941818118095,-0.0012311101891100407,14.423173
0.7927083333333284,-0.003462774446234107,0.007968810386955738,-0.005297447554767132,-0.001227505854330957,14.423173
0.7932291666666617,-0.003458994207903743,0.007959416136145592,-0.005289899185299873,-0.0012233686866238713,14.423173
0.793749999999995,-0.0034553573932498693,0.007950016297399998,-0.005281276535242796,-0.0012186231324449182,14.423173
0.7942708333333283,-0.003451781813055277,0.007941246964037418,-0.005273898597806692,-0.001217333017848432,14.423173
0.7947916666666616,-0.003448300529271364,0.007932525128126144,-0.00526583893224597,-0.0012125099310651422,14.423173
0.7953124999999949,-0.003444886766374111,0.00792414415627718,-0.005258461926132441,-0.0012076976709067822,14.423173
0.7958333333333282,-0.00344148650765419,0.007915539667010307,-0.005250130780041218,-0.0012024001916870475,14.423173
0.7963541666666615,-0.003438220825046301,0.007907400839030743,-0.005243279971182346,-0.0011979565024375916,14.423173
0.7968749999999948,-0.0034349593333899975,0.00789948645979166,-0.005235886666923761,-0.0011956737143918872,14.423173
0.7973958333333281,-0.0034317730460315943,0.007891534827649593,-0.005227427929639816,-0.001191043178550899,14.423173
0.7979166666666614,-0.003428635187447071,0.007884206250309944,-0.005221789702773094,-0.0011912492336705327,14.423173
0.7984374999999947,-0.003425528295338154,0.007876334711909294,-0.005213298834860325,-0.0011865748092532158,14.423173
0.798958333333328,-0.003422490553930402,0.007868760265409946,-0.00520625663921237,-0.00118217000272125,14.423173
0.7994791666666613,-0.0034194181207567453,0.007861054502427578,-0.005199085921049118,-0.0011779067572206259,14.423173
0.7999999999999946,-0.0034164427779614925,0.007853913120925426,-0.005191216245293617,-0.0011743963696062565,14.423173
0.8005208333333279,-0.003413456492125988,0.007846745662391186,-0.005184422247111797,-0.001173565280623734,14.423173
0.8010416666666612,-0.00341051840223372,0.00783944595605135,-0.005176568869501352,-0.0011684827040880919,14.423173
0.8015624999999945,-0.0034075917210429907,0.00783227477222681,-0.005168455187231302,-0.0011671462561935186,14.423173
0.8020833333333278,-0.003404650604352355,0.007825098000466824,-0.005161461420357227,-0.0011623308528214693,14.423173
0.8026041666666611,-0.003401793073862791,0.007818017154932022,-0.005152546800673008,-0.0011590954381972551,14.423173
0.8031249999999944,-0.0033988477662205696,0.007811188232153654,-0.0051445686258375645,-0.0011558657279238105,14.423173
0.8036458333333277,-0.00339597649872303,0.007804653141647577,-0.005136968567967415,-0.001151187578216195,14.423173
0.804166666666661,-0.0033930856734514236,0.007798167876899242,-0.005129283294081688,-0.0011511092307046056,14.423173
0.8046874999999943,-0.003390186931937933,0.007791514042764902,-0.005120979156345129,-0.0011466167634353042,14.423173
0.8052083333333276,-0.0033873289357870817,0.007785564288496971,-0.0051149665378034115,-0.0011448479490354657,14.423173
0.805729166666661,-0.003384385723620653,0.007779494393616915,-0.005108604207634926,-0.0011397608323022723,14.423173
0.8062499999999942,-0.0033815004862844944,0.007773895747959614,-0.005102798342704773,-0.0011370276333764195,14.423173
0.8067708333333276,-0.0033785176929086447,0.00776809873059392,-0.005096756853163242,-0.001135492348112166,14.423173
0.8072916666666609,-0.003375587286427617,0.0077623710967600346,-0.00509205786511302,-0.00113241549115628,14.423173
0.8078124999999942,-0.0033726333640515804,0.007756554987281561,-0.005087065976113081,-0.0011326329549774528,14.423173
0.8083333333333275,-0.0033696494065225124,0.007750754244625568,-0.005083269439637661,-0.0011273407144472003,14.423173
0.8088541666666608,-0.003366683842614293,0.007744934409856796,-0.005078217480331659,-0.0011275515425950289,14.423173
0.8093749999999941,-0.003363632829859853,0.007739396765828133,-0.005073094740509987,-0.0011234850389882922,14.423173
0.8098958333333274,-0.003360652131959796,0.007734206039458513,-0.005069024860858917,-0.0011216293787583709,14.423173
0.8104166666666607,-0.0033575687557458878,0.007728285156190395,-0.00506339268758893,-0.0011219808366149664,14.423173
0.810937499999994,-0.00335451471619308,0.007722634822130203,-0.005057700909674168,-0.001118227606639266,14.423173
0.8114583333333273,-0.0033514394890516996,0.007716866675764322,-0.005052134860306978,-0.0011178895365446806,14.423173
0.8119791666666606,-0.0033483211882412434,0.0077109565027058125,-0.005046958569437265,-0.0011125262826681137,14.423173
0.8124999999999939,-0.0033452215138822794,0.007705701515078545,-0.005041079130023718,-0.001114478101953864,14.423173
0.8130208333333272,-0.003342020558193326,0.007700024172663689,-0.005034480709582567,-0.0011108671315014362,14.423173
0.8135416666666605,-0.003338867798447609,0.007694731932133436,-0.0050286962650716305,-0.0011092640925198793,14.423173
0.8140624999999938,-0.003335624234750867,0.007688899990171194,-0.005022120662033558,-0.0011094007641077042,14.423173
0.8145833333333271,-0.003332390682771802,0.007682568393647671,-0.0050155892968177795,-0.0011056886287406087,14.423173
0.8151041666666604,-0.0033291468862444162,0.007676359266042709,-0.005008287727832794,-0.0011060566175729036,14.423173
0.8156249999999937,-0.003325855825096369,0.00767063582316041,-0.00500270863994956,-0.001101418980397284,14.423173
0.816145833333327,-0.0033225794322788715,0.0076651666313409805,-0.004997186828404665,-0.0011052131885662675,14.423173
0.8166666666666603,-0.003319189650937915,0.007658819667994976,-0.004989141598343849,-0.001100943423807621,14.423173
0.8171874999999936,-0.003315853187814355,0.007652940694242716,-0.00498227309435606,-0.0010975728509947658,14.423173
0.8177083333333269,-0.0033124100882560015,0.007646971847862005,-0.004975166637450457,-0.001095498213544488,14.423173
0.8182291666666602,-0.0033089981880038977,0.007641170639544725,-0.0049674902111291885,-0.0010922524379566312,14.423173
0.8187499999999935,-0.003305550431832671,0.00763556407764554,-0.004960178397595882,-0.0010926249669864774,14.423173
0.8192708333333268,-0.0033020253758877516,0.007629564963281155,-0.004951531533151865,-0.0010891108540818095,14.423173
0.8197916666666601,-0.0032985566649585962,0.00762358121573925,-0.004944339394569397,-0.0010923015652224422,14.423173
0.8203124999999934,-0.0032949931919574738,0.007617603987455368,-0.004936407785862684,-0.0010893454309552908,14.423173
0.8208333333333268,-0.0032914956100285053,0.007611649110913277,-0.004928119480609894,-0.0010883545037359,14.423173
0.8213541666666601,-0.0032878322526812553,0.007605533115565777,-0.00491965189576149,-0.0010891760466620326,14.423173
0.8218749999999934,-0.0032842406071722507,0.007599787320941687,-0.0049118176102638245,-0.001088246121071279,14.423173
0.8223958333333267,-0.003280555596575141,0.00759408762678504,-0.0049055190756917,-0.0010895458981394768,14.423173
0.82291666666666,-0.0032768798992037773,0.007588129956275225,-0.004898543935269117,-0.0010875246953219175,14.423173
0.8234374999999933,-0.003273166948929429,0.007582595106214285,-0.004893379285931587,-0.0010912547586485744,14.423173
0.8239583333333266,-0.003269371809437871,0.007577483542263508,-0.004887583199888468,-0.0010885408846661448,14.423173
0.8244791666666599,-0.003265595994889736,0.00757263507694006,-0.004882694687694311,-0.001093603204935789,14.423173
0.8249999999999932,-0.00326167861931026,0.007567422930151224,-0.004876766353845596,-0.0010915350867435336,14.423173
0.8255208333333265,-0.0032578343525528908,0.007562182378023863,-0.004873005207628012,-0.0010903032962232828,14.423173
0.8260416666666598,-0.00325386761687696,0.007557192351669073,-0.004868548829108477,-0.0010907265823334455,14.423173
0.8265624999999931,-0.003249939065426588,0.007552416063845158,-0.004865201655775309,-0.0010881744092330337,14.423173
0.8270833333333264,-0.0032459446229040623,0.007547436747699976,-0.004861040972173214,-0.0010877882596105337,14.423173
0.8276041666666597,-0.003241984872147441,0.007542042061686516,-0.0048569873906672,-0.001084327232092619,14.423173
0.828124999999993,-0.0032379841431975365,0.0075373523868620396,-0.004853837192058563,-0.0010865959338843822,14.423173
0.8286458333333263,-0.0032338937744498253,0.007532390765845776,-0.004848423879593611,-0.0010831011459231377,14.423173
0.8291666666666596,-0.0032298921141773462,0.0075268829241395,-0.004843800328671932,-0.0010867778910323977,14.423173
0.8296874999999929,-0.003225797787308693,0.007521842140704393,-0.004839202854782343,-0.0010847572702914476,14.423173
0.8302083333333262,-0.0032217828556895256,0.007516442332416773,-0.004833457060158253,-0.0010847888188436627,14.423173
0.8307291666666595,-0.0032176412642002106,0.007511212956160307,-0.004829238634556532,-0.0010845497017726302,14.423173
0.8312499999999928,-0.003213541116565466,0.007505898363888264,-0.004823877476155758,-0.0010831111576408148,14.423173
0.8317708333333261,-0.003209406044334173,0.007500761188566685,-0.00481893215328455,-0.0010816601570695639,14.423173
0.8322916666666594,-0.0032052663154900074,0.007495470345020294,-0.004812960512936115,-0.0010786758502945304,14.423173
0.8328124999999927,-0.0032011023722589016,0.007490045856684446,-0.004806993529200554,-0.0010791427921503782,14.423173
0.833333333333326,-0.003196862991899252,0.007484766189008951,-0.004800888709723949,-0.0010745208710432053,14.423173
0.8338541666666593,-0.0031926727388054132,0.00747943390160799,-0.004795676562935114,-0.0010759615106508136,14.423173
0.8343749999999927,-0.003188390750437975,0.007474071346223354,-0.004788152873516083,-0.001071533770300448,14.423173
0.834895833333326,-0.00318421539850533,0.007468421943485737,-0.004782234318554401,-0.0010758470743894577,14.423173
0.8354166666666593,-0.0031799108255654573,0.007462757173925638,-0.004774406086653471,-0.0010734322713688016,14.423173
0.8359374999999926,-0.0031757086981087923,0.007457108236849308,-0.004767349921166897,-0.0010743385646492243,14.423173
0.8364583333333259,-0.0031713987700641155,0.007451522164046764,-0.004759245552122593,-0.0010731572983786464,14.423173
0.8369791666666592,-0.0031671496108174324,0.00744608324021101,-0.004751262720674276,-0.0010741760488599539,14.423173
0.8374999999999925,-0.003162811975926161,0.007440438959747553,-0.004743230063468218,-0.001076943357475102,14.423173
0.8380208333333258,-0.003158537670969963,0.007435064297169447,-0.0047354623675346375,-0.0010778800351545215,14.423173
0.8385416666666591,-0.0031541960779577494,0.007429599761962891,-0.004728641360998154,-0.0010820444440469146,14.423173
0.8390624999999924,-0.003149863565340638,0.007424093317240477,-0.004722340032458305,-0.001085802330635488,14.423173
0.8395833333333257,-0.0031455291900783777,0.007418654393404722,-0.004717071074992418,-0.0010901096975430846,14.423173
0.840104166666659,-0.0031411307863891125,0.007413223851472139,-0.004712026100605726,-0.0010881590424105525,14.423173
0.8406249999999923,-0.003136740066111088,0.007407509721815586,-0.004706863779574633,-0.001089244382455945,14.423173
0.8411458333333256,-0.0031322739087045193,0.007401843089610338,-0.0047015598975121975,-0.0010849975515156984,14.423173
0.8416666666666589,-0.0031278757378458977,0.007396361790597439,-0.0046967631205916405,-0.0010876633459702134,14.423173
0.8421874999999922,-0.0031233816407620907,0.00739087350666523,-0.004690288566052914,-0.001084566698409617,14.423173
0.8427083333333255,-0.0031189757864922285,0.007385103031992912,-0.004683885723352432,-0.0010905840899795294,14.423173
0.8432291666666588,-0.0031144730746746063,0.007379370741546154,-0.00467731524258852,-0.0010879046749323606,14.423173
0.8437499999999921,-0.0031100925989449024,0.007373528089374304,-0.00467077037319541,-0.001092485268600285,14.423173
0.8442708333333254,-0.0031055165454745293,0.007367628160864115,-0.004663846921175718,-0.0010912156431004405,14.423173
0.8447916666666587,-0.003101093228906393,0.007361916359513998,-0.00465751439332962,-0.001095544546842575,14.423173
0.845312499999992,-0.003096461296081543,0.007356270682066679,-0.004649982787668705,-0.0010936078615486622,14.423173
0.8458333333333253,-0.00309201842173934,0.0073503232561051846,-0.004642115905880928,-0.001094754203222692,14.423173
0.8463541666666586,-0.0030873410869389772,0.007344270125031471,-0.004634424578398466,-0.0010946725960820913,14.423173
0.8468749999999919,-0.00308286608196795,0.007338062860071659,-0.0046264976263046265,-0.0010974658653140068,14.423173
0.8473958333333252,-0.0030781831592321396,0.007332014385610819,-0.004617925733327866,-0.0010984777472913265,14.423173
0.8479166666666585,-0.0030736508779227734,0.007325912360101938,-0.004609278403222561,-0.0011015821946784854,14.423173
0.8484374999999919,-0.003068909514695406,0.0073198433965444565,-0.004600134212523699,-0.0011026080464944243,14.423173
0.8489583333333252,-0.00306434603407979,0.007313854061067104,-0.00459135789424181,-0.0011046684812754393,14.423173
0.8494791666666585,-0.003059552749618888,0.007307795807719231,-0.0045823040418326855,-0.0011063984129577875,14.423173
0.8499999999999918,-0.003054957604035735,0.00730205187574029,-0.0045729768462479115,-0.0011088241590186954,14.423173
0.8505208333333251,-0.0030501005239784718,0.0072957552038133144,-0.004565252922475338,-0.0011087905149906874,14.423173
0.8510416666666584,-0.0030454618390649557,0.007289836183190346,-0.004559074994176626,-0.0011105277808383107,14.423173
0.8515624999999917,-0.0028522012289613485,0.007488514296710491,-0.004516015760600567,-0.00643253093585372,14.423173
0.852083333333325,-0.002446508966386318,0.008337152190506458,-0.0034901839680969715,-0.01473934855312109,14.423173
0.8526041666666583,-0.002024870365858078,0.00935434177517891,-0.0015620810445398092,-0.020143426954746246,14.423173
0.8531249999999916,-0.0015953357797116041,0.010311470367014408,0.0009150893311016262,-0.0236700177192688,14.423173
0.8536458333333249,-0.0011622622841969132,0.011128278449177742,0.00364734441973269,-0.026020020246505737,14.423173
0.8541666666666582,-0.0007285934989340603,0.011828928254544735,0.006437571719288826,-0.027614403516054153,14.423173
0.8546874999999915,-0.0002966023748740554,0.012429919093847275,0.009170567616820335,-0.028716247528791428,14.423173
0.8552083333333248,0.0001323990145465359,0.012943419627845287,0.011785406619310379,-0.02948853187263012,14.423173
0.8557291666666581,0.0005571171059273183,0.013376099988818169,0.014243382960557938,-0.030034039169549942,14.423173
0.8562499999999914,0.0009764467249624431,0.013744348660111427,0.016521167010068893,-0.030423851683735847,14.423173
0.8567708333333247,0.0013888651737943292,0.014048858545720577,0.018618803471326828,-0.03070034831762314,14.423173
0.857291666666658,0.001793564180843532,0.014304650947451591,0.02054562047123909,-0.030893830582499504,14.423173
0.8578124999999913,0.0021900625433772802,0.01452429685741663,0.022316383197903633,-0.03102097474038601,14.423173
0.8583333333333246,0.0025778147391974926,0.014716229401528835,0.023940633982419968,-0.031097492203116417,14.423173
0.8588541666666579,0.0029567016754299402,0.014886985532939434,0.0254583191126585,-0.031139902770519257,14.423173
0.8593749999999912,0.003328493796288967,0.015040988102555275,0.02705220691859722,-0.031180810183286667,14.423173
0.8598958333333245,0.0036920695565640926,0.015166693367064,0.028544165194034576,-0.031180307269096375,14.423173
0.8604166666666578,0.004046289715915918,0.015279705636203289,0.029940413311123848,-0.03114457055926323,14.423173
0.8609374999999911,0.004390277899801731,0.015387293882668018,0.031252555549144745,-0.03109605610370636,14.423173
0.8614583333333244,0.004723723977804184,0.01548792514950037,0.0324789322912693,-0.03103317692875862,14.423173
0.8619791666666577,0.005046497564762831,0.01558202225714922,0.033630065619945526,-0.03095969185233116,14.423173
0.862499999999991,0.005358404014259577,0.015669507905840874,0.0347093790769577,-0.030877074226737022,14.423173
0.8630208333333244,0.005659341812133789,0.015751007944345474,0.0357203371822834,-0.030785586684942245,14.423173
0.8635416666666577,0.005949245300143957,0.01582637056708336,0.03667132556438446,-0.0306892991065979,14.423173
0.864062499999991,0.006227971985936165,0.015895647928118706,0.03756396844983101,-0.030591126531362534,14.423173
0.8645833333333243,0.006495378911495209,0.015958543866872787,0.038396671414375305,-0.03048461116850376,14.423173
0.8651041666666576,0.0067515079863369465,0.016015129163861275,0.03917927294969559,-0.030377084389328957,14.423173
0.8656249999999909,0.006996254902333021,0.016065293923020363,0.0399126261472702,-0.030267566442489624,14.423173
0.8661458333333242,0.007229540962725878,0.01610899530351162,0.04059262573719025,-0.030150460079312325,14.423173
0.8666666666666575,0.007451488636434078,0.016146119683980942,0.04123447835445404,-0.03003574348986149,14.423173
0.8671874999999908,0.007619191892445087,0.01615842431783676,0.04181545972824097,-0.02998337708413601,14.423173
0.8677083333333241,0.007714093197137117,0.016130264848470688,0.04230373725295067,-0.02987702190876007,14.423173
0.8682291666666574,0.007761267013847828,0.016056722030043602,0.0427069254219532,-0.02965386211872101,14.423173
0.8687499999999907,0.0077791353687644005,0.01594437286257744,0.04307017847895622,-0.02942812070250511,14.423173
0.869270833333324,0.007780726067721844,0.015822120010852814,0.04341747611761093,-0.02920718304812908,14.423173
0.8697916666666573,0.0077727315947413445,0.0156894288957119,0.04374383017420769,-0.028947047889232635,14.423173
0.8703124999999906,0.007759323809295893,0.015541400760412216,0.04404623061418533,-0.02866056002676487,14.423173
0.8708333333333239,0.0077404906041920185,0.015380023047327995,0.044326260685920715,-0.02835199423134327,14.423173
0.8713541666666572,0.007715522311627865,0.015207767486572266,0.04457692429423332,-0.02802162803709507,14.423173
0.8718749999999905,0.007684093434363604,0.015024412423372269,0.04480458423495293,-0.027679411694407463,14.423173
0.8723958333333238,0.007645843084901571,0.014831192791461945,0.04500456154346466,-0.027319038286805153,14.423173
0.8729166666666571,0.007600776385515928,0.014629948884248734,0.04518293961882591,-0.02694878913462162,14.423173
0.8734374999999904,0.007548723369836807,0.014418044127523899,0.04534568637609482,-0.026561157777905464,14.423173
0.8739583333333237,0.007489702198654413,0.014199959114193916,0.04548327252268791,-0.026164770126342773,14.423173
0.874479166666657,0.007423730567097664,0.013971741311252117,0.04560526832938194,-0.025759605690836906,14.423173
0.8749999999999903,0.007350768893957138,0.013734587468206882,0.04570869356393814,-0.025342047214508057,14.423173
0.8755208333333236,0.007270899135619402,0.013490833342075348,0.04579188674688339,-0.02491535246372223,14.423173
0.876041666666657,0.007184191606938839,0.013238099403679371,0.04586246982216835,-0.024479171261191368,14.423173
0.8765624999999903,0.007090690080076456,0.01297946460545063,0.045912135392427444,-0.024037303403019905,14.423173
0.8770833333333236,0.006990413647145033,0.012716681696474552,0.0459381602704525,-0.02358691580593586,14.423173
0.8776041666666569,0.006883496884256601,0.012442698702216148,0.04595445096492767,-0.023125410079956055,14.423173
0.8781249999999902,0.006770044565200806,0.012162631377577782,0.045953378081321716,-0.02265922538936138,14.423173
0.8786458333333235,0.0066501181572675705,0.011876107193529606,0.04593458026647568,-0.0221799835562706,14.423173
0.8791666666666568,0.006523971911519766,0.011580868624150753,0.04589959606528282,-0.021696599200367928,14.423173
0.8796874999999901,0.0063916826620697975,0.011277692392468452,0.04585137590765953,-0.02120554819703102,14.423173
0.8802083333333234,0.006253302097320557,0.010969061404466629,0.04578326642513275,-0.02070489525794983,14.423173
0.8807291666666567,0.006109044421464205,0.010653328150510788,0.045702651143074036,-0.02020031027495861,14.423173
0.88124999999999,0.005958923138678074,0.010330645367503166,0.04560470208525658,-0.01968853734433651,14.423173
0.8817708333333233,0.0058030616492033005,0.010002553462982178,0.04548900946974754,-0.01916368305683136,14.423173
0.8822916666666566,0.005641778465360403,0.009665410965681076,0.045363713055849075,-0.018636073917150497,14.423173
0.8828124999999899,0.005475084763020277,0.009324347600340843,0.04521699994802475,-0.018098631873726845,14.423173
0.8833333333333232,0.005303237587213516,0.008974626660346985,0.04505842924118042,-0.017553940415382385,14.423173
0.8838541666666565,0.005126367788761854,0.008621133863925934,0.04488182067871094,-0.017000647261738777,14.423173
0.8843749999999898,0.004944710060954094,0.008257784880697727,0.04469313472509384,-0.016443032771348953,14.423173
0.8848958333333231,0.004758322145789862,0.007888131774961948,0.044486287981271744,-0.015873966738581657,14.423173
0.8854166666666564,0.004567453637719154,0.007506527006626129,0.04426572471857071,-0.015301824547350407,14.423173
0.8859374999999897,0.004372139926999807,0.00711827352643013,0.04402653127908707,-0.014718777500092983,14.423173
0.886458333333323,0.0041726273484528065,0.006722000893205404,0.04377247393131256,-0.014130860567092896,14.423173
0.8869791666666563,0.003970689605921507,0.006322531495243311,0.04347389191389084,-0.013544123619794846,14.423173
0.8874999999999896,0.003769675036892295,0.005948329344391823,0.043093111366033554,-0.012966143898665905,14.423173
0.8880208333333229,0.0035712830722332,0.005608802195638418,0.04262278228998184,-0.012399254366755486,14.423173
0.8885416666666562,0.0033758131321519613,0.005280950106680393,0.0420699305832386,-0.011845282278954983,14.423173
0.8890624999999895,0.0031850168015807867,0.00498499209061265,0.04142526537179947,-0.011303311213850975,14.423173
0.8895833333333228,0.0030024193692952394,0.004719649441540241,0.040670547634363174,-0.010788991115987301,14.423173
0.8901041666666561,0.002829762641340494,0.004468036349862814,0.039811331778764725,-0.010300531052052975,14.423173
0.8906249999999895,0.0026679455768316984,0.004230184946209192,0.038883887231349945,-0.009829487651586533,14.423173
0.8911458333333228,0.0025165046099573374,0.003989771474152803,0.037906546145677567,-0.009373681619763374,14.423173
0.8916666666666561,0.0023733987472951412,0.00376841495744884,0.036889757961034775,-0.008937819860875607,14.423173
0.8921874999999894,0.002237762091681361,0.003564354730769992,0.03584358096122742,-0.008517652750015259,14.423173
0.8927083333333227,0.0021103748586028814,0.0034052941482514143,0.034779615700244904,-0.008116081357002258,14.423173
0.893229166666656,0.001992194214835763,0.0032680288422852755,0.03370117396116257,-0.007733040489256382,14.423173
0.8937499999999893,0.0018833762733265758,0.003170190379023552,0.03262317180633545,-0.007373759988695383,14.423173
0.8942708333333226,0.0017847041599452496,0.0030782439280301332,0.03155970573425293,-0.0070320903323590755,14.423173
0.8947916666666559,0.0016957848565652966,0.0029905587434768677,0.030529946088790894,-0.006712090224027634,14.423173
0.8953124999999892,0.0016171447932720184,0.002909534377977252,0.029545437544584274,-0.006418703589588404,14.423173
0.8958333333333225,0.0015493892133235931,0.0028381305746734142,0.02862042933702469,-0.00615750253200531,14.423173
0.8963541666666558,0.001491251983679831,0.0027754639741033316,0.027758071199059486,-0.005921758245676756,14.423173
0.8968749999999891,0.001441531116142869,0.002720681019127369,0.026955891400575638,-0.005712821613997221,14.423173
0.8973958333333224,0.0013990090228617191,0.002671144437044859,0.02620839513838291,-0.005517761688679457,14.423173
0.8979166666666557,0.0013629033928737044,0.002628743415698409,0.025523299351334572,-0.005343455355614424,14.423173
0.898437499999989,0.0013325423933565617,0.002591184340417385,0.02489115297794342,-0.005183474160730839,14.423173
0.8989583333333223,0.0013079158961772919,0.002562103793025017,0.024320155382156372,-0.005043945275247097,14.423173
0.8994791666666556,0.001288645202293992,0.00253913551568985,0.0238096471875906,-0.004926356021314859,14.423173
0.8999999999999889,0.001273806206882,0.002520716981962323,0.02336040511727333,-0.004826005082577467,14.423173
0.9005208333333222,0.0012624459341168404,0.002505009761080146,0.022956963628530502,-0.004735796246677637,14.423173
