Time,Pistoning (suspension_slide),Angle_X,Angle_Y,Angle_Z,Mean_Wall_Time_Sec
0.0008333333333333334,4.417459058458917e-05,0.0004136567295063287,-1.8752936739474535e-05,-0.00011052830086555332,5.080709
0.0016666666666666668,4.770829400513321e-05,0.0005682262126356363,-8.103003892756533e-06,-0.00015460775466635823,5.080709
0.0025,5.072835483588278e-05,0.0007141189998947084,4.478473783819936e-06,-0.00019730476196855307,5.080709
0.0033333333333333335,5.200463783694431e-05,0.0008489243919029832,7.356305104622152e-06,-0.0002387377171544358,5.080709
0.004166666666666667,5.482939013745636e-05,0.0009789664763957262,1.582245749887079e-05,-0.00027646281523630023,5.080709
0.005,5.595348193310201e-05,0.0011004258412867785,1.9046059605898336e-05,-0.0003139510517939925,5.080709
0.005833333333333334,5.8383891882840544e-05,0.0012172359274700284,2.6715590138337575e-05,-0.00034818766289390624,5.080709
0.006666666666666667,6.075330384192057e-05,0.001326915342360735,3.5338744055479765e-05,-0.00038050368311814964,5.080709
0.007500000000000001,6.294810009421781e-05,0.0014325868105515838,4.3708270823117346e-05,-0.0004117282514926046,5.080709
0.008333333333333333,6.483484321506694e-05,0.001530222361907363,5.011904795537703e-05,-0.00044152099872007966,5.080709
0.009166666666666667,6.676958582829684e-05,0.0016233492642641068,5.749559204559773e-05,-0.00046948494855314493,5.080709
0.01,6.729171582264826e-05,0.0017087020678445697,5.54486432520207e-05,-0.0004972614697180688,5.080709
0.010833333333333334,6.778699753340334e-05,0.0017895962810143828,5.4950905905570835e-05,-0.0005235890857875347,5.080709
0.011666666666666667,6.823448347859085e-05,0.0018666007090359926,5.479954415932298e-05,-0.000548507203347981,5.080709
0.0125,6.966551882214844e-05,0.0019416222348809242,5.975566091365181e-05,-0.0005705912481062114,5.080709
0.013333333333333334,7.09982487023808e-05,0.0020131703931838274,6.44949177512899e-05,-0.0005923860007897019,5.080709
0.014166666666666668,7.224252476589754e-05,0.0020802123472094536,6.886186019983143e-05,-0.00061244354583323,5.080709
0.015000000000000001,7.258904224727303e-05,0.0021407222375273705,6.746455619577318e-05,-0.0006324934074655175,5.080709
0.015833333333333335,7.290489156730473e-05,0.0021985743660479784,6.600178312510252e-05,-0.0006513240514323115,5.080709
0.016666666666666666,7.310805813176557e-05,0.0022516041062772274,6.449218199122697e-05,-0.0006693778559565544,5.080709
0.017499999999999998,7.338577415794134e-05,0.002304194727912545,6.531325198011473e-05,-0.0006870908546261489,5.080709
0.01833333333333333,7.354915578616783e-05,0.0023528265301138163,6.434347596950829e-05,-0.0007037182222120464,5.080709
0.01916666666666666,7.438286411343142e-05,0.0024017977993935347,6.78783908369951e-05,-0.0007181885302998126,5.080709
0.019999999999999993,7.452075806213543e-05,0.0024458407424390316,6.804520671721548e-05,-0.000732420536223799,5.080709
0.020833333333333325,7.457355241058394e-05,0.002487582853063941,6.812427454860881e-05,-0.0007463654619641602,5.080709
0.021666666666666657,7.454236038029194e-05,0.002525200368836522,6.699647201457992e-05,-0.0007600932731293142,5.080709
0.02249999999999999,7.512826414313167e-05,0.0025641960091888905,7.043114601401612e-05,-0.0007727587362751365,5.080709
0.02333333333333332,7.568862201878801e-05,0.0026016696356236935,7.385557546513155e-05,-0.0007847408996894956,5.080709
0.024166666666666652,7.56374720367603e-05,0.0026348496321588755,7.436099258484319e-05,-0.0007964479736983776,5.080709
0.024999999999999984,7.616051152581349e-05,0.0026681728195399046,7.778811414027587e-05,-0.0008066745940595865,5.080709
0.025833333333333316,7.60190305300057e-05,0.002697282936424017,7.799396553309634e-05,-0.0008165528415702283,5.080709
0.026666666666666648,7.656281377421692e-05,0.0027287492994219065,8.166548650478944e-05,-0.000825821771286428,5.080709
0.02749999999999998,7.687714969506487e-05,0.0027575853746384382,8.421550592174754e-05,-0.000835099839605391,5.080709
0.02833333333333331,7.717208791291341e-05,0.002784659620374441,8.683056512381881e-05,-0.0008434283663518727,5.080709
0.029166666666666643,7.751570956315845e-05,0.00280931917950511,8.914357022149488e-05,-0.0008511003688909113,5.080709
0.029999999999999975,7.728403579676524e-05,0.0028290979098528624,8.937456732382998e-05,-0.0008585636969655752,5.080709
0.030833333333333306,7.757570710964501e-05,0.0028505083173513412,9.129453974310309e-05,-0.0008655834826640785,5.080709
0.03166666666666664,7.77978275436908e-05,0.0028702730778604746,9.355331712868065e-05,-0.0008724170038476586,5.080709
0.03249999999999997,7.753962563583627e-05,0.0028845621272921562,9.376982052344829e-05,-0.0008788862032815814,5.080709
0.033333333333333305,7.728325726930052e-05,0.002898584119975567,9.404014417668805e-05,-0.0008851446327753365,5.080709
0.03416666666666664,7.702550647081807e-05,0.002911920892074704,9.43315535550937e-05,-0.0008913720957934856,5.080709
0.03499999999999997,7.676204404560849e-05,0.0029254918918013573,9.484845213592052e-05,-0.0008976411772891879,5.080709
0.0358333333333333,7.649499457329512e-05,0.0029382326174527407,9.561237675370649e-05,-0.0009037090931087732,5.080709
0.03666666666666663,7.622761040693149e-05,0.0029497737996280193,9.58629825618118e-05,-0.0009089050581678748,5.080709
0.037499999999999964,7.595928764203563e-05,0.0029608055483549833,9.615662565920502e-05,-0.0009140720940195024,5.080709
0.038333333333333296,7.607306906720623e-05,0.0029761751648038626,9.7168747743126e-05,-0.0009194949525408447,5.080709
0.03916666666666663,7.613228808622807e-05,0.0029909443110227585,9.846234752330929e-05,-0.0009250750881619751,5.080709
0.03999999999999996,7.617086521349847e-05,0.0030054731760174036,9.939901065081358e-05,-0.0009305616258643568,5.080709
0.04083333333333329,7.613539492012933e-05,0.0030197936575859785,0.00010053923324448988,-0.000935467251110822,5.080709
0.04166666666666662,7.603957783430815e-05,0.003031986067071557,0.00010151278547709808,-0.0009399504633620381,5.080709
0.042499999999999954,7.594125781906769e-05,0.003043319098651409,0.00010251683852402493,-0.000944350496865809,5.080709
0.043333333333333286,7.584293780382723e-05,0.0030548316426575184,0.00010378543811384588,-0.0009490717202425003,5.080709
0.04416666666666662,7.573910261271521e-05,0.003065866883844137,0.0001048809863277711,-0.0009534104028716683,5.080709
0.04499999999999995,7.544620893895626e-05,0.0030724762473255396,0.00010580630623735487,-0.000957205833401531,5.080709
0.04583333333333328,7.51490006223321e-05,0.0030797391664236784,0.00010634882346494123,-0.0009608941036276519,5.080709
0.04666666666666661,7.485366950277239e-05,0.0030868228059262037,0.00010715005191741511,-0.0009647861588746309,5.080709
0.047499999999999945,7.455902232322842e-05,0.0030936403200030327,0.00010795132402563468,-0.0009687943966127932,5.080709
0.04833333333333328,7.426652882713825e-05,0.003100516740232706,0.00010904622467933223,-0.0009727806900627911,5.080709
0.04916666666666661,7.396607543341815e-05,0.003107032272964716,0.00010960975487250835,-0.0009765219874680042,5.080709
0.04999999999999994,7.366503268713132e-05,0.0031138197518885136,0.00011041104153264314,-0.0009803861612454057,5.080709
0.05083333333333327,7.363838813034818e-05,0.0031252331100404263,0.00011043341510230675,-0.0009835647651925683,5.080709
0.051666666666666604,7.344487676164135e-05,0.0031338438857346773,0.00011180848377989605,-0.00098747992888093,5.080709
0.052499999999999936,7.324594480451196e-05,0.0031423261389136314,0.00011235485726501793,-0.0009908243082463741,5.080709
0.05333333333333327,7.313449896173552e-05,0.0031513511203229427,0.00011302984057692811,-0.0009941289899870753,5.080709
0.0541666666666666,7.282127626240253e-05,0.003156762570142746,0.00011423452087910846,-0.0009971795370802283,5.080709
0.05499999999999993,7.278372504515573e-05,0.003167826682329178,0.00011544029985088855,-0.0010009156540036201,5.080709
0.05583333333333326,7.247454777825624e-05,0.0031730011105537415,0.00011634262773441151,-0.0010039892513304949,5.080709
0.056666666666666594,7.243677828228101e-05,0.003183587221428752,0.00011795390309998766,-0.0010076352627947927,5.080709
0.057499999999999926,7.212279160739854e-05,0.003188849426805973,0.00011900958634214476,-0.0010107978014275432,5.080709
0.05833333333333326,7.207391900010407e-05,0.0031996413599699736,0.00012061877350788563,-0.0010143077233806252,5.080709
0.05916666666666659,7.175777136581019e-05,0.0032049647998064756,0.00012181775673525408,-0.0010174191556870937,5.080709
0.05999999999999992,7.171387551352382e-05,0.0032142673153430223,0.00012310031161177903,-0.0010205530561506748,5.080709
0.06083333333333325,7.140012894524261e-05,0.0032196175307035446,0.00012459799472708255,-0.0010231728665530682,5.080709
0.061666666666666585,7.126870332285762e-05,0.0032275430858135223,0.0001258007250726223,-0.0010263166623190045,5.080709
0.06249999999999992,7.103490497684106e-05,0.0032336413860321045,0.00012689495633821934,-0.001028926344588399,5.080709
0.06333333333333326,7.080349314492196e-05,0.003239500103518367,0.0001276578987017274,-0.0010315588442608714,5.080709
0.0641666666666666,7.056896720314398e-05,0.003245742293074727,0.0001283662859350443,-0.0010337838903069496,5.080709
0.06499999999999993,7.033337169559672e-05,0.0032516331411898136,0.00012942867761012167,-0.0010364538757130504,5.080709
0.06583333333333327,7.009455293882638e-05,0.0032577000092715025,0.00013013131683692336,-0.0010390550596639514,5.080709
0.06666666666666661,6.986015068832785e-05,0.00326379737816751,0.00013116248010192066,-0.0010417853482067585,5.080709
0.06749999999999995,6.961813051020727e-05,0.0032698356080800295,0.0001321936579188332,-0.0010443383362144232,5.080709
0.06833333333333329,6.937645957805216e-05,0.003275514580309391,0.0001330785744357854,-0.0010467041283845901,5.080709
0.06916666666666663,6.913397373864427e-05,0.0032811337150633335,0.00013381520693656057,-0.0010488631669431925,5.080709
0.06999999999999997,6.892765668453649e-05,0.0032860958017408848,0.00013446519733406603,-0.0010504528181627393,5.080709
0.0708333333333333,6.860902794869617e-05,0.0032909424044191837,0.00013586260320153087,-0.001053091255016625,5.080709
0.07166666666666664,6.830743222963065e-05,0.0032957904040813446,0.00013729353668168187,-0.0010559407528489828,5.080709
0.07249999999999998,6.80593730066903e-05,0.003300307784229517,0.0001387306983815506,-0.0010582787217572331,5.080709
0.07333333333333332,6.775543442927301e-05,0.0033046496100723743,0.00014006788842380047,-0.0010610686149448156,5.080709
0.07416666666666666,6.745672726538032e-05,0.0033092808444052935,0.0001410596159985289,-0.0010631752666085958,5.080709
0.075,6.715088238706812e-05,0.0033133463002741337,0.0001418986066710204,-0.0010654185898602009,5.080709
0.07583333333333334,6.684606341877952e-05,0.00331738474778831,0.00014303135685622692,-0.001067553530447185,5.080709
0.07666666666666667,6.654018943663687e-05,0.0033218711614608765,0.00014417211059480906,-0.0010698956903070211,5.080709
0.07750000000000001,6.62389793433249e-05,0.0033259934280067682,0.00014492103946395218,-0.0010716724209487438,5.080709
0.07833333333333335,6.593516445718706e-05,0.0033300623763352633,0.0001459070190321654,-0.0010739570716395974,5.080709
0.07916666666666669,6.562994531122968e-05,0.003334697103127837,0.00014719173486810178,-0.0010762129677459598,5.080709
0.08000000000000003,6.53247261652723e-05,0.0033388533629477024,0.00014815431495662779,-0.0010784892365336418,5.080709
0.08083333333333337,6.501722236862406e-05,0.003342948853969574,0.0001491643488407135,-0.00108048296533525,5.080709
0.0816666666666667,6.470563675975427e-05,0.0033474660012871027,0.0001503044186392799,-0.0010830039391294122,5.080709
0.08250000000000005,6.439991557272151e-05,0.0033517724368721247,0.00015137541049625725,-0.0010851353872567415,5.080709
0.08333333333333338,6.409300112864003e-05,0.0033557196147739887,0.00015230178541969508,-0.0010873576393350959,5.080709
0.08416666666666672,6.378310354193673e-05,0.0033596069552004337,0.0001532600144855678,-0.0010893066646531224,5.080709
0.08500000000000006,6.347113230731338e-05,0.0033637606538832188,0.00015406649617943913,-0.0010910636046901345,5.080709
0.0858333333333334,6.317823863355443e-05,0.003367677563801408,0.00015494042600039393,-0.001093016006052494,5.080709
0.08666666666666674,6.28660709480755e-05,0.0033716298639774323,0.00015622143109794706,-0.0010952113661915064,5.080709
0.08750000000000008,6.26040855422616e-05,0.0033757819328457117,0.00015623611398041248,-0.0010968712158501148,5.080709
0.08833333333333342,6.234437023522332e-05,0.003380537498742342,0.00015704904217272997,-0.0010991079034283757,5.080709
0.08916666666666676,6.204419332789257e-05,0.0033848180901259184,0.00015845365123823285,-0.001101153902709484,5.080709
0.0900000000000001,6.172832217998803e-05,0.0033886434976011515,0.00015920907026156783,-0.0011028106091544032,5.080709
0.09083333333333343,6.145935185486451e-05,0.003392294282093644,0.0001597549271536991,-0.0011043563717976213,5.080709
0.09166666666666677,6.119522731751204e-05,0.0033959210850298405,0.00016060966299846768,-0.0011062881676480174,5.080709
0.09250000000000011,6.089574526413344e-05,0.0034003444015979767,0.00016186015272978693,-0.0011079488322138786,5.080709
0.09333333333333345,6.059765291865915e-05,0.0034045916981995106,0.0001631099876249209,-0.0011101157870143652,5.080709
0.09416666666666679,6.029554788256064e-05,0.0034088362008333206,0.00016412576951552182,-0.001111988560296595,5.080709
0.09500000000000013,5.9997779317200184e-05,0.003413168713450432,0.00016522726218681782,-0.0011137088295072317,5.080709
0.09583333333333346,5.969778067083098e-05,0.0034174451138824224,0.00016627357399556786,-0.0011155506363138556,5.080709
0.0966666666666668,5.94256998738274e-05,0.0034216325730085373,0.00016684806905686855,-0.0011174281826242805,5.080709
0.09750000000000014,5.915440124226734e-05,0.003425613045692444,0.00016763740859460086,-0.0011193017708137631,5.080709
0.09833333333333348,5.884504207642749e-05,0.0034294428769499063,0.00016892352141439915,-0.0011208797805011272,5.080709
0.09916666666666682,5.857045835000463e-05,0.0034335984382778406,0.0001694106904324144,-0.0011225742055103183,5.080709
0.10000000000000016,5.829818474012427e-05,0.0034368073102086782,0.00017022616520989686,-0.001124118804000318,5.080709
0.1008333333333335,5.799128848593682e-05,0.0034405477344989777,0.00017142495198640972,-0.0011257176520302892,5.080709
0.10166666666666684,5.770898860646412e-05,0.003443753579631448,0.00017226539785042405,-0.0011274812277406454,5.080709
0.10250000000000017,5.7434532209299505e-05,0.003447076538577676,0.00017289997776970267,-0.0011290357215330005,5.080709
0.10333333333333351,5.712456913897768e-05,0.0034509364049881697,0.00017409662541467696,-0.0011304891668260098,5.080709
0.10416666666666685,5.683922063326463e-05,0.0034539271146059036,0.00017467301222495735,-0.0011318593751639128,5.080709
0.10500000000000019,5.6564091210020706e-05,0.003457223065197468,0.00017552197095938027,-0.0011333564762026072,5.080709
0.10583333333333353,5.625386256724596e-05,0.0034611739683896303,0.00017674773698672652,-0.0011351363500580192,5.080709
0.10666666666666687,5.596935443463735e-05,0.0034643514081835747,0.00017794354062061757,-0.0011368999257683754,5.080709
0.1075000000000002,5.569588756770827e-05,0.003467290662229061,0.00017883014515973628,-0.0011383077362552285,5.080709
0.10833333333333355,5.542268991121091e-05,0.0034703146666288376,0.0001792638940969482,-0.0011396391782909632,5.080709
0.10916666666666688,5.5144584621302783e-05,0.0034734876826405525,0.00017964620201382786,-0.0011407450074329972,5.080709
0.11000000000000022,5.486738882609643e-05,0.0034766646567732096,0.00018061573791783303,-0.0011423586402088404,5.080709
0.11083333333333356,5.459079329739325e-05,0.0034798101987689734,0.0001812632690416649,-0.0011434406042099,5.080709
0.1116666666666669,5.431245153886266e-05,0.003482835367321968,0.00018178715254180133,-0.0011445386335253716,5.080709
0.11250000000000024,5.403357863542624e-05,0.003485920839011669,0.0001823489146772772,-0.0011457385262474418,5.080709
0.11333333333333358,5.375253749662079e-05,0.003489571623504162,0.00018308880680706352,-0.0011470296885818243,5.080709
0.11416666666666692,5.347264959709719e-05,0.0034925721120089293,0.0001839449250837788,-0.0011484341230243444,5.080709
0.11500000000000025,5.319223055266775e-05,0.0034955409355461597,0.00018483289750292897,-0.0011496919905766845,5.080709
0.1158333333333336,5.2910672820871696e-05,0.0034988680854439735,0.00018554300186224282,-0.001151097472757101,5.080709
0.11666666666666693,5.2631072321673855e-05,0.003502041567116976,0.0001863155048340559,-0.0011519461404532194,5.080709
0.11750000000000027,5.234937998466194e-05,0.0035051307640969753,0.00018702766101341695,-0.001153437071479857,5.080709
0.11833333333333361,5.206425703363493e-05,0.0035081873647868633,0.000187831959920004,-0.0011543652508407831,5.080709
0.11916666666666695,5.178085484658368e-05,0.0035109743475914,0.00018829928012564778,-0.0011554723605513573,5.080709
0.12000000000000029,5.149611388333142e-05,0.0035138509701937437,0.00018909071513917297,-0.0011565865715965629,5.080709
0.12083333333333363,5.121263166074641e-05,0.0035166668239980936,0.00018968437507282943,-0.0011575480457395315,5.080709
0.12166666666666696,5.093150321044959e-05,0.0035196305252611637,0.00019018148304894567,-0.0011585099855437875,5.080709
0.1225000000000003,5.064036668045446e-05,0.003522595390677452,0.00019061760394833982,-0.001159648527391255,5.080709
0.12333333333333364,5.035135109210387e-05,0.0035255318507552147,0.00019127009727526456,-0.001160581479780376,5.080709
0.12416666666666698,5.0065726100001484e-05,0.0035282575991004705,0.00019182822143193334,-0.0011616876581683755,5.080709
0.1250000000000003,4.977280696039088e-05,0.003531311172991991,0.00019233034981880337,-0.0011627100175246596,5.080709
0.12583333333333363,4.94834894197993e-05,0.00353398104198277,0.00019297712424304336,-0.001163785345852375,5.080709
0.12666666666666695,4.919281855109148e-05,0.0035365030635148287,0.0001938465138664469,-0.0011650130618363619,5.080709
0.12750000000000028,4.890175478067249e-05,0.003539141034707427,0.0001946386182680726,-0.0011660625459626317,5.080709
0.1283333333333336,4.860900298808701e-05,0.003541868645697832,0.00019580531807150692,-0.0011672700056806207,5.080709
0.12916666666666693,4.8316851462004706e-05,0.0035445073153823614,0.000196944922208786,-0.001168471877463162,5.080709
0.13000000000000025,4.802081821253523e-05,0.0035471459850668907,0.0001976703351829201,-0.001169495633803308,5.080709
0.13083333333333358,4.772654574480839e-05,0.0035500223748385906,0.00019877805607393384,-0.0011707569938153028,5.080709
0.1316666666666669,4.743129829876125e-05,0.0035527567379176617,0.0002000632230192423,-0.0011723769130185246,5.080709
0.13250000000000023,4.7134952183114365e-05,0.0035554219502955675,0.00020093968487344682,-0.0011733385035768151,5.080709
0.13333333333333355,4.6837074478389695e-05,0.0035579141695052385,0.0002020183310378343,-0.0011747694807127118,5.080709
0.13416666666666688,4.653953874367289e-05,0.0035608226899057627,0.0002032750635407865,-0.0011760641355067492,5.080709
0.1350000000000002,4.6241544623626396e-05,0.00356343574821949,0.00020420840883161873,-0.001177378697320819,5.080709
0.13583333333333353,4.594106212607585e-05,0.0035661039873957634,0.0002050878683803603,-0.0011784329544752836,5.080709
0.13666666666666685,4.5639939344255254e-05,0.0035688362549990416,0.00020626104378607124,-0.001179752522148192,5.080709
0.13750000000000018,4.533711035037413e-05,0.0035715652629733086,0.00020740569743793458,-0.0011808082927018404,5.080709
0.1383333333333335,4.503648597165011e-05,0.003573972498998046,0.00020884914556518197,-0.0011822180822491646,5.080709
0.13916666666666683,4.473350054468028e-05,0.0035767366643995047,0.0002102308499161154,-0.001183661282993853,5.080709
0.14000000000000015,4.443249054020271e-05,0.0035795262083411217,0.00021134299458935857,-0.0011847480200231075,5.080709
0.14083333333333348,4.413111673784442e-05,0.0035821658093482256,0.00021222450595814735,-0.0011857958743348718,5.080709
0.1416666666666668,4.3823041778523475e-05,0.003584716934710741,0.000213045728742145,-0.0011868674773722887,5.080709
0.14250000000000013,4.351957977632992e-05,0.0035875944886356592,0.0002137747942470014,-0.0011879178928211331,5.080709
0.14333333333333345,4.32146989624016e-05,0.0035903265234082937,0.00021485713659785688,-0.001189034548588097,5.080709
0.14416666666666678,4.2909898184007034e-05,0.003593082306906581,0.00021582805493380874,-0.0011898501543328166,5.080709
0.1450000000000001,4.259842899045907e-05,0.0035959044471383095,0.00021688635752070695,-0.001190993352793157,5.080709
0.14583333333333343,4.2287421820219606e-05,0.0035985473077744246,0.00021797580120619386,-0.0011922820704057813,5.080709
0.14666666666666675,4.197837188257836e-05,0.0036012225318700075,0.00021900501451455057,-0.0011934470385313034,5.080709
0.14750000000000008,4.167222141404636e-05,0.003603949910029769,0.0002197957073803991,-0.0011943189892917871,5.080709
0.1483333333333334,4.136445204494521e-05,0.0036068859044462442,0.00022068094403948635,-0.0011949867475777864,5.080709
0.14916666666666673,4.1050956497201696e-05,0.0036097951233386993,0.00022138598433230072,-0.0011958624236285686,5.080709
0.15000000000000005,4.074174285051413e-05,0.003612436354160309,0.00022229664318729192,-0.0011968226172029972,5.080709
0.15083333333333337,4.043081935378723e-05,0.00361493113450706,0.00022348196944221854,-0.0011978702386841178,5.080709
0.1516666666666667,4.01131110265851e-05,0.003617900190874934,0.00022435934806708246,-0.0011990123894065619,5.080709
0.15250000000000002,3.9800746890250593e-05,0.003620542585849762,0.00022533669834956527,-0.0011998831760138273,5.080709
0.15333333333333335,3.948681478505023e-05,0.00362327485345304,0.00022636589710600674,-0.0012009940110147,5.080709
0.15416666666666667,3.917311551049352e-05,0.003626328893005848,0.00022698723478242755,-0.0012015134561806917,5.080709
0.155,3.885871046804823e-05,0.0036287636030465364,0.00022831145906820893,-0.0012025925097987056,5.080709
0.15583333333333332,3.854379610856995e-05,0.0036312590818852186,0.0002297789033036679,-0.0012035663239657879,5.080709
0.15666666666666665,3.8228736229939386e-05,0.0036336896009743214,0.0002310668642167002,-0.001204302883706987,5.080709
0.15749999999999997,3.7914549466222525e-05,0.0036359415389597416,0.00023243844043463469,-0.0012053647078573704,5.080709
0.1583333333333333,3.759623723453842e-05,0.0036382211837917566,0.0002333971788175404,-0.0012060072040185332,5.080709
0.15916666666666662,3.7283294659573585e-05,0.003640769049525261,0.00023471425811294466,-0.001206895220093429,5.080709
0.15999999999999995,3.696557178045623e-05,0.0036432284396141768,0.00023576171952299774,-0.0012075757840648293,5.080709
0.16083333333333327,3.665306940092705e-05,0.0036453884094953537,0.00023652131494600326,-0.0012083679903298616,5.080709
0.1616666666666666,3.633740925579332e-05,0.003647786797955632,0.00023756874725222588,-0.0012091905809938908,5.080709
0.16249999999999992,3.601936259656213e-05,0.003649947000667453,0.00023832463193684816,-0.0012098869774490595,5.080709
0.16333333333333325,3.57012904714793e-05,0.003651993116363883,0.00023934296041261405,-0.0012110245879739523,5.080709
0.16416666666666657,3.5385688534006476e-05,0.003654215717688203,0.00024066786863841116,-0.0012116378638893366,5.080709
0.1649999999999999,3.506493885652162e-05,0.0036565244663506746,0.00024148191732820123,-0.0012123982887715101,5.080709
0.16583333333333322,3.4748132748063654e-05,0.0036587484646588564,0.00024264353851322085,-0.0012134539429098368,5.080709
0.16666666666666655,3.443157038418576e-05,0.003661063499748707,0.00024381162074860185,-0.0012143929488956928,5.080709
0.16749999999999987,3.4113250876544043e-05,0.0036632835399359465,0.00024487124755978584,-0.001215065480209887,5.080709
0.1683333333333332,3.3796932257246226e-05,0.0036655066069215536,0.0002458052767906338,-0.0012160593178123236,5.080709
0.16916666666666652,3.348025347804651e-05,0.0036678791511803865,0.00024688689154572785,-0.0012169996043667197,5.080709
0.16999999999999985,3.31610681314487e-05,0.0036703108344227076,0.00024812028277665377,-0.0012178556062281132,5.080709
0.17083333333333317,3.2844571251189336e-05,0.00367220607586205,0.0002488832687959075,-0.0012185435043647885,5.080709
0.1716666666666665,3.25299879477825e-05,0.0036743665114045143,0.00024972856044769287,-0.0012191536370664835,5.080709
0.17249999999999982,3.220999496988952e-05,0.0036767672281712294,0.00025069600087590516,-0.0012201227946206927,5.080709
0.17333333333333314,3.1892501283437014e-05,0.0036790769081562757,0.0002513059589546174,-0.0012207349063828588,5.080709
0.17416666666666647,3.157835089950822e-05,0.0036814480554312468,0.00025248617748729885,-0.0012213480658829212,5.080709
0.1749999999999998,3.12576194119174e-05,0.0036839081440120935,0.00025341883883811533,-0.0012222896330058575,5.080709
0.17583333333333312,3.093447594437748e-05,0.0036863372661173344,0.00025421398459002376,-0.0012227284023538232,5.080709
0.17666666666666644,3.061598545173183e-05,0.0036887379828840494,0.0002554219390731305,-0.0012234417954459786,5.080709
0.17749999999999977,3.029774052265566e-05,0.0036909012123942375,0.0002564531459938735,-0.001224169391207397,5.080709
0.1783333333333331,2.9975006327731535e-05,0.003693421371281147,0.00025730213383212686,-0.0012248166603967547,5.080709
0.17916666666666642,2.9655120670213364e-05,0.003695728024467826,0.0002580404106993228,-0.00122489791829139,5.080709
0.17999999999999974,2.9336737497942522e-05,0.0036980106960982084,0.00025909498799592257,-0.0012258358765393496,5.080709
0.18083333333333307,2.9015514883212745e-05,0.0037004395853728056,0.0002598544815555215,-0.0012262427480891347,5.080709
0.1816666666666664,2.869652416848112e-05,0.003702994203194976,0.0002612413663882762,-0.0012272762833163142,5.080709
0.18249999999999972,2.8378490242175758e-05,0.0037053918931633234,0.00026203712332062423,-0.001227830769494176,5.080709
0.18333333333333304,2.805634903779719e-05,0.0037077381275594234,0.0002632502291817218,-0.001228773151524365,5.080709
0.18416666666666637,2.773765845631715e-05,0.003710139077156782,0.000264219765085727,-0.0012293864274397492,5.080709
0.1849999999999997,2.741649041126948e-05,0.003712353063747287,0.0002645075146574527,-0.0012296437053009868,5.080709
0.18583333333333302,2.7090252842754126e-05,0.0037144802045077085,0.00026497116778045893,-0.0012299881782382727,5.080709
0.18666666666666634,2.6766911105369218e-05,0.003716758918017149,0.0002655562711879611,-0.0012305774725973606,5.080709
0.18749999999999967,2.644370761117898e-05,0.0037187093403190374,0.00026628028717823327,-0.001231309026479721,5.080709
0.188333333333333,2.6131610866286792e-05,0.0037204495165497065,0.00026712482213042676,-0.0012315994827076793,5.080709
0.18916666666666632,2.590419171610847e-05,0.0037222851533442736,0.000268270232481882,-0.0012318555964156985,5.080709
0.18999999999999964,2.5549908968969248e-05,0.003724295413121581,0.00026867352426052094,-0.0012328161392360926,5.080709
0.19083333333333297,2.5247336452594027e-05,0.0037262181285768747,0.00026938505470752716,-0.0012330154422670603,5.080709
0.1916666666666663,2.5044839276233688e-05,0.0037279613316059113,0.0002699664910323918,-0.0012335103238001466,5.080709
0.19249999999999962,2.468173988745548e-05,0.00373020488768816,0.0002705726074054837,-0.0012344795977696776,5.080709
0.19333333333333294,2.437982038827613e-05,0.0037320381961762905,0.00027116420096717775,-0.0012345602735877037,5.080709
0.19416666666666627,2.410578599665314e-05,0.003733870340511203,0.000271828641416505,-0.0012349995085969567,5.080709
0.1949999999999996,2.3739319658488967e-05,0.0037357306573539972,0.0002725262602325529,-0.0012360791442915797,5.080709
0.19583333333333292,2.3432829038938507e-05,0.003737506689503789,0.0002734355512075126,-0.001236282056197524,5.080709
0.19666666666666624,2.320051680726465e-05,0.003739001462236047,0.0002734230656642467,-0.0012363290879875422,5.080709
0.19749999999999956,2.2842898033559322e-05,0.003740886924788356,0.0002741694333963096,-0.001236976240761578,5.080709
0.1983333333333329,2.252383819723036e-05,0.0037431642413139343,0.00027470136410556734,-0.0012374991783872247,5.080709
0.19916666666666621,2.2208234440768138e-05,0.0037447030190378428,0.0002756347239483148,-0.0012380267726257443,5.080709
0.19999999999999954,2.201028291892726e-05,0.003746477421373129,0.00027668726397678256,-0.0012383463326841593,5.080709
0.20083333333333286,2.1658779587596655e-05,0.003748724004253745,0.00027729335124604404,-0.0012394035002216697,5.080709
0.2016666666666662,2.134411442966666e-05,0.003750201314687729,0.00027834592037834227,-0.0012398429680615664,5.080709
0.2024999999999995,2.1076828488730825e-05,0.0037517864257097244,0.000278626277577132,-0.001240096753463149,5.080709
0.20333333333333284,2.0710685930680484e-05,0.0037538555916398764,0.00027912345831282437,-0.0012405101442709565,5.080709
0.20416666666666616,2.038523780356627e-05,0.0037555666640400887,0.00028008216759189963,-0.0012412717333063483,5.080709
0.2049999999999995,2.0067771401954815e-05,0.0037570076528936625,0.000280681939329952,-0.0012412393698468804,5.080709
0.2058333333333328,1.985681774385739e-05,0.0037577578332275152,0.0002812169259414077,-0.0012416880344972014,5.080709
0.20666666666666614,1.9657396478578448e-05,0.003759256564080715,0.0002814153558574617,-0.0012417420512065291,5.080709
0.20749999999999946,1.9390588931855746e-05,0.0037607294507324696,0.00028217193903401494,-0.0012422119034454226,5.080709
0.2083333333333328,1.9054010408581235e-05,0.0037623492535203695,0.0002826873096637428,-0.0012428553309291601,5.080709
0.2091666666666661,1.869613515737001e-05,0.0037637304048985243,0.0002830005541909486,-0.0012431115610525012,5.080709
0.20999999999999944,1.8695267499424517e-05,0.003764536464586854,0.0002830645244102925,-0.0012436138931661844,5.080709
0.21083333333333276,1.856914605014026e-05,0.0037660375237464905,0.0002832402242347598,-0.0012435098178684711,5.080709
0.2116666666666661,1.8188520698458888e-05,0.0037680736277252436,0.0002836712810676545,-0.0012442482402548194,5.080709
0.2124999999999994,1.797042386897374e-05,0.0037690948229283094,0.0002836498897522688,-0.0012433776864781976,5.080709
0.21333333333333274,1.7661488527664915e-05,0.0037690349854528904,0.0002836658386513591,-0.001243871753104031,5.080709
0.21416666666666606,1.7657124772085808e-05,0.0037703290581703186,0.00028436718275770545,-0.001244102488271892,5.080709
0.21499999999999939,1.7290944015257992e-05,0.003771440126001835,0.0002844951523002237,-0.0012444470776244998,5.080709
0.2158333333333327,1.7298778402619064e-05,0.003772490657866001,0.00028480906621553004,-0.00124453310854733,5.080709
0.21666666666666604,1.718428757158108e-05,0.003774261800572276,0.00028525880770757794,-0.0012444929452612996,5.080709
0.21749999999999936,1.685770803305786e-05,0.0037749798502773046,0.00028520417981781065,-0.001244812272489071,5.080709
0.21833333333333269,1.6807005522423424e-05,0.003776298137381673,0.0002854323829524219,-0.0012447243789210916,5.080709
0.219166666666666,1.6445013898191974e-05,0.0037777647376060486,0.00028570499853231013,-0.0012453690869733691,5.080709
0.21999999999999933,1.6293988664983772e-05,0.0037795102689415216,0.0002865938877221197,-0.0012454233365133405,5.080709
0.22083333333333266,1.5953812180669047e-05,0.003780410159379244,0.0002866926952265203,-0.0012454454554244876,5.080709
0.22166666666666598,1.5858329788898118e-05,0.0037812793161720037,0.0002867580624297261,-0.0012459655990824103,5.080709
0.2224999999999993,1.5694586181780323e-05,0.0037836208939552307,0.0002873851917684078,-0.001246342551894486,5.080709
0.22333333333333263,1.5348687156802043e-05,0.0037848816718906164,0.0002877238148357719,-0.001246916363015771,5.080709
0.22416666666666596,1.5196566891972907e-05,0.0037854835391044617,0.0002877027727663517,-0.0012470610672608018,5.080709
0.22499999999999928,1.5191646525636315e-05,0.0037866542115807533,0.00028793743695132434,-0.0012470254441723228,5.080709
0.2258333333333326,1.4826453480054624e-05,0.003787765745073557,0.0002882760891225189,-0.0012472540838643909,5.080709
0.22666666666666593,1.4821668628428597e-05,0.003788272850215435,0.0002885436115320772,-0.0012472898233681917,5.080709
0.22749999999999926,1.4658161489933264e-05,0.00379010452888906,0.0002893059572670609,-0.0012475807452574372,5.080709
0.22833333333333258,1.4294681932369713e-05,0.0037913655396550894,0.0002896184741985053,-0.001248104847036302,5.080709
0.2291666666666659,1.4292240848590154e-05,0.0037927536759525537,0.00029000284848734736,-0.0012479122960940003,5.080709
0.22999999999999923,1.3924713130109012e-05,0.003794492455199361,0.00029052598983980715,-0.001248493092134595,5.080709
0.23083333333333256,1.3820081221638247e-05,0.0037957571912556887,0.0002910281182266772,-0.0012483097380027175,5.080709
0.23166666666666588,1.3447020137391519e-05,0.003796959761530161,0.00029151514172554016,-0.001249070861376822,5.080709
0.2324999999999992,1.3295675671542995e-05,0.0037984319496899843,0.0002919335965998471,-0.0012489431537687778,5.080709
0.23333333333333253,1.2954138583154418e-05,0.0037993656005710363,0.00029238572460599244,-0.0012490333756431937,5.080709
0.23416666666666586,1.294831236009486e-05,0.0037999325431883335,0.0002922112471424043,-0.0012494329130277038,5.080709
0.23499999999999918,1.276409784622956e-05,0.0038018517661839724,0.00029265315970405936,-0.0012494035763666034,5.080709
0.2358333333333325,1.2431229151843581e-05,0.0038029032293707132,0.00029310662648640573,-0.0012498738942667842,5.080709
0.23666666666666583,1.235176659974968e-05,0.003803951432928443,0.0002932098286692053,-0.0012499861186370254,5.080709
0.23749999999999916,1.198972313432023e-05,0.003805360058322549,0.00029363721841946244,-0.0012503358302637935,5.080709
0.23833333333333248,1.1949090549023822e-05,0.003806410124525428,0.0002939801779575646,-0.0012502755271270871,5.080709
0.2391666666666658,1.1809455827460624e-05,0.0038085056003183126,0.000293892779154703,-0.001250524423085153,5.080709
0.23999999999999913,1.1454923878773116e-05,0.003809796180576086,0.0002945010783150792,-0.0012504947371780872,5.080709
0.24083333333333246,1.1451490536273923e-05,0.003809734247624874,0.000294383178697899,-0.001250342931598425,5.080709
0.24166666666666578,1.1372166227374692e-05,0.003810303285717964,0.00029468120192177594,-0.0012502014869824052,5.080709
0.2424999999999991,1.10993114503799e-05,0.0038113552145659924,0.00029499444644898176,-0.0012502281460911036,5.080709
0.24333333333333243,1.100735789805185e-05,0.003811596194282174,0.00029520815587602556,-0.0012501394376158714,5.080709
0.24416666666666575,1.0880396985157859e-05,0.003813370130956173,0.0002955924719572067,-0.001250443165190518,5.080709
0.24499999999999908,1.0551603736530524e-05,0.003814361523836851,0.00029590268968604505,-0.0012508165091276169,5.080709
0.2458333333333324,1.0436742741148919e-05,0.003815323580056429,0.0002962930884677917,-0.0012510513188317418,5.080709
0.24666666666666573,1.0271523024130147e-05,0.0038173634093254805,0.0002968612825497985,-0.0012514004483819008,5.080709
0.24749999999999905,9.927643077389803e-06,0.003818479599431157,0.00029743334744125605,-0.0012520118616521358,5.080709
0.24833333333333238,9.924395271809772e-06,0.003818420460447669,0.0002973141672555357,-0.0012519798474386334,5.080709
0.2491666666666657,9.777095328900032e-06,0.0038194190710783005,0.00029785625520162284,-0.0012513844994828105,5.080709
0.24999999999999903,9.420936294191051e-06,0.003820681245997548,0.00029837305191904306,-0.0012518531875684857,5.080709
0.25083333333333235,9.42272072279593e-06,0.0038209508638828993,0.00029834898305125535,-0.001251879963092506,5.080709
0.2516666666666657,9.275711818190757e-06,0.003821943188086152,0.0002985189203172922,-0.0012517499271780252,5.080709
0.25249999999999906,8.980576239991933e-06,0.0038230549544095993,0.00029912652098573744,-0.0012516867136582732,5.080709
0.2533333333333324,8.840942427923437e-06,0.0038244626484811306,0.0002991395886056125,-0.0012519160518422723,5.080709
0.25416666666666576,8.486244041705504e-06,0.0038246146868914366,0.0002994027454406023,-0.0012522060424089432,5.080709
0.2549999999999991,8.413144314545207e-06,0.0038266261108219624,0.0003000495198648423,-0.0012523412005975842,5.080709
0.25583333333333247,8.06268144515343e-06,0.0038279748987406492,0.0003003569436259568,-0.0012528083752840757,5.080709
0.2566666666666658,8.060699656198267e-06,0.003828247543424368,0.0003006011829711497,-0.0012529264204204082,5.080709
0.2574999999999992,7.974333129823208e-06,0.003828850109130144,0.00030082641751505435,-0.0012525696074590087,5.080709
0.2583333333333325,7.64179367251927e-06,0.0038293865509331226,0.00030095060355961323,-0.0012526310747489333,5.080709
0.2591666666666659,7.617434675921686e-06,0.0038303169421851635,0.00030090624932199717,-0.001252656104043126,5.080709
0.25999999999999923,7.37414075047127e-06,0.003831066656857729,0.0003008929779753089,-0.0012524670455604792,5.080709
0.2608333333333326,7.175869086495368e-06,0.0038317872676998377,0.0003015435650013387,-0.0012529466766864061,5.080709
0.26166666666666594,6.96202505423571e-06,0.0038326866924762726,0.0003016729315277189,-0.0012532381806522608,5.080709
0.2624999999999993,6.614311587327393e-06,0.0038340669125318527,0.0003021947341039777,-0.0012536793947219849,5.080709
0.26333333333333264,6.616186055907747e-06,0.0038347244262695312,0.00030223026988096535,-0.0012538803275674582,5.080709
0.264166666666666,6.486251550086308e-06,0.0038373316638171673,0.0003027381608262658,-0.0012543118791654706,5.080709
0.26499999999999935,6.180101536301663e-06,0.0038390979170799255,0.0003027286729775369,-0.001254450180567801,5.080709
0.2658333333333327,6.036443210177822e-06,0.0038384986110031605,0.0003027249767910689,-0.001254330389201641,5.080709
0.26666666666666605,5.761435659223935e-06,0.003840420627966523,0.00030339069780893624,-0.0012550546089187264,5.080709
0.2674999999999994,5.449649506772403e-06,0.0038415375165641308,0.00030417137895710766,-0.0012558232992887497,5.080709
0.26833333333333276,5.329271061782492e-06,0.003841932862997055,0.0003047505160793662,-0.0012559086317196488,5.080709
0.2691666666666661,5.325020083546406e-06,0.003841691417619586,0.0003047532809432596,-0.0012556799920275807,5.080709
0.26999999999999946,4.953989900968736e-06,0.0038427161052823067,0.00030535442056134343,-0.0012560319155454636,5.080709
0.2708333333333328,4.923844699078472e-06,0.003844371298328042,0.0003058013680856675,-0.0012559625320136547,5.080709
0.27166666666666617,4.627317139238585e-06,0.003845634637400508,0.00030641324701718986,-0.0012561343610286713,5.080709
0.2724999999999995,4.256534339219797e-06,0.003846384584903717,0.0003066320496145636,-0.0012563667260110378,5.080709
0.2733333333333329,4.199353497824632e-06,0.003848577616736293,0.0003073776315432042,-0.0012563297059386969,5.080709
0.2741666666666662,3.8244884308369365e-06,0.003849778790026903,0.0003077193396165967,-0.0012564189964905381,5.080709
0.2749999999999996,3.67627967534645e-06,0.003851073794066906,0.00030812699696980417,-0.0012564095668494701,5.080709
0.27583333333333293,3.453836370681529e-06,0.0038519776426255703,0.0003086742653977126,-0.0012567846570163965,5.080709
0.2766666666666663,3.1096428756427485e-06,0.0038527308497577906,0.00030898451223038137,-0.001256811199709773,5.080709
0.27749999999999964,3.0319185952976113e-06,0.0038532987236976624,0.00030911012436263263,-0.0012569231912493706,5.080709
0.278333333333333,2.9547643407568103e-06,0.0038565672002732754,0.0003094160638283938,-0.0012576733715832233,5.080709
0.27916666666666634,2.638753585415543e-06,0.003858124604448676,0.00030975701520219445,-0.0012579936301335692,5.080709
0.2799999999999997,2.352822548346012e-06,0.0038578573148697615,0.0003100151661783457,-0.0012582045746967196,5.080709
0.28083333333333305,2.2689464458380826e-06,0.0038596659433096647,0.00031116281752474606,-0.0012583154020830989,5.080709
0.2816666666666664,2.010365278692916e-06,0.003860924858599901,0.0003112745762336999,-0.0012586290249601007,5.080709
0.28249999999999975,1.8258735963172512e-06,0.0038617050740867853,0.0003114075225312263,-0.0012585072545334697,5.080709
0.2833333333333331,1.5029542055344791e-06,0.003863415913656354,0.00031186980777420104,-0.0012587362434715033,5.080709
0.28416666666666646,1.2065905821145861e-06,0.0038643768057227135,0.0003124898357782513,-0.0012592077255249023,5.080709
0.2849999999999998,1.065629248842015e-06,0.0038650697097182274,0.00031292231869883835,-0.0012590017868205905,5.080709
0.28583333333333316,7.553399541393446e-07,0.0038656119722872972,0.00031330971978604794,-0.0012590291444212198,5.080709
0.2866666666666665,7.523462954850402e-07,0.0038660303689539433,0.00031352482619695365,-0.0012591802515089512,5.080709
0.28749999999999987,6.025135235177004e-07,0.0038676499389111996,0.0003142267814837396,-0.0012595669832080603,5.080709
0.2883333333333332,2.9098430331941927e-07,0.0038684553001075983,0.00031414753175340593,-0.0012593057472258806,5.080709
0.28916666666666657,2.0306306680595299e-07,0.003869267413392663,0.0003145711962133646,-0.0012594778090715408,5.080709
0.2899999999999999,-1.673758305287265e-07,0.0038704671896994114,0.00031488234526477754,-0.0012599775800481439,5.080709
0.2908333333333333,-3.135033352918981e-07,0.0038717046845704317,0.00031544416560791433,-0.001259943819604814,5.080709
0.29166666666666663,-6.362590738717699e-07,0.003871672786772251,0.00031546957325190306,-0.0012599137844517827,5.080709
0.2925,-7.039148499643488e-07,0.0038723647594451904,0.0003157479513902217,-0.0012600610498338938,5.080709
0.29333333333333333,-8.127554451675678e-07,0.0038741964381188154,0.00031633436447009444,-0.001260344055481255,5.080709
0.2941666666666667,-1.1418766234783106e-06,0.0038749477826058865,0.00031658506486564875,-0.0012601626804098487,5.080709
0.29500000000000004,-1.2193870588816935e-06,0.00387563556432724,0.0003169257252011448,-0.0012597215827554464,5.080709
0.2958333333333334,-1.55989528138889e-06,0.003876536386087537,0.0003172884462401271,-0.0012596624437719584,5.080709
0.29666666666666675,-1.6817390360301943e-06,0.0038769617676734924,0.0003179738996550441,-0.001259933109395206,5.080709
0.2975000000000001,-2.0004899852210656e-06,0.0038785231299698353,0.00031851980020292103,-0.001260455814190209,5.080709
0.29833333333333345,-2.1957894205115736e-06,0.0038782840128988028,0.00031854247208684683,-0.0012606375385075808,5.080709
0.2991666666666668,-2.468748562023393e-06,0.0038793343119323254,0.0003188499540556222,-0.0012607260141521692,5.080709
0.30000000000000016,-2.6814093416760443e-06,0.0038789785467088223,0.0003194081364199519,-0.0012610245030373335,5.080709
0.3008333333333335,-2.898019374697469e-06,0.003880445146933198,0.0003200278151780367,-0.001260941382497549,5.080709
0.30166666666666686,-3.2371183351642685e-06,0.0038813771679997444,0.0003203025262337178,-0.0012608182150870562,5.080709
0.3025000000000002,-3.3455469292675843e-06,0.0038811960257589817,0.00032064496190287173,-0.0012610636185854673,5.080709
0.30333333333333357,-3.3458670714026084e-06,0.0038813771679997444,0.0003209494461771101,-0.0012609476689249277,5.080709
0.3041666666666669,-3.659187314042356e-06,0.00388318276964128,0.000321703206282109,-0.0012616765452548862,5.080709
0.30500000000000027,-3.816726803052006e-06,0.003883964382112026,0.00032178612309508026,-0.001261084689758718,5.080709
0.3058333333333336,-4.123806775169214e-06,0.0038852861616760492,0.00032222497975453734,-0.0012611642014235258,5.080709
0.306666666666667,-4.311272277846001e-06,0.0038849287666380405,0.0003224786778446287,-0.0012614007573574781,5.080709
0.30750000000000033,-4.654249096347485e-06,0.003886279882863164,0.0003226720145903528,-0.0012617805041372776,5.080709
0.3083333333333337,-4.805871867574751e-06,0.003887481987476349,0.0003231791779398918,-0.0012610408011823893,5.080709
0.30916666666666703,-5.041162694396917e-06,0.0038889232091605663,0.0003239584621042013,-0.0012617828324437141,5.080709
0.3100000000000004,-5.279521246848162e-06,0.0038883856032043695,0.0003239852376282215,-0.0012616001768037677,5.080709
0.31083333333333374,-5.493609023687895e-06,0.0038905178662389517,0.00032456894405186176,-0.0012621537316590548,5.080709
0.3116666666666671,-5.845997748110676e-06,0.003891600528731942,0.00032514604390598834,-0.0012624756200239062,5.080709
0.31250000000000044,-5.96948166275979e-06,0.003893191460520029,0.0003256437776144594,-0.0012623812071979046,5.080709
0.3133333333333338,-6.324910827970598e-06,0.003894059220328927,0.0003261335368733853,-0.0012623245129361749,5.080709
0.31416666666666715,-6.384660537150921e-06,0.003895952831953764,0.00032649034983478487,-0.0012622858630493283,5.080709
0.3150000000000005,-6.684701475023758e-06,0.0038974250201135874,0.00032713141990825534,-0.0012629046104848385,5.080709
0.31583333333333385,-6.837547516624909e-06,0.0038969446904957294,0.0003270979505032301,-0.001262553851120174,5.080709
0.3166666666666672,-7.162195743148914e-06,0.003898206865414977,0.00032738273148424923,-0.0012626585084944963,5.080709
0.31750000000000056,-7.322290002775844e-06,0.003897994291037321,0.000327402405673638,-0.001262514851987362,5.080709
0.3183333333333339,-7.598972842970397e-06,0.0039002124685794115,0.000327611604006961,-0.0012627376709133387,5.080709
0.31916666666666726,-7.787806680426002e-06,0.0039002124685794115,0.000327611604006961,-0.0012627376709133387,5.080709
0.3200000000000006,-8.030782737478148e-06,0.0039005428552627563,0.00032782022026367486,-0.0012628852855414152,5.080709
0.32083333333333397,-8.33070862427121e-06,0.0039014143403619528,0.00032792851561680436,-0.0012626464013010263,5.080709
0.3216666666666673,-8.336093742400408e-06,0.0039019251707941294,0.0003283704863861203,-0.0012632155558094382,5.080709
0.3225000000000007,-8.476058610540349e-06,0.0039031871128827333,0.0003290319291409105,-0.00126394082326442,5.080709
0.323333333333334,-8.79595427250024e-06,0.003904361044988036,0.00032954226480796933,-0.001264234073460102,5.080709
0.3241666666666674,-8.905060894903727e-06,0.0039052905049175024,0.00032996959635056555,-0.0012643849477171898,5.080709
0.32500000000000073,-8.997418262879364e-06,0.0039047806058079004,0.0003300198004581034,-0.0012643308145925403,5.080709
0.3258333333333341,-9.299867997469846e-06,0.0039063687436282635,0.0003302726545371115,-0.0012642646906897426,5.080709
0.32666666666666744,-9.588177817931864e-06,0.003908437676727772,0.00033100819564424455,-0.0012647650437429547,5.080709
0.3275000000000008,-9.75951934378827e-06,0.003908195998519659,0.00033090656506828964,-0.001264769583940506,5.080709
0.32833333333333414,-1.0096513506141491e-05,0.003909666556864977,0.0003316015063319355,-0.001265210215933621,5.080709
0.3291666666666675,-1.018432158161886e-05,0.003909607417881489,0.00033186597283929586,-0.001264832098968327,5.080709
0.33000000000000085,-1.0507649676583242e-05,0.003911078907549381,0.00033220899058505893,-0.0012654121965169907,5.080709
0.3308333333333342,-1.0631178156472743e-05,0.003910571802407503,0.00033229199470952153,-0.0012656527105718851,5.080709
0.33166666666666755,-1.0943334928015247e-05,0.003912192769348621,0.000332896743202582,-0.0012660882202908397,5.080709
0.3325000000000009,-1.1088498467870522e-05,0.003911774139851332,0.00033289240673184395,-0.0012659721542149782,5.080709
0.33333333333333426,-1.1397966773074586e-05,0.003913872875273228,0.00033341790549457073,-0.0012664120877161622,5.080709
0.3341666666666676,-1.1598931450862437e-05,0.003913572523742914,0.00033344191615469754,-0.0012663876404985785,5.080709
0.33500000000000096,-1.1799412277468946e-05,0.003915281966328621,0.00033394040656276047,-0.0012667366536334157,5.080709
0.3358333333333343,-1.212294228025712e-05,0.003916567657142878,0.00033421668922528625,-0.0012670354917645454,5.080709
0.33666666666666767,-1.2124700333515648e-05,0.003917016554623842,0.00033446153975091875,-0.0012670702999457717,5.080709
0.337500000000001,-1.2205466191517189e-05,0.003917528782039881,0.00033475819509476423,-0.0012670712312683463,5.080709
0.3383333333333344,-1.2539134331746027e-05,0.003917679190635681,0.0003346148878335953,-0.0012671800795942545,5.080709
0.3391666666666677,-1.25651295093121e-05,0.0039192084223032,0.0003352508938405663,-0.0012678583152592182,5.080709
0.3400000000000011,-1.2655785212700721e-05,0.003920259419828653,0.00033619586611166596,-0.0012683324748650193,5.080709
0.34083333333333443,-1.301232350670034e-05,0.0039214277639985085,0.0003365686279721558,-0.0012682160595431924,5.080709
0.3416666666666678,-1.3013588613830507e-05,0.003921907860785723,0.0003368615871295333,-0.0012683348031714559,5.080709
0.34250000000000114,-1.3112112355884165e-05,0.003923381678760052,0.000337339035468176,-0.001268009189516306,5.080709
0.3433333333333345,-1.345646523986943e-05,0.003923443611711264,0.00033781214733608067,-0.0012683641398325562,5.080709
0.34416666666666784,-0.001828382140956819,0.0006577730528078973,-0.0001561324461363256,0.00012510210217442364,5.080709
0.3450000000000012,-0.003918312024325132,0.0018962724134325981,-0.0011874584015458822,0.00035367225063964725,5.080709
0.34583333333333455,-0.005513940006494522,0.003819193923845887,-0.002083815401419997,0.00047528912546113133,5.080709
0.3466666666666679,-0.006696143187582493,0.005214870907366276,-0.002868382493034005,0.0005404865369200706,5.080709
0.34750000000000125,-0.007553795352578163,0.0062662833370268345,-0.0035263618919998407,0.0005580827128142118,5.080709
0.3483333333333346,-0.008158919401466846,0.0071996059268713,-0.0040619997307658195,0.0005385709810070693,5.080709
0.34916666666666796,-0.008567535318434238,0.007953780703246593,-0.0044820839539170265,0.0004917660844512284,5.080709
0.3500000000000013,-0.008823788724839687,0.008564081974327564,-0.004795326851308346,0.0004256122629158199,5.080709
0.35083333333333466,-0.008962593972682953,0.009061292745172977,-0.005016493145376444,0.00034641672391444445,5.080709
0.351666666666668,-0.009011171758174896,0.009453920647501945,-0.0051475889049470425,0.0002604150213301182,5.080709
0.35250000000000137,-0.009009618312120438,0.009719017893075943,-0.005178769584745169,0.00015129466191865504,5.080709
0.3533333333333347,-0.008997241035103798,0.009977007284760475,-0.0051461695693433285,1.0571649909252301e-05,5.080709
0.3541666666666681,-0.008979830890893936,0.010237734764814377,-0.005120618734508753,-0.00013364308688323945,5.080709
0.3550000000000014,-0.008958207443356514,0.010482885874807835,-0.005096040200442076,-0.0002805361582431942,5.080709
0.3558333333333348,-0.008934436365962029,0.010730704292654991,-0.005066848825663328,-0.00042482392746023834,5.080709
0.35666666666666813,-0.009004791267216206,0.01095061656087637,-0.005053292028605938,-0.0006812814390286803,5.080709
0.3575000000000015,-0.009013914503157139,0.01119750551879406,-0.0050942855887115,-0.0008444691775366664,5.080709
0.35833333333333484,-0.009005210362374783,0.011434550397098064,-0.0050728959031403065,-0.0009721825481392443,5.080709
0.3591666666666682,-0.008990787900984287,0.011642595753073692,-0.0050291381776332855,-0.0011121142888441682,5.080709
0.36000000000000154,-0.00897323526442051,0.011836055666208267,-0.005003712140023708,-0.0012389718322083354,5.080709
0.3608333333333349,-0.00895354337990284,0.01202352810651064,-0.004981344100087881,-0.0013656046940013766,5.080709
0.36166666666666825,-0.008932513184845448,0.01220995094627142,-0.004956348333507776,-0.001486365683376789,5.080709
0.3625000000000016,-0.008910562843084335,0.012381883338093758,-0.004930611699819565,-0.0016018882161006331,5.080709
0.36333333333333495,-0.008887949399650097,0.01254235953092575,-0.004905004519969225,-0.0017119121039286256,5.080709
0.3641666666666683,-0.008864909410476685,0.012694144621491432,-0.004879667889326811,-0.0018163686618208885,5.080709
0.36500000000000166,-0.008841726928949356,0.012837748043239117,-0.004855102393776178,-0.0019152960740029812,5.080709
0.365833333333335,-0.008818402886390686,0.01297194417566061,-0.004831056110560894,-0.002009965479373932,5.080709
0.36666666666666836,-0.008794952183961868,0.013097496703267097,-0.004807871300727129,-0.002098917728289962,5.080709
0.3675000000000017,-0.008772071450948715,0.013217476196587086,-0.0047851805575191975,-0.002185310237109661,5.080709
0.36833333333333507,-0.008749470114707947,0.01333104632794857,-0.004763309378176928,-0.002267229836434126,5.080709
0.3691666666666684,-0.008727211505174637,0.013439744710922241,-0.004742948338389397,-0.002346435561776161,5.080709
0.37000000000000177,-0.008705672807991505,0.01354386005550623,-0.0047228410840034485,-0.002423403784632683,5.080709
0.3708333333333351,-0.008684512227773666,0.013642257079482079,-0.004704202525317669,-0.0024963219184428453,5.080709
0.3716666666666685,-0.008664188906550407,0.013737514615058899,-0.0046866778284311295,-0.002566564828157425,5.080709
0.37250000000000183,-0.008644471876323223,0.01382792741060257,-0.004671120550483465,-0.002634341362863779,5.080709
0.3733333333333352,-0.0086255744099617,0.01391623541712761,-0.0046577355824410915,-0.00269871624186635,5.080709
0.37416666666666853,-0.008607626892626286,0.014000981114804745,-0.004647405818104744,-0.002760126953944564,5.080709
0.3750000000000019,-0.00859044399112463,0.014081813395023346,-0.004640181548893452,-0.0028186854906380177,5.080709
0.37583333333333524,-0.008574198931455612,0.0141623355448246,-0.004635046701878309,-0.0028745888266712427,5.080709
0.3766666666666686,-0.00855899415910244,0.014237982220947742,-0.004633319564163685,-0.0029282935429364443,5.080709
0.37750000000000195,-0.00854469370096922,0.014310934580862522,-0.004633097443729639,-0.002980405231937766,5.080709
0.3783333333333353,-0.008531159721314907,0.014380581676959991,-0.00463418522849679,-0.0030307243578135967,5.080709
0.37916666666666865,-0.008518572896718979,0.014445397071540356,-0.004634459502995014,-0.0030788492877036333,5.080709
0.380000000000002,-0.00850700680166483,0.014507031999528408,-0.004632503725588322,-0.0031258882954716682,5.080709
0.38083333333333536,-0.008496183902025223,0.014562932774424553,-0.004629078786820173,-0.003170151263475418,5.080709
0.3816666666666687,-0.008486081846058369,0.014614919200539589,-0.004625085275620222,-0.0032136105000972748,5.080709
0.38250000000000206,-0.008476574905216694,0.014663312584161758,-0.0046205585822463036,-0.003255482530221343,5.080709
0.3833333333333354,-0.008467823266983032,0.014709386974573135,-0.004615414887666702,-0.0032959263771772385,5.080709
0.38416666666666877,-0.008459622040390968,0.0147521598264575,-0.004610010422766209,-0.00333505985327065,5.080709
0.3850000000000021,-0.008451909758150578,0.01479286327958107,-0.004603671375662088,-0.003373212181031704,5.080709
0.38583333333333547,-0.00844480749219656,0.014830008149147034,-0.00459687365218997,-0.0034089013934135437,5.080709
0.3866666666666688,-0.008438161574304104,0.014865566045045853,-0.004589489195495844,-0.0034441747702658176,5.080709
0.3875000000000022,-0.008431954309344292,0.014899900183081627,-0.004582791589200497,-0.0034768828190863132,5.080709
0.38833333333333553,-0.008426038548350334,0.014932207763195038,-0.004576018545776606,-0.003508922178298235,5.080709
0.3891666666666689,-0.008420564234256744,0.014962506480515003,-0.0045690350234508514,-0.003539290511980653,5.080709
0.39000000000000223,-0.0084154661744833,0.014991579577326775,-0.00456277746707201,-0.0035679542925208807,5.080709
0.3908333333333356,-0.00841065589338541,0.01502059493213892,-0.004555541090667248,-0.003597412258386612,5.080709
0.39166666666666894,-0.008405976928770542,0.015045864507555962,-0.004549240693449974,-0.003623599885031581,5.080709
0.3925000000000023,-0.008401951752603054,0.015072114765644073,-0.00454235402867198,-0.003648132784292102,5.080709
0.39333333333333564,-0.008397756144404411,0.01509704627096653,-0.004536420572549105,-0.0036736640613526106,5.080709
0.394166666666669,-0.008393989875912666,0.01512112095952034,-0.004529720172286034,-0.003697523847222328,5.080709
0.39500000000000235,-0.008390257135033607,0.015143700875341892,-0.004523352719843388,-0.0037210790906101465,5.080709
0.3958333333333357,-0.008387659676373005,0.015166173689067364,-0.004516504239290953,-0.0037408785428851843,5.080709
0.39666666666666905,-0.00838552974164486,0.015186253935098648,-0.00450952909886837,-0.0037597299087792635,5.080709
0.3975000000000024,-0.008382851257920265,0.015206580050289631,-0.004503347910940647,-0.003778286511078477,5.080709
0.39833333333333576,-0.008380129933357239,0.01522661093622446,-0.004496848676353693,-0.003797580022364855,5.080709
0.3991666666666691,-0.008377203717827797,0.015246042981743813,-0.00449081277474761,-0.0038161175325512886,5.080709
0.40000000000000246,-0.008374582976102829,0.01526480633765459,-0.004484762437641621,-0.003834022441878915,5.080709
0.4008333333333358,-0.008372073993086815,0.015283794142305851,-0.0044777411967515945,-0.00385081279091537,5.080709
0.40166666666666917,-0.00836952030658722,0.015301753766834736,-0.004471875261515379,-0.0038679467979818583,5.080709
0.4025000000000025,-0.00836714543402195,0.015313830226659775,-0.0044658370316028595,-0.0038822342175990343,5.080709
0.4033333333333359,-0.008366105146706104,0.015326580964028835,-0.004459348972886801,-0.0038947181310504675,5.080709
0.4041666666666692,-0.008365314453840256,0.015339132398366928,-0.004454013891518116,-0.0039059785194694996,5.080709
0.4050000000000026,-0.008364242501556873,0.01535018440335989,-0.004448841325938702,-0.003918520640581846,5.080709
0.40583333333333593,-0.00836338009685278,0.015362763777375221,-0.004442926961928606,-0.00393072422593832,5.080709
0.4066666666666693,-0.008362282998859882,0.015373269096016884,-0.004437404219061136,-0.003941839095205069,5.080709
0.40750000000000264,-0.00836148951202631,0.015385681763291359,-0.004431559704244137,-0.003952281549572945,5.080709
0.408333333333336,-0.008360500447452068,0.015396740287542343,-0.004426250699907541,-0.003963231109082699,5.080709
0.40916666666666934,-0.008359679020941257,0.015408273786306381,-0.00442117964848876,-0.0039743403904139996,5.080709
0.4100000000000027,-0.008358481340110302,0.01541922241449356,-0.004416577517986298,-0.003985555376857519,5.080709
0.41083333333333605,-0.008357330225408077,0.015429418534040451,-0.004410952795296907,-0.003995771054178476,5.080709
0.4116666666666694,-0.008356519974768162,0.01544069591909647,-0.004405864514410496,-0.004006176721304655,5.080709
0.41250000000000275,-0.008355405181646347,0.015451023355126381,-0.0044005136005580425,-0.004015823360532522,5.080709
0.4133333333333361,-0.008354957215487957,0.01546324510127306,-0.004395870957523584,-0.004024974536150694,5.080709
0.41416666666666946,-0.008353558368980885,0.015472049824893475,-0.004390675574541092,-0.004034454468637705,5.080709
0.4150000000000028,-0.008353147655725479,0.015484567731618881,-0.004385968204587698,-0.004043973982334137,5.080709
0.41583333333333616,-0.008351770229637623,0.01549309678375721,-0.0043809381313622,-0.00405245553702116,5.080709
0.4166666666666695,-0.008351369760930538,0.015505551360547543,-0.004375461023300886,-0.004060880746692419,5.080709
0.41750000000000287,-0.008350233547389507,0.015514688566327095,-0.004370450507849455,-0.004069619812071323,5.080709
0.4183333333333362,-0.008349725976586342,0.015525891445577145,-0.0043656290508806705,-0.004077311605215073,5.080709
0.4191666666666696,-0.008349331095814705,0.015538081526756287,-0.004361034370958805,-0.00408527534455061,5.080709
0.4200000000000029,-0.008348866365849972,0.015549145638942719,-0.004357019905000925,-0.004093336872756481,5.080709
0.4208333333333363,-0.008348214440047741,0.015559540130198002,-0.004352453630417585,-0.004101245664060116,5.080709
0.42166666666666963,-0.008347660303115845,0.015570763498544693,-0.004347716458141804,-0.004109173081815243,5.080709
0.422500000000003,-0.008347101509571075,0.015580998733639717,-0.004343196749687195,-0.004116507712751627,5.080709
0.42333333333333634,-0.00834644678980112,0.015591769479215145,-0.004338566679507494,-0.004123900085687637,5.080709
0.4241666666666697,-0.008345717564225197,0.0156015083193779,-0.0043343957513570786,-0.004131654743105173,5.080709
0.42500000000000304,-0.008345038630068302,0.015611213631927967,-0.004329770803451538,-0.0041387625969946384,5.080709
0.4258333333333364,-0.008344474248588085,0.015621890313923359,-0.004325413145124912,-0.004146241582930088,5.080709
0.42666666666666975,-0.008343699388206005,0.01563119702041149,-0.00432138005271554,-0.00415284326300025,5.080709
0.4275000000000031,-0.008343436755239964,0.015642549842596054,-0.004317551385611296,-0.004159680102020502,5.080709
0.42833333333333645,-0.008342725224792957,0.015651335939764977,-0.004313362296670675,-0.004165362566709518,5.080709
0.4291666666666698,-0.008342498913407326,0.01566343940794468,-0.004309925250709057,-0.004171017557382584,5.080709
0.43000000000000316,-0.00834175106137991,0.015672052279114723,-0.004305635578930378,-0.004176572430878878,5.080709
0.4308333333333365,-0.008341517299413681,0.01568347029387951,-0.004302036948502064,-0.004183007404208183,5.080709
0.43166666666666986,-0.00834087934345007,0.015692755579948425,-0.004297711420804262,-0.0041884249076247215,5.080709
0.4325000000000032,-0.008340639993548393,0.0157040823251009,-0.004294608253985643,-0.004194604232907295,5.080709
0.43333333333333657,-0.008340430445969105,0.01571444794535637,-0.004291727673262358,-0.004200293682515621,5.080709
0.4341666666666699,-0.008340244181454182,0.01572619378566742,-0.004288446623831987,-0.004206136800348759,5.080709
0.4350000000000033,-0.00834003183990717,0.015737222507596016,-0.0042851390317082405,-0.004210976883769035,5.080709
0.4358333333333366,-0.008339832536876202,0.015748701989650726,-0.0042821443639695644,-0.004214831627905369,5.080709
0.43666666666667,-0.008339649066329002,0.015760350972414017,-0.004279249347746372,-0.004219417925924063,5.080709
0.43750000000000333,-0.008339419029653072,0.015771405771374702,-0.004276477266103029,-0.00422318372875452,5.080709
0.4383333333333367,-0.008339162915945053,0.015782881528139114,-0.0042734346352517605,-0.004228115547448397,5.080709
0.43916666666667004,-0.008338915184140205,0.01579342596232891,-0.004270101897418499,-0.0042328969575464725,5.080709
0.4400000000000034,-0.008338681422173977,0.01580442301928997,-0.004266982898116112,-0.004237415734678507,5.080709
0.44083333333333674,-0.008338437415659428,0.015815066173672676,-0.004264027811586857,-0.004242102149873972,5.080709
0.4416666666666701,-0.008338159881532192,0.015825588256120682,-0.004261678084731102,-0.004246900323778391,5.080709
0.44250000000000345,-0.008337855339050293,0.015835311263799667,-0.004259152803570032,-0.004251406062394381,5.080709
0.4433333333333368,-0.008337665349245071,0.01584668643772602,-0.004255989566445351,-0.0042552887462079525,5.080709
0.44416666666667015,-0.008337344042956829,0.01585623249411583,-0.004253115970641375,-0.004259088076651096,5.080709
0.4450000000000035,-0.00833709817379713,0.01586620882153511,-0.004250348545610905,-0.0042643360793590546,5.080709
0.44583333333333686,-0.008336889557540417,0.015876606106758118,-0.004247209057211876,-0.004268987569957972,5.080709
0.4466666666666702,-0.008336660452187061,0.015886927023530006,-0.004244547802954912,-0.004272943362593651,5.080709
0.44750000000000356,-0.008336350321769714,0.015896450728178024,-0.00424172542989254,-0.004276125691831112,5.080709
0.4483333333333369,-0.008336078375577927,0.015906592831015587,-0.004239086993038654,-0.004279982298612595,5.080709
0.44916666666667027,-0.00833575427532196,0.01591568998992443,-0.004236169159412384,-0.004282945301383734,5.080709
0.4500000000000036,-0.008335506543517113,0.0159260593354702,-0.004232675302773714,-0.004286384209990501,5.080709
0.45083333333333697,-0.008335178717970848,0.015935132279992104,-0.00422953674569726,-0.004289589356631041,5.080709
0.4516666666666703,-0.008334849029779434,0.015944520011544228,-0.004226681776344776,-0.004294212907552719,5.080709
0.4525000000000037,-0.008334582671523094,0.015954304486513138,-0.004224283155053854,-0.00429787440225482,5.080709
0.45333333333333703,-0.008334311656653881,0.01596413180232048,-0.004221698734909296,-0.004301717970520258,5.080709
0.4541666666666704,-0.00833400059491396,0.015973549336194992,-0.004219226539134979,-0.004305103328078985,5.080709
0.45500000000000373,-0.008333730511367321,0.015982700511813164,-0.004216463305056095,-0.004308768082410097,5.080709
0.4558333333333371,-0.008333495818078518,0.01599246822297573,-0.00421312777325511,-0.004312198609113693,5.080709
0.45666666666667044,-0.008333084173500538,0.0160002950578928,-0.004210056737065315,-0.004314452409744263,5.080709
0.4575000000000038,-0.00833278987556696,0.016009462997317314,-0.00420738011598587,-0.004317473620176315,5.080709
0.45833333333333715,-0.008332474157214165,0.01601884514093399,-0.0042051635682582855,-0.0043203155510127544,5.080709
0.4591666666666705,-0.008332026191055775,0.01602650247514248,-0.004202514421194792,-0.004323491360992193,5.080709
0.46000000000000385,-0.00833174493163824,0.01603611744940281,-0.0041997432708740234,-0.004325645975768566,5.080709
0.4608333333333372,-0.008331376127898693,0.016044551506638527,-0.004196974448859692,-0.004328522365540266,5.080709
0.46166666666667056,-0.00833098217844963,0.016052886843681335,-0.004194172564893961,-0.004331096541136503,5.080709
0.4625000000000039,-0.008330647833645344,0.016061436384916306,-0.004191454034298658,-0.00433376943692565,5.080709
0.46333333333333726,-0.008330261334776878,0.01606934890151024,-0.004188851453363895,-0.004335840232670307,5.080709
0.4641666666666706,-0.008329905569553375,0.016077738255262375,-0.004186113364994526,-0.00433883722871542,5.080709
0.46500000000000397,-0.008329585194587708,0.016086233779788017,-0.0041834162548184395,-0.004341012332588434,5.080709
0.4658333333333373,-0.00832923874258995,0.016094982624053955,-0.004180874675512314,-0.00434337742626667,5.080709
0.46666666666667067,-0.008328787982463837,0.01610221341252327,-0.004178633913397789,-0.0043451362289488316,5.080709
0.467500000000004,-0.008328275755047798,0.01610640622675419,-0.004177981521934271,-0.004348092712461948,5.080709
0.4683333333333374,-0.008328098803758621,0.01611456088721752,-0.004176843911409378,-0.004350926261395216,5.080709
0.46916666666667073,-0.008327754214406013,0.016119634732604027,-0.004176770336925983,-0.004353995434939861,5.080709
0.4700000000000041,-0.008327549323439598,0.01612682081758976,-0.004174939822405577,-0.004356349352747202,5.080709
0.47083333333333743,-0.008327195420861244,0.016131799668073654,-0.004174369387328625,-0.00435863109305501,5.080709
0.4716666666666708,-0.008326997980475426,0.016138959676027298,-0.004172431770712137,-0.004360794555395842,5.080709
0.47250000000000414,-0.008326588198542595,0.016142219305038452,-0.004171936772763729,-0.004362648818641901,5.080709
0.4733333333333375,-0.008326223120093346,0.016148140653967857,-0.0041707842610776424,-0.004365816246718168,5.080709
0.47416666666667084,-0.008326023817062378,0.016154704615473747,-0.004169239196926355,-0.004368466325104237,5.080709
0.4750000000000042,-0.008325636386871338,0.016158683225512505,-0.004168825224041939,-0.0043699913658201694,5.080709
0.47583333333333755,-0.008325467817485332,0.016166914254426956,-0.004167096223682165,-0.004372895695269108,5.080709
0.4766666666666709,-0.008325056172907352,0.016169162467122078,-0.00416708504781127,-0.004374843090772629,5.080709
0.47750000000000425,-0.008324638940393925,0.01617448218166828,-0.004165598191320896,-0.004376222845166922,5.080709
0.4783333333333376,-0.00832432322204113,0.016179880127310753,-0.004163815174251795,-0.0043780202977359295,5.080709
0.47916666666667096,-0.00832409132272005,0.016186803579330444,-0.004162579774856567,-0.004379866644740105,5.080709
0.4800000000000043,-0.008323844522237778,0.01619214564561844,-0.004162028431892395,-0.004382026381790638,5.080709
0.48083333333333766,-0.008323407731950283,0.016196880489587784,-0.004160609096288681,-0.0043825204484164715,5.080709
0.481666666666671,-0.008323181420564651,0.01620405912399292,-0.0041596004739403725,-0.004384257830679417,5.080709
0.48250000000000437,-0.00832295324653387,0.016209499910473824,-0.00415843678638339,-0.004386156797409058,5.080709
0.4833333333333377,-0.008322657085955143,0.016214843839406967,-0.004157417919486761,-0.004387849010527134,5.080709
0.4841666666666711,-0.0083223981782794,0.016220804303884506,-0.004156440496444702,-0.0043894401751458645,5.080709
0.4850000000000044,-0.008322156965732574,0.016227124258875847,-0.004155050963163376,-0.004391366615891457,5.080709
0.4858333333333378,-0.008321907371282578,0.016233017668128014,-0.004153937101364136,-0.004393241833895445,5.080709
0.48666666666667113,-0.008321636356413364,0.016239359974861145,-0.004152865149080753,-0.00439518503844738,5.080709
0.4875000000000045,-0.008321438916027546,0.016238462179899216,-0.0041517470963299274,-0.004395098425447941,5.080709
0.48833333333333784,-0.008320705033838749,0.016240129247307777,-0.004149761516600847,-0.004396995063871145,5.080709
0.4891666666666712,-0.008320181630551815,0.016243884339928627,-0.004148481879383326,-0.004397881217300892,5.080709
0.49000000000000454,-0.008319676853716373,0.01624726690351963,-0.004147448111325502,-0.00439938809722662,5.080709
0.4908333333333379,-0.008319195359945297,0.016251325607299805,-0.0041464404202997684,-0.004400982055813074,5.080709
0.49166666666667125,-0.008318889886140823,0.016257118433713913,-0.004144957754760981,-0.0044023641385138035,5.080709
0.4925000000000046,-0.008318386040627956,0.016260026022791862,-0.004144628532230854,-0.004402850288897753,5.080709
0.49333333333333795,-0.008317854255437851,0.016252843663096428,-0.004146468825638294,-0.0044058323837816715,5.080709
0.4941666666666713,-0.008316644467413425,0.016242632642388344,-0.004148317035287619,-0.004406392574310303,5.080709
0.49500000000000466,-0.008315243758261204,0.016230814158916473,-0.004147091414779425,-0.004407517146319151,5.080709
0.495833333333338,-0.00831361673772335,0.01621747761964798,-0.004145605489611626,-0.004405615851283073,5.080709
0.49666666666667136,-0.008312016725540161,0.016204407438635826,-0.004144041799008846,-0.004404519218951464,5.080709
0.4975000000000047,-0.008311049081385136,0.016202498227357864,-0.004142547957599163,-0.004404633771628141,5.080709
0.49833333333333807,-0.00831078551709652,0.01621011458337307,-0.004140080884099007,-0.00440576346591115,5.080709
0.4991666666666714,-0.008310028351843357,0.01620756834745407,-0.0041393400169909,-0.0044070337899029255,5.080709
0.5000000000000048,-0.008309129625558853,0.01620452292263508,-0.004138655960559845,-0.004407321568578482,5.080709
0.5008333333333381,-0.008308771066367626,0.01621015928685665,-0.004136571194976568,-0.004407696891576052,5.080709
0.5016666666666715,-0.008308330550789833,0.01621289737522602,-0.004135246388614178,-0.004408645909279585,5.080709
0.5025000000000048,-0.00830791611224413,0.016215700656175613,-0.004134122747927904,-0.004410326015204191,5.080709
0.5033333333333382,-0.008307503536343575,0.01621989719569683,-0.004132152535021305,-0.004410114139318466,5.080709
0.5041666666666715,-0.008307243697345257,0.016225896775722504,-0.004131030756980181,-0.004411706235259771,5.080709
0.5050000000000049,-0.008306978270411491,0.016223667189478874,-0.0041302465833723545,-0.004412055481225252,5.080709
0.5058333333333382,-0.008306191302835941,0.016223855316638947,-0.004128569737076759,-0.0044121104292571545,5.080709
0.5066666666666716,-0.008305632509291172,0.016225533559918404,-0.004127252846956253,-0.0044124494306743145,5.080709
0.507500000000005,-0.008305266499519348,0.01622927375137806,-0.004125825595110655,-0.004414463881403208,5.080709
0.5083333333333383,-0.008304818533360958,0.016232231631875038,-0.004124355502426624,-0.0044150021858513355,5.080709
0.5091666666666717,-0.008304540999233723,0.016238000243902206,-0.004122866317629814,-0.004417073912918568,5.080709
0.510000000000005,-0.008304283022880554,0.016235819086432457,-0.004121586214751005,-0.004417011979967356,5.080709
0.5108333333333384,-0.008303488604724407,0.01623580791056156,-0.004120028577744961,-0.004415764007717371,5.080709
0.5116666666666717,-0.008302902802824974,0.016237245872616768,-0.004118833225220442,-0.00441583339124918,5.080709
0.5125000000000051,-0.008302507922053337,0.01624065265059471,-0.004117677919566631,-0.004416505806148052,5.080709
0.5133333333333384,-0.008302029222249985,0.01624341681599617,-0.004115878604352474,-0.004416590090841055,5.080709
0.5141666666666718,-0.008301728405058384,0.01624908670783043,-0.004114734940230846,-0.004418028052896261,5.080709
0.5150000000000051,-0.008301228284835815,0.016251202672719955,-0.004113535862416029,-0.004418371710926294,5.080709
0.5158333333333385,-0.008300840854644775,0.016255561262369156,-0.004111818037927151,-0.0044187577441334724,5.080709
0.5166666666666718,-0.008300558663904667,0.016260067000985146,-0.004110469948500395,-0.0044198473915457726,5.080709
0.5175000000000052,-0.0083002345636487,0.01625843718647957,-0.004108971916139126,-0.004419695120304823,5.080709
0.5183333333333385,-0.008299446664750576,0.01625811867415905,-0.004107268061488867,-0.004419961012899876,5.080709
0.5191666666666719,-0.00829880591481924,0.01625811867415905,-0.0041056168265640736,-0.004419990349560976,5.080709
0.5200000000000052,-0.008298120461404324,0.01625826396048069,-0.004104312043637037,-0.00441995682194829,5.080709
0.5208333333333386,-0.008297680877149105,0.016261154785752296,-0.004103044047951698,-0.004420881159603596,5.080709
0.5216666666666719,-0.008297184482216835,0.016264094039797783,-0.004101825878024101,-0.004420763812959194,5.080709
0.5225000000000053,-0.0082966648042202,0.016266433522105217,-0.004100373946130276,-0.004421616904437542,5.080709
0.5233333333333386,-0.008296193554997444,0.016269121319055557,-0.004099217243492603,-0.004421406891196966,5.080709
0.524166666666672,-0.008295868523418903,0.016273856163024902,-0.004097719211131334,-0.00442213611677289,5.080709
0.5250000000000054,-0.008295339532196522,0.016275426372885704,-0.004096274264156818,-0.0044217174872756,5.080709
0.5258333333333387,-0.008294901810586452,0.01627889834344387,-0.004094749689102173,-0.00442114332690835,5.080709
0.5266666666666721,-0.008294578641653061,0.016283629462122917,-0.0040937261655926704,-0.004421926103532314,5.080709
0.5275000000000054,-0.008294031955301762,0.016285082325339317,-0.00409243069589138,-0.004422347526997328,5.080709
0.5283333333333388,-0.00829357374459505,0.01628785766661167,-0.004090629983693361,-0.004422439727932215,5.080709
0.5291666666666721,-0.008293229155242443,0.016291797161102295,-0.0040893713012337685,-0.004423431120812893,5.080709
0.5300000000000055,-0.008292680606245995,0.016293320804834366,-0.004087812267243862,-0.004423130303621292,5.080709
0.5308333333333388,-0.008292240090668201,0.016296302899718285,-0.004086064640432596,-0.004422642290592194,5.080709
0.5316666666666722,-0.008291888050734997,0.01630014181137085,-0.004084836691617966,-0.0044225649908185005,5.080709
0.5325000000000055,-0.008291302248835564,0.016301404684782028,-0.004083572421222925,-0.004422415047883987,5.080709
0.5333333333333389,-0.008290842175483704,0.016303882002830505,-0.0040822019800543785,-0.004422479309141636,5.080709
0.5341666666666722,-0.0082904864102602,0.01630774699151516,-0.004080743528902531,-0.004423185717314482,5.080709
0.5350000000000056,-0.008289908990263939,0.016308732330799103,-0.00407954677939415,-0.004422985948622227,5.080709
0.5358333333333389,-0.008289415389299393,0.016311097890138626,-0.004077731166034937,-0.0044228071346879005,5.080709
0.5366666666666723,-0.008289027959108353,0.016314318403601646,-0.004076322540640831,-0.004422340076416731,5.080709
0.5375000000000056,-0.00828844215720892,0.016315309330821037,-0.004074470605701208,-0.004422536585479975,5.080709
0.538333333333339,-0.008287946693599224,0.01631748490035534,-0.0040734270587563515,-0.0044216373935341835,5.080709
0.5391666666666723,-0.008287334814667702,0.016317537054419518,-0.004071613773703575,-0.0044217961840331554,5.080709
0.5400000000000057,-0.008286816999316216,0.01631936989724636,-0.0040701208636164665,-0.004420978017151356,5.080709
0.540833333333339,-0.008286166936159134,0.016318747773766518,-0.00406871922314167,-0.0044210064224898815,5.080709
0.5416666666666724,-0.008285616524517536,0.016320252791047096,-0.004067304544150829,-0.004420721437782049,5.080709
0.5425000000000058,-0.008285078220069408,0.016321349889039993,-0.004066095687448978,-0.004419825505465269,5.080709
0.5433333333333391,-0.008284596726298332,0.016324151307344437,-0.004064319189637899,-0.0044196173548698425,5.080709
0.5441666666666725,-0.008284181356430054,0.016326388344168663,-0.004063073545694351,-0.004420783370733261,5.080709
0.5450000000000058,-0.008283562026917934,0.016326919198036194,-0.004061632789671421,-0.004419644828885794,5.080709
0.5458333333333392,-0.008283029310405254,0.01632877252995968,-0.0040605035610497,-0.004419675562530756,5.080709
0.5466666666666725,-0.008282365277409554,0.016329003497958183,-0.004059639759361744,-0.004419122356921434,5.080709
0.5475000000000059,-0.008281729184091091,0.01632908172905445,-0.004058403894305229,-0.004418168682605028,5.080709
0.5483333333333392,-0.008281166665256023,0.016330158337950706,-0.00405661528930068,-0.004417829681187868,5.080709
0.5491666666666726,-0.008280664682388306,0.016332069411873817,-0.004054660443216562,-0.004418020136654377,5.080709
0.5500000000000059,-0.008279966190457344,0.016331100836396217,-0.0040535395964980125,-0.00441722571849823,5.080709
0.5508333333333393,-0.008279426954686642,0.016332319006323814,-0.004052094183862209,-0.004416588228195906,5.080709
0.5516666666666726,-0.008278788067400455,0.016333093866705894,-0.004050862975418568,-0.004415453877300024,5.080709
0.552500000000006,-0.008278202265501022,0.016333524137735367,-0.004049396142363548,-0.004415418952703476,5.080709
0.5533333333333393,-0.008277586661279202,0.016333600506186485,-0.004047696013003588,-0.004414706956595182,5.080709
0.5541666666666727,-0.008277030661702156,0.016334794461727142,-0.0040460675954818726,-0.004414296243339777,5.080709
0.555000000000006,-0.008276451379060745,0.016335368156433105,-0.004044141620397568,-0.004413525573909283,5.080709
0.5558333333333394,-0.008275878615677357,0.01633685827255249,-0.00404299097135663,-0.0044128564186394215,5.080709
0.5566666666666727,-0.008275283500552177,0.016337191686034203,-0.004041766747832298,-0.004413373302668333,5.080709
0.5575000000000061,-0.008274701423943043,0.01633804477751255,-0.004039947409182787,-0.004412919282913208,5.080709
0.5583333333333395,-0.008274096995592117,0.016338344663381577,-0.004038242623209953,-0.004412851762026548,5.080709
0.5591666666666728,-0.008273494429886341,0.016338972374796867,-0.00403691828250885,-0.00441234465688467,5.080709
0.5600000000000062,-0.008272888138890266,0.01633954420685768,-0.004035287071019411,-0.004411589354276657,5.080709
0.5608333333333395,-0.008272296749055386,0.016340265050530434,-0.004033922217786312,-0.0044116913340985775,5.080709
0.5616666666666729,-0.008271681144833565,0.016340361908078194,-0.004032428842037916,-0.004410761408507824,5.080709
0.5625000000000062,-0.00827103853225708,0.016340238973498344,-0.004031151533126831,-0.004409788642078638,5.080709
0.5633333333333396,-0.00827040895819664,0.016340551897883415,-0.0040295738726854324,-0.004408509004861116,5.080709
0.5641666666666729,-0.008269747719168663,0.01634015515446663,-0.004028065595775843,-0.00440791854634881,5.080709
0.5650000000000063,-0.008269121870398521,0.016340866684913635,-0.004026542883366346,-0.004407694097608328,5.080709
0.5658333333333396,-0.008268468081951141,0.016340414062142372,-0.004025013651698828,-0.0044071851298213005,5.080709
0.566666666666673,-0.0082677798345685,0.01633947528898716,-0.004023276269435883,-0.0044063376262784,5.080709
0.5675000000000063,-0.00826710369437933,0.016339343041181564,-0.004021450411528349,-0.0044052996672689915,5.080709
0.5683333333333397,-0.008266428485512733,0.016338668763637543,-0.004019964952021837,-0.0044053420424461365,5.080709
0.569166666666673,-0.008265729993581772,0.016337860375642776,-0.0040182508528232574,-0.004404688253998756,5.080709
0.5700000000000064,-0.008265042677521706,0.016337649896740913,-0.004016398917883635,-0.0044035837054252625,5.080709
0.5708333333333397,-0.008264351636171341,0.01633705012500286,-0.004014940466731787,-0.0044030845165252686,5.080709
0.5716666666666731,-0.008263727650046349,0.016337037086486816,-0.0040139323100447655,-0.004402334801852703,5.080709
0.5725000000000064,-0.008263053372502327,0.016337048262357712,-0.004012392833828926,-0.004401747602969408,5.080709
0.5733333333333398,-0.008262364193797112,0.016336459666490555,-0.004011055920273066,-0.004401256795972586,5.080709
0.5741666666666732,-0.008261673152446747,0.016336167231202126,-0.00400937907397747,-0.004400197416543961,5.080709
0.5750000000000065,-0.008260943926870823,0.016335299238562584,-0.004008221905678511,-0.004399652127176523,5.080709
0.5758333333333399,-0.008260300382971764,0.01633504405617714,-0.00400689197704196,-0.004399366211146116,5.080709
0.5766666666666732,-0.008259565569460392,0.016334092244505882,-0.004004849120974541,-0.004398674704134464,5.080709
0.5775000000000066,-0.008258827961981297,0.01633313111960888,-0.0040030712261796,-0.0043984055519104,5.080709
0.5783333333333399,-0.00825811829417944,0.016332926228642464,-0.00400143675506115,-0.004397933837026358,5.080709
0.5791666666666733,-0.008257308043539524,0.0163305401802063,-0.003999412525445223,-0.004397042561322451,5.080709
0.5800000000000066,-0.008256185799837112,0.016325246542692184,-0.00399854127317667,-0.004395980853587389,5.080709
0.58083333333334,-0.008254870772361755,0.016318531706929207,-0.003996655344963074,-0.004394578281790018,5.080709
0.5816666666666733,-0.008253538981080055,0.016311578452587128,-0.003995261620730162,-0.004392727743834257,5.080709
0.5825000000000067,-0.008252187632024288,0.01630431041121483,-0.003993488848209381,-0.004391435068100691,5.080709
0.58333333333334,-0.008250836282968521,0.01629716344177723,-0.003991970792412758,-0.00439002551138401,5.080709
0.5841666666666734,-0.008249526843428612,0.016290724277496338,-0.003989964257925749,-0.004388095811009407,5.080709
0.5850000000000067,-0.008248159661889076,0.01628352701663971,-0.003988492302596569,-0.004385703708976507,5.080709
0.5858333333333401,-0.008246826939284801,0.01627681590616703,-0.003986749332398176,-0.004384225700050592,5.080709
0.5866666666666734,-0.008245466277003288,0.016269607469439507,-0.003984896931797266,-0.004383470863103867,5.080709
0.5875000000000068,-0.00824411679059267,0.016262425109744072,-0.0039830561727285385,-0.004382294602692127,5.080709
0.5883333333333401,-0.008242791518568993,0.016256170347332954,-0.003981593530625105,-0.004381759092211723,5.080709
0.5891666666666735,-0.008241417817771435,0.016249246895313263,-0.00397998932749033,-0.004380720667541027,5.080709
0.5900000000000069,-0.008240058086812496,0.016242435202002525,-0.003978658467531204,-0.004379074089229107,5.080709
0.5908333333333402,-0.00823866855353117,0.016235025599598885,-0.003977034240961075,-0.004378495272248983,5.080709
0.5916666666666736,-0.008237332105636597,0.016228822991251945,-0.003974733408540487,-0.004377102013677359,5.080709
0.5925000000000069,-0.008235946297645569,0.016222108155488968,-0.003973359242081642,-0.004376325290650129,5.080709
0.5933333333333403,-0.008234581910073757,0.0162151250988245,-0.003971568774431944,-0.004375343210995197,5.080709
0.5941666666666736,-0.008233229629695415,0.016208698973059654,-0.003969769924879074,-0.004374482203274965,5.080709
0.595000000000007,-0.008231830783188343,0.01620194874703884,-0.00396790262311697,-0.004373505245894194,5.080709
0.5958333333333403,-0.008230428211390972,0.016194773837924004,-0.003966411575675011,-0.004372220020741224,5.080709
0.5966666666666737,-0.008229031227529049,0.01618833839893341,-0.003964690025895834,-0.004371443297713995,5.080709
0.597500000000007,-0.00822764914482832,0.016181912273168564,-0.003962916787713766,-0.004370848182588816,5.080709
0.5983333333333404,-0.008226241916418076,0.016175083816051483,-0.003960988484323025,-0.004369542934000492,5.080709
0.5991666666666737,-0.008224845863878727,0.016168778762221336,-0.003959389869123697,-0.004368999972939491,5.080709
0.6000000000000071,-0.008223457261919975,0.016162162646651268,-0.0039576576091349125,-0.004368110094219446,5.080709
0.6008333333333404,-0.008222014643251896,0.016155196353793144,-0.003956011962145567,-0.0043671042658388615,5.080709
0.6016666666666738,-0.008220640942454338,0.01614934392273426,-0.00395404826849699,-0.0043656472116708755,5.080709
0.6025000000000071,-0.008219221606850624,0.01614285074174404,-0.003952231258153915,-0.004365266766399145,5.080709
0.6033333333333405,-0.008217829279601574,0.016136957332491875,-0.003950162790715694,-0.004363762214779854,5.080709
0.6041666666666738,-0.008216404356062412,0.016130300238728523,-0.0039482442662119865,-0.004363134503364563,5.080709
0.6050000000000072,-0.008214958012104034,0.016123434528708458,-0.003946410026401281,-0.004362650215625763,5.080709
0.6058333333333406,-0.00821354053914547,0.016117127612233162,-0.003944577649235725,-0.004361783154308796,5.080709
0.6066666666666739,-0.008212108165025711,0.01611093245446682,-0.003942993935197592,-0.0043614269234240055,5.080709
0.6075000000000073,-0.008210664615035057,0.016104355454444885,-0.003941455390304327,-0.004360125865787268,5.080709
0.6083333333333406,-0.00820921454578638,0.01609783247113228,-0.003939374350011349,-0.004359561949968338,5.080709
0.609166666666674,-0.008207792416214943,0.01609208807349205,-0.003937932197004557,-0.004358346574008465,5.080709
0.6100000000000073,-0.00820629671216011,0.016085011884570122,-0.00393602903932333,-0.004357073921710253,5.080709
0.6108333333333407,-0.008204841054975986,0.016078997403383255,-0.003934537526220083,-0.004356148187071085,5.080709
0.611666666666674,-0.008203388191759586,0.016072819009423256,-0.003932781983166933,-0.004355061799287796,5.080709
0.6125000000000074,-0.00820191204547882,0.016066355630755424,-0.003930723760277033,-0.004354503937065601,5.080709
0.6133333333333407,-0.008200431242585182,0.016059815883636475,-0.003928658552467823,-0.004353128839284182,5.080709
0.6141666666666741,-0.00819894578307867,0.016053423285484314,-0.003926463425159454,-0.004351979587227106,5.080709
0.6150000000000074,-0.008197436109185219,0.016046976670622826,-0.003924464341253042,-0.00435130437836051,5.080709
0.6158333333333408,-0.008195956237614155,0.016040543094277382,-0.0039222147315740585,-0.004349921364337206,5.080709
0.6166666666666741,-0.008194435387849808,0.01603420451283455,-0.003920402377843857,-0.00434904545545578,5.080709
0.6175000000000075,-0.008192917332053185,0.01602790877223015,-0.003918376285582781,-0.004348110407590866,5.080709
0.6183333333333408,-0.008191418834030628,0.016021432355046272,-0.0039161317981779575,-0.004346754401922226,5.080709
0.6191666666666742,-0.008189870044589043,0.016014792025089264,-0.003914461005479097,-0.00434586126357317,5.080709
0.6200000000000075,-0.00818835012614727,0.016008898615837097,-0.003912549931555986,-0.004345356021076441,5.080709
0.6208333333333409,-0.008186825551092625,0.016002178192138672,-0.00391025235876441,-0.004344328306615353,5.080709
0.6216666666666743,-0.008185289800167084,0.015995752066373825,-0.003908218815922737,-0.0043437546119093895,5.080709
0.6225000000000076,-0.008183740079402924,0.01598970778286457,-0.0039060732815414667,-0.004342792555689812,5.080709
0.623333333333341,-0.008182157762348652,0.015982849523425102,-0.0039041531272232533,-0.004342979751527309,5.080709
0.6241666666666743,-0.008180595003068447,0.01597658544778824,-0.0039021724369376898,-0.004341706167906523,5.080709
0.6250000000000077,-0.008179032243788242,0.015970379114151,-0.0038999291136860847,-0.004340463317930698,5.080709
0.625833333333341,-0.008177462965250015,0.01596413552761078,-0.003897988935932517,-0.0043394663371145725,5.080709
0.6266666666666744,-0.008175894618034363,0.015957878902554512,-0.0038958187215030193,-0.004338851198554039,5.080709
0.6275000000000077,-0.008174280636012554,0.015951184555888176,-0.003893426153808832,-0.00433752266690135,5.080709
0.6283333333333411,-0.008172683417797089,0.01594439335167408,-0.0038912692107260227,-0.004337073303759098,5.080709
0.6291666666666744,-0.00817107129842043,0.01593794859945774,-0.0038886431138962507,-0.004336249548941851,5.080709
0.6300000000000078,-0.008169486187398434,0.015931854024529457,-0.0038864323869347572,-0.0043363189324736595,5.080709
0.6308333333333411,-0.008167853578925133,0.015925344079732895,-0.0038841627538204193,-0.004335120320320129,5.080709
0.6316666666666745,-0.008166233077645302,0.015919044613838196,-0.003882157849147916,-0.004333410412073135,5.080709
0.6325000000000078,-0.008164600469172001,0.015912717208266258,-0.003880017902702093,-0.004332881420850754,5.080709
0.6333333333333412,-0.008162993006408215,0.015906844288110733,-0.003877724288031459,-0.004331189673393965,5.080709
0.6341666666666745,-0.008161352947354317,0.015900494530797005,-0.0038754784036427736,-0.004330416675657034,5.080709
0.6350000000000079,-0.00815974548459053,0.015894325450062752,-0.0038735889829695225,-0.004330354742705822,5.080709
0.6358333333333412,-0.008158073760569096,0.01588738150894642,-0.0038713573012501,-0.00432954914867878,5.080709
0.6366666666666746,-0.008156451396644115,0.015881486237049103,-0.0038685989566147327,-0.00432840408757329,5.080709
0.637500000000008,-0.008154802955687046,0.015875209122896194,-0.0038669523783028126,-0.004328071605414152,5.080709
0.6383333333333413,-0.008153175003826618,0.015869341790676117,-0.0038646734319627285,-0.004326228052377701,5.080709
0.6391666666666747,-0.008151473477482796,0.015863122418522835,-0.0038625504821538925,-0.0043252320028841496,5.080709
0.640000000000008,-0.00814980361610651,0.0158565491437912,-0.0038606508169323206,-0.004323823377490044,5.080709
0.6408333333333414,-0.008148059248924255,0.015849322080612183,-0.0038589206524193287,-0.004323563538491726,5.080709
0.6416666666666747,-0.008146276697516441,0.0158422589302063,-0.0038559662643820047,-0.004322456195950508,5.080709
0.6425000000000081,-0.008144569583237171,0.015836438164114952,-0.0038535224739462137,-0.004320523701608181,5.080709
0.6433333333333414,-0.008142882026731968,0.015830732882022858,-0.003851058194413781,-0.00431910902261734,5.080709
0.6441666666666748,-0.008141146041452885,0.015824051573872566,-0.003849416971206665,-0.0043179308995604515,5.080709
0.6450000000000081,-0.008139224722981453,0.015816371887922287,-0.003846587147563696,-0.004317153710871935,5.080709
0.6458333333333415,-0.008137527853250504,0.015810642391443253,-0.0038441503420472145,-0.004316577222198248,5.080709
0.6466666666666748,-0.008135798387229443,0.015804525464773178,-0.0038423417136073112,-0.004315824247896671,5.080709
0.6475000000000082,-0.008134002797305584,0.015797661617398262,-0.003840257879346609,-0.004314756952226162,5.080709
0.6483333333333415,-0.008132047019898891,0.015790218487381935,-0.003837633179500699,-0.0043134549632668495,5.080709
0.6491666666666749,-0.00813033152371645,0.01578453555703163,-0.003835645504295826,-0.004311965312808752,5.080709
0.6500000000000082,-0.008128531277179718,0.01577773690223694,-0.0038336028810590506,-0.00431100744754076,5.080709
0.6508333333333416,-0.008126686327159405,0.01577109284698963,-0.0038315379060804844,-0.0043099080212414265,5.080709
0.6516666666666749,-0.008124872110784054,0.015764374285936356,-0.0038293541874736547,-0.004308666102588177,5.080709
0.6525000000000083,-0.008122926577925682,0.015757611021399498,-0.003826380707323551,-0.004307808354496956,5.080709
0.6533333333333416,-0.008121147751808167,0.015752118080854416,-0.003824770450592041,-0.004307273309677839,5.080709
0.654166666666675,-0.008119231089949608,0.015744999051094055,-0.003822599072009325,-0.004305948968976736,5.080709
0.6550000000000084,-0.008117223158478737,0.015737293288111687,-0.0038194211665540934,-0.004304884467273951,5.080709
0.6558333333333417,-0.008115347474813461,0.01573091931641102,-0.003817527089267969,-0.0043038432486355305,5.080709
0.6566666666666751,-0.00811333954334259,0.015723558142781258,-0.0038154483772814274,-0.004302289802581072,5.080709
0.6575000000000084,-0.008111443370580673,0.015717310830950737,-0.003812989452853799,-0.004300753585994244,5.080709
0.6583333333333418,-0.0081093180924654,0.015709521248936653,-0.0038100192323327065,-0.004299271386116743,5.080709
0.6591666666666751,-0.00810744147747755,0.01570340432226658,-0.003807277651503682,-0.00429832236841321,5.080709
0.6600000000000085,-0.008105508051812649,0.015696626156568527,-0.0038051302544772625,-0.0042980085127055645,5.080709
0.6608333333333418,-0.008103388361632824,0.01568925380706787,-0.0038022645749151707,-0.004296743310987949,5.080709
0.6616666666666752,-0.0081014484167099,0.015682769939303398,-0.0038003611844033003,-0.004295645281672478,5.080709
0.6625000000000085,-0.008099406957626343,0.01568165048956871,-0.0037948680110275745,-0.004293641075491905,5.080709
0.6633333333333419,-0.00809722300618887,0.015673696994781494,-0.003792740870267153,-0.004292693920433521,5.080709
0.6641666666666752,-0.008095269091427326,0.015667220577597618,-0.003790059359744191,-0.0042918710969388485,5.080709
0.6650000000000086,-0.008093359880149364,0.015667131170630455,-0.003785423468798399,-0.004291749093681574,5.080709
0.6658333333333419,-0.008091350086033344,0.01566634327173233,-0.0037806842010468245,-0.0042906212620437145,5.080709
0.6666666666666753,-0.008089156821370125,0.015658359974622726,-0.00377845810726285,-0.004289783071726561,5.080709
0.6675000000000086,-0.008087225258350372,0.015658441931009293,-0.0037733856588602066,-0.004289253614842892,5.080709
0.668333333333342,-0.008084996603429317,0.015650082379579544,-0.0037716159131377935,-0.004287948366254568,5.080709
0.6691666666666753,-0.008083109743893147,0.015650572255253792,-0.0037663071416318417,-0.00428743427619338,5.080709
0.6700000000000087,-0.00808094721287489,0.01564912125468254,-0.003761102445423603,-0.004285738803446293,5.080709
0.670833333333342,-0.008078568615019321,0.015640800818800926,-0.0037591534201055765,-0.0042838952504098415,5.080709
0.6716666666666754,-0.00807669572532177,0.01564120687544346,-0.0037542590871453285,-0.004283403977751732,5.080709
0.6725000000000088,-0.008074368350207806,0.015632394701242447,-0.0037523515056818724,-0.00428219186142087,5.080709
0.6733333333333421,-0.008072296157479286,0.01563199982047081,-0.0037466262001544237,-0.004280588589608669,5.080709
0.6741666666666755,-0.008069969713687897,0.015623487532138824,-0.0037452427204698324,-0.004278827458620071,5.080709
0.6750000000000088,-0.008067803457379341,0.015622430481016636,-0.0037393681704998016,-0.004277391359210014,5.080709
0.6758333333333422,-0.008065513335168362,0.015620709396898746,-0.0037343648727983236,-0.00427580438554287,5.080709
0.6766666666666755,-0.00806314405053854,0.015611984767019749,-0.0037323585711419582,-0.004273667000234127,5.080709
0.6775000000000089,-0.00806101132184267,0.015611282549798489,-0.0037267785519361496,-0.004272869788110256,5.080709
0.6783333333333422,-0.008058648556470871,0.015609394758939743,-0.0037217428907752037,-0.004271192010492086,5.080709
0.6791666666666756,-0.008056140504777431,0.015599864535033703,-0.0037194397300481796,-0.004269379656761885,5.080709
0.6800000000000089,-0.008053846657276154,0.015598379075527191,-0.003713839454576373,-0.004268111195415258,5.080709
0.6808333333333423,-0.008051441982388496,0.01559001300483942,-0.003711569821462035,-0.004266985692083836,5.080709
0.6816666666666756,-0.008048951625823975,0.015587764792144299,-0.0037061506882309914,-0.004265588242560625,5.080709
0.682500000000009,-0.008046068251132965,0.015583985485136509,-0.0037013075780123472,-0.004264583811163902,5.080709
0.6833333333333423,-0.008041991852223873,0.015567291527986526,-0.0037013040855526924,-0.004261343274265528,5.080709
0.6841666666666757,-0.00803712010383606,0.015557440929114819,-0.003696735017001629,-0.004259774927049875,5.080709
0.685000000000009,-0.008031073957681656,0.015534083358943462,-0.003698093816637993,-0.004257438704371452,5.080709
0.6858333333333424,-0.00802437774837017,0.015520073473453522,-0.0036936774849891663,-0.004254283849149942,5.080709
0.6866666666666758,-0.008016662672162056,0.01550439652055502,-0.003690271405503154,-0.004251627717167139,5.080709
0.6875000000000091,-0.008007898926734924,0.01548702735453844,-0.003687273245304823,-0.004248139448463917,5.080709
0.6883333333333425,-0.007998176850378513,0.015468048863112926,-0.003683991264551878,-0.004245293326675892,5.080709
0.6891666666666758,-0.0079874936491251,0.015448112040758133,-0.0036812687758356333,-0.0042417761869728565,5.080709
0.6900000000000092,-0.007975880987942219,0.015426970086991787,-0.003679140005260706,-0.004238107707351446,5.080709
0.6908333333333425,-0.007963214069604874,0.015404126606881618,-0.003676486201584339,-0.004234579391777515,5.080709
0.6916666666666759,-0.007949691265821457,0.01538076251745224,-0.003675400046631694,-0.00423062639310956,5.080709
0.6925000000000092,-0.007935360074043274,0.01535713579505682,-0.0036745606921613216,-0.004226332530379295,5.080709
0.6933333333333426,-0.007920102216303349,0.015332691371440887,-0.003674524137750268,-0.004221378359943628,5.080709
0.6941666666666759,-0.007904015481472015,0.015307750552892685,-0.003675072221085429,-0.004216913599520922,5.080709
0.6950000000000093,-0.007886968553066254,0.015282578766345978,-0.0036767530255019665,-0.004211812745779753,5.080709
0.6958333333333426,-0.00786921288818121,0.015256785787642002,-0.0036790126468986273,-0.004206120502203703,5.080709
0.696666666666676,-0.00785047933459282,0.015230555087327957,-0.0036821907851845026,-0.004199884831905365,5.080709
0.6975000000000093,-0.007830909453332424,0.01520403753966093,-0.0036866695154458284,-0.004192374646663666,5.080709
0.6983333333333427,-0.007810584269464016,0.01517718005925417,-0.00369229051284492,-0.004184757359325886,5.080709
0.699166666666676,-0.007789460476487875,0.015149836428463459,-0.003699102671816945,-0.004176263697445393,5.080709
0.7000000000000094,-0.00776761444285512,0.015122140757739544,-0.003706999123096466,-0.00416724756360054,5.080709
0.7008333333333427,-0.007745019625872374,0.015094324946403503,-0.003716732608154416,-0.0041585927829146385,5.080709
0.7016666666666761,-0.007721875328570604,0.015066247433423996,-0.003727158298715949,-0.004148820415139198,5.080709
0.7025000000000095,-0.0076978751458227634,0.015037626028060913,-0.003738787956535816,-0.004138789605349302,5.080709
0.7033333333333428,-0.0076732696034014225,0.01500851009041071,-0.0037511587142944336,-0.004127927590161562,5.080709
0.7041666666666762,-0.007648077793419361,0.01497912872582674,-0.0037647460121661425,-0.004116336349397898,5.080709
0.7050000000000095,-0.007622141856700182,0.014933668076992035,-0.003787775058299303,-0.004104309249669313,5.080709
0.7058333333333429,-0.007595909293740988,0.01490392442792654,-0.0038025134708732367,-0.004091897513717413,5.080709
0.7066666666666762,-0.007568999193608761,0.014858069829642773,-0.0038268575444817543,-0.004078915808349848,5.080709
0.7075000000000096,-0.007541613653302193,0.014828241430222988,-0.0038432073779404163,-0.004065723158419132,5.080709
0.7083333333333429,-0.007513790391385555,0.014782196842133999,-0.003868116531521082,-0.004051773343235254,5.080709
0.7091666666666763,-0.007485613226890564,0.014736355282366276,-0.003894105087965727,-0.004037706181406975,5.080709
0.7100000000000096,-0.0074571589939296246,0.014705957844853401,-0.003911719657480717,-0.00402406882494688,5.080709
0.710833333333343,-0.007428164593875408,0.014659527689218521,-0.003938047215342522,-0.004009250085800886,5.080709
0.7116666666666763,-0.007398875895887613,0.014613740146160126,-0.003964785020798445,-0.0039938753470778465,5.080709
0.7125000000000097,-0.00736928591504693,0.014567965641617775,-0.003991872072219849,-0.003978838212788105,5.080709
0.713333333333343,-0.00733953807502985,0.014537200331687927,-0.004009456839412451,-0.0039643351919949055,5.080709
0.7141666666666764,-0.00730948755517602,0.014490645378828049,-0.004036183934658766,-0.003949461504817009,5.080709
0.7150000000000097,-0.007279132027179003,0.014444462954998016,-0.004062269814312458,-0.003934070933610201,5.080709
0.7158333333333431,-0.007248610258102417,0.014398560859262943,-0.004088818561285734,-0.00391829339787364,5.080709
0.7166666666666764,-0.0072179739363491535,0.014352499507367611,-0.004114537499845028,-0.00390195706859231,5.080709
0.7175000000000098,-0.007187046110630035,0.014306101948022842,-0.004140520468354225,-0.0038859141059219837,5.080709
0.7183333333333431,-0.007156220264732838,0.014275234192609787,-0.004158815834671259,-0.0038705701008439064,5.080709
0.7191666666666765,-0.007125002797693014,0.0142278540879488,-0.00418334873393178,-0.00385444238781929,5.080709
0.7200000000000099,-0.007093834690749645,0.014181540347635746,-0.004208523780107498,-0.0038387023378163576,5.080709
0.7208333333333432,-0.007062389049679041,0.014134949073195457,-0.004233255982398987,-0.0038217080291360617,5.080709
0.7216666666666766,-0.007030986715108156,0.014088666066527367,-0.004258519038558006,-0.0038065246772021055,5.080709
0.7225000000000099,-0.006999670993536711,0.014042715542018414,-0.004283455666154623,-0.003790771123021841,5.080709
0.7233333333333433,-0.006968275643885136,0.01399686373770237,-0.004308108240365982,-0.0037747970782220364,5.080709
0.7241666666666766,-0.006936861667782068,0.013951020315289497,-0.004332513082772493,-0.0037587557453662157,5.080709
0.72500000000001,-0.006905462127178907,0.013904907740652561,-0.004355967976152897,-0.003742678789421916,5.080709
0.7258333333333433,-0.006874064449220896,0.0138590382412076,-0.00437946617603302,-0.0037265075370669365,5.080709
0.7266666666666767,-0.006842737086117268,0.01381340529769659,-0.004402649588882923,-0.003710722317919135,5.080709
0.72750000000001,-0.006811524275690317,0.01376762893050909,-0.004425593186169863,-0.0036946528125554323,5.080709
0.7283333333333434,-0.006780277471989393,0.013721846044063568,-0.0044478802010416985,-0.003679153509438038,5.080709
0.7291666666666767,-0.006749130319803953,0.013690470717847347,-0.004462439566850662,-0.0036637403536587954,5.080709
0.7300000000000101,-0.00671809958294034,0.013643850572407246,-0.004483088385313749,-0.0036484363954514265,5.080709
0.7308333333333434,-0.006687147077172995,0.013598088175058365,-0.004504429176449776,-0.0036329966969788074,5.080709
0.7316666666666768,-0.006656184326857328,0.013552029617130756,-0.0045250593684613705,-0.0036175744608044624,5.080709
0.7325000000000101,-0.006625133566558361,0.01350614707916975,-0.004546028096228838,-0.0036018730606883764,5.080709
0.7333333333333435,-0.0065940311178565025,0.013460846617817879,-0.004565993323922157,-0.0035864689853042364,5.080709
0.7341666666666768,-0.006562667898833752,0.013415709137916565,-0.004586547147482634,-0.0035704942420125008,5.080709
0.7350000000000102,-0.00653113191947341,0.013370241969823837,-0.004605913534760475,-0.003554054768756032,5.080709
0.7358333333333436,-0.006499328184872866,0.013324983417987823,-0.0046258773654699326,-0.0035388031974434853,5.080709
0.7366666666666769,-0.00646723248064518,0.013279744423925877,-0.004645951557904482,-0.0035219949204474688,5.080709
0.7375000000000103,-0.00643498869612813,0.01323422510176897,-0.0046644494868814945,-0.0035053719766438007,5.080709
0.7383333333333436,-0.006402294617146254,0.013188882730901241,-0.004684846848249435,-0.003489044727757573,5.080709
0.739166666666677,-0.006369543261826038,0.013143150135874748,-0.0047030518762767315,-0.0034723589196801186,5.080709
0.7400000000000103,-0.006336561869829893,0.0130978524684906,-0.0047217863611876965,-0.0034560970962047577,5.080709
0.7408333333333437,-0.006303367204964161,0.013052531518042088,-0.004740465432405472,-0.003438999643549323,5.080709
0.741666666666677,-0.006269773468375206,0.01300734281539917,-0.004758388735353947,-0.003420481691136956,5.080709
0.7425000000000104,-0.006236020941287279,0.012962094508111477,-0.0047762431204319,-0.003403098788112402,5.080709
0.7433333333333437,-0.006202206015586853,0.012916953302919865,-0.0047941361553967,-0.0033852739725261927,5.080709
0.7441666666666771,-0.006168042309582233,0.012871413491666317,-0.004810864105820656,-0.003367198631167412,5.080709
0.7450000000000104,-0.006133639253675938,0.012825945392251015,-0.004828683100640774,-0.003350047627463937,5.080709
0.7458333333333438,-0.006099147722125053,0.012780481949448586,-0.004845080431550741,-0.0033324172254651785,5.080709
0.7466666666666771,-0.0060644010081887245,0.012734811753034592,-0.004861264955252409,-0.0033145283814519644,5.080709
0.7475000000000105,-0.006029387470334768,0.0126896221190691,-0.004877594765275717,-0.0032963783014565706,5.080709
0.7483333333333438,-0.00599413039162755,0.012643582187592983,-0.004891997203230858,-0.0032793981954455376,5.080709
0.7491666666666772,-0.005958744324743748,0.012597357854247093,-0.004907764494419098,-0.0032628686167299747,5.080709
0.7500000000000105,-0.005923307966440916,0.01255103386938572,-0.0049211131408810616,-0.0032450035214424133,5.080709
0.7508333333333439,-0.005887612700462341,0.01250448264181614,-0.004935853183269501,-0.0032267235219478607,5.080709
0.7516666666666773,-0.005851640831679106,0.012457244098186493,-0.0049482849426567554,-0.0032091592438519,5.080709
0.7525000000000106,-0.005815573967993259,0.012409932911396027,-0.004962211474776268,-0.0031911004334688187,5.080709
0.753333333333344,-0.005779326893389225,0.012362495064735413,-0.004975089803338051,-0.003173170145601034,5.080709
0.7541666666666773,-0.005742773879319429,0.01231467630714178,-0.004988312255591154,-0.0031560449860990047,5.080709
0.7550000000000107,-0.005706115160137415,0.012267189100384712,-0.005001602694392204,-0.0031373926904052496,5.080709
0.755833333333344,-0.005669105798006058,0.012218769639730453,-0.005015145521610975,-0.0031190316658467054,5.080709
0.7566666666666774,-0.00563175231218338,0.012170307338237762,-0.005027443170547485,-0.0031010969541966915,5.080709
0.7575000000000107,-0.005594257730990648,0.012121825478971004,-0.005040392279624939,-0.0030828334856778383,5.080709
0.7583333333333441,-0.0055565666407346725,0.012072774581611156,-0.005053201224654913,-0.0030637322925031185,5.080709
0.7591666666666774,-0.005518803838640451,0.012023797258734703,-0.005066330544650555,-0.0030448115430772305,5.080709
0.7600000000000108,-0.0054811700247228146,0.011974671855568886,-0.005079174414277077,-0.0030269252602010965,5.080709
0.7608333333333441,-0.0054438067600131035,0.011925297789275646,-0.005090947728604078,-0.003008355386555195,5.080709
0.7616666666666775,-0.00540680019184947,0.011876149103045464,-0.005102569703012705,-0.002991112880408764,5.080709
0.7625000000000108,-0.0053702462464571,0.011827247217297554,-0.005113673862069845,-0.0029736177530139685,5.080709
0.7633333333333442,-0.005334196146577597,0.011778454296290874,-0.005123496055603027,-0.002955956617370248,5.080709
0.7641666666666775,-0.005298716481775045,0.0117294667288661,-0.005132474936544895,-0.0029391786083579063,5.080709
0.7650000000000109,-0.005263842176645994,0.011680933646857738,-0.005141618195921183,-0.002923124935477972,5.080709
0.7658333333333442,-0.005229611415416002,0.011632448993623257,-0.005149208474904299,-0.0029065851122140884,5.080709
0.7666666666666776,-0.00519604654982686,0.011584321968257427,-0.005156578030437231,-0.002890446688979864,5.080709
0.767500000000011,-0.005163164809346199,0.011536273173987865,-0.005162359680980444,-0.0028749103657901287,5.080709
0.7683333333333443,-0.005130979232490063,0.011488715186715126,-0.005167853552848101,-0.0028607759159058332,5.080709
0.7691666666666777,-0.0050994944758713245,0.011441349051892757,-0.005171947181224823,-0.0028466300573199987,5.080709
0.770000000000011,-0.0050687119364738464,0.011394486762583256,-0.005175389349460602,-0.002832172904163599,5.080709
0.7708333333333444,-0.00503862788900733,0.011347882449626923,-0.005177643150091171,-0.0028175697661936283,5.080709
0.7716666666666777,-0.005009236745536327,0.011301610618829727,-0.005179057363420725,-0.002803744748234749,5.080709
0.7725000000000111,-0.0049805291928350925,0.011255746707320213,-0.005178871564567089,-0.0027905141469091177,5.080709
0.7733333333333444,-0.004952498245984316,0.01121023204177618,-0.00517836632207036,-0.0027781841345131397,5.080709
0.7741666666666778,-0.004925129935145378,0.011165114119648933,-0.005176246166229248,-0.0027659267652779818,5.080709
0.7750000000000111,-0.00489841029047966,0.011120378039777279,-0.005173528101295233,-0.002754113869741559,5.080709
0.7758333333333445,-0.004872323479503393,0.01107633113861084,-0.005170562770217657,-0.002742355689406395,5.080709
0.7766666666666778,-0.004846850410103798,0.011032888665795326,-0.0051664430648088455,-0.0027297590859234333,5.080709
0.7775000000000112,-0.004821976646780968,0.010989897884428501,-0.00516198156401515,-0.0027183506172150373,5.080709
0.7783333333333445,-0.004797686357051134,0.010947629809379578,-0.005156800150871277,-0.0027076746337115765,5.080709
0.7791666666666779,-0.004773961845785379,0.010905928909778595,-0.0051508452743291855,-0.002697629388421774,5.080709
0.7800000000000112,-0.0047507863491773605,0.010864597745239735,-0.005144607741385698,-0.002687678439542651,5.080709
0.7808333333333446,-0.004728142637759447,0.010823925957083702,-0.0051376488991081715,-0.002678121440112591,5.080709
0.781666666666678,-0.004706014879047871,0.010783684439957142,-0.005130012519657612,-0.0026683409232646227,5.080709
0.7825000000000113,-0.004684389103204012,0.01074429601430893,-0.0051224674098193645,-0.0026593701913952827,5.080709
0.7833333333333447,-0.0046632434241473675,0.010705254971981049,-0.005114100407809019,-0.0026508430019021034,5.080709
0.784166666666678,-0.0046425629407167435,0.010666873306035995,-0.005105744581669569,-0.0026428098790347576,5.080709
0.7850000000000114,-0.004622335080057383,0.01062917523086071,-0.0050966995768249035,-0.00263455742970109,5.080709
0.7858333333333447,-0.0046025486662983894,0.010592006146907806,-0.005087740253657103,-0.002626474015414715,5.080709
0.7866666666666781,-0.004583187401294708,0.010555477812886238,-0.005078318994492292,-0.0026175312232226133,5.080709
0.7875000000000114,-0.004564241971820593,0.010519694536924362,-0.005069031845778227,-0.0026085833087563515,5.080709
0.7883333333333448,-0.0045456900261342525,0.010484687052667141,-0.005059451330453157,-0.002600403968244791,5.080709
0.7891666666666781,-0.004527476616203785,0.010461320169270039,-0.005043713375926018,-0.0025916423182934523,5.080709
0.7900000000000115,-0.004509419202804565,0.010437826626002789,-0.005027409642934799,-0.002584298839792609,5.080709
0.7908333333333448,-0.004491597414016724,0.010403214022517204,-0.005017093848437071,-0.0025779518764466047,5.080709
0.7916666666666782,-0.004474152345210314,0.010380655527114868,-0.005000930279493332,-0.002570096170529723,5.080709
0.7925000000000115,-0.004456895869225264,0.0103580541908741,-0.004984577652066946,-0.002561864908784628,5.080709
0.7933333333333449,-0.00443989597260952,0.010324195958673954,-0.004973044618964195,-0.0025549386627972126,5.080709
0.7941666666666782,-0.004423295147716999,0.010302530601620674,-0.004957371391355991,-0.002547239186242223,5.080709
0.7950000000000116,-0.004406884778290987,0.010280760005116463,-0.0049409400671720505,-0.0025404621846973896,5.080709
0.7958333333333449,-0.0043907142244279385,0.01024805661290884,-0.004930068738758564,-0.002535030245780945,5.080709
0.7966666666666783,-0.00437493622303009,0.010227357968688011,-0.00491456501185894,-0.002529123332351446,5.080709
0.7975000000000116,-0.004359337501227856,0.010206603445112705,-0.004898408427834511,-0.002522037597373128,5.080709
0.798333333333345,-0.004343939013779163,0.010185838676989079,-0.004881903063505888,-0.0025150070432573557,5.080709
0.7991666666666783,-0.004328790120780468,0.010154330171644688,-0.004871136508882046,-0.0025089173577725887,5.080709
0.8000000000000117,-0.004314037039875984,0.010134722106158733,-0.004856111481785774,-0.0025027801748365164,5.080709
0.800833333333345,-0.004299453925341368,0.01011483184993267,-0.0048395078629255295,-0.002497479785233736,5.080709
0.8016666666666784,-0.004285033326596022,0.010095056146383286,-0.0048240236937999725,-0.0024924029130488634,5.080709
0.8025000000000118,-0.0042708031833171844,0.010075532831251621,-0.004808091092854738,-0.002486974000930786,5.080709
0.8033333333333451,-0.004256801214069128,0.010045371018350124,-0.004797188565135002,-0.002480770694091916,5.080709
0.8041666666666785,-0.00424319738522172,0.010027004405856133,-0.004782135132700205,-0.0024745753034949303,5.080709
0.8050000000000118,-0.00422974769026041,0.010008374229073524,-0.004766590427607298,-0.002469161059707403,5.080709
0.8058333333333452,-0.004216448869556189,0.009989770129323006,-0.004751184489578009,-0.0024641933850944042,5.080709
0.8066666666666785,-0.004203293938189745,0.00997154787182808,-0.004736185073852539,-0.00246030674315989,5.080709
0.8075000000000119,-0.004190314095467329,0.009953407570719719,-0.004720699042081833,-0.0024551739916205406,5.080709
0.8083333333333452,-0.004177536815404892,0.009924967773258686,-0.004710231442004442,-0.0024490603245794773,5.080709
0.8091666666666786,-0.004165150690823793,0.00990779884159565,-0.00469560083001852,-0.0024439555127173662,5.080709
0.8100000000000119,-0.004152871668338776,0.009890720248222351,-0.004680832847952843,-0.002439487027004361,5.080709
0.8108333333333453,-0.004140706267207861,0.009873738512396812,-0.00466547068208456,-0.002435029484331608,5.080709
0.8116666666666786,-0.0041286759078502655,0.009856906719505787,-0.004650766961276531,-0.002430238062515855,5.080709
0.812500000000012,-0.004116793628782034,0.009840323589742184,-0.004636154975742102,-0.0024255141615867615,5.080709
0.8133333333333453,-0.004105034749954939,0.009823821485042572,-0.004621603060513735,-0.002421550452709198,5.080709
0.8141666666666787,-0.004093422554433346,0.009797295555472374,-0.004611485172063112,-0.0024174561258405447,5.080709
0.815000000000012,-0.004082192666828632,0.0097816102206707,-0.004597765859216452,-0.0024122970644384623,5.080709
0.8158333333333454,-0.0040710498578846455,0.009766057133674622,-0.004583910573273897,-0.002408000873401761,5.080709
0.8166666666666788,-0.004059969447553158,0.00975068099796772,-0.004570583812892437,-0.0024033591616898775,5.080709
0.8175000000000121,-0.004048976115882397,0.009735275991261005,-0.004556044936180115,-0.002398229669779539,5.080709
0.8183333333333455,-0.004038107581436634,0.009719799272716045,-0.004541593138128519,-0.002393299713730812,5.080709
0.8191666666666788,-0.004027321003377438,0.009704689495265484,-0.004528052173554897,-0.00238937814719975,5.080709
0.8200000000000122,-0.00401667132973671,0.009679814800620079,-0.004519001580774784,-0.0023854710161685944,5.080709
0.8208333333333455,-0.004006346687674522,0.009665532037615776,-0.004505951423197985,-0.002381028374657035,5.080709
0.8216666666666789,-0.003996063955128193,0.009651260450482368,-0.004492773208767176,-0.0023775019217282534,5.080709
0.8225000000000122,-0.003985839430242777,0.009637009352445602,-0.004479280207306147,-0.0023722697515040636,5.080709
0.8233333333333456,-0.003975688945502043,0.009622840210795403,-0.004466224927455187,-0.0023691789247095585,5.080709
0.8241666666666789,-0.003965581301599741,0.009608724154531956,-0.004452614113688469,-0.002365090185776353,5.080709
0.8250000000000123,-0.003955560270696878,0.009594645351171494,-0.0044394503347575665,-0.002360985614359379,5.080709
0.8258333333333456,-0.003945585340261459,0.009580632671713829,-0.004426146857440472,-0.0023567439056932926,5.080709
0.826666666666679,-0.003935737535357475,0.009557245299220085,-0.004416830372065306,-0.0023533871863037348,5.080709
0.8275000000000123,-0.0039261989295482635,0.009544247761368752,-0.004404671955853701,-0.002349867019802332,5.080709
0.8283333333333457,-0.003916623070836067,0.00953106489032507,-0.0043914420530200005,-0.0023457943461835384,5.080709
0.829166666666679,-0.003907090052962303,0.009518053382635117,-0.0043786377646028996,-0.00234170607291162,5.080709
0.8300000000000124,-0.0038975856732577085,0.009504909627139568,-0.00436591450124979,-0.002338051563128829,5.080709
0.8308333333333457,-0.003888118313625455,0.00949179008603096,-0.004352812189608812,-0.002334747463464737,5.080709
0.8316666666666791,-0.003878670046105981,0.009478812105953693,-0.004339874256402254,-0.002330901799723506,5.080709
0.8325000000000125,-0.0038692716043442488,0.009456559084355831,-0.004330685827881098,-0.002327635185793042,5.080709
0.8333333333333458,-0.0038601774722337723,0.009444264695048332,-0.004319113213568926,-0.0023246894124895334,5.080709
0.8341666666666792,-0.0038510554004460573,0.009432055056095123,-0.004307107534259558,-0.0023203976452350616,5.080709
0.8350000000000125,-0.0038419405464082956,0.00941973365843296,-0.004295156337320805,-0.0023166846949607134,5.080709
0.8358333333333459,-0.003832807531580329,0.009407324716448784,-0.004282595589756966,-0.0023134159855544567,5.080709
0.8366666666666792,-0.0038236831314861774,0.00939494464546442,-0.004270337056368589,-0.0023092511110007763,5.080709
0.8375000000000126,-0.0038146136794239283,0.009373490698635578,-0.004262302536517382,-0.002305742120370269,5.080709
0.8383333333333459,-0.0038057740312069654,0.009361778385937214,-0.0042504784651100636,-0.0023022149689495564,5.080709
0.8391666666666793,-0.003796890377998352,0.00934999343007803,-0.00423836475238204,-0.0022993646562099457,5.080709
0.8400000000000126,-0.003787992289289832,0.009338095784187317,-0.00422636978328228,-0.0022960335481911898,5.080709
0.840833333333346,-0.003779094433411956,0.009326282888650894,-0.004214094020426273,-0.0022931343410164118,5.080709
0.8416666666666793,-0.0037701858673244715,0.009305368177592754,-0.004205767996609211,-0.002289931057021022,5.080709
0.8425000000000127,-0.003761496627703309,0.009294011630117893,-0.004194246139377356,-0.0022871759720146656,5.080709
0.843333333333346,-0.003752776887267828,0.009282562881708145,-0.004182626027613878,-0.002284574555233121,5.080709
0.8441666666666794,-0.003743993816897273,0.00927098747342825,-0.004170915577560663,-0.0022814508993178606,5.080709
0.8450000000000127,-0.003735177218914032,0.00925945769995451,-0.004158788826316595,-0.002278156578540802,5.080709
0.8458333333333461,-0.003726348513737321,0.00923879537731409,-0.00415040971711278,-0.0022761712316423655,5.080709
0.8466666666666794,-0.0037177165504544973,0.009227650240063667,-0.004138864576816559,-0.002273529302328825,5.080709
0.8475000000000128,-0.0037090168334543705,0.009216428734362125,-0.0041270265355706215,-0.002271489007398486,5.080709
0.8483333333333462,-0.003700243541970849,0.009205155074596405,-0.004115530755370855,-0.0022695420775562525,5.080709
0.8491666666666795,-0.003691392485052347,0.009193668141961098,-0.0041039627976715565,-0.0022670538164675236,5.080709
0.8500000000000129,-0.00368255446664989,0.009173378348350525,-0.004096146207302809,-0.0022652570623904467,5.080709
0.8508333333333462,-0.00367393484339118,0.009162414819002151,-0.004084781277924776,-0.002262063091620803,5.080709
0.8516666666666796,-0.0036652064882218838,0.009151270613074303,-0.004072897601872683,-0.00225899089127779,5.080709
0.8525000000000129,-0.003656399203464389,0.009140045382082462,-0.004060959909111261,-0.0022568299900740385,5.080709
0.8533333333333463,-0.0036475160159170628,0.009119842201471329,-0.004053554963320494,-0.00225436850450933,5.080709
0.8541666666666796,-0.0031023011542856693,0.009882666170597076,-0.0036264408845454454,-0.01464521512389183,5.080709
0.855000000000013,-0.0024121562018990517,0.011519125662744045,0.0007549349102191627,-0.020998643711209297,5.080709
0.8558333333333463,-0.001791098853573203,0.012465430423617363,0.005339756608009338,-0.023644471541047096,5.080709
0.8566666666666797,-0.001143710920587182,0.013240354135632515,0.009362321346998215,-0.025045638903975487,5.080709
0.857500000000013,-0.0005128070479258895,0.013809369876980782,0.012786991894245148,-0.025982804596424103,5.080709
0.8583333333333464,9.669047722127289e-05,0.014266220852732658,0.015718234702944756,-0.02667059563100338,5.080709
0.8591666666666797,0.0006824096199125051,0.014665120281279087,0.0182498786598444,-0.02720388025045395,5.080709
0.8600000000000131,0.0012424193555489182,0.015025975182652473,0.020452415570616722,-0.027631910517811775,5.080709
0.8608333333333464,0.0017753728898242116,0.015356000512838364,0.02237819693982601,-0.02798415720462799,5.080709
0.8616666666666798,0.0022802837193012238,0.015659084543585777,0.024066261947155,-0.028279706835746765,5.080709
0.8625000000000131,0.0027563287876546383,0.01593455858528614,0.025543760508298874,-0.02852739207446575,5.080709
0.8633333333333465,0.003207186236977577,0.016190700232982635,0.02712121233344078,-0.028782157227396965,5.080709
0.8641666666666799,0.003634612774476409,0.01639133132994175,0.02857196517288685,-0.02894461154937744,5.080709
0.8650000000000132,0.00403210986405611,0.016596904024481773,0.029930926859378815,-0.02907404862344265,5.080709
0.8658333333333466,0.004398351069539785,0.01675073802471161,0.031116647645831108,-0.029194744303822517,5.080709
0.8666666666666799,0.004735342226922512,0.01688201166689396,0.03217924013733864,-0.02928057499229908,5.080709
0.8675000000000133,0.0050431834533810616,0.016988418996334076,0.03313008323311806,-0.029332207515835762,5.080709
0.8683333333333466,0.005322004668414593,0.017069807276129723,0.03397774323821068,-0.02935079298913479,5.080709
0.86916666666668,0.005571889691054821,0.01712617836892605,0.03473096713423729,-0.029337024316191673,5.080709
0.8700000000000133,0.0057929325848817825,0.017157377675175667,0.0353977307677269,-0.029290471225976944,5.080709
0.8708333333333467,0.005985243711620569,0.017163125798106194,0.035984333604574203,-0.029211655259132385,5.080709
0.87166666666668,0.006148961838334799,0.01714310608804226,0.03649653494358063,-0.029100121930241585,5.080709
0.8725000000000134,0.00628424109891057,0.017096301540732384,0.036939337849617004,-0.028954636305570602,5.080709
0.8733333333333467,0.006391232833266258,0.017022622749209404,0.03731879964470863,-0.028776628896594048,5.080709
0.8741666666666801,0.006470126565545797,0.016922596842050552,0.03764205053448677,-0.02856435813009739,5.080709
0.8750000000000134,0.006521241273730993,0.016797255724668503,0.03791506588459015,-0.028318194672465324,5.080709
0.8758333333333468,0.006545404903590679,0.016650162637233734,0.038143906742334366,-0.02803909033536911,5.080709
0.8766666666666801,0.006546261720359325,0.016488492488861084,0.03835156559944153,-0.027731608599424362,5.080709
0.8775000000000135,0.006529460661113262,0.016299806535243988,0.038528524339199066,-0.02739386074244976,5.080709
0.8783333333333468,0.006496089976280928,0.01607958786189556,0.03866060450673103,-0.027026386931538582,5.080709
0.8791666666666802,0.006445969920605421,0.01583394780755043,0.03875027969479561,-0.026630043983459473,5.080709
0.8800000000000135,0.006379654165357351,0.015567472204566002,0.038797978311777115,-0.02620670758187771,5.080709
0.8808333333333469,0.00629775132983923,0.015281209722161293,0.038804791867733,-0.025758324190974236,5.080709
0.8816666666666803,0.006200807169079781,0.014976375736296177,0.038770679384469986,-0.025285204872488976,5.080709
0.8825000000000136,0.006089411675930023,0.014654196798801422,0.03869512677192688,-0.024787308648228645,5.080709
0.883333333333347,0.005964208394289017,0.014315123669803143,0.03857893496751785,-0.02426762878894806,5.080709
0.8841666666666803,0.005825712811201811,0.01396069023758173,0.038419824093580246,-0.02372504211962223,5.080709
0.8850000000000137,0.0056745558977127075,0.013591538183391094,0.03821966052055359,-0.023161467164754868,5.080709
0.885833333333347,0.005511289928108454,0.013208134099841118,0.03797856345772743,-0.022577714174985886,5.080709
0.8866666666666804,0.005336517933756113,0.012811039574444294,0.03769691661000252,-0.021974220871925354,5.080709
0.8875000000000137,0.005150838289409876,0.012399476952850819,0.037377096712589264,-0.02135063149034977,5.080709
0.8883333333333471,0.004954763688147068,0.011973360553383827,0.037018779665231705,-0.02070769853889942,5.080709
0.8891666666666804,0.004748819395899773,0.011533210054039955,0.03662577643990517,-0.02004624530673027,5.080709
0.8900000000000138,0.004533491097390652,0.011079533025622368,0.036198392510414124,-0.019366219639778137,5.080709
0.8908333333333471,0.004309360403567553,0.010611354373395443,0.03573916107416153,-0.018668193370103836,5.080709
0.8916666666666805,0.00407750066369772,0.010129125788807869,0.035259246826171875,-0.017951028421521187,5.080709
0.8925000000000138,0.003839898621663451,0.009631797671318054,0.03479290381073952,-0.017211465165019035,5.080709
0.8933333333333472,0.0035966665018349886,0.009114805608987808,0.03433931991457939,-0.016454368829727173,5.080709
0.8941666666666805,0.003348903963342309,0.008561694994568825,0.033912502229213715,-0.015682019293308258,5.080709
0.8950000000000139,0.0030983244068920612,0.007941961288452148,0.033538948744535446,-0.014890594407916069,5.080709
0.8958333333333472,0.002853385405614972,0.007338928058743477,0.033142607659101486,-0.01409146562218666,5.080709
0.8966666666666806,0.002634715987369418,0.006837630178779364,0.03252723813056946,-0.01333384308964014,5.080709
0.897500000000014,0.002436359180137515,0.006425030529499054,0.031740378588438034,-0.012641566805541515,5.080709
0.8983333333333473,0.0022620372474193573,0.006089618895202875,0.03083675354719162,-0.012009773403406143,5.080709
0.8991666666666807,0.002108468208462,0.005776150617748499,0.029924755915999413,-0.011428373865783215,5.080709
0.900000000000014,0.0019759517163038254,0.00549288047477603,0.029035819694399834,-0.010907338000833988,5.080709
