Time,Pistoning (suspension_slide),Angle_X,Angle_Y,Angle_Z,Mean_Wall_Time_Sec
0.0005208333333333333,2.2980118956184015e-05,0.0002465858415234834,-8.874131708580535e-06,-6.035598926246166e-05,5.880862
0.0010416666666666667,2.660419158928562e-05,0.00034879642771556973,1.8477301182429073e-06,-8.452780457446352e-05,5.880862
0.0015625,2.9591350539703853e-05,0.0004428576794452965,1.7765234588296153e-05,-0.00010709433990996331,5.880862
0.0020833333333333333,3.243599712732248e-05,0.0005341458017937839,3.075525091844611e-05,-0.00012895825784653425,5.880862
0.0026041666666666665,3.51770177076105e-05,0.0006212504231370986,4.2862462578341365e-05,-0.0001495823380537331,5.880862
0.0031249999999999997,3.78148106392473e-05,0.0007057269685901701,5.492709897225723e-05,-0.00016964545648079365,5.880862
0.003645833333333333,4.034937956021167e-05,0.0007878997130319476,6.639767525484785e-05,-0.00018943521718028933,5.880862
0.004166666666666667,4.279594941181131e-05,0.0008657510043121874,7.808372174622491e-05,-0.00020879050134681165,5.880862
0.0046875,4.512879240792245e-05,0.0009417182300239801,9.0378089225851e-05,-0.00022891802655067295,5.880862
0.005208333333333333,4.736431219498627e-05,0.001015267102047801,0.000102943267847877,-0.00024868070613592863,5.880862
0.005729166666666666,4.95030872116331e-05,0.0010852278210222721,0.00011388223356334493,-0.0002664486819412559,5.880862
0.0062499999999999995,5.1537270337576047e-05,0.001153274322859943,0.00012392581265885383,-0.00028351659420877695,5.880862
0.006770833333333333,5.3486826800508425e-05,0.0012194630689918995,0.00013367611973080784,-0.0003000602882821113,5.880862
0.007291666666666666,5.534998854272999e-05,0.0012840289855375886,0.00014304164506029338,-0.00031652688630856574,5.880862
0.007812499999999999,5.7142569858115166e-05,0.0013454954605549574,0.0001523970131529495,-0.0003322960692457855,5.880862
0.008333333333333333,5.88535622227937e-05,0.0014036752982065082,0.00016112285084091127,-0.0003472181560937315,5.880862
0.008854166666666666,6.035624028299935e-05,0.0014611025108024478,0.00016957876505330205,-0.00036223852657712996,5.880862
0.009375,6.180692435009405e-05,0.0015162837225943804,0.00017772802675608546,-0.00037723188870586455,5.880862
0.009895833333333333,6.319957174127921e-05,0.0015700910007581115,0.00018559258023742586,-0.00039179649320431054,5.880862
0.010416666666666666,6.452996603911743e-05,0.0016197852091863751,0.00019282892753835768,-0.00040576892206445336,5.880862
0.0109375,6.515027052955702e-05,0.0016662057023495436,0.00019504853116814047,-0.00041954824700951576,5.880862
0.011458333333333333,6.572858546860516e-05,0.0017121098935604095,0.00019587203860282898,-0.0004331728268880397,5.880862
0.011979166666666666,6.628387200180441e-05,0.0017568129114806652,0.00019617960788309574,-0.0004462044162210077,5.880862
0.012499999999999999,6.681820377707481e-05,0.0017997538670897484,0.000196464141481556,-0.00045908900210633874,5.880862
0.013020833333333332,6.733099144184962e-05,0.0018403473077341914,0.0001972054596990347,-0.0004713896196335554,5.880862
0.013541666666666665,6.782033597119153e-05,0.0018798556411638856,0.0001976245257537812,-0.0004833271377719939,5.880862
0.014062499999999999,6.829224730608985e-05,0.0019180882954970002,0.0001982315443456173,-0.0004950058646500111,5.880862
0.014583333333333332,6.874225800856948e-05,0.001955453073605895,0.0001986141869565472,-0.0005062527488917112,5.880862
0.015104166666666665,6.91768218530342e-05,0.0019914035219699144,0.00019879575120285153,-0.0005171200609765947,5.880862
0.015624999999999998,6.958949234103784e-05,0.002026638947427273,0.0001990936725633219,-0.0005278420867398381,5.880862
0.01614583333333333,6.99853990226984e-05,0.002060742350295186,0.0001994461053982377,-0.0005380575894378126,5.880862
0.016666666666666666,7.03666009940207e-05,0.0020918897353112698,0.0001992609613807872,-0.000547112780623138,5.880862
0.0171875,7.073234883137047e-05,0.0021222089417278767,0.00019936102034989744,-0.000556735263671726,5.880862
0.017708333333333336,7.108126010280102e-05,0.0021517814602702856,0.0001995148486457765,-0.0005659426678903401,5.880862
0.01822916666666667,7.141251990105957e-05,0.0021808985620737076,0.00019925001834053546,-0.0005747069953940809,5.880862
0.018750000000000006,7.168424053816125e-05,0.0022082470823079348,0.00019858044106513262,-0.0005827930872328579,5.880862
0.01927083333333334,7.194463250925764e-05,0.002234794432297349,0.00019814199185930192,-0.0005909640458412468,5.880862
0.019791666666666676,7.219986582640558e-05,0.0022606546990573406,0.0001976532075786963,-0.0005987504846416414,5.880862
0.02031250000000001,7.244488369906321e-05,0.0022858246229588985,0.00019735431123990566,-0.0006061859894543886,5.880862
0.020833333333333346,7.267521868925542e-05,0.0023090606555342674,0.00019707868341356516,-0.0006134399445727468,5.880862
0.02135416666666668,7.289915083674714e-05,0.0023312915582209826,0.00019761381554417312,-0.0006206522230058908,5.880862
0.021875000000000016,7.31121253920719e-05,0.002353279385715723,0.0001978167420020327,-0.0006274529150687158,5.880862
0.02239583333333335,7.331452070502564e-05,0.0023741035256534815,0.00019789685029536486,-0.0006338703678920865,5.880862
0.022916666666666686,7.351396197918802e-05,0.002392725320532918,0.00019798525318037719,-0.0006397531251423061,5.880862
0.02343750000000002,7.370676758000627e-05,0.002408370142802596,0.00019822639296762645,-0.0006445473409257829,5.880862
0.023958333333333356,7.38933085813187e-05,0.002422797493636608,0.00019840197637677193,-0.0006492941174656153,5.880862
0.02447916666666669,7.406714576063678e-05,0.0024371615145355463,0.0001984967093449086,-0.0006538297748193145,5.880862
0.025000000000000026,7.424192153848708e-05,0.00245152716524899,0.00019867665832862258,-0.0006582002388313413,5.880862
0.02552083333333336,7.440642366418615e-05,0.0024655358865857124,0.00019902674830518663,-0.0006627751281484962,5.880862
0.026041666666666696,7.456210005329922e-05,0.0024792433250695467,0.0001992007892113179,-0.0006671967566944659,5.880862
0.02656250000000003,7.47131634852849e-05,0.002492355415597558,0.00019924990192521363,-0.0006713240873068571,5.880862
0.027083333333333365,7.485709647880867e-05,0.002505491254851222,0.00019932158465962857,-0.000675429415423423,5.880862
0.0276041666666667,7.49606333556585e-05,0.002517550252377987,0.0001994080375880003,-0.000679219258017838,5.880862
0.028125000000000035,7.506815018132329e-05,0.002529608551412821,0.0001997030631173402,-0.0006833409424871206,5.880862
0.02864583333333337,7.517093035858124e-05,0.0025411327369511127,0.00019973033340647817,-0.0006869669887237251,5.880862
0.029166666666666705,7.526967237936333e-05,0.0025522673968225718,0.00019943925144616514,-0.0006905008922331035,5.880862
0.02968750000000004,7.536187331425026e-05,0.002563759218901396,0.0001994716003537178,-0.0006940124440006912,5.880862
0.030208333333333375,7.544306572526693e-05,0.002574893878772855,0.00019943149527534842,-0.0006977341254241765,5.880862
0.03072916666666671,7.552612805739045e-05,0.0025854874402284622,0.0001989826705539599,-0.000700770877301693,5.880862
0.03125000000000004,7.560160884167999e-05,0.0025954535230994225,0.00019896433514077216,-0.0007039919728413224,5.880862
0.03177083333333337,7.567811553599313e-05,0.002605062210932374,0.00019862022600136697,-0.0007070810534060001,5.880862
0.032291666666666705,7.57219604565762e-05,0.002614339580759406,0.00019850816170219332,-0.0007099250797182322,5.880862
0.032812500000000036,7.575972267659381e-05,0.0026224821340292692,0.00019834745035041124,-0.0007126500131562352,5.880862
0.03333333333333337,7.580201054224744e-05,0.002631042618304491,0.0001983677939279005,-0.0007154102204367518,5.880862
0.0338541666666667,7.584013656014577e-05,0.0026392710860818624,0.00019788935605902225,-0.0007179497624747455,5.880862
0.03437500000000003,7.587670552311465e-05,0.0026478313375264406,0.00019787556084338576,-0.0007205927395261824,5.880862
0.03489583333333336,7.587858272017911e-05,0.0026558521203696728,0.0001976304774871096,-0.0007229652837850153,5.880862
0.035416666666666693,7.588643347844481e-05,0.002664016094058752,0.00019726547179743648,-0.0007253975491039455,5.880862
0.035937500000000025,7.589261804241687e-05,0.00267200730741024,0.00019707360479515046,-0.000728010549210012,5.880862
0.036458333333333356,7.590041059302166e-05,0.0026800846680998802,0.00019670210895128548,-0.0007305899052880704,5.880862
0.03697916666666669,7.590837049065158e-05,0.002687776228412986,0.00019656475342344493,-0.0007332034292630851,5.880862
0.03750000000000002,7.591520989080891e-05,0.0026949564926326275,0.00019647688895929605,-0.0007354391273111105,5.880862
0.03802083333333335,7.592108886456117e-05,0.002701725345104933,0.00019668204186018556,-0.000738029251806438,5.880862
0.03854166666666668,7.59246977395378e-05,0.0027087286580353975,0.0001965054398169741,-0.0007402586634270847,5.880862
0.039062500000000014,7.592165638925508e-05,0.0027153082191944122,0.00019632007752079517,-0.000742016767617315,5.880862
0.039583333333333345,7.592076144646853e-05,0.002721588360145688,0.00019595834601204842,-0.0007440211484208703,5.880862
0.04010416666666668,7.591464964207262e-05,0.0027277565095573664,0.00019609650189522654,-0.000746021163649857,5.880862
0.04062500000000001,7.590573659399524e-05,0.0027341044042259455,0.00019636048818938434,-0.0007484739762730896,5.880862
0.04114583333333334,7.590006134705618e-05,0.002740150550380349,0.00019634321506600827,-0.0007505898247472942,5.880862
0.04166666666666667,7.588599692098796e-05,0.00274658459238708,0.0001962787500815466,-0.0007528894930146635,5.880862
0.0421875,7.58685200707987e-05,0.002752302447333932,0.0001964656839845702,-0.0007549509755335748,5.880862
0.042708333333333334,7.582669059047475e-05,0.002758496208116412,0.00019627049914561212,-0.0007570725865662098,5.880862
0.043229166666666666,7.578193617518991e-05,0.0027644201181828976,0.00019625041750259697,-0.0007593120099045336,5.880862
0.04375,7.573774928459898e-05,0.00276992772705853,0.00019620264356490225,-0.0007609387976117432,5.880862
0.04427083333333333,7.569777517346665e-05,0.0027751349844038486,0.00019621444516815245,-0.0007628828170709312,5.880862
0.04479166666666666,7.565724081359804e-05,0.0027804041747003794,0.00019636450451798737,-0.0007646590820513666,5.880862
0.04531249999999999,7.560489029856399e-05,0.0027852801140397787,0.00019636692013591528,-0.0007662005955353379,5.880862
0.04583333333333332,7.555750926258042e-05,0.002790217287838459,0.00019631197210401297,-0.0007680334965698421,5.880862
0.046354166666666655,7.5508862209972e-05,0.0027952168602496386,0.00019673163478728384,-0.0007695881649851799,5.880862
0.046874999999999986,7.546372944489121e-05,0.002799796871840954,0.00019735051319003105,-0.0007714040693826973,5.880862
0.04739583333333332,7.541154627688229e-05,0.00280395639128983,0.00019737056572921574,-0.000772714673075825,5.880862
0.04791666666666665,7.535885379184037e-05,0.002808057237416506,0.00019739268464036286,-0.0007740784203633666,5.880862
0.04843749999999998,7.531385926995426e-05,0.002811944345012307,0.00019727689505089074,-0.0007756782579235733,5.880862
0.04895833333333331,7.526281842729077e-05,0.0028160172514617443,0.00019748153863474727,-0.0007770476513542235,5.880862
0.049479166666666644,7.521816587541252e-05,0.002819669432938099,0.00019754738605115563,-0.0007786461501382291,5.880862
0.049999999999999975,7.51740371924825e-05,0.0028234426863491535,0.00019785604672506452,-0.0007802826003171504,5.880862
0.050520833333333307,7.512514275731519e-05,0.002827034331858158,0.0001978476793738082,-0.0007817079895175993,5.880862
0.05104166666666664,7.507280679419637e-05,0.002830507466569543,0.0001978603540919721,-0.0007830099202692509,5.880862
0.05156249999999997,7.502731750719249e-05,0.002834338927641511,0.00019805048941634595,-0.0007844659849070013,5.880862
0.0520833333333333,7.497250771848485e-05,0.0028379601426422596,0.00019800520385615528,-0.0007861297926865518,5.880862
0.05260416666666663,7.492273289244622e-05,0.0028414966072887182,0.00019834135309793055,-0.0007875808514654636,5.880862
0.053124999999999964,7.487320544896647e-05,0.0028447904624044895,0.0001982391841011122,-0.0007890267297625542,5.880862
0.053645833333333295,7.481698412448168e-05,0.0028480018954724073,0.00019855127902701497,-0.0007906789542175829,5.880862
0.05416666666666663,7.4758158007171e-05,0.0028515360318124294,0.00019883798086084425,-0.00079207873204723,5.880862
0.05468749999999996,7.46750010875985e-05,0.002855245489627123,0.00019884863286279142,-0.0007935363682918251,5.880862
0.05520833333333329,7.459089101757854e-05,0.002858988242223859,0.0001992132019950077,-0.0007949079154059291,5.880862
0.05572916666666662,7.450515840901062e-05,0.0028626658022403717,0.00019916352175641805,-0.000796452397480607,5.880862
0.05624999999999995,7.441987690981477e-05,0.0028660765383392572,0.00019888328097295016,-0.0007975466432981193,5.880862
0.056770833333333284,7.432607526425272e-05,0.002869759686291218,0.00019912650168407708,-0.0007993832696229219,5.880862
0.057291666666666616,7.436539453919977e-05,0.002874012105166912,0.00019923016952816397,-0.0008005065028555691,5.880862
0.05781249999999995,7.426786760333925e-05,0.0028772447258234024,0.00019938543846365064,-0.0008021972025744617,5.880862
0.05833333333333328,7.430847472278401e-05,0.002881406806409359,0.0001996794599108398,-0.0008030644967220724,5.880862
0.05885416666666661,7.421378541039303e-05,0.002884909510612488,0.00020003694226033986,-0.0008047677692957222,5.880862
0.05937499999999994,7.411691331071779e-05,0.0028882899787276983,0.00020019141084048897,-0.000806197349447757,5.880862
0.05989583333333327,7.402447226922959e-05,0.0028911989647895098,0.00020069793390575796,-0.0008076624944806099,5.880862
0.060416666666666605,7.393360283458605e-05,0.002894400618970394,0.00020075948850717396,-0.0008088269387371838,5.880862
0.060937499999999936,7.38371818442829e-05,0.0028972458094358444,0.00020102894632145762,-0.000810076657216996,5.880862
0.06145833333333327,7.374655979219824e-05,0.002900209976360202,0.00020132884674239904,-0.0008110962226055562,5.880862
0.0619791666666666,7.365026976913214e-05,0.0029030204750597477,0.00020161931752227247,-0.0008119092672131956,5.880862
0.06249999999999993,7.355267007369548e-05,0.0029051490128040314,0.0002017289079958573,-0.000813134596683085,5.880862
0.06302083333333326,7.345638732658699e-05,0.0029077506624162197,0.00020248984219506383,-0.0008141143480315804,5.880862
0.0635416666666666,7.336497219512239e-05,0.002910112962126732,0.00020269094966351986,-0.0008147542248480022,5.880862
0.06406249999999993,7.326317427214235e-05,0.002912273397669196,0.00020324466458987445,-0.0008160399738699198,5.880862
0.06458333333333326,7.316369010368362e-05,0.002914337208494544,0.00020331663836259395,-0.0008168605854734778,5.880862
0.06510416666666659,7.306708721444011e-05,0.002916370751336217,0.00020365967066027224,-0.0008177119307219982,5.880862
0.06562499999999992,7.296368858078495e-05,0.0029181959107518196,0.00020384855451993644,-0.0008188794599846005,5.880862
0.06614583333333325,7.285874744411558e-05,0.0029202939476817846,0.00020432972814887762,-0.000820081913843751,5.880862
0.06666666666666658,7.276320684468374e-05,0.002921969396993518,0.0002045867731794715,-0.0008206327329389751,5.880862
0.06718749999999991,7.265829481184483e-05,0.002923858817666769,0.00020486807625275105,-0.0008218359434977174,5.880862
0.06770833333333325,7.255716627696529e-05,0.002925833687186241,0.0002052372001344338,-0.0008227395010180771,5.880862
0.06822916666666658,7.245306915137917e-05,0.0029275387059897184,0.0002055714576272294,-0.000823414942715317,5.880862
0.06874999999999991,7.234776421682909e-05,0.0029294854030013084,0.00020615424728021026,-0.0008243622723966837,5.880862
0.06927083333333324,7.224691944429651e-05,0.0029311920516192913,0.00020627643971238285,-0.0008253278210759163,5.880862
0.06979166666666657,7.214597280835733e-05,0.002932899631559849,0.0002066739834845066,-0.0008260314934886992,5.880862
0.0703124999999999,7.20444368198514e-05,0.002934570424258709,0.0002062939020106569,-0.0008266342920251191,5.880862
0.07083333333333323,7.194037607405335e-05,0.002936366945505142,0.0002066040615318343,-0.0008275079890154302,5.880862
0.07135416666666657,7.182935951277614e-05,0.0029384035151451826,0.00020706489158328623,-0.0008286845404654741,5.880862
0.0718749999999999,7.178773375926539e-05,0.002940921578556299,0.00020751588454004377,-0.000829495897050947,5.880862
0.07239583333333323,7.175633800216019e-05,0.002943619852885604,0.00020772368588950485,-0.0008306021918542683,5.880862
0.07291666666666656,7.171215838752687e-05,0.0029462550301104784,0.00020822575606871396,-0.0008314811275340617,5.880862
0.07343749999999989,7.160597306210548e-05,0.002947721630334854,0.00020852882880717516,-0.0008322459179908037,5.880862
0.07395833333333322,7.149951852625236e-05,0.0029492825269699097,0.0002090412308461964,-0.0008334771264344454,5.880862
0.07447916666666655,7.139859371818602e-05,0.002950865076854825,0.00020923079864587635,-0.0008341176435351372,5.880862
0.07499999999999989,7.128698780434206e-05,0.0029523647390305996,0.00020959490211680532,-0.0008348521660082042,5.880862
0.07552083333333322,7.118382200133055e-05,0.002953651826828718,0.0002098433906212449,-0.0008354376768693328,5.880862
0.07604166666666655,7.107897545211017e-05,0.0029550264589488506,0.00020973225764464587,-0.0008359614294022322,5.880862
0.07656249999999988,7.097435445757583e-05,0.00295679341070354,0.0002099729172186926,-0.0008372497395612299,5.880862
0.07708333333333321,7.086867844918743e-05,0.00295829214155674,0.00021051510702818632,-0.0008381336810998619,5.880862
0.07760416666666654,7.075673784129322e-05,0.0029601724818348885,0.00021061459847260267,-0.0008387769339606166,5.880862
0.07812499999999988,7.064730016281828e-05,0.002961609745398164,0.00021088372159283608,-0.0008399835205636919,5.880862
0.0786458333333332,7.053773879306391e-05,0.0029629888013005257,0.0002111860812874511,-0.0008408897556364536,5.880862
0.07916666666666654,7.042801007628441e-05,0.0029643073212355375,0.00021154806017875671,-0.0008415988995693624,5.880862
0.07968749999999987,7.031600398477167e-05,0.0029655967373400927,0.0002118257398251444,-0.0008422468090429902,5.880862
0.0802083333333332,7.027828542049974e-05,0.0029684724286198616,0.0002123030717484653,-0.0008432087488472462,5.880862
0.08072916666666653,7.016697782091796e-05,0.002969757653772831,0.00021245576499495655,-0.0008438846562057734,5.880862
0.08124999999999986,7.005665975157171e-05,0.002971105510368943,0.00021296374325174838,-0.0008447336149401963,5.880862
0.0817708333333332,6.994844443397596e-05,0.0029724230989813805,0.0002131215005647391,-0.0008452630136162043,5.880862
0.08229166666666653,6.983971979934722e-05,0.002973681315779686,0.0002134594542440027,-0.0008460573735646904,5.880862
0.08281249999999986,6.972612027311698e-05,0.00297511531971395,0.00021349290909711272,-0.0008466125000268221,5.880862
0.08333333333333319,6.968122761463746e-05,0.0029772429261356592,0.00021392460621427745,-0.0008474306087009609,5.880862
0.08385416666666652,6.956829747650772e-05,0.0029785875231027603,0.0002139892749255523,-0.0008478658855892718,5.880862
0.08437499999999985,6.945050699869171e-05,0.002979875076562166,0.0002144725585822016,-0.0008483721176162362,5.880862
0.08489583333333318,6.940950697753578e-05,0.0029818546026945114,0.00021500005095731467,-0.0008493332425132394,5.880862
0.08541666666666652,6.928951188456267e-05,0.0029831426218152046,0.0002152733359253034,-0.0008498908719047904,5.880862
0.08593749999999985,6.925139314262196e-05,0.0029853309970349073,0.00021539379667956382,-0.0008504071738570929,5.880862
0.08645833333333318,6.913615652592853e-05,0.00298691145144403,0.00021557259606197476,-0.0008508473401889205,5.880862
0.08697916666666651,6.908386421855539e-05,0.002988683758303523,0.00021607032977044582,-0.0008518698159605265,5.880862
0.08749999999999984,6.8970701249782e-05,0.00299003254622221,0.00021670192654710263,-0.0008526673191227019,5.880862
0.08802083333333317,6.885512266308069e-05,0.0029914414044469595,0.00021715473849326372,-0.0008532906067557633,5.880862
0.0885416666666665,6.881732406327501e-05,0.0029938416555523872,0.0002177397982450202,-0.0008542562718503177,5.880862
0.08906249999999984,6.870392826385796e-05,0.0029953059274703264,0.00021819256653543562,-0.0008549934136681259,5.880862
0.08958333333333317,6.858166307210922e-05,0.0029962959233671427,0.0002183537872042507,-0.0008552222861908376,5.880862
0.0901041666666665,6.854679668322206e-05,0.0029986330773681402,0.00021882379951421171,-0.0008557418477721512,5.880862
0.09062499999999983,6.84221595292911e-05,0.002999921329319477,0.00021927589841652662,-0.0008565710159018636,5.880862
0.09114583333333316,6.837971886852756e-05,0.0030017790850251913,0.00021929679496679455,-0.0008572550141252577,5.880862
0.0916666666666665,6.826133176218718e-05,0.003002946963533759,0.0002196246787207201,-0.0008579899440519512,5.880862
0.09218749999999983,6.813880463596433e-05,0.003004205645993352,0.00021998798183631152,-0.0008584586321376264,5.880862
0.09270833333333316,6.809340993640944e-05,0.0030063041485846043,0.00022048503160476685,-0.0008595103863626719,5.880862
0.09322916666666649,6.797213427489623e-05,0.0030071462970227003,0.00022081933275330812,-0.0008601266308687627,5.880862
0.09374999999999982,6.792880594730377e-05,0.0030095106922090054,0.0002215517743024975,-0.0008607750060036778,5.880862
0.09427083333333315,6.780794501537457e-05,0.0030107973143458366,0.00022179385996423662,-0.000861512846313417,5.880862
0.09479166666666648,6.776351074222475e-05,0.003012897213920951,0.00022226109285838902,-0.0008622714667581022,5.880862
0.09531249999999981,6.763833516743034e-05,0.0030141265597194433,0.00022270881163422018,-0.000863009481690824,5.880862
0.09583333333333315,6.759493408026174e-05,0.003016074886545539,0.00022320081188809127,-0.0008637132123112679,5.880862
0.09635416666666648,6.747136649210006e-05,0.0030173317063599825,0.00022330039064399898,-0.000864502158947289,5.880862
0.09687499999999981,6.742052937624976e-05,0.003019097726792097,0.00022390448430087417,-0.0008650669478811324,5.880862
0.09739583333333314,6.730433233315125e-05,0.003020443022251129,0.00022408900258596987,-0.0008655938436277211,5.880862
0.09791666666666647,6.725205457769334e-05,0.003021643031388521,0.00022440355678554624,-0.0008660305757075548,5.880862
0.0984374999999998,6.713462789775804e-05,0.0030229000840336084,0.0002249399694846943,-0.0008668584050610662,5.880862
0.09895833333333313,6.700822996208444e-05,0.003024251665920019,0.00022530129353981465,-0.0008676538709551096,5.880862
0.09947916666666647,6.696589116472751e-05,0.003026434686034918,0.00022564934624824673,-0.0008682376355864108,5.880862
0.0999999999999998,6.68438442517072e-05,0.0030276032630354166,0.00022609914594795555,-0.0008684449712745845,5.880862
0.10052083333333313,6.678402132820338e-05,0.0030291916336864233,0.0002263526985188946,-0.0008689967799000442,5.880862
0.10104166666666646,6.666080298600718e-05,0.0030308051500469446,0.00022682882263325155,-0.0008700569742359221,5.880862
0.10156249999999979,6.660907092737034e-05,0.0030319178476929665,0.00022714205260854214,-0.000870525895152241,5.880862
0.10208333333333312,6.648904673056677e-05,0.003032938577234745,0.0002276274171890691,-0.0008711679838597775,5.880862
0.10260416666666645,6.635918543906882e-05,0.0030341085512191057,0.0002280445914948359,-0.0008718750905245543,5.880862
0.10312499999999979,6.631184078287333e-05,0.003036384005099535,0.00022860128956381232,-0.000872671720571816,5.880862
0.10364583333333312,6.618858606088907e-05,0.0030377607326954603,0.00022902360069565475,-0.0008730024565011263,5.880862
0.10416666666666645,6.613707955693826e-05,0.003039287170395255,0.0002293019206263125,-0.0008734706207178533,5.880862
0.10468749999999978,6.601539644179866e-05,0.00304051605053246,0.00022975400497671217,-0.0008741786587052047,5.880862
0.10520833333333311,6.596474850084633e-05,0.003042106283828616,0.00023003875685390085,-0.0008747259271331131,5.880862
0.10572916666666644,6.583653157576919e-05,0.003043124917894602,0.00023037375649437308,-0.000875367084518075,5.880862
0.10624999999999978,6.57956552458927e-05,0.0030450427439063787,0.00023108355526346713,-0.0008755464805290103,5.880862
0.1067708333333331,6.566568481503054e-05,0.00304656894877553,0.00023146960302256048,-0.0008762283832766116,5.880862
0.10729166666666644,6.562173075508326e-05,0.003048424143344164,0.00023178780975285918,-0.0008767255349084735,5.880862
0.10781249999999977,6.549987301696092e-05,0.003049950348213315,0.00023202344891615212,-0.0008775754831731319,5.880862
0.1083333333333331,6.542417395394295e-05,0.0030513587407767773,0.0002323955559404567,-0.0008781942306086421,5.880862
0.10885416666666643,6.531058897962794e-05,0.0030528539791703224,0.00023260133457370102,-0.0008789303828962147,5.880862
0.10937499999999976,6.518461304949597e-05,0.003053842345252633,0.0002327866095583886,-0.0008795683388598263,5.880862
0.1098958333333331,6.511034007417038e-05,0.0030555175617337227,0.00023295149730984122,-0.00087979924865067,5.880862
0.11041666666666643,6.498448055936024e-05,0.0030566854402422905,0.0002333141746930778,-0.0008805899415165186,5.880862
0.11093749999999976,6.49275170871988e-05,0.0030584835913032293,0.00023370962298940867,-0.0008812081650830805,5.880862
0.11145833333333309,6.480290903709829e-05,0.0030599208548665047,0.0002341624058317393,-0.0008818006026558578,5.880862
0.11197916666666642,6.477689021266997e-05,0.0030619006138294935,0.00023469133884645998,-0.0008822915842756629,5.880862
0.11249999999999975,6.469111394835636e-05,0.003063399810343981,0.00023532082559540868,-0.0008831493323668838,5.880862
0.11302083333333308,6.457616109400988e-05,0.003064599819481373,0.00023550399055238813,-0.000883909990079701,5.880862
0.11354166666666642,6.445701728807762e-05,0.003065945114940405,0.00023604693706147373,-0.0008843581308610737,5.880862
0.11406249999999975,6.435735122067854e-05,0.0030675872694700956,0.00023611383221577853,-0.0008851466118358076,5.880862
0.11458333333333308,6.422428850783035e-05,0.003069054801017046,0.00023661907471250743,-0.0008857445791363716,5.880862
0.11510416666666641,6.415723328245804e-05,0.003070586360991001,0.00023717712610960007,-0.0008864753763191402,5.880862
0.11562499999999974,6.402529834304005e-05,0.0030720510985702276,0.00023753980349283665,-0.0008871828322298825,5.880862
0.11614583333333307,6.395436503225937e-05,0.0030738525092601776,0.00023808499099686742,-0.0008877439540810883,5.880862
0.1166666666666664,6.382727588061243e-05,0.003075018059462309,0.000238300024648197,-0.0008884412818588316,5.880862
0.11718749999999974,6.376181408995762e-05,0.0030769072473049164,0.00023884951951913536,-0.0008891214965842664,5.880862
0.11770833333333307,6.363323336699978e-05,0.0030781675595790148,0.00023933143529575318,-0.0008898296509869397,5.880862
0.1182291666666664,6.355466757668182e-05,0.0030791829340159893,0.0002394251641817391,-0.0008902965346351266,5.880862
0.11874999999999973,6.342100095935166e-05,0.003080295166000724,0.00023999721452128142,-0.0008910080650821328,5.880862
0.11927083333333306,6.339028914226219e-05,0.0030823368579149246,0.00024061341537162662,-0.0008918814128264785,5.880862
0.1197916666666664,6.331613258225843e-05,0.003083472838625312,0.00024070788640528917,-0.0008921432890929282,5.880862
0.12031249999999973,6.320035754470155e-05,0.003084939206019044,0.00024094355467241257,-0.0008929650648497045,5.880862
0.12083333333333306,6.308400770649314e-05,0.0030860481783747673,0.0002413076435914263,-0.0008936692611314356,5.880862
0.12135416666666639,6.296845822362229e-05,0.003087306395173073,0.00024145824136212468,-0.0008947548340074718,5.880862
0.12187499999999972,6.285138806561008e-05,0.0030888908077031374,0.00024200620828196406,-0.0008952330099418759,5.880862
0.12239583333333305,6.273549661273137e-05,0.003090177895501256,0.00024251420109067112,-0.0008959420956671238,5.880862
0.12291666666666638,6.261728412937373e-05,0.003091405611485243,0.00024278885393869132,-0.0008964689914137125,5.880862
0.12343749999999971,6.24994863756001e-05,0.0030926032923161983,0.00024291244335472584,-0.000897057238034904,5.880862
0.12395833333333305,6.23777523287572e-05,0.0030937413685023785,0.00024321620003320277,-0.0008977869874797761,5.880862
0.12447916666666638,6.230948201846331e-05,0.003094819374382496,0.0002433441550238058,-0.0008982291910797358,5.880862
0.12499999999999971,6.219294300535694e-05,0.003095987718552351,0.000243701710132882,-0.0008988717454485595,5.880862
0.12552083333333305,6.207518163137138e-05,0.003097245702520013,0.00024406440206803381,-0.0008996975957415998,5.880862
0.12604166666666639,6.19550482952036e-05,0.0030984729528427124,0.0002443369885440916,-0.0009005473693832755,5.880862
0.12656249999999972,6.184118683449924e-05,0.003099642926827073,0.00024452083744108677,-0.0009013054077513516,5.880862
0.12708333333333305,6.172006396809593e-05,0.003100692294538021,0.00024524531909264624,-0.0009019538410939276,5.880862
0.12760416666666638,6.159691110951826e-05,0.0031020401511341333,0.00024578755255788565,-0.0009026959887705743,5.880862
0.1281249999999997,6.150252738734707e-05,0.0031031200196594,0.0002458501257933676,-0.0009031938388943672,5.880862
0.12864583333333304,6.138833123259246e-05,0.00310425809584558,0.0002461531839799136,-0.0009038083371706307,5.880862
0.12916666666666637,6.126696825958788e-05,0.003105571260675788,0.0002461334515828639,-0.000904214393813163,5.880862
0.1296874999999997,6.113991548772901e-05,0.0031067999079823494,0.00024640103220008314,-0.0009049185900948942,5.880862
0.13020833333333304,6.1025129980407655e-05,0.003107967786490917,0.00024691547150723636,-0.0009057145216502249,5.880862
0.13072916666666637,6.089960515964776e-05,0.003109406214207411,0.0002472157939337194,-0.0009065428748726845,5.880862
0.1312499999999997,6.0806210967712104e-05,0.003110720543190837,0.00024751678574830294,-0.0009070793748833239,5.880862
0.13177083333333303,6.06886824243702e-05,0.0031120097264647484,0.0002479383547324687,-0.0009077865397557616,5.880862
0.13229166666666636,6.0564336308743805e-05,0.003113233018666506,0.00024806399596855044,-0.0009083424229174852,5.880862
0.1328124999999997,6.044032852514647e-05,0.0031145785469561815,0.00024827694869600236,-0.0009088726947084069,5.880862
0.13333333333333303,6.03172775299754e-05,0.003115895902737975,0.0002486403682269156,-0.0009094924898818135,5.880862
0.13385416666666636,6.020036380505189e-05,0.0031170365400612354,0.00024903277517296374,-0.0009104281780309975,5.880862
0.1343749999999997,6.007255433360115e-05,0.0031181774102151394,0.00024951473460532725,-0.0009113145060837269,5.880862
0.13489583333333302,6.003034286550246e-05,0.003119765780866146,0.00025018767337314785,-0.0009114986169151962,5.880862
0.13541666666666635,5.995237370370887e-05,0.003120729699730873,0.00025055609876289964,-0.0009120245813392103,5.880862
0.13593749999999968,5.983194205327891e-05,0.003121807239949703,0.0002508598263375461,-0.0009125809883698821,5.880862
0.13645833333333302,5.971124119241722e-05,0.0031230952590703964,0.0002510146296117455,-0.0009134800056926906,5.880862
0.13697916666666635,5.958923065918498e-05,0.003124438924714923,0.00025116727920249104,-0.0009138379828073084,5.880862
0.13749999999999968,5.947130921413191e-05,0.0031257537193596363,0.000251558143645525,-0.0009141610353253782,5.880862
0.138020833333333,5.934755608905107e-05,0.0031273108907043934,0.00025195296620950103,-0.0009151394478976727,5.880862
0.13854166666666634,5.922307536820881e-05,0.003128805896267295,0.00025216449284926057,-0.0009159941109828651,5.880862
0.13906249999999967,5.9101334045408294e-05,0.0031296773813664913,0.0002526135940570384,-0.0009166648960672319,5.880862
0.139583333333333,5.898051676922478e-05,0.0031309048645198345,0.00025292386999353766,-0.0009170494740828872,5.880862
0.14010416666666634,5.8857458498096094e-05,0.003132222220301628,0.0002531666250433773,-0.0009176956955343485,5.880862
0.14062499999999967,5.873617919860408e-05,0.003133361227810383,0.0002533497754484415,-0.00091857451479882,5.880862
0.141145833333333,5.860849705641158e-05,0.0031347961630672216,0.00025362599990330637,-0.0009193966980092227,5.880862
0.14166666666666633,5.852075992152095e-05,0.0031357863917946815,0.00025398432626388967,-0.0009201314533129334,5.880862
0.14218749999999966,5.840030644321814e-05,0.003137339139357209,0.00025428878143429756,-0.0009203413501381874,5.880862
0.142708333333333,5.8277826610719785e-05,0.0031385652255266905,0.00025453732814639807,-0.0009209328563883901,5.880862
0.14322916666666632,5.815264012198895e-05,0.0031397035345435143,0.00025481198099441826,-0.0009215449099428952,5.880862
0.14374999999999966,5.806564149679616e-05,0.003140723332762718,0.00025531998835504055,-0.0009219870553351939,5.880862
0.144270833333333,5.794619573862292e-05,0.003141889115795493,0.0002554137317929417,-0.0009225701214745641,5.880862
0.14479166666666632,5.783094820799306e-05,0.0031433841213583946,0.00025565651594661176,-0.0009230450377799571,5.880862
0.14531249999999965,5.770745701738633e-05,0.003144670743495226,0.00025589930010028183,-0.0009237523772753775,5.880862
0.14583333333333298,5.758212137152441e-05,0.0031460176687687635,0.0002560861757956445,-0.0009245748515240848,5.880862
0.1463541666666663,5.745987800764851e-05,0.003147274721413851,0.0002564139140304178,-0.0009254519245587289,5.880862
0.14687499999999964,5.733509533456527e-05,0.003148741088807583,0.0002566008479334414,-0.0009261893574148417,5.880862
0.14739583333333298,5.721220441046171e-05,0.003150027710944414,0.00025687989545986056,-0.0009266625274904072,5.880862
0.1479166666666663,5.708983007934876e-05,0.003151224460452795,0.0002571792574599385,-0.0009271885501220822,5.880862
0.14843749999999964,5.69626317883376e-05,0.003152392106130719,0.00025737026589922607,-0.0009275989141315222,5.880862
0.14895833333333297,5.685199721483514e-05,0.0031536200549453497,0.0002577024861238897,-0.000928305322304368,5.880862
0.1494791666666663,5.6739005231065676e-05,0.0031548156403005123,0.00025788633502088487,-0.0009288611472584307,5.880862
0.14999999999999963,5.662647163262591e-05,0.0031563120428472757,0.000258368905633688,-0.0009295992203988135,5.880862
0.15052083333333297,5.6511315051466227e-05,0.0031573884189128876,0.00025861518224701285,-0.0009298373479396105,5.880862
0.1510416666666663,5.638794391416013e-05,0.003158406587317586,0.00025883226771838963,-0.0009301215759478509,5.880862
0.15156249999999963,5.626237179967575e-05,0.003159601939842105,0.0002588742645457387,-0.000930348876863718,5.880862
0.15208333333333296,5.613312168861739e-05,0.003161067608743906,0.0002592893724795431,-0.0009313260088674724,5.880862
0.1526041666666663,5.603536556009203e-05,0.003162000561133027,0.00025959318736568093,-0.0009320840472355485,5.880862
0.15312499999999962,5.591021181317046e-05,0.003163376357406378,0.00025984100648202,-0.0009326472645625472,5.880862
0.15364583333333295,5.578573836828582e-05,0.003164516296237707,0.000260229135164991,-0.0009334383648820221,5.880862
0.15416666666666629,5.565414176089689e-05,0.0031656548380851746,0.00026053149485960603,-0.0009340826072730124,5.880862
0.15468749999999962,5.555526149692014e-05,0.003166526323184371,0.0002610503288451582,-0.0009346148581244051,5.880862
0.15520833333333295,5.54315083718393e-05,0.003167783608660102,0.00026120300753973424,-0.000935173302423209,5.880862
0.15572916666666628,5.5319360399153084e-05,0.0031690136529505253,0.0002617465506773442,-0.0009359617833979428,5.880862
0.1562499999999996,5.520409467862919e-05,0.0031704199500381947,0.0002617234131321311,-0.0009368423488922417,5.880862
0.15677083333333294,5.5080010497476906e-05,0.003171587362885475,0.00026202647131867707,-0.0009375156369060278,5.880862
0.15729166666666627,5.4953783546807244e-05,0.003172816475853324,0.00026214358513243496,-0.0009384226868860424,5.880862
0.1578124999999996,5.486041118274443e-05,0.0031737182289361954,0.0002626580826472491,-0.0009390347986482084,5.880862
0.15833333333333294,5.474227145896293e-05,0.003174615791067481,0.00026281143072992563,-0.0009395073866471648,5.880862
0.15885416666666627,5.4627424106001854e-05,0.003175996709614992,0.000263412541244179,-0.0009403920848853886,5.880862
0.1593749999999996,5.4499192629009485e-05,0.0031776088289916515,0.0002634497359395027,-0.0009408115292899311,5.880862
0.15989583333333293,5.437437357613817e-05,0.003179013030603528,0.0002637825964484364,-0.0009415460517629981,5.880862
0.16041666666666626,5.425473864306696e-05,0.003179944586008787,0.0002639963058754802,-0.0009419569978490472,5.880862
0.1609374999999996,5.412786049419083e-05,0.0031809909269213676,0.0002642759936861694,-0.0009421904687769711,5.880862
0.16145833333333293,5.4004325647838414e-05,0.003182073822245002,0.0002647578658070415,-0.0009433052036911249,5.880862
0.16197916666666626,5.388536737882532e-05,0.0031833595130592585,0.0002648218360263854,-0.0009438031120225787,5.880862
0.1624999999999996,5.3771342209074646e-05,0.00318452762439847,0.00026512559270486236,-0.0009443888557143509,5.880862
0.16302083333333292,5.364605749491602e-05,0.003185753244906664,0.00026549611357040703,-0.0009447417687624693,5.880862
0.16354166666666625,5.352825974114239e-05,0.003187010996043682,0.0002655949501786381,-0.0009452406084164977,5.880862
0.16406249999999958,5.3405707149067894e-05,0.003188390051946044,0.00026604707818478346,-0.0009460383444093168,5.880862
0.16458333333333292,5.329099076334387e-05,0.003189228707924485,0.00026620179414749146,-0.0009463820024393499,5.880862
0.16510416666666625,5.315767339197919e-05,0.003190190065652132,0.0002664743806235492,-0.0009469707729294896,5.880862
0.16562499999999958,5.307580067892559e-05,0.003191028954461217,0.0002668384404387325,-0.0009473523241467774,5.880862
0.1661458333333329,5.2949315431760624e-05,0.003192019648849964,0.0002670897520147264,-0.0009479330619797111,5.880862
0.16666666666666624,5.2829866035608575e-05,0.0031928301323205233,0.00026730846730060875,-0.0009483411558903754,5.880862
0.16718749999999957,5.269911343930289e-05,0.0031940871849656105,0.0002673412091098726,-0.0009491934324614704,5.880862
0.1677083333333329,5.261137994239107e-05,0.0031955563463270664,0.00026823667576536536,-0.0009499132866039872,5.880862
0.16822916666666624,5.2496663556667045e-05,0.0031967845279723406,0.0002685129293240607,-0.0009506791830062866,5.880862
0.16874999999999957,5.23793714819476e-05,0.003197804791852832,0.00026881095254793763,-0.0009513458935543895,5.880862
0.1692708333333329,5.226595749263652e-05,0.003198523772880435,0.0002689941320568323,-0.0009516393765807152,5.880862
0.16979166666666623,5.215495912125334e-05,0.0031992453150451183,0.0002693632850423455,-0.0009520831517875195,5.880862
0.17031249999999956,5.204025364946574e-05,0.0031999049242585897,0.00026954279746860266,-0.000952289963606745,5.880862
0.1708333333333329,5.1925013394793496e-05,0.0032009813003242016,0.00026984719443134964,-0.0009523768676444888,5.880862
0.17135416666666622,5.179755680728704e-05,0.003202151507139206,0.00027033485821448267,-0.0009527939837425947,5.880862
0.17187499999999956,5.1685856305994093e-05,0.0032031096052378416,0.00027060884167440236,-0.0009530258248560131,5.880862
0.1723958333333329,5.157207488082349e-05,0.003204035572707653,0.00027088072965852916,-0.000953411275986582,5.880862
0.17291666666666622,5.1442955737002194e-05,0.0032047557178884745,0.00027100424631498754,-0.0009535276331007481,5.880862
0.17343749999999955,5.13169688929338e-05,0.00320595339871943,0.0002713378344196826,-0.0009541431209072471,5.880862
0.17395833333333288,5.121967114973813e-05,0.0032069154549390078,0.00027202331693843007,-0.0009547705994918942,5.880862
0.1744791666666662,5.11095167894382e-05,0.003207666100934148,0.0002722972712945193,-0.0009550303220748901,5.880862
0.17499999999999954,5.102581417304464e-05,0.0032082106918096542,0.00027256846078671515,-0.000955821480602026,5.880862
0.17552083333333288,5.0896534958155826e-05,0.0032091957982629538,0.00027272317674942315,-0.0009562601917423308,5.880862
0.1760416666666662,5.0767979701049626e-05,0.003210486611351371,0.0002732646535150707,-0.000957086100243032,5.880862
0.17656249999999954,5.0650607590796426e-05,0.0032116214279085398,0.0002733947185333818,-0.0009568542591296136,5.880862
0.17708333333333287,5.053085624240339e-05,0.003212337614968419,0.00027366503491066396,-0.0009569706162437797,5.880862
0.1776041666666662,5.0465674576116726e-05,0.0032130866311490536,0.0002737028698902577,-0.0009568808018229902,5.880862
0.17812499999999953,5.034724745200947e-05,0.0032144044525921345,0.00027418031822890043,-0.000957587209995836,5.880862
0.17864583333333287,5.0231381464982405e-05,0.0032154833897948265,0.0002744288940448314,-0.0009579971665516496,5.880862
0.1791666666666662,5.0121863750973716e-05,0.0032157846726477146,0.0002747567486949265,-0.0009580866317264736,5.880862
0.17968749999999953,5.000128294341266e-05,0.00321644707582891,0.00027526915073394775,-0.0009583032806403935,5.880862
0.18020833333333286,4.9901820602826774e-05,0.0032175867818295956,0.0002761289943009615,-0.0009587812819518149,5.880862
0.1807291666666662,4.97804103360977e-05,0.0032179472036659718,0.00027625326765701175,-0.000958779884967953,5.880862
0.18124999999999952,4.9699337978381664e-05,0.0032190592028200626,0.0002769089478533715,-0.0009596949676051736,5.880862
0.18177083333333285,4.958572390023619e-05,0.0032196580432355404,0.00027695027529262006,-0.0009599258191883564,5.880862
0.18229166666666619,4.946397166349925e-05,0.003220381448045373,0.00027725263498723507,-0.0009605681407265365,5.880862
0.18281249999999952,4.93486259074416e-05,0.003221101826056838,0.00027758549549616873,-0.0009609503322280943,5.880862
0.18333333333333285,4.9231810407945886e-05,0.003221402643248439,0.00027771110762842,-0.0009608585969544947,5.880862
0.18385416666666618,4.9117643357021734e-05,0.0032220338471233845,0.00027786518330685794,-0.0009609998669475317,5.880862
0.1843749999999995,4.899224222754128e-05,0.0032223674934357405,0.00027810869505628943,-0.0009612089488655329,5.880862
0.18489583333333284,4.8947993491310626e-05,0.0032236247789114714,0.000278448686003685,-0.0009612628491595387,5.880862
0.18541666666666617,4.88311707158573e-05,0.003224552609026432,0.000278841849649325,-0.0009614686132408679,5.880862
0.1859374999999995,4.872042336501181e-05,0.0032256045378744602,0.0002792583836708218,-0.0009621136705391109,5.880862
0.18645833333333284,4.8562655138084665e-05,0.003225785680115223,0.00027929458883590996,-0.0009620766504667699,5.880862
0.18697916666666617,4.8505637096241117e-05,0.003227046225219965,0.0002795546024572104,-0.00096230796771124,5.880862
0.1874999999999995,4.837600135942921e-05,0.003227735636755824,0.00027994782431051135,-0.0009625749662518501,5.880862
0.18802083333333283,4.828969031223096e-05,0.0032287559006363153,0.00028028141241520643,-0.00096269411733374,5.880862
0.18854166666666616,4.8187721404246986e-05,0.0032294767443090677,0.00028078362811356783,-0.0009631632710807025,5.880862
0.1890624999999995,4.808479206985794e-05,0.003230197122320533,0.00028103217482566833,-0.0009634799789637327,5.880862
0.18958333333333283,4.795486165676266e-05,0.0032307433430105448,0.00028156652115285397,-0.0009641616488806903,5.880862
0.19010416666666616,4.7850418923189864e-05,0.003231312381103635,0.0002816907945089042,-0.00096413231221959,5.880862
0.1906249999999995,4.772226748173125e-05,0.003231913084164262,0.00028202508110553026,-0.0009641905780881643,5.880862
0.19114583333333282,4.7651261411374435e-05,0.0032332339324057102,0.00028256658697500825,-0.0009646586258895695,5.880862
0.19166666666666615,4.7525994887109846e-05,0.0032340153120458126,0.000282993889413774,-0.0009649255662225187,5.880862
0.19218749999999948,4.744680700241588e-05,0.0032352744601666927,0.00028356382972560823,-0.0009654653258621693,5.880862
0.19270833333333282,4.732935121865012e-05,0.003235964337363839,0.0002838124055415392,-0.0009655816247686744,5.880862
0.19322916666666615,4.7234047087840736e-05,0.003236534772440791,0.0002841692476067692,-0.000965844898018986,5.880862
0.19374999999999948,4.710500070359558e-05,0.003237555269151926,0.0002844702685251832,-0.0009662604425102472,5.880862
0.1942708333333328,4.699058990809135e-05,0.0032381850760430098,0.00028477469459176064,-0.0009664346580393612,5.880862
0.19479166666666614,4.6859327994752675e-05,0.0032387557439506054,0.00028492597630247474,-0.0009666758705861866,5.880862
0.19531249999999947,4.683470251620747e-05,0.0032398609910160303,0.00028513968572951853,-0.000966939958743751,5.880862
0.1958333333333328,4.671039278036915e-05,0.0032406083773821592,0.00028538890182971954,-0.000966941996011883,5.880862
0.19635416666666614,4.661713319364935e-05,0.003241269150748849,0.0002856259234249592,-0.0009675030596554279,5.880862
0.19687499999999947,4.649801121558994e-05,0.003241811878979206,0.0002856005448848009,-0.0009679616778157651,5.880862
0.1973958333333328,4.6381283027585596e-05,0.003242471255362034,0.0002859036030713469,-0.0009680795483291149,5.880862
0.19791666666666613,4.628273018170148e-05,0.003243072656914592,0.00028614772600121796,-0.0009681925876066089,5.880862
0.19843749999999946,4.615529906004667e-05,0.003243701532483101,0.00028615209157578647,-0.0009683321113698184,5.880862
0.1989583333333328,4.6032870159251615e-05,0.0032445418182760477,0.0002864588750526309,-0.0009685173281468451,5.880862
0.19947916666666612,4.591440301737748e-05,0.0032452617306262255,0.0002869435411412269,-0.0009687538258731365,5.880862
0.19999999999999946,4.579435335472226e-05,0.0032454722095280886,0.00028694418142549694,-0.0009687772253528237,5.880862
0.2005208333333328,4.566865027300082e-05,0.003245714819058776,0.0002871890610549599,-0.0009687757701613009,5.880862
0.20104166666666612,4.5613844122271985e-05,0.003246824024245143,0.0002875865902751684,-0.0009691017912700772,5.880862
0.20156249999999945,4.548896322376095e-05,0.00324766687117517,0.00028810263029299676,-0.0009694972541183233,5.880862
0.20208333333333278,4.53624852525536e-05,0.0032479665242135525,0.00028831270174123347,-0.000969436252489686,5.880862
0.2026041666666661,4.528234057943337e-05,0.003249169560149312,0.0002892649208661169,-0.0009701792150735855,5.880862
0.20312499999999944,4.5167722419137135e-05,0.003249470377340913,0.0002893601485993713,-0.0009701200760900974,5.880862
0.20364583333333278,4.504803291638382e-05,0.0032498876098543406,0.0002895395737141371,-0.0009699426591396332,5.880862
0.2041666666666661,4.491789877647534e-05,0.003250548616051674,0.0002897482190746814,-0.0009702348615974188,5.880862
0.20468749999999944,4.479439667193219e-05,0.00325129646807909,0.00028996760374866426,-0.0009704407420940697,5.880862
0.20520833333333277,4.474584784475155e-05,0.00325159914791584,0.0002903557615354657,-0.000970561639405787,5.880862
0.2057291666666661,4.462031938601285e-05,0.0032525318674743176,0.00029083696426823735,-0.0009711809107102454,5.880862
0.20624999999999943,4.4505672121886164e-05,0.003252714406698942,0.00029113568598404527,-0.0009713855106383562,5.880862
0.20677083333333277,4.4379768951330334e-05,0.0032530452590435743,0.0002910862094722688,-0.0009712922619655728,5.880862
0.2072916666666661,4.4289339712122455e-05,0.003253796137869358,0.000291504809865728,-0.0009717284701764584,5.880862
0.20781249999999943,4.416959563968703e-05,0.0032549318857491016,0.0002916858938988298,-0.0009718266665004194,5.880862
0.20833333333333276,4.404513310873881e-05,0.003255588933825493,0.00029202012228779495,-0.0009718317887745798,5.880862
0.2088541666666661,4.3922962504439056e-05,0.0032563989516347647,0.0002922934654634446,-0.0009723062976263463,5.880862
0.20937499999999942,4.38227471022401e-05,0.0032574462238699198,0.00029273980180732906,-0.0009728095028549433,5.880862
0.20989583333333275,4.375589924165979e-05,0.0032579272519797087,0.00029271937091834843,-0.0009728081058710814,5.880862
0.21041666666666609,4.363291009212844e-05,0.0032586476299911737,0.00029299125890247524,-0.0009730709134601057,5.880862
0.21093749999999942,4.3515381548786536e-05,0.003258980344980955,0.000293258810415864,-0.000973570451606065,5.880862
0.21145833333333275,4.338457074481994e-05,0.0032593107316643,0.0002933829964604229,-0.0009735687635838985,5.880862
0.21197916666666608,4.328830254962668e-05,0.0032603004947304726,0.00029369047842919827,-0.0009741286048665643,5.880862
0.2124999999999994,4.3170221033506095e-05,0.003261346835643053,0.00029398503829725087,-0.0009743748814798892,5.880862
0.21302083333333274,4.304971298552118e-05,0.003262096084654331,0.0002941994462162256,-0.0009746098075993359,5.880862
0.21354166666666607,4.292529047233984e-05,0.003262575715780258,0.00029453367460519075,-0.0009747864096425474,5.880862
0.2140624999999994,4.279998393030837e-05,0.003263389691710472,0.0002951625210698694,-0.0009755344945006073,5.880862
0.21458333333333274,4.265111419954337e-05,0.003263987135142088,0.0002953151997644454,-0.0009755378705449402,5.880862
0.21510416666666607,4.2584524635458365e-05,0.003265187842771411,0.00029568292666226625,-0.0009761225082911551,5.880862
0.2156249999999994,4.246304524713196e-05,0.003265966894105077,0.00029587186872959137,-0.0009762969566509128,5.880862
0.21614583333333273,4.236232416587882e-05,0.0032667762134224176,0.000296349375275895,-0.0009765905560925603,5.880862
0.21666666666666606,4.226111195748672e-05,0.003267198335379362,0.00029638357227668166,-0.0009765619761310518,5.880862
0.2171874999999994,4.2144722101511434e-05,0.0032675000838935375,0.00029674259712919593,-0.0009766839211806655,5.880862
0.21770833333333273,4.199498289381154e-05,0.0032678875140845776,0.00029686890775337815,-0.0009764762362465262,5.880862
0.21822916666666606,4.193606218905188e-05,0.0032692067325115204,0.00029717356665059924,-0.0009771841578185558,5.880862
0.2187499999999994,4.1806746594375e-05,0.00326992804184556,0.0002973915543407202,-0.0009774162899702787,5.880862
0.21927083333333272,4.169950261712074e-05,0.003271130844950676,0.0002981067809741944,-0.0009781839326024055,5.880862
0.21979166666666605,4.160126991337165e-05,0.003271611640229821,0.000298439001198858,-0.0009783662389963865,5.880862
0.22031249999999938,4.147583240410313e-05,0.0032723299227654934,0.0002986534091178328,-0.000978540745563805,5.880862
0.22083333333333272,4.135153358220123e-05,0.0032727797515690327,0.00029892739257775247,-0.0009785143192857504,5.880862
0.22135416666666605,4.1223283915314823e-05,0.0032729306258261204,0.0002989337663166225,-0.0009782785782590508,5.880862
0.22187499999999938,4.113473914912902e-05,0.003273740876466036,0.00029938860097900033,-0.0009786277078092098,5.880862
0.2223958333333327,4.1013216105056927e-05,0.0032745215576142073,0.0002996619150508195,-0.0009788312017917633,5.880862
0.22291666666666604,4.0891991375247017e-05,0.003274971852079034,0.0002996046096086502,-0.0009788620518520474,5.880862
0.22343749999999937,4.07813313358929e-05,0.003276407951489091,0.0003002923331223428,-0.000979578704573214,5.880862
0.2239583333333327,4.0754996007308364e-05,0.0032765869982540607,0.00030009448528289795,-0.0009795144433155656,5.880862
0.22447916666666604,4.063599408254959e-05,0.003277462674304843,0.00030084027093835175,-0.0009798718383535743,5.880862
0.22499999999999937,4.051523137604818e-05,0.0032780023757368326,0.0003012835804838687,-0.000980104086920619,5.880862
0.2255208333333327,4.0369090129388496e-05,0.0032784203067421913,0.0003012334054801613,-0.0009801919804885983,5.880862
0.22604166666666603,4.029585761600174e-05,0.003279678523540497,0.00030151099781505764,-0.0009805727750062943,5.880862
0.22656249999999936,4.0171875298256055e-05,0.0032803097274154425,0.0003016105911228806,-0.000980631448328495,5.880862
0.2270833333333327,4.001387787866406e-05,0.003280853619799018,0.0003020003205165267,-0.0009811086347326636,5.880862
0.22760416666666602,3.9953054510988295e-05,0.0032817553728818893,0.0003025431651622057,-0.0009816315723583102,5.880862
0.22812499999999936,3.9829988963902e-05,0.003282565390691161,0.00030279168277047575,-0.0009816618403419852,5.880862
0.2286458333333327,3.968105011153966e-05,0.0032832236029207706,0.0003029690415132791,-0.0009818673133850098,5.880862
0.22916666666666602,3.959260357078165e-05,0.0032838538754731417,0.00030321255326271057,-0.0009818710386753082,5.880862
0.22968749999999935,3.9473885408369824e-05,0.0032842119690030813,0.0003032785898540169,-0.0009817222598940134,5.880862
0.23020833333333268,3.939633461413905e-05,0.0032846948597580194,0.00030346252606250346,-0.0009817774407565594,5.880862
0.230729166666666,3.929239392164163e-05,0.003285443875938654,0.0003038011200260371,-0.0009816011879593134,5.880862
0.23124999999999934,3.917200956493616e-05,0.0032861903309822083,0.0003038955619558692,-0.0009818641701713204,5.880862
0.23177083333333268,3.9080387068679556e-05,0.0032865251414477825,0.0003044611366931349,-0.0009823717409744859,5.880862
0.232291666666666,3.8966667489148676e-05,0.0032871796283870935,0.0003045483899768442,-0.0009824074804782867,5.880862
0.23281249999999934,3.8893169403309e-05,0.003287873463705182,0.0003048849757760763,-0.0009825584711506963,5.880862
0.23333333333333267,3.8779071473982185e-05,0.003288683481514454,0.00030539670842699707,-0.0009828262263908982,5.880862
0.233854166666666,3.862954690703191e-05,0.00328910443931818,0.0003055754641536623,-0.0009828554466366768,5.880862
0.23437499999999933,3.855537579511292e-05,0.0032896725460886955,0.0003057657741010189,-0.0009827092289924622,5.880862
0.23489583333333267,3.8439051422756165e-05,0.003290123539045453,0.0003063347830902785,-0.0009829214541241527,5.880862
0.235416666666666,3.831490903394297e-05,0.0032904259860515594,0.0003064292832277715,-0.0009829218033701181,5.880862
0.23593749999999933,3.8227535696933046e-05,0.003291174303740263,0.00030652809073217213,-0.0009828343754634261,5.880862
0.23645833333333266,3.810620910371654e-05,0.003291924949735403,0.00030677157337777317,-0.0009830949129536748,5.880862
0.236979166666666,3.7956280721118674e-05,0.0032922837417572737,0.0003069567901547998,-0.0009828598704189062,5.880862
0.23749999999999932,3.788077810895629e-05,0.0032932439353317022,0.00030711659928783774,-0.0009830312337726355,5.880862
0.23802083333333265,3.7765552406199276e-05,0.003293934278190136,0.00030741968657821417,-0.0009833230869844556,5.880862
0.23854166666666599,3.7615045584971085e-05,0.0032942371908575296,0.0003075482964050025,-0.0009834407828748226,5.880862
0.23906249999999932,3.752906923182309e-05,0.0032951661851257086,0.00030796555802226067,-0.0009838803671300411,5.880862
0.23958333333333265,3.740846295841038e-05,0.003295555477961898,0.0003080898604821414,-0.000983997480943799,5.880862
0.24010416666666598,3.732335244421847e-05,0.003296423237770796,0.0003083041519857943,-0.000983905978500843,5.880862
0.2406249999999993,3.71922978956718e-05,0.003297233721241355,0.00030857534147799015,-0.0009842640720307827,5.880862
0.24114583333333264,3.708047006512061e-05,0.003297926625236869,0.0003091443795710802,-0.0009844624437391758,5.880862
0.24166666666666597,3.6970042856410146e-05,0.0032984658610075712,0.0003094678686466068,-0.0009847270557656884,5.880862
0.2421874999999993,3.685894625959918e-05,0.003299276577308774,0.00030980142764747143,-0.0009847888723015785,5.880862
0.24270833333333264,3.682574606500566e-05,0.003300056094303727,0.00030999036971479654,-0.0009846395114436746,5.880862
0.24322916666666597,3.669420402729884e-05,0.003301099641248584,0.0003102883347310126,-0.0009848534828051925,5.880862
0.2437499999999993,3.657929119071923e-05,0.0033019972033798695,0.0003105849609710276,-0.0009852928342297673,5.880862
0.24427083333333263,3.645306787802838e-05,0.003302596975117922,0.0003108271339442581,-0.000985475373454392,5.880862
0.24479166666666596,3.63257022399921e-05,0.0033032596111297607,0.00031103938817977905,-0.0009861754951998591,5.880862
0.2453124999999993,3.620302231865935e-05,0.00330350105650723,0.00031104308436624706,-0.0009863205486908555,5.880862
0.24583333333333263,3.6115816328674555e-05,0.0033042202703654766,0.0003112858103122562,-0.0009862330043688416,5.880862
0.24635416666666596,3.598491821321659e-05,0.0033049106132239103,0.00031153508462011814,-0.0009863487211987376,5.880862
0.2468749999999993,3.588953768485226e-05,0.003305811434984207,0.00031186931300908327,-0.0009865498868748546,5.880862
0.24739583333333262,3.5767450754065067e-05,0.0033059907145798206,0.000311994954245165,-0.0009865490719676018,5.880862
0.24791666666666595,3.5696739359991625e-05,0.003306799801066518,0.0003125364310108125,-0.000986505183391273,5.880862
0.24843749999999928,3.5568409657571465e-05,0.003307461040094495,0.000312694872263819,-0.0009865951724350452,5.880862
0.24895833333333262,3.5485300031723455e-05,0.003308453131467104,0.00031324144219979644,-0.0009868639754131436,5.880862
0.24947916666666595,3.538392047630623e-05,0.0033091704826802015,0.0003135089355055243,-0.0009872177615761757,5.880862
0.24999999999999928,3.5262226447230205e-05,0.0033093811944127083,0.00031348419724963605,-0.000987241161055863,5.880862
0.25052083333333264,3.513845877023414e-05,0.003309953259304166,0.0003136646409984678,-0.0009877432603389025,5.880862
0.251041666666666,3.5050350561505184e-05,0.003310943953692913,0.00031417052377946675,-0.0009881245205178857,5.880862
0.25156249999999936,3.4929136745631695e-05,0.003311514388769865,0.0003143870271742344,-0.000987916486337781,5.880862
0.2520833333333327,3.4821619919966906e-05,0.003311814507469535,0.00031442692852579057,-0.0009877965785562992,5.880862
0.2526041666666661,3.4697131923167035e-05,0.003312000771984458,0.00031476389267481863,-0.0009879610734060407,5.880862
0.25312499999999943,3.454875331954099e-05,0.003312361892312765,0.00031491939444094896,-0.0009879018180072308,5.880862
0.2536458333333328,3.4469107049517334e-05,0.0033127539791166782,0.0003151961136609316,-0.0009877780685201287,5.880862
0.25416666666666615,3.434393511270173e-05,0.0033126685302704573,0.00031541258795186877,-0.0009879512945190072,5.880862
0.2546874999999995,3.425680552027188e-05,0.0033135090488940477,0.0003156553430017084,-0.0009880104335024953,5.880862
0.25520833333333287,3.413464946788736e-05,0.0033138690050691366,0.00031572001171298325,-0.0009880679426714778,5.880862
0.25572916666666623,3.402090078452602e-05,0.00331428786739707,0.0003156072343699634,-0.0009879375575110316,5.880862
0.2562499999999996,3.387141987332143e-05,0.003314588451758027,0.0003156116290483624,-0.0009879362769424915,5.880862
0.25677083333333295,3.3794069167925045e-05,0.0033149519003927708,0.0003157372702844441,-0.000988075858913362,5.880862
0.2572916666666663,3.3673444704618305e-05,0.0033150450326502323,0.00031586288241669536,-0.0009881837759166956,5.880862
0.25781249999999967,3.3603417250560597e-05,0.00331555656157434,0.000316052493872121,-0.0009880324359983206,5.880862
0.258333333333333,3.3485197491245344e-05,0.0033162469044327736,0.00031621166272088885,-0.0009881183505058289,5.880862
0.2588541666666664,3.333215863676742e-05,0.0033169349189847708,0.00031662953551858664,-0.000988124986179173,5.880862
0.25937499999999974,3.325706347823143e-05,0.0033176604192703962,0.0003174050943925977,-0.000988750602118671,5.880862
0.2598958333333331,3.313505294499919e-05,0.003317840164527297,0.0003173519216943532,-0.0009886797051876783,5.880862
0.26041666666666646,3.29910108121112e-05,0.0033180518075823784,0.0003173867880832404,-0.0009888537460938096,5.880862
0.2609374999999998,3.288735024398193e-05,0.003319013398140669,0.00031789843342266977,-0.0009895300026983023,5.880862
0.2614583333333332,3.2731255487306044e-05,0.0033188406378030777,0.0003181758802384138,-0.0009892884409055114,5.880862
0.26197916666666654,3.265867417212576e-05,0.0033196217846125364,0.0003184491361025721,-0.000989288091659546,5.880862
0.2624999999999999,3.253099930589087e-05,0.003320068819448352,0.00031843301258049905,-0.0009888416389003396,5.880862
0.26302083333333326,3.240570003981702e-05,0.003320160321891308,0.00031844008481130004,-0.0009888591011986136,5.880862
0.2635416666666666,3.227772322134115e-05,0.003320727963000536,0.0003184095548931509,-0.0009886542102321982,5.880862
0.2640625,3.217050470993854e-05,0.0033218052703887224,0.0003187722759321332,-0.0009889214998111129,5.880862
0.26458333333333334,3.207228292012587e-05,0.003321952186524868,0.0003188921546097845,-0.00098886014893651,5.880862
0.2651041666666667,3.193856537109241e-05,0.003323032520711422,0.00031925414805300534,-0.000989096937701106,5.880862
0.26562500000000006,3.1824238249100745e-05,0.003323485143482685,0.0003196734469383955,-0.0009893339592963457,5.880862
0.2661458333333334,3.167169779771939e-05,0.0033239065669476986,0.00031982033397071064,-0.0009897704003378749,5.880862
0.2666666666666668,3.1602354283677414e-05,0.0033249242696911097,0.0003199198981747031,-0.000990088563412428,5.880862
0.26718750000000013,3.1477913580602035e-05,0.0033254034351557493,0.0003200130013283342,-0.000990208936855197,5.880862
0.2677083333333335,3.132351776002906e-05,0.003325675381347537,0.0003201073850505054,-0.0009902364108711481,5.880862
0.26822916666666685,3.12527954520192e-05,0.003326425328850746,0.0003202621010132134,-0.0009904587641358376,5.880862
0.2687500000000002,3.113143247901462e-05,0.0033267789985984564,0.00031976058380678296,-0.000989888678304851,5.880862
0.26927083333333357,3.10060459014494e-05,0.003327141748741269,0.000319913262501359,-0.0009902410674840212,5.880862
0.26979166666666693,3.0900086130714044e-05,0.0033274726010859013,0.0003199531347490847,-0.00099009124096483,5.880862
0.2703125000000003,3.079930684179999e-05,0.0033282816875725985,0.00032003686646930873,-0.0009904894977807999,5.880862
0.27083333333333365,3.0731738661415875e-05,0.0033286428079009056,0.0003199916682206094,-0.0009903140598908067,5.880862
0.271354166666667,3.061573443119414e-05,0.0033293624874204397,0.00032023590756580234,-0.0009903130121529102,5.880862
0.27187500000000037,3.046529855055269e-05,0.0033296311739832163,0.00032024161191657186,-0.0009901922894641757,5.880862
0.2723958333333337,3.038482100237161e-05,0.003330290550366044,0.00032051559537649155,-0.0009902191814035177,5.880862
0.2729166666666671,3.0269933631643653e-05,0.00333046936430037,0.0003204864333383739,-0.0009901546873152256,5.880862
0.27343750000000044,3.0196550142136402e-05,0.003330770181491971,0.00032052642200142145,-0.0009900348959490657,5.880862
0.2739583333333338,3.0079323551035486e-05,0.0033313119783997536,0.00032056705094873905,-0.000989941880106926,5.880862
0.27447916666666716,2.992990630446002e-05,0.0033314619213342667,0.000320574821671471,-0.000989639083854854,5.880862
0.2750000000000005,2.984595084853936e-05,0.0033316139597445726,0.00032049117726273835,-0.0009895749390125275,5.880862
0.2755208333333339,2.9721215469180606e-05,0.0033320332877337933,0.00032058198121376336,-0.0009896258125081658,5.880862
0.27604166666666724,2.9564733267761767e-05,0.003332422813400626,0.0003207353292964399,-0.000989542342722416,5.880862
0.2765625000000006,2.9460401492542587e-05,0.0033335306216031313,0.00032093003392219543,-0.000989714520983398,5.880862
0.27708333333333396,2.9302544135134667e-05,0.003334009787067771,0.00032096344511955976,-0.0009897742420434952,5.880862
0.2776041666666673,2.9294100386323407e-05,0.0033345455303788185,0.00032073151669465005,-0.0009897700510919094,5.880862
0.2781250000000007,2.917061465268489e-05,0.0033349685836583376,0.0003210126596968621,-0.0009897665586322546,5.880862
0.27864583333333404,2.905267865571659e-05,0.0033355343621224165,0.0003210118447896093,-0.0009895911207422614,5.880862
0.2791666666666674,2.8901369660161436e-05,0.0033359245862811804,0.00032117098453454673,-0.0009895613184198737,5.880862
0.27968750000000075,2.882323315134272e-05,0.0033365811686962843,0.00032123911660164595,-0.0009894975228235126,5.880862
0.2802083333333341,2.8699452741420828e-05,0.0033367881551384926,0.0003210078284610063,-0.0009890185901895165,5.880862
0.2807291666666675,2.8592314265551977e-05,0.0033370908349752426,0.00032122081029228866,-0.0009891072986647487,5.880862
0.28125000000000083,2.846950155799277e-05,0.003337838687002659,0.0003212613519281149,-0.000989072024822235,5.880862
0.2817708333333342,2.8350837965263054e-05,0.0033380482345819473,0.00032117776572704315,-0.0009890361689031124,5.880862
0.28229166666666755,2.827850403264165e-05,0.0033384389244019985,0.0003212474111933261,-0.0009888855274766684,5.880862
0.2828125000000009,2.8156067855888978e-05,0.0033391285687685013,0.00032143128919415176,-0.000989032443612814,5.880862
0.28333333333333427,2.8001506507280283e-05,0.0033392515033483505,0.0003214922908227891,-0.0009889377979561687,5.880862
0.28385416666666763,2.799347748805303e-05,0.0033397008664906025,0.00032147258752956986,-0.0009889645734801888,5.880862
0.284375000000001,2.7869848054251634e-05,0.003340390743687749,0.000321572064422071,-0.0009889897191897035,5.880862
0.28489583333333435,2.7740617952076718e-05,0.0033406929578632116,0.0003216956974938512,-0.0009891672525554895,5.880862
0.2854166666666677,2.7616308216238394e-05,0.0033412317279726267,0.00032188091427087784,-0.0009892479283735156,5.880862
0.28593750000000107,2.7490819775266573e-05,0.00334180542267859,0.00032229747739620507,-0.0009897782001644373,5.880862
0.2864583333333344,2.734013833105564e-05,0.0033420464023947716,0.0003223024832550436,-0.0009897717973217368,5.880862
0.2869791666666678,2.7268346457276493e-05,0.003342496231198311,0.0003223722451366484,-0.0009897149866446853,5.880862
0.28750000000000114,2.7149235393153504e-05,0.0033427621237933636,0.0003222544037271291,-0.0009894726099446416,5.880862
0.2880208333333345,2.7001033231499605e-05,0.0033430331386625767,0.00032228996860794723,-0.0009894672548398376,5.880862
0.28854166666666786,2.6902191166300327e-05,0.003343815915286541,0.00032247454510070384,-0.0009897280251607299,5.880862
0.2890625000000012,2.675150790309999e-05,0.0033438759855926037,0.00032251348602585495,-0.0009894822724163532,5.880862
0.2895833333333346,2.6708137738751248e-05,0.0033445931039750576,0.0003226980334147811,-0.000989779131487012,5.880862
0.29010416666666794,2.658323683135677e-05,0.0033448650501668453,0.0003227634297218174,-0.0009896305855363607,5.880862
0.2906250000000013,2.651200156833511e-05,0.003345105331391096,0.00032268415088765323,-0.000989360036328435,5.880862
0.29114583333333466,2.639225021994207e-05,0.003345884382724762,0.0003228730638511479,-0.0009895344264805317,5.880862
0.291666666666668,2.6243971660733223e-05,0.003346215235069394,0.00032299733720719814,-0.000989590073004365,5.880862
0.2921875000000014,2.6163792426814325e-05,0.003346635028719902,0.0003230264119338244,-0.000989528140053153,5.880862
0.29270833333333474,2.6041037926916033e-05,0.003346872515976429,0.0003227044071536511,-0.000989163643680513,5.880862
0.2932291666666681,2.5893396013998426e-05,0.0033472622744739056,0.00032264337642118335,-0.0009893567766994238,5.880862
0.29375000000000145,2.5787945560296066e-05,0.003348133061081171,0.00032283872133120894,-0.0009895340772345662,5.880862
0.2942708333333348,2.5638322767917998e-05,0.003348582424223423,0.0003229622670914978,-0.000989563879556954,5.880862
0.2947916666666682,2.5569815989001654e-05,0.003349031787365675,0.0003232041490264237,-0.0009893159149214625,5.880862
0.29531250000000153,2.544535163906403e-05,0.003349331673234701,0.0003233233583159745,-0.0009894625982269645,5.880862
0.2958333333333349,2.5293693397543393e-05,0.0033492480870336294,0.0003235100011806935,-0.0009893096284940839,5.880862
0.29635416666666825,2.5205716156051494e-05,0.0033497600816190243,0.000323461921652779,-0.00098982488270849,5.880862
0.2968750000000016,2.5090965209528804e-05,0.0033501205034554005,0.00032369521795772016,-0.000990000320598483,5.880862
0.29739583333333497,2.5009599994518794e-05,0.0033504818566143513,0.00032376492163166404,-0.0009898209245875478,5.880862
0.29791666666666833,2.489126563887112e-05,0.003351110965013504,0.0003236551710870117,-0.0009898414136841893,5.880862
0.2984375000000017,2.4741340894252062e-05,0.0033515295945107937,0.00032359990291297436,-0.0009897795971482992,5.880862
0.29895833333333505,2.4649230908835307e-05,0.003352188738062978,0.0003235724288970232,-0.0009898089338093996,5.880862
0.2994791666666684,2.4528739231755026e-05,0.0033520732540637255,0.00032366462983191013,-0.000989827560260892,5.880862
0.30000000000000177,2.4382316041737795e-05,0.0033523710444569588,0.0003234610194340348,-0.0009897855343297124,5.880862
0.3005208333333351,2.4304463295266032e-05,0.0033528818748891354,0.0003234717878513038,-0.000989806023426354,5.880862
0.3010416666666685,2.4181254048016854e-05,0.0033528257627040148,0.00032353412825614214,-0.0009897681884467602,5.880862
0.30156250000000184,2.402531390544027e-05,0.003353184787556529,0.0003236597985960543,-0.0009896473493427038,5.880862
0.3020833333333352,2.3918430088087916e-05,0.003353874897584319,0.0003240770602133125,-0.0009899740107357502,5.880862
0.30260416666666856,2.375797885179054e-05,0.003354265121743083,0.00032414100132882595,-0.0009899444412440062,5.880862
0.3031250000000019,2.3726104700472206e-05,0.003355219727382064,0.0003239461511839181,-0.0009899988071992993,5.880862
0.3036458333333353,2.360480539209675e-05,0.0033559405710548162,0.00032415849273093045,-0.0009902676101773977,5.880862
0.30416666666666864,2.3457168936147355e-05,0.003356387373059988,0.0003241394297219813,-0.0009899706346914172,5.880862
0.304687500000002,2.3430016881320626e-05,0.00335692404769361,0.0003241494996473193,-0.0009899765718728304,5.880862
0.30520833333333536,2.3304499336518347e-05,0.0033575803972780704,0.0003243303799536079,-0.000989796593785286,5.880862
0.3057291666666687,2.314867560926359e-05,0.003357882611453533,0.00032441975781694055,-0.00098979112226516,5.880862
0.3062500000000021,2.3118689568946138e-05,0.003358572255820036,0.000324376072967425,-0.0009898364078253508,5.880862
0.30677083333333544,2.299463449162431e-05,0.003359113121405244,0.0003246216510888189,-0.0009897203417494893,5.880862
0.3072916666666688,2.2878864911035635e-05,0.0033594719134271145,0.00032459685462526977,-0.000989541644230485,5.880862
0.30781250000000215,2.272517667734064e-05,0.0033598029986023903,0.00032496234052814543,-0.0009895701659843326,5.880862
0.3083333333333355,2.264698014187161e-05,0.0033601908944547176,0.00032490704325027764,-0.0009894235990941525,5.880862
0.3088541666666689,2.253122511319816e-05,0.0033604255877435207,0.00032466999255120754,-0.0009891762165352702,5.880862
0.30937500000000223,2.2457958039012738e-05,0.0033608791418373585,0.00032479999936185777,-0.0009888462955132127,5.880862
0.3098958333333356,2.2342850570566952e-05,0.0033614509738981724,0.00032489580917172134,-0.000988868298009038,5.880862
0.31041666666666895,2.219630914623849e-05,0.003361751791089773,0.0003251045127399266,-0.0009890160290524364,5.880862
0.3109375000000023,2.211121318396181e-05,0.0033620211761444807,0.00032514569466002285,-0.0009888652712106705,5.880862
0.31145833333333567,2.1991716494085267e-05,0.0033622931223362684,0.0003251515154261142,-0.0009887730702757835,5.880862
0.311979166666669,2.1925681721768342e-05,0.0033622959163039923,0.0003248338180128485,-0.0009886956540867686,5.880862
0.3125000000000024,2.1802903575007804e-05,0.0033627492375671864,0.00032513891346752644,-0.0009889244101941586,5.880862
0.31302083333333575,2.169182880606968e-05,0.0033629618119448423,0.0003253461909480393,-0.0009892177768051624,5.880862
0.3135416666666691,2.1565478164120577e-05,0.0033635920844972134,0.0003253563481848687,-0.0009893293026834726,5.880862
0.31406250000000246,2.1480289433384314e-05,0.0033641625195741653,0.00032557002850808203,-0.0009892660891637206,5.880862
0.3145833333333358,2.132862755388487e-05,0.003364344360306859,0.000325721048284322,-0.000989260384812951,5.880862
0.3151041666666692,2.1301066226442344e-05,0.003365391166880727,0.0003258191281929612,-0.0009891687659546733,5.880862
0.31562500000000254,2.1173571440158412e-05,0.003366110846400261,0.00032588178873993456,-0.0009893483947962523,5.880862
0.3161458333333359,2.1051413568784483e-05,0.0033663499634712934,0.00032594846561551094,-0.0009893085807561874,5.880862
0.31666666666666926,2.090313319058623e-05,0.0033666512463241816,0.00032592308707535267,-0.0009893347742035985,5.880862
0.3171875000000026,2.081799175357446e-05,0.003367012832313776,0.00032593519426882267,-0.0009895000839605927,5.880862
0.317708333333336,2.0689034499810077e-05,0.003367374185472727,0.00032590480986982584,-0.000989586696960032,5.880862
0.31822916666666934,2.060277074633632e-05,0.0033680035267025232,0.0003259446530137211,-0.0009894637623801827,5.880862
0.3187500000000027,2.0447676433832385e-05,0.003368212142959237,0.000325866014463827,-0.0009893097449094057,5.880862
0.31927083333333606,2.0446095732040703e-05,0.0033687518443912268,0.0003258731449022889,-0.0009895359398797154,5.880862
0.3197916666666694,2.031962685578037e-05,0.003369741840288043,0.00032611528877168894,-0.000989832216873765,5.880862
0.3203125000000028,2.020008469116874e-05,0.0033697409089654684,0.0003259449440520257,-0.0009895226685330272,5.880862
0.32083333333333613,2.0111898265895434e-05,0.0033702251967042685,0.0003264594415668398,-0.0009894926333799958,5.880862
0.3213541666666695,1.9990151486126706e-05,0.003370498539879918,0.00032665178878232837,-0.0009895410621538758,5.880862
0.32187500000000285,1.983498441404663e-05,0.003370714606717229,0.00032662495505064726,-0.0009899752913042903,5.880862
0.3223958333333362,1.9802459064521827e-05,0.0033705667592585087,0.00032665542676113546,-0.0009900598088279366,5.880862
0.32291666666666957,1.9683689970406704e-05,0.003371258033439517,0.0003268989676143974,-0.0009901744779199362,5.880862
0.32343750000000293,1.9620578314061277e-05,0.0033713802695274353,0.00032691480009816587,-0.0009899368742480874,5.880862
0.3239583333333363,1.9504288502503186e-05,0.0033721295185387135,0.0003271545865572989,-0.0009900220902636647,5.880862
0.32447916666666965,1.9355100448592566e-05,0.0033723667729645967,0.0003269524313509464,-0.0009897449053823948,5.880862
0.325000000000003,1.9258610336692072e-05,0.0033729379065334797,0.00032708171056583524,-0.0009898331481963396,5.880862
0.32552083333333637,1.9141552911605686e-05,0.0033733267337083817,0.0003271471068728715,-0.0009897986892610788,5.880862
0.3260416666666697,1.9054241420235485e-05,0.0033740787766873837,0.00032757007284089923,-0.0009898869320750237,5.880862
0.3265625000000031,1.8932836610474624e-05,0.0033745269756764174,0.00032760054455138743,-0.000989791238680482,5.880862
0.32708333333333645,1.8779381207423285e-05,0.0033742920495569706,0.00032760901376605034,-0.000989722553640604,5.880862
0.3276041666666698,1.8699502106755972e-05,0.0033743835519999266,0.00032764673233032227,-0.0009893373353406787,5.880862
0.32812500000000316,1.8581178665044717e-05,0.003374354215338826,0.00032773957354947925,-0.0009890650399029255,5.880862
0.3286458333333365,1.8498938516131602e-05,0.0033750443253666162,0.00032783401547931135,-0.000989000778645277,5.880862
0.3291666666666699,1.834588692872785e-05,0.003375018248334527,0.00032805185765028,-0.0009889050852507353,5.880862
0.32968750000000324,1.826045809139032e-05,0.0033756799530237913,0.0003280301170889288,-0.000989520107395947,5.880862
0.3302083333333366,1.8137008737539873e-05,0.0033758003264665604,0.00032776696025393903,-0.0009893616661429405,5.880862
0.33072916666666996,1.8064785763272084e-05,0.0033761600498110056,0.00032780677429400384,-0.000989184365607798,5.880862
0.3312500000000033,1.7946376829058863e-05,0.0033768480643630028,0.0003280509263277054,-0.0009892997331917286,5.880862
0.3317708333333367,1.7869171642814763e-05,0.003377089975401759,0.0003280618111602962,-0.000989117193967104,5.880862
0.33229166666667004,1.7748245227267034e-05,0.0033778699580579996,0.00032818596810102463,-0.000989319640211761,5.880862
0.3328125000000034,1.7594580640434287e-05,0.003378228982910514,0.0003281903627794236,-0.0009893703972920775,5.880862
0.33333333333333676,1.7514343198854476e-05,0.0033787719439715147,0.00032834947342053056,-0.0009893419919535518,5.880862
0.3338541666666701,1.7398615455022082e-05,0.0033791030291467905,0.0003284148988313973,-0.0009892802918329835,5.880862
0.3343750000000035,1.7249050870304927e-05,0.0033793409820646048,0.00032856519101187587,-0.0009893927490338683,5.880862
0.33489583333333683,1.715596590656787e-05,0.003379944944754243,0.00032884429674595594,-0.0009894553804770112,5.880862
0.3354166666666702,1.7004907931550406e-05,0.0033803055994212627,0.00032917855423875153,-0.0009895410621538758,5.880862
0.33593750000000355,1.6955682440311648e-05,0.0033807556610554457,0.00032930276938714087,-0.000989304156973958,5.880862
0.3364583333333369,1.6834399502840824e-05,0.0033814450725913048,0.0003295781498309225,-0.0009892723755910993,5.880862
0.33697916666667027,1.6770023648859933e-05,0.0033816248178482056,0.00032929665758274496,-0.000988880405202508,5.880862
0.33750000000000363,1.6648338714730926e-05,0.0033823740668594837,0.00032947477302514017,-0.0009889379143714905,5.880862
0.338020833333337,1.6561340089538135e-05,0.0033831829205155373,0.0003298693336546421,-0.0009888805216178298,5.880862
0.33854166666667035,1.6407611838076264e-05,0.0033833966590464115,0.00033014544169418514,-0.0009888212662190199,5.880862
0.3390625000000037,1.6372432583011687e-05,0.0033840802498161793,0.0003298036172054708,-0.000988841988146305,5.880862
0.33958333333333707,1.624500691832509e-05,0.0033850097097456455,0.00033013647771440446,-0.0009892531670629978,5.880862
0.3401041666666704,1.612547021068167e-05,0.003385373391211033,0.00033025501761585474,-0.0009895401308313012,5.880862
0.3406250000000038,1.603757482371293e-05,0.003385883057489991,0.00033029488986358047,-0.000989507301710546,5.880862
0.34114583333333715,1.5878698832239024e-05,0.0033866344019770622,0.00033054343657568097,-0.0009895061375573277,5.880862
0.3416666666666705,1.58476505021099e-05,0.0033874723594635725,0.00033072521910071373,-0.000989804626442492,5.880862
0.34218750000000386,1.5727557183708996e-05,0.003388101002201438,0.0003307062142994255,-0.0009898548014461994,5.880862
0.3427083333333372,1.5578934835502878e-05,0.0033885210286825895,0.00033089006319642067,-0.0009899421129375696,5.880862
0.3432291666666706,1.5488425560761243e-05,0.003389028599485755,0.00033074611565098166,-0.0009898173157125711,5.880862
0.34375000000000394,1.5367961168522015e-05,0.0033892677165567875,0.00033078028354793787,-0.0009898190619423985,5.880862
0.3442708333333373,-0.0001329057413386181,0.0028197532519698143,0.000252158468356356,-0.0005881072720512748,5.880862
0.34479166666667066,-0.0017222866881638765,0.0016780414152890444,-0.00027382216649129987,0.0002370543807046488,5.880862
0.345312500000004,-0.0031868459191173315,0.002121444558724761,-0.000907054403796792,0.0005118813132867217,5.880862
0.3458333333333374,-0.004529415164142847,0.003318128176033497,-0.0015524150803685188,0.0006837694672867656,5.880862
0.34635416666667074,-0.0057325586676597595,0.004492610227316618,-0.002165595069527626,0.0008223899640142918,5.880862
0.3468750000000041,-0.006805319804698229,0.0056060804054141045,-0.0027647900860756636,0.0009378986433148384,5.880862
0.34739583333333746,-0.007757291663438082,0.00665622903034091,-0.0033425604924559593,0.0010310257785022259,5.880862
0.3479166666666708,-0.008600471541285515,0.007535702083259821,-0.0038994166534394026,0.0011118134716525674,5.880862
0.3484375000000042,-0.009341251105070114,0.00822872668504715,-0.004433981608599424,0.0011752232676371932,5.880862
0.34895833333333753,-0.009986359626054764,0.008974578231573105,-0.004944319371134043,0.0012179459445178509,5.880862
0.3494791666666709,-0.010543284006416798,0.009690321981906891,-0.005425716750323772,0.0012436965480446815,5.880862
0.35000000000000425,-0.011018785648047924,0.010351181030273438,-0.005875465460121632,0.0012545702047646046,5.880862
0.3505208333333376,-0.011419220827519894,0.010964775457978249,-0.006291885860264301,0.0012513815890997648,5.880862
0.35104166666667097,-0.011750725097954273,0.011526827700436115,-0.006672462914139032,0.0012359985848888755,5.880862
0.35156250000000433,-0.012018628418445587,0.012041277252137661,-0.007012499496340752,0.001207838417030871,5.880862
0.3520833333333377,-0.012228434905409813,0.012509428896009922,-0.007313374429941177,0.001169933588244021,5.880862
0.35260416666667105,-0.012385115958750248,0.012928253971040249,-0.0075739542953670025,0.0011237338185310364,5.880862
0.3531250000000044,-0.012493194080889225,0.013303142972290516,-0.007790953386574984,0.0010696427198126912,5.880862
0.35364583333333777,-0.01255712565034628,0.013634443283081055,-0.007957883179187775,0.0010082656517624855,5.880862
0.3541666666666711,-0.012581722810864449,0.013914337381720543,-0.008057993836700916,0.0009416030952706933,5.880862
0.3546875000000045,-0.012580941431224346,0.014112373813986778,-0.008084278553724289,0.0008616005070507526,5.880862
0.35520833333333784,-0.012570678256452084,0.014305224642157555,-0.00807745661586523,0.0007586046122014523,5.880862
0.3557291666666712,-0.012555367313325405,0.014498797245323658,-0.008072401396930218,0.0006444759201258421,5.880862
0.35625000000000456,-0.012536155059933662,0.01466313935816288,-0.008076771162450314,0.0005272695561870933,5.880862
0.3567708333333379,-0.01251352857798338,0.014829091727733612,-0.008089585229754448,0.00041110723395831883,5.880862
0.3572916666666713,-0.012489428743720055,0.014998415485024452,-0.008105788379907608,0.0002851284807547927,5.880862
0.35781250000000464,-0.012535089626908302,0.01514971349388361,-0.008128653280436993,8.385509136132896e-05,5.880862
0.358333333333338,-0.01254283171147108,0.01528405211865902,-0.008159809745848179,-6.124628998804837e-05,5.880862
0.35885416666667136,-0.012536992318928242,0.015425815246999264,-0.00815840344876051,-0.00016715499805286527,5.880862
0.3593750000000047,-0.012525303289294243,0.01558531541377306,-0.008152521215379238,-0.0002751798601821065,5.880862
0.3598958333333381,-0.012509898282587528,0.01573602668941021,-0.0081515833735466,-0.00038626513560302556,5.880862
0.36041666666667144,-0.012490889988839626,0.015865180641412735,-0.008156770840287209,-0.0004956734483130276,5.880862
0.3609375000000048,-0.012469050474464893,0.016000302508473396,-0.008169013075530529,-0.0006016544648446143,5.880862
0.36145833333333816,-0.012444371357560158,0.016138127073645592,-0.008184030652046204,-0.0007054957677610219,5.880862
0.3619791666666715,-0.012417376041412354,0.016267791390419006,-0.008201763033866882,-0.0008061642292886972,5.880862
0.3625000000000049,-0.01238834299147129,0.016395624727010727,-0.008220799267292023,-0.0009040848817676306,5.880862
0.36302083333333823,-0.01235710084438324,0.016517577692866325,-0.00824157427996397,-0.0009999033063650131,5.880862
0.3635416666666716,-0.012323739007115364,0.016635136678814888,-0.008263840340077877,-0.0010924022644758224,5.880862
0.36406250000000495,-0.012288893572986126,0.016746951267123222,-0.008286654949188232,-0.001181989093311131,5.880862
0.3645833333333383,-0.012252123095095158,0.01685362122952938,-0.008310165256261826,-0.001269566360861063,5.880862
0.36510416666667167,-0.012213841080665588,0.016954638063907623,-0.008333839476108551,-0.0013545678230002522,5.880862
0.36562500000000503,-0.01217395719140768,0.017049593850970268,-0.008358155377209187,-0.0014362119836732745,5.880862
0.3661458333333384,-0.012132875621318817,0.017138514667749405,-0.008382616564631462,-0.0015148294623941183,5.880862
0.36666666666667175,-0.012090361677110195,0.01722356490790844,-0.008407113142311573,-0.0015914745163172483,5.880862
0.3671875000000051,-0.012046605348587036,0.017303211614489555,-0.00843104999512434,-0.001666120602749288,5.880862
0.36770833333333847,-0.012001692317426205,0.017376691102981567,-0.00845492072403431,-0.0017368071712553501,5.880862
0.3682291666666718,-0.011955756694078445,0.01744656078517437,-0.008478078059852123,-0.0018050665967166424,5.880862
0.3687500000000052,-0.011908850632607937,0.017512165009975433,-0.008500921539962292,-0.0018712278688326478,5.880862
0.36927083333333854,-0.011860907077789307,0.017572544515132904,-0.008523286320269108,-0.0019348388304933906,5.880862
0.3697916666666719,-0.01181204803287983,0.0176285058259964,-0.008544951677322388,-0.0019957548938691616,5.880862
0.37031250000000526,-0.011762265115976334,0.017678042873740196,-0.008566250093281269,-0.002055183984339237,5.880862
0.3708333333333386,-0.01171181071549654,0.01772294193506241,-0.008586890995502472,-0.002111840294674039,5.880862
0.371354166666672,-0.011660605669021606,0.017764905467629433,-0.008606546558439732,-0.002166410908102989,5.880862
0.37187500000000534,-0.011608819477260113,0.017803015187382698,-0.00862591341137886,-0.0022185102570801973,5.880862
0.3723958333333387,-0.011556308716535568,0.017836861312389374,-0.008644076995551586,-0.002268340205773711,5.880862
0.37291666666667206,-0.011503239162266254,0.01786663383245468,-0.008661882020533085,-0.0023164309095591307,5.880862
0.3734375000000054,-0.01144964899867773,0.01789070852100849,-0.008678662590682507,-0.0023617458064109087,5.880862
0.3739583333333388,-0.011395532637834549,0.01791205070912838,-0.008695131167769432,-0.002404616679996252,5.880862
0.37447916666667214,-0.011341151781380177,0.017930425703525543,-0.008710336871445179,-0.002446851460263133,5.880862
0.3750000000000055,-0.011286268010735512,0.017946433275938034,-0.00872490368783474,-0.0024877344258129597,5.880862
0.37552083333333885,-0.011230978183448315,0.01795624941587448,-0.008739174343645573,-0.0025259130634367466,5.880862
0.3760416666666722,-0.011175476014614105,0.017963536083698273,-0.008752656169235706,-0.0025616800412535667,5.880862
0.3765625000000056,-0.011119631119072437,0.017968546599149704,-0.008765262551605701,-0.0025974148884415627,5.880862
0.37708333333333893,-0.011063752695918083,0.01797032356262207,-0.008776742033660412,-0.002631254494190216,5.880862
0.3776041666666723,-0.0110075818374753,0.017969826236367226,-0.008787466213107109,-0.0026628824416548014,5.880862
0.37812500000000565,-0.010951247066259384,0.01796654611825943,-0.00879733171314001,-0.002691952744498849,5.880862
0.378645833333339,-0.010894818231463432,0.017959322780370712,-0.008806540630757809,-0.0027207876555621624,5.880862
0.37916666666667237,-0.010838349349796772,0.017949683591723442,-0.008815392851829529,-0.0027478719130158424,5.880862
0.37968750000000573,-0.010782011784613132,0.01793884113430977,-0.008822828531265259,-0.0027740017976611853,5.880862
0.3802083333333391,-0.010725481435656548,0.01792541705071926,-0.008829972706735134,-0.0027977197896689177,5.880862
0.38072916666667245,-0.010669119656085968,0.01790960505604744,-0.008836413733661175,-0.002819799119606614,5.880862
0.3812500000000058,-0.010612855665385723,0.017890002578496933,-0.008841810747981071,-0.002841918496415019,5.880862
0.38177083333333917,-0.010556578636169434,0.017868587747216225,-0.008847204968333244,-0.0028612136375159025,5.880862
0.3822916666666725,-0.010500476695597172,0.017847171053290367,-0.00885117705911398,-0.002880415879189968,5.880862
0.3828125000000059,-0.010444637387990952,0.017823195084929466,-0.008854837156832218,-0.0028972539585083723,5.880862
0.38333333333333924,-0.010388892143964767,0.01779779978096485,-0.008858291432261467,-0.002914451528340578,5.880862
0.3838541666666726,-0.010333332233130932,0.01776963472366333,-0.00886108260601759,-0.002929152688011527,5.880862
0.38437500000000596,-0.010278085246682167,0.017738914117217064,-0.008863314986228943,-0.0029433697927743196,5.880862
0.3848958333333393,-0.010223189368844032,0.01770840398967266,-0.008864326402544975,-0.0029565738514065742,5.880862
0.3854166666666727,-0.010168627835810184,0.017677629366517067,-0.008865071460604668,-0.0029689327348023653,5.880862
0.38593750000000604,-0.01011429913341999,0.017644429579377174,-0.00886539462953806,-0.0029807554092258215,5.880862
0.3864583333333394,-0.010060327127575874,0.01760789006948471,-0.008864494040608406,-0.0029917615465819836,5.880862
0.38697916666667276,-0.010006783530116081,0.01756940595805645,-0.0088625717908144,-0.0030016063246876,5.880862
0.3875000000000061,-0.009953626431524754,0.01753123104572296,-0.008859850466251373,-0.003011238994076848,5.880862
0.3880208333333395,-0.009900974109768867,0.01749228872358799,-0.00885675847530365,-0.0030191282276064157,5.880862
0.38854166666667284,-0.009848788380622864,0.017452098429203033,-0.008852863684296608,-0.0030265424866229296,5.880862
0.3890625000000062,-0.009797017090022564,0.017410993576049805,-0.008848898112773895,-0.0030328508000820875,5.880862
0.38958333333333955,-0.009745799005031586,0.017369521781802177,-0.008844548836350441,-0.003039063885807991,5.880862
0.3901041666666729,-0.009695108979940414,0.01732737384736538,-0.008840194903314114,-0.003043991979211569,5.880862
0.3906250000000063,-0.00964491069316864,0.017284145578742027,-0.008835399523377419,-0.0030486569739878178,5.880862
0.39114583333333963,-0.009595131501555443,0.017240436747670174,-0.008830196224153042,-0.00305185467004776,5.880862
0.391666666666673,-0.009546078741550446,0.017196660861372948,-0.008824976161122322,-0.0030553711112588644,5.880862
0.39218750000000635,-0.009497574530541897,0.01715141162276268,-0.008819235488772392,-0.003058425849303603,5.880862
0.3927083333333397,-0.009449669159948826,0.017107650637626648,-0.008813607506453991,-0.003060765564441681,5.880862
0.39322916666667307,-0.009402451105415821,0.01706412248313427,-0.008807642385363579,-0.003061888040974736,5.880862
0.39375000000000643,-0.009355810470879078,0.0170185137540102,-0.008801854215562344,-0.00306342588737607,5.880862
0.3942708333333398,-0.009309967048466206,0.01697283796966076,-0.008795451372861862,-0.0030641425400972366,5.880862
0.39479166666667315,-0.009264552034437656,0.01692669838666916,-0.00878910068422556,-0.0030646028462797403,5.880862
0.3953125000000065,-0.009219830855727196,0.0168813057243824,-0.008782580494880676,-0.0030642771162092686,5.880862
0.39583333333333987,-0.009175973013043404,0.016836019232869148,-0.008775589056313038,-0.0030643201898783445,5.880862
0.3963541666666732,-0.009132685139775276,0.01678961142897606,-0.008768715895712376,-0.003063819371163845,5.880862
0.3968750000000066,-0.009090051054954529,0.016744080930948257,-0.008761928416788578,-0.0030620808247476816,5.880862
0.39739583333333994,-0.009048249572515488,0.016697300598025322,-0.00875465665012598,-0.003060773713514209,5.880862
0.3979166666666733,-0.00900708232074976,0.01665307953953743,-0.008747220039367676,-0.003058514790609479,5.880862
0.39843750000000666,-0.008966842666268349,0.01660902053117752,-0.008739672601222992,-0.0030563597101718187,5.880862
0.39895833333334,-0.008927060291171074,0.01656496338546276,-0.008732232265174389,-0.00305372616276145,5.880862
0.3994791666666734,-0.0088881840929389,0.016518307849764824,-0.008724827319383621,-0.0030510309152305126,5.880862
0.40000000000000674,-0.008850013837218285,0.01647365838289261,-0.00871742982417345,-0.0030481440480798483,5.880862
0.4005208333333401,-0.008812612853944302,0.016428722068667412,-0.008709276095032692,-0.0030457312241196632,5.880862
0.40104166666667346,-0.00877612829208374,0.016386304050683975,-0.008701078593730927,-0.003043186152353883,5.880862
0.4015625000000068,-0.008740248158574104,0.016340406611561775,-0.008692648261785507,-0.003038899041712284,5.880862
0.4020833333333402,-0.008705304004251957,0.016298983246088028,-0.008683810941874981,-0.003035338129848242,5.880862
0.40260416666667354,-0.008671042509377003,0.016255773603916168,-0.00867544487118721,-0.0030311071313917637,5.880862
0.4031250000000069,-0.008637527003884315,0.01621214672923088,-0.00866670347750187,-0.0030276307370513678,5.880862
0.40364583333334025,-0.008604823611676693,0.01616891473531723,-0.00865771621465683,-0.003024477744475007,5.880862
0.4041666666666736,-0.008572879247367382,0.016126932576298714,-0.008648092858493328,-0.0030209331307560205,5.880862
0.40468750000000697,-0.008541653864085674,0.016084374859929085,-0.008638124912977219,-0.0030165608040988445,5.880862
0.40520833333334033,-0.008511349558830261,0.016044985502958298,-0.008627823553979397,-0.003012342844158411,5.880862
0.4057291666666737,-0.008481924422085285,0.016004469245672226,-0.008617402985692024,-0.0030079542193561792,5.880862
0.40625000000000705,-0.00845318753272295,0.015961913391947746,-0.0086066834628582,-0.0030041115824133158,5.880862
0.4067708333333404,-0.008425334468483925,0.01592278853058815,-0.008595195598900318,-0.0030000328551977873,5.880862
0.40729166666667377,-0.008398253470659256,0.01588454097509384,-0.008582981303334236,-0.002995935268700123,5.880862
0.4078125000000071,-0.008371931500732899,0.01584405079483986,-0.008570202626287937,-0.00299273245036602,5.880862
0.4083333333333405,-0.00834635365754366,0.01580701395869255,-0.008556458167731762,-0.002989688189700246,5.880862
0.40885416666667385,-0.008321715518832207,0.015766942873597145,-0.008542265743017197,-0.0029862315859645605,5.880862
0.4093750000000072,-0.008297890424728394,0.015729723498225212,-0.008526661433279514,-0.0029831514693796635,5.880862
0.40989583333334056,-0.00827492494136095,0.015692442655563354,-0.008510109037160873,-0.00298074702732265,5.880862
0.4104166666666739,-0.008252614177763462,0.015655243769288063,-0.008492428809404373,-0.002978262025862932,5.880862
0.4109375000000073,-0.00823119468986988,0.015617931261658669,-0.008473672904074192,-0.002976298565044999,5.880862
0.41145833333334064,-0.008210539817810059,0.015582113526761532,-0.008453411981463432,-0.0029758682940155268,5.880862
0.411979166666674,-0.008190812543034554,0.015545591711997986,-0.008431377820670605,-0.0029744524508714676,5.880862
0.41250000000000736,-0.008171784691512585,0.01550848875194788,-0.00840828474611044,-0.002973941620439291,5.880862
0.4130208333333407,-0.008153567090630531,0.01547270268201828,-0.008383065462112427,-0.002974937204271555,5.880862
0.4135416666666741,-0.008136213757097721,0.015437349677085876,-0.008356438018381596,-0.0029758792370557785,5.880862
0.41406250000000744,-0.00811955239623785,0.015400532633066177,-0.008329717442393303,-0.0029772031120955944,5.880862
0.4145833333333408,-0.008103866130113602,0.015366056933999062,-0.008302032016217709,-0.0029794718138873577,5.880862
0.41510416666667416,-0.008088838309049606,0.01533191092312336,-0.00827471911907196,-0.0029826448298990726,5.880862
0.4156250000000075,-0.008074603974819183,0.01529766246676445,-0.008248258382081985,-0.0029856739565730095,5.880862
0.4161458333333409,-0.008061214350163937,0.01526559516787529,-0.008223139680922031,-0.0029899170622229576,5.880862
0.41666666666667423,-0.008048520423471928,0.015233892947435379,-0.008199706673622131,-0.00299424328841269,5.880862
0.4171875000000076,-0.008036728017032146,0.015205428935587406,-0.008178993128240108,-0.0029991453047841787,5.880862
0.41770833333334095,-0.00802546925842762,0.015176423825323582,-0.008160868659615517,-0.003003202611580491,5.880862
0.4182291666666743,-0.008015168830752373,0.015150400809943676,-0.008146545849740505,-0.003006769111379981,5.880862
0.41875000000000767,-0.008005569688975811,0.015126868151128292,-0.008135740645229816,-0.0030096503905951977,5.880862
0.41927083333334103,-0.007996714673936367,0.015104624442756176,-0.008128684014081955,-0.0030129291117191315,5.880862
0.4197916666666744,-0.007988536730408669,0.015085110440850258,-0.008124586194753647,-0.00301636871881783,5.880862
0.42031250000000775,-0.007980954833328724,0.01506669633090496,-0.008123070001602173,-0.003019544994458556,5.880862
0.4208333333333411,-0.007974146865308285,0.015049662441015244,-0.008122861385345459,-0.0030218353495001793,5.880862
0.42135416666667447,-0.00796806812286377,0.015034683048725128,-0.008123188279569149,-0.0030246719252318144,5.880862
0.4218750000000078,-0.007962417788803577,0.015020294114947319,-0.008124031126499176,-0.0030277592595666647,5.880862
0.4223958333333412,-0.007957594469189644,0.015005931258201599,-0.008124087937176228,-0.003030918538570404,5.880862
0.42291666666667455,-0.007953096181154251,0.014993013814091682,-0.008124161511659622,-0.003033881541341543,5.880862
0.4234375000000079,-0.007949387654662132,0.014980996958911419,-0.008124077692627907,-0.003036743961274624,5.880862
0.42395833333334126,-0.007946223020553589,0.01497044786810875,-0.008122841827571392,-0.003039889270439744,5.880862
0.4244791666666746,-0.007943760603666306,0.014961258508265018,-0.008121735416352749,-0.003043117932975292,5.880862
0.425000000000008,-0.00794186256825924,0.014954177662730217,-0.008120403625071049,-0.0030467021279037,5.880862
0.42552083333334134,-0.007940692827105522,0.014950119890272617,-0.0081190075725317,-0.0030490325298160315,5.880862
0.4260416666666747,-0.007940004579722881,0.014948760159313679,-0.008117679506540298,-0.0030506544280797243,5.880862
0.42656250000000806,-0.007939551956951618,0.014949123375117779,-0.008115812204778194,-0.0030522476881742477,5.880862
0.4270833333333414,-0.007939206436276436,0.014950498007237911,-0.008114510215818882,-0.003053261898458004,5.880862
0.4276041666666748,-0.007938884198665619,0.014952079392969608,-0.008112688548862934,-0.0030543042812496424,5.880862
0.42812500000000814,-0.007938585244119167,0.01495412364602089,-0.008111266419291496,-0.0030554223340004683,5.880862
0.4286458333333415,-0.007938282564282417,0.014955743215978146,-0.008110422641038895,-0.003056557150557637,5.880862
0.42916666666667486,-0.007937957532703876,0.01495690643787384,-0.008108909241855145,-0.0030575122218579054,5.880862
0.4296875000000082,-0.007937653921544552,0.014958967454731464,-0.008107464760541916,-0.003060068702325225,5.880862
0.4302083333333416,-0.007937343791127205,0.014960317872464657,-0.008106195367872715,-0.003061664290726185,5.880862
0.43072916666667493,-0.007937033660709858,0.014961359091103077,-0.008104739710688591,-0.0030633516144007444,5.880862
0.4312500000000083,-0.007936769165098667,0.014962890185415745,-0.008103306405246258,-0.0030665365047752857,5.880862
0.43177083333334165,-0.007936468347907066,0.014964430592954159,-0.008101695217192173,-0.0030682869255542755,5.880862
0.432291666666675,-0.007936149835586548,0.014966031536459923,-0.008100556209683418,-0.003071094397455454,5.880862
0.43281250000000837,-0.007935848087072372,0.014967743307352066,-0.008099119178950787,-0.0030727642588317394,5.880862
0.43333333333334173,-0.007935539819300175,0.014969202689826488,-0.008097716607153416,-0.003075710730627179,5.880862
0.4338541666666751,-0.007935252040624619,0.014970576390624046,-0.008096296340227127,-0.003077921224758029,5.880862
0.43437500000000845,-0.0079349335283041,0.014971978031098843,-0.008095090277493,-0.0030800600070506334,5.880862
0.4348958333333418,-0.007934623397886753,0.0149737149477005,-0.008093693293631077,-0.0030831201002001762,5.880862
0.43541666666667517,-0.007934322580695152,0.01497563999146223,-0.008092500269412994,-0.0030848965980112553,5.880862
0.4359375000000085,-0.00793397706001997,0.01497676596045494,-0.008091019466519356,-0.0030873348005115986,5.880862
0.4364583333333419,-0.007933693006634712,0.014978411607444286,-0.00808972492814064,-0.003088354365900159,5.880862
0.43697916666667524,-0.007933380082249641,0.01497962512075901,-0.008088556118309498,-0.003090233774855733,5.880862
0.4375000000000086,-0.007933049462735653,0.014980610460042953,-0.00808735191822052,-0.003093127626925707,5.880862
0.43802083333334196,-0.007932770997285843,0.014982079155743122,-0.008085697889328003,-0.003095167689025402,5.880862
0.4385416666666753,-0.007932457141578197,0.014983662404119968,-0.008084442466497421,-0.003096845466643572,5.880862
0.4390625000000087,-0.00793213490396738,0.014984991401433945,-0.008083215914666653,-0.003097943030297756,5.880862
0.43958333333334204,-0.007931836880743504,0.014986480586230755,-0.008082160726189613,-0.0030992133542895317,5.880862
0.4401041666666754,-0.007931510917842388,0.014987749047577381,-0.00808089692145586,-0.003100964240729809,5.880862
0.44062500000000876,-0.00793120265007019,0.01498913299292326,-0.008079052902758121,-0.003102347021922469,5.880862
0.4411458333333421,-0.007930891588330269,0.014990566298365593,-0.008077321574091911,-0.0031034769490361214,5.880862
0.4416666666666755,-0.007930566556751728,0.014991646632552147,-0.008076176978647709,-0.0031037700828164816,5.880862
0.44218750000000884,-0.007930262945592403,0.014993404969573021,-0.008074653334915638,-0.003104601753875613,5.880862
0.4427083333333422,-0.007929927669465542,0.014994241297245026,-0.00807335413992405,-0.0031053172424435616,5.880862
0.44322916666667556,-0.00792963057756424,0.01499567087739706,-0.008071775548160076,-0.003105978714302182,5.880862
0.4437500000000089,-0.007929305545985699,0.014996876008808613,-0.008069963194429874,-0.0031065766233950853,5.880862
0.4442708333333423,-0.007928982377052307,0.014998565427958965,-0.008068347349762917,-0.0031071417033672333,5.880862
0.44479166666667563,-0.00792863592505455,0.014999556355178356,-0.008067152462899685,-0.003107859520241618,5.880862
0.445312500000009,-0.007928343489766121,0.015001105144619942,-0.00806580949574709,-0.0031088953837752342,5.880862
0.44583333333334235,-0.00792799424380064,0.015002003870904446,-0.00806450191885233,-0.003109879093244672,5.880862
0.4463541666666757,-0.007927712053060532,0.015003162436187267,-0.00806243997067213,-0.0031108593102544546,5.880862
0.44687500000000907,-0.00792736653238535,0.015003910288214684,-0.008061000145971775,-0.00311239599250257,5.880862
0.44739583333334243,-0.007927070371806622,0.015005922876298428,-0.008060249499976635,-0.003113583894446492,5.880862
0.4479166666666758,-0.007926719263195992,0.0150068998336792,-0.0080582769587636,-0.003114488208666444,5.880862
0.44843750000000915,-0.007926410995423794,0.015008419752120972,-0.008057146333158016,-0.0031160677317529917,5.880862
0.4489583333333425,-0.00792607106268406,0.015009633265435696,-0.008056039921939373,-0.0031166919507086277,5.880862
0.44947916666667587,-0.00792574044317007,0.015010165981948376,-0.008054403588175774,-0.003117480780929327,5.880862
0.4500000000000092,-0.007925450801849365,0.015011993236839771,-0.008052945137023926,-0.0031185352709144354,5.880862
0.4505208333333426,-0.007925084792077541,0.015013037249445915,-0.00805163849145174,-0.003119535045698285,5.880862
0.45104166666667594,-0.007924752309918404,0.015014369040727615,-0.008050667122006416,-0.0031202477402985096,5.880862
0.4515625000000093,-0.007924383506178856,0.015015202574431896,-0.008049328811466694,-0.0031214270275086164,5.880862
0.45208333333334266,-0.007924076169729233,0.015016674064099789,-0.00804832112044096,-0.0031229592859745026,5.880862
0.452604166666676,-0.007923746481537819,0.01501763891428709,-0.008046708069741726,-0.0031238815281540155,5.880862
0.4531250000000094,-0.007923432625830173,0.015018677338957787,-0.008045114576816559,-0.0031250675674527884,5.880862
0.45364583333334274,-0.007923092693090439,0.015019472688436508,-0.008043703623116016,-0.0031252175103873014,5.880862
0.4541666666666761,-0.007922780700027943,0.015020286664366722,-0.008041707798838615,-0.0031264470890164375,5.880862
0.45468750000000946,-0.007922475226223469,0.015021495521068573,-0.008040464483201504,-0.003127133473753929,5.880862
0.4552083333333428,-0.007922090590000153,0.015022004023194313,-0.008039220236241817,-0.00312747061252594,5.880862
0.4557291666666762,-0.00792178325355053,0.015023361891508102,-0.008037878200411797,-0.00312776118516922,5.880862
0.45625000000000954,-0.007921434938907623,0.015023884363472462,-0.008036099374294281,-0.0031287039164453745,5.880862
0.4567708333333429,-0.007921147160232067,0.015025130473077297,-0.008034316822886467,-0.0031298035755753517,5.880862
0.45729166666667626,-0.007920779287815094,0.015025641769170761,-0.008032930083572865,-0.0031310920603573322,5.880862
0.4578125000000096,-0.007920442149043083,0.015026874840259552,-0.00803157314658165,-0.0031312955543398857,5.880862
0.458333333333343,-0.0079201003536582,0.01502775214612484,-0.008030213415622711,-0.003131365403532982,5.880862
0.45885416666667633,-0.007919765077531338,0.015028459951281548,-0.008028577081859112,-0.0031321109272539616,5.880862
0.4593750000000097,-0.00791943445801735,0.015029581263661385,-0.008026907220482826,-0.003132784739136696,5.880862
0.45989583333334305,-0.007919114083051682,0.015030978247523308,-0.008025764487683773,-0.003133810590952635,5.880862
0.4604166666666764,-0.007918734103441238,0.015031496062874794,-0.00802457146346569,-0.003134834347292781,5.880862
0.46093750000000977,-0.00791841372847557,0.015032791532576084,-0.008023298345506191,-0.0031350571662187576,5.880862
0.46145833333334313,-0.007918065413832664,0.015033603645861149,-0.008021478541195393,-0.0031352436635643244,5.880862
0.4619791666666765,-0.007917709648609161,0.015034141950309277,-0.008019976317882538,-0.0031353116501122713,5.880862
0.46250000000000985,-0.007917392998933792,0.015035178512334824,-0.008018647320568562,-0.0031362262088805437,5.880862
0.4630208333333432,-0.007917051203548908,0.01503628958016634,-0.008017631247639656,-0.0031367959454655647,5.880862
0.46354166666667657,-0.007916702888906002,0.015037386678159237,-0.008016299456357956,-0.0031377170234918594,5.880862
0.4640625000000099,-0.007916350848972797,0.01503840833902359,-0.008015025407075882,-0.0031380439177155495,5.880862
0.4645833333333433,-0.007915997877717018,0.01503912452608347,-0.008013364858925343,-0.0031388145871460438,5.880862
0.46510416666667664,-0.007915636524558067,0.015039550140500069,-0.008011216297745705,-0.003139031119644642,5.880862
0.46562500000001,-0.007915339432656765,0.015041248872876167,-0.00800937507301569,-0.003139255568385124,5.880862
0.46614583333334336,-0.007914942689239979,0.015041430480778217,-0.008007362484931946,-0.00313969561830163,5.880862
0.4666666666666767,-0.007914622314274311,0.015042545273900032,-0.008006591349840164,-0.0031406949274241924,5.880862
0.4671875000000101,-0.007914235815405846,0.015042929910123348,-0.008005342446267605,-0.00314151868224144,5.880862
0.46770833333334344,-0.007913913577795029,0.015044236555695534,-0.008004223927855492,-0.0031425098422914743,5.880862
0.4682291666666768,-0.007913489826023579,0.015044345520436764,-0.008002903312444687,-0.0031424814369529486,5.880862
0.46875000000001016,-0.00791313499212265,0.015045158565044403,-0.00800113845616579,-0.0031419526785612106,5.880862
0.4692708333333435,-0.007912822999060154,0.0150463180616498,-0.007999752648174763,-0.0031421163585036993,5.880862
0.4697916666666769,-0.007912451401352882,0.015046963468194008,-0.007998401299118996,-0.0031428125221282244,5.880862
0.47031250000001024,-0.007912110537290573,0.015048371627926826,-0.00799734890460968,-0.0031433606054633856,5.880862
0.4708333333333436,-0.007911705411970615,0.015048581175506115,-0.007996092550456524,-0.00314368330873549,5.880862
0.47135416666667695,-0.007911360822618008,0.015049636363983154,-0.007994594052433968,-0.0031450761016458273,5.880862
0.4718750000000103,-0.00791099201887846,0.015050574205815792,-0.007993806153535843,-0.00314585049636662,5.880862
0.4723958333333437,-0.00791062694042921,0.015051069669425488,-0.007992354221642017,-0.0031471734400838614,5.880862
0.47291666666667703,-0.007910262793302536,0.015051563270390034,-0.007991185411810875,-0.0031472332775592804,5.880862
0.4734375000000104,-0.00790987629443407,0.015052026137709618,-0.007989654317498207,-0.003147011622786522,5.880862
0.47395833333334375,-0.007909519597887993,0.015052901580929756,-0.00798807479441166,-0.003147223498672247,5.880862
0.4744791666666771,-0.007909166626632214,0.015053934417665005,-0.00798705406486988,-0.0031477664597332478,5.880862
0.47500000000001047,-0.007908754982054234,0.015053498558700085,-0.007985414937138557,-0.0031480551697313786,5.880862
0.47552083333334383,-0.007908426225185394,0.015054414980113506,-0.007983694784343243,-0.00314888684079051,5.880862
0.4760416666666772,-0.00790807232260704,0.015055456198751926,-0.007982003502547741,-0.003148487303406,5.880862
0.47656250000001055,-0.007907711900770664,0.015055813826620579,-0.007980725727975368,-0.003148843999952078,5.880862
0.4770833333333439,-0.00790733378380537,0.01505637913942337,-0.00797896459698677,-0.003148865420371294,5.880862
0.47760416666667727,-0.007906949147582054,0.015056807547807693,-0.007977047935128212,-0.0031470030080527067,5.880862
0.4781250000000106,-0.00790658313781023,0.015057388693094254,-0.007975619286298752,-0.003147928509861231,5.880862
0.478645833333344,-0.007906218990683556,0.015057708136737347,-0.007973872125148773,-0.003147764364257455,5.880862
0.47916666666667734,-0.007905849255621433,0.015058491379022598,-0.007972373627126217,-0.003148607211187482,5.880862
0.4796875000000107,-0.007905456237494946,0.015058940276503563,-0.007970730774104595,-0.0031490069814026356,5.880862
0.48020833333334406,-0.007905076257884502,0.015059183351695538,-0.007968802005052567,-0.0031496849842369556,5.880862
0.4807291666666774,-0.0079047167673707,0.015059786848723888,-0.007967325858771801,-0.003150716656818986,5.880862
0.4812500000000108,-0.007904344238340855,0.015060421079397202,-0.007965631783008575,-0.0031498847529292107,5.880862
0.48177083333334414,-0.007903970777988434,0.01506172027438879,-0.007964820601046085,-0.0031514426227658987,5.880862
0.4822916666666775,-0.007903550751507282,0.015061848796904087,-0.007963941432535648,-0.0031517730094492435,5.880862
0.48281250000001086,-0.007903187535703182,0.015062781050801277,-0.007962296716868877,-0.003151263576000929,5.880862
0.4833333333333442,-0.007902789860963821,0.015062781050801277,-0.007961103692650795,-0.003152034478262067,5.880862
0.4838541666666776,-0.007902427576482296,0.015063311904668808,-0.00795993022620678,-0.0031531599815934896,5.880862
0.48437500000001094,-0.007902043871581554,0.015063547529280186,-0.007958403788506985,-0.003153583500534296,5.880862
0.4848958333333443,-0.007901647128164768,0.015064101666212082,-0.007956443354487419,-0.0031537788454443216,5.880862
0.48541666666667765,-0.007901263423264027,0.015064528211951256,-0.007955390959978104,-0.0031539511401206255,5.880862
0.485937500000011,-0.007900888100266457,0.015064738690853119,-0.007953735068440437,-0.0031542207580059767,5.880862
0.4864583333333444,-0.007900509051978588,0.015065038576722145,-0.007951722480356693,-0.0031549553386867046,5.880862
0.48697916666667773,-0.007900129072368145,0.015065217390656471,-0.00795003492385149,-0.003155096899718046,5.880862
0.4875000000000111,-0.007899723947048187,0.015065048821270466,-0.007948287762701511,-0.003155336482450366,5.880862
0.48802083333334445,-0.007899354211986065,0.015065766870975494,-0.007946708239614964,-0.0031553080771118402,5.880862
0.4885416666666778,-0.007898940704762936,0.015065586194396019,-0.007945148274302483,-0.0031559080816805363,5.880862
0.48906250000001117,-0.007898540236055851,0.015065512619912624,-0.007942982949316502,-0.003155145328491926,5.880862
0.48958333333334453,-0.007898163981735706,0.015065878629684448,-0.007940983399748802,-0.003155869198963046,5.880862
0.4901041666666779,-0.007897771894931793,0.015065985731780529,-0.007939337752759457,-0.0031565558165311813,5.880862
0.49062500000001125,-0.00789736956357956,0.015066195279359818,-0.007937617599964142,-0.003157304134219885,5.880862
0.4911458333333446,-0.007896974682807922,0.015065972693264484,-0.00793631561100483,-0.0031579763162881136,5.880862
0.49166666666667797,-0.007896597497165203,0.015066449530422688,-0.007934966124594212,-0.003158717416226864,5.880862
0.4921875000000113,-0.00789631251245737,0.015064403414726257,-0.007934910245239735,-0.0031614480540156364,5.880862
0.4927083333333447,-0.007895935326814651,0.015062558464705944,-0.007934579625725746,-0.0031616264022886753,5.880862
0.49322916666667804,-0.007895505987107754,0.015059745870530605,-0.00793423317372799,-0.0031632527243345976,5.880862
0.4937500000000114,-0.007894990965723991,0.015056315809488297,-0.007933598011732101,-0.003163589397445321,5.880862
0.49427083333334476,-0.007894410751760006,0.01505275908857584,-0.007931557483971119,-0.0031642504036426544,5.880862
0.4947916666666781,-0.007893642410635948,0.015047394670546055,-0.007930303923785686,-0.0031641803216189146,5.880862
0.4953125000000115,-0.007892802357673645,0.015041425824165344,-0.007928703911602497,-0.0031639074441045523,5.880862
0.49583333333334484,-0.007891903631389141,0.015035299584269524,-0.0079270601272583,-0.0031634338665753603,5.880862
0.4963541666666782,-0.00789104588329792,0.015029455535113811,-0.007925696671009064,-0.003163179149851203,5.880862
0.49687500000001156,-0.007890255190432072,0.015024014748632908,-0.007923825643956661,-0.003164478810504079,5.880862
0.4973958333333449,-0.00788937695324421,0.015017605386674404,-0.007922127842903137,-0.003164196154102683,5.880862
0.4979166666666783,-0.007888454012572765,0.015010748989880085,-0.007919943891465664,-0.00316377030685544,5.880862
0.49843750000001164,-0.00788792409002781,0.015010078437626362,-0.007918755523860455,-0.003163364715874195,5.880862
0.498958333333345,-0.007887862622737885,0.0150143438950181,-0.007916884496808052,-0.003164677182212472,5.880862
0.49947916666667835,-0.00788741372525692,0.015012376010417938,-0.007914779707789421,-0.0031647568102926016,5.880862
0.5000000000000117,-0.007887068204581738,0.01501455344259739,-0.007912791334092617,-0.0031648078002035618,5.880862
0.500520833333345,-0.007886679843068123,0.015015916898846626,-0.007911219261586666,-0.003165194531902671,5.880862
0.5010416666666783,-0.007886430248618126,0.015018759295344353,-0.007909917272627354,-0.003165019676089287,5.880862
0.5015625000000116,-0.007886306382715702,0.01502091996371746,-0.007908426225185394,-0.003165740519762039,5.880862
0.5020833333333449,-0.007885938510298729,0.015015861950814724,-0.007907981984317303,-0.00316646252758801,5.880862
0.5026041666666782,-0.007885239087045193,0.015011265873908997,-0.007906255312263966,-0.003166095819324255,5.880862
0.5031250000000115,-0.007884451188147068,0.01500607281923294,-0.007904555648565292,-0.003163991728797555,5.880862
0.5036458333333448,-0.007883825339376926,0.015004552900791168,-0.007902475073933601,-0.003163401037454605,5.880862
0.5041666666666781,-0.007883538492023945,0.015006075613200665,-0.007900575175881386,-0.0031638501677662134,5.880862
0.5046875000000114,-0.007883237674832344,0.015007097274065018,-0.007899079471826553,-0.0031648348085582256,5.880862
0.5052083333333447,-0.007882858626544476,0.015006955713033676,-0.00789785385131836,-0.0031655130442231894,5.880862
0.505729166666678,-0.007882430218160152,0.01500672660768032,-0.00789649412035942,-0.0031648557633161545,5.880862
0.5062500000000113,-0.007882039062678814,0.015006491914391518,-0.007894874550402164,-0.0031654750928282738,5.880862
0.5067708333333446,-0.007881664671003819,0.015007009729743004,-0.007893751375377178,-0.0031658366788178682,5.880862
0.5072916666666779,-0.00788126327097416,0.01500692404806614,-0.007892097346484661,-0.003166177775710821,5.880862
0.5078125000000112,-0.007880844175815582,0.015006083995103836,-0.007890415377914906,-0.0031660229433327913,5.880862
0.5083333333333445,-0.007880426943302155,0.01500634290277958,-0.007888558320701122,-0.003166163107380271,5.880862
0.5088541666666778,-0.007880011573433876,0.015006075613200665,-0.007887495681643486,-0.0031659859232604504,5.880862
0.5093750000000111,-0.007879573851823807,0.015005717054009438,-0.0078860092908144,-0.0031663947738707066,5.880862
0.5098958333333444,-0.007879195734858513,0.015006663277745247,-0.007884257473051548,-0.0031670082826167345,5.880862
0.5104166666666777,-0.00787883810698986,0.015007379464805126,-0.00788276270031929,-0.0031677579972893,5.880862
0.510937500000011,-0.007878415286540985,0.015006441622972488,-0.007881222292780876,-0.0031675163190811872,5.880862
0.5114583333333443,-0.00787795428186655,0.015005817636847496,-0.007879779674112797,-0.00316807278431952,5.880862
0.5119791666666776,-0.007877539843320847,0.015006111934781075,-0.007878340780735016,-0.003169251373037696,5.880862
0.512500000000011,-0.007877189666032791,0.0150062944740057,-0.007876362651586533,-0.003169290255755186,5.880862
0.5130208333333443,-0.007876752875745296,0.015005504712462425,-0.007874750532209873,-0.003169043455272913,5.880862
0.5135416666666776,-0.007876272313296795,0.015004281885921955,-0.007873211055994034,-0.003170405048877001,5.880862
0.5140625000000109,-0.007875882089138031,0.015005107969045639,-0.007872162386775017,-0.003170494921505451,5.880862
0.5145833333333442,-0.00787548627704382,0.0150052011013031,-0.00787065178155899,-0.0031703447457402945,5.880862
0.5151041666666775,-0.007875111885368824,0.015005873516201973,-0.007869374006986618,-0.0031696665100753307,5.880862
0.5156250000000108,-0.007874693721532822,0.015005470253527164,-0.007867636159062386,-0.003169726114720106,5.880862
0.5161458333333441,-0.00787425972521305,0.015004853717982769,-0.00786567758768797,-0.0031696087680757046,5.880862
0.5166666666666774,-0.007873820140957832,0.015004432760179043,-0.007864086888730526,-0.003169352887198329,5.880862
0.5171875000000107,-0.007873370312154293,0.015003776177763939,-0.007862716913223267,-0.003169045550748706,5.880862
0.517708333333344,-0.007872934453189373,0.015003891661763191,-0.007861096411943436,-0.0031693095806986094,5.880862
0.5182291666666773,-0.007872531190514565,0.0150036895647645,-0.00785941444337368,-0.0031694232020527124,5.880862
0.5187500000000106,-0.007872093468904495,0.01500304788351059,-0.007857972756028175,-0.0031690518371760845,5.880862
0.5192708333333439,-0.00787169300019741,0.015003036707639694,-0.00785670056939125,-0.0031698904931545258,5.880862
0.5197916666666772,-0.007871279492974281,0.015002957545220852,-0.007855013944208622,-0.003169161733239889,5.880862
0.5203125000000105,-0.00787083338946104,0.015002022497355938,-0.007853351533412933,-0.0031690194737166166,5.880862
0.5208333333333438,-0.007870424538850784,0.015002167783677578,-0.007851800881326199,-0.0031691440381109715,5.880862
0.5213541666666771,-0.007870023138821125,0.015002104453742504,-0.007850292138755322,-0.003169209696352482,5.880862
0.5218750000000104,-0.007869572378695011,0.015001480467617512,-0.00784878060221672,-0.0031693733762949705,5.880862
0.5223958333333437,-0.00786911603063345,0.015001161955296993,-0.007847152650356293,-0.0031692252960056067,5.880862
0.522916666666677,-0.007868708111345768,0.015001229010522366,-0.007846033200621605,-0.003168861847370863,5.880862
0.5234375000000103,-0.007868283428251743,0.015000923536717892,-0.007844737730920315,-0.003169669071212411,5.880862
0.5239583333333436,-0.007867853157222271,0.015000853687524796,-0.00784313678741455,-0.003170397598296404,5.880862
0.5244791666666769,-0.007867421954870224,0.015000401996076107,-0.007841463200747967,-0.0031699901446700096,5.880862
0.5250000000000102,-0.007866954430937767,0.014999463222920895,-0.007839446887373924,-0.0031690881587564945,5.880862
0.5255208333333435,-0.007866501808166504,0.014998720027506351,-0.007837451063096523,-0.0031691966578364372,5.880862
0.5260416666666768,-0.007866076193749905,0.014998442493379116,-0.00783547479659319,-0.0031686853617429733,5.880862
0.5265625000000101,-0.007865658961236477,0.014998151920735836,-0.007834131829440594,-0.003168657189235091,5.880862
0.5270833333333435,-0.00786522962152958,0.01499764434993267,-0.007832782343029976,-0.0031693601049482822,5.880862
0.5276041666666768,-0.00786471739411354,0.014996662735939026,-0.007830929011106491,-0.0031694392673671246,5.880862
0.5281250000000101,-0.007864227518439293,0.01499588880687952,-0.00782901979982853,-0.0031687263399362564,5.880862
0.5286458333333434,-0.007863820530474186,0.014995509758591652,-0.007827294990420341,-0.0031685023568570614,5.880862
0.5291666666666767,-0.007863364182412624,0.014995046891272068,-0.00782555341720581,-0.003168094903230667,5.880862
0.52968750000001,-0.007862932048738003,0.014994649216532707,-0.007823803462088108,-0.0031671274919062853,5.880862
0.5302083333333433,-0.00786247942596674,0.014994141645729542,-0.007821928709745407,-0.0031672746408730745,5.880862
0.5307291666666766,-0.007862028665840626,0.014993580989539623,-0.00782025046646595,-0.0031669342424720526,5.880862
0.5312500000000099,-0.00786156952381134,0.014992985874414444,-0.007818596437573433,-0.00316639244556427,5.880862
0.5317708333333432,-0.00786109920591116,0.014992103911936283,-0.007817037403583527,-0.003166461130604148,5.880862
0.5322916666666765,-0.007860643789172173,0.01499167736619711,-0.007815242744982243,-0.0031658404041081667,5.880862
0.5328125000000098,-0.007860214449465275,0.01499112881720066,-0.007813473232090473,-0.0031660201493650675,5.880862
0.5333333333333431,-0.00785976741462946,0.014990434050559998,-0.007811499759554863,-0.0031662427354604006,5.880862
0.5338541666666764,-0.007859311066567898,0.014989225193858147,-0.007809449918568134,-0.0031658511143177748,5.880862
0.5343750000000097,-0.007858832366764545,0.014988044276833534,-0.007807504385709763,-0.003166225738823414,5.880862
0.534895833333343,-0.00785836298018694,0.01498746033757925,-0.007805409375578165,-0.0031656024511903524,5.880862
0.5354166666666763,-0.007857948541641235,0.014987521804869175,-0.007804160472005606,-0.003165596630424261,5.880862
0.5359375000000096,-0.007857481949031353,0.014986936002969742,-0.007802336476743221,-0.003165548900142312,5.880862
0.5364583333333429,-0.007857012562453747,0.014985734596848488,-0.007800393737852573,-0.0031648017466068268,5.880862
0.5369791666666762,-0.00785648263990879,0.014984273351728916,-0.007798830047249794,-0.003163950750604272,5.880862
0.5375000000000095,-0.007856015115976334,0.01498427428305149,-0.007796951569616795,-0.00316316494718194,5.880862
0.5380208333333428,-0.007855579257011414,0.01498378161340952,-0.0077954307198524475,-0.003163183806464076,5.880862
0.5385416666666761,-0.007855042815208435,0.014982499182224274,-0.007793539669364691,-0.00316340452991426,5.880862
0.5390625000000094,-0.007854575291275978,0.014981823973357677,-0.007791646756231785,-0.0031626871787011623,5.880862
0.5395833333333427,-0.007854131981730461,0.01498150359839201,-0.007790121249854565,-0.003162308130413294,5.880862
0.540104166666676,-0.007853653281927109,0.014980647712945938,-0.007788551971316338,-0.0031622708775103092,5.880862
0.5406250000000093,-0.007853173650801182,0.014979717321693897,-0.007786620873957872,-0.0031612832099199295,5.880862
0.5411458333333427,-0.007852710783481598,0.014979509636759758,-0.0077846460044384,-0.0031615186017006636,5.880862
0.541666666666676,-0.007852242328226566,0.014978373423218727,-0.007782788015902042,-0.0031603339593857527,5.880862
0.5421875000000093,-0.007851727306842804,0.0149767454713583,-0.00778068695217371,-0.00315993744879961,5.880862
0.5427083333333426,-0.007851225323975086,0.014976266771554947,-0.007779707666486502,-0.003159859450533986,5.880862
0.5432291666666759,-0.007850767113268375,0.014975689351558685,-0.007778090890496969,-0.003160109743475914,5.880862
0.5437500000000092,-0.0078502856194973,0.014974956400692463,-0.007776179816573858,-0.0031597749330103397,5.880862
0.5442708333333425,-0.007849829271435738,0.014974791556596756,-0.007774581667035818,-0.0031600850634276867,5.880862
0.5447916666666758,-0.007849366404116154,0.014974413439631462,-0.0077736880630254745,-0.0031599777285009623,5.880862
0.5453125000000091,-0.00784884300082922,0.014973620884120464,-0.007772409822791815,-0.0031596473418176174,5.880862
0.5458333333333424,-0.007848357781767845,0.014972837641835213,-0.007770633790642023,-0.0031589888967573643,5.880862
0.5463541666666757,-0.007847785949707031,0.014970893040299416,-0.007768801413476467,-0.0031582622323185205,5.880862
0.546875000000009,-0.007847331464290619,0.014970511198043823,-0.007767026778310537,-0.003157248953357339,5.880862
0.5473958333333423,-0.00784685555845499,0.014970129355788231,-0.0077654640190303326,-0.0031570992432534695,5.880862
0.5479166666666756,-0.007846368476748466,0.014968839474022388,-0.007764157373458147,-0.0031568987760692835,5.880862
0.5484375000000089,-0.007845885120332241,0.014967930503189564,-0.007762150373309851,-0.003156758612021804,5.880862
0.5489583333333422,-0.00784539058804512,0.014966840855777264,-0.007760175969451666,-0.003157121827825904,5.880862
0.5494791666666755,-0.007844902575016022,0.014965901151299477,-0.007758586201816797,-0.0031570005230605602,5.880862
0.5500000000000088,-0.007844372652471066,0.014964435249567032,-0.007756833918392658,-0.0031567919068038464,5.880862
0.5505208333333421,-0.007843884639441967,0.014963500201702118,-0.00775517150759697,-0.00315611669793725,5.880862
0.5510416666666754,-0.007843396626412868,0.014962831512093544,-0.007753681391477585,-0.0031558782793581486,5.880862
0.5515625000000087,-0.00784287415444851,0.014961387030780315,-0.007751964032649994,-0.003156388411298394,5.880862
0.552083333333342,-0.007842338643968105,0.014959754422307014,-0.0077503751963377,-0.0031572591979056597,5.880862
0.5526041666666753,-0.007841845974326134,0.014958973973989487,-0.007748676463961601,-0.0031568717677146196,5.880862
0.5531250000000086,-0.007841345854103565,0.014958225190639496,-0.0077470759861171246,-0.0031560934148728848,5.880862
0.5536458333333419,-0.007840868085622787,0.014957078732550144,-0.007745430339127779,-0.0031563295051455498,5.880862
0.5541666666666752,-0.007840328849852085,0.014955493621528149,-0.007743803784251213,-0.003155249636620283,5.880862
0.5546875000000085,-0.007839754223823547,0.01495399046689272,-0.0077419402077794075,-0.003154885722324252,5.880862
0.5552083333333419,-0.007839245721697807,0.01495298370718956,-0.007740311790257692,-0.003155096434056759,5.880862
0.5557291666666752,-0.007838722318410873,0.014951897785067558,-0.0077385795302689075,-0.003154052421450615,5.880862
0.5562500000000085,-0.007838252931833267,0.014951595105230808,-0.007737018633633852,-0.003154801670461893,5.880862
0.5567708333333418,-0.007837759330868721,0.014950547367334366,-0.007735854014754295,-0.0031546452082693577,5.880862
0.5572916666666751,-0.007837203331291676,0.014949366450309753,-0.007734641898423433,-0.0031541644129902124,5.880862
0.5578125000000084,-0.007836678065359592,0.014948337338864803,-0.007733161095529795,-0.0031539336778223515,5.880862
0.5583333333333417,-0.00783616304397583,0.01494684349745512,-0.007731510791927576,-0.003153707832098007,5.880862
0.558854166666675,-0.007835634052753448,0.01494569331407547,-0.00772989122197032,-0.0031530431006103754,5.880862
0.5593750000000083,-0.007835118100047112,0.014944903552532196,-0.007728264667093754,-0.0031518409959971905,5.880862
0.5598958333333416,-0.007834604941308498,0.014943556860089302,-0.007726654410362244,-0.0031511567067354918,5.880862
0.5604166666666749,-0.007834096439182758,0.014942072331905365,-0.007724737282842398,-0.0031511939596384764,5.880862
0.5609375000000082,-0.007833542302250862,0.014940517954528332,-0.0077231284230947495,-0.0031513108406215906,5.880862
0.5614583333333415,-0.007832981646060944,0.014939352869987488,-0.007721961010247469,-0.003151677316054702,5.880862
0.5619791666666748,-0.007832484319806099,0.014938538894057274,-0.007720226887613535,-0.003151154378429055,5.880862
0.5625000000000081,-0.007831914350390434,0.014937103725969791,-0.0077186268754303455,-0.003150790696963668,5.880862
0.5630208333333414,-0.007831357419490814,0.014935269020497799,-0.007717377971857786,-0.003151182783767581,5.880862
0.5635416666666747,-0.00783084612339735,0.014934791252017021,-0.007716026622802019,-0.00315081886947155,5.880862
0.564062500000008,-0.007830324582755566,0.014933805912733078,-0.00771437119692564,-0.0031504170037806034,5.880862
0.5645833333333413,-0.007829735986888409,0.01493209321051836,-0.007712629623711109,-0.0031510365661233664,5.880862
0.5651041666666746,-0.00782924983650446,0.014931540004909039,-0.00771073903888464,-0.003150363452732563,5.880862
0.5656250000000079,-0.007828714326024055,0.014930079691112041,-0.007708991877734661,-0.003150437492877245,5.880862
0.5661458333333412,-0.007828163914382458,0.014928308315575123,-0.007707190699875355,-0.0031498633325099945,5.880862
0.5666666666666745,-0.007827592082321644,0.014926654286682606,-0.007705161813646555,-0.0031496393494307995,5.880862
0.5671875000000078,-0.00782701000571251,0.01492530107498169,-0.0077039520256221294,-0.0031501539051532745,5.880862
0.5677083333333411,-0.007826445624232292,0.014923891052603722,-0.007702318951487541,-0.0031495820730924606,5.880862
0.5682291666666744,-0.00782588217407465,0.0149227324873209,-0.007700429763644934,-0.0031494167633354664,5.880862
0.5687500000000077,-0.007825411856174469,0.014922671020030975,-0.007698821369558573,-0.0031486470252275467,5.880862
0.569270833333341,-0.007824855856597424,0.014921421185135841,-0.007696892134845257,-0.0031470099929720163,5.880862
0.5697916666666744,-0.007824263535439968,0.014919281005859375,-0.007695748005062342,-0.0031471955589950085,5.880862
0.5703125000000077,-0.007823670282959938,0.014918075874447823,-0.0076941195875406265,-0.003147273091599345,5.880862
0.570833333333341,-0.007823129184544086,0.014916935935616493,-0.00769241526722908,-0.003146774135529995,5.880862
0.5713541666666743,-0.007822578772902489,0.014916053041815758,-0.007690795697271824,-0.0031466500367969275,5.880862
0.5718750000000076,-0.007822045125067234,0.014914805069565773,-0.007689158897846937,-0.0031462705228477716,5.880862
0.5723958333333409,-0.007821432314813137,0.014912698417901993,-0.007687267381697893,-0.003144776215776801,5.880862
0.5729166666666742,-0.0078208539634943,0.014911186881363392,-0.0076854112558066845,-0.0031448944937437773,5.880862
0.5734375000000075,-0.007820269092917442,0.014909807592630386,-0.007683536037802696,-0.003145602298900485,5.880862
0.5739583333333408,-0.007819736376404762,0.014908978715538979,-0.007681640330702066,-0.003145079594105482,5.880862
0.5744791666666741,-0.007819169200956821,0.014907869510352612,-0.007680011913180351,-0.0031450006645172834,5.880862
0.5750000000000074,-0.007818586193025112,0.014906431548297405,-0.007678186055272818,-0.0031447666697204113,5.880862
0.5755208333333407,-0.00781795009970665,0.014903940260410309,-0.007676071487367153,-0.0031436344143003225,5.880862
0.576041666666674,-0.007817354053258896,0.014902643859386444,-0.007674246095120907,-0.0031431112438440323,5.880862
0.5765625000000073,-0.007816803641617298,0.014901479706168175,-0.007672509178519249,-0.0031417144928127527,5.880862
0.5770833333333406,-0.00781623087823391,0.01490032859146595,-0.007670497056096792,-0.003141347784548998,5.880862
0.5776041666666739,-0.00781565997749567,0.014898920431733131,-0.007668528240174055,-0.0031411803793162107,5.880862
0.5781250000000072,-0.007815082557499409,0.014897721819579601,-0.007667067460715771,-0.0031408187933266163,5.880862
0.5786458333333405,-0.007814457640051842,0.014896177686750889,-0.007664464879781008,-0.003141118912026286,5.880862
0.5791666666666738,-0.007813874632120132,0.014894592575728893,-0.0076627666130661964,-0.003140651388093829,5.880862
0.5796875000000071,-0.007813271135091782,0.014892905950546265,-0.00766089279204607,-0.0031404360197484493,5.880862
0.5802083333333404,-0.007812662981450558,0.014891373924911022,-0.007659304421395063,-0.003141002496704459,5.880862
0.5807291666666737,-0.007812068797647953,0.014889957383275032,-0.007657271809875965,-0.0031400423031300306,5.880862
0.581250000000007,-0.0078114913776516914,0.014888481236994267,-0.00765573512762785,-0.003139760810881853,5.880862
0.5817708333333403,-0.007810891140252352,0.01488692406564951,-0.007654040120542049,-0.0031394334509968758,5.880862
0.5822916666666736,-0.007810262031853199,0.01488533802330494,-0.007652249652892351,-0.003139818087220192,5.880862
0.582812500000007,-0.007809674832969904,0.01488411519676447,-0.007650855462998152,-0.003138859523460269,5.880862
0.5833333333333403,-0.00780903734266758,0.01488207932561636,-0.007648839615285397,-0.003138864180073142,5.880862
0.5838541666666736,-0.0078084394335746765,0.014880483038723469,-0.007646520156413317,-0.0031380336731672287,5.880862
0.5843750000000069,-0.007807832211256027,0.014878625981509686,-0.007644533179700375,-0.0031369964126497507,5.880862
0.5848958333333402,-0.007807199843227863,0.01487739011645317,-0.007642984390258789,-0.0031360299326479435,5.880862
0.5854166666666735,-0.007806606590747833,0.014875681139528751,-0.007641441188752651,-0.003136741230264306,5.880862
0.5859375000000068,-0.007805968634784222,0.01487407274544239,-0.0076396893709897995,-0.003136943792924285,5.880862
0.5864583333333401,-0.00780534977093339,0.014872676692903042,-0.007638059556484222,-0.003137290943413973,5.880862
0.5869791666666734,-0.00780473230406642,0.014870740473270416,-0.007636410184204578,-0.0031370047945529222,5.880862
0.5875000000000067,-0.007804078049957752,0.014868659898638725,-0.007633930072188377,-0.003136593149974942,5.880862
0.58802083333334,-0.007803457789123058,0.014867136254906654,-0.007632310967892408,-0.0031362741719931364,5.880862
0.5885416666666733,-0.007802815642207861,0.01486493181437254,-0.007630405016243458,-0.003136349841952324,5.880862
0.5890625000000066,-0.007802227512001991,0.014864200726151466,-0.0076284222304821014,-0.0031363433226943016,5.880862
0.5895833333333399,-0.007801593281328678,0.014862274751067162,-0.007626880891621113,-0.0031365465838462114,5.880862
0.5901041666666732,-0.007800941355526447,0.014860357157886028,-0.007625116501003504,-0.003136446699500084,5.880862
0.5906250000000065,-0.0078002517111599445,0.014858427457511425,-0.0076233684085309505,-0.0031370120123028755,5.880862
0.5911458333333398,-0.007799603044986725,0.014855997636914253,-0.007621477823704481,-0.0031360513530671597,5.880862
0.5916666666666731,-0.007798933424055576,0.01485401764512062,-0.007619286421686411,-0.0031344990711659193,5.880862
0.5921875000000064,-0.007798309437930584,0.01485244370996952,-0.007617463823407888,-0.003134580561891198,5.880862
0.5927083333333397,-0.007797664031386375,0.014851363375782967,-0.007615639362484217,-0.003134580096229911,5.880862
0.593229166666673,-0.007797039579600096,0.014849310740828514,-0.007613725960254669,-0.003133924677968025,5.880862
0.5937500000000063,-0.007796332240104675,0.014847200363874435,-0.0076118470169603825,-0.003132963553071022,5.880862
0.5942708333333396,-0.007795621175318956,0.01484481431543827,-0.0076097361743450165,-0.0031315400265157223,5.880862
0.5947916666666729,-0.007794995792210102,0.014843382872641087,-0.007608103100210428,-0.0031320974230766296,5.880862
0.5953125000000062,-0.0077943517826497555,0.014841551892459393,-0.007606725208461285,-0.003131631063297391,5.880862
0.5958333333333395,-0.0077936830930411816,0.014839845709502697,-0.0076044173911213875,-0.003131299978122115,5.880862
0.5963541666666728,-0.007792955730110407,0.014837399125099182,-0.007603010628372431,-0.0031309607438743114,5.880862
0.5968750000000062,-0.007792302407324314,0.014835684560239315,-0.007601364050060511,-0.0031307265162467957,5.880862
0.5973958333333395,-0.007791570387780666,0.014833423309028149,-0.00759935611858964,-0.003130562137812376,5.880862
0.5979166666666728,-0.007790937554091215,0.014831729233264923,-0.007597177755087614,-0.00313061592169106,5.880862
0.5984375000000061,-0.0077902814373373985,0.014829719439148903,-0.007595081813633442,-0.003129885997623205,5.880862
0.5989583333333394,-0.007789640687406063,0.014827923849225044,-0.0075930277816951275,-0.0031293209176510572,5.880862
0.5994791666666727,-0.007788955699652433,0.01482589915394783,-0.007590774446725845,-0.0031286401208490133,5.880862
0.600000000000006,-0.0077882809564471245,0.01482371985912323,-0.0075889104045927525,-0.0031283588614314795,5.880862
0.6005208333333393,-0.007787573151290417,0.014821250922977924,-0.007586839608848095,-0.00312824291177094,5.880862
0.6010416666666726,-0.007786854170262814,0.014818782918155193,-0.00758502958342433,-0.0031283325515687466,5.880862
0.6015625000000059,-0.007786174304783344,0.014816727489233017,-0.007583270780742168,-0.00312803010456264,5.880862
0.6020833333333392,-0.007785459980368614,0.014814560301601887,-0.007581082172691822,-0.003127460600808263,5.880862
0.6026041666666725,-0.007784754037857056,0.014812486246228218,-0.007579409517347813,-0.0031269355677068233,5.880862
0.6031250000000058,-0.007784056011587381,0.014810390770435333,-0.007577227894216776,-0.003125653602182865,5.880862
0.6036458333333391,-0.007783345878124237,0.014808202162384987,-0.007575095631182194,-0.003125794231891632,5.880862
0.6041666666666724,-0.007782637607306242,0.014806060120463371,-0.0075732646510005,-0.0031258868984878063,5.880862
0.6046875000000057,-0.007781908847391605,0.014803647063672543,-0.0075713288970291615,-0.0031257192604243755,5.880862
0.605208333333339,-0.0077811977826058865,0.014801561832427979,-0.0075694420374929905,-0.0031248938757926226,5.880862
0.6057291666666723,-0.007780503015965223,0.014799688942730427,-0.00756732327863574,-0.003124719252809882,5.880862
0.6062500000000056,-0.007779809646308422,0.014797936193645,-0.007565377280116081,-0.0031241534743458033,5.880862
0.6067708333333389,-0.0077791232615709305,0.014796223491430283,-0.0075637889094650745,-0.0031245152931660414,5.880862
0.6072916666666722,-0.007778346538543701,0.014793037436902523,-0.007562100887298584,-0.0031240605749189854,5.880862
0.6078125000000055,-0.007777613587677479,0.014790457673370838,-0.0075600640848279,-0.0031239474192261696,5.880862
0.6083333333333388,-0.007776912301778793,0.014788566157221794,-0.0075577013194561005,-0.0031239939853549004,5.880862
0.6088541666666721,-0.007776173297315836,0.014786794781684875,-0.0075562940910458565,-0.003123972099274397,5.880862
0.6093750000000054,-0.007775465026497841,0.014784221537411213,-0.007553990464657545,-0.0031236023642122746,5.880862
0.6098958333333387,-0.007774692494422197,0.014781522564589977,-0.007552431430667639,-0.0031236072536557913,5.880862
0.610416666666672,-0.007773945573717356,0.01477909181267023,-0.007550569251179695,-0.003123098984360695,5.880862
0.6109375000000054,-0.0077731856144964695,0.014777179807424545,-0.00754888541996479,-0.003122547874227166,5.880862
0.6114583333333387,-0.007772394921630621,0.014774277806282043,-0.007546780165284872,-0.003121115965768695,5.880862
0.611979166666672,-0.007771652657538652,0.014771729707717896,-0.007544833235442638,-0.0031215131748467684,5.880862
0.6125000000000053,-0.007770862430334091,0.014769366011023521,-0.0075422548688948154,-0.0031209858134388924,5.880862
0.6130208333333386,-0.007770130876451731,0.014766859821975231,-0.0075401002541184425,-0.0031212519388645887,5.880862
0.6135416666666719,-0.0077693406492471695,0.01476453710347414,-0.007537705823779106,-0.0031213436741381884,5.880862
0.6140625000000052,-0.0077686007134616375,0.014762071892619133,-0.0075358254835009575,-0.003120675217360258,5.880862
0.6145833333333385,-0.007767839357256889,0.014759406447410583,-0.0075333635322749615,-0.003120915964245796,5.880862
0.6151041666666718,-0.007767021656036377,0.01475665345788002,-0.007531000301241875,-0.00312049244530499,5.880862
0.6156250000000051,-0.007766237948089838,0.014754184521734715,-0.007529112510383129,-0.0031202910467982292,5.880862
0.6161458333333384,-0.0077654700726270676,0.014751306734979153,-0.00752673577517271,-0.003120043082162738,5.880862
0.6166666666666717,-0.0077646528370678425,0.014748346991837025,-0.007524535525590181,-0.0031188831198960543,5.880862
0.617187500000005,-0.007763871923089027,0.01474655233323574,-0.007522622589021921,-0.003118804655969143,5.880862
0.6177083333333383,-0.007763099856674671,0.014744061045348644,-0.00752036040648818,-0.003117562970146537,5.880862
0.6182291666666716,-0.0077622877433896065,0.014741145074367523,-0.00751833152025938,-0.0031165762338787317,5.880862
0.6187500000000049,-0.007761509157717228,0.014738672412931919,-0.0075159440748393536,-0.003116288222372532,5.880862
0.6192708333333382,-0.007760702166706324,0.014736199751496315,-0.007513897959142923,-0.0031150905415415764,5.880862
0.6197916666666715,-0.00775988819077611,0.014733286574482918,-0.007511314004659653,-0.0031148800626397133,5.880862
0.6203125000000048,-0.007759058848023415,0.014730164781212807,-0.007508957292884588,-0.003114067716524005,5.880862
0.6208333333333381,-0.007758236490190029,0.014727519825100899,-0.007506456691771746,-0.0031141105573624372,5.880862
0.6213541666666714,-0.007757408544421196,0.01472441665828228,-0.007504523731768131,-0.0031140183564275503,5.880862
0.6218750000000047,-0.007756559178233147,0.014721214771270752,-0.007502364926040173,-0.003113932441920042,5.880862
0.622395833333338,-0.0077557070180773735,0.014718298800289631,-0.007500399369746447,-0.0031142495572566986,5.880862
0.6229166666666713,-0.0077548702247440815,0.014715882018208504,-0.007498672232031822,-0.0031141929794102907,5.880862
0.6234375000000046,-0.007754032500088215,0.014713079668581486,-0.007496310397982597,-0.0031143331434577703,5.880862
0.6239583333333379,-0.007753174751996994,0.014709938317537308,-0.007494295947253704,-0.003114785300567746,5.880862
0.6244791666666712,-0.0077523523941636086,0.014707409776747227,-0.007492221426218748,-0.003114724066108465,5.880862
0.6250000000000046,-0.007751477882266045,0.014704464934766293,-0.007490251213312149,-0.00311434012837708,5.880862
0.6255208333333379,-0.007750608958303928,0.014701700769364834,-0.007488134317100048,-0.0031147999688982964,5.880862
0.6260416666666712,-0.0077498373575508595,0.014699770137667656,-0.007486121729016304,-0.0031145985703915358,5.880862
0.6265625000000045,-0.007748973090201616,0.014696693979203701,-0.007484106346964836,-0.003115067956969142,5.880862
0.6270833333333378,-0.0077481041662395,0.014693689532577991,-0.007482074201107025,-0.003115306608378887,5.880862
0.6276041666666711,-0.007747197523713112,0.014689887873828411,-0.007480086293071508,-0.003115365980193019,5.880862
0.6281250000000044,-0.0077462345361709595,0.01468673162162304,-0.007477880921214819,-0.0031151147559285164,5.880862
0.6286458333333377,-0.007745387498289347,0.014683958142995834,-0.007475812453776598,-0.0031150958966463804,5.880862
0.629166666666671,-0.007744437549263239,0.014680756255984306,-0.007473164238035679,-0.0031155420001596212,5.880862
0.6296875000000043,-0.007743583992123604,0.014677893370389938,-0.007471383549273014,-0.0031153857707977295,5.880862
0.6302083333333376,-0.007742695976048708,0.014674690552055836,-0.007469181902706623,-0.003114794846624136,5.880862
0.6307291666666709,-0.0077417874708771706,0.014671724289655685,-0.007467180956155062,-0.0031145631801337004,5.880862
0.6312500000000042,-0.007740890607237816,0.014668921008706093,-0.007465337868779898,-0.0031140747014433146,5.880862
0.6317708333333375,-0.00773993507027626,0.014665407128632069,-0.0074630239978432655,-0.0031142092775553465,5.880862
0.6322916666666708,-0.007739078253507614,0.014662740752100945,-0.007460574619472027,-0.003114100079983473,5.880862
0.6328125000000041,-0.007738159503787756,0.014659449458122253,-0.0074586207047104836,-0.0031134081073105335,5.880862
0.6333333333333374,-0.007737227249890566,0.01465654093772173,-0.007456394378095865,-0.0031130497809499502,5.880862
0.6338541666666707,-0.007736299652606249,0.01465365570038557,-0.007454095873981714,-0.0031122358050197363,5.880862
0.634375000000004,-0.007735377177596092,0.014650329947471619,-0.007452056743204594,-0.0031119866762310266,5.880862
0.6348958333333373,-0.007734382059425116,0.014646168798208237,-0.007449266500771046,-0.003110561752691865,5.880862
0.6354166666666706,-0.007733418606221676,0.014643419533967972,-0.00744704669341445,-0.0031103522051125765,5.880862
0.6359375000000039,-0.007732496131211519,0.01464027725160122,-0.00744464248418808,-0.0031096606981009245,5.880862
0.6364583333333372,-0.007731511257588863,0.01463677641004324,-0.00744219496846199,-0.003109340788796544,5.880862
0.6369791666666705,-0.007730551529675722,0.014633716084063053,-0.007440152112394571,-0.003108399221673608,5.880862
0.6375000000000038,-0.0077295764349401,0.014629805460572243,-0.007437749300152063,-0.003108666744083166,5.880862
0.6380208333333371,-0.0077286078594625,0.014626299031078815,-0.00743495486676693,-0.0031075477600097656,5.880862
0.6385416666666704,-0.007727591786533594,0.014623288996517658,-0.0074325609020888805,-0.0031073875725269318,5.880862
0.6390625000000038,-0.007726639974862337,0.014620375819504261,-0.007430358324199915,-0.0031070602126419544,5.880862
0.6395833333333371,-0.0077256131917238235,0.01461695320904255,-0.0074280984699726105,-0.0031061777845025063,5.880862
0.6401041666666704,-0.007724659517407417,0.01461333129554987,-0.007425760850310326,-0.0031058266758918762,5.880862
0.6406250000000037,-0.0077236006036400795,0.014609618112444878,-0.007423764560371637,-0.0031048725359141827,5.880862
0.641145833333337,-0.0077225808054208755,0.014606114476919174,-0.007421407848596573,-0.0031041631009429693,5.880862
0.6416666666666703,-0.007721506990492344,0.014602781273424625,-0.007419119589030743,-0.003103058086708188,5.880862
0.6421875000000036,-0.0077205258421599865,0.014599514193832874,-0.007416984997689724,-0.003102303482592106,5.880862
0.6427083333333369,-0.00771951861679554,0.014595964923501015,-0.0074142455123364925,-0.003101855283603072,5.880862
0.6432291666666702,-0.007718493230640888,0.014592485502362251,-0.0074118878692388535,-0.0031007288489490747,5.880862
0.6437500000000035,-0.007717510685324669,0.01458917185664177,-0.007409701589494944,-0.003100103000178933,5.880862
0.6442708333333368,-0.007716447580605745,0.01458542887121439,-0.0074075316078960896,-0.003098917193710804,5.880862
0.6447916666666701,-0.007715343032032251,0.014581723138689995,-0.00740495091304183,-0.003098658751696348,5.880862
0.6453125000000034,-0.00771435908973217,0.014578429982066154,-0.007403110153973103,-0.003098759800195694,5.880862
0.6458333333333367,-0.007713174447417259,0.01457426231354475,-0.0074006072245538235,-0.0030975693371146917,5.880862
0.64635416666667,-0.0077121080830693245,0.014570815488696098,-0.007398224901407957,-0.003096935572102666,5.880862
0.6468750000000033,-0.007711007725447416,0.014567128382623196,-0.0073958407156169415,-0.0030960191506892443,5.880862
0.6473958333333366,-0.007709953002631664,0.014563838951289654,-0.0073932018131017685,-0.003094935556873679,5.880862
0.6479166666666699,-0.007708863355219364,0.014560260809957981,-0.007391292601823807,-0.003094567684456706,5.880862
0.6484375000000032,-0.0077077788300812244,0.01455669105052948,-0.007389092352241278,-0.003094047773629427,5.880862
0.6489583333333365,-0.007706628181040287,0.014552503824234009,-0.007386497221887112,-0.0030923106241971254,5.880862
0.6494791666666698,-0.00770551897585392,0.014548633247613907,-0.007383772172033787,-0.0030915597453713417,5.880862
0.6500000000000031,-0.007704408839344978,0.014544514007866383,-0.007381272967904806,-0.0030910291243344545,5.880862
0.6505208333333364,-0.007703232113271952,0.01454036682844162,-0.007378610782325268,-0.003090155078098178,5.880862
0.6510416666666697,-0.0077021149918437,0.014536474831402302,-0.007375358138233423,-0.0030898218974471092,5.880862
0.651562500000003,-0.00770100113004446,0.014532617293298244,-0.007373507600277662,-0.0030896563548594713,5.880862
0.6520833333333363,-0.007699787616729736,0.014528404921293259,-0.007371134124696255,-0.0030890507623553276,5.880862
0.6526041666666696,-0.0076986150816082954,0.014524206519126892,-0.007368399295955896,-0.0030882663559168577,5.880862
0.653125000000003,-0.007697385270148516,0.014520181342959404,-0.007365713827311993,-0.0030880956910550594,5.880862
0.6536458333333363,-0.007696225307881832,0.014516935683786869,-0.00736355921253562,-0.003086976706981659,5.880862
0.6541666666666696,-0.007695048116147518,0.014512593857944012,-0.007360901217907667,-0.003086786950007081,5.880862
0.6546875000000029,-0.007693868596106768,0.014508239924907684,-0.0073584397323429585,-0.0030870900955051184,5.880862
0.6552083333333362,-0.007692595478147268,0.014503858052194118,-0.007356013171374798,-0.0030858570244163275,5.880862
0.6557291666666695,-0.0076914094388484955,0.014500023797154427,-0.007353234104812145,-0.003085111267864704,5.880862
0.6562500000000028,-0.007690235506743193,0.014495961368083954,-0.007350550498813391,-0.003084353404119611,5.880862
0.6567708333333361,-0.007688967976719141,0.014491439796984196,-0.007347981911152601,-0.0030841222032904625,5.880862
0.6572916666666694,-0.007687765173614025,0.014487617649137974,-0.007345433812588453,-0.0030834313947707415,5.880862
0.6578125000000027,-0.007686506025493145,0.014483331702649593,-0.007343254052102566,-0.0030828695744276047,5.880862
0.658333333333336,-0.007685202173888683,0.01447870023548603,-0.007340303622186184,-0.003082322422415018,5.880862
0.6588541666666693,-0.0076839434914290905,0.014474606141448021,-0.007337766233831644,-0.003081099595874548,5.880862
0.6593750000000026,-0.007682656403630972,0.014470095746219158,-0.0073355515487492085,-0.003080656286329031,5.880862
0.6598958333333359,-0.007681365590542555,0.014465568587183952,-0.007333050947636366,-0.003079769667237997,5.880862
0.6604166666666692,-0.007680092006921768,0.014461440034210682,-0.0073303221724927425,-0.0030792481265962124,5.880862
0.6609375000000025,-0.00767882214859128,0.014457265846431255,-0.007327505853027105,-0.0030783875845372677,5.880862
0.6614583333333358,-0.007677492685616016,0.014452826231718063,-0.007325111422687769,-0.0030776639468967915,5.880862
0.6619791666666691,-0.007676200475543737,0.014448181726038456,-0.007322232238948345,-0.0030768788419663906,5.880862
0.6625000000000024,-0.007674878463149071,0.014443791471421719,-0.007319658529013395,-0.0030762851238250732,5.880862
0.6630208333333357,-0.007673504296690226,0.014439161866903305,-0.007316790521144867,-0.0030752483289688826,5.880862
0.663541666666669,-0.007672141771763563,0.014434433542191982,-0.00731418002396822,-0.0030746040865778923,5.880862
0.6640625000000023,-0.0076708304695785046,0.014430278912186623,-0.00731192622333765,-0.003073784988373518,5.880862
0.6645833333333356,-0.007669423706829548,0.014425346627831459,-0.007309206295758486,-0.0030726809054613113,5.880862
0.6651041666666689,-0.007668028119951487,0.01442041713744402,-0.0073066712357103825,-0.0030721300281584263,5.880862
0.6656250000000022,-0.007666660472750664,0.014416031539440155,-0.0073033892549574375,-0.0030715486500412226,5.880862
0.6661458333333355,-0.007665280252695084,0.014411765150725842,-0.007301109842956066,-0.0030704482924193144,5.880862
0.6666666666666689,-0.007663944270461798,0.014407346956431866,-0.007298858370631933,-0.0030694263987243176,5.880862
0.6671875000000022,-0.007662535645067692,0.014402438886463642,-0.0072963666170835495,-0.0030690182466059923,5.880862
0.6677083333333355,-0.007661074865609407,0.014397614635527134,-0.007293573580682278,-0.0030684361699968576,5.880862
0.6682291666666688,-0.00765958521515131,0.014392565004527569,-0.007291060872375965,-0.003067395184189081,5.880862
0.6687500000000021,-0.007658105343580246,0.01438745018094778,-0.007288250606507063,-0.003066264558583498,5.880862
0.6692708333333354,-0.007656637579202652,0.01438256073743105,-0.00728533836081624,-0.0030654759611934423,5.880862
0.6697916666666687,-0.0076550389640033245,0.01437701378017664,-0.007282512728124857,-0.0030644836369901896,5.880862
0.670312500000002,-0.007653562817722559,0.014372368343174458,-0.007280030753463507,-0.003064301796257496,5.880862
0.6708333333333353,-0.007652025669813156,0.014367176219820976,-0.007277369033545256,-0.00306366803124547,5.880862
0.6713541666666686,-0.0076505462639033794,0.014362343586981297,-0.007274414878338575,-0.0030629998072981834,5.880862
0.6718750000000019,-0.007648940663784742,0.014356954023241997,-0.007271351758390665,-0.003062336938455701,5.880862
0.6723958333333352,-0.007647364865988493,0.014351489022374153,-0.007268299348652363,-0.0030620493926107883,5.880862
0.6729166666666685,-0.007645904086530209,0.014347175136208534,-0.007265656255185604,-0.0030613336712121964,5.880862
0.6734375000000018,-0.007644373923540115,0.01434231735765934,-0.007263281848281622,-0.0030607900116592646,5.880862
0.6739583333333351,-0.007642823737114668,0.01433701440691948,-0.0072602019645273685,-0.003060337621718645,5.880862
0.6744791666666684,-0.007641201838850975,0.014332369901239872,-0.007257101126015186,-0.0030597103759646416,5.880862
0.6750000000000017,-0.007639623247087002,0.014327316544950008,-0.007254197262227535,-0.0030588579829782248,5.880862
0.675520833333335,-0.007637988310307264,0.014321712777018547,-0.007251114118844271,-0.003058171132579446,5.880862
0.6760416666666683,-0.007636455353349447,0.014317098073661327,-0.007248374167829752,-0.0030578074511140585,5.880862
0.6765625000000016,-0.007634826470166445,0.014311879873275757,-0.007245585788041353,-0.003056475194171071,5.880862
0.6770833333333349,-0.007633164990693331,0.014306125231087208,-0.007242356892675161,-0.0030552803073078394,5.880862
0.6776041666666682,-0.007631431799381971,0.014300628565251827,-0.007239083759486675,-0.0030546432826668024,5.880862
0.6781250000000015,-0.007629798725247383,0.014295622706413269,-0.007236294914036989,-0.0030537904240190983,5.880862
0.6786458333333348,-0.0076280627399683,0.014289856888353825,-0.007233527489006519,-0.0030533852986991405,5.880862
0.6791666666666681,-0.007626363541930914,0.014284709468483925,-0.0072307768277823925,-0.0030526933260262012,5.880862
0.6796875000000014,-0.007624676916748285,0.014279356226325035,-0.007227878086268902,-0.003052057232707739,5.880862
0.6802083333333347,-0.007622887380421162,0.014273636974394321,-0.007224628701806068,-0.0030510660726577044,5.880862
0.680729166666668,-0.007621128577739,0.014268292114138603,-0.007221803069114685,-0.0030505487229675055,5.880862
0.6812500000000014,-0.007619368843734264,0.014262679032981396,-0.007218559738248587,-0.0030493505764752626,5.880862
0.6817708333333347,-0.007617606781423092,0.014257382601499557,-0.007215446792542934,-0.0030487091280519962,5.880862
0.682291666666668,-0.007615483365952969,0.01425084937363863,-0.0072123208083212376,-0.0030481750145554543,5.880862
0.6828125000000013,-0.007612847723066807,0.014242757111787796,-0.007208778988569975,-0.0030468145851045847,5.880862
0.6833333333333346,-0.007609898690134287,0.01423387136310339,-0.007205576170235872,-0.0030462718568742275,5.880862
0.6838541666666679,-0.0076065463945269585,0.014224070124328136,-0.0072021447122097015,-0.003045744029805064,5.880862
0.6843750000000012,-0.0076028648763895035,0.0142138060182333,-0.0071983118541538715,-0.0030456664972007275,5.880862
0.6848958333333345,-0.0075987703166902065,0.014202810823917389,-0.007194161415100098,-0.0030456779059022665,5.880862
0.6854166666666678,-0.007594246882945299,0.014191159047186375,-0.007190106902271509,-0.003045512828975916,5.880862
0.6859375000000011,-0.007589356042444706,0.014178812503814697,-0.00718518253415823,-0.0030445896554738283,5.880862
0.6864583333333344,-0.007583826780319214,0.01416574977338314,-0.007180777378380299,-0.0030441053677350283,5.880862
0.6869791666666677,-0.007578141056001186,0.014152693562209606,-0.007175648584961891,-0.0030445901211351156,5.880862
0.687500000000001,-0.007572014816105366,0.01413922943174839,-0.0071708871982991695,-0.003043543081730604,5.880862
0.6880208333333343,-0.007565423380583525,0.014125446788966656,-0.007165690418332815,-0.003043487435206771,5.880862
0.6885416666666676,-0.007558285724371672,0.014110831543803215,-0.007160508539527655,-0.0030429475009441376,5.880862
0.6890625000000009,-0.007550778798758984,0.01409623771905899,-0.0071554225869476795,-0.00304180639795959,5.880862
0.6895833333333342,-0.007542876061052084,0.014081727713346481,-0.0071507166139781475,-0.0030418303795158863,5.880862
0.6901041666666675,-0.0075345514342188835,0.014066999778151512,-0.007145695388317108,-0.0030413612257689238,5.880862
0.6906250000000008,-0.007525731343775988,0.014052003622055054,-0.007140723988413811,-0.0030410783365368843,5.880862
0.6911458333333341,-0.007516441401094198,0.01403708104044199,-0.007136192172765732,-0.003040128853172064,5.880862
0.6916666666666674,-0.007506737019866705,0.01402196567505598,-0.0071320123970508575,-0.0030395793728530407,5.880862
0.6921875000000007,-0.00749653996899724,0.01400665007531643,-0.0071276105009019375,-0.0030393393244594336,5.880862
0.692708333333334,-0.007485849317163229,0.013991002924740314,-0.007124441675841808,-0.0030390426982194185,5.880862
0.6932291666666673,-0.007474775891751051,0.013975568115711212,-0.007121121045202017,-0.0030377323273569345,5.880862
0.6937500000000006,-0.00746315810829401,0.013959492556750774,-0.0071182954125106335,-0.0030364238191396,5.880862
0.694270833333334,-0.0074510714039206505,0.013943505473434925,-0.007116106804460287,-0.0030347134452313185,5.880862
0.6947916666666673,-0.007438535802066326,0.013927514664828777,-0.0071139466017484665,-0.0030327613931149244,5.880862
0.6953125000000006,-0.007425536867231131,0.013911432586610317,-0.007112083490937948,-0.0030298414640128613,5.880862
0.6958333333333339,-0.0074119530618190765,0.013895438052713871,-0.0071110292337834835,-0.0030273408629000187,5.880862
0.6963541666666672,-0.007397900801151991,0.013879096135497093,-0.007110168691724539,-0.003023919416591525,5.880862
0.6968750000000005,-0.007383430376648903,0.013862705789506435,-0.007109897211194038,-0.0030205592047423124,5.880862
0.6973958333333338,-0.007368484511971474,0.013846160843968391,-0.007110047619789839,-0.0030169060919433832,5.880862
0.6979166666666671,-0.007353057619184256,0.013829344883561134,-0.007110406178981066,-0.0030131428502500057,5.880862
0.6984375000000004,-0.007337419781833887,0.013812582939863205,-0.00711149163544178,-0.003009210340678692,5.880862
0.6989583333333337,-0.0073210871778428555,0.013795075006783009,-0.007112895138561726,-0.003004510886967182,5.880862
0.699479166666667,-0.00730435224249959,0.013777508400380611,-0.00711458083242178,-0.00299972016364336,5.880862
0.7000000000000003,-0.007287034764885902,0.013759792782366276,-0.007116110995411873,-0.0029952211771160364,5.880862
0.7005208333333336,-0.007269533816725016,0.013742007315158844,-0.007117471657693386,-0.002990283537656069,5.880862
0.7010416666666669,-0.007251466158777475,0.013723318465054035,-0.007118383888155222,-0.0029856329783797264,5.880862
0.7015625000000002,-0.007233088836073875,0.01370433159172535,-0.007119471672922373,-0.0029800559859722853,5.880862
0.7020833333333335,-0.007214172277599573,0.01368494052439928,-0.007120470982044935,-0.002974230796098709,5.880862
0.7026041666666668,-0.007194869685918093,0.013665249571204185,-0.007120872847735882,-0.002968364395201206,5.880862
0.7031250000000001,-0.007175297476351261,0.013645215891301632,-0.007120746187865734,-0.0029623163864016533,5.880862
0.7036458333333334,-0.007155213039368391,0.01362442784011364,-0.007120042573660612,-0.002956405747681856,5.880862
0.7041666666666667,-0.007134867832064629,0.013603021390736103,-0.00711849145591259,-0.0029507807921618223,5.880862
0.7046875,-0.007114172447472811,0.013581178151071072,-0.007116398774087429,-0.002944492967799306,5.880862
0.7052083333333333,-0.007093055173754692,0.013558833859860897,-0.00711327837780118,-0.0029376251623034477,5.880862
0.7057291666666666,-0.007071685511618853,0.01353601273149252,-0.0071090408600866795,-0.002931636292487383,5.880862
0.7062499999999999,-0.007049916312098503,0.013512583449482918,-0.007104495540261269,-0.0029253046959638596,5.880862
0.7067708333333332,-0.007028052117675543,0.013488738797605038,-0.007098521571606398,-0.002919487189501524,5.880862
0.7072916666666665,-0.007005760446190834,0.013464206829667091,-0.0070915319956839085,-0.002913176780566573,5.880862
0.7078124999999998,-0.006983170285820961,0.013439367525279522,-0.007084133569151163,-0.0029069283045828342,5.880862
0.7083333333333331,-0.006960358936339617,0.013414045795798302,-0.007075557950884104,-0.002901706611737609,5.880862
0.7088541666666665,-0.006937369238585234,0.013388571329414845,-0.007066191639751196,-0.0028955028392374516,5.880862
0.7093749999999998,-0.006914124824106693,0.013362283818423748,-0.007055861409753561,-0.002888844581320882,5.880862
0.7098958333333331,-0.006890567485243082,0.013335466384887695,-0.007044412195682526,-0.002883203560486436,5.880862
0.7104166666666664,-0.00686694635078311,0.013308189809322357,-0.007032484747469425,-0.002877008868381381,5.880862
0.7109374999999997,-0.00684296665713191,0.013280688785016537,-0.007020455785095692,-0.0028709985781461,5.880862
0.711458333333333,-0.006818973459303379,0.01325294841080904,-0.007006881758570671,-0.002864551730453968,5.880862
0.7119791666666663,-0.006794740911573172,0.01322466041892767,-0.006992938928306103,-0.002858066465705633,5.880862
0.7124999999999996,-0.006770214531570673,0.013195871375501156,-0.006978315766900778,-0.0028513481374830008,5.880862
0.7130208333333329,-0.006745663937181234,0.013167054392397404,-0.006963185966014862,-0.002844542730599642,5.880862
0.7135416666666662,-0.006721013225615025,0.013138150796294212,-0.006947918329387903,-0.0028385224286466837,5.880862
0.7140624999999995,-0.006696262396872044,0.013108646497130394,-0.00693166721612215,-0.0028312955982983112,5.880862
0.7145833333333328,-0.006671292241662741,0.013078744523227215,-0.006915187928825617,-0.002824777504429221,5.880862
0.7151041666666661,-0.006646260619163513,0.013048959895968437,-0.006899063941091299,-0.002817979082465172,5.880862
0.7156249999999994,-0.006621146108955145,0.013018902391195297,-0.006882070563733578,-0.0028115028981119394,5.880862
0.7161458333333327,-0.00659599294885993,0.012988707982003689,-0.006865355186164379,-0.0028055186849087477,5.880862
0.716666666666666,-0.006570745259523392,0.01295839250087738,-0.006847693119198084,-0.0027987374924123287,5.880862
0.7171874999999993,-0.006545377895236015,0.012927609495818615,-0.0068305679596960545,-0.002792294370010495,5.880862
0.7177083333333326,-0.006520031951367855,0.012896708212792873,-0.006812924053519964,-0.002785843564197421,5.880862
0.7182291666666659,-0.006494647823274136,0.012866153381764889,-0.00679636187851429,-0.0027797487564384937,5.880862
0.7187499999999992,-0.006469331681728363,0.012835313566029072,-0.006778722163289785,-0.0027734176255762577,5.880862
0.7192708333333325,-0.006443968508392572,0.012804267928004265,-0.006761387921869755,-0.0027670215349644423,5.880862
0.7197916666666658,-0.0064187245443463326,0.012773468159139156,-0.006744655780494213,-0.0027603425551205873,5.880862
0.7203124999999991,-0.006393436808139086,0.012742405757308006,-0.006727501749992371,-0.002753156702965498,5.880862
0.7208333333333324,-0.006368015892803669,0.012711470946669579,-0.0067106131464242935,-0.0027466104365885258,5.880862
0.7213541666666657,-0.006342877633869648,0.012680456973612309,-0.006694365758448839,-0.002740115625783801,5.880862
0.721874999999999,-0.006317640654742718,0.012649592943489552,-0.006678326055407524,-0.002732996828854084,5.880862
0.7223958333333323,-0.006292443722486496,0.012618299573659897,-0.006662365514785051,-0.002725400263443589,5.880862
0.7229166666666657,-0.006267218850553036,0.01258715521544218,-0.0066465153358876705,-0.0027187452651560307,5.880862
0.723437499999999,-0.006242259405553341,0.012556399218738079,-0.006631328258663416,-0.0027116788551211357,5.880862
0.7239583333333323,-0.006217258051037788,0.012525522150099277,-0.006616976577788591,-0.0027049293275922537,5.880862
0.7244791666666656,-0.006192500703036785,0.012494901195168495,-0.006602890323847532,-0.00269788084551692,5.880862
0.7249999999999989,-0.006167626939713955,0.012463879771530628,-0.006588867399841547,-0.00269079371355474,5.880862
0.7255208333333322,-0.006143020000308752,0.012433340772986412,-0.006576238665729761,-0.002683087717741728,5.880862
0.7260416666666655,-0.006118466146290302,0.012402732856571674,-0.006562855094671249,-0.002675766823813319,5.880862
0.7265624999999988,-0.0060940091498196125,0.012372291646897793,-0.006551037076860666,-0.00266756908968091,5.880862
0.7270833333333321,-0.0060696788132190704,0.012341535650193691,-0.006538766901940107,-0.0026597215328365564,5.880862
0.7276041666666654,-0.0060454970225691795,0.012310918420553207,-0.006527307443320751,-0.002652172464877367,5.880862
0.7281249999999987,-0.00602150522172451,0.012280470691621304,-0.006516690365970135,-0.002644003601744771,5.880862
0.728645833333332,-0.0059975748881697655,0.012250356376171112,-0.006506682839244604,-0.0026365991216152906,5.880862
0.7291666666666653,-0.0059738801792263985,0.012220463715493679,-0.006496682297438383,-0.0026291680987924337,5.880862
0.7296874999999986,-0.005950319580733776,0.012190375477075577,-0.006486973725259304,-0.0026215678080916405,5.880862
0.7302083333333319,-0.005926760379225016,0.01216033287346363,-0.006477993447333574,-0.0026136788073927164,5.880862
0.7307291666666652,-0.0059034512378275394,0.012130564078688622,-0.006470005493611097,-0.002606319962069392,5.880862
0.7312499999999985,-0.005880306474864483,0.012100977823138237,-0.006461692042648792,-0.0025985892862081528,5.880862
0.7317708333333318,-0.005857312586158514,0.01207143347710371,-0.0064542037434875965,-0.002591115888208151,5.880862
0.7322916666666651,-0.0058344630524516106,0.01204236876219511,-0.0064474549144506454,-0.0025836341083049774,5.880862
0.7328124999999984,-0.005811796057969332,0.012013182044029236,-0.006440840195864439,-0.002576227532699704,5.880862
0.7333333333333317,-0.0057892994955182076,0.011984330601990223,-0.006435173563659191,-0.002568354830145836,5.880862
0.733854166666665,-0.005766910966485739,0.01195554155856371,-0.0064303879626095295,-0.002559969201683998,5.880862
0.7343749999999983,-0.0057443794794380665,0.011926954612135887,-0.006424624472856522,-0.0025519777555018663,5.880862
0.7348958333333316,-0.0057219150476157665,0.01189857255667448,-0.006420206744223833,-0.0025440738536417484,5.880862
0.7354166666666649,-0.0056994277983903885,0.011869929730892181,-0.006414719391614199,-0.002534696366637945,5.880862
0.7359374999999982,-0.005676845088601112,0.011841452680528164,-0.00641000596806407,-0.0025264585856348276,5.880862
0.7364583333333315,-0.005654191132634878,0.011812640354037285,-0.006404907442629337,-0.0025181379169225693,5.880862
0.7369791666666649,-0.005631396546959877,0.01178358681499958,-0.006399928126484156,-0.0025095504242926836,5.880862
0.7374999999999982,-0.005608649458736181,0.011754784733057022,-0.006393983494490385,-0.0025011601392179728,5.880862
0.7380208333333315,-0.0055857771076262,0.011725586839020252,-0.006389634683728218,-0.0024932955857366323,5.880862
0.7385416666666648,-0.005563107784837484,0.01169678010046482,-0.006383081898093224,-0.0024842482525855303,5.880862
0.7390624999999981,-0.005539985839277506,0.01166752353310585,-0.006378441583365202,-0.0024758062791079283,5.880862
0.7395833333333314,-0.005517036188393831,0.011638609692454338,-0.006371872033923864,-0.0024680381175130606,5.880862
0.7401041666666647,-0.005493895150721073,0.011609272100031376,-0.006365776062011719,-0.0024598264135420322,5.880862
0.740624999999998,-0.00547074107453227,0.011579522863030434,-0.006360258441418409,-0.0024517870042473078,5.880862
0.7411458333333313,-0.005447806790471077,0.011550450697541237,-0.006353896576911211,-0.002443562261760235,5.880862
0.7416666666666646,-0.005424461327493191,0.011520683765411377,-0.006348191294819117,-0.002434829017147422,5.880862
0.7421874999999979,-0.005401191767305136,0.011491403914988041,-0.006341790314763784,-0.002426193095743656,5.880862
0.7427083333333312,-0.005377771332859993,0.011461511254310608,-0.006335590034723282,-0.002417576964944601,5.880862
0.7432291666666645,-0.005354257766157389,0.011432059109210968,-0.0063298591412603855,-0.0024089543148875237,5.880862
0.7437499999999978,-0.005330679006874561,0.011402015574276447,-0.0063233161345124245,-0.0024016310926526785,5.880862
0.7442708333333311,-0.0053072115406394005,0.011372355744242668,-0.006316013168543577,-0.0023937742225825787,5.880862
0.7447916666666644,-0.005283521953970194,0.011342068202793598,-0.006309852935373783,-0.0023856854531913996,5.880862
0.7453124999999977,-0.0052600884810090065,0.011312167160212994,-0.006302241701632738,-0.002376729156821966,5.880862
0.745833333333331,-0.005236322060227394,0.01128186285495758,-0.006295211147516966,-0.0023674615658819675,5.880862
0.7463541666666643,-0.005212442018091679,0.011251595802605152,-0.006288026459515095,-0.0023584694135934114,5.880862
0.7468749999999976,-0.005188602488487959,0.011221145279705524,-0.006280559115111828,-0.002350199967622757,5.880862
0.7473958333333309,-0.005164671689271927,0.011190874502062798,-0.006273583043366671,-0.0023419226054102182,5.880862
0.7479166666666642,-0.005140784662216902,0.011160272173583508,-0.006265532225370407,-0.0023331278935074806,5.880862
0.7484374999999975,-0.0051167989149689674,0.011129875667393208,-0.006257792469114065,-0.002324705244973302,5.880862
0.7489583333333308,-0.005092693027108908,0.01109894085675478,-0.006250523030757904,-0.0023159929551184177,5.880862
0.7494791666666641,-0.005068643484264612,0.011068267747759819,-0.006242907140403986,-0.0023083232808858156,5.880862
0.7499999999999974,-0.005044529680162668,0.011037121526896954,-0.006235488224774599,-0.002299959072843194,5.880862
0.7505208333333308,-0.005020385608077049,0.01100627239793539,-0.006227914709597826,-0.002290695905685425,5.880862
0.751041666666664,-0.004996149800717831,0.010975180193781853,-0.006220844108611345,-0.0022819831501692533,5.880862
0.7515624999999974,-0.004971671849489212,0.010944289155304432,-0.006212756037712097,-0.0022740005515515804,5.880862
0.7520833333333307,-0.004947273060679436,0.010912781581282616,-0.006205219309777021,-0.002265168586745858,5.880862
0.752604166666664,-0.004922705236822367,0.010881372727453709,-0.006197148002684116,-0.0022564653772860765,5.880862
0.7531249999999973,-0.0048980494029819965,0.010849363170564175,-0.006188693922013044,-0.0022476431913673878,5.880862
0.7536458333333306,-0.004873506259173155,0.010817809961736202,-0.006180489901453257,-0.0022385013289749622,5.880862
0.7541666666666639,-0.004848818760365248,0.010785815306007862,-0.006171568296849728,-0.0022301285061985254,5.880862
0.7546874999999972,-0.004824009258300066,0.010753524489700794,-0.006163117941468954,-0.0022213587071746588,5.880862
0.7552083333333305,-0.004799215123057365,0.010721412487328053,-0.006153912283480167,-0.0022128389682620764,5.880862
0.7557291666666638,-0.004774370696395636,0.01068920735269785,-0.006145165767520666,-0.002204662188887596,5.880862
0.7562499999999971,-0.004749510902911425,0.010657046921551228,-0.006135423202067614,-0.0021964930929243565,5.880862
0.7567708333333304,-0.004724673926830292,0.010624726302921772,-0.006125849671661854,-0.002187601523473859,5.880862
0.7572916666666637,-0.004699899815022945,0.010592740029096603,-0.006116632837802172,-0.002179334871470928,5.880862
0.757812499999997,-0.004675228614360094,0.010560601018369198,-0.006107006687670946,-0.0021706914994865656,5.880862
0.7583333333333303,-0.004650677554309368,0.010528354905545712,-0.00609707972034812,-0.0021624816581606865,5.880862
0.7588541666666636,-0.004626295994967222,0.010496231727302074,-0.00608749920502305,-0.0021545710042119026,5.880862
0.7593749999999969,-0.004602106753736734,0.01046432089060545,-0.006078159902244806,-0.002145795151591301,5.880862
0.7598958333333302,-0.00457812799140811,0.010432510636746883,-0.006069383583962917,-0.0021378090605139732,5.880862
0.7604166666666635,-0.004554384388029575,0.01040063239634037,-0.006060452200472355,-0.002129761967808008,5.880862
0.7609374999999968,-0.004530901554971933,0.010369417257606983,-0.006052101496607065,-0.0021221055649220943,5.880862
0.7614583333333301,-0.004507699981331825,0.01033831387758255,-0.006043796893209219,-0.002114685485139489,5.880862
0.7619791666666634,-0.004484793171286583,0.010307258926331997,-0.006035436410456896,-0.0021065480541437864,5.880862
0.7624999999999967,-0.004462196957319975,0.010276718065142632,-0.006028088741004467,-0.002098476979881525,5.880862
0.76302083333333,-0.00443992717191577,0.010245977900922298,-0.006019933614879847,-0.0020907395519316196,5.880862
0.7635416666666633,-0.004418006632477045,0.010215605609118938,-0.0060123661532998085,-0.0020822782535105944,5.880862
0.7640624999999966,-0.0043964390642941,0.010185523889958858,-0.00600502360612154,-0.0020751869305968285,5.880862
0.76458333333333,-0.004375239834189415,0.01015576533973217,-0.005997977685183287,-0.002067394321784377,5.880862
0.7651041666666633,-0.004354420583695173,0.010126115754246712,-0.005990839563310146,-0.00206029717810452,5.880862
0.7656249999999966,-0.004333988763391972,0.01009657047688961,-0.005983606446534395,-0.0020533076021820307,5.880862
0.7661458333333299,-0.004313954152166843,0.010067414492368698,-0.00597656425088644,-0.002046833746135235,5.880862
0.7666666666666632,-0.004294324200600386,0.010038420557975769,-0.005969086661934853,-0.0020402136724442244,5.880862
0.7671874999999965,-0.004275104030966759,0.010009757243096828,-0.005961408372968435,-0.0020334110595285892,5.880862
0.7677083333333298,-0.004256302025169134,0.009981328621506691,-0.005953862331807613,-0.002026390517130494,5.880862
0.7682291666666631,-0.0042379130609333515,0.009953082539141178,-0.005945821292698383,-0.0020191471558064222,5.880862
0.7687499999999964,-0.004219947848469019,0.00992510374635458,-0.005936808418482542,-0.0020129212643951178,5.880862
0.7692708333333297,-0.004202410113066435,0.009897379204630852,-0.0059281326830387115,-0.0020066541619598866,5.880862
0.769791666666663,-0.004185299854725599,0.009869877249002457,-0.0059189628809690475,-0.002000183332711458,5.880862
0.7703124999999963,-0.0041686189360916615,0.009842769242823124,-0.00590942008420825,-0.0019949565175920725,5.880862
0.7708333333333296,-0.004152366425842047,0.009815871715545654,-0.005899351090192795,-0.0019892393611371517,5.880862
0.7713541666666629,-0.004136538133025169,0.00978933647274971,-0.005889096762984991,-0.0019840484019368887,5.880862
0.7718749999999962,-0.0041211312636733055,0.009763149544596672,-0.005878348834812641,-0.001977965235710144,5.880862
0.7723958333333295,-0.0041061448864638805,0.009737275540828705,-0.005867982283234596,-0.001972813857719302,5.880862
0.7729166666666628,-0.004091572016477585,0.009711659513413906,-0.005856499541550875,-0.001967177027836442,5.880862
0.7734374999999961,-0.0040774112567305565,0.009686575271189213,-0.005845698993653059,-0.001961679896339774,5.880862
0.7739583333333294,-0.004063652828335762,0.009661856107413769,-0.005834280047565699,-0.001955730142071843,5.880862
0.7744791666666627,-0.00405029347166419,0.009637403301894665,-0.005822003353387117,-0.0019507479155436158,5.880862
0.774999999999996,-0.004037331324070692,0.00961324293166399,-0.005810586269944906,-0.001945885131135583,5.880862
0.7755208333333293,-0.004024754278361797,0.009589322842657566,-0.005798453465104103,-0.0019413273548707366,5.880862
0.7760416666666626,-0.004012556746602058,0.009565982036292553,-0.0057862321846187115,-0.0019367162603884935,5.880862
0.7765624999999959,-0.00400073267519474,0.009543091990053654,-0.00577414408326149,-0.0019319073762744665,5.880862
0.7770833333333292,-0.003989269956946373,0.009520476683974266,-0.005761644337326288,-0.0019277863902971148,5.880862
0.7776041666666625,-0.00397815927863121,0.009498138912022114,-0.005748682655394077,-0.001923000323586166,5.880862
0.7781249999999958,-0.003967398311942816,0.009476246312260628,-0.0057366578839719296,-0.0019185751443728805,5.880862
0.7786458333333292,-0.003956973552703857,0.009454570710659027,-0.005724135786294937,-0.001914176857098937,5.880862
0.7791666666666625,-0.003946878015995026,0.009433629922568798,-0.005711678881198168,-0.0019100188510492444,5.880862
0.7796874999999958,-0.003937102388590574,0.009412762708961964,-0.005699080415070057,-0.001906083314679563,5.880862
0.7802083333333291,-0.0039276378229260445,0.00939224474132061,-0.005686312448233366,-0.0019017918966710567,5.880862
0.7807291666666624,-0.003918475937098265,0.009372474625706673,-0.005674275103956461,-0.0018978071166202426,5.880862
0.7812499999999957,-0.003909601364284754,0.00935289729386568,-0.005661687348037958,-0.0018942898605018854,5.880862
0.781770833333329,-0.003901011310517788,0.009333666414022446,-0.005649551283568144,-0.0018904138123616576,5.880862
0.7822916666666623,-0.003892694367095828,0.009314981289207935,-0.005637664347887039,-0.0018864020239561796,5.880862
0.7828124999999956,-0.0038846400566399097,0.00929655134677887,-0.005625828169286251,-0.0018822996644303203,5.880862
0.7833333333333289,-0.003876832779496908,0.009278664365410805,-0.005614279769361019,-0.0018787647131830454,5.880862
0.7838541666666622,-0.0038692732341587543,0.009261231869459152,-0.005603575147688389,-0.0018756147474050522,5.880862
0.7843749999999955,-0.0038619483821094036,0.009244067594408989,-0.005591780878603458,-0.0018720895750448108,5.880862
0.7848958333333288,-0.0038548477459698915,0.009227271191775799,-0.005580959375947714,-0.0018680436769500375,5.880862
0.7854166666666621,-0.0038479685317724943,0.009210932068526745,-0.005570159759372473,-0.00186472712084651,5.880862
0.7859374999999954,-0.0038412895519286394,0.009194890037178993,-0.005559626035392284,-0.0018620138289406896,5.880862
0.7864583333333287,-0.003834817325696349,0.009179240092635155,-0.005549122113734484,-0.0018596185836941004,5.880862
0.786979166666662,-0.003828534623607993,0.009163804352283478,-0.0055388533510267735,-0.0018569420790299773,5.880862
0.7874999999999953,-0.003822439117357135,0.009148859418928623,-0.005528951063752174,-0.0018540441524237394,5.880862
0.7880208333333286,-0.00381651078350842,0.009134304709732533,-0.005519160535186529,-0.0018510930240154266,5.880862
0.7885416666666619,-0.0038107584696263075,0.009120197966694832,-0.0055099474266171455,-0.0018477204721421003,5.880862
0.7890624999999952,-0.0038051558658480644,0.009106280282139778,-0.00550067238509655,-0.0018450249917805195,5.880862
0.7895833333333285,-0.0037997085601091385,0.009092745371162891,-0.005491608753800392,-0.0018425463931635022,5.880862
0.7901041666666618,-0.003794408868998289,0.009079450741410255,-0.005482172593474388,-0.0018397177336737514,5.880862
0.7906249999999951,-0.003789241425693035,0.009066378697752953,-0.005473234690725803,-0.001837130868807435,5.880862
0.7911458333333284,-0.003784212749451399,0.009053818881511688,-0.005464324727654457,-0.001835277071222663,5.880862
0.7916666666666617,-0.0037793084047734737,0.009041432291269302,-0.005455798469483852,-0.0018320141825824976,5.880862
0.792187499999995,-0.0037745207082480192,0.00902937538921833,-0.005447583273053169,-0.0018297325586900115,5.880862
0.7927083333333284,-0.00376983848400414,0.009017552249133587,-0.005439445376396179,-0.001827578293159604,5.880862
0.7932291666666617,-0.0037652680184692144,0.009006086736917496,-0.005431412253528833,-0.0018252868903800845,5.880862
0.793749999999995,-0.0037607888225466013,0.00899480190128088,-0.005423311609774828,-0.0018228115513920784,5.880862
0.7942708333333283,-0.0037564116064459085,0.008983668871223927,-0.005415565334260464,-0.001820227364078164,5.880862
0.7947916666666616,-0.0037521144840866327,0.008972794748842716,-0.00540776364505291,-0.0018177074380218983,5.880862
0.7953124999999949,-0.00374790420755744,0.008962159976363182,-0.005400393158197403,-0.0018155458383262157,5.880862
0.7958333333333282,-0.0037437728606164455,0.008951581083238125,-0.005392501596361399,-0.001813339302316308,5.880862
0.7963541666666615,-0.0037397255655378103,0.008941425010561943,-0.005385091528296471,-0.001810763031244278,5.880862
0.7968749999999948,-0.003735740203410387,0.008931271731853485,-0.0053773545660078526,-0.0018088319338858128,5.880862
0.7973958333333281,-0.0037318195682018995,0.008921543136239052,-0.005370260216295719,-0.001806730404496193,5.880862
0.7979166666666614,-0.0037279571406543255,0.008911911398172379,-0.005363113712519407,-0.0018053679959848523,5.880862
0.7984374999999947,-0.003724140813574195,0.008902390487492085,-0.005355882458388805,-0.0018035420216619968,5.880862
0.798958333333328,-0.003720373148098588,0.008893056772649288,-0.005348686594516039,-0.0018020522547885776,5.880862
0.7994791666666613,-0.0037166622933000326,0.008883842267096043,-0.005341724492609501,-0.0017997447866946459,5.880862
0.7999999999999946,-0.0037129996344447136,0.008874650113284588,-0.005334852263331413,-0.0017974131042137742,5.880862
0.8005208333333279,-0.003709380282089114,0.008865772746503353,-0.005327945109456778,-0.0017958189127966762,5.880862
0.8010416666666612,-0.003705799812451005,0.00885705929249525,-0.005321062169969082,-0.001793254166841507,5.880862
0.8015624999999945,-0.0037022531032562256,0.00884824525564909,-0.005314124282449484,-0.0017915483331307769,5.880862
0.8020833333333278,-0.0036987271159887314,0.00883973203599453,-0.005307473242282867,-0.001790142385289073,5.880862
0.8026041666666611,-0.003695232328027487,0.008831164799630642,-0.005300471093505621,-0.0017881236271932721,5.880862
0.8031249999999944,-0.0036917817778885365,0.008822916075587273,-0.0052942438051104546,-0.0017859458457678556,5.880862
0.8036458333333277,-0.003688335884362459,0.008814665488898754,-0.005287826526910067,-0.0017844707472249866,5.880862
0.804166666666661,-0.0036849211901426315,0.008806666359305382,-0.005281437654048204,-0.0017825164832174778,5.880862
0.8046874999999943,-0.0036815113853663206,0.008798769675195217,-0.00527507159858942,-0.001780913444235921,5.880862
0.8052083333333276,-0.0036781225353479385,0.00879088044166565,-0.005268916953355074,-0.0017791170394048095,5.880862
0.805729166666661,-0.003674748819321394,0.008782917633652687,-0.0052626789547502995,-0.0017776837339624763,5.880862
0.8062499999999942,-0.0036714007146656513,0.008775316178798676,-0.005256659351289272,-0.0017761972267180681,5.880862
0.8067708333333276,-0.003668038407340646,0.008767710067331791,-0.005250645335763693,-0.0017743558855727315,5.880862
0.8072916666666609,-0.0036646912340074778,0.008760198019444942,-0.00524462666362524,-0.0017728242091834545,5.880862
0.8078124999999942,-0.0036613664124161005,0.008752631954848766,-0.005237932316958904,-0.0017710454994812608,5.880862
0.8083333333333275,-0.003658042522147298,0.008745301514863968,-0.005232086405158043,-0.0017692039255052805,5.880862
0.8088541666666608,-0.0036547156050801277,0.00873789843171835,-0.00522552290931344,-0.0017677088035270572,5.880862
0.8093749999999941,-0.003651396371424198,0.008730724453926086,-0.005219275131821632,-0.001766367582604289,5.880862
0.8098958333333274,-0.0036480932030826807,0.008723420090973377,-0.005212741903960705,-0.001764664426445961,5.880862
0.8104166666666607,-0.0036447702441364527,0.008716263808310032,-0.005206556525081396,-0.001762619474902749,5.880862
0.810937499999994,-0.0036414468195289373,0.00870910007506609,-0.005200129467993975,-0.001760757644660771,5.880862
0.8114583333333273,-0.003638132009655237,0.0087020518258214,-0.005193781107664108,-0.0017591456416994333,5.880862
0.8119791666666606,-0.0036347894929349422,0.008694940246641636,-0.005187352187931538,-0.0017574499361217022,5.880862
0.8124999999999939,-0.0036314527969807386,0.008687764406204224,-0.005180492997169495,-0.0017560571432113647,5.880862
0.8130208333333272,-0.0036281149368733168,0.008680704981088638,-0.005174172110855579,-0.0017547226743772626,5.880862
0.8135416666666605,-0.00362475891597569,0.008673840202391148,-0.00516793318092823,-0.0017535367514938116,5.880862
0.8140624999999938,-0.0036213889252394438,0.008666891604661942,-0.005161081440746784,-0.0017516801599413157,5.880862
0.8145833333333271,-0.0036180163733661175,0.008659944869577885,-0.005154444370418787,-0.001749976072460413,5.880862
0.8151041666666604,-0.0036146396305412054,0.00865324679762125,-0.005147957243025303,-0.001748876296915114,5.880862
0.8156249999999937,-0.0036112298257648945,0.008646327070891857,-0.005141177214682102,-0.0017475485801696777,5.880862
0.816145833333327,-0.00360781978815794,0.008639353327453136,-0.005134566221386194,-0.0017463932745158672,5.880862
0.8166666666666603,-0.003604395780712366,0.008632366545498371,-0.0051276409067213535,-0.0017461944371461868,5.880862
0.8171874999999936,-0.003600963857024908,0.008625526912510395,-0.0051208240911364555,-0.0017442201497033238,5.880862
0.8177083333333269,-0.003597509814426303,0.008618796244263649,-0.005113907624036074,-0.001742869266308844,5.880862
0.8182291666666602,-0.0035940452944487333,0.008611971512436867,-0.0051071979105472565,-0.001741669257171452,5.880862
0.8187499999999935,-0.003590572392567992,0.00860538613051176,-0.005100682843476534,-0.0017413186142221093,5.880862
0.8192708333333268,-0.0035870594438165426,0.008598577231168747,-0.005093638319522142,-0.0017407084815204144,5.880862
0.8197916666666601,-0.003583531826734543,0.008591936901211739,-0.005086963064968586,-0.001738961786031723,5.880862
0.8203124999999934,-0.0035799904726445675,0.008585182949900627,-0.005080537870526314,-0.0017381974030286074,5.880862
0.8208333333333268,-0.003576430957764387,0.008578415960073471,-0.005073601379990578,-0.0017382059013471007,5.880862
0.8213541666666601,-0.003572855144739151,0.008571664802730083,-0.005066494457423687,-0.001737317070364952,5.880862
0.8218749999999934,-0.0035692478995770216,0.008565057069063187,-0.005059576593339443,-0.0017355413874611259,5.880862
0.8223958333333267,-0.0035656304098665714,0.008558527566492558,-0.005052214488387108,-0.0017345416126772761,5.880862
0.82291666666666,-0.0035619870759546757,0.008551972918212414,-0.005045544356107712,-0.001733950455673039,5.880862
0.8234374999999933,-0.003558321390300989,0.008545305579900742,-0.0050382246263325214,-0.0017328227404505014,5.880862
0.8239583333333266,-0.0035546317230910063,0.008538716472685337,-0.005030921660363674,-0.0017313980497419834,5.880862
0.8244791666666599,-0.003550924127921462,0.00853200163692236,-0.005023439414799213,-0.0017303306376561522,5.880862
0.8249999999999932,-0.0035472032614052296,0.008525365963578224,-0.005015860311686993,-0.0017293773125857115,5.880862
0.8255208333333265,-0.003543452825397253,0.008518709801137447,-0.0050084530375897884,-0.0017281052423641086,5.880862
0.8260416666666598,-0.003539662342518568,0.008511980064213276,-0.0050011551938951015,-0.001726628397591412,5.880862
0.8265624999999931,-0.0035358492750674486,0.008505290374159813,-0.004993508104234934,-0.001725139212794602,5.880862
0.8270833333333264,-0.0035320259630680084,0.00849867146462202,-0.004985845182090998,-0.0017244525952264667,5.880862
0.8276041666666597,-0.00352818937972188,0.008492222987115383,-0.004978745244443417,-0.0017235894920304418,5.880862
0.828124999999993,-0.0035243043676018715,0.00848548486828804,-0.00497083505615592,-0.001722747110761702,5.880862
0.8286458333333263,-0.0035203879233449697,0.008478802628815174,-0.004963146988302469,-0.0017208321951329708,5.880862
0.8291666666666596,-0.003516474738717079,0.008472221903502941,-0.004955395124852657,-0.0017197736306115985,5.880862
0.8296874999999929,-0.003512527095153928,0.008465593680739403,-0.004947664216160774,-0.0017194346291944385,5.880862
0.8302083333333262,-0.003508554073050618,0.00845903716981411,-0.004940030165016651,-0.0017183127347379923,5.880862
0.8307291666666595,-0.003504559863358736,0.008452466689050198,-0.004932542331516743,-0.0017175617394968867,5.880862
0.8312499999999928,-0.0035005267709493637,0.008445732295513153,-0.004924819804728031,-0.0017159540439024568,5.880862
0.8317708333333261,-0.0034964776132255793,0.008439111523330212,-0.004916665144264698,-0.0017149950144812465,5.880862
0.8322916666666594,-0.003492414252832532,0.008432496339082718,-0.004908760543912649,-0.0017137445975095034,5.880862
0.8328124999999927,-0.0034883234184235334,0.008425965905189514,-0.0049012028612196445,-0.0017133259680122137,5.880862
0.833333333333326,-0.003484183456748724,0.008419320918619633,-0.004893181379884481,-0.0017124711303040385,5.880862
0.8338541666666593,-0.0034800295252352953,0.008412718772888184,-0.004885823931545019,-0.0017110883491113782,5.880862
0.8343749999999927,-0.0034758606925606728,0.008406175300478935,-0.004878282081335783,-0.0017096446827054024,5.880862
0.834895833333326,-0.003471666481345892,0.008399596437811852,-0.004870307631790638,-0.0017082605045288801,5.880862
0.8354166666666593,-0.003467459697276354,0.008393012918531895,-0.004862621892243624,-0.0017069113673642278,5.880862
0.8359374999999926,-0.003463211702182889,0.008386454544961452,-0.004854678176343441,-0.001705726608633995,5.880862
0.8364583333333259,-0.0034589278511703014,0.00837977696210146,-0.004846823401749134,-0.0017050642054527998,5.880862
0.8369791666666592,-0.0034546367824077606,0.00837321113795042,-0.004839345347136259,-0.0017044480191543698,5.880862
0.8374999999999925,-0.003450307296589017,0.008366625756025314,-0.004831604193896055,-0.0017029177397489548,5.880862
0.8380208333333258,-0.0034459696616977453,0.00835997425019741,-0.004823659546673298,-0.001701566856354475,5.880862
0.8385416666666591,-0.003441599663347006,0.008353345096111298,-0.004815526306629181,-0.0017000525258481503,5.880862
0.8390624999999924,-0.0034372233785688877,0.00834670476615429,-0.004807326011359692,-0.001699108281172812,5.880862
0.8395833333333257,-0.0034328193869441748,0.008340093307197094,-0.004799362737685442,-0.0016977653140202165,5.880862
0.840104166666659,-0.0034283765126019716,0.008333517238497734,-0.0047912392765283585,-0.0016965579707175493,5.880862
0.8406249999999923,-0.0034238984808325768,0.008326822891831398,-0.004782996606081724,-0.0016958641353994608,5.880862
0.8411458333333256,-0.0034194213803857565,0.0083201564848423,-0.004774409346282482,-0.001695161685347557,5.880862
0.8416666666666589,-0.0034148830454796553,0.0083134351298213,-0.004766376223415136,-0.0016942555084824562,5.880862
0.8421874999999922,-0.0034103551879525185,0.008306742645800114,-0.004758085124194622,-0.0016928947297856212,5.880862
0.8427083333333255,-0.003405798925086856,0.00830001663416624,-0.0047501130029559135,-0.001691390760242939,5.880862
0.8432291666666588,-0.0034012270625680685,0.008293285965919495,-0.004742294084280729,-0.0016899341717362404,5.880862
0.8437499999999921,-0.0033966070041060448,0.008286680094897747,-0.004734594840556383,-0.0016883673379197717,5.880862
0.8442708333333254,-0.003391979495063424,0.008279921486973763,-0.004726288374513388,-0.001687302952632308,5.880862
0.8447916666666587,-0.0033873168285936117,0.008273206651210785,-0.004718190059065819,-0.0016861585900187492,5.880862
0.845312499999992,-0.003382638329640031,0.008266502059996128,-0.00471015740185976,-0.0016847647493705153,5.880862
0.8458333333333253,-0.0033779609948396683,0.008259929716587067,-0.004702552687376738,-0.0016830540262162685,5.880862
0.8463541666666586,-0.00337323104031384,0.008253156207501888,-0.004694036208093166,-0.001681556343100965,5.880862
0.8468749999999919,-0.0033684594091027975,0.008246304467320442,-0.004685867577791214,-0.0016811389941722155,5.880862
0.8473958333333252,-0.003363681025803089,0.008239508606493473,-0.004677880089730024,-0.0016803824109956622,5.880862
0.8479166666666585,-0.0033588637597858906,0.008232816122472286,-0.0046693105250597,-0.0016792170936241746,5.880862
0.8484374999999919,-0.003354032291099429,0.008226011879742146,-0.00466156005859375,-0.0016786186024546623,5.880862
0.8489583333333252,-0.0033491651993244886,0.008219107985496521,-0.004653325770050287,-0.0016774156829342246,5.880862
0.8494791666666585,-0.0033442790154367685,0.008212259970605373,-0.004644887056201696,-0.0016768663190305233,5.880862
0.8499999999999918,-0.0033393679186701775,0.008205327205359936,-0.004636040423065424,-0.001676614978350699,5.880862
0.8505208333333251,-0.0033344323746860027,0.008198526687920094,-0.004627206828445196,-0.001676375512033701,5.880862
0.8510416666666584,-0.00332946446724236,0.008191597647964954,-0.004619056824594736,-0.0016755122924223542,5.880862
0.8515624999999917,-0.0032755506690591574,0.008169463835656643,-0.004621763713657856,-0.004003160633146763,5.880862
0.852083333333325,-0.0028756558895111084,0.008843176066875458,-0.003966835327446461,-0.013453884050250053,5.880862
0.8526041666666583,-0.002453411230817437,0.009770114906132221,-0.002271335804834962,-0.019450146704912186,5.880862
0.8531249999999916,-0.0020202959422022104,0.010743076913058758,-1.6617103028693236e-05,-0.023355679586529732,5.880862
0.8536458333333249,-0.0015834895893931389,0.011613749898970127,0.0025545433163642883,-0.025955935940146446,5.880862
0.8541666666666582,-0.0011456272331997752,0.012353215366601944,0.005231769755482674,-0.02772494964301586,5.880862
0.8546874999999915,-0.0007089670398272574,0.012989667244255543,0.007874974980950356,-0.028953077271580696,5.880862
0.8552083333333248,-0.0002751387655735016,0.013538196682929993,0.010412893258035183,-0.02982211485505104,5.880862
0.8557291666666581,0.00015432063082698733,0.014000998809933662,0.012798775918781757,-0.030446747317910194,5.880862
0.8562499999999914,0.0005779593484476209,0.014397874474525452,0.015012003481388092,-0.030903201550245285,5.880862
0.8567708333333247,0.0009936458664014935,0.014730269089341164,0.01704396866261959,-0.031238535419106483,5.880862
0.857291666666658,0.0014005617704242468,0.015006436966359615,0.018903374671936035,-0.031484898179769516,5.880862
0.8578124999999913,0.0017981366254389286,0.015243606641888618,0.020603273063898087,-0.031660668551921844,5.880862
0.8583333333333246,0.0021857868414372206,0.015452471561729908,0.022158700972795486,-0.03178086131811142,5.880862
0.8588541666666579,0.0025626029819250107,0.01563815400004387,0.023577764630317688,-0.03185656666755676,5.880862
0.8593749999999912,0.002927925903350115,0.015805302187800407,0.024869296699762344,-0.031897448003292084,5.880862
0.8598958333333245,0.003281339770182967,0.015957895666360855,0.02604389749467373,-0.03190847486257553,5.880862
0.8604166666666578,0.003623917931690812,0.016097094863653183,0.02710939198732376,-0.0318799689412117,5.880862
0.8609374999999911,0.003954685293138027,0.016231218352913857,0.028087330982089043,-0.0318237841129303,5.880862
0.8614583333333244,0.0042746844701468945,0.0163516104221344,0.029120130464434624,-0.031781867146492004,5.880862
0.8619791666666577,0.004582779016345739,0.016457449644804,0.030130136758089066,-0.03173395246267319,5.880862
0.862499999999991,0.004878022242337465,0.016551008448004723,0.03106847032904625,-0.03167176991701126,5.880862
0.8630208333333244,0.005160319618880749,0.016634425148367882,0.03194253519177437,-0.03159764036536217,5.880862
0.8635416666666577,0.005429586861282587,0.016708457842469215,0.03275323659181595,-0.03151145577430725,5.880862
0.864062499999991,0.0056858425959944725,0.016773343086242676,0.033504828810691833,-0.031415313482284546,5.880862
0.8645833333333243,0.005929107777774334,0.016829317435622215,0.03420303389430046,-0.03130953386425972,5.880862
0.8651041666666576,0.006159412674605846,0.01687643490731716,0.03485151380300522,-0.03119588829576969,5.880862
0.8656249999999909,0.006376761477440596,0.01691456139087677,0.03545109182596207,-0.03107331693172455,5.880862
0.8661458333333242,0.006581238470971584,0.01694396696984768,0.03600460663437843,-0.030942685902118683,5.880862
0.8666666666666575,0.006772906985133886,0.016964389011263847,0.03651588410139084,-0.03080417402088642,5.880862
0.8671874999999908,0.00695184338837862,0.016975829377770424,0.036987584084272385,-0.030658042058348656,5.880862
0.8677083333333241,0.00711812125518918,0.01697840727865696,0.037420809268951416,-0.030504127964377403,5.880862
0.8682291666666574,0.007271831855177879,0.01697179675102234,0.037819791585206985,-0.03034301847219467,5.880862
0.8687499999999907,0.007413031999021769,0.0169562678784132,0.038183487951755524,-0.03017391823232174,5.880862
0.869270833333324,0.007525934372097254,0.016926178708672523,0.03850959613919258,-0.030000165104866028,5.880862
0.8697916666666573,0.007592434529215097,0.016870055347681046,0.03879419341683388,-0.02981724962592125,5.880862
0.8703124999999906,0.007621900178492069,0.016786452382802963,0.03904701769351959,-0.029612354934215546,5.880862
0.8708333333333239,0.0076297735795378685,0.016682185232639313,0.039280325174331665,-0.02937888354063034,5.880862
0.8713541666666572,0.007624639198184013,0.01656333915889263,0.0395083874464035,-0.029117675498127937,5.880862
0.8718749999999905,0.007613467518240213,0.016427796334028244,0.0397220253944397,-0.028832217678427696,5.880862
0.8723958333333238,0.007596276700496674,0.016275795176625252,0.03991616144776344,-0.02852720394730568,5.880862
0.8729166666666571,0.007572720758616924,0.016110621392726898,0.04008952155709267,-0.02820638008415699,5.880862
0.8734374999999904,0.007542588748037815,0.015934133902192116,0.040242526680231094,-0.027871768921613693,5.880862
0.8739583333333237,0.007505741436034441,0.015747269615530968,0.04037517309188843,-0.027524234727025032,5.880862
0.874479166666657,0.007462098728865385,0.015551251359283924,0.04048661142587662,-0.027165891602635384,5.880862
0.8749999999999903,0.007411638740450144,0.01534616481512785,0.04057939723134041,-0.02679799683392048,5.880862
0.8755208333333236,0.007354342844337225,0.01513267494738102,0.040652912110090256,-0.026420727372169495,5.880862
0.876041666666657,0.007290249690413475,0.014911293052136898,0.04070776700973511,-0.026034140959382057,5.880862
0.8765624999999903,0.007219472900032997,0.014681901782751083,0.04074546694755554,-0.02563973143696785,5.880862
0.8770833333333236,0.007142089772969484,0.014445002190768719,0.0407661572098732,-0.025236522778868675,5.880862
0.8776041666666569,0.007058218587189913,0.014200887642800808,0.04076923057436943,-0.024826034903526306,5.880862
0.8781249999999902,0.006967965047806501,0.013949879445135593,0.04075484722852707,-0.024407176300883293,5.880862
0.8786458333333235,0.006871468853205442,0.013691635802388191,0.04072585701942444,-0.023980364203453064,5.880862
0.8791666666666568,0.006768844090402126,0.013426359742879868,0.040680430829524994,-0.02354559302330017,5.880862
0.8796874999999901,0.006660226732492447,0.013154582120478153,0.040619857609272,-0.02310315892100334,5.880862
0.8802083333333234,0.006545721553266048,0.012875689193606377,0.04054450988769531,-0.022653013467788696,5.880862
0.8807291666666567,0.006425457540899515,0.012591235339641571,0.04045485705137253,-0.022195858880877495,5.880862
0.88124999999999,0.006299528758972883,0.012299669906497002,0.04035036265850067,-0.02173018455505371,5.880862
0.8817708333333233,0.006168093532323837,0.012002261355519295,0.0402308851480484,-0.021257570013403893,5.880862
0.8822916666666566,0.0060312626883387566,0.011698350310325623,0.040096964687108994,-0.020777525380253792,5.880862
0.8828124999999899,0.005889168940484524,0.011387971229851246,0.03994961082935333,-0.020289409905672073,5.880862
0.8833333333333232,0.005741954781115055,0.011071526445448399,0.03978785127401352,-0.01979414001107216,5.880862
0.8838541666666565,0.005589745938777924,0.01074963714927435,0.03961215913295746,-0.019292252138257027,5.880862
0.8843749999999898,0.005432671867311001,0.01042259018868208,0.0394236259162426,-0.018784426152706146,5.880862
0.8848958333333231,0.005270828492939472,0.010089044459164143,0.03922053799033165,-0.01826709695160389,5.880862
0.8854166666666564,0.005104397889226675,0.009752125479280949,0.03900521248579025,-0.017745111137628555,5.880862
0.8859374999999897,0.00493346992880106,0.009407641366124153,0.03877515718340874,-0.01721491478383541,5.880862
0.886458333333323,0.004758222494274378,0.009056871756911278,0.038531117141246796,-0.016677794978022575,5.880862
0.8869791666666563,0.004578803665935993,0.008698781952261925,0.03827444836497307,-0.01613408885896206,5.880862
0.8874999999999896,0.004395331256091595,0.008334286510944366,0.0380045510828495,-0.015583782456815243,5.880862
0.8880208333333229,0.0042079538106918335,0.007962880656123161,0.03772186487913132,-0.015028034336864948,5.880862
0.8885416666666562,0.0040167574770748615,0.0075829424895346165,0.037425458431243896,-0.014463190920650959,5.880862
0.8890624999999895,0.0038219087291508913,0.0071964203380048275,0.03711703419685364,-0.013893661089241505,5.880862
0.8895833333333228,0.0036234974395483732,0.0068030278198421,0.03679540008306503,-0.013317376375198364,5.880862
0.8901041666666561,0.0034234318882226944,0.006406878121197224,0.03643100708723068,-0.012742361053824425,5.880862
0.8906249999999895,0.0032252997625619173,0.006037216633558273,0.0359838604927063,-0.0121778454631567,5.880862
0.8911458333333228,0.0030308777932077646,0.005701460875570774,0.03544851392507553,-0.011625494807958603,5.880862
0.8916666666666561,0.0028421073220670223,0.005405576433986425,0.03482792153954506,-0.011086166836321354,5.880862
0.8921874999999894,0.002663132268935442,0.005143223330378532,0.03410304710268974,-0.010566960088908672,5.880862
0.8927083333333227,0.002494927030056715,0.004894947167485952,0.033277399837970734,-0.010076350532472134,5.880862
0.893229166666656,0.002336400095373392,0.004659811966121197,0.03237653896212578,-0.009610473178327084,5.880862
0.8937499999999893,0.0021884727757424116,0.00442543113604188,0.031444672495126724,-0.009160255081951618,5.880862
0.8942708333333226,0.0020512891933321953,0.004199165850877762,0.0305172186344862,-0.008724616840481758,5.880862
0.8947916666666559,0.0019236321095377207,0.003984788432717323,0.029597876593470573,-0.008304798975586891,5.880862
0.8953124999999892,0.0018053044332191348,0.003774079727008939,0.02870098315179348,-0.007901565171778202,5.880862
0.8958333333333225,0.0016969589050859213,0.003607511753216386,0.027829891070723534,-0.007519724778831005,5.880862
0.8963541666666558,0.00159925885964185,0.0034673509653657675,0.026985567063093185,-0.0071615735068917274,5.880862
0.8968749999999891,0.0015120552852749825,0.003367198398336768,0.02616933174431324,-0.006829838268458843,5.880862
0.8973958333333224,0.0014358701882883906,0.003284930717200041,0.02539588324725628,-0.0065231602638959885,5.880862
0.8979166666666557,0.0013697546673938632,0.003210691502317786,0.024673867970705032,-0.00623856857419014,5.880862
0.898437499999989,0.001312325824983418,0.0031437205616384745,0.024000810459256172,-0.005976196378469467,5.880862
0.8989583333333223,0.001263323938474059,0.0030882954597473145,0.02336476370692253,-0.005747200455516577,5.880862
0.8994791666666556,0.0012229341082274914,0.0030411516781896353,0.02276967279613018,-0.0055534676648676395,5.880862
0.8999999999999889,0.0011902254773303866,0.0030005674343556166,0.02222551219165325,-0.005386532284319401,5.880862
0.9005208333333222,0.0011640514712780714,0.0029652700759470463,0.021732574328780174,-0.005239574704319239,5.880862
